week,a1c,a2c,mentions,events,avg_sentenceid,avg_a1co,avg_a2co,avg_actco,avg_raw_text,avg_root_event,avg_len,avg_goldstein,avg_tone,avg_confidence,avg_lat1,avg_lon1,avg_lat2,avg_lon2,avg_lata,avg_lona,total_num_mentions,total_num_sources,total_num_articles,pair,Relative_mentions
2016-01-11,CAN,GOV,2779,853,6.485426412378553,1661.9068010075566,1682.0906801007557,1696.377473911479,0.39222741993522847,0.7225620726880173,3844.728679381072,1.0821878373515657,-1.0914764394648844,41.03994242533285,47.413088658357715,-76.72860787463354,47.10783109970669,-75.80211997324058,46.977492192082046,-74.92366164039599,234975.0,49415.0,224875.0,CAN -> GOV,0.0018134135176633263
2016-01-18,CAN,GOV,3310,891,8.222356495468278,1828.4054380664652,1843.2012084592145,1852.6867069486404,0.4148036253776435,0.592749244712991,3528.4939577039277,0.36945619335347446,-1.7187620972181128,43.631419939577036,45.55229005201956,-66.71413567013475,45.3997161719706,-68.73391957894748,44.49414533965726,-64.07721461352519,231274.0,49114.0,230857.0,CAN -> GOV,0.002204412287700445
2016-01-25,CAN,GOV,2644,756,6.467473524962179,1661.6512859304084,1695.8695158850228,1701.2204992435704,0.44969742813918306,0.7863086232980333,3757.625189107413,1.3461800302571862,-1.5854821293948294,50.27609682299546,47.040582520976294,-78.77857978794826,44.821860083905364,-71.32329776887885,46.26875807398927,-76.83731852936705,368543.0,53312.0,367362.0,CAN -> GOV,0.0018479198321496115
2016-02-01,CAN,GOV,3284,870,5.66047503045067,1340.6516443361754,1365.9479293544457,1383.099269183922,0.4299634591961023,0.8401339829476249,3410.8855054811206,2.0444275274056007,-0.7981047438023042,47.17113276492083,45.78109814528591,-76.06407702225664,45.64392068006179,-73.83393693137566,45.616580061823775,-75.81953403802171,476293.0,79370.0,470929.0,CAN -> GOV,0.0022388476888192603
2016-02-08,CAN,GOV,2980,879,5.59261744966443,1424.1392617449665,1458.7879194630873,1478.2030201342282,0.45234899328859063,0.8322147651006712,3413.578523489933,1.8808053691275146,-0.7986268859952774,46.32214765100671,46.68324849101388,-76.56589369616837,46.28075364530348,-73.96792110342503,46.41998360461171,-73.34208565310288,343608.0,57653.0,342183.0,CAN -> GOV,0.0018611727511818135
2016-02-15,CAN,GOV,2620,754,7.3320610687022905,1754.6354961832062,1792.0064885496183,1788.7503816793894,0.37748091603053435,0.7114503816793893,3634.42213740458,1.5448854961832048,-2.01270260068489,47.6412213740458,47.77342084300075,-79.25828564075802,46.85818717324051,-75.8147080464038,47.27596810904871,-78.16481497989183,328116.0,53718.0,316315.0,CAN -> GOV,0.0015898868631653556
2016-02-22,CAN,GOV,2592,772,9.033564814814815,2367.778549382716,2168.479552469136,2387.978009259259,0.36921296296296297,0.7133487654320988,4411.802083333333,1.259953703703703,-1.3614760515161701,43.939043209876544,45.87034409359024,-80.61870672591436,45.419612784113234,-77.56603360361784,45.52706864726699,-78.85775468147865,197351.0,44474.0,196611.0,CAN -> GOV,0.0016299170264075485
2016-02-29,CAN,GOV,3102,768,6.259832366215345,1640.5934880722116,1686.6441005802708,1677.065441650548,0.39974210186976145,0.7379110251450677,4007.8968407479047,1.337427466150869,-0.81524302089922,47.672469374597036,47.941810809928114,-82.88584473514055,47.47379497060739,-83.84365761169187,47.43239892227297,-83.7116393798173,465803.0,75976.0,458419.0,CAN -> GOV,0.00201694441374019
2016-03-07,CAN,GOV,3018,811,6.947647448641485,1751.5755467196818,1786.4519549370443,1785.4493041749504,0.4665341285619616,0.7256461232604374,3928.546388336647,1.5947647448641475,-0.9418447616704675,44.748177601060306,48.442169422102005,-76.40814025245024,47.05411920243319,-71.633381894897,47.9059506319702,-73.20251360831371,309365.0,60226.0,307371.0,CAN -> GOV,0.001959272070050793
2016-03-14,CAN,GOV,2479,798,10.300524405002017,2714.05486083098,2667.0052440500203,2744.709156918112,0.38886647841871724,0.6482452601855587,5709.471964501815,1.8225494150867279,-0.7411494344282215,47.047196450181524,48.44704917149958,-79.3942614208783,48.126919428334716,-79.17837173570845,48.24601764705882,-78.8168147887325,261874.0,44157.0,259606.0,CAN -> GOV,0.0017283788796144718
2016-03-21,CAN,GOV,2162,779,9.233580018501387,2639.108695652174,2673.1345975948198,2681.398704902868,0.3108233117483811,0.6729879740980573,5588.510638297872,0.7313135985198889,-1.2926201454429882,43.87604070305273,47.52481672146541,-84.51462030389862,47.21848003757627,-83.09918159887279,47.10121204321271,-82.39905627242844,173269.0,36936.0,172319.0,CAN -> GOV,0.0015175902183518913
2016-03-28,CAN,GOV,2837,791,7.355304899541769,1968.2731758900247,2018.3207613676418,2012.460345435319,0.41099753260486427,0.7624250969333803,4380.616496298907,1.6156855833627066,-0.6972764893155957,45.41769474797321,46.37982214336919,-72.52873904301087,45.860229093189986,-70.35436184480301,46.104514788530466,-72.93215773763454,234021.0,51055.0,233829.0,CAN -> GOV,0.001970906721299062
2016-04-04,CAN,GOV,2442,835,8.411957411957411,2287.6990171990174,2148.583538083538,2315.4471744471743,0.3918918918918919,0.6834561834561834,4667.2330057330055,1.8506552006552,-0.5160133836128051,45.4995904995905,47.633426579722325,-77.85264346781663,45.71322834665543,-72.30255216196892,46.11978964240639,-74.77576412410606,144266.0,28396.0,143854.0,CAN -> GOV,0.00163151646181403
2016-04-11,CAN,GOV,3122,847,7.949391415759129,2150.8821268417682,2173.165598975016,2193.697950032031,0.4317745035233824,0.7411915438821268,4442.433696348495,1.1666559897501587,-2.218166633488188,44.78539397821909,47.424022351395685,-79.49080840689666,46.851770676518846,-72.24323174482771,47.507580794745444,-76.0788461625617,1043378.0,151012.0,1043160.0,CAN -> GOV,0.002203849748555003
2016-04-18,CAN,GOV,2031,693,6.606105366814377,1867.7828655834564,1918.9463318562284,1894.0423436730675,0.3766617429837518,0.7690792712949286,4524.6715903495815,2.3449039881831597,-1.4003999361134192,41.98916789758739,48.79316416187592,-79.59380773625827,48.06931038981339,-77.07803904589015,47.76825859959655,-74.25919630408478,139313.0,28350.0,138046.0,CAN -> GOV,0.0016099944906638553
2016-04-25,CAN,GOV,3465,1045,7.70966810966811,1871.1887445887446,1898.9809523809524,1899.0225108225109,0.4101010101010101,0.787012987012987,4503.734199134199,2.0776911976911956,-1.0680644138839268,43.6046176046176,47.75178211510368,-79.61328853257395,46.16785276950039,-72.918579972831,47.04652340344723,-73.98382077154558,432760.0,76501.0,428742.0,CAN -> GOV,0.002367636156161491
2016-05-02,CAN,GOV,5091,1215,11.131997642899234,2703.1439795717934,2745.2639952857985,2749.9958750736596,0.43802789235906503,0.7063445295619721,6347.74464741701,-0.1362404242781393,-2.0818664846877755,44.869377332547636,52.11493865376946,-93.34130251954575,50.634364345831656,-84.52072740287235,51.3478228739529,-90.12099722058282,2058796.0,308503.0,2009919.0,CAN -> GOV,0.0034061873382964245
2016-05-09,CAN,GOV,3588,975,8.0103121516165,2089.5473801560756,2110.3960423634335,2112.079988851728,0.29264214046822745,0.6995540691192865,4535.320234113712,0.8624581939799311,-1.4788151529208775,41.25418060200669,49.265887875354146,-88.7789840235129,48.945541218130344,-84.76636569065178,48.993801218130336,-86.98332784787553,451953.0,105368.0,441248.0,CAN -> GOV,0.002397512680824108
2016-05-16,CAN,GOV,3017,884,6.640702684786212,1687.7703016241298,1680.8541597613523,1741.7901889294,0.4816042426251243,0.7703016241299304,3810.3583029499505,0.8000331455087835,-1.4900950567561757,53.52999668544912,48.08125943562013,-79.76783198715779,46.22128386955049,-80.3914943068604,45.56176484285228,-76.92239779891851,1513377.0,45845.0,1510910.0,CAN -> GOV,0.0023258288029652198
2016-05-23,CAN,GOV,2371,774,7.4137494727962885,1592.0961619569803,1777.5719105862506,1799.4373681990721,0.42387178405735976,0.6866301138760017,3565.2585407001266,1.8609025727541118,-0.9628430460768438,40.712779417967106,45.913027412375584,-74.90817906750327,40.69219461438476,-61.33836579246098,43.36591466868775,-70.15877647379818,208616.0,24489.0,203706.0,CAN -> GOV,0.0014448938450934855
2016-05-30,CAN,GOV,2355,759,6.24203821656051,1421.7728237791932,1447.4369426751593,1447.5770700636942,0.4021231422505308,0.7605095541401274,3159.472611464968,0.9109978768577495,-1.0142287006764028,42.90021231422505,44.98927433247197,-78.48677613264438,44.78823330447889,-70.14404511369513,44.44144922480618,-73.72710736434115,226429.0,42397.0,219022.0,CAN -> GOV,0.001943665877645614
2016-06-06,CAN,GOV,3394,785,6.649086623453153,1901.7239245727756,1956.9575721862109,1911.889805539187,0.5050088391278728,0.7707719505008839,3939.2575132586917,1.2592810842663522,-0.6678361372116328,50.465527401296406,45.58144926756352,-78.5760643258597,45.65649399103136,-73.00840808221244,45.57005165919281,-74.97688439880436,615499.0,101077.0,613414.0,CAN -> GOV,0.0024098507085415504
2016-06-13,CAN,GOV,3558,1041,6.53681843732434,1495.41006183249,1577.3988195615514,1577.7130410342888,0.34260820685778526,0.8035413153456998,3532.9724564362,1.909471613265877,-0.700385342189031,39.533445756042724,46.775453176504115,-74.2955167593386,45.766875469061866,-70.08129533532946,46.03382118790987,-72.11298498460238,294690.0,63203.0,286871.0,CAN -> GOV,0.002144898180634427
2016-06-20,CAN,GOV,2617,928,7.240351547573558,1839.4738249904472,1876.3045471914406,1884.9388612915552,0.4092472296522736,0.7913641574321743,4147.997325181505,1.638632021398547,-0.9703183641618716,45.50248376003057,49.51412982965544,-84.9209699334108,48.692220336817655,-78.96000903794038,49.152232005420046,-82.6269972233837,275871.0,75665.0,274837.0,CAN -> GOV,0.0017571470967793917
2016-06-27,CAN,GOV,2202,735,7.044959128065395,1752.6525885558583,1754.8424159854678,1789.205267938238,0.34150772025431425,0.7198001816530427,3971.022706630336,1.7315168029064474,-1.3726017592525883,37.51135331516803,47.484369586776815,-78.93842677318642,45.408735991735504,-73.00590598025714,46.482516859504095,-75.59533886868688,153052.0,40314.0,152160.0,CAN -> GOV,0.0013521330174672006
2016-07-04,CAN,GOV,2243,653,5.863575568435132,1471.5782434239857,1470.9857333927775,1495.8105216228266,0.3669193045028979,0.8390548372715114,3232.0624164065985,2.146767721801158,0.5113936739393593,40.445831475702185,47.66018808715599,-83.85604610366974,47.00999484862388,-84.77954714816514,47.16526192660554,-82.15066253027524,183076.0,47410.0,182041.0,CAN -> GOV,0.001235963166864946
2016-07-11,CAN,GOV,1384,650,5.565751445086705,1488.1401734104047,1505.1950867052024,1523.2565028901734,0.3930635838150289,0.778179190751445,3561.5802023121387,2.177528901734105,-0.10302238065098333,40.72976878612717,48.913850585185195,-78.02938212666665,47.777419548148146,-67.5003276548148,48.13021573777779,-72.31591165777779,51283.0,14418.0,50915.0,CAN -> GOV,0.0006727247539864045
2016-07-18,CAN,GOV,1988,680,6.487927565392354,1713.514587525151,1679.8309859154929,1752.942152917505,0.3732394366197183,0.7816901408450704,3666.728370221328,1.0193158953722319,-0.6604705608754012,45.940643863179076,49.3956038517366,-82.62749424313122,47.29313277864175,-74.99639085743914,47.760013597718995,-76.30957473302236,236803.0,39740.0,236531.0,CAN -> GOV,0.0010700558226807697
2016-07-25,CAN,GOV,1505,627,7.27109634551495,1970.5322259136212,2009.0093023255813,1950.9448504983388,0.33554817275747506,0.760797342192691,4094.4538205980066,1.6422591362126249,-1.2921856584535492,46.11295681063123,48.50241683501683,-82.76556359865322,47.57926802693602,-80.18297476363638,48.078682693602694,-80.91635867676769,125172.0,21991.0,124983.0,CAN -> GOV,0.000883926631152981
2016-08-01,CAN,GOV,1398,586,7.472818311874106,1953.0464949928469,1977.1795422031473,1973.9792560801145,0.42989985693848354,0.7281831187410587,4433.196709585121,0.9276824034334766,-1.4116778034106814,50.17167381974249,47.7656104989154,-75.77446969342012,47.04526933477947,-73.88273771728127,47.04913110629068,-73.01647514027476,166273.0,21785.0,160266.0,CAN -> GOV,0.0009574293228139382
2016-08-08,CAN,GOV,1609,654,7.5531385954008705,2068.0068365444376,2110.234307022996,2098.6898694841516,0.4742075823492853,0.6457426973275326,4379.307022995649,0.9417650714729651,-1.1110958192409432,48.06712243629583,47.68863798991807,-77.69074529552618,47.248453238815365,-73.97785855891621,47.206770737240056,-75.7427686798992,175113.0,24452.0,174363.0,CAN -> GOV,0.0010850909581373391
2016-08-15,CAN,GOV,2064,752,7.346899224806202,1972.2926356589148,2000.0125968992247,2006.4859496124031,0.43507751937984496,0.7354651162790697,4170.741279069767,1.9439437984496106,-0.39755990566638894,48.34786821705426,47.450679482248475,-82.85972430374756,47.36243180966468,-82.01411985453652,46.81351020216961,-77.36942625838263,192875.0,30876.0,192535.0,CAN -> GOV,0.001291807723432979
2016-08-22,CAN,GOV,3372,760,7.9905100830367735,1993.7743179122183,2036.5258007117438,2028.6230723606168,0.3134638196915777,0.603202846975089,3639.650355871886,2.523724792408069,-0.4351446330766121,37.87366548042704,48.841240099278004,-79.81157813658254,47.31998687123947,-74.30541064320106,48.27619852286404,-77.08224188568002,445880.0,103827.0,439776.0,CAN -> GOV,0.0018142131657427917
2016-08-29,CAN,GOV,1819,691,6.648158328752062,1748.422759758109,1761.5860362836725,1771.6690489279824,0.41341396371632766,0.6959868059373282,4013.627267729522,2.4514568444200098,-0.6374347370617062,43.77680043980209,48.56392891364901,-70.88368326685239,45.76475728690806,-61.03190532980501,45.59597242339832,-60.50875442785516,109276.0,20877.0,109100.0,CAN -> GOV,0.0011598479636347175
2016-09-05,CAN,GOV,2121,694,11.034417727487034,2874.89156058463,2892.4710042432816,2912.738330975955,0.3107024988213107,0.7053276756247053,5138.150400754361,2.181659594530881,-1.0781637361146832,45.01178689297501,47.332395111697025,-83.74334416922342,46.25914446931927,-77.34968218408439,46.23201984803451,-79.47486923921383,588533.0,53665.0,588492.0,CAN -> GOV,0.0013730172653198885
2016-09-12,CAN,GOV,2383,977,7.36550566512799,1752.90809903483,1772.9362148552245,1788.294167016366,0.4418799832144356,0.6735207721359631,4040.4934955937892,1.43352916491817,-0.45239957366448613,45.04825849769198,47.06027999571549,-73.37862630419879,46.267950595544114,-65.6900253363325,46.391493071979426,-66.71927300299916,127786.0,27562.0,127416.0,CAN -> GOV,0.001657364421956775
2016-09-19,CAN,GOV,3778,1020,6.252779248279513,1536.5251455796717,1583.5836421386978,1549.498411858126,0.3520381154049762,0.8152461619904712,3807.8406564319744,1.320037056643726,-0.25375228699244906,35.492323980942295,47.868937612299575,-77.46272909491992,47.20239502406427,-70.62135256123005,47.51219398663112,-71.35010810133703,402706.0,124630.0,400302.0,CAN -> GOV,0.002080727604778514
2016-09-26,CAN,GOV,4198,1241,6.216055264411625,1613.4061457837065,1638.1541210100047,1635.776322058123,0.38375416865173895,0.8187232015245355,3602.0950452596476,2.0604811815150055,0.907147724307108,35.905192949023345,48.22275412134401,-81.62565153347852,47.433209620498005,-78.98723967367668,48.200454459753495,-80.91494418805911,341450.0,72665.0,339682.0,CAN -> GOV,0.0025382552185995214
2016-10-03,CAN,GOV,3417,951,7.6526192566578874,1832.025460930641,1842.1533508925959,1860.6725197541703,0.38893766461808604,0.6821773485513608,3439.555165349722,1.7450687737781654,-1.0086476965720879,40.71115013169447,48.845720477319816,-84.8825422365848,47.262593095167425,-77.79099312481488,47.748564026089454,-81.2180919202492,352523.0,65114.0,352195.0,CAN -> GOV,0.002158432890550334
2016-10-10,CAN,GOV,2473,720,7.004448038819248,1766.5899716942984,1760.0582288718156,1786.1322280630814,0.43752527294783666,0.7860897695107157,3887.5859280226446,1.9635665183987032,-0.7956367656840562,43.797007682976144,47.53280513314212,-77.2521838816059,40.8062971609996,-60.27303097787791,42.20466389594427,-64.06968823883658,261083.0,36413.0,258438.0,CAN -> GOV,0.0016047635455865108
2016-10-17,CAN,GOV,2328,845,7.690721649484536,1939.2560137457044,1955.5863402061855,1958.6628006872852,0.33462199312714774,0.7139175257731959,4605.988402061856,0.8967353951890034,-0.661168962896016,38.891752577319586,48.19755564762318,-79.87334746925433,47.30034676406452,-72.36583953510691,47.78192936327951,-74.24294016266907,146409.0,31965.0,145777.0,CAN -> GOV,0.0014668798935377893
2016-10-24,CAN,GOV,2087,751,7.806899856252994,2012.8787733588883,2060.6152371825588,1779.422616195496,0.29468136080498325,0.5831336847149018,4238.156684235745,0.2516051748921899,-2.357720610037403,37.417345471969334,49.714531473323525,-84.69149977092522,49.19210719530102,-80.73186722418022,48.94173695545765,-76.4672911267744,153553.0,41385.0,153206.0,CAN -> GOV,0.0013463065592287798
2016-10-31,CAN,GOV,2098,876,6.624404194470925,1741.2831267874167,1780.2592945662536,1774.3598665395614,0.37178265014299333,0.7516682554814109,3886.7573879885604,1.7039561487130603,-0.09917879315072498,42.81220209723546,47.02860397512435,-76.69521406268663,45.179835119402966,-69.71605110945278,46.33233994029848,-74.10753650348265,119413.0,21241.0,118168.0,CAN -> GOV,0.0013480422866343985
2016-11-07,CAN,GOV,3181,1013,7.9651053127947185,1879.486325055014,1872.5790631876769,1916.0509273813266,0.3401446086136435,0.6551398931153726,5972.496384784659,1.9375982395473141,0.3244859441020827,37.03866708582207,45.08699170076239,-77.89879025381211,44.72763263468867,-66.11498194536225,44.54746668487928,-74.76767694027971,255058.0,66347.0,254647.0,CAN -> GOV,0.0017072594755316065
2016-11-14,CAN,GOV,2988,920,6.518741633199465,1788.770749665328,1812.2965194109772,1812.3333333333333,0.4347389558232932,0.8065595716198126,4306.35609103079,1.9206827309236936,-0.5647706276504464,44.45113788487282,46.33593143246929,-75.21072422612569,45.322717711748616,-71.78223373975425,43.79651076398362,-67.73054279195101,270107.0,48528.0,268628.0,CAN -> GOV,0.0018159585562764827
2016-11-21,CAN,GOV,2687,848,7.478228507629327,1953.008559732043,1976.1778935615928,1998.5225158168962,0.3312244138444362,0.7357647934499442,4855.787123185709,2.01254186825456,-0.5977626963565789,42.50465202828433,47.18618855268235,-80.5069546730992,45.9761778309533,-77.14739049440371,46.251732960247004,-77.63898822269395,310631.0,59987.0,307557.0,CAN -> GOV,0.00193472063915624
2016-11-28,CAN,GOV,3576,1036,6.202740492170022,1598.0162192393736,1629.4851789709173,1629.5391498881431,0.3819910514541387,0.819351230425056,4042.9656040268455,0.9414988814317669,-0.7358232583023656,45.01398210290828,47.99145577734047,-85.58826287686264,46.22486035985382,-79.73841628928882,46.74172035423109,-81.074202697498,496376.0,70882.0,468701.0,CAN -> GOV,0.0023638411625656404
2016-12-05,CAN,GOV,2832,887,6.620409604519774,1791.079802259887,1793.9992937853108,1812.8340395480227,0.4350282485875706,0.7535310734463276,3941.9300847457625,1.9539548022598852,-0.308434093850109,44.565677966101696,47.10954833393043,-80.88446610569703,46.718491497671025,-77.39578509638137,46.357813651021075,-75.5498063364387,387992.0,53829.0,369192.0,CAN -> GOV,0.001817355747387551
2016-12-12,CAN,GOV,3495,863,8.125894134477825,1966.6632331902717,2005.6051502145922,2002.8615164520743,0.3954220314735336,0.740486409155937,3835.1035765379115,0.6815450643776819,-1.7486035586752018,42.915593705293276,46.92874456458208,-73.84908609175919,45.78264944476911,-67.26531508153128,46.55028287551137,-66.07202672209237,428400.0,84035.0,423185.0,CAN -> GOV,0.0022630616536991185
2016-12-19,CAN,GOV,3098,787,6.770174306003874,1677.0138799225306,1713.312459651388,1698.7456423499032,0.36862491930277597,0.7456423499031634,3910.738218205294,2.0270497094899897,-0.5465981074766175,42.26275016139445,46.02220722330734,-71.23824824153645,45.48547457031254,-65.26353442903647,45.10621249348961,-61.165761902994895,357188.0,78953.0,355966.0,CAN -> GOV,0.001977990545486121
2016-12-26,CAN,GOV,789,371,9.3510773130545,2638.4093789607095,2664.7160963244614,2661.6349809885933,0.376425855513308,0.5868187579214195,4683.989860583017,1.5596958174904947,-0.955282709734901,44.664131812420784,47.231615522788225,-73.96756095710454,46.41222772117963,-70.35116497855225,46.30206632707776,-68.69913218096511,33473.0,6458.0,33396.0,CAN -> GOV,0.0006470140588200563
2017-01-02,CAN,GOV,2170,621,6.999078341013825,1648.7290322580645,1680.6907834101382,1670.5170506912443,0.36820276497695853,0.6447004608294931,3708.2967741935486,1.726728110599077,-0.18660893913199242,44.25806451612903,45.56806586377093,-72.3207019748273,43.10517183119445,-66.93256711994077,44.29688856860807,-67.69318648420536,242492.0,41784.0,238258.0,CAN -> GOV,0.0016355189494089521
2017-01-09,CAN,GOV,2818,1000,5.9176721078779275,1562.2001419446417,1588.9371894960966,1584.4939673527324,0.31689141234918383,0.7906316536550745,3582.2551454932577,1.8235628105039026,-0.92702551144148,38.616039744499645,47.67268274453599,-75.06005704836986,47.12535102113935,-64.81263070404877,47.42519669652452,-68.95159294052316,183002.0,45231.0,181886.0,CAN -> GOV,0.001772048420059739
2017-01-16,CAN,GOV,3576,1024,6.423657718120805,1611.2284675615213,1598.349832214765,1640.6017897091722,0.4105145413870246,0.7855145413870246,3785.8691275167785,0.9901286353467559,-0.08704984019964217,44.27852348993289,46.49876958522726,-80.11980835312514,45.05843021022726,-76.7035150795456,45.11706640340907,-79.08222753693198,513109.0,97239.0,510586.0,CAN -> GOV,0.0018683073219256522
2017-01-23,CAN,GOV,5347,1148,7.707312511688797,1725.913222367683,1754.803254161212,1754.4344492238638,0.42191883299046196,0.7626706564428651,4624.503272863288,0.7529829811109011,-1.8128269662125729,39.16027679072377,47.085414364536014,-80.47228801845546,44.55637986853141,-77.04579742808242,45.893271765601405,-75.68382590011431,1012673.0,234807.0,1001329.0,CAN -> GOV,0.002621559050531813
2017-01-30,CAN,GOV,6810,1174,13.520117474302497,2677.1019089574156,2703.3345080763584,2706.2979441997063,0.3437591776798825,0.7364170337738619,4548.99456681351,0.13901615271659154,-4.1412230368769425,35.34214390602056,46.760437718778014,-75.21632386902988,45.37880035597759,-70.45303984722626,45.55655608128168,-72.68158066404617,3798543.0,929109.0,3778385.0,CAN -> GOV,0.003102162266318581
2017-02-06,CAN,GOV,2928,933,8.671448087431694,2269.75512295082,2279.058743169399,2283.949112021858,0.3364071038251366,0.7274590163934426,4835.535519125683,1.83118169398907,-1.4234986783547823,37.69125683060109,48.55101198332758,-80.67143534491149,45.5075967697117,-81.63262484161174,47.98332625911777,-79.39325075095525,263573.0,67526.0,262829.0,CAN -> GOV,0.0014697784339129287
2017-02-13,CAN,GOV,5188,1173,8.28218966846569,1893.6977640709329,1922.3197764070933,1863.2324595219739,0.353893600616808,0.7430609097918273,4267.437162683115,1.4707208943716261,-0.31726149407581883,39.54703161141095,48.67994342812267,-80.5488994840928,47.104834601335526,-72.96162244952876,46.944274426551566,-75.27296827965446,731693.0,187664.0,715891.0,CAN -> GOV,0.002404485654193436
2017-02-20,CAN,GOV,2142,804,7.888422035480859,1991.654995331466,1989.140056022409,1934.6783380018674,0.4197012138188609,0.7128851540616247,4865.354808590103,1.7291316526610638,-1.4565361229508604,47.436974789915965,47.21077006496749,-77.74924368015994,46.390303364817555,-74.49399900249877,46.75091730784605,-74.68354006196903,214504.0,29862.0,208894.0,CAN -> GOV,0.0012164227290460963
2017-02-27,CAN,GOV,3531,877,9.308977626734636,2208.0951571792693,1927.149815916171,2238.3089776267348,0.4689889549702634,0.5123194562446899,4091.367601246106,0.9303879920702344,-1.285257349080697,45.944491645426226,46.41825751293848,-66.90010068142628,46.53599777458316,-73.54453479355958,46.41824213053484,-69.49469535738955,757112.0,116808.0,754164.0,CAN -> GOV,0.0017910656713934704
2017-03-06,CAN,GOV,3370,880,7.140949554896142,1842.6373887240356,1854.3059347181008,1862.8783382789318,0.40682492581602375,0.7566765578635015,4068.8792284866468,1.0723738872403552,-1.2815739138374547,41.17804154302671,46.299045324675326,-75.98788659861083,45.4194635306554,-63.30764572848093,45.98073017215342,-72.54857208607686,489259.0,93528.0,487863.0,CAN -> GOV,0.0019481581811948974
2017-03-13,CAN,GOV,2817,827,6.5488107916222935,1652.384451544196,1698.5406460773872,1691.3979410720624,0.4096556620518282,0.7582534611288605,3736.4181753638622,2.28342208022719,-0.868405302375003,38.71139510117146,47.34711127902686,-72.56534525138228,45.55358991153701,-69.00662862403252,45.89180096940653,-69.99914095871736,210821.0,50660.0,206503.0,CAN -> GOV,0.0014963507526904566
2017-03-20,CAN,GOV,2675,742,6.108411214953271,1506.850093457944,1542.44261682243,1540.5540186915887,0.3472897196261682,0.817196261682243,3889.933831775701,1.3747289719626168,-1.38283124420821,38.51588785046729,45.58722499051948,-75.93371551573775,45.86011141448612,-75.1102180929088,46.28668873720132,-76.12520352976885,249782.0,62541.0,248780.0,CAN -> GOV,0.001524447580089062
2017-03-27,CAN,GOV,2127,822,5.690173953925717,1430.5881523272215,1470.7357780912082,1478.153267512929,0.3761165961448049,0.7550540667606959,3616.2327221438645,1.981241184767278,-0.06271657138886232,41.142454160789846,46.80616103579949,-79.02713411503588,46.90369225298327,-78.39424037613374,46.90776692124101,-78.11820706109793,138964.0,33148.0,138776.0,CAN -> GOV,0.0013607522458489699
2017-04-03,CAN,GOV,2970,896,6.965656565656565,1726.875084175084,1752.4535353535352,1771.4835016835016,0.4175084175084175,0.7313131313131314,3866.5377104377103,1.2717171717171707,-1.4911728865399554,43.629629629629626,46.444912298263475,-76.49130931801169,46.150184504596474,-68.86080198638075,46.27068110997611,-69.54367761933956,259894.0,41922.0,255729.0,CAN -> GOV,0.0014967215750147278
2017-04-10,CAN,GOV,2186,753,6.721408966148216,1668.7712717291856,1664.551692589204,1678.1363220494054,0.38380603842634947,0.7305580969807868,3760.1939615736505,1.491582799634035,-1.9269679060874905,40.75022872827081,48.61289892143185,-77.38033069735015,47.33947455602041,-65.6936517512785,48.173510725244036,-70.34639809669926,139036.0,31296.0,136272.0,CAN -> GOV,0.0012881707503918727
2017-04-17,CAN,GOV,2031,771,7.66765140324963,1967.9832594780896,1997.7602166420484,1953.356474643033,0.3810930576070901,0.6578040374199902,4119.92368291482,1.2863121614967994,-0.6300430531784486,43.23485967503693,47.07268957816373,-76.96284133052113,45.70036590570716,-74.07168061389581,45.6154474937965,-72.8115523647643,114628.0,18628.0,109653.0,CAN -> GOV,0.0013194694836138263
2017-04-24,CAN,GOV,2654,1029,8.386586284853053,2331.535795026375,2356.672569706104,2355.325169555388,0.3632253202712886,0.6744536548605878,4731.005275056518,1.4044837980406932,-1.3409515624501815,41.631499623210246,47.30913833075729,-81.42516818547149,46.50049037867073,-78.07865335432778,46.50079969088093,-78.97331161939731,108270.0,22478.0,105415.0,CAN -> GOV,0.0014725603852404395
2017-05-01,CAN,GOV,1381,612,6.803765387400435,1873.421433743664,1905.8711078928313,1900.687907313541,0.3714699493120927,0.779145546705286,4124.552498189718,1.9818247646632876,-1.31639298930343,42.80955829109341,48.23008480825958,-82.20124709439527,46.333810481563425,-72.94521747050145,46.90238623377581,-78.68527936799408,50133.0,10021.0,49649.0,CAN -> GOV,0.0011446398777282586
2017-05-08,CAN,GOV,2383,863,7.838858581619807,2036.2211498111624,2037.2983634074697,2061.775073436844,0.4443978178766261,0.6814939152328997,4156.937473772556,1.3409987410826685,-1.1414310016046634,43.27318506084767,47.78117483610043,-73.31188912941685,47.57859156303235,-67.35547877257245,47.700106607066814,-68.8454724708387,193049.0,31871.0,192798.0,CAN -> GOV,0.0014065245504344998
2017-05-15,CAN,GOV,2118,777,10.779036827195467,2678.014164305949,2693.0986779981113,2700.1978281397546,0.3545797922568461,0.5401322001888574,5102.492445703494,2.1489612842304067,-0.9854714969293478,38.271954674220964,44.005746523194645,-71.42244509803923,42.365221606886635,-66.01073395743668,42.66314657101865,-66.56617590483025,99229.0,28047.0,98910.0,CAN -> GOV,0.0011697424412712527
2017-05-22,CAN,GOV,1556,666,7.888174807197943,2213.3431876606683,2260.2056555269924,2242.2911311053986,0.35989717223650386,0.6722365038560412,4750.567480719795,2.887082262210797,-0.4613398643891603,37.789203084832906,48.70155409511229,-81.31790308784673,46.52481109643331,-75.08851266512544,47.83090904887717,-76.94832710369877,85727.0,17009.0,85654.0,CAN -> GOV,0.0008903027944979745
2017-05-29,CAN,GOV,1937,700,7.073825503355705,1900.7805885389778,1897.0371708828084,1934.1466184821888,0.3412493546721735,0.7893649974186887,3830.2932369643777,1.8916365513680942,0.048887778425704354,38.53381517811048,48.56994462348601,-79.11698858135868,47.0578102369668,-72.63753372617172,47.85831429173247,-74.30335359978945,166431.0,17231.0,165999.0,CAN -> GOV,0.0013488425858224598
2017-06-05,CAN,GOV,1848,713,6.8436147186147185,1702.4837662337663,1738.8479437229437,1721.029761904762,0.33225108225108224,0.7456709956709957,4308.506493506494,1.9551406926406922,-1.192084996710107,38.65800865800866,47.20782143640348,-80.06786824067991,46.016928179824525,-74.79014142269743,47.05384347587715,-77.58049171875008,122708.0,17490.0,111269.0,CAN -> GOV,0.0011403578057738637
2017-06-12,CAN,GOV,1458,678,6.692729766803841,1769.8305898491083,1787.7949245541838,1788.676268861454,0.29286694101508914,0.7119341563786008,3779.264060356653,2.161179698216735,-0.4993860267080883,40.70644718792867,47.95696486334971,-83.54982180868949,47.23778427470219,-80.11540561107209,47.186091422564836,-81.24572592011205,72942.0,17408.0,72681.0,CAN -> GOV,0.0009897878066017082
2017-06-19,CAN,GOV,1702,608,8.514688601645123,2239.824324324324,2199.729142185664,2276.7179788484136,0.36427732079905994,0.6133960047003525,6089.544065804936,0.49242068155111635,-2.6398020657447776,39.0951821386604,46.79906684717209,-74.67555095667856,45.786968026474156,-75.51225847412744,46.293231805054155,-75.05042060168458,234047.0,38770.0,233825.0,CAN -> GOV,0.001156255498497615
2017-06-26,CAN,GOV,1452,630,7.25068870523416,1909.8980716253443,1929.6694214876034,1929.40564738292,0.4662534435261708,0.6804407713498623,4154.292699724518,2.004683195592286,0.18279032261243466,47.93388429752066,48.91783178294572,-75.85922664693446,48.25588691331924,-71.77531074136716,47.22061434813247,-69.7743175602537,83622.0,13801.0,82314.0,CAN -> GOV,0.001144496642179273
2017-07-03,CAN,GOV,2166,602,7.823176361957525,1621.2783933518006,1698.4482917820867,1695.7063711911358,0.2950138504155125,0.394275161588181,3151.932132963989,0.7631117266851339,-1.5025355377558294,36.80978762696214,51.82530441449815,-84.40065069098516,48.745347630111475,-43.561558644981375,49.087889219330854,-48.28554247258362,367629.0,37068.0,367479.0,CAN -> GOV,0.0015107088753797697
2017-07-10,CAN,GOV,2597,889,8.790142472083172,2086.7173661917595,2139.41393916057,2120.445899114363,0.3253754331921448,0.6249518675394686,4336.004620716211,0.4896033885252212,-2.1660082081500414,38.375048132460535,49.168474140350845,-77.94769566315794,48.42294474463936,-83.21022523508778,49.00346380896684,-76.1033222366472,197867.0,53637.0,192993.0,CAN -> GOV,0.0019334367676093877
2017-07-17,CAN,GOV,1354,595,8.518463810930577,2344.238552437223,2198.381093057607,2393.291728212703,0.35745937961595275,0.5612998522895125,4816.420974889217,1.153766617429837,-1.5225833713066579,41.019202363367796,49.85420350484712,-92.00379559582397,49.22541707680834,-86.07840916405664,49.55684362416106,-87.06647476435492,50951.0,11240.0,50664.0,CAN -> GOV,0.001286982937495782
2017-07-24,CAN,GOV,1413,644,7.83934890304317,2188.438075017693,2196.517338995046,2225.690728945506,0.4345364472753008,0.6786978060863411,4497.502476999292,1.0750176928520878,-0.9634990885502905,40.84217975937721,48.865775844716026,-80.05881397555713,47.88994953271029,-75.86120776779295,48.1655066139468,-74.1330424665708,49955.0,9902.0,46552.0,CAN -> GOV,0.0009766995297603043
2017-07-31,CAN,GOV,1772,683,7.006207674943567,1740.0773137697518,1733.0468397291197,1769.1365688487585,0.43905191873589167,0.7793453724604966,4352.195259593679,0.3415914221218963,-1.261009088859557,41.95259593679458,48.02285177956372,-84.27444910045926,46.995006262916185,-81.47439257003445,47.54950786452354,-81.65453568082665,146661.0,28794.0,145800.0,CAN -> GOV,0.0013281247657793514
2017-08-07,CAN,GOV,1575,584,8.248888888888889,2352.902857142857,2378.4844444444443,2393.4349206349207,0.40634920634920635,0.6171428571428571,4488.4336507936505,1.2493333333333343,-1.3974349307861318,39.765079365079366,47.769024195624176,-78.91214530244528,44.6308599099099,-64.21017542664093,45.18984272844273,-63.405838745173746,58287.0,13750.0,57955.0,CAN -> GOV,0.001338792774429143
2017-08-14,CAN,GOV,1134,524,7.4109347442680775,1960.1772486772486,1977.5229276895943,2009.2301587301588,0.4426807760141093,0.689594356261023,4301.524691358025,1.7945326278659608,-1.4611542436365847,44.98236331569665,48.65518562667861,-77.33216854073409,46.32469179498657,-70.42825253715307,47.350952390331244,-73.83638614771708,97125.0,16493.0,96893.0,CAN -> GOV,0.0009795419129918009
2017-08-21,CAN,GOV,1591,483,6.304839723444375,1591.7297297297298,1619.500314267756,1620.708359522313,0.33375235700817096,0.7240729101194218,4500.313010685104,0.622878692646135,-1.000649069476471,36.869893148962916,48.975272420382176,-76.57400762675161,44.453691404458574,-70.73300255159243,44.032959577707004,-68.46421099808921,101694.0,27691.0,101052.0,CAN -> GOV,0.0017359500971630146
2017-08-28,CAN,GOV,2017,769,9.593951412989588,2261.336638572137,2231.6797223599406,2302.8388696083293,0.3579573624194348,0.6886465047099652,4425.948438274665,1.5308874566187407,-1.5480029546582545,38.66137828458106,47.417481253139115,-78.92147433902562,44.46322052285282,-71.77285123154195,45.86069175037668,-70.2919327538925,110406.0,27520.0,109524.0,CAN -> GOV,0.0015348324011718601
2017-09-04,CAN,GOV,1648,674,9.53883495145631,2428.099514563107,2502.041868932039,2506.356796116505,0.3950242718446602,0.5078883495145631,4565.404733009709,1.4881067961165049,-1.2662259990308253,45.279126213592235,47.74482192098764,-88.15706620987659,46.43355405061727,-83.64365971851853,46.93361782407405,-84.5153778006173,76144.0,13930.0,75924.0,CAN -> GOV,0.0012895925654362586
2017-09-11,CAN,GOV,1736,726,6.487903225806452,1632.3312211981568,1566.1509216589861,1701.1290322580646,0.34101382488479265,0.7327188940092166,3786.1687788018435,1.4362327188940087,-1.26201679510568,43.69815668202765,46.6833219547325,-76.03598749323925,45.79278369606116,-74.16887142445619,45.827702784832454,-73.9702352169312,70718.0,13324.0,69500.0,CAN -> GOV,0.001533848032415793
2017-09-18,CAN,GOV,2259,785,6.564409030544489,1726.078353253652,1729.779991146525,1742.3572377158034,0.39707835325365204,0.7419212040725985,4170.421425409473,2.2913640389725423,-1.1787071946174246,41.19079238601151,45.183250147518976,-70.90614842691109,44.20822300491727,-61.112163700491756,44.4218020299508,-62.25334060348682,169427.0,37333.0,167609.0,CAN -> GOV,0.0016287419968852744
2017-09-25,CAN,GOV,1809,798,7.34383637368712,1823.6804864566059,1851.8242122719735,1855.0248756218905,0.38916528468767275,0.6926478717523493,3910.4599226091764,1.387728026533997,-0.9587564145643402,41.31011608623549,46.69487820945943,-77.9892989290541,46.13100301914414,-74.93002056587842,46.1838286385135,-74.84268835472977,57941.0,11034.0,57623.0,CAN -> GOV,0.0014707161631625032
2017-10-02,CAN,GOV,2020,826,8.154950495049505,2177.960396039604,2211.861386138614,2214.55099009901,0.43267326732673267,0.6198019801980198,4719.206435643564,0.48495049504950405,-1.8122744098155013,44.51980198019802,47.78151559129562,-79.19174089544772,47.50651519319316,-78.59871182291143,47.334856846423186,-77.87132769534767,106508.0,19125.0,104532.0,CAN -> GOV,0.00157486822173209
2017-10-09,CAN,GOV,1905,683,8.609448818897638,2074.298687664042,2114.979527559055,2091.1590551181102,0.3952755905511811,0.6236220472440945,4526.275590551181,2.5306036745406812,-0.7756882172539307,42.13648293963254,47.828852051145425,-80.58617663452317,44.91214980660625,-63.19597050879063,45.47942099733614,-62.84626068193927,114359.0,23921.0,113800.0,CAN -> GOV,0.0013988478780468999
2017-10-16,CAN,GOV,1877,859,7.908897176345231,2122.5993606819393,2155.6968566862015,2155.4342035162495,0.37027171017581245,0.6164091635588705,4936.983484283431,0.687959509856154,-1.7112781237407089,38.93446989877464,46.93545872902869,-78.08478675938193,46.248849945364235,-74.36437369150113,46.43483395474613,-75.87371262472409,82583.0,17188.0,81319.0,CAN -> GOV,0.001378844253774926
2017-10-23,CAN,GOV,2092,913,7.247131931166348,2195.304015296367,2264.5372848948373,2240.317877629063,0.4421606118546845,0.6878585086042065,4594.976577437858,1.396414913957935,-0.48368120966287936,47.55258126195029,48.08995215745717,-77.76773304352082,47.144071063569655,-75.59404888557458,47.79699936870413,-76.56127303618585,122928.0,10684.0,121254.0,CAN -> GOV,0.0015603300262093678
2017-10-30,CAN,GOV,1638,759,7.858363858363858,2233.6605616605616,2225.661172161172,2292.5286935286936,0.32783882783882784,0.6025641025641025,4672.8663003663005,1.5043956043956046,-1.3447979504231373,38.504273504273506,48.28868318108274,-80.74127200497824,47.66630242252643,-77.96232229558187,47.99733127940261,-75.66076579278162,44096.0,9906.0,43030.0,CAN -> GOV,0.0010918034753744327
2017-11-06,CAN,GOV,1853,734,9.25957906098219,2467.816513761468,2492.3189422558016,2514.1791689152724,0.4473826227738802,0.576902320561252,5094.188343227199,1.2153264975715048,-1.3898744903663454,46.89152725310308,46.55240928657864,-78.79019343894396,45.12230694884487,-71.87840917986803,45.770799005500535,-72.47765719966999,122238.0,19624.0,121715.0,CAN -> GOV,0.0012817799101578118
2017-11-13,CAN,GOV,2107,867,6.707166587565259,1872.6174655908876,1886.0408163265306,1890.8476506881823,0.3877551020408163,0.7062173706691979,4451.684859990508,1.2650213573801614,-1.0685490458791636,41.794019933554814,48.073847222757934,-83.32155834088721,46.056481893442616,-76.4442031345227,46.517385886692374,-79.22718131919002,90780.0,17739.0,90643.0,CAN -> GOV,0.0014316883526342861
2017-11-20,CAN,GOV,1899,847,6.724591890468668,1751.728804634018,1866.3559768299106,1867.2601369141653,0.2601369141653502,0.7451290152711953,4286.910479199579,1.9159031068983672,-1.2063718780338855,40.015797788309634,47.242681411924096,-78.52206138807593,46.26853870754204,-76.56954561041785,46.5330237918699,-76.25964475663962,81130.0,15160.0,80782.0,CAN -> GOV,0.001658466036816374
2017-11-27,CAN,GOV,2983,979,9.470331880657056,2422.3818303721087,2448.375460945357,2456.1957760643645,0.38384177003017095,0.6969493798189742,4359.131746563862,1.5627891384512202,-0.7155083832440684,40.56319141803554,47.96019935417378,-75.11249157012524,45.93320190740118,-63.18171022609,47.07515717945252,-74.30847054680648,502979.0,24934.0,498283.0,CAN -> GOV,0.0020236268440240257
2017-12-04,CAN,GOV,2740,850,7.17992700729927,1868.5003649635037,1829.3357664233577,1899.3529197080293,0.3981751824817518,0.7551094890510949,5092.827737226277,0.7906569343065692,-1.7337248193334993,44.00729927007299,46.411842642883514,-83.47213769796673,44.7857560695009,-76.09301113715343,45.41249883142325,-78.88756021515711,646245.0,69497.0,624687.0,CAN -> GOV,0.0016766695712621283
2017-12-11,CAN,GOV,1455,693,8.436426116838488,2327.5202749140894,2360.501030927835,2331.6494845360826,0.38694158075601376,0.6625429553264605,4626.334020618557,1.7352577319587628,-0.45501891459942784,45.48453608247423,47.506904039744505,-78.97246505606816,46.61057831227821,-75.39468585592621,47.08072533144073,-77.22724623066009,47945.0,8861.0,47378.0,CAN -> GOV,0.0011610676076501188
2017-12-18,CAN,GOV,2479,810,7.058491327148044,1930.7700685760387,1966.2384025816862,1900.6260588947157,0.42759177087535294,0.6974586526825333,4338.689390883421,1.3684146833400561,-1.3862306219304397,42.037111738604274,47.33318334274031,-75.52037534028639,45.50226224171782,-58.51585161799595,46.55826957914114,-71.93270315378334,134848.0,28240.0,132934.0,CAN -> GOV,0.0021117624058587564
2017-12-25,CAN,GOV,964,381,7.889004149377594,2296.372406639004,2258.332987551867,2294.5466804979255,0.3008298755186722,0.6006224066390041,4268.265560165975,1.6474066390041506,-0.33540195884076823,33.25726141078838,47.61959222431866,-78.28788543396223,46.56206039098532,-71.17736036058696,46.45588737631027,-74.8452259968553,48167.0,10006.0,47919.0,CAN -> GOV,0.0011978146096105985
2018-01-01,CAN,GOV,1265,568,7.85296442687747,2076.814229249012,2128.201581027668,2115.105928853755,0.47114624505928854,0.6814229249011857,4453.954150197628,1.2566007905138346,-1.3731260746363692,42.69565217391305,45.39639676761135,-74.9727399805668,43.654227536842114,-69.80642321214573,43.49915796194334,-72.19883165748986,47530.0,6744.0,45748.0,CAN -> GOV,0.001172791605593428
2018-01-08,CAN,GOV,1895,828,8.71820580474934,2202.7604221635884,2271.215303430079,2260.765171503958,0.38680738786279684,0.6401055408970976,4215.048548812665,0.7736675461741425,-2.1220768749329593,41.007915567282325,47.39926982846319,-76.62148309199138,46.349569371212105,-71.86115581764074,47.19591828138527,-72.45769451893942,70849.0,16712.0,68736.0,CAN -> GOV,0.0014390598041359869
2018-01-15,CAN,GOV,2231,954,7.935903182429404,2111.2519049753473,2144.519497982967,2145.0192738682204,0.3989242492155984,0.6952039444195428,4843.371582250112,1.1051098162259085,-1.947639836651477,40.891976692066336,47.22642874659399,-82.38082797138965,46.28842712034512,-65.3324802370572,46.3736074209809,-70.60634052724794,75484.0,14859.0,74438.0,CAN -> GOV,0.0015937137244396821
2018-01-22,CAN,GOV,2447,959,8.324070290151205,2011.4405394360442,1943.5091949325704,2049.2644053943604,0.4503473641193298,0.5786677564364529,4106.5304454434,0.9328156926849203,-0.8821060864626298,46.26072742133224,48.286165117898314,-79.5609421127723,47.24996043015803,-73.94036114993591,47.23504707390003,-74.30763881290042,234044.0,34587.0,233453.0,CAN -> GOV,0.001792645100225491
2018-01-29,CAN,GOV,2298,909,7.3785900783289815,1979.0966057441253,2007.3159268929503,1934.0252393385554,0.3855526544821584,0.6953872932985204,4114.67319408181,1.7772410791993034,-1.3597581205217324,40.48738033072237,48.67811540432097,-80.38312704585539,47.59160897354496,-76.47038317063493,47.65993094885359,-76.66059489726632,91923.0,17766.0,91644.0,CAN -> GOV,0.0017129158926990128
2018-02-05,CAN,GOV,3394,1037,9.315556865055981,2359.571302298173,2395.627283441367,2397.6935769004126,0.29021803182086037,0.7510312315851503,4243.584266352386,0.7013553329404818,-0.9625176632034591,38.80377136122569,47.0084335317294,-77.88245051127836,46.751948587669276,-72.36689107849641,46.70736011187979,-76.53230174135358,651624.0,139809.0,649511.0,CAN -> GOV,0.0025726134159439877
2018-02-12,CAN,GOV,2659,1085,7.0300864986837155,1677.2598721323807,1705.3644227153065,1715.84091763821,0.3343362166227905,0.7307258367807447,3855.066190297104,0.5739375705152313,-1.694593477466939,37.25836780744641,45.68878436048722,-72.78259551237163,44.76182870003804,-69.4114850019034,44.82742869242479,-69.19536241720603,116238.0,24655.0,111128.0,CAN -> GOV,0.0018761170093043833
2018-02-19,CAN,GOV,3713,1403,8.087530298949636,1897.2162671694048,1933.6603824400754,1939.2262321572853,0.21976838136277943,0.6038244007541071,4005.0552114193374,0.7367896579585241,-1.0704128277029121,34.65122542418529,48.58887932123362,-71.8587406329149,42.47114813728165,-43.17648002210699,43.65787462472708,-50.0234148280568,285870.0,75568.0,284821.0,CAN -> GOV,0.0024617085968194697
2018-02-26,CAN,GOV,2413,930,6.947782842934107,1963.6257770410277,1954.1765437215086,1987.6945710733526,0.38416908412764195,0.7053460422710319,4102.664732697886,0.834604227103191,-2.0639256013478278,41.05263157894737,46.98889331852472,-77.36898902221293,44.22276757460185,-57.56229460603518,45.103363446353725,-65.55206422464376,93707.0,16575.0,92119.0,CAN -> GOV,0.0016521580758554865
2018-03-05,CAN,GOV,2327,900,8.498066179630426,2332.7537602062744,2344.0713364847443,2336.9140524280187,0.3218736570691878,0.6287064890416846,4710.037387193812,0.5311559948431459,-1.60574815572191,37.95444778685002,46.79383042052833,-77.55333142789092,44.82712175357295,-70.71972199566918,45.35756129406668,-74.54979526071898,135438.0,27486.0,133576.0,CAN -> GOV,0.0013563498974723048
2018-03-12,CAN,GOV,2403,948,6.665834373699543,1753.3387432376196,1777.7969205160216,1778.768206408656,0.33458177278401996,0.7240948813982522,4004.97544735747,1.180274656679151,-1.4668359207568977,38.4019975031211,49.1982464936762,-82.86750493338957,48.0765561184654,-75.93740738279938,48.44460921880267,-79.99546236973025,112242.0,35284.0,106087.0,CAN -> GOV,0.0014885340139004174
2018-03-19,CAN,GOV,2235,747,7.838478747203579,2010.4720357941835,2026.4514541387025,2021.3709172259507,0.3883668903803132,0.6903803131991052,4860.730201342282,0.8260402684563761,-1.469343295189472,38.917225950783,46.79756319566218,-84.06814877895717,45.38972646285183,-71.26159871896633,43.53296444162435,-80.06912932810344,141422.0,33902.0,141281.0,CAN -> GOV,0.0015125071141973325
2018-03-26,CAN,GOV,1317,662,7.978739559605163,2040.953682611997,2101.523917995444,2102.7038724373574,0.3325740318906606,0.6886864085041762,4667.165527714503,1.6091116173120739,-1.3993601553414483,39.17995444191344,46.80688549019609,-73.8492939615686,46.3560225882353,-67.93193540235292,46.58750694509805,-71.21312776627448,26669.0,5676.0,26108.0,CAN -> GOV,0.0008701311142897729
2018-04-02,CAN,GOV,1696,674,8.46757075471698,2235.274174528302,2233.504716981132,2275.1639150943397,0.36202830188679247,0.6656839622641509,4534.1267688679245,1.2912146226415102,-1.1119307077690095,42.64740566037736,47.950240845970136,-84.36838440895522,46.90574510746267,-77.95930335940298,47.11623342208955,-77.222940640597,72088.0,12264.0,69906.0,CAN -> GOV,0.0011148462550762974
2018-04-09,CAN,GOV,2875,847,8.94191304347826,1996.9718260869565,2031.5064347826087,2039.4128695652173,0.4027826086956522,0.6246956521739131,4550.9655652173915,0.8697043478260876,-1.165460537064049,41.57217391304348,48.93168354324892,-77.98737337869204,43.360903707102636,-67.98539289381158,47.48010272327705,-71.48153268002814,378654.0,74760.0,374150.0,CAN -> GOV,0.0014481329159352547
2018-04-16,CAN,GOV,2408,968,7.129983388704319,1842.3185215946844,1860.53073089701,1858.1424418604652,0.4186046511627907,0.688953488372093,4114.412790697675,2.021303986710963,-1.3141177294904374,41.34551495016611,47.87598625662957,-73.98120388579984,46.70908592557739,-65.30367134602224,47.369285604362666,-70.35622358853725,127727.0,21571.0,124386.0,CAN -> GOV,0.0014936047294175003
2018-04-23,CAN,GOV,3118,848,9.711353431686979,2210.7822322001284,2102.0349583066068,2226.8348300192433,0.4647209749839641,0.7289929441949968,4080.7883258499037,1.5947081462475936,-2.833770602324189,53.08531109685696,45.59497084299127,-78.31614837617362,44.432507108773066,-66.60541952120431,45.1724740317255,-66.92890109226293,1183957.0,117743.0,1179698.0,CAN -> GOV,0.001976325922639327
2018-04-30,CAN,GOV,2363,779,6.9860347016504445,1805.3326280152348,1851.1883199322895,1844.278036394414,0.2881929750317393,0.7261955141768938,3905.4997884045706,1.1075327972915774,-1.3114816511592038,35.15869657215404,48.296848406663784,-89.09565560187961,47.550754746689414,-84.70770132165745,47.60710239000424,-85.30206474199065,122734.0,33781.0,122178.0,CAN -> GOV,0.0015777525539160046
2018-05-07,CAN,GOV,2926,721,9.09501025290499,2436.1725905673275,2422.1196172248806,2438.056732740943,0.37559808612440193,0.7583732057416268,4755.982228298018,2.263294600136705,-0.5849144939298507,39.89405331510595,44.37894362900446,-82.55153884257666,37.438660948329336,-80.87713557733382,37.884984661729256,-82.45904512848782,851439.0,186842.0,850963.0,CAN -> GOV,0.001535086108572454
2018-05-14,CAN,GOV,3296,934,6.823422330097087,1804.0464199029127,1855.9484223300972,1853.2706310679612,0.3316140776699029,0.7363470873786407,3807.4375,1.943810679611646,-0.7953693297330894,41.85376213592233,48.19378878577995,-78.07095069016245,47.20464499448362,-73.588879689243,47.583036620901005,-75.93750049218512,306852.0,55944.0,296972.0,CAN -> GOV,0.0018977178445932603
2018-05-21,CAN,GOV,2353,806,7.4908627284317895,1797.3132171695709,1824.0637484062897,1842.1835954101148,0.22906927326816828,0.6961325966850829,3919.612834679133,0.9810879728006788,-0.9843298769310287,38.43603909902252,50.12358054051723,-83.97718563836213,48.42795699351209,-79.23143811072671,49.14606337025861,-83.54553290560351,104249.0,26788.0,100276.0,CAN -> GOV,0.0014827884994092163
2018-05-28,CAN,GOV,3330,1063,8.615315315315316,2155.9891891891893,2182.0243243243244,2173.9093093093093,0.45765765765765765,0.6534534534534534,4306.071471471471,1.505795795795796,-1.1233634239553865,44.18018018018018,45.19557384752957,-76.78244891330714,48.24810770384969,-79.04339024492279,45.41013516398909,-76.58206559715072,400283.0,50376.0,398354.0,CAN -> GOV,0.0021216515496339035
2018-06-04,CAN,GOV,6496,1395,12.18411330049261,2752.2369150246304,2728.133312807882,2784.579433497537,0.2794027093596059,0.6072967980295566,4906.883312807881,1.5511545566502483,-1.4045845229390888,35.908251231527096,49.172100513983665,-76.23260913253615,49.0266534568054,-49.510202457427134,48.65712980811047,-71.68428460643297,1290181.0,308265.0,1281657.0,CAN -> GOV,0.004568512567980887
2018-06-11,CAN,GOV,4703,1260,6.472677014671486,1803.5821815862216,1809.0489049542846,1831.5400807994897,0.3748671061024878,0.7918349989368488,4458.614288751861,0.7159047416542608,-1.7764562657299605,41.605358281947694,46.33276101171467,-78.09874355122489,44.59314866602775,-71.91477343450495,44.753849746964896,-74.61139242896714,645715.0,113600.0,641850.0,CAN -> GOV,0.003240377738611826
2018-06-18,CAN,GOV,3088,1000,7.16029792746114,2045.3209196891191,2079.506152849741,2083.559261658031,0.3646373056994819,0.677461139896373,4643.729922279793,1.1647992227979265,-1.0402206008045576,41.62240932642487,46.63089262025729,-77.02734188551644,45.60624685549319,-71.88423856680971,45.69812737875282,-72.1894019914221,295992.0,46823.0,274207.0,CAN -> GOV,0.0021518069115647777
2018-06-25,CAN,GOV,2855,882,7.37968476357268,2110.461646234676,2164.8851138353766,2147.4563922942207,0.3821366024518389,0.6070052539404553,4651.999299474606,0.2784938704028014,-1.3619751696448306,42.34676007005254,46.110305498412636,-81.10235166067031,45.43387525149906,-81.59561308853627,45.10593920705461,-80.84041122645512,372054.0,69793.0,369106.0,CAN -> GOV,0.0019355367945205666
2018-07-02,CAN,GOV,2323,795,7.004304778303918,1719.1028842014637,1801.5139905294877,1738.2113646147222,0.33534222987516143,0.7296599225139905,4100.61515281963,1.9578992681876868,-1.3954131447301146,35.53594489883771,45.43395510347821,-82.0274780369565,44.5839741217391,-77.73752126,45.06114211086954,-81.31756088043477,221220.0,57246.0,221058.0,CAN -> GOV,0.0018972836908742532
2018-07-09,CAN,GOV,1914,795,8.431556948798328,2311.109195402299,2312.5062695924767,2346.706896551724,0.3897596656217346,0.6112852664576802,4410.258620689655,1.507471264367815,-1.5157026820240782,47.685475444096134,47.82449760510909,-84.0947256540714,47.58594482277805,-82.17540439648756,47.49625736828099,-82.6859158829165,99102.0,14993.0,98547.0,CAN -> GOV,0.001260905282560705
2018-07-16,CAN,GOV,3918,965,7.467075038284839,1938.1470137825422,1954.4244512506382,1952.7302194997449,0.3335885655946912,0.7100561510974988,4205.495150587034,1.4597498723838682,-1.1805932674350637,43.64726901480347,46.738280382934995,-76.58917275558997,46.70232562014911,-74.10249017450536,46.828500619892125,-74.27048277666418,453336.0,76077.0,440674.0,CAN -> GOV,0.002706337513029171
2018-07-23,CAN,GOV,3518,838,7.650369528140989,1873.0852757248438,1883.5878339965889,1880.2524161455372,0.3962478681068789,0.7262649232518477,4428.216316088687,-0.18473564525298586,-2.091540199758036,44.866401364411594,45.564856238750316,-82.7461773786187,44.64494223273138,-79.43365851619394,44.90462105331036,-79.69650491344241,556155.0,115141.0,553607.0,CAN -> GOV,0.0024706045115569933
2018-07-30,CAN,GOV,3148,834,6.742058449809403,1781.3923125794156,1800.462833545108,1824.3967598475222,0.3757941550190597,0.72712833545108,4268.797331639136,1.3201080050825895,-1.7308311422579756,41.597839898348155,46.17522450606259,-78.70513558008952,45.99798086630507,-77.01871465858343,46.14442594192728,-77.15258021888975,313609.0,61225.0,302065.0,CAN -> GOV,0.002292034960085973
2018-08-06,CAN,GOV,6058,935,9.812314295146914,2089.35127104655,2050.0236051502147,2124.056124133377,0.3981512050181578,0.6500495212941565,4060.986464179597,0.855727963024099,-2.767883774808141,44.02277979531198,44.337341292578174,-67.00061480417517,41.292197403148506,-45.03607942611019,42.28515673194195,-56.04520712292935,2619805.0,464365.0,2609547.0,CAN -> GOV,0.004307154583337185
2018-08-13,CAN,GOV,3419,817,5.829482304767476,1406.7274056741737,1447.2532904358,1447.3735010236912,0.4314126937701082,0.7446621819245394,3832.339572974554,1.6712196548698441,-1.9324430035945492,47.41152383737935,45.14973205383702,-72.82008237953619,43.24479467846523,-67.95033857822739,43.431001000000016,-67.09035160767418,638067.0,104882.0,627755.0,CAN -> GOV,0.0026111754337193706
2018-08-20,CAN,GOV,3566,870,7.464946719012899,1741.9537296690971,1779.890914189568,1765.446158160404,0.3135165451486259,0.6688166012338755,3822.4332585530005,1.024228827818281,-1.2839240308985027,35.56365675827257,47.01561265653672,-79.85983784518362,45.57291241427759,-73.25180977952994,46.14337054501152,-70.75768517144509,512640.0,64973.0,510718.0,CAN -> GOV,0.0023268120391316803
2018-08-27,CAN,GOV,5909,1006,7.36249788458284,1733.2944660687087,1756.3149433068202,1756.046369944153,0.44931460484007446,0.6977491961414791,4037.571331866644,2.6673718057200895,0.1772001627093633,45.26315789473684,48.856548382694776,-84.35959351378555,44.66645655366752,-79.56352427483968,46.88775266863199,-80.79848464158151,1156571.0,232732.0,1150769.0,CAN -> GOV,0.003745767074016459
2018-09-03,CAN,GOV,3253,746,7.471564709498924,1701.8853366123578,1769.0258223178605,1757.9754073163233,0.33599754073163235,0.5499538887181064,3660.1352597602213,1.8345219797110353,-0.9388486580184774,38.18321549339072,49.56501120643762,-85.51501375827931,48.3123961284432,-74.66108725502953,48.153767564221575,-78.02077490065007,389454.0,93296.0,387277.0,CAN -> GOV,0.0019861270278735497
2018-09-10,CAN,GOV,2812,819,7.5088904694167855,1912.8090327169275,1928.872332859175,1939.4463015647227,0.3961593172119488,0.6294452347083926,3613.0956614509246,1.2125533428165,-1.248237304700398,41.97724039829303,47.775547014347005,-79.21795139703055,47.3359587266547,-76.79339867763878,47.18113268626113,-75.64372576554574,240748.0,47966.0,239434.0,CAN -> GOV,0.0018283853575722267
2018-09-17,CAN,GOV,4510,898,8.08780487804878,1943.9527716186253,1975.5851441241684,1970.8745011086473,0.39556541019955654,0.624390243902439,3668.318625277162,2.0686474501108636,-1.0333913736140337,42.65853658536585,48.75870906351688,-86.46916029641186,46.17166051036333,-73.65880041185645,45.82699506195681,-79.0372757769111,632737.0,149038.0,617353.0,CAN -> GOV,0.0028342444601832644
2018-09-24,CAN,GOV,3693,935,8.480097481722177,2143.5597075548335,2170.2642837801245,2178.404549147035,0.37963715136745196,0.611968589222854,4099.07094503114,1.0604115894936355,-0.9926547566782531,42.76739777958299,49.25194435126148,-85.47194999778219,47.76065040476853,-79.43932461657896,47.829375493207685,-80.03139315497651,415184.0,83477.0,411520.0,CAN -> GOV,0.0023489392882198755
2018-10-01,CAN,GOV,4936,1043,6.09501620745543,1547.7147487844409,1574.6254051863857,1558.6592382495949,0.385129659643436,0.7439222042139384,4111.823136142626,2.0418962722852494,-0.8806901276732374,40.53687196110211,48.041671729851245,-78.45260996347679,47.1157775898798,-77.60643703223822,47.38032682615812,-77.21948442521929,680365.0,150469.0,676733.0,CAN -> GOV,0.0032555565741994503
2018-10-08,CAN,GOV,2220,696,5.8045045045045045,1420.2373873873873,1477.0288288288289,1483.4932432432433,0.33153153153153153,0.7364864864864865,3394.063963963964,-0.17306306306306368,-1.147472803129489,38.626126126126124,47.11106241393629,-77.97849948038771,45.931263826026736,-68.06973365943708,46.585776601292075,-73.80364482787273,187556.0,47161.0,184900.0,CAN -> GOV,0.0015395903580033038
2018-10-15,CAN,GOV,3544,857,6.723194130925508,1713.3967268623026,1753.1670428893906,1744.020316027088,0.4410270880361174,0.7367381489841986,3418.0079006772007,1.9724040632054192,-1.5475897451174891,46.39954853273138,49.62282845620539,-77.32487105049934,46.55845061512125,-54.51894192753212,46.5809339104137,-56.33934961883029,580207.0,99231.0,575193.0,CAN -> GOV,0.0020895277749771973
2018-10-22,CAN,GOV,2428,749,7.1235584843492585,1827.3772652388798,1855.902388797364,1848.9740527182867,0.32948929159802304,0.6976935749588138,3954.8142504118614,1.3515238879736402,-1.9733470800676973,40.23476112026359,48.1019469153814,-80.22263319924971,47.99702389537304,-79.1197135423093,47.8240222801167,-76.94463930512715,186837.0,40741.0,186462.0,CAN -> GOV,0.001532558343574585
2018-10-29,CAN,GOV,2987,801,6.848342818881822,1801.146635420154,1821.6936725811852,1826.108135252762,0.32005356545028457,0.7361901573485102,3578.5031804486107,1.8810847003682616,-1.6042099402740855,43.06327418814865,48.381778085470074,-88.95925732786345,47.921665198974345,-85.2823216796583,48.021595762735046,-83.45404870051297,281382.0,61165.0,280309.0,CAN -> GOV,0.0018859752139795782
2018-11-05,CAN,GOV,2233,696,5.886699507389163,1535.9516345723243,1563.730855351545,1560.4523063143754,0.31706224809673084,0.7089117778772951,3572.7241379310344,1.6428123600537397,-1.4410289025106082,39.92386923421406,48.5220547930095,-82.98606468452115,47.91625139627777,-81.01040773399913,47.906172635950945,-81.20072426100775,211653.0,47095.0,210969.0,CAN -> GOV,0.0013610384607648511
2018-11-12,CAN,GOV,2765,722,7.974321880650995,2041.2538878842677,2052.0032549728753,2051.8940325497288,0.2513562386980108,0.6376130198915009,3917.6057866184447,1.3050994575045203,-2.341877261867703,39.24773960216998,47.259117826388845,-81.99120016191536,46.115094207967786,-77.63244846783635,46.698099683114,-80.20481464144748,389376.0,91466.0,389296.0,CAN -> GOV,0.001733271733754417
2018-11-19,CAN,GOV,2991,720,5.309929789368105,1293.1574724172517,1299.950852557673,1305.256101638248,0.5753928452022735,0.8077566031427617,3522.9565362754934,2.2185891006352385,-3.174840139261953,60.682046138415245,47.1594986096239,-80.59239019756018,45.70104442799056,-77.21985792782108,45.84502725008476,-77.98514425787872,3059028.0,290236.0,3058541.0,CAN -> GOV,0.00225900372724286
2018-11-26,CAN,GOV,4341,861,12.15111725408892,3097.6602165399677,3118.054365353605,3120.602626123013,0.32872609997696384,0.5927205712969362,5131.4381478921905,1.013061506565307,-2.078470907233358,38.61552637641096,48.10330697887168,-82.10176932296261,43.00594726723938,-73.93164671186443,45.792862699094584,-77.88664733689352,430565.0,131383.0,427829.0,CAN -> GOV,0.0026317416782764003
2018-12-03,CAN,GOV,4868,1140,7.208093672966311,1672.3453163516845,1698.1585866885785,1684.2119967132292,0.3410024650780608,0.7354149548069022,4141.547863599014,2.046589975349216,-2.2220953914193657,41.98027937551356,47.845822742364525,-80.43735843091615,46.69321246748398,-77.0793059370454,47.20854048763773,-80.50875099584445,842852.0,150075.0,799272.0,CAN -> GOV,0.003386995551263444
2018-12-10,CAN,GOV,3384,844,6.485520094562648,1394.6152482269504,1504.960401891253,1476.2644799054374,0.4110520094562648,0.6843971631205674,4121.244385342789,1.1224586288416063,-2.968604305145937,40.95449172576832,47.54026841445997,-69.48338405177037,47.447628504909204,-72.11529500059507,46.602574518000594,-67.51588620529611,383784.0,88184.0,383682.0,CAN -> GOV,0.002576481686346855
2018-12-17,CAN,GOV,1862,666,6.599892588614393,1551.675080558539,1578.234156820623,1599.5735767991407,0.40010741138560685,0.7105263157894737,4361.738453276047,0.6646616541353386,-2.8121867830933756,42.3952738990333,46.715198625610384,-78.35465963212161,45.63948961855667,-67.98521244384163,45.475383948453576,-72.23767712316882,153093.0,30057.0,152943.0,CAN -> GOV,0.0014510089655521744
2018-12-24,CAN,GOV,1182,471,8.254653130287648,1999.2952622673436,2013.8443316412859,1859.5803722504231,0.4763113367174281,0.40016920473773265,3951.10744500846,2.3609983079526224,-2.459941719299928,49.04399323181049,49.74756502129477,-85.92688569420787,44.13541115843273,-83.6341997478706,44.50683502299832,-83.25213313713807,203132.0,22943.0,154615.0,CAN -> GOV,0.001361384142984495
2018-12-31,CAN,GOV,1599,395,7.706066291432145,2307.0850531582237,2378.5453408380235,2359.961225766104,0.3771106941838649,0.47717323327079425,4627.215759849906,0.318011257035646,-2.195349440324994,46.48530331457161,48.22544913303907,-87.15241300378322,46.94055333417401,-85.97852359520822,47.40548544640604,-86.17244003909221,366113.0,70611.0,365171.0,CAN -> GOV,0.0016394669630489368
2019-01-07,CAN,GOV,2789,711,6.541412692721406,1518.088920760129,1572.7751882395123,1581.2488347077806,0.4015776263893869,0.7447113660810326,3551.4446038006454,0.9628540695589809,-1.7928713062659165,45.15596988167802,46.96836582321039,-86.31520745987008,46.1866856055676,-72.41619060050635,46.31252428633403,-76.02420555567628,346604.0,69660.0,342167.0,CAN -> GOV,0.0022638556651993678
2019-01-14,CAN,GOV,4141,975,8.31369234484424,2081.268292682927,1955.0077276020286,2128.935764308138,0.4460275295822265,0.5206471866698865,3974.0714803187634,0.930499879256217,-2.519299854082696,44.06423569186187,46.08255368895425,-78.31986606759756,44.6648512691649,-65.43996916899346,44.864769897624335,-66.41126861572384,525059.0,100338.0,524398.0,CAN -> GOV,0.0030598213170753693
2019-01-21,CAN,GOV,3875,822,7.9238709677419354,2120.6993548387095,2136.2389677419355,2143.014193548387,0.41135483870967743,0.6665806451612903,4704.33135483871,0.620464516129032,-2.3492537494800136,39.19483870967742,46.54304375129939,-66.55583668763019,42.32903997349278,-59.62001569152826,43.485409108627884,-57.925792525468,561957.0,136092.0,561470.0,CAN -> GOV,0.0031367095390777344
2019-01-28,CAN,GOV,3576,880,8.510626398210292,1993.543624161074,2012.1124161073826,2021.7978187919464,0.3503914988814318,0.6026286353467561,4284.006711409396,1.3645413870246086,-3.065107396143671,37.5503355704698,44.27461886498735,-72.02528654769328,45.36589022785178,-76.90713716388342,45.59908863572044,-74.70603464477784,444070.0,126392.0,443983.0,CAN -> GOV,0.002897040821865205
2019-02-04,CAN,GOV,2613,782,8.012246460007654,1912.1220818982013,1942.3451970914657,1937.0371220818981,0.36739380022962115,0.5947187141216992,3984.913892078071,0.8065442020665914,-2.7584571876926396,43.30654420206659,46.280863431000384,-72.57494252866744,45.13208042071963,-62.95271998695139,45.90107454211149,-70.75980882127324,315561.0,64887.0,314886.0,CAN -> GOV,0.0020418497142348103
2019-02-11,CAN,GOV,3902,1009,9.408252178370066,2517.8736545361353,2527.41952844695,2534.7129677088674,0.29318298308559715,0.6473603280369041,4491.965402357765,1.3114556637621728,-2.4282670675687354,40.99948744233726,47.77750171447096,-84.06003262966819,47.190815712396265,-80.93011049948144,47.3600018153527,-82.19250744268687,526259.0,111528.0,490474.0,CAN -> GOV,0.002742892169612241
2019-02-18,CAN,GOV,3879,898,8.091518432585717,2129.79221448827,2164.5060582624387,2168.5872647589586,0.29311678267594743,0.7306006702758443,4544.21242588296,1.8926527455529778,-2.362383552711384,38.048466099510186,46.658304740259844,-75.8702996649352,45.822424362337735,-74.72285262519493,46.06352798571438,-74.42564283376632,487649.0,119914.0,476923.0,CAN -> GOV,0.0030305089989476424
2019-02-25,CAN,GOV,4050,898,8.930617283950617,2222.3014814814815,2262.2017283950618,2255.0985185185186,0.31876543209876546,0.6995061728395062,5182.743703703703,1.7786913580246912,-2.5015892853143655,38.8,47.53734773653898,-75.50920672702219,46.678394478837994,-69.21522142799893,47.05570778487357,-72.48784575682436,459026.0,108028.0,452408.0,CAN -> GOV,0.002818028423817559
2019-03-04,CAN,GOV,6888,1272,10.469076655052264,2620.8414634146343,2642.831881533101,2633.5791231126595,0.2607433217189315,0.7232868757259001,5302.803426248548,0.8921022067363529,-3.2673416050976325,41.499709639953544,47.22369204183156,-80.2511165783237,46.19601527643737,-77.24288314655536,46.02190273438675,-75.99246546145959,1385612.0,273858.0,1356857.0,CAN -> GOV,0.005228797862326542
2019-03-11,CAN,GOV,3198,801,10.634771732332707,2914.143214509068,2943.875234521576,2926.62382739212,0.3611632270168856,0.4996873045653533,4993.104752970607,2.2817698561601043,-0.7995211583400234,36.09443402126329,47.38627646593831,-81.91344457551418,45.44999059993575,-78.68882051606681,46.195766864395885,-80.2769723049486,728487.0,214079.0,726835.0,CAN -> GOV,0.0023544725407247183
2019-03-18,CAN,GOV,2760,828,6.295289855072464,1620.1492753623188,1667.9358695652174,1661.3565217391304,0.4047101449275362,0.7409420289855072,4140.81231884058,1.1731159420289858,-1.9156008539641516,47.539855072463766,47.41714285099333,-80.83412765305383,46.969228251655565,-77.79832428366458,46.608392867181706,-77.94930431456967,345500.0,58371.0,344600.0,CAN -> GOV,0.0020453534904401956
2019-03-25,CAN,GOV,4964,1079,9.5848106365834,2398.54230459307,2452.6432312651086,2446.376510878324,0.2145447219983884,0.5505640612409347,4854.154109589041,0.7841458501208692,-2.7110572441792833,35.38477034649476,47.94889673256302,-77.51273232562848,44.25953411435534,-65.81608112591243,45.63979687104635,-70.32105434022714,576136.0,156628.0,566710.0,CAN -> GOV,0.0033117973105323694
2019-04-01,CAN,GOV,3419,868,5.878034513015502,1514.361216730038,1546.714243930974,1539.4937116115823,0.3337233109096227,0.7753729160573267,4172.874817198011,1.0468265574729456,-1.8186009519795119,42.22579701667154,47.80223376021312,-78.90150800236842,47.5122324476021,-75.80238748875087,47.38405641918293,-75.32440312670232,521799.0,111563.0,517733.0,CAN -> GOV,0.0026865498068575776
2019-04-08,CAN,GOV,3895,856,8.545571245186135,2157.784082156611,2113.152759948652,2198.2670089858793,0.3933247753530167,0.5966623876765084,4236.952759948652,0.5748652118100128,-2.6207316691824163,44.80872913992298,48.027983315184706,-81.90762610998654,46.5167943904241,-74.77905376142294,45.57535967633379,-73.20403734391266,697605.0,122714.0,652149.0,CAN -> GOV,0.00283666353019317
2019-04-15,CAN,GOV,3004,685,7.775965379494008,2309.5512649800266,2328.484021304927,2327.6501331557924,0.4117842876165113,0.6760985352862849,4375.202396804261,0.8190745672436742,-2.1062112035886043,42.11051930758988,47.67551146013746,-81.38823628659804,47.806362140893484,-79.34721547869427,47.742090359793806,-78.97865331993138,367490.0,92793.0,367402.0,CAN -> GOV,0.0023975073585279115
2019-04-22,CAN,GOV,3174,718,8.041902961562696,2171.15595463138,2189.8005671077503,2201.749527410208,0.26622558286074355,0.6953371140516699,4324.686200378072,1.264177693761814,-1.8224874013222352,38.405797101449274,47.4524543554563,-87.23438408328019,46.15761597000639,-79.54966634014042,46.59588235481815,-74.10560942693046,363272.0,98764.0,353735.0,CAN -> GOV,0.0025460049620626007
2019-04-29,CAN,GOV,2887,769,6.694492552822999,1723.1229650155872,1754.2213370280567,1702.9127121579495,0.39002424662279184,0.6969172151021822,3804.3962590924834,0.9033945271908559,-1.933754464023197,40.526498094908206,47.27746357017542,-75.0916636428071,45.07268478070171,-60.50103114385979,45.185888815789426,-63.236492561052785,211883.0,52619.0,211491.0,CAN -> GOV,0.0022389807557781525
2019-05-06,CAN,GOV,2787,820,8.52027269465375,2119.1872981700753,2152.2680301399355,2144.4689630426983,0.28238249013275923,0.7463222102619304,4156.566917832795,1.3117330462863286,-2.0121171262712907,39.75601004664514,48.32840029618873,-80.71282299128872,46.777908996007234,-69.30658287477321,46.799580602177834,-71.66531606823968,426249.0,87068.0,328725.0,CAN -> GOV,0.001955155591660809
2019-05-13,CAN,GOV,3283,859,7.634176058483095,1953.9159305513251,2011.7404812671336,2004.4532439841607,0.41547365214742615,0.744441060006092,4293.990862016449,1.7422784038988712,-0.8370442883643074,41.727078891257996,48.66740665927303,-72.65994091343198,47.648262455329736,-65.40486887215042,47.89354053974131,-70.89002588016027,534336.0,99184.0,534115.0,CAN -> GOV,0.0024721460004397604
2019-05-20,CAN,GOV,3196,761,6.217459324155194,1473.7884856070089,1495.85450563204,1499.4295994993743,0.4715269086357947,0.7218397997496871,3674.6207759699623,1.5876408010012502,-1.4064463302591041,46.68648310387985,46.68598509064881,-78.57215757124702,46.17085980438926,-75.91038296469488,46.259973004134814,-78.10401882124701,311933.0,66400.0,308306.0,CAN -> GOV,0.002450711634209051
2019-05-27,CAN,GOV,3889,887,5.948315762406788,1536.6022113653896,1542.871432244793,1551.4314733864746,0.33453329904859863,0.8102339933144768,3436.7791205965545,1.911699665723835,-1.6820240652731264,39.18230907688352,48.028687769945904,-81.07299054608848,46.90997181332312,-75.80795414433271,47.30360955151058,-76.88544043351426,477855.0,110188.0,475588.0,CAN -> GOV,0.0030788572206683234
2019-06-03,CAN,GOV,4048,1033,6.3021245059288535,1554.2033102766798,1567.92959486166,1562.3431324110672,0.3359683794466403,0.7134387351778656,4057.211709486166,1.0333250988142275,-1.6647542505146788,37.959486166007906,47.03304074390548,-80.72101993239525,45.880012200552876,-67.54431755642129,46.69723187459159,-74.85598852827358,358458.0,98541.0,358180.0,CAN -> GOV,0.0029484258552474403
2019-06-10,CAN,GOV,2535,756,5.757790927021696,1318.6879684418145,1357.534516765286,1376.3790927021696,0.45483234714003945,0.7325443786982249,3602.5980276134123,0.7158579881656802,-1.5282339824620326,41.798816568047336,49.27920468513349,-81.54689345675575,47.60175288401752,-78.13096279912322,48.18072953487443,-79.77186002271831,284599.0,53709.0,284106.0,CAN -> GOV,0.00207813287753772
2019-06-17,CAN,GOV,2483,800,7.1401530406766005,1808.718485702779,1831.965767217076,1821.8123238018527,0.44542891663310513,0.6902939991945227,4162.479661699557,1.4012082158679002,-1.1565315228778519,47.672170761176,48.35121607031248,-84.26520203207254,47.81951424753288,-77.5701177816613,47.98148324424341,-80.82077850041132,320577.0,52899.0,320225.0,CAN -> GOV,0.0018587388423268445
2019-06-24,CAN,GOV,3371,766,6.961435775734204,1601.780480569564,1640.4606941560369,1640.751112429546,0.4120439038860872,0.6656778404034411,3964.1776920795014,1.7762978344704834,-1.7671106082917156,44.31622663897953,47.173535337825776,-74.17341400658889,47.545994379754525,-75.70574861904765,46.05160514165912,-59.40374684126987,583868.0,116936.0,556607.0,CAN -> GOV,0.0022410717787834126
2019-07-01,CAN,GOV,1703,502,5.7110980622431,1608.4944216089254,1659.7915443335291,1663.9019377568995,0.3476218438050499,0.7809747504403993,3850.2618907809747,1.4603053435114497,-0.8283856748507398,44.59189665296535,46.96807966964285,-75.15327745952382,46.723514949999995,-69.85946692083333,46.61527838988094,-73.49279541666665,245994.0,49931.0,243838.0,CAN -> GOV,0.0015763964484334155
2019-07-08,CAN,GOV,3158,810,6.575680810639645,1617.7469917669412,1605.2083597213427,1640.2118429385687,0.42780240658644714,0.6877770740975301,3391.1010132995566,1.965009499683341,-1.512046131836838,44.48068397720076,48.127959081347335,-79.33026017731191,46.38355575532255,-71.89086212456331,47.32209302732762,-75.27978803558965,270893.0,57040.0,269625.0,CAN -> GOV,0.002611542554994968
2019-07-15,CAN,GOV,1975,577,5.503291139240506,1488.593417721519,1530.4344303797468,1519.3554430379747,0.35443037974683544,0.7650632911392405,4035.591898734177,1.1204050632911395,-1.4925086555729774,41.70632911392405,47.448703989743606,-67.39579377794874,46.30150817025642,-66.63136731641026,46.442406939487185,-67.94584712820514,242644.0,54150.0,242044.0,CAN -> GOV,0.0016734834638650435
2019-07-22,CAN,GOV,1959,579,6.033690658499235,1639.629913221031,1667.1168963757018,1679.951505870342,0.32465543644716693,0.7304747320061256,3451.07146503318,0.2282797345584483,-1.491383007164286,36.83001531393568,48.003306854771786,-82.08264730653528,45.44769646836099,-76.0430589631743,45.818157775414925,-76.61185954564318,153010.0,47301.0,152834.0,CAN -> GOV,0.0015990975180112746
2019-07-29,CAN,GOV,2146,564,8.039142590866728,1940.5214352283317,1984.18825722274,1972.9934762348555,0.26001863932898417,0.5717614165890028,3544.2996272134205,0.8160764212488354,-1.5384994445451312,38.74650512581547,48.10297346380327,-75.56342250289605,42.36165156081094,-59.28651541361025,46.16457314623577,-77.88679485472997,221479.0,66581.0,221458.0,CAN -> GOV,0.001690455934713426
2019-08-05,CAN,GOV,2009,522,7.702837232453957,1844.404181184669,1831.3349925335988,1873.1702339472374,0.44051767048282725,0.6958685913389746,3853.591836734694,1.182926829268292,-2.1814133990925297,46.112493777999006,49.50483020270947,-82.90460575915712,47.692144464124425,-81.24533260461624,47.88374870396386,-81.68140935323642,313595.0,58366.0,308223.0,CAN -> GOV,0.0015411547383795859
2019-08-12,CAN,GOV,3142,827,6.968173138128581,1710.7959898154043,1726.084659452578,1729.8682367918523,0.21769573520050922,0.715786123488224,3736.7062380649268,0.8728198599618088,-1.8785518683178202,36.95098663271801,48.598879740824195,-83.938983546362,48.13705421764326,-82.40945471860923,47.86592718126206,-78.39914917224738,271580.0,73543.0,271431.0,CAN -> GOV,0.0027875467104819564
2019-08-19,CAN,GOV,2875,744,7.228521739130435,1839.848695652174,1842.583304347826,1871.3217391304347,0.46504347826086956,0.6803478260869565,3801.910956521739,1.472034782608694,-1.5474394778986973,45.16173913043478,47.1750583894998,-75.53469881163545,45.87104581482792,-57.39662404114942,46.535212826888944,-63.93675246151127,420434.0,65284.0,409094.0,CAN -> GOV,0.0023269027184698613
2019-08-26,CAN,GOV,1823,577,7.859023587493144,2058.870543060889,2099.707076247943,2079.585298957762,0.36807460230389466,0.5474492594624246,3817.622051563357,1.3479978058145912,-1.080450149822018,43.773998902907294,47.26003843767469,-84.65558864002253,45.67954369591949,-76.99755322358872,46.05160450307434,-77.00815473672455,221572.0,46431.0,221496.0,CAN -> GOV,0.0015860807709239986
2019-09-02,CAN,GOV,2251,582,6.450466459351399,1620.888049755664,1650.3980453131942,1663.2007996446025,0.49044868947134607,0.7534429142603287,3844.014660151044,0.4106619280319852,-1.9556823285586211,46.028431808085294,45.33222357567565,-77.90318412342349,45.83712853783783,-70.49440620765769,46.12498963423423,-75.29495036666675,528108.0,86677.0,523334.0,CAN -> GOV,0.001992455048054369
2019-09-09,CAN,GOV,3084,738,7.766536964980545,2138.5645265888456,2158.604409857328,2158.7292477302203,0.24027237354085604,0.60473411154345,5473.555123216602,1.3176394293125788,-1.5173224332448885,40.252918287937746,49.02975690667106,-87.06567681860025,48.28493686066387,-76.91553307624065,48.74475277423597,-81.42094082188645,387170.0,94424.0,330177.0,CAN -> GOV,0.0026467127638667067
2019-09-16,CAN,GOV,3553,749,8.280045032367013,2141.289332958064,2139.242048972699,2173.2330424992965,0.2564030396847734,0.6622572473965663,4326.445820433437,1.480973824936672,-1.5189529105763233,38.26625386996904,50.00825365077098,-89.68048345059978,49.80105008138206,-84.80309323843532,49.00006300970873,-82.23407439862946,435513.0,79573.0,435240.0,CAN -> GOV,0.002717518086830554
2019-09-23,CAN,GOV,2350,736,6.581276595744681,1995.0748936170212,2030.064680851064,2032.4276595744682,0.3902127659574468,0.6480851063829787,4051.9553191489363,1.4171914893617004,-1.7462930117543645,44.83404255319149,48.756802758546065,-79.86700593292956,48.1042521094764,-74.60435973344879,48.05987069969708,-76.3593530930334,272771.0,47172.0,271079.0,CAN -> GOV,0.0016560234859364848
2019-09-30,CAN,GOV,2586,717,7.935808197989172,1989.3352668213456,2011.7521268368137,2022.1875483372003,0.32211910286156226,0.662799690641918,4438.92807424594,0.9266047950502697,-1.9513872769536886,42.20804331013148,48.44571300312628,-84.91908684525202,48.12890379054321,-81.07213071551388,47.777983753419356,-82.8192137061352,351666.0,79637.0,351208.0,CAN -> GOV,0.0020893086537451624
2019-10-07,CAN,GOV,2115,688,8.399054373522459,2148.106855791962,1926.4118203309692,2171.6959810874705,0.2988179669030733,0.5460992907801419,4828.948936170213,-0.7162174940898327,-1.9754236058954224,40.2080378250591,48.27895473247494,-72.35147537195995,48.3421724282308,-79.70789004625661,48.345509958035265,-79.97289459847404,172736.0,45109.0,172672.0,CAN -> GOV,0.0016047820227992862
2019-10-14,CAN,GOV,2008,750,7.590637450199203,2149.3575697211154,2189.7191235059763,2195.760458167331,0.30677290836653387,0.6080677290836654,4866.438247011953,0.9968625498007965,-1.338951223482754,38.147410358565736,48.65068149949698,-83.27384367706242,47.21555111971829,-72.21976920674048,48.85296138531187,-74.33336989989941,124775.0,29431.0,123430.0,CAN -> GOV,0.0014579365695943263
2019-10-21,CAN,GOV,4156,1034,6.96102021174206,1893.6980269489893,1894.3541867179981,1923.9485081809432,0.3897978825794033,0.6756496631376323,4251.145572666025,0.7469441770933579,-0.8777399590372033,44.9157844080847,47.52264960367333,-80.98970694200112,46.6482821070566,-78.93762910899,46.931093326244614,-79.9380046868054,559205.0,120110.0,558120.0,CAN -> GOV,0.003408088223234699
2019-10-28,CAN,GOV,1674,692,5.775388291517324,1459.1021505376343,1492.4922341696536,1486.1439665471923,0.33811230585424135,0.7628434886499402,3469.7473118279568,1.5545997610513738,-1.2049620271992807,47.592592592592595,48.38044409760587,-84.30370676918355,48.259338542050315,-83.00973558686312,48.22812143032534,-82.82527278146101,113342.0,18254.0,112389.0,CAN -> GOV,0.0015354192042969725
2019-11-04,CAN,GOV,2215,748,6.927313769751693,1822.9020316027088,1876.4988713318285,1855.0632054176072,0.32686230248306997,0.7146726862302483,4632.564785553048,1.6396839729119626,-1.2512721665649578,37.48984198645598,48.45308750341683,-75.41801171343971,47.92962131526194,-70.21137169749436,47.7741778642369,-69.4480661298406,104690.0,29154.0,103962.0,CAN -> GOV,0.0020003937569652535
2019-11-11,CAN,GOV,2021,681,5.68678871845621,1320.6234537357743,1364.8377041068777,1355.2271152894607,0.3839683325086591,0.8159327065809006,3471.9836714497774,1.561949529935674,-0.6129261698792056,44.20089064819396,48.847744290290265,-82.89759708358368,48.19547286886884,-77.0381752282283,48.58561327177175,-77.60408318768776,220445.0,43229.0,214814.0,CAN -> GOV,0.0017230193164021038
2019-11-18,CAN,GOV,3554,906,7.13984243106359,1792.2175014068655,1818.8781654473833,1827.205402363534,0.42515475520540236,0.7284749577940349,3846.489589195273,1.6617051209904317,-1.0421102100453798,47.00056274620146,47.26545121690864,-79.94736199829221,46.20060676430403,-73.27089333902656,46.886928287218915,-77.00945065926567,382596.0,69667.0,361523.0,CAN -> GOV,0.0027776106140051287
2019-11-25,CAN,GOV,2125,736,6.024,1382.870588235294,1425.1938823529413,1430.9590588235294,0.3416470588235294,0.7298823529411764,3794.3717647058825,1.4587764705882347,-0.987647208498411,39.96705882352941,47.63849316904757,-80.4281730719049,46.62984959523804,-76.46709126380968,46.79230513095232,-77.75516669523826,133276.0,29502.0,132463.0,CAN -> GOV,0.002286965159565595
2019-12-02,CAN,GOV,2929,830,6.99180607715944,1594.8682144076477,1629.6876066917036,1616.1864117446228,0.3509730283373165,0.6596107886650734,3604.984636394674,1.1006145442130422,-0.38297396266368067,41.20177534994879,48.99269715140973,-86.09100089105469,49.0060297528716,-82.82452416846506,49.22915373964502,-83.90363432613995,290994.0,62678.0,290002.0,CAN -> GOV,0.0024583903376614656
2019-12-09,CAN,GOV,2397,725,6.319148936170213,1458.7772215269085,1497.5773884021694,1508.0208594075928,0.3475177304964539,0.7175636211931581,3470.014601585315,1.5627868168544012,-1.005814546611335,44.801835627868165,46.8841716943027,-84.01232606377556,46.21871739285711,-80.47442385459189,46.96776504719385,-80.72337967942184,338148.0,46961.0,329617.0,CAN -> GOV,0.0022088704995530655
2019-12-16,CAN,GOV,3630,666,7.9195592286501375,2216.6826446280993,2221.912947658402,2243.2258953168043,0.462534435261708,0.7305785123966942,4383.41652892562,1.9703581267217642,-0.7408486090837736,49.917355371900825,49.49969542414952,-87.41467493669838,46.59755947183493,-82.14817801031802,45.57647256218629,-84.2656955761295,917363.0,123186.0,899489.0,CAN -> GOV,0.0033245411583690517
2019-12-23,CAN,GOV,1214,420,6.416803953871499,1783.838550247117,1817.2850082372322,1812.0428336079078,0.23640856672158156,0.6696869851729819,3533.2759472817133,1.088220757825371,-0.1460753562680683,40.33772652388797,47.83494723880596,-73.0122443474295,47.487666757877264,-72.12257510862351,47.6273389593698,-76.32886502072967,109399.0,21912.0,109267.0,CAN -> GOV,0.0017180477090810284
2019-12-30,CAN,GOV,1221,330,6.926289926289926,1790.3579033579033,1801.1932841932842,1811.3865683865683,0.38656838656838655,0.6846846846846847,3595.5872235872234,2.4213759213759203,-0.3282975642222876,40.204750204750205,47.32583026426172,-77.3305597785235,46.988435402684566,-72.80589965520134,46.973354488255026,-73.74734570637584,227425.0,13045.0,227341.0,CAN -> GOV,0.0012281972358017985
2020-01-06,CAN,GOV,5063,1248,8.594904206991902,2031.069128974916,2002.8485087892554,2057.439857791823,0.29271183093027847,0.6511949437092632,4361.741655145171,1.7523207584436105,-0.47808547163636345,36.012245704127984,48.66723049781839,-67.53540097818343,46.945265782625945,-55.09646271400243,47.60875346191989,-58.85661213288387,558194.0,149493.0,552904.0,CAN -> GOV,0.003306403634627705
2020-01-13,CAN,GOV,7639,1486,5.8969760439848145,1455.9588951433434,1440.8714491425578,1471.6197146223328,0.21010603482131168,0.836235109307501,3554.93363005629,1.8487760178033958,-0.14731634763737342,30.59824584369682,48.023853538471975,-71.17714290191707,47.772825555541004,-52.61836872702195,47.92962331591409,-56.49936630540952,1377026.0,143438.0,1362507.0,CAN -> GOV,0.006354025436064646
2020-01-20,CAN,GOV,4562,1223,7.048443665059184,1865.744191144235,1863.7398071021482,1884.6939938623411,0.3857957036387549,0.7637001315212626,3974.3119245944763,2.279548443665056,-0.7055460693410412,40.57869355545813,47.24016420529818,-75.50659135518775,47.236522777704316,-62.857732724944846,47.643885507726445,-72.63745746313475,915374.0,112394.0,828657.0,CAN -> GOV,0.0036966539690411306
2020-01-27,CAN,GOV,3017,931,6.60391117003646,1665.4295657938349,1697.7852171030825,1704.3099105071262,0.3974146503148823,0.7282068279748094,3740.4123301292675,2.1518064302287043,-0.2982662543953267,43.33775273450448,48.658531793288624,-76.53350372248333,46.49979223221479,-73.55118477617457,46.84670230503359,-71.43501617080545,250320.0,50279.0,248058.0,CAN -> GOV,0.002102715967468886
2020-02-03,CAN,GOV,2567,903,7.510323334631866,1867.942734709778,1943.871834826646,1957.3770938839111,0.3915075964160499,0.6357615894039735,3792.1710167510714,0.8001168679392292,-0.7237549883633102,42.46591351772497,46.83253272432855,-74.11642573696696,46.117239081358555,-72.19813505568732,46.591232446287485,-72.34180538467629,149833.0,31701.0,148026.0,CAN -> GOV,0.0020152584979219366
2020-02-10,CAN,GOV,2554,861,8.386844166014095,2141.4960845732185,2182.2556773688334,2167.6769772905245,0.5379796397807362,0.6280344557556774,4231.014095536413,1.3948316366483944,-2.304297317569757,52.00469851213782,48.49808169511709,-86.98037481976982,47.61750819174273,-81.82089438824941,47.67248422707421,-85.2198118332673,370727.0,55099.0,370477.0,CAN -> GOV,0.0022256479345656023
2020-02-17,CAN,GOV,3757,985,7.571200425871706,1753.4729837636412,1755.187915890338,1762.1469257386213,0.3034335906308225,0.671280276816609,4092.704285334043,1.7712536598349742,-1.728048185777724,34.21080649454352,47.53315559721483,-73.10101898794869,45.50808555543658,-69.24299808596687,47.646957227370166,-68.35428653561871,269298.0,95151.0,268770.0,CAN -> GOV,0.0034314137388070333
2020-02-24,CAN,GOV,2762,776,6.417813178855901,1573.4355539464157,1587.9355539464157,1594.5564808110066,0.3776249094858798,0.7856625633598842,3653.557566980449,1.9245112237509054,-1.7745217578737742,44.12020275162926,48.11744463107159,-74.64858345272529,48.01593271968859,-71.52784921764925,48.116598001483176,-72.0972947000371,318926.0,39948.0,311220.0,CAN -> GOV,0.0024074877925899583
2020-03-02,CAN,GOV,2254,778,5.33318544809228,1365.3336291038154,1365.6969831410825,1394.8083407275954,0.2377994676131322,0.8105590062111802,3261.933451641526,2.187178349600709,0.6127265847688975,37.32475598935226,46.930398797624484,-72.66213005299218,46.714283761991794,-69.74516893741426,46.70901025034264,-72.30962438008216,182007.0,17820.0,181426.0,CAN -> GOV,0.0018627575754069721
2020-03-09,CAN,GOV,4729,1002,5.840981179953478,1395.6299429054768,1389.2197081835484,1389.616620850074,0.3429900613237471,0.8151829139352929,3122.8995559314867,1.470268555720025,-1.202079995545283,41.526749841404104,47.70381576192524,-71.61141814203218,46.6773163381819,-67.90321804919797,46.546740861818265,-71.10447085475943,903141.0,144282.0,894106.0,CAN -> GOV,0.004406616354146962
2020-03-16,CAN,GOV,3303,945,9.471692400847715,2695.396306388132,2716.934907659703,2721.437783832879,0.3657281259461096,0.7335755373902513,5213.97093551317,1.6115349682107154,-1.4754865840572036,38.38934302149561,48.367285512638766,-80.35320604500623,47.81563142971644,-78.04498448797787,48.37433540197293,-78.88866113563509,319439.0,48810.0,318447.0,CAN -> GOV,0.0032172631542036275
2020-03-23,CAN,GOV,3418,960,8.54768870684611,2126.973376243417,2155.7068461088356,2157.7378583967234,0.32065535400819195,0.7103569338794616,4691.946752486834,1.4809830310122865,-1.5283975197739055,40.845523698069044,47.944014721844546,-80.67099241028689,46.607638863730514,-77.545943115578,47.454843924918755,-79.17367550753784,305046.0,77055.0,304583.0,CAN -> GOV,0.0034757177692766074
2020-03-30,CAN,GOV,2716,871,6.8976435935198825,1898.4745949926362,1913.7437407952873,1920.8810751104565,0.3744477172312224,0.6734167893961709,3872.4009572901327,1.9902061855670095,-1.0609673162291906,43.49779086892489,47.67029062560651,-73.21581254833902,46.91731025457254,-72.63035294438231,47.20174600111977,-72.80659398133638,224781.0,30041.0,214180.0,CAN -> GOV,0.002929587430818699
2020-04-06,CAN,GOV,1782,663,7.36307519640853,2056.1717171717173,2065.793490460157,2082.622334455668,0.35129068462401797,0.6503928170594837,4427.910774410774,1.780527497194165,-1.7048981500262959,42.76094276094276,47.92037210125854,-74.06283844450806,48.15833542562924,-77.92093863501154,48.13068846281458,-77.25648834897032,83225.0,18666.0,83155.0,CAN -> GOV,0.002083503840802535
2020-04-13,CAN,GOV,2508,678,7.455741626794258,2155.9501594896333,2165.931419457735,2163.1144338118024,0.3991228070175439,0.7013556618819776,5373.6208133971295,1.1757974481658684,-1.8454568408558247,37.503987240829346,49.85698230918658,-79.69476967664919,48.22546018089839,-78.06939648158645,48.71982103156615,-76.316325368272,206941.0,63180.0,206397.0,CAN -> GOV,0.0029726628801168206
2020-04-20,CAN,GOV,1863,606,6.169618894256575,1511.6940418679549,1554.5448201825013,1570.3827160493827,0.4192163177670424,0.7949543746645196,3563.888352120236,0.9078368223295752,-2.971894298741039,50.864197530864196,47.62354791021323,-77.37400472390577,46.80506447867563,-70.44684464197533,47.13213287093153,-74.11306682659935,129601.0,21593.0,128256.0,CAN -> GOV,0.0021588686276872875
2020-04-27,CAN,GOV,1654,574,7.4516324062877874,1790.3415961305925,1827.4830713422007,1725.4721886336156,0.42503022974607013,0.6747279322853688,3800.4437726723095,0.05024183796856077,-2.611690255251815,42.1584038694075,47.46340737293324,-76.82148019840791,47.15268094366195,-75.40747648744649,47.22786553276178,-76.19911647519909,104085.0,22252.0,103999.0,CAN -> GOV,0.001957748612768214
2020-05-04,CAN,GOV,1518,582,6.337285902503294,1605.361001317523,1647.5487483530962,1649.9097496706192,0.43478260869565216,0.7028985507246377,3667.2028985507245,1.347233201581028,-1.516847347231512,44.04479578392622,48.47281728074863,-79.00484084024067,47.909378361630985,-77.2746761143048,48.55150834224598,-78.83071981751334,81281.0,17647.0,81196.0,CAN -> GOV,0.0017150430060026505
2020-05-11,CAN,GOV,1855,620,7.175741239892183,1813.4431266846361,1855.1978436657682,1856.9843665768194,0.4102425876010782,0.6765498652291105,3851.2700808625336,1.2602695417789749,-1.1258822730492726,45.23450134770889,47.48927637225876,-71.96181034484651,47.13483046765349,-74.08388320833335,47.506044360197336,-72.90189143201755,126607.0,27617.0,124501.0,CAN -> GOV,0.0021174953055528604
2020-05-18,CAN,GOV,1380,532,6.467391304347826,1590.7695652173913,1657.2768115942029,1657.2398550724638,0.4036231884057971,0.6811594202898551,3921.5934782608697,1.2463768115942024,-1.3068535573961997,46.7463768115942,48.56595246113207,-79.2007353901887,48.16910892075472,-76.77188751169813,47.97541622867924,-78.15487455622645,90368.0,14726.0,89351.0,CAN -> GOV,0.0015679680043630415
2020-05-25,CAN,GOV,1967,590,7.620742247076767,1938.403660396543,1980.5480427046264,1976.1698017285205,0.3101169293340112,0.6583629893238434,3765.4590747330963,1.0417386883579056,-2.425011460416604,40.24402643619725,47.15759264705879,-78.32021291566896,46.3852331467985,-69.08187484591363,46.77464260801661,-70.04007753513801,105154.0,27581.0,104984.0,CAN -> GOV,0.0021017292519681673
2020-06-01,CAN,GOV,2186,677,8.763494967978042,2271.6953339432753,2298.0105215004573,2285.3636779505946,0.31244281793229645,0.6120768526989936,4417.550777676121,1.5768069533394324,-2.6851185121425645,43.37602927721866,48.377563844537775,-79.2752810308124,47.98726874089632,-76.77548887114851,48.02225244631181,-77.10794959570501,195731.0,37143.0,194324.0,CAN -> GOV,0.0017249828172457248
2020-06-08,CAN,GOV,1285,584,6.926848249027238,1795.2747081712062,1846.1750972762645,1830.5525291828794,0.3369649805447471,0.6848249027237354,4058.505058365759,1.0702723735408561,-2.2495779877672093,39.29182879377432,47.41884496073719,-67.8691306594551,47.065509421474374,-66.83966455368586,47.434594125000004,-68.93997812179482,33243.0,10403.0,33119.0,CAN -> GOV,0.0011903229063516927
2020-06-15,CAN,GOV,2261,695,9.39716939407342,2518.8513931888547,2552.8478549314464,2540.1477222467934,0.3635559486952676,0.5886775762936753,4705.167182662539,1.1176028306059267,-1.5245199755790684,40.004422821760286,48.58837892705027,-79.57453502628009,47.922187626642476,-77.70363146850936,47.828090139102834,-74.67114118486637,143082.0,35759.0,142527.0,CAN -> GOV,0.0021267649750685955
2020-06-22,CAN,GOV,1770,587,6.284180790960452,1670.5841807909605,1707.0977401129944,1705.4254237288135,0.3519774011299435,0.7406779661016949,4123.685875706215,1.3834463276836158,-1.8411791438007528,43.112994350282484,47.147925457900776,-84.58547670934261,46.82149215109572,-83.44169220357558,47.354677586505176,-81.5036820732411,129919.0,25716.0,122458.0,CAN -> GOV,0.0018932303644201046
2020-06-29,CAN,GOV,1683,594,7.572192513368984,1951.5508021390374,1905.1075460487225,1986.2222222222222,0.5282234105763518,0.7011289364230541,4180.780154486037,1.2417706476530013,-2.1484105816111088,48.97207367795603,47.188298713595124,-75.65564829909371,46.51259042537761,-73.96043060966772,46.04055992205435,-71.57839734924475,195187.0,26829.0,161718.0,CAN -> GOV,0.0017952325535503045
2020-07-06,CAN,GOV,1364,557,7.07258064516129,1865.7778592375366,1908.4882697947214,1911.033724340176,0.33284457478005863,0.6876832844574781,4089.2815249266864,1.3318914956011725,-1.0467307069502398,41.92815249266862,46.400320105812206,-74.52645731222061,46.08982235469446,-77.28919022429213,46.686552300298054,-77.27767914530556,56709.0,15487.0,56395.0,CAN -> GOV,0.001441805597249999
2020-07-13,CAN,GOV,1860,614,7.486021505376344,1963.547311827957,1944.9408602150538,1971.441935483871,0.3032258064516129,0.6548387096774193,4327.360752688172,1.6817204301075255,-1.353481434911543,41.586021505376344,47.53301922003284,-78.02439560262725,47.04068230158731,-80.21517845374932,47.31656994526547,-79.32676506185007,155491.0,36376.0,146684.0,CAN -> GOV,0.00203394056300787
2020-07-20,CAN,GOV,1431,580,6.664570230607967,1682.6764500349407,1716.0712788259957,1705.6589797344513,0.3158630328441649,0.7120894479385046,4202.185883997205,1.667714884696017,-1.2435055935925665,42.88609364081062,47.72621295705079,-78.84804150107378,47.03724683965638,-73.52452587186832,47.21690422476735,-73.63722649391556,65200.0,14182.0,63344.0,CAN -> GOV,0.0014723009872956167
2020-07-27,CAN,GOV,2097,648,11.154029566046733,2869.9203624225083,2909.9289461134954,2895.523128278493,0.19837863614687648,0.6280400572246065,5501.1878874582735,0.7794468288030508,-0.5933824399387706,37.58226037195994,47.44197507883208,-76.77816713868606,47.01922870024328,-75.34271101605836,47.19132846909972,-75.58596989927003,135160.0,43416.0,133972.0,CAN -> GOV,0.0023357485366763756
2020-08-03,CAN,GOV,1893,541,8.80243000528262,2472.9793977812997,2492.350765979926,2513.172741679873,0.3650290544109879,0.6143687268885367,4907.704173269942,1.6965134706814589,-1.4271100868735396,43.46011621764395,48.12519669518715,-79.41202832245997,47.46629343582885,-74.12687316042785,47.871021409090886,-78.31307381283429,267546.0,43771.0,263025.0,CAN -> GOV,0.0021545812452409704
2020-08-10,CAN,GOV,1872,597,7.603632478632479,1983.457264957265,2014.0608974358975,1999.2403846153845,0.31677350427350426,0.6891025641025641,4679.1741452991455,0.9571581196581196,-1.1556760237700483,43.80876068376068,46.65090494277927,-73.09902744741144,45.36354341144411,-69.19761845286104,45.856428756948205,-70.22773685504086,141981.0,26939.0,139944.0,CAN -> GOV,0.0019932536031892056
2020-08-17,CAN,GOV,2423,636,7.444077589764754,1881.3974411886093,1945.4548080891457,1926.695831613702,0.33470903838217086,0.7243087082129591,4746.285596368139,1.682170862567065,-1.2158922676958537,41.242261659100286,47.519603266583175,-75.70066787651247,45.95290741134746,-69.36372070629965,46.267484260742535,-70.54827972423874,339584.0,67832.0,328877.0,CAN -> GOV,0.00257192745954495
2020-08-24,CAN,GOV,1537,524,8.601821730644112,2319.8165256994143,2375.476903057905,2380.779440468445,0.35003253090435915,0.5881587508132726,4184.470396877034,0.5651919323357191,-1.4181833315521517,42.84970722186077,47.32146489029256,-81.14646797473412,46.12363908444149,-70.34914940226074,46.25130090957446,-71.64534626928202,119441.0,28849.0,118499.0,CAN -> GOV,0.0015808105845399399
2020-08-31,CAN,GOV,1522,482,6.78646517739816,1876.5446780551906,1890.8423127463864,1908.4802890932983,0.3272010512483574,0.6977660972404731,3570.8784494086726,1.8389618922470428,-0.9272200207928252,43.206307490144546,46.26862557190858,-75.20368881989246,46.15589332661288,-73.75595327352151,46.143012176075246,-74.78236366330646,90379.0,20304.0,89944.0,CAN -> GOV,0.0016048537864321317
2020-09-07,CAN,GOV,1502,444,7.247669773635153,2003.9886817576564,2043.3435419440746,2036.7696404793608,0.4167776298268975,0.6524633821571239,4142.303595206391,1.3883488681757659,-0.9915872891673483,52.250332889480696,47.048848411405274,-80.84816571690429,46.6048692837746,-79.46158169585881,46.79985352002714,-79.48956972505093,174110.0,25746.0,172567.0,CAN -> GOV,0.0016702770747243265
2020-09-14,CAN,GOV,2594,672,5.304163454124904,1334.6665381649962,1372.6804163454126,1375.9545104086353,0.3912875867386276,0.8265227447956823,3821.5724749421743,0.32274479568234343,-2.0032959173727005,43.94757131842714,45.77638679439247,-70.69737343457956,45.597060463785,-67.31501189524931,45.67554089291273,-67.3865686304518,245934.0,46468.0,244117.0,CAN -> GOV,0.00281886662870506
2020-09-21,CAN,GOV,2334,614,6.272065124250214,1616.5561268209083,1654.1199657240788,1655.834618680377,0.4413024850042845,0.7129391602399314,3919.3688946015423,0.8014567266495288,-0.8714774843437909,48.82176520994002,47.596550761531724,-78.79877030722376,47.40556773281109,-75.88599868537867,47.32685036988682,-78.12008649521333,241466.0,35079.0,239304.0,CAN -> GOV,0.002568204875407953
2020-09-28,CAN,GOV,1485,522,6.58989898989899,1663.2747474747475,1705.4632996632997,1699.569696969697,0.39057239057239057,0.7178451178451178,3508.525925925926,0.5396632996632993,-1.9836426199195667,49.08417508417509,49.03319579494189,-77.35073597607662,48.7087718660287,-77.35383882433362,48.875044046479836,-78.36328275187975,90697.0,14994.0,90126.0,CAN -> GOV,0.0018878742535904571
2020-10-05,CAN,GOV,1497,441,6.018704074816299,1543.123580494322,1585.2204408817636,1589.054776219105,0.30995323981295925,0.7100868403473614,3579.444889779559,1.402338009352035,-0.4965653526226365,38.530394121576485,46.745054665314484,-70.28821456389454,45.817586231913495,-67.49092729141312,46.505341928330026,-62.26998106423259,93836.0,24112.0,91762.0,CAN -> GOV,0.002116625050547325
2020-10-12,CAN,GOV,666,255,6.572072072072072,1722.6591591591591,1762.6636636636636,1755.484984984985,0.25825825825825827,0.5585585585585585,4064.5135135135133,1.0980480480480486,-1.6343802186159448,34.87987987987988,46.631548607305945,-80.44603308523591,46.5116352891933,-57.203368245053284,46.23143726788432,-58.63885439421614,17657.0,5231.0,17475.0,CAN -> GOV,0.0013391187553031918
2020-10-19,CAN,GOV,768,314,6.700520833333333,1824.1861979166667,1853.4270833333333,1848.7890625,0.4791666666666667,0.6653645833333334,4439.052083333333,1.0005208333333337,-1.3737778575922508,54.049479166666664,48.69988734123847,-81.07699863899866,48.76475651119894,-80.31670263504608,48.62687436363637,-81.21379332542817,49224.0,5953.0,48887.0,CAN -> GOV,0.0016471637898493531
2020-10-26,CAN,GOV,632,224,6.625,1813.7816455696202,1851.0522151898733,1857.5189873417721,0.38449367088607594,0.6313291139240507,4103.098101265823,2.7879746835443027,-1.6425858202271753,45.537974683544306,49.058284944089465,-79.06208336581469,47.567321725239616,-77.09710860543127,47.64252268370607,-77.19771355750795,52721.0,10260.0,52240.0,CAN -> GOV,0.001691046816845181
2020-11-02,CAN,GOV,311,154,9.581993569131832,2357.6430868167204,2414.75884244373,2459.5369774919614,0.24437299035369775,0.4855305466237942,4862.061093247588,1.0585209003215434,-1.3320896273609992,33.344051446945336,47.52317424749168,-79.98589988628761,47.03582366220739,-78.6668712341137,46.85669849498331,-76.82128461204013,8064.0,3260.0,8036.0,CAN -> GOV,0.0008987348356557874
2020-11-09,CAN,GOV,443,243,7.1647855530474045,1857.3182844243793,1903.3318284424379,1894.6388261851016,0.3160270880361174,0.6388261851015802,4107.744920993228,1.6069977426636572,-1.324201561170331,40.519187358916476,47.26305605022833,-73.9969058584475,45.959497945205484,-63.51246233333332,46.96081929223745,-70.95005235844748,11669.0,2364.0,11613.0,CAN -> GOV,0.0017244466589332566
2020-11-16,CAN,GOV,1138,420,6.963971880492092,1912.0035149384885,1927.7021089630932,1918.8620386643233,0.28822495606326887,0.6239015817223199,3857.1493848857644,2.17311072056239,-1.8784982331501587,37.249560632688926,47.648123582959634,-75.1975242789238,48.078600242152476,-72.93902867354262,48.19298212556054,-72.96524547443948,64842.0,18166.0,64661.0,CAN -> GOV,0.0017163524042507624
2020-11-23,CAN,GOV,1391,522,5.994967649173256,1655.6189791516895,1687.6800862688713,1692.724658519051,0.393961179007908,0.7332854061826024,4431.212077641984,1.738173975557153,-1.0627228220811091,47.757009345794394,49.31777471407731,-85.93219320277174,49.14059468927789,-82.91186585339172,49.03008132895697,-83.98383261706789,118638.0,20212.0,116042.0,CAN -> GOV,0.001928868970031117
2020-11-30,CAN,GOV,1438,577,6.69471488178025,1870.7920723226703,1920.0229485396385,1911.7962447844227,0.3748261474269819,0.6891515994436718,3870.4652294853963,0.8684283727399167,-0.93324456684832,43.19193324061196,48.88488820753376,-74.71128716702205,48.972901161336175,-70.47072737100214,48.432372366027,-73.02806255010663,49626.0,11386.0,49101.0,CAN -> GOV,0.001874712372449811
2020-12-07,CAN,GOV,1518,523,7.7397891963109355,2064.6337285902505,2089.98418972332,2097.221343873518,0.4782608695652174,0.5744400527009222,4668.615942028986,3.078590250329381,-0.27854940666138406,45.18445322793149,44.4669700987984,-56.91123267222962,37.98827669092124,-38.59077319292389,37.981538056074776,-37.737948626835774,198728.0,36491.0,198448.0,CAN -> GOV,0.0018562585751075481
2020-12-14,CAN,GOV,1468,473,6.773160762942779,1891.4700272479563,1890.9659400544958,1917.0735694822888,0.5429155313351499,0.7935967302452316,3778.0558583106267,1.6735694822888278,-0.8935926183346404,53.64441416893733,47.95693705450731,-81.20199643605874,46.9014578791055,-77.38283512718382,47.27780725017467,-80.47054726345218,290238.0,32072.0,289412.0,CAN -> GOV,0.0018117126979092489
2020-12-21,CAN,GOV,968,302,4.634297520661157,1161.7985537190082,1181.7685950413222,1207.2510330578511,0.515495867768595,0.8574380165289256,3638.7355371900826,0.14008264462809927,-1.9239602198257566,44.62809917355372,46.91434866489926,-77.17190636585364,45.37572851749734,-53.86898619512195,45.67066344114528,-61.94542586638387,59726.0,19657.0,59708.0,CAN -> GOV,0.0013808095994796287
2020-12-28,CAN,GOV,734,303,7.079019073569483,1688.1389645776567,1632.41689373297,1701.6539509536785,0.36648501362397823,0.6852861035422343,3995.697547683924,1.8002724795640328,-1.4395601307422135,43.29700272479564,47.45413259052926,-78.96170127158774,46.61660817130922,-75.2673342339833,46.86830872841227,-76.05175795682453,30251.0,5434.0,27693.0,CAN -> GOV,0.00119751881931823
2021-01-04,CAN,GOV,1546,532,8.688227684346701,2177.5924967658475,2209.2561448900387,2217.2943078913327,0.5278137128072445,0.7419146183699871,4826.752910737387,1.1217335058214752,-1.7354675142518647,43.16300129366106,46.66182403838648,-81.2076779895901,47.01116815029279,-80.52862262199089,47.239459562134044,-79.25008458230317,144430.0,36336.0,144402.0,CAN -> GOV,0.0014505685459316993
2021-01-11,CAN,GOV,1085,476,6.027649769585254,1525.3428571428572,1577.4976958525347,1555.1990783410138,0.423963133640553,0.7511520737327189,3757.517050691244,1.5910599078341012,-1.7114133287351876,52.064516129032256,49.064546108490575,-81.2904237716981,48.41084311320756,-79.1235009726415,48.55887094339623,-79.28437408584904,64786.0,8416.0,61923.0,CAN -> GOV,0.0011764425245480725
2021-01-18,CAN,GOV,2145,580,5.967832167832168,1452.3365967365967,1457.2284382284383,1496.8801864801865,0.31002331002331,0.7888111888111888,3862.227505827506,1.426013986013986,-1.1248788209367218,42.42424242424242,48.890105325625264,-83.17920246484202,48.15221953091078,-80.81018011798028,48.25222131241149,-78.69537687210956,161457.0,36496.0,159820.0,CAN -> GOV,0.0024249152410162262
2021-01-25,CAN,GOV,1769,598,6.960429621254947,1930.2459016393443,1942.7552289429057,1956.6150367439232,0.5381571509327303,0.8066704352741662,4856.463538722442,1.6197286602600343,-2.2908360673449804,50.49180327868852,47.38814872578759,-80.63140536639455,46.417455889731585,-77.20853704317395,46.38497469894978,-80.0342531219371,360399.0,44656.0,359808.0,CAN -> GOV,0.002188086370658615
2021-02-01,CAN,GOV,1463,532,7.557758031442242,2086.1756664388245,2060.3964456596036,2101.913192071087,0.4388243335611757,0.7108680792891319,4071.408065618592,1.1899521531100485,-1.6520000911450325,45.39302802460697,46.01046953448276,-74.71731616413796,44.75923329586206,-69.9216836096552,45.37393670344828,-72.99004287724141,82113.0,15458.0,82040.0,CAN -> GOV,0.0017667908532645778
2021-02-08,CAN,GOV,1225,548,6.775510204081633,1892.421224489796,1930.7297959183672,1918.185306122449,0.3902040816326531,0.6914285714285714,4027.3861224489797,1.9930612244897956,-1.1128933837683819,43.2734693877551,49.600702794117645,-80.88953605126052,44.20711413865547,-66.49637865546217,45.78205138655461,-71.1909070588235,34984.0,8065.0,34873.0,CAN -> GOV,0.0015491053758382558
2021-02-15,CAN,GOV,1434,463,6.816596931659693,1896.0271966527196,1906.508368200837,1916.1429567642956,0.496513249651325,0.6422594142259415,4295.215481171548,1.9945606694560665,-1.4331733398050144,46.51324965132496,47.125282465909095,-74.37226285298296,46.637330800426156,-65.73248643394885,46.16037403551136,-66.62716968892045,154054.0,23317.0,153173.0,CAN -> GOV,0.0018908826228678122
2021-02-22,CAN,GOV,2046,664,7.601661779081134,2147.5522971652003,2151.794721407625,2150.9828934506354,0.3602150537634409,0.5645161290322581,4480.531769305963,1.3976050830889508,-0.8346467248663546,35.96285434995112,50.52216948181362,-83.97750874887893,47.84800090931735,-78.4306580657698,48.41146755107121,-80.19566208121576,156865.0,61287.0,155708.0,CAN -> GOV,0.002621090942631929
2021-03-01,CAN,GOV,1752,577,8.997146118721462,2524.3647260273974,2556.4246575342468,2546.1369863013697,0.4098173515981735,0.531392694063927,5118.820776255708,1.1333333333333317,-0.859654520803899,39.05251141552512,45.28086179019723,-70.93053190496116,45.43011232635981,-70.74166924028695,46.62376269097427,-71.51733459115361,85901.0,20118.0,85479.0,CAN -> GOV,0.00230613402692859
2021-03-08,CAN,GOV,2123,640,7.5025906735751295,1901.5157795572304,1820.1191709844559,1930.3278379651438,0.34338200659444185,0.6905322656617994,5243.0956194065,-0.06627414036740185,-1.435801712386549,37.64013188883655,47.27034466251795,-83.59545657539512,46.63420522977502,-74.77823302393506,47.03008024940163,-75.20872282766892,221509.0,59261.0,220873.0,CAN -> GOV,0.0027754355002124393
2021-03-15,CAN,GOV,1272,564,8.09433962264151,2466.3954402515724,2487.297955974843,2542.6328616352203,0.4488993710691824,0.5990566037735849,5204.558176100629,1.0642295597484284,-0.882216452940763,42.7751572327044,47.82095713290632,-70.79571609527623,46.70995483907126,-64.48800231064851,46.966598367494,-69.00923901921536,57581.0,10928.0,57462.0,CAN -> GOV,0.001421032169844625
2021-03-22,CAN,GOV,1870,547,7.438502673796791,2034.0491978609625,1982.0438502673796,2034.0951871657753,0.3657754010695187,0.6834224598930482,4340.322459893048,0.9809625668449201,-2.0176617385850757,40.86631016042781,48.78651681763746,-77.56950816657597,46.89764516167669,-49.90210686663037,48.52858941861733,-73.37897374741429,139794.0,42402.0,139173.0,CAN -> GOV,0.002192157235115311
2021-03-29,CAN,GOV,853,402,6.74443141852286,1987.6060961313012,2013.5334114888628,2027.4982415005861,0.3552168815943728,0.6694021101992966,4210.032825322392,0.9194607268464249,-1.414913199252614,42.75498241500586,47.109929304191624,-78.50580858562876,47.06025263473054,-75.71830137365268,46.13600715568863,-78.6791557281437,20670.0,4586.0,20501.0,CAN -> GOV,0.0012314133102353112
2021-04-05,CAN,GOV,1448,564,9.33632596685083,2520.1664364640883,2571.2354972375692,2575.1726519337017,0.35497237569060774,0.5890883977900553,5496.824585635359,1.762845303867402,0.1986201420805631,45.48342541436464,48.86451767241379,-82.1848818010058,48.45626029597701,-78.71203263290235,48.62412183261494,-79.22548577155179,78257.0,12052.0,65194.0,CAN -> GOV,0.0019392069340040204
2021-04-12,CAN,GOV,1402,529,6.55848787446505,1790.327389443652,1786.6348074179743,1814.833095577746,0.36875891583452214,0.6426533523537803,4335.134807417974,1.6008559201141228,-0.8299960525495584,44.76462196861626,48.65345039575714,-78.78313938844187,47.14894680175567,-73.38500238844186,48.379234402340906,-76.41535115874181,68017.0,12917.0,66321.0,CAN -> GOV,0.0016394650339060547
2021-04-19,CAN,GOV,1842,678,8.17698154180239,2241.100434310532,2273.8588490770903,2288.598805646037,0.4033659066232356,0.6416938110749185,4445.522258414767,0.636102062975027,-1.3010961411921627,45.0271444082519,45.929148266219215,-70.47036543680092,45.59633519239371,-68.89342649608503,45.21065186633108,-64.00669886744967,81565.0,14177.0,81147.0,CAN -> GOV,0.0022184939533393634
2021-04-26,CAN,GOV,1386,600,7.013708513708513,1901.6103896103896,1944.2142857142858,1921.7922077922078,0.39105339105339104,0.6341991341991342,4380.497113997114,1.0725108225108224,-1.4497516643298056,42.72727272727273,46.34197102359881,-79.24757389675517,44.828380913716806,-70.91727858407079,44.95485162463126,-72.66702598598819,45671.0,11391.0,45498.0,CAN -> GOV,0.0017678616527082977
2021-05-03,CAN,GOV,1638,561,9.952380952380953,2682.0818070818073,2716.370573870574,2714.594017094017,0.3894993894993895,0.49206349206349204,4871.443223443223,0.44694749694749697,-1.478812342417778,42.61904761904762,46.77151890068708,-69.06709085071827,36.8264495402873,-36.35022721611497,42.13123404809493,-36.17919271080579,154364.0,37636.0,153953.0,CAN -> GOV,0.002272304794035963
2021-05-10,CAN,GOV,1313,523,7.4097486671744095,2025.8126428027417,2070.162223914699,2065.4676313785226,0.38537699923838536,0.6397562833206397,4492.913937547601,1.695430312261995,-1.5283761059644503,42.13252094440213,47.686371054730266,-80.75605764972636,45.35109790148555,-74.07494795465207,47.40269309695076,-79.64612452462863,44614.0,9633.0,44489.0,CAN -> GOV,0.0014731175677965055
2021-05-17,CAN,GOV,773,446,6.408796895213454,1657.3363518758085,1694.5847347994825,1688.4023285899095,0.39327296248382926,0.7244501940491591,4390.926261319534,0.8289780077619665,-0.7068582174843798,46.88227684346701,49.32309100269907,-81.74730216464239,48.79303439001351,-77.82085122132254,49.19416397840757,-80.79360175168691,16324.0,2658.0,15388.0,CAN -> GOV,0.0008129542631721202
2021-05-24,CAN,GOV,955,388,6.534031413612565,2173.887958115183,2182.5057591623035,2205.6785340314136,0.3633507853403141,0.7141361256544503,4311.853403141361,1.087853403141361,-1.4034813640796409,42.96335078534032,49.74355198162164,-71.98127045081081,47.94863999027029,-67.45586944216217,48.56798124216218,-70.16072400108108,34467.0,11601.0,34345.0,CAN -> GOV,0.0012629468583700977
2021-05-31,CAN,GOV,1620,515,7.380864197530864,2109.4246913580246,2132.9814814814813,2160.127160493827,0.3537037037037037,0.6746913580246914,4494.054320987654,1.7553703703703698,-1.5586156446891577,45.401234567901234,47.96750669652062,-83.41297362371134,47.49408974355671,-80.83981869974227,47.65320260889175,-81.72377692396907,78976.0,18257.0,73136.0,CAN -> GOV,0.002409255108884946
2021-06-07,CAN,GOV,2004,684,6.596307385229541,1718.7345309381237,1746.6516966067863,1754.743512974052,0.37624750499001997,0.6906187624750499,5221.379740518962,1.8832834331337323,-1.8551494665270403,48.522954091816366,47.24592678140957,-78.22813000612878,45.359105302349306,-74.78632844943832,45.93124273237996,-76.80707581971409,234784.0,40948.0,214957.0,CAN -> GOV,0.0025395924232958183
2021-06-14,CAN,GOV,1207,534,7.261806130903065,2100.3985086992543,2159.541010770505,2157.215410107705,0.3388566694283347,0.6404308202154101,4160.08202154101,2.0173985086992543,-1.2142309632737662,44.13421706710854,49.09087680742658,-83.52245196373055,47.662758488773726,-77.13201015889463,48.11809665371328,-81.1475647702936,36433.0,6691.0,33080.0,CAN -> GOV,0.001736583204204632
2021-06-21,CAN,GOV,1437,551,6.354906054279749,1753.0118302018093,1803.197633959638,1801.90953375087,0.34794711203897005,0.6847599164926931,4710.654140570633,0.7496172581767573,-1.240507995241012,43.74391092553932,48.43109591410162,-82.33461394345032,47.59862272154614,-78.45329480744459,47.917088284896174,-79.57542720758775,70142.0,16316.0,67764.0,CAN -> GOV,0.0020209975598950826
2021-06-28,CAN,GOV,891,442,6.667789001122334,1982.0886644219977,1980.465768799102,2022.9977553310887,0.36475869809203143,0.5712682379349046,4578.4421997755335,1.7093153759820428,-1.03379302784149,41.01010101010101,48.427032800453524,-80.93994832199544,47.32451475510205,-78.67036234467118,48.022705375283444,-78.80368050793648,19531.0,4534.0,18557.0,CAN -> GOV,0.0013130515258513466
2021-07-05,CAN,GOV,1083,488,6.426592797783933,1783.0461680517083,1819.4182825484766,1811.0877192982457,0.4136657433056325,0.7257617728531855,4475.654662973223,2.2664819944598347,-0.47684193238763534,44.82917820867959,48.831491713883686,-87.26360869512193,47.364842028142604,-84.9440499634146,47.83376268949344,-85.95383660787992,30810.0,5574.0,29561.0,CAN -> GOV,0.002142157783865576
2021-07-12,CAN,GOV,1228,515,6.793973941368078,1787.635993485342,1820.7117263843647,1813.4234527687297,0.4527687296416938,0.6522801302931596,3988.28013029316,0.8538273615635182,-1.4083080109802177,43.82736156351792,49.38347874432295,-81.16516139276702,48.249461295206046,-81.77131121614804,49.12619486627418,-80.00099966358283,106120.0,11631.0,105139.0,CAN -> GOV,0.001745575293570796
2021-07-19,CAN,GOV,1319,518,7.124336618650493,1914.0151630022744,1963.5140257771038,1968.6163760424563,0.4162244124336619,0.6034874905231236,4033.3313115996966,0.5541319181197878,-1.3028536645323079,41.3874147081122,50.24041515151515,-79.5098164242424,49.081839167055165,-76.6907699339549,49.4479968982129,-80.1917664374514,59012.0,13492.0,57634.0,CAN -> GOV,0.002153022965034189
2021-07-26,CAN,GOV,782,398,6.982097186700767,2099.269820971867,2125.468030690537,2120.928388746803,0.35038363171355497,0.6278772378516624,4194.9245524296675,2.161125319693095,-0.5717016862973967,43.785166240409204,48.19494724444448,-81.62531440522874,47.75668979346409,-78.61180312418297,47.78026558823533,-80.32496749019604,15829.0,3228.0,15471.0,CAN -> GOV,0.0013134843784380285
2021-08-02,CAN,GOV,857,371,8.05950991831972,2276.8541423570596,2321.5087514585766,2279.7432905484247,0.3897316219369895,0.5834305717619603,4978.270711785298,2.1443407234539076,-0.80587249870261,45.670945157526255,49.19907165291262,-83.52802928762134,49.16012282524272,-80.63711329611651,49.215331027912626,-80.77808704247572,58006.0,9466.0,57827.0,CAN -> GOV,0.0015726646297264811
2021-08-09,CAN,GOV,1271,427,8.48701809598741,1451.569630212431,2002.513768686074,1966.748229740362,0.5216365066876475,0.6317859952793077,4421.405979543666,1.1324940991345405,-2.1857008629958226,44.76789929189614,48.775793244963744,-87.61735597904918,43.93883504593071,-69.36260360515708,45.69463399838841,-61.99148405076547,187541.0,39472.0,187452.0,CAN -> GOV,0.0024539427194550743
2021-08-16,CAN,GOV,922,339,7.202819956616052,1924.9295010845988,1832.9197396963123,1968.619305856833,0.3492407809110629,0.6507592190889371,3977.507592190889,1.7266811279826464,-1.8750676952811995,42.84164859002169,46.60243547019124,-79.77485958155228,49.30360762992128,-74.79635369403823,49.7825953689539,-78.03068155343081,76051.0,15470.0,75771.0,CAN -> GOV,0.0015298613335014742
2021-08-23,CAN,GOV,682,367,7.780058651026393,2297.1202346041055,2334.467741935484,2328.3299120234606,0.250733137829912,0.5175953079178885,5637.50439882698,1.8357771260997067,-1.107563992586857,37.58064516129032,46.863339653435126,-72.71987191145035,46.034575952671766,-68.96293984885494,46.39662156183208,-72.10902733129771,31365.0,7858.0,31349.0,CAN -> GOV,0.0008256118849373044
2021-08-30,CAN,GOV,923,410,8.488624052004333,2467.6749729144094,2512.954496208017,2499.5644637053088,0.3423618634886241,0.6403033586132177,5188.931744312026,1.285157096424702,-1.2826815727269651,40.227518959913326,47.73597256297922,-81.0331796276013,47.3739616100767,-79.56788430120481,47.35031218510408,-80.02012566593645,20686.0,4782.0,20303.0,CAN -> GOV,0.001305512572807432
2021-09-06,CAN,GOV,899,389,9.452725250278087,2734.718576195773,2754.6974416017797,2758.0723025583984,0.25139043381535037,0.5761957730812013,5756.823136818687,1.5476084538375976,-1.5957520682214503,37.1635150166852,47.68273583295453,-80.73771007954545,47.49652701704544,-77.88545690340908,47.65160099431817,-80.51083286477274,20901.0,5159.0,20664.0,CAN -> GOV,0.0013250870371407598
2021-09-13,CAN,GOV,975,455,8.27076923076923,2509.7097435897435,2553.3251282051283,2529.3015384615383,0.28,0.5723076923076923,5978.908717948718,0.5004102564102566,-1.2740742120582242,42.03076923076923,48.11181261755486,-83.21824702194354,47.92179843260187,-82.24461933855794,47.9033421368861,-80.76230603343778,23661.0,5210.0,23168.0,CAN -> GOV,0.0012739352840875683
2021-09-20,CAN,GOV,2508,635,8.762759170653908,2125.6192185007976,2161.6427432216906,2162.8337320574165,0.31100478468899523,0.8129984051036683,5541.327751196172,0.4499601275917053,-1.634751043736089,39.047049441786285,46.26663366519123,-87.40515877384328,46.39999332957754,-84.80178814969845,46.19085669295784,-83.77663548289763,556010.0,119686.0,555843.0,CAN -> GOV,0.0030257259088035593
2021-09-27,CAN,GOV,898,495,7.775055679287306,2029.3418708240536,2065.1481069042316,2065.5679287305124,0.3752783964365256,0.5946547884187082,4184.008908685969,1.3858574610244994,-1.5619681741797293,46.71492204899777,47.684896448236636,-79.61059370534694,46.2969383424346,-75.22479901820246,47.247671334471,-75.26787009897608,23601.0,4409.0,23148.0,CAN -> GOV,0.0012803969515716232
2021-10-04,CAN,GOV,647,394,6.4621329211746525,1796.6058732612055,1838.321483771252,1842.6166924265842,0.37094281298299847,0.7094281298299846,4198.357032457496,1.528902627511592,-0.5326891382290687,44.52859350850077,47.577439370129895,-77.70137063311687,46.91948666396106,-73.66275116883115,46.828075977272746,-73.89529405357142,9941.0,2016.0,9638.0,CAN -> GOV,0.000990405162965276
2021-10-11,CAN,GOV,614,335,9.289902280130294,2688.9918566775245,2722.952768729642,2691.4951140065145,0.3729641693811075,0.5700325732899023,5676.775244299674,1.7180781758957668,-1.3093678179272772,38.77850162866449,47.8627039038786,-79.6757345362563,46.74622046711637,-72.4380304114671,47.32065373693087,-71.89369715682966,9636.0,2468.0,9532.0,CAN -> GOV,0.0009502584579193364
2021-10-18,CAN,GOV,850,427,7.101176470588236,1949.995294117647,1988.6623529411766,1994.7576470588235,0.3941176470588235,0.6623529411764706,4163.39294117647,1.5404705882352945,-0.6794550225297137,47.258823529411764,48.297482584447174,-82.46956035601455,48.3437799720535,-83.80555440218711,48.63885743256383,-84.42447740704736,35180.0,4583.0,35132.0,CAN -> GOV,0.0012478676144588219
2021-10-25,CAN,GOV,1051,477,7.012369172216936,1872.3349191246432,1882.7697431018078,1885.5490009514747,0.2730732635585157,0.6793529971455756,4255.247383444339,2.0339676498572787,-0.49095285390434334,38.27783063748811,49.80866719961241,-80.99294459593021,49.099965843023256,-75.11044682461238,49.38334536434109,-78.7292806753876,34409.0,10628.0,33829.0,CAN -> GOV,0.0015372284254159
2021-11-01,CAN,GOV,588,369,7.600340136054422,2138.372448979592,2182.637755102041,2180.7755102040815,0.3673469387755102,0.5816326530612245,4216.425170068027,1.5068027210884354,-0.734091529304308,43.41836734693877,48.55730761594204,-75.68968693297101,48.26666193297102,-73.44349046195651,48.248392548913046,-73.90781397644926,8658.0,1746.0,8584.0,CAN -> GOV,0.0008564936199965041
2021-11-08,CAN,GOV,753,397,7.037184594953519,1823.9986719787516,1873.231075697211,1863.9721115537848,0.3758300132802125,0.646746347941567,4661.038512616202,1.7179282868525898,-1.1635058981955668,44.59495351925631,44.55455210027102,-76.51447238482383,44.07334642953931,-69.83055898915988,45.06720338753389,-72.91069370867207,27579.0,3409.0,19662.0,CAN -> GOV,0.0011132581206487943
2021-11-15,CAN,GOV,1012,461,6.683794466403162,1722.7351778656127,1676.0138339920948,1743.312252964427,0.475296442687747,0.6986166007905138,4158.275691699605,1.8104743083003962,-1.17163317662668,37.865612648221344,49.06419837022135,-84.34330795070422,47.427206681086524,-82.24212695875254,48.240446659959765,-83.63271099899394,35316.0,9091.0,34486.0,CAN -> GOV,0.0015431157519792138
2021-11-22,CAN,GOV,834,411,6.600719424460432,1785.9688249400479,1817.7841726618706,1814.2553956834533,0.34652278177458035,0.7026378896882494,4191.085131894484,1.67242206235012,-0.5349417059603989,44.68824940047961,48.31851787330875,-79.57229552152519,47.92286192004922,-77.84998932841326,47.73406175645759,-77.59257608487083,20532.0,4091.0,20154.0,CAN -> GOV,0.0014939008006878392
2021-11-29,CAN,GOV,890,425,6.96067415730337,1865.2932584269663,1917.8831460674157,1906.4988764044945,0.3797752808988764,0.6359550561797753,4415.0224719101125,1.1457303370786518,-1.1232744948374118,44.842696629213485,47.50148746597464,-81.0385236066897,46.73109252595159,-77.70007354094575,46.93983597462517,-79.98289956632061,22354.0,4378.0,22128.0,CAN -> GOV,0.0012942988317862342
2021-12-06,CAN,GOV,655,346,6.929770992366413,2125.8015267175574,2154.1053435114504,2153.6702290076337,0.37709923664122136,0.6732824427480916,4952.424427480916,1.7677862595419849,-1.3721128271606151,41.43511450381679,49.12601285426359,-80.27390542635656,47.156678164341116,-71.84742289457363,47.10420587751942,-74.95426077519377,13244.0,3235.0,13016.0,CAN -> GOV,0.0009585384556847915
2021-12-13,CAN,GOV,868,370,9.925115207373272,2506.2891705069123,2564.3018433179723,2568.5783410138247,0.4078341013824885,0.6912442396313364,4820.654377880184,1.0776497695852536,-1.4277629547076294,46.6705069124424,49.292535368421056,-81.79031068304094,47.32057873099416,-83.37750132631578,48.25035492982457,-81.50771711578946,50431.0,7432.0,49795.0,CAN -> GOV,0.0014033567387800173
2021-12-20,CAN,GOV,653,293,6.081163859111792,1712.675344563553,1764.4425727411945,1766.1133231240428,0.47473200612557426,0.7825421133231241,3978.845329249617,1.23093415007657,-1.5465410666738144,48.683001531393565,43.61802818847354,-59.71191409034267,42.857643074766365,-40.618205694704045,43.68664038785048,-41.02918689408099,18154.0,3292.0,17919.0,CAN -> GOV,0.0013288644415818574
2021-12-27,CAN,GOV,412,196,7.871359223300971,2354.597087378641,2402.3203883495144,2390.266990291262,0.42961165048543687,0.6407766990291263,4774.7597087378645,1.4626213592233015,-1.685087301283319,47.13592233009709,47.210437687500004,-69.2503985825,47.19239712500001,-69.69845108249997,46.68033337499999,-67.66446833249998,9283.0,1865.0,9243.0,CAN -> GOV,0.0009235059153692006
2022-01-03,CAN,GOV,642,284,5.942367601246106,1717.1028037383178,1766.4034267912773,1763.8785046728972,0.3613707165109034,0.6682242990654206,3848.845794392523,1.5252336448598134,-1.9044107587161712,41.666666666666664,50.12778954323003,-72.18025225774878,47.90927256606852,-70.6478681908646,48.207216244698216,-73.73156443882544,16768.0,8341.0,16751.0,CAN -> GOV,0.0011687921570769273
2022-01-10,CAN,GOV,628,326,7.364649681528663,2059.5700636942674,2084.396496815287,2095.7133757961783,0.3471337579617834,0.6878980891719745,4307.926751592357,1.7595541401273889,-1.753505793324875,43.32802547770701,48.165351567656764,-80.3864001122112,47.44572309405941,-78.07121277392737,47.48622053630364,-78.59235397359733,14742.0,3852.0,14700.0,CAN -> GOV,0.0010302327374497803
2022-01-17,CAN,GOV,937,409,8.007470651013874,2119.0651013874067,2190.180362860192,2173.9978655282816,0.5069370330843116,0.5709711846318036,4650.69477054429,-0.8910352187833511,-2.1474264335898825,53.948772678762005,49.45297730936823,-85.55088383333332,48.95178751089326,-82.2756379520697,49.270869989106785,-84.29294255991283,135925.0,15139.0,134754.0,CAN -> GOV,0.0013553957625439203
2022-01-24,CAN,GOV,2471,547,17.475920679886684,3739.885471469041,3788.589235127479,3771.689599352489,0.4358559287737758,0.33549170376365844,6071.917037636585,-1.4692836908134361,-3.5917704636041003,43.45609065155807,50.15189744448996,-46.37488110364607,46.59948962474402,-23.64128949774681,50.26599233879558,-59.751278361736965,868752.0,143078.0,772837.0,CAN -> GOV,0.003660599739861872
2022-01-31,CAN,GOV,1291,485,8.538342370255616,2211.112316034082,2185.2548412083656,2191.024012393493,0.4113090627420604,0.6700232378001549,4577.884585592564,0.21556932610379595,-3.793862486696611,42.060418280402786,46.78297951775845,-78.40977884846096,46.94212580899761,-77.60757137569064,46.56303583267558,-77.20564780268353,59578.0,17737.0,59493.0,CAN -> GOV,0.001970893069509475
2022-02-07,CAN,GOV,1781,674,11.92363840539023,2861.335204941044,2896.475575519371,2902.678270634475,0.352049410443571,0.6254912970241437,5217.6114542391915,0.9413250982594041,-3.6845200194653835,40.314430095451996,47.10994853924912,-77.7821401097839,46.42633291069395,-75.59887077531289,46.00102005517632,-77.53652116780437,74947.0,20822.0,74132.0,CAN -> GOV,0.0023617306804860844
2022-02-14,CAN,GOV,2636,681,9.076251896813353,2286.7807283763277,2155.811077389985,2362.125569044006,0.38619119878603947,0.6961305007587253,5305.520106221547,-0.413922610015175,-5.082878096382303,43.7329286798179,46.43439693099504,-75.4916139466262,46.52273252954632,-74.87718164468181,45.67014490812046,-74.30748089210846,860474.0,117900.0,855248.0,CAN -> GOV,0.0035796346491251893
2022-02-21,CAN,GOV,1310,574,8.699236641221374,2160.6832061068703,2092.07786259542,2189.7679389312975,0.3534351145038168,0.6396946564885496,4491.176335877863,0.023282442748091648,-3.665546206856432,39.00763358778626,49.08980527538461,-73.58905941153844,47.65797117307693,-59.01859335999998,48.30250511538462,-62.78150894999999,40883.0,11497.0,40727.0,CAN -> GOV,0.0012017598902086843
2022-02-28,CAN,GOV,912,373,10.038377192982455,2313.4638157894738,2274.968201754386,2314.065789473684,0.2817982456140351,0.49780701754385964,3902.879385964912,1.9315789473684217,-2.8649780303474244,30.94298245614035,52.61487214445688,-65.04951750279955,51.19934762038074,-35.900700839865614,51.30478157894736,-41.314018622620374,68397.0,34973.0,68342.0,CAN -> GOV,0.0009431503704347179
2022-03-07,CAN,GOV,1489,485,9.421087978509066,2286.1363331094694,2292.768300873069,2312.3216924110143,0.2458025520483546,0.6722632639355272,4359.6487575554065,1.411081262592344,-1.0599784705274222,32.68636668905305,53.568472222222226,-63.851305557588056,52.983907012195125,-40.78141502642274,52.84085247289973,-46.65052868563684,122164.0,47853.0,122113.0,CAN -> GOV,0.0015769847078024204
2022-03-14,CAN,GOV,711,395,8.029535864978904,2085.2236286919833,2105.4430379746836,2119.506329113924,0.3431786216596343,0.60056258790436,4392.057665260197,1.6226441631504924,-0.7733796708236181,41.251758087201125,48.22748595545979,-69.68992853448273,43.7604235632184,-48.249144774425275,45.48246095545978,-48.872262974137925,12824.0,3223.0,12810.0,CAN -> GOV,0.0008041576420424021
2022-03-21,CAN,GOV,651,344,7.0153609831029184,1688.1090629800308,1732.826420890937,1730.1966205837173,0.4470046082949309,0.6774193548387096,3782.357910906298,1.908294930875576,-0.30777558195979166,45.82181259600615,48.42536305555557,-76.4032170380952,48.27787555555557,-74.41048359841267,48.32032373015874,-74.55331529206346,48115.0,8285.0,47717.0,CAN -> GOV,0.00080160271288955
2022-03-28,CAN,GOV,642,389,7.0965732087227416,1984.1947040498442,1991.045171339564,2020.8551401869158,0.3333333333333333,0.6915887850467289,4646.947040498442,2.0825545171339566,-0.17310074746554066,44.205607476635514,48.28798182268371,-73.06376740255588,47.876223888178934,-69.01991703194888,48.104112706070296,-68.24063252076677,11758.0,2230.0,10437.0,CAN -> GOV,0.0007555181065445285
2022-04-04,CAN,GOV,1322,383,4.878971255673222,1151.3593040847202,1170.3903177004538,1187.1202723146748,0.46671709531013617,0.8222390317700454,2329.391830559758,3.278668683812414,-0.42948307769029354,48.05597579425113,47.001945929892116,-77.46493560400616,47.17576735670258,-75.42385488751943,47.604102539291176,-76.61897146995392,872934.0,35582.0,872793.0,CAN -> GOV,0.0017171931036901466
2022-04-11,CAN,GOV,661,326,6.635400907715582,1656.2087745839638,1689.0211800302573,1685.9727685325265,0.2692889561270802,0.7201210287443268,3894.161875945537,1.7842662632375197,0.5280506695917554,40.48411497730711,51.47421974689442,-86.63095624534161,51.100406951863356,-86.0595524673913,50.90085532142858,-84.6013265885093,24835.0,6173.0,24809.0,CAN -> GOV,0.0009194206398110528
2022-04-18,CAN,GOV,564,330,6.99113475177305,1946.4875886524824,1938.1187943262412,1962.0531914893618,0.4219858156028369,0.6312056737588653,4244.232269503546,1.6666666666666667,-1.0891525365537744,44.840425531914896,48.698432468123876,-87.30597195081965,47.365910974499094,-67.96691493806922,48.90900218579237,-82.34922932786884,8164.0,1938.0,8076.0,CAN -> GOV,0.0007900631350097427
2022-04-25,CAN,GOV,645,377,11.891472868217054,3041.5441860465116,3070.148837209302,3062.556589147287,0.3147286821705426,0.5472868217054263,5751.488372093023,1.6719379844961242,-0.783424201165091,38.07751937984496,48.41871119967795,-77.6693306006441,47.71287179227053,-67.59440637198063,48.27884758454107,-67.98760068760062,11214.0,3108.0,11067.0,CAN -> GOV,0.0008050786106215456
2022-05-02,CAN,GOV,571,319,6.926444833625219,1921.1576182136603,1995.84588441331,1991.2591943957968,0.3397548161120841,0.6532399299474606,4565.460595446585,1.2935201401050787,-0.5069138050650515,38.93169877408056,48.77668220035779,-82.46107785867619,48.43372054203935,-77.2208618783542,48.49537415026835,-79.41461995706617,8305.0,2216.0,8161.0,CAN -> GOV,0.0008411754653718555
2022-05-09,CAN,GOV,871,442,10.185993111366246,2476.070034443169,2534.3880597014927,2521.141216991963,0.3593570608495982,0.5774971297359357,4618.107921928818,1.8856486796785303,-0.38283027226426664,37.12973593570609,50.28042762850467,-86.12636674182242,48.129340586448585,-68.54520203037382,48.366457924065415,-70.85825327570092,15069.0,3794.0,14841.0,CAN -> GOV,0.0011933435815652392
2022-05-16,CAN,GOV,1340,491,10.55,2654.031343283582,2680.7171641791047,2673.0470149253733,0.4462686567164179,0.408955223880597,4701.914925373134,2.2808208955223876,-0.3903995761100646,48.059701492537314,49.70489212500006,-77.06883979772716,48.31682541287885,-52.81993331287877,48.59849570454552,-58.548932862878715,115048.0,25592.0,113161.0,CAN -> GOV,0.0018832338779720664
2022-05-23,CAN,GOV,655,325,8.203053435114503,2449.993893129771,2494.236641221374,2478.563358778626,0.3145038167938931,0.5908396946564886,4553.893129770992,1.1874809160305342,-1.7872105094444688,41.099236641221374,49.73485818466353,-84.31654532863851,48.68968473395929,-83.65585573082942,48.42781971048512,-83.27762891705791,24855.0,5599.0,24744.0,CAN -> GOV,0.0008705186563444862
2022-05-30,CAN,GOV,1765,497,7.012464589235128,1893.3835694050993,1894.5325779036827,1915.7541076487253,0.27365439093484417,0.5314447592067989,4122.967705382436,2.0588101983002822,-0.9980963004566238,40.594900849858355,41.74179549390595,-63.03876554033663,42.087270697040026,-58.681113798026686,42.09565675043526,-58.59621488508415,251607.0,44384.0,250743.0,CAN -> GOV,0.0027300470681769318
2022-06-06,CAN,GOV,661,305,7.868381240544629,1926.6565809379729,1905.695915279879,1931.6021180030257,0.23903177004538578,0.5446293494704992,4372.390317700454,2.201210287443268,-0.3537257379089573,37.382753403933435,51.04807731481481,-84.29843234104939,50.481463811728396,-78.28130351851854,48.68276616512346,-80.10926033179013,39589.0,17359.0,39526.0,CAN -> GOV,0.0010316068095413485
2022-06-13,CAN,GOV,868,388,6.533410138248848,1685.8513824884792,1735.4331797235022,1729.3790322580646,0.35368663594470046,0.7027649769585254,4089.4435483870966,1.820967741935484,-1.0267701169406522,39.642857142857146,49.211907418224314,-77.92214711799063,47.90176823364488,-70.71189851985982,49.40594977570094,-74.69224463084113,23712.0,7062.0,23205.0,CAN -> GOV,0.0014437550938939804
2022-06-20,CAN,GOV,799,370,7.783479349186483,2101.6495619524408,2153.628285356696,2164.4130162703377,0.42177722152690866,0.5256570713391739,4634.463078848561,1.6209011264080102,-0.4688813485277216,44.668335419274094,48.3243438095238,-72.49821909137708,38.939136280566295,-58.092356628056635,39.4836437837838,-58.465315787644776,44463.0,10016.0,44389.0,CAN -> GOV,0.0013110568529384739
2022-06-27,CAN,GOV,553,357,7.216998191681736,1803.01808318264,1830.8408679927668,1844.007233273056,0.39783001808318263,0.6564195298372514,4232.730560578661,1.1531645569620255,-0.11335116054277852,40.97649186256781,49.26083731910946,-75.42361750092763,47.499563181818175,-65.45512892949907,47.92370074211503,-67.07323022820036,6659.0,1425.0,6437.0,CAN -> GOV,0.0008720375559609996
2022-07-04,CAN,GOV,768,311,7.2265625,2097.59375,2140.1979166666665,1762.3333333333333,0.4114583333333333,0.6536458333333334,5378.131510416667,-0.5391927083333335,-3.0168356167216217,36.796875,46.55152419477123,-59.57246635163397,45.116203599999984,-51.668476419607835,45.567919678431366,-52.65667611372548,38736.0,10570.0,38663.0,CAN -> GOV,0.0013243959599025328
2022-07-11,CAN,GOV,767,356,8.475880052151238,2157.0964797913953,2176.754889178618,2178.5971316818773,0.46284224250325945,0.560625814863103,4026.1955671447195,1.488917861799218,-1.299468798874386,49.72620599739244,48.05931057839263,-67.89138039525692,48.0270674624506,-59.81785272727268,48.02188251515153,-64.1833311198946,25879.0,3855.0,24896.0,CAN -> GOV,0.0011844462289208723
2022-07-18,CAN,GOV,898,362,9.524498886414253,2693.0946547884187,2732.3184855233853,2735.858574610245,0.23608017817371937,0.4131403118040089,5355.907572383074,0.939866369710468,-0.5119554772281473,39.68819599109131,47.9805988744344,-77.51475217533934,46.25968481787332,-76.25248860859728,47.46981638800905,-77.47568028619908,88544.0,22042.0,88446.0,CAN -> GOV,0.0015055367875734535
2022-07-25,CAN,GOV,1291,395,8.161890007745933,2552.0433772269557,2606.824167312161,2599.167312161115,0.3764523625096824,0.5313710302091402,5666.44848954299,1.4714949651432991,-1.1882332710780936,43.384972889233154,45.32508828793771,-80.64230832217903,46.253798443579754,-79.11339460000005,46.38691463035017,-80.83594349727633,201239.0,41247.0,201095.0,CAN -> GOV,0.002409409200173194
2022-08-01,CAN,GOV,479,255,9.555323590814195,2956.4843423799584,3082.131524008351,3090.396659707724,0.46764091858037576,0.5427974947807933,4779.002087682672,1.2680584551148228,-1.7354976786280594,45.741127348643005,41.57361955223882,-64.57780950959489,39.54510277398721,-59.69712330703626,39.70653376332623,-61.735860469083164,12722.0,2404.0,12602.0,CAN -> GOV,0.0007218290756971151
2022-08-08,CAN,GOV,548,303,7.906934306569343,2008.0912408759125,2040.0346715328467,2030.0602189781023,0.41788321167883213,0.5766423357664233,3941.706204379562,1.8994525547445265,-1.0269593250332423,43.7956204379562,49.71819051775702,-84.38228061682241,48.33054566915888,-81.27445930841121,48.992074583177576,-80.53896416822428,31997.0,5061.0,31967.0,CAN -> GOV,0.0009620110947264939
2022-08-15,CAN,GOV,1064,302,4.943609022556391,1902.092105263158,1933.312969924812,1943.406954887218,0.162593984962406,0.8035714285714286,4891.325187969925,2.1966165413533827,-1.1300857165170946,34.078947368421055,49.38230072121791,-86.13896211988589,48.27651601617509,-82.62699534538541,49.164544941008565,-84.08060329019987,122569.0,36037.0,122493.0,CAN -> GOV,0.0020205664802453545
2022-08-22,CAN,GOV,679,378,9.512518409425626,2433.1119293078054,2441.3902798232693,2462.79823269514,0.3755522827687776,0.44329896907216493,4635.019145802651,1.854050073637703,-1.2047272140939111,39.36671575846834,48.37372068740517,-68.8343386949924,45.51071198786042,-48.91162069499241,46.961225884673766,-61.35306505918055,12842.0,3339.0,12413.0,CAN -> GOV,0.0012780599088229427
2022-08-29,CAN,GOV,542,303,7.448339483394834,1972.180811808118,1955.518450184502,1986.7638376383763,0.3874538745387454,0.6845018450184502,4113.487084870849,1.9254612546125467,-0.9478420786717502,46.07011070110701,49.69785882352942,-84.35185635863378,48.397427419354855,-78.6383290341556,48.931912950664156,-79.55645325806452,9444.0,1750.0,9195.0,CAN -> GOV,0.0010420131232132454
2022-09-05,CAN,GOV,2485,499,10.896981891348089,2661.6639839034206,2689.9062374245473,2705.666800804829,0.427364185110664,0.6989939637826962,6886.903822937626,0.5001609657947698,-4.996981575115208,41.59758551307847,51.495768631600484,-90.65837559008467,47.71954474324899,-71.97228139298673,46.77673453688062,-68.99336203587269,1590810.0,251997.0,1589501.0,CAN -> GOV,0.0037671321133990144
2022-09-12,CAN,GOV,1315,443,10.742205323193916,2882.274524714829,2899.9726235741446,2896.506463878327,0.3315589353612167,0.5923954372623574,5356.355133079848,1.6298859315589362,0.036675757326410374,35.650190114068444,49.580692636293996,-70.71525514318515,48.374677564318496,-62.164393454058086,42.73827651837671,-34.09494266003062,117485.0,27465.0,117097.0,CAN -> GOV,0.001967549645092946
2022-09-19,CAN,GOV,848,413,7.008254716981132,2147.7193396226417,2198.3408018867926,2187.698113207547,0.3785377358490566,0.6533018867924528,4477.5884433962265,0.316391509433962,-0.6721380671517098,39.2688679245283,46.31428988915376,-65.19725873420737,43.097732400476765,-56.94837142193083,43.34852433492253,-56.07087312634087,27302.0,5856.0,27170.0,CAN -> GOV,0.0013733060399554323
2022-09-26,CAN,GOV,759,392,7.07905138339921,1865.9038208168643,1895.3109354413702,1898.7404479578393,0.3241106719367589,0.6613965744400527,3793.467720685112,1.8255599472990782,-1.18632624272816,43.37285902503294,47.69860693608521,-74.87888752862848,46.621658866844214,-59.36544514114515,47.36657348069241,-72.83779134620505,30212.0,5981.0,29909.0,CAN -> GOV,0.0013220946577969619
2022-10-03,CAN,GOV,639,341,7.089201877934272,1851.773082942097,1885.7762128325508,1889.566510172144,0.3380281690140845,0.5868544600938967,4087.394366197183,1.9010954616588418,-0.7702178737006966,41.70579029733959,50.39638170144464,-90.64387747993577,48.95759598715893,-83.56506796147669,48.977753932584285,-84.12499700321025,12716.0,3238.0,12608.0,CAN -> GOV,0.0010380926388022457
2022-10-10,CAN,GOV,714,319,8.683473389355742,2491.9173669467787,2423.4873949579833,2539.801120448179,0.3291316526610644,0.592436974789916,4899.663865546218,1.4428571428571428,-1.2353954857172744,43.24929971988796,49.55571520399432,-93.38492301426531,49.001359225392314,-89.98187151212548,49.07067530955781,-90.67053670898711,30519.0,6039.0,28885.0,CAN -> GOV,0.0012658317613853944
2022-10-17,CAN,GOV,857,381,6.4912485414235706,1861.4959159859977,1890.6114352392065,1869.3477246207701,0.3780630105017503,0.7001166861143524,4550.046674445741,1.0483080513418905,-1.097586584143223,45.40256709451575,48.1659416726404,-82.63052911589003,47.448870011947456,-78.35212525686971,47.56518258661891,-79.82547913620064,36946.0,7558.0,36751.0,CAN -> GOV,0.0015344865557849426
2022-10-24,CAN,GOV,1049,470,8.223069590085796,2129.0924690181123,2147.749285033365,2149.5319351763583,0.29933269780743565,0.6720686367969495,4652.7349857006675,1.1251668255481413,-1.6518891221881782,41.13441372735939,48.12731120772947,-82.54965977681158,48.60745166570049,-74.00549637198066,48.201593163285025,-81.69152928502412,38424.0,8362.0,37616.0,CAN -> GOV,0.0018949007480251667
2022-10-31,CAN,GOV,734,390,8.038147138964577,2314.9768392370574,2362.197547683924,2348.3978201634877,0.3569482288828338,0.6280653950953679,4532.009536784741,1.2607629427792917,-1.447171279554365,43.787465940054496,48.26849384779518,-82.32837894025603,47.58073554054056,-78.6302126159317,48.26047633001425,-81.30401839544805,20907.0,4070.0,20784.0,CAN -> GOV,0.00136008034480075
2022-11-07,CAN,GOV,586,267,6.771331058020478,1921.192832764505,1952.6638225255972,1957.5409556313994,0.3037542662116041,0.590443686006826,4652.220136518771,0.6660409556313991,-0.5711093741780824,38.80546075085324,48.23116223776225,-88.73749795979016,48.03043243006995,-78.7790851398601,48.299251555944075,-80.01441118881115,16106.0,4398.0,16069.0,CAN -> GOV,0.0015425193078142027
2022-11-14,CAN,GOV,1900,462,10.996315789473684,2684.023157894737,2751.1305263157897,2666.3152631578946,0.4168421052631579,0.6352631578947369,4314.952631578947,1.6628421052631572,-2.262857421675178,41.22631578947368,51.283379419595306,-77.19247238817889,48.74668014962726,-39.05493544994672,48.20485447444087,-48.457656926517544,717692.0,159698.0,713069.0,CAN -> GOV,0.003087844294638852
2022-11-21,CAN,GOV,1015,463,8.491625615763548,2332.1497536945812,2343.9389162561574,2367.9566502463053,0.41970443349753694,0.6137931034482759,4661.778325123153,1.5840394088669956,-1.2727317411853478,47.970443349753694,47.45645794624748,-81.76914953448275,46.74061692494931,-77.74043063995943,46.35270154056798,-75.11988155273833,36826.0,6531.0,35512.0,CAN -> GOV,0.002356388017012425
2022-11-28,CAN,GOV,840,410,8.35952380952381,2343.9928571428572,2366.890476190476,2370.504761904762,0.4523809523809524,0.6,4576.655952380952,1.534404761904762,-1.6478512509201968,47.785714285714285,48.2699644762485,-81.97787495006087,47.85771180511573,-79.56299720219245,47.73726558465288,-79.74626752131547,35189.0,6512.0,35124.0,CAN -> GOV,0.0016686498437627258
2022-12-05,CAN,GOV,872,435,8.26605504587156,2449.7454128440368,2456.939220183486,2472.2729357798166,0.37844036697247707,0.5894495412844036,5154.942660550459,1.454587155963303,-0.8023666255636019,44.18577981651376,46.99057518128657,-83.37150050643274,45.596835361403535,-77.28314600467831,45.967221238596515,-79.5808129052631,35973.0,6305.0,35402.0,CAN -> GOV,0.0016540494811178492
2022-12-12,CAN,GOV,1149,443,10.50739773716275,2831.1044386422977,2877.4873803307223,2884.798955613577,0.308964316797215,0.4734551784160139,5518.792863359443,2.422106179286336,-0.717368926129581,43.672758920800696,49.22900897887325,-83.02320117253517,48.8754386742958,-80.61758573767601,48.68920938996481,-81.61556986443657,63048.0,16347.0,62775.0,CAN -> GOV,0.002268160085909771
2022-12-19,CAN,GOV,479,273,6.741127348643007,1774.3778705636744,1782.2567849686848,1798.1064718162838,0.42379958246346555,0.6450939457202505,4283.542797494781,1.7899791231732778,-0.5946290129764664,42.86012526096033,47.908318343815516,-83.2640932494759,48.33293967505241,-82.99675282180294,47.89818878406708,-81.3848122914046,10898.0,2441.0,10643.0,CAN -> GOV,0.0009386966422487957
2022-12-26,CAN,GOV,283,144,10.484098939929329,3100.773851590106,3151.5159010600705,3115.1448763250883,0.37809187279151946,0.3568904593639576,5681.378091872792,2.600353356890459,-1.6759781911407918,45.08833922261484,38.62919503546099,-53.981962872340425,37.443872960992906,-52.19404407801418,38.19894290780142,-52.71376429078014,12790.0,2404.0,12790.0,CAN -> GOV,0.0006642210189572904
2023-01-02,CAN,GOV,502,234,7.595617529880478,2064.5438247011953,2089.561752988048,2083.033864541833,0.23306772908366533,0.5438247011952191,4011.864541832669,1.5330677290836654,-0.9890899318019417,39.64143426294821,48.15528017782428,-82.94079671129705,47.70572269874478,-81.61815914016736,47.51981595188286,-81.46138558158995,17302.0,5112.0,17076.0,CAN -> GOV,0.0009486375146453002
2023-01-09,CAN,GOV,1290,449,10.625581395348837,2611.9271317829457,2718.927906976744,2715.218604651163,0.29767441860465116,0.48372093023255813,5031.6116279069765,2.392480620155039,-1.400759914246652,39.3875968992248,47.341062105058384,-79.16216949494161,43.04372117509728,-75.971491829572,43.65343870817122,-75.0244373066148,78115.0,16789.0,76267.0,CAN -> GOV,0.0020011634671320533
2023-01-16,CAN,GOV,1893,380,7.810353935552034,1692.2176439513999,1706.499207606973,1661.3602746962492,0.3185419968304279,0.6835710512414157,3538.9873217115687,1.6351822503961948,0.03001726713669453,43.78235604860011,55.16253415764332,-89.0474422346072,54.24501778025477,-82.9673040870488,54.60459014225052,-84.7195102972399,595603.0,102314.0,589344.0,CAN -> GOV,0.0032845195544296767
2023-01-23,CAN,GOV,1095,408,7.705022831050228,1987.4748858447488,2024.4538812785388,2010.4977168949772,0.31141552511415527,0.6776255707762557,4523.165296803653,1.9847488584474888,-0.8376855329682628,39.55251141552512,49.074500610138244,-87.07138031520739,47.37238066820277,-83.11881906267283,48.713298740092156,-86.65398153640554,44789.0,11753.0,44487.0,CAN -> GOV,0.001739804665218683
2023-01-30,CAN,GOV,1425,483,6.510175438596491,1448.7494736842104,1460.9052631578948,1476.0273684210526,0.3494736842105263,0.7235087719298245,4084.861052631579,1.4755087719298245,-1.262617426595766,41.95789473684211,46.369563580529686,-74.43169441803869,46.49311330923405,-61.53053608160344,46.45275894917678,-67.55635781818184,69119.0,14228.0,61813.0,CAN -> GOV,0.0022264024773219425
2023-02-06,CAN,GOV,1758,494,7.945392491467577,1772.6968145620024,1789.3156996587031,1797.5341296928327,0.3543799772468714,0.7178612059158134,3850.7542662116043,2.2577360637087582,-0.4008807568770701,45.54607508532423,47.52874041762012,-78.21998880835253,46.35889209782607,-74.42440536842115,46.94042991990845,-78.49786584668202,143964.0,25249.0,137500.0,CAN -> GOV,0.0029662175158687576
2023-02-13,CAN,GOV,1805,501,16.68476454293629,3499.824376731302,3548.574515235457,3528.186703601108,0.421606648199446,0.4260387811634349,5360.931855955679,-2.0234903047091404,-1.8663734469182989,45.556786703601105,50.086383826815656,-84.96677769106148,48.53945357597767,-81.11863336368718,49.366306410614534,-83.27288781284918,438202.0,82454.0,437163.0,CAN -> GOV,0.0029401368588913485
2023-02-20,CAN,GOV,948,417,6.34915611814346,1565.081223628692,1526.1044303797469,1602.2067510548522,0.370253164556962,0.6909282700421941,4110.012658227848,2.086919831223628,-0.9601975134483837,42.61603375527426,48.01790989806867,-75.53241390987127,46.5999130364807,-73.14682006223175,46.611038116952805,-74.66309384549358,37422.0,7132.0,36479.0,CAN -> GOV,0.001453127442955551
2023-02-27,CAN,GOV,1338,517,6.891629297458894,1699.9073243647235,1738.924514200299,1731.5964125560538,0.5029895366218237,0.6853512705530643,3859.686846038864,0.40769805680119503,-1.1719395639355297,51.973094170403584,48.48825440377358,-77.34931987698113,47.831589836981124,-69.5727822445283,47.783578900377364,-71.02804315018867,161069.0,23937.0,157401.0,CAN -> GOV,0.0022356450036341764
2023-03-06,CAN,GOV,1519,562,9.3100724160632,2314.3225806451615,2327.6287030941407,2325.6023699802504,0.4219881500987492,0.5602369980250165,4441.721527320606,1.5659644502962473,-1.1306189700991671,44.60829493087557,48.87245706965839,-80.14960547019425,45.882478194909574,-59.75267373409241,48.19021036168785,-67.48169621567317,63370.0,13783.0,61939.0,CAN -> GOV,0.002482890286978965
2023-03-13,CAN,GOV,1116,482,7.809139784946237,2163.6370967741937,2206.2795698924733,2180.6370967741937,0.34050179211469533,0.6191756272401434,4576.377240143369,2.1685483870967746,-0.5311360806943223,44.471326164874554,49.218021224043724,-78.28617986703094,48.738877188524604,-73.5419895628415,48.55749498633881,-72.4828462513661,31447.0,5975.0,30087.0,CAN -> GOV,0.0017821924480393488
2023-03-20,CAN,GOV,2318,592,8.918032786885245,2139.933994823123,2168.1147540983607,2153.944779982744,0.37532355478861085,0.6898188093183779,5004.223037100949,2.338912855910266,-1.099794029998996,40.47886108714409,45.86663799391299,-76.43463196086974,43.152295408695615,-64.04675798304359,44.671370102173874,-72.46464683608713,416477.0,62809.0,381535.0,CAN -> GOV,0.003684523412142078
2023-03-27,CAN,GOV,2041,690,8.512003919647231,2278.9598236158745,2284.7393434590886,2309.4159725624695,0.370406663400294,0.6482116609505144,4761.70994610485,1.2308182263596275,-1.4082936735946652,43.125918667319944,48.40314148072107,-84.17051570505768,47.55206249474211,-78.5554776504758,47.75234625037556,-80.46887249223845,127828.0,25195.0,126198.0,CAN -> GOV,0.0016949673338853119
2023-04-03,CAN,GOV,2368,640,8.15625,1948.790962837838,1996.9163851351352,1992.316722972973,0.36317567567567566,0.6794763513513513,4346.081503378378,0.5099239864864855,-2.3689354612476707,41.42736486486486,49.42885456236696,-80.78269718603666,48.41467703065134,-75.80979510855687,49.63911617581949,-78.43025930693915,174085.0,34413.0,167065.0,CAN -> GOV,0.0019462432491742028
2023-04-10,CAN,GOV,1749,580,8.945111492281304,2287.6346483704974,2338.623213264723,2334.0474556889653,0.27501429388221843,0.6020583190394511,4692.088622069754,2.1936535162950244,-0.4515002349048692,37.99313893653516,47.99469411155835,-85.47118093041986,47.537262163312235,-87.7892425123635,47.57150761069579,-88.07686672742963,93930.0,20775.0,87840.0,CAN -> GOV,0.001612622156819898
2023-04-17,CAN,GOV,2619,684,7.622756777395953,1877.148148148148,1927.4352806414663,1932.8232149675448,0.44749904543718977,0.6456662848415425,4550.591828942344,1.093890798014509,-1.642992266762577,50.65292096219931,49.40333433075433,-87.31234148355915,49.274171961315254,-84.30343921547403,49.225281774468066,-84.66081949864618,292981.0,43460.0,271876.0,CAN -> GOV,0.002668990186187288
2023-04-24,CAN,GOV,3085,732,8.849918962722853,2170.789627228525,2217.0064829821717,2203.0975688816857,0.3283630470016207,0.6051863857374392,4312.622690437602,1.8458022690437592,-0.8170534031187122,43.00162074554295,49.29582233366046,-83.71871822832857,48.239479042852466,-80.3374250264967,48.05513862512266,-78.18964679914963,268842.0,57148.0,267524.0,CAN -> GOV,0.00310632492057978
2023-05-01,CAN,GOV,4491,894,8.517034068136272,2276.83945669116,2139.8468047205524,2209.692050768203,0.39612558450233804,0.5833890002226676,4679.794477844578,1.2321754620351795,-0.009082163719466347,42.78111779113783,50.18175024793204,-79.98461983992861,48.12363868566959,-68.83080890051431,49.56357238967137,-75.37899916275444,571608.0,109344.0,566342.0,CAN -> GOV,0.004461332141260617
2023-05-08,CAN,GOV,2839,834,7.587178584008454,1917.2912997534343,1936.2286016202888,1960.289538569919,0.3568157802042973,0.6879182810848891,4575.427263120817,-0.28464247974638984,-1.8964882950642354,40.9792180345192,47.47362251521657,-70.96255375331194,46.66286475152162,-57.94240622234159,47.16240591120654,-69.53595463408527,171334.0,43694.0,168134.0,CAN -> GOV,0.0027099443215736958
2023-05-15,CAN,GOV,1937,631,8.332989158492515,2178.3572534847704,2227.347960764068,2220.866804336603,0.29839958699019103,0.5802787816210635,4643.199277232834,1.250748580278782,-0.9839491793962464,38.85906040268456,48.61103792586663,-82.01638984426677,47.80737189066665,-64.30085228053339,48.34812442826666,-71.39268646720005,95951.0,31471.0,94911.0,CAN -> GOV,0.0018596390168970813
2023-05-22,CAN,GOV,1394,537,8.362266857962696,2177.46843615495,2172.9756097560976,2204.377331420373,0.3428981348637016,0.5918220946915351,4662.780487804878,1.051578192252511,-0.4372449976694086,43.098995695839314,47.257689373362446,-79.22331777147015,46.648846960698684,-69.17653406477437,47.12440238282386,-73.3778271819505,71458.0,15360.0,70112.0,CAN -> GOV,0.0015424056438326456
2023-05-29,CAN,GOV,2382,686,7.138119227539883,1823.0948782535684,1827.381192275399,1847.3068849706128,0.4051217464315701,0.630142737195634,4249.149874055415,-0.18488664987405531,-1.571497357358864,45.23089840470193,41.210284535972754,-73.28414662239251,41.46035155172411,-75.37513984546617,41.77843962324392,-76.09860447850153,195928.0,39364.0,192003.0,CAN -> GOV,0.0027465590181570384
2023-06-05,CAN,GOV,2127,751,8.5890926187118,2275.1725434884816,2307.611189468735,2326.2322519981194,0.32063939821344617,0.6182416549130231,4611.748942172073,0.5160319699106725,-1.9040338548401476,40.85566525622943,47.29339240391968,-78.85754211328876,45.74271965439769,-72.70942228871893,44.88408430544933,-75.97168599330783,93306.0,22563.0,92508.0,CAN -> GOV,0.002219611051513343
2023-06-12,CAN,GOV,2060,719,6.72378640776699,1715.2679611650485,1739.9228155339806,1747.9456310679611,0.3907766990291262,0.7087378640776699,4308.064563106796,-0.3345145631067957,-1.2699684886831857,47.6747572815534,47.68587247536944,-78.18322166847297,46.859178558620684,-67.44151923793109,47.29248543103448,-75.8182589935961,214974.0,28175.0,185131.0,CAN -> GOV,0.0023693166591714984
2023-06-19,CAN,GOV,2941,709,9.185651139068344,2436.014280856851,2460.881672900374,2449.31383883033,0.4753485209112547,0.6888813328799728,5649.1111866712,0.418701122067325,-1.1643776277291755,52.1115266916015,50.434523620486075,-82.3726119086806,49.84724688159718,-79.74379293888893,49.87571418784719,-80.1569787868056,953483.0,115717.0,938832.0,CAN -> GOV,0.0028122065637914777
2023-06-26,CAN,GOV,1865,541,7.79088471849866,1978.1485254691688,2017.9544235924932,2031.0096514745308,0.3914209115281501,0.6412868632707774,4302.221447721179,1.7906702412868623,-0.9834603760057162,52.1769436997319,50.338604141931995,-83.84404264274153,49.4151026065839,-73.67977369347005,48.108567137075,-73.75648256718836,277941.0,38761.0,265300.0,CAN -> GOV,0.0021677224385424536
2023-07-03,CAN,GOV,2376,597,7.473063973063973,2045.5054713804714,2052.638468013468,2079.478956228956,0.30387205387205385,0.5669191919191919,4148.611531986532,0.6720538720538722,-1.7198966043195802,37.27272727272727,43.92825573248407,-74.25544995116776,44.78347886411889,-72.02394233630575,44.28246615711252,-71.1967663842888,286383.0,79012.0,286109.0,CAN -> GOV,0.0030604398222987047
2023-07-10,CAN,GOV,2417,642,6.446834919321473,1542.1328092676872,1571.4575920562681,1566.2759619362846,0.44187008688456764,0.7467935457178321,4009.1667356226726,0.9345055854364909,-1.413965359023627,44.34009102192801,45.93177988517743,-71.81048164175381,45.16181685594987,-70.3261961022966,45.77384128392481,-73.00961386179556,221005.0,46839.0,214123.0,CAN -> GOV,0.0027727460969899013
2023-07-17,CAN,GOV,2376,672,9.238636363636363,2267.08164983165,2297.3034511784513,2336.8526936026938,0.35185185185185186,0.61489898989899,4157.09638047138,-0.13804713804713992,-1.8476262129785128,41.127946127946124,50.14977454274774,-90.3125369617185,50.02095792471288,-88.07749736027232,49.715752016588674,-87.69076550319022,181752.0,39356.0,174672.0,CAN -> GOV,0.0025950083223751754
2023-07-24,CAN,GOV,2380,648,7.739495798319328,2080.792857142857,2111.6890756302523,2089.9121848739496,0.32142857142857145,0.6617647058823529,4667.72268907563,1.1328571428571423,-1.569220681010023,42.0672268907563,49.22565753395586,-88.95672877886253,47.627984642190164,-83.24954964855691,47.81846588157896,-84.90650798047544,222700.0,46462.0,205449.0,CAN -> GOV,0.0030278357335504556
2023-07-31,CAN,GOV,1634,604,8.255201958384333,2177.220318237454,2284.859853121175,2289.5801713586293,0.24969400244798043,0.6003671970624235,4704.263769889841,0.2706854345165239,-1.3114616369239847,37.44798041615667,48.37130035216572,-83.80310322347778,48.10795901569366,-78.96141420213442,48.16902598744507,-83.48497907219091,49648.0,14580.0,49165.0,CAN -> GOV,0.002068645088107316
2023-08-07,CAN,GOV,1237,491,7.891673403395311,2291.4737267582864,2318.586095392078,2312.7995149555377,0.3516572352465643,0.5424413904607922,5606.754244139046,1.2261924009700895,-1.0844192572642015,45.58609539207761,47.29882537562606,-84.30304754924873,45.16866819282137,-74.46012640818027,47.52319514774626,-81.12631949332217,52809.0,11737.0,52325.0,CAN -> GOV,0.0016614887852864893
2023-08-14,CAN,GOV,2863,581,9.40307369891722,2444.6315054139013,2468.622074746769,2467.7226685295145,0.3374083129584352,0.6077541040866224,4800.844568634299,1.7709745022703465,-3.027282311562166,35.16241704505763,54.63303217220663,-95.94737040806203,54.19529529667629,-98.22583534936335,54.25497588967486,-98.35500016301259,394533.0,122915.0,393193.0,CAN -> GOV,0.00357084504178874
2023-08-21,CAN,GOV,2653,735,8.176027139087825,1937.2480211081795,1993.6189219751225,1994.1338107802487,0.29739917075009425,0.5744440256313608,4523.514134941575,-0.32378439502450135,-1.7592982340587404,44.719185827365244,51.64186182097792,-98.22490370465303,50.734321787460566,-94.0360857929811,50.97114499329652,-95.22459927957416,238101.0,50063.0,235669.0,CAN -> GOV,0.0030932751289253287
2023-08-28,CAN,GOV,1904,555,9.430147058823529,2607.5388655462184,2622.78256302521,2618.8665966386557,0.2704831932773109,0.523109243697479,5190.205357142857,1.4815126050420164,-1.1505261418774815,37.46848739495798,48.3125892286501,-82.64905302148775,46.82333003801649,-71.7785940413224,47.39616210303028,-75.89006700330589,122140.0,35850.0,121283.0,CAN -> GOV,0.002426844159386559
2023-09-04,CAN,GOV,1510,542,7.828476821192053,2168.112582781457,2175.603311258278,2170.9198675496687,0.2986754966887417,0.6403973509933775,5099.290728476822,2.3211258278145683,-0.4102854726625026,40.19867549668874,43.946386016632005,-66.05691897920995,43.47677724185725,-61.20832538184337,44.041395159390156,-63.39484135481634,67416.0,12902.0,65383.0,CAN -> GOV,0.001791880762795334
2023-09-11,CAN,GOV,2752,733,7.882994186046512,2081.2994186046512,2100.1936773255816,2103.3626453488373,0.3913517441860465,0.657703488372093,4735.725654069767,1.237281976744186,-2.3260099075963496,42.65988372093023,48.75999492090808,-74.93902970889789,46.433546057854265,-59.326345541926045,47.5119336671549,-66.91516904284147,368025.0,60669.0,366861.0,CAN -> GOV,0.0030761217169498556
2023-09-18,CAN,GOV,10966,2400,8.518146999817619,2012.7200437716579,2037.137424767463,2042.5145905526172,0.33485318256428964,0.7349078971366041,4532.925861754514,-0.8798650373882869,-3.748493524249799,35.90005471457231,44.358538618986856,-52.0437945767333,40.62331122553505,-17.88447987369681,40.947161981434185,-25.80048408359255,1735953.0,333533.0,1727162.0,CAN -> GOV,0.01106569080849372
2023-09-25,CAN,GOV,3923,1327,8.518735661483559,2009.1830231965332,2032.2829467244455,2044.0991588070353,0.2786133061432577,0.5674228906449146,4436.908233494774,0.17606423655365702,-2.3055367277153462,35.577364262044355,46.853070844587684,-70.64045520618558,46.019068151804184,-50.20068782396915,46.62093425231964,-65.23182174149483,360217.0,116240.0,334213.0,CAN -> GOV,0.00449722348323314
2023-10-02,CAN,GOV,2506,868,7.748603351955308,1907.3938547486034,1912.5606544293696,1941.6851556264965,0.29768555466879487,0.5949720670391061,4243.8735035913805,-0.5468076616121308,-1.7762345084047069,37.505985634477256,46.083261418350865,-59.99189039814072,45.07237669684722,-51.254675386014554,45.72751922069524,-58.81163136863384,117025.0,34019.0,116654.0,CAN -> GOV,0.0028666274688342913
2023-10-09,CAN,GOV,2175,677,8.430344827586207,1998.6225287356322,2038.1701149425287,2012.007356321839,0.4225287356321839,0.6294252873563219,4570.154022988506,1.0879999999999999,-1.2861840562852678,45.144827586206894,48.59912517613898,-68.06240156270559,46.83177263316107,-59.59353088116494,48.813831076092015,-69.04172904462202,171075.0,27059.0,168575.0,CAN -> GOV,0.0015828841823657242
2023-10-16,CAN,GOV,2694,931,7.034892353377876,1707.6083890126206,1740.9112843355606,1731.0096510764663,0.3262806236080178,0.694135115070527,4348.519302152932,0.7926132145508533,-1.7714699914069956,40.81291759465479,45.4676641217326,-66.20407737191947,43.5428880317401,-52.823126891710274,44.34551301643014,-57.96004712770732,147340.0,28368.0,141511.0,CAN -> GOV,0.0020720813572671294
2023-10-23,CAN,GOV,2127,811,10.157498824635637,2621.06440996709,2656.7484720263283,2663.132110954396,0.3601316408086507,0.6031969910672308,4874.353079454631,0.9632346027268454,-1.0345266532054669,45.96144804889516,47.834544505601556,-78.0218920983927,46.11245011105699,-65.9476874875792,46.75794897856793,-69.65966795616177,90902.0,15271.0,86851.0,CAN -> GOV,0.0018514150224876855
2023-10-30,CAN,GOV,2048,703,9.5302734375,2443.8056640625,2474.484375,2469.8076171875,0.37548828125,0.58056640625,5027.68310546875,1.05947265625,-1.7273480080117918,43.7060546875,48.20652471689719,-83.50670008102776,45.661924418972305,-68.04161525197632,46.582550699110634,-73.87818483250994,100189.0,20033.0,94484.0,CAN -> GOV,0.0018514266290836703
2023-11-06,CAN,GOV,1824,671,9.431469298245615,2461.720942982456,2488.3053728070176,2517.3634868421054,0.3651315789473684,0.6178728070175439,5180.149671052632,1.1910087719298241,-1.078642802141325,40.098684210526315,47.3754680561423,-73.18430993218456,46.56089489494165,-67.97892513785438,46.7067127148416,-70.2416919143969,63465.0,15116.0,62276.0,CAN -> GOV,0.0017364631558504243
2023-11-13,CAN,GOV,1846,614,9.061755146262188,2222.0964247020584,2170.315817984832,2254.431744312026,0.319068255687974,0.5969664138678223,4626.957204767064,1.7719934994582889,-0.9350204836692455,42.91440953412784,48.814556458745834,-73.54370409735976,47.13511916776675,-64.49390773212322,48.2577114213421,-69.9198564867987,117144.0,24071.0,116818.0,CAN -> GOV,0.0019661075437395026
2023-11-20,CAN,GOV,1891,642,9.090428344791116,2175.4103648863033,2207.544685351666,2211.5055526176625,0.42887361184558437,0.5817028027498677,4341.956107879429,0.39455314648334155,-2.461751946347519,43.802221047065046,46.215811804324304,-75.76602133675676,44.281829762162154,-62.08337180000001,45.567075142162146,-72.01254145783784,185929.0,34739.0,185356.0,CAN -> GOV,0.002025210714017971
2023-11-27,CAN,GOV,2036,699,8.717092337917485,2214.7662082514735,2242.3241650294694,2240.226424361493,0.2956777996070727,0.6399803536345776,5102.180746561886,0.35068762278978355,-2.4465451723911835,35.923379174852656,48.5682370758483,-74.36179864371265,46.69208652694611,-61.197162798403205,45.43481968812376,-57.00877970109783,92202.0,31596.0,91959.0,CAN -> GOV,0.002027199925125032
2023-12-04,CAN,GOV,1536,581,9.270833333333334,2459.8997395833335,2474.564453125,2480.5227864583335,0.2916666666666667,0.6002604166666666,5293.932942708333,1.0066406250000004,-1.2542786109248196,33.658854166666664,47.38906782923588,-80.24993756677739,45.98477328504984,-74.17786146644518,46.41890661328904,-72.81638473953487,50979.0,17801.0,50765.0,CAN -> GOV,0.0016882367488253237
2023-12-11,CAN,GOV,1303,493,10.709900230237913,2563.7321565617804,2596.6247122026093,2602.52570990023,0.37835763622409824,0.5809669992325402,5641.129700690713,1.7807367613200293,-1.844464705933216,40.675364543361475,45.39130144018765,-69.07480888975763,42.947833496481614,-58.187668725566866,43.024303531665346,-59.56501975762315,74552.0,18810.0,74234.0,CAN -> GOV,0.0013989077139614854
2023-12-18,CAN,GOV,915,396,7.646994535519125,2121.6262295081965,2152.9387978142076,2157.9158469945355,0.4819672131147541,0.6666666666666666,4164.412021857924,1.7414207650273226,-0.7033521689663197,53.333333333333336,48.47867957351292,-81.58757273849605,47.195108875420885,-78.05638750729514,47.440052469135814,-80.45155180471379,42336.0,6937.0,41120.0,CAN -> GOV,0.0011389606703810476
2023-12-25,CAN,GOV,624,229,10.209935897435898,2566.838141025641,2627.0945512820513,2604.5048076923076,0.21794871794871795,0.6474358974358975,5060.854166666667,1.696474358974358,-1.3884829429573948,39.919871794871796,47.75078253594772,-80.1723638137255,46.959363745098045,-73.54367710294119,47.29967665359478,-74.42431016503268,45848.0,13676.0,45783.0,CAN -> GOV,0.0010152284263959391
2024-01-01,CAN,GOV,1167,381,8.287917737789202,2029.0462724935733,2098.37617823479,2100.2587832047984,0.258783204798629,0.532133676092545,4452.685518423307,0.7624678663239081,-1.6191031711498776,33.79605826906598,48.515895765118294,-66.84448980368101,44.457127097283085,-49.15717644259423,46.06738728921997,-54.285643665205974,44649.0,14183.0,44189.0,CAN -> GOV,0.0015912471860013882
2024-01-08,CAN,GOV,1132,465,9.267667844522968,2437.85777385159,2521.0927561837457,2511.2358657243817,0.3374558303886926,0.5565371024734982,5075.586572438163,0.9175795053003538,-1.2643538440753246,39.64664310954063,48.15745503953281,-79.07551227762804,46.987877265049434,-67.2044326451033,47.19235381491467,-69.92318211859839,41372.0,9479.0,40935.0,CAN -> GOV,0.0013410558563980329
2024-01-15,CAN,GOV,1522,607,7.188567674113009,2095.26544021025,2111.361366622865,2119.3561103810775,0.29632063074901444,0.6511169513797634,4605.950722733246,1.686925098554534,-1.3528075435652742,42.31274638633377,48.151547384305836,-86.52043136887995,48.248472808853116,-86.70829587055667,48.218933875251516,-85.72375066465462,79164.0,17312.0,78586.0,CAN -> GOV,0.0018744257877637682
2024-01-22,CAN,GOV,1570,573,9.250955414012738,2317.4675159235667,2332.212101910828,2364.51974522293,0.37070063694267513,0.5936305732484076,4559.063057324841,1.7408280254777067,-1.6042862195716538,45.22929936305732,47.77139864539006,-80.94570374016767,46.97586086331398,-76.73015011927791,47.21647545067698,-78.7442393236622,97999.0,13313.0,96474.0,CAN -> GOV,0.0019663614422822818
2024-01-29,CAN,GOV,1983,635,8.094805849722642,2165.3333333333335,2258.753403933434,2259.567322239032,0.3161875945537065,0.5960665658093798,4659.8184568835095,1.9689359556227923,-1.0578937145742542,40.75138678769541,47.88531330315572,-89.05348363942076,47.68554586497674,-87.62871566218328,47.62339386963269,-87.88963118210053,124232.0,27303.0,123745.0,CAN -> GOV,0.002468954423325456
2024-02-05,CAN,GOV,2381,761,7.78832423351533,2017.8882822343553,2024.6367072658547,2043.3263334733306,0.3095338093238135,0.6585468290634188,4113.273414531709,1.5970600587988235,-1.2505923463081272,42.066358672826546,48.757723203131604,-80.31414525730014,48.5297786051629,-72.54260340584013,48.46203550528987,-74.0352759674144,159188.0,31868.0,158652.0,CAN -> GOV,0.002733658326004542
2024-02-12,CAN,GOV,2116,834,8.491965973534972,2185.387996219282,2200.0212665406425,2191.552930056711,0.43147448015122875,0.6195652173913043,4384.972117202268,1.4947542533081286,-0.6332678215521638,45.13705103969754,47.77912800294839,-78.23208433071262,47.04030956314495,-73.07863237739564,47.56390974152335,-76.57150220884527,122411.0,17730.0,116211.0,CAN -> GOV,0.0023931020755297394
2024-02-19,CAN,GOV,1248,582,8.84775641025641,2354.701923076923,2369.448717948718,2376.22516025641,0.375,0.5953525641025641,4776.959134615385,1.4435096153846163,-0.5832703750195442,44.57532051282051,48.64678964285716,-81.56654217816092,48.123944090311994,-75.91120653284071,48.24910287520526,-78.86569137356321,50140.0,9045.0,49385.0,CAN -> GOV,0.0013624260791058641
2024-02-26,CAN,GOV,1936,734,9.855371900826446,2578.61673553719,2613.271694214876,2607.5418388429753,0.3285123966942149,0.5635330578512396,4857.311466942148,1.7057334710743792,-0.8522734787417173,41.053719008264466,49.47573553533755,-81.1849892209916,47.40160560390296,-68.72200318248947,49.210643433544284,-79.05179874841775,141460.0,25738.0,138724.0,CAN -> GOV,0.002173105351833165
2024-03-04,CAN,GOV,2056,639,7.997568093385214,1975.544260700389,2014.3535992217899,2008.3195525291828,0.35992217898832685,0.5476653696498055,3972.8390077821014,1.2836575875486385,-1.1430088486998427,42.82587548638132,48.412330406727804,-89.01909583792055,47.285642516819536,-83.1968939398573,48.0249338114169,-87.67914179663612,187606.0,37584.0,185010.0,CAN -> GOV,0.002396368150215918
2024-03-11,CAN,GOV,1709,595,7.241661790520772,1872.8695143358689,1891.9157401989467,1901.6910473961382,0.4101813926272674,0.7267407840842598,4403.582796957285,1.0417203042715044,-1.1290862815457596,47.13867758923347,47.70022317916664,-85.6204057744048,47.858447323214264,-84.3769255982143,48.00069244761903,-84.75193440773812,157039.0,18344.0,154946.0,CAN -> GOV,0.0020544816310829007
2024-03-18,CAN,GOV,2381,636,8.69592608147837,2121.4720705585887,2132.2171356572867,2145.5942881142378,0.47837043259134815,0.5921881562368753,4361.355312893742,1.8585888282234344,-0.863823399886371,48.45023099538009,47.57120874733705,-71.88356351512576,47.03191074563272,-67.96689547635283,47.49134315083086,-72.84674286876871,335725.0,47199.0,327938.0,CAN -> GOV,0.002663883071084618
2024-03-25,CAN,GOV,1373,507,7.734158776402039,2077.6649672250546,2025.621267297888,2094.8230152949745,0.38820101966496723,0.6751638747268754,4541.880553532411,1.8369992716678798,-0.7948891805209096,49.94173343044428,48.11566205860533,-82.40932532566767,48.038861224777435,-80.84103081454009,48.3955947744807,-82.7294106617211,81260.0,12275.0,79760.0,CAN -> GOV,0.001796344510878809
2024-04-01,CAN,GOV,1600,525,8.190625,1999.791875,2004.833125,2048.47125,0.383125,0.54875,3991.948125,2.000499999999999,-1.7899761500041598,44.9125,49.07111857403905,-78.49618415122879,48.915675332073086,-77.86360084247012,49.07683155450535,-78.22475970258355,95494.0,21376.0,93416.0,CAN -> GOV,0.002022321372145051
2024-04-08,CAN,GOV,1774,673,7.888387824126268,2061.5794813979705,2093.3105975197295,2088.2790304396844,0.3523111612175874,0.6792559188275085,4593.978579481398,0.819503945885006,-1.465004468704649,44.65614430665163,47.40256170682731,-76.47207152610447,46.91562800057371,-71.77879361847391,47.42633647446931,-80.89827349971317,91218.0,17242.0,85353.0,CAN -> GOV,0.002013632313463754
2024-04-15,CAN,GOV,1889,594,7.411858125992588,1785.2472207517205,1809.0989941768132,1818.2609846479618,0.45844362096347274,0.6585494970884066,4103.409740603494,1.5914769719428254,-1.1247727088044914,46.76548438327157,48.5892425828354,-82.27663677729511,48.65886816675718,-79.93583760293333,48.639017379141755,-80.41443829440537,132342.0,26925.0,131890.0,CAN -> GOV,0.002163874859531416
2024-04-22,CAN,GOV,1266,548,8.438388625592417,2292.003159557662,2321.480252764613,2302.768562401264,0.32148499210110587,0.5971563981042654,4252.418641390205,1.627725118483413,-0.24173396897989718,41.25592417061611,49.710842293146165,-81.35178869116433,49.237468951279936,-78.97955356895127,49.23354497687861,-80.22073394054499,38306.0,8774.0,38233.0,CAN -> GOV,0.0013541656638781123
2024-04-29,CAN,GOV,1859,692,7.9004841312533625,2031.5831091984937,2061.238838084992,2050.3561054330285,0.3555675094136633,0.6686390532544378,4537.1167294244215,1.1313071543840774,-1.967324880163453,41.285637439483594,49.13041834163896,-83.98066608527137,47.98310310022145,-74.6521820880399,48.58077043133994,-80.92126809745295,116187.0,25584.0,116052.0,CAN -> GOV,0.0021296899863328662
2024-05-06,CAN,GOV,2769,748,9.086673889490791,2056.922715781871,2154.465511014807,2143.3864210906463,0.3264716504153124,0.520404478150957,4265.97146984471,0.5417840375586854,-2.7669440169925816,40.03250270855904,48.70548772195835,-74.19486159152363,45.87497268359523,-61.1290239203508,47.926524064669344,-68.98031294592624,183113.0,45841.0,170201.0,CAN -> GOV,0.0032653301886792453
2024-05-13,CAN,GOV,1372,573,7.278425655976676,1885.252915451895,1739.0313411078716,1927.2995626822158,0.39212827988338195,0.7128279883381924,4660.731778425656,1.168877551020409,-1.5752260349531768,42.981049562682216,48.9000504754358,-82.6500886862124,47.16585071315371,-75.63235522345482,47.617706160855775,-78.57142269017433,53214.0,13611.0,52846.0,CAN -> GOV,0.0017006149235157114
2024-05-20,CAN,GOV,1404,474,7.576923076923077,1850.91452991453,1890.153133903134,1889.9066951566952,0.35185185185185186,0.6267806267806267,4531.25,1.150712250712251,-1.1572066714734273,44.09544159544159,48.5681176363636,-87.48835059854551,48.16772258181818,-86.12016276581821,48.555833345454516,-86.89573185672732,84803.0,15715.0,84399.0,CAN -> GOV,0.0018128222310883518
2024-05-27,CAN,GOV,1113,490,10.40700808625337,2790.11590296496,2826.015274034142,2824.330637915544,0.3701707097933513,0.4519317160826595,5263.966756513926,1.6103324348607377,-1.047408441140567,47.16082659478886,48.57105510396975,-85.36744397258977,47.9205577032136,-84.18295785444231,48.00693227788279,-85.45510487712662,55404.0,8929.0,55104.0,CAN -> GOV,0.0014073429668256512
2024-06-03,CAN,GOV,1375,553,9.434909090909091,2426.488,2485.274909090909,2506.564363636364,0.3469090909090909,0.6269090909090909,5296.325090909091,1.844145454545454,-1.4241590979404364,42.64,47.66768701274363,-83.80915532458765,47.3232729197901,-78.53275406146923,47.80148221514243,-77.43170240779608,73306.0,17754.0,73022.0,CAN -> GOV,0.0015958588912552735
2024-06-10,CAN,GOV,2230,597,7.569058295964125,1951.4242152466368,2004.6650224215246,2005.9838565022421,0.3852017937219731,0.6242152466367713,4257.308071748879,1.1913901345291467,-1.146583967871608,45.09417040358744,50.11241757801091,-77.63071195483585,49.66706267381383,-73.96554192700737,49.61069128512771,-75.44942608074824,213996.0,46519.0,212535.0,CAN -> GOV,0.0027228526704713343
2024-06-17,CAN,GOV,1363,559,7.141599413059428,1887.169479090242,1932.4666177549523,1921.344827586207,0.35143066764490094,0.6852531181217901,4289.037417461482,1.2140865737344093,-1.8434718726096215,37.01393983859134,49.7242283945783,-80.3166937259036,48.22936905496989,-67.24127159412646,48.088900839608414,-68.04251089608431,37642.0,12836.0,37465.0,CAN -> GOV,0.0019118876488971928
2024-06-24,CAN,GOV,1521,504,8.938856015779093,2389.4063116370808,2427.648257725181,2455.9414858645628,0.3990795529257068,0.6009204470742933,4508.025641025641,0.9168967784352405,-0.7104469597086396,41.814595660749504,48.87901663570006,-86.66323909223624,48.20028570537492,-82.20340025481092,48.43796523689449,-84.56877572461848,93980.0,18812.0,92067.0,CAN -> GOV,0.0019736585998832157
2024-07-01,CAN,GOV,1232,478,9.306818181818182,2521.521103896104,2558.7337662337663,2570.163961038961,0.3409090909090909,0.6883116883116883,5085.795454545455,1.6383116883116884,-0.7670388904840278,48.23863636363637,47.913587730318234,-82.07988975460638,47.34600705192629,-64.70835103350082,47.792880134003354,-72.31072682328309,107784.0,18129.0,105987.0,CAN -> GOV,0.0018240124127597958
2024-07-08,CAN,GOV,1118,443,7.825581395348837,2089.0572450805007,2133.2388193202146,2120.432915921288,0.3416815742397138,0.6565295169946332,4445.685152057245,1.0867620751341684,-0.6288514205893363,45.58139534883721,48.29085852941177,-85.36028875475115,47.76078926968327,-83.45885889502263,47.81060870407241,-82.37116637737559,52623.0,9874.0,50308.0,CAN -> GOV,0.0014496060909387949
2024-07-15,CAN,GOV,2010,556,7.126865671641791,1870.1457711442786,1882.7537313432836,1887.5,0.39054726368159204,0.7179104477611941,3970.487064676617,0.8425373134328358,-1.4658080956558375,40.37810945273632,47.70144980894928,-79.14415444494735,46.693121503268024,-76.50161552740086,46.56253455455007,-75.07026700904993,173663.0,37898.0,173141.0,CAN -> GOV,0.00266199779623665
2024-07-22,CAN,GOV,1445,519,8.503806228373703,2243.752249134948,2211.026989619377,2292.680276816609,0.2519031141868512,0.5439446366782007,5504.088581314879,0.794948096885813,-1.7943736344277432,37.965397923875436,48.295235831920884,-89.36650492090396,47.19393768573444,-87.72768175706213,48.69018558474574,-90.58751975141242,78797.0,20132.0,78671.0,CAN -> GOV,0.0017253442927521211
2024-07-29,CAN,GOV,998,391,10.197394789579159,2787.931863727455,2812.504008016032,2825.8547094188375,0.3046092184368738,0.42384769539078154,5107.060120240481,1.122444889779559,-0.5705962316424601,38.947895791583164,48.1733823065173,-86.52453180549901,47.71774532382892,-84.43938760997966,48.38975028818737,-92.10390960590634,40237.0,10531.0,38550.0,CAN -> GOV,0.0012738349451982933
2024-08-05,CAN,GOV,1446,457,7.282849239280774,1999.0560165975103,1981.521438450899,2010.6424619640388,0.49239280774550487,0.6147994467496543,3967.739972337483,0.9271784232365146,-2.547073670846201,50.12448132780083,48.61466920780139,-85.6721159390072,47.35480750567372,-75.01128539929086,47.83056277730493,-77.1693813758866,121752.0,23085.0,119728.0,CAN -> GOV,0.0019301720869885578
2024-08-12,CAN,GOV,1161,422,7.732988802756244,2157.848406546081,2167.5986218776916,2146.6279069767443,0.30749354005167956,0.6399655469422911,4691.33247200689,1.4662360034453055,-1.2023646191019162,39.83634797588286,47.4469380472441,-83.44809869116362,47.307214797025374,-83.26076196587928,47.455096314960635,-83.6586456727909,89153.0,20815.0,87551.0,CAN -> GOV,0.001506829402511642
2024-08-19,CAN,GOV,1243,449,6.84473049074819,1762.3612228479485,1799.6629123089301,1801.3145615446501,0.3032984714400644,0.6524537409493162,4308.514883346742,0.7455349959774741,-2.250509532618845,42.42156074014481,49.053681534090906,-83.59842224107143,48.098051021103885,-82.10588022402601,48.14753218344155,-82.44006888636366,76306.0,13006.0,75229.0,CAN -> GOV,0.0014838796708485094
2024-08-26,CAN,GOV,1539,480,8.915529564652372,2454.5510071474982,2480.1565951916828,2477.2215724496427,0.32943469785575047,0.5847953216374269,5401.367771280052,1.5975308641975308,-0.564050408716375,45.95191682910981,48.236473286184214,-88.4048952348685,47.90834082434211,-88.97894335131588,47.620634409868416,-86.9065340947369,142667.0,25301.0,140166.0,CAN -> GOV,0.002096033471162175
2024-09-02,CAN,GOV,1262,443,8.333597464342313,2097.0309033280505,2104.822503961965,2148.1014263074485,0.2606973058637084,0.6664025356576863,4470.262282091918,1.0649762282091917,-0.8320179967948905,35.26148969889065,49.56186280241934,-91.26426199758063,49.31235384677418,-90.1174183346774,49.55279159274192,-90.96905425725805,48985.0,14840.0,48836.0,CAN -> GOV,0.0017404976002647983
2024-09-09,CAN,GOV,1796,542,8.524498886414253,2171.522271714922,2204.8836302895324,2204.017817371938,0.272271714922049,0.6447661469933185,4584.175389755012,1.1426503340757237,-1.8444241293089596,45.584632516703785,48.37337040327125,-89.20055439086303,48.55280975747317,-87.3683957896222,48.63396205583753,-87.69486251269045,160975.0,31109.0,160761.0,CAN -> GOV,0.0023254007302483362
2024-09-16,CAN,GOV,1821,608,8.527182866556837,2163.041735310269,2118.179571663921,2190.5601317957166,0.41625480505216916,0.6562328390993959,4122.827018121911,0.7573860516199892,-2.0059872702944044,43.59692476661175,46.60738183724831,-87.74423191275172,46.16384544630871,-86.13543883109624,46.31026355313199,-86.86487266778526,140012.0,14837.0,135440.0,CAN -> GOV,0.002479713600568659
2024-09-23,CAN,GOV,1772,579,10.111738148984198,2719.5389390519185,2712.6252821670428,2750.370203160271,0.3747178329571106,0.5033860045146726,4766.42381489842,1.381997742663657,-1.7540371807444355,43.0079006772009,47.68968913880685,-79.80459888777321,46.01179548552864,-73.68576344949797,47.335633907265205,-74.87172285351451,109425.0,24301.0,108952.0,CAN -> GOV,0.002041940442635532
2024-09-30,CAN,GOV,1075,437,10.012093023255813,2811.393488372093,2821.9106976744188,2829.278139534884,0.35069767441860467,0.6372093023255814,5273.844651162791,0.9252093023255813,-0.31662909868957156,46.074418604651164,50.800864784883714,-87.77963945736434,49.95088502713178,-83.56173598546509,50.08524401453488,-83.80377989631783,67066.0,12000.0,66318.0,CAN -> GOV,0.001230555787675898
2024-10-07,CAN,GOV,1515,493,8.26006600660066,2137.1062706270627,2228.633663366337,2214.4640264026402,0.45874587458745875,0.6455445544554456,4944.472607260726,1.706072607260725,-1.2533282870548799,43.68316831683168,42.922918958161866,-77.85993066598081,41.84485289163238,-70.46343486213992,42.015018112482856,-71.65905584705077,164192.0,34573.0,164088.0,CAN -> GOV,0.002016053910479222
2024-10-14,CAN,GOV,7679,1629,8.005860138038807,1685.0621174632113,1685.480010418023,1710.0886834223206,0.42010678473759605,0.6851152493814299,4650.986456569866,-2.0366584190649855,-5.414590885679971,45.14780570386769,45.1289896971163,-53.778131460263786,41.73261964087182,-28.217018658749833,41.79226250802569,-32.884330116142465,2462528.0,379520.0,2141189.0,CAN -> GOV,0.009922547532349392
2024-10-21,CAN,GOV,1742,668,8.665901262916188,2189.5022962112516,2210.057979334099,2217.0866819747416,0.35017221584385766,0.6251435132032147,4721.52812858783,0.9331228473019519,-2.026573551877243,41.056257175660164,46.2110558693349,-77.32455036315478,44.59911839846969,-72.0786455832843,45.58532534844026,-75.23445130488521,107983.0,20861.0,107547.0,CAN -> GOV,0.002128470677933795
2024-10-28,CAN,GOV,2234,675,9.475828111011639,2496.2730528200536,2438.4368845120857,2533.4709042076993,0.2287376902417189,0.5380483437779767,4469.840196956133,0.17636526410026832,-2.4576537174466795,35.143240823634734,47.48375257531758,-78.24433512840302,46.73677607441014,-73.0740259800364,47.02860150181486,-74.98725401951006,144931.0,37155.0,143756.0,CAN -> GOV,0.0031568341785942903
2024-11-04,CAN,GOV,2272,838,8.217429577464788,2046.0858274647887,2084.481514084507,2056.53213028169,0.4128521126760563,0.6668133802816901,4444.783450704225,0.6179577464788736,-1.800888420431384,43.129401408450704,45.53286536173988,-67.52424312916118,45.00403006213935,-62.58908543675103,45.56941772969371,-65.28165109454066,148997.0,23968.0,137444.0,CAN -> GOV,0.0029634615108697212
2024-11-11,CAN,GOV,1716,521,8.9504662004662,2404.4219114219113,2362.0920745920744,2430.9195804195806,0.32051282051282054,0.4935897435897436,4729.857226107226,1.3362470862470859,-1.3413070584384439,40.93240093240093,47.496207251333765,-78.53547889330171,43.44998270005932,-69.89470647480734,46.44572089982222,-73.46065301304088,161555.0,34560.0,161106.0,CAN -> GOV,0.002268469985736136
2024-11-18,CAN,GOV,2134,658,7.610121836925961,1805.7624179943768,1838.2352389878163,1834.447985004686,0.3931583880037488,0.6087160262417994,4092.831771321462,1.4975164011246473,-1.7078020901791817,42.46954076850984,45.681860608571405,-72.55296010380957,44.853581938095225,-69.6757911628572,45.30453014095236,-68.89025500571432,157597.0,27651.0,153175.0,CAN -> GOV,0.002866010644798674
2024-11-25,CAN,GOV,4225,985,7.64,1803.344852071006,1840.2740828402366,1841.2989349112427,0.29325443786982247,0.6965680473372781,4440.656331360947,1.5839763313609492,-1.53484382461046,39.874556213017755,47.31472738419432,-81.07587166698414,46.43458300523693,-79.20626265365392,47.150156498452816,-81.7176305905737,605810.0,102681.0,572750.0,CAN -> GOV,0.006009829093262591
2024-12-02,CAN,GOV,2208,697,7.773097826086956,1848.1929347826087,1872.4678442028985,1849.1897644927535,0.29846014492753625,0.7024456521739131,4103.582880434783,0.777309782608696,-0.9213043304683517,39.65126811594203,48.110893024793384,-82.43007194719932,46.4213164292929,-81.40608055142337,46.9840804903581,-80.07031278099177,149838.0,30053.0,146961.0,CAN -> GOV,0.002716866350601267
2024-12-09,CAN,GOV,3003,741,7.807525807525807,1884.8431568431567,1905.5228105228105,1913.3339993339994,0.37595737595737594,0.681984681984682,4012.959040959041,0.7520812520812522,-1.0488917624632483,44.12587412587413,47.752894830981234,-82.1172422876345,47.23012607526884,-79.59856193346783,47.20250437668013,-81.20864602822591,358226.0,61797.0,352407.0,CAN -> GOV,0.003743114874861799
2024-12-16,CAN,GOV,4531,1042,10.332818362392407,2651.6896932244535,2670.6316486426836,2687.183182520415,0.30103729860957845,0.6340763628338115,5126.073273008166,2.10158905318914,-1.0496596389082762,42.94195541822997,47.32491787630492,-82.08522378059071,47.06953700621828,-81.14207077748178,47.14899744747967,-80.88720406884303,627553.0,90948.0,600395.0,CAN -> GOV,0.006196315578584899
2024-12-23,CAN,GOV,1465,348,7.186348122866894,1842.0587030716724,1898.0354948805461,1889.7754266211605,0.25187713310580206,0.736518771331058,4346.672354948805,0.17897610921501697,-1.7353339154809424,36.9419795221843,47.75395850409833,-86.37530846926245,46.06590159972675,-84.99485689822416,46.92885486680325,-85.671028339481,110597.0,31676.0,110580.0,CAN -> GOV,0.003101205130430549
2024-12-30,CAN,GOV,1340,354,10.444776119402984,2758.8634328358207,2728.3865671641793,2756.884328358209,0.35,0.4955223880597015,5365.852985074627,0.8629104477611942,-0.8577237779722932,42.42537313432836,47.317739126686625,-78.5245884145428,46.41445089580207,-75.34713734032992,46.64362051724136,-74.71953803973021,106092.0,23022.0,105545.0,CAN -> GOV,0.002707316826782233
2025-01-06,CAN,GOV,4683,1050,9.266709374332693,2207.3995302156736,2220.6957078795645,2231.6893017296607,0.3113388853299167,0.6444586803331198,5068.765107836857,2.1580610719624214,-1.468295770261902,39.98718770019219,47.69106640261146,-79.53361480500855,47.082135238227906,-76.4037075216181,46.82530605051385,-77.41840791930647,672080.0,168635.0,646824.0,CAN -> GOV,0.006540201359434551
2025-01-13,CAN,GOV,3445,875,9.104789550072569,2280.7857764876635,2295.8206095791,2308.7608127721337,0.3706821480406386,0.6458635703918723,4920.570972423802,2.3521044992743083,-0.9198551680656977,40.01741654571843,47.156707228965125,-84.89088763383188,46.171767801231326,-82.33431618762836,46.53460477191442,-83.91176427030209,288473.0,67657.0,280758.0,CAN -> GOV,0.004350456071759163
2025-01-20,CAN,GOV,2679,812,8.48488241881299,2232.6532288167227,2213.7935796939155,2255.681597611049,0.3717805151175812,0.6715192235908921,4989.700634565136,2.1581933557297486,-0.9292691488074524,42.97872340425532,48.38297933683026,-82.74596624765843,47.58379687448482,-81.61032031435008,47.915264633945284,-81.08725417347334,271871.0,39100.0,255315.0,CAN -> GOV,0.0029646565137232943
2025-01-27,CAN,GOV,3593,826,9.106317840244921,2211.51461174506,2239.612023378792,2240.3384358474814,0.33342610631784025,0.5404954077372669,4789.478430281102,1.9428332869468445,-1.1532104211985228,37.24742554967993,49.260535842680945,-83.66642234099825,47.39452747083573,-74.25245368564217,48.644571981491914,-82.26360192148061,338544.0,87269.0,337916.0,CAN -> GOV,0.0043965322092176665
2025-02-03,CAN,GOV,3336,1004,9.176558752997602,2209.4700239808153,2230.0173860911273,2090.601618705036,0.32164268585131894,0.645083932853717,4522.483513189449,1.2833333333333319,-1.145829424830828,37.89568345323741,47.86836099274058,-80.5394915372053,45.82796492740479,-80.60136974863904,46.13858310949796,-80.84709416878425,259374.0,64391.0,257086.0,CAN -> GOV,0.003864711913298849
2025-02-10,CAN,GOV,2698,853,9.394736842105264,2460.9762787249815,2493.3031875463307,2496.880652335063,0.34062268346923646,0.5385470719051149,5254.610452186805,1.2511860637509242,-0.7848360360889777,36.2824314306894,48.04887603368266,-75.26837934955104,46.98697562874253,-73.59204273128756,47.465568449101795,-69.60781471257498,158890.0,40985.0,158221.0,CAN -> GOV,0.0030785732216618363
2025-02-17,CAN,GOV,2171,599,8.343620451404883,2410.8277291570703,2439.4509442653157,2423.911100875173,0.3196683555964993,0.5845232611699678,4998.578074619991,1.9240902809765068,-1.5344006555348237,34.002763703362504,47.16514756380509,-85.83929375684458,45.79862298375868,-85.59677980649657,45.82453412993038,-84.58227890765667,233192.0,65699.0,229509.0,CAN -> GOV,0.0023404585617014303
2025-02-24,CAN,GOV,2565,826,7.968810916179337,1893.1364522417155,1927.2729044834307,1916.5239766081872,0.43391812865497076,0.6865497076023391,4764.4,0.985575048732943,-0.8442659254000004,42.64717348927875,48.24745354978361,-81.97300175993718,47.382999685163355,-79.88743498819375,47.047934043683625,-80.47597763478959,150594.0,34616.0,149927.0,CAN -> GOV,0.002755031019608517
2025-03-03,CAN,GOV,4346,1101,8.897146801656696,2147.4052001840773,2164.7533364012884,2156.898067188219,0.34882650713299584,0.6465715600552232,4639.551311550851,1.7817073170731703,-1.0162416748639285,39.786010124252186,49.90630583664065,-75.8384294600831,47.77405796354419,-64.9816377780342,48.36193544762357,-66.98055246862026,588967.0,127928.0,584755.0,CAN -> GOV,0.004864785601309216
2025-03-10,CAN,GOV,5165,1214,7.489835430784124,1903.3713455953534,1918.916940948693,1920.6038722168441,0.41568247821878024,0.681703775411423,4272.922362052275,2.385072604065828,-0.40075117568502133,41.39399806389158,50.396903038618355,-74.42682586959064,47.33407444847667,-55.94859701552502,49.89008630001947,-71.45577976382698,606787.0,145390.0,582926.0,CAN -> GOV,0.005816945838772056
2025-03-17,CAN,GOV,2822,820,9.297661233167966,2236.714032600992,2278.6966690290574,2278.0031892274983,0.4390503189227498,0.593905031892275,4398.075478384125,1.9199503897944714,-1.36827618664498,46.95251594613749,48.387331013561784,-77.71114952212726,47.579821972519674,-63.172569456102856,48.13955743825845,-62.7965567683798,700319.0,117198.0,691568.0,CAN -> GOV,0.003145993262089555
2025-03-24,CAN,GOV,3308,750,10.404776299879082,2863.96130592503,2879.0329504232163,2877.016324062878,0.28234582829504234,0.41626360338573154,5097.264207980653,1.7684703748488504,-0.9736078797450717,35.734582829504234,47.799542909477545,-83.0627679304376,47.46822469106926,-81.27905149574745,46.79319051731471,-81.15362952521282,370345.0,121544.0,369543.0,CAN -> GOV,0.004101994328137226
2025-03-31,CAN,GOV,2034,604,7.160766961651918,2042.5801376597838,2063.8117010816127,2048.9680432645036,0.4336283185840708,0.6533923303834809,5340.7522123893805,1.5551622418879048,-0.6441784060670475,40.378564405113075,48.116594392449066,-73.65851451465471,47.52900203874813,-70.40956831644311,47.67431789816194,-71.24215914108296,215716.0,45395.0,214943.0,CAN -> GOV,0.0028164723476141683
2025-04-07,CAN,GOV,1882,666,7.961211477151966,2093.8459086078637,2122.2826780021255,2116.799149840595,0.3889479277364506,0.6599362380446334,4663.065356004251,1.4274176408076518,-0.6689411723865339,43.52816153028693,49.20625220363232,-86.47297375949377,47.78164274463396,-83.43162524105679,47.94178455035768,-83.81763309961485,123859.0,20283.0,112490.0,CAN -> GOV,0.0024302340746709433
2025-04-14,CAN,GOV,1532,613,9.838120104438643,2877.0600522193213,2787.695169712794,2917.126631853786,0.3368146214099217,0.5150130548302873,5528.582898172323,1.1750000000000003,-0.6935040483436931,41.72976501305483,46.85334601385224,-83.37625189643803,45.69391172691293,-81.98784310026389,46.545004993403694,-81.86232734828496,62469.0,12567.0,61546.0,CAN -> GOV,0.001842701602621159
2025-04-21,CAN,GOV,1614,523,11.182156133828997,3005.9993804213136,2989.2620817843867,3029.6338289962823,0.3543990086741016,0.49008674101610905,5331.099752168526,1.0747211895910775,-0.2540316530913937,40.5638166047088,48.696725946908174,-85.62143060649602,47.98775266458463,-78.73035936539667,48.01238079700185,-80.63721834978145,90210.0,23196.0,89995.0,CAN -> GOV,0.0017258322007782285
2025-04-28,CAN,GOV,3034,911,8.091957811470007,2136.3335530652603,2153.411008569545,2110.523731048121,0.40738299274884643,0.7003955174686882,4848.812458800264,1.1920896506262333,-0.36233940540601145,44.686882003955176,47.66773278757853,-82.65390988833839,46.68141005252731,-75.27382425272556,46.871888024777064,-76.06671982457891,232989.0,40208.0,225724.0,CAN -> GOV,0.003915672368955971
2025-05-05,CAN,GOV,2987,789,7.797120857047204,1783.2979578172078,1802.566119852695,1807.6243722798795,0.31670572480749914,0.6792768664211584,4819.113491797791,1.6898895212587868,0.17206246596830166,38.43321057917643,49.6979074186992,-78.45054214905156,47.73748258807589,-76.04753535602991,47.96842156165313,-76.05653525406515,290330.0,75795.0,286815.0,CAN -> GOV,0.003609218429609366
2025-05-12,CAN,GOV,2386,783,8.018440905280805,2531.846605196982,2575.6714165968147,2565.513411567477,0.33780385582564965,0.6764459346186086,5018.7049455155075,1.9559513830678952,-0.15308464798365332,43.725901089689856,48.927109887750696,-84.97614081092627,48.340007908237254,-81.13221377720879,48.46571495177119,-82.31263149253104,159971.0,31547.0,157009.0,CAN -> GOV,0.0029597579597765667
2025-05-19,CAN,GOV,2136,689,9.404026217228465,2479.7621722846443,2524.8492509363296,2527.6399812734085,0.398876404494382,0.6067415730337079,4797.901217228465,1.0815543071161053,-0.5294425941380339,43.342696629213485,47.99413988218662,-78.95563063477856,46.211178209236536,-70.41420154853917,46.12713839773795,-73.85272350612635,157274.0,28941.0,145599.0,CAN -> GOV,0.0027581718588993655
