week,a1c,a2c,mentions,events,avg_sentenceid,avg_a1co,avg_a2co,avg_actco,avg_raw_text,avg_root_event,avg_len,avg_goldstein,avg_tone,avg_confidence,avg_lat1,avg_lon1,avg_lat2,avg_lon2,avg_lata,avg_lona,total_num_mentions,total_num_sources,total_num_articles,pair,Relative_mentions
2016-01-11,CHN,USA,4350,1434,8.699310344827586,1911.3604597701149,1953.8597701149424,1963.4445977011494,0.3779310344827586,0.705287356321839,3990.882298850575,2.0042528735632175,-2.8350010954963585,38.225287356321836,35.29320460635365,81.16603813466865,36.629511167127134,5.611126755294648,36.55235554327812,11.060714100828722,983859.0,163400.0,923755.0,CHN -> USA,0.0028385566037551165
2016-01-18,CHN,USA,3022,1137,6.555923229649239,1477.590337524818,1512.1684315023163,1526.8977498345466,0.4126406353408339,0.7892124420913302,3854.7422236929187,2.0134017207147576,-1.975335455056596,39.08007941760424,35.13575489080081,78.52444124751827,35.85410773659827,4.237424029119787,35.5581871872932,23.43950036730641,391980.0,82283.0,386650.0,CHN -> USA,0.002012608439102944
2016-01-25,CHN,USA,3977,1387,7.848378174503394,1983.340206185567,2006.0497862710586,2006.6054815187326,0.3351772692984662,0.6758863464923309,4418.74981141564,1.6305506663314029,-1.9109719652999937,33.48252451596681,35.43025589137545,74.55659436585364,35.92386106110134,-16.202091050289177,33.01440788031181,39.89795334498364,348701.0,83683.0,348236.0,CHN -> USA,0.0027795677656804107
2016-02-01,CHN,USA,2769,1253,7.526905019862767,1986.0234741784038,1969.4304803178043,1992.6186348862404,0.4275911881545684,0.6193571686529433,3809.5027085590464,0.9568436258577105,-1.4138979035899482,40.67894546767786,34.665665608522936,74.11209053448903,35.977315814373426,-6.898809393282774,35.527231531238726,31.809331963524752,332321.0,45901.0,331405.0,CHN -> USA,0.0018877494672169706
2016-02-08,CHN,USA,4198,1468,11.22343973320629,2430.9714149595047,2650.5612196283946,2641.649356836589,0.3334921391138637,0.42091472129585517,4826.685088137208,0.22691757979990482,-2.1433623894426974,35.72177227251072,37.314617467841856,78.29126897308237,37.224109578370715,-15.164681214149626,36.768704549785674,17.244710858265847,486751.0,110577.0,485037.0,CHN -> USA,0.002621880271631293
2016-02-15,CHN,USA,3846,1459,8.84529381175247,2323.0813832553304,2355.10010400416,2360.723088923557,0.31981279251170047,0.5332813312532502,4526.996099843994,0.8836193447737904,-2.1461256148683256,36.5860634425377,36.05534571242855,81.27001153406131,36.3625993603744,-11.848982563702577,36.4454143369735,35.52094632345293,287130.0,68704.0,285986.0,CHN -> USA,0.0023338568227992203
2016-02-22,CHN,USA,6733,2470,7.128620228724194,1671.5550274766078,1699.7014703698203,1711.4461607010248,0.39714837368186545,0.7365216099806922,3996.6032971929303,1.7198722709044982,-2.1467982881861305,37.10975790880737,36.19506997178083,79.77156580528732,37.13297230357948,-2.273547788652904,36.116359798009825,45.0666028069211,713259.0,134011.0,691565.0,CHN -> USA,0.004233885547377324
2016-02-29,CHN,USA,2535,1336,8.712820512820512,2320.230769230769,2349.646153846154,2348.3917159763314,0.3708086785009862,0.5715976331360947,4549.493491124261,1.708284023668638,-2.048306836818806,36.319526627218934,35.322994946703496,83.25720050256618,36.93597568101063,-6.863737941966048,35.51448095933674,39.42982676391634,65793.0,12770.0,63268.0,CHN -> USA,0.0016482766243814898
2016-03-07,CHN,USA,2498,1232,8.802642113690952,2048.6473178542833,2312.6116893514813,2307.8662930344276,0.37510008006405127,0.5584467574059248,4729.964371497198,0.5539631705364296,-1.9289160010185624,36.925540432345876,36.01570047256707,70.54309176331603,37.09844582699238,-8.641373915498603,35.443874413295944,42.36875021706047,78797.0,19204.0,78465.0,CHN -> USA,0.0016216904012547652
2016-03-14,CHN,USA,3358,1046,8.072662298987492,2160.955330553901,2172.0929124478857,2177.9234663490174,0.28171530673019657,0.6840381179273377,4728.282608695652,2.001012507444905,-1.8779995603128476,28.043478260869566,33.84093961882076,25.795845814472905,34.5313560690887,-39.68491912269216,32.833948344252526,-9.431186305538999,203573.0,92786.0,202851.0,CHN -> USA,0.00234122479941323
2016-03-21,CHN,USA,2317,988,9.289598618903755,2457.4458351316357,2521.2818299525247,2507.6728528269314,0.33880017263703066,0.6504100129477773,4844.013810962451,1.080233059991368,-2.5553945226008175,37.492447129909365,36.190062898488144,75.84488893866092,36.39544616846655,-21.4795743576674,35.90664353347734,49.264041808207345,172467.0,34467.0,171255.0,CHN -> USA,0.0016263906271606532
2016-03-28,CHN,USA,4238,1576,9.006842850401133,2291.2281736668237,2304.893109957527,2311.0094384143463,0.3714016045304389,0.6057102406795658,4722.687588485134,0.647758376592732,-1.6846188943436995,39.09627182633318,35.363070254837254,79.1853218058045,37.00492189476169,-10.923412171071266,36.37346590136862,39.04350727772529,221578.0,44302.0,217013.0,CHN -> USA,0.00294420256780593
2016-04-04,CHN,USA,2389,1071,9.603181247383842,2616.0824612808706,2652.1192967768943,2618.6755964838844,0.22729175387191294,0.5496023440770197,4535.846797823357,1.4534114692339892,-1.0316020833938155,28.020092088740057,36.92608434491419,67.44329356048559,37.263877141063176,-31.448269497697787,38.11678079112599,29.733443007953102,95666.0,55890.0,95024.0,CHN -> USA,0.001596106808875396
2016-04-11,CHN,USA,2467,1090,8.568706931495743,2294.89785164167,2338.5245237130116,2319.982569922983,0.25334414268342115,0.5435751925415484,4793.5537089582485,0.3539521686258614,-1.8411707501227284,31.045804620997163,35.21262631386861,51.25841825547445,35.83078616788322,-27.148458931467943,34.9859155271695,-2.632971890510947,121812.0,53178.0,121434.0,CHN -> USA,0.0017414789653059553
2016-04-18,CHN,USA,7001,1086,11.990287101842593,2386.017426081988,2408.0078560205684,2356.3090987001856,0.3538065990572775,0.6859020139980003,4204.6674760748465,2.8182116840451368,-1.445818944532753,33.64376517640337,33.10925008573861,86.84905088253753,31.50282232209184,-12.474004600743124,34.23083402257768,54.885939595026855,6680847.0,1113395.0,6635252.0,CHN -> USA,0.005549764366882152
2016-04-25,CHN,USA,4104,1328,8.608674463937621,2308.692007797271,2341.7960526315787,2327.4605263157896,0.3374756335282651,0.6600877192982456,4280.877192982456,2.456359649122814,-0.7624996677541892,30.84551656920078,33.504079761150365,44.26938602169144,33.82198283207413,-15.680391657323916,33.6329005166951,26.390801096758434,1217173.0,353118.0,1213887.0,CHN -> USA,0.0028042651615834803
2016-05-02,CHN,USA,2727,1000,9.58049138247158,2431.902090209021,2479.88632196553,2463.2992299229923,0.4385771910524386,0.49284928492849284,4473.330399706638,0.888668866886689,0.032670562228346,40.7040704070407,35.08557464393108,70.29359122332224,33.97780317125049,-10.191064370003668,34.84093868500186,45.22566682911613,591540.0,96615.0,591471.0,CHN -> USA,0.0018245281617627872
2016-05-09,CHN,USA,2535,1149,6.437869822485207,1847.2410256410255,1875.4556213017752,1888.983037475345,0.38698224852071006,0.6757396449704142,4379.205917159763,-0.08177514792899361,-1.6900242772349687,36.875739644970416,34.9394042761341,66.90293883589749,36.87871217356998,-14.975897981459594,35.74911700591716,40.058501005522665,124859.0,37692.0,124578.0,CHN -> USA,0.00169389482884312
2016-05-16,CHN,USA,2879,1289,7.929489406043765,2152.2275095519276,2214.4838485585274,2181.3688780826674,0.35290031260854465,0.6328586314692601,4340.7898575894405,1.8807572073636676,-2.1324423539382864,35.04689128169503,34.132622150052114,76.48449657971523,35.48160767974989,-0.2676358423063503,34.17952032997569,45.648565085793685,88230.0,23394.0,87765.0,CHN -> USA,0.002219443527920738
2016-05-23,CHN,USA,3405,1344,11.14302496328928,2918.8569750367105,3086.6763582966228,2982.8516886930984,0.32834067547723933,0.43671071953010276,5254.962701908958,0.20540381791483106,-2.102247436967214,34.29368575624082,34.73615446989722,77.92509006138029,35.41042419383256,-16.09440977092512,35.924117013215856,23.702791794126277,193880.0,43644.0,193367.0,CHN -> USA,0.0020750162558175107
2016-05-30,CHN,USA,2579,1013,8.18960837533928,2098.6487010469173,2137.446297014347,2123.9810003877474,0.3951143854207057,0.6374563784412564,4695.4583171772,2.0456766188445115,-1.6584420718846182,35.664986428848394,33.0790159681182,84.4845428472006,37.05921315318821,-25.14003031881809,33.73728053265941,48.90110757231721,419435.0,84475.0,419304.0,CHN -> USA,0.0021285411033749634
2016-06-06,CHN,USA,4585,1539,8.82835332606325,2515.5589967284623,2531.5786259541983,2530.117121046892,0.3653217011995638,0.7210468920392584,5234.678080697928,0.48250817884405556,-1.7864559316103787,36.466739367502726,37.15021889591974,66.54311896356087,37.18292393628629,-13.63039873401707,36.45627521274276,41.39195851014618,405572.0,45324.0,404874.0,CHN -> USA,0.0032554995576496784
2016-06-13,CHN,USA,3954,1410,9.508598887202833,2308.9152756702074,2359.962569549823,2347.8302984319675,0.2658067779463834,0.571320182094082,4155.856095093576,-0.167855336368235,-1.9891871001176025,30.184623166413758,35.72518186263601,76.40038706374891,36.03135662357704,-16.47594417834559,35.65278150847461,40.599403875790486,251062.0,82688.0,250688.0,CHN -> USA,0.002383622092812963
2016-06-20,CHN,USA,2442,1062,7.708026208026208,1984.9553644553644,1981.1306306306305,2017.6969696969697,0.3321048321048321,0.6023751023751024,4140.35176085176,0.4823095823095824,-1.8453875466075773,34.58640458640458,34.493158582548155,78.62426395862356,35.01519404342485,-24.36569745227366,34.948720712822634,40.62781437361738,142400.0,34336.0,142319.0,CHN -> USA,0.001639645857980617
2016-06-27,CHN,USA,2020,865,9.220297029702971,2619.2044554455447,2652.156930693069,2656.7663366336633,0.3564356435643564,0.598019801980198,4460.953465346534,0.9281188118811886,-1.6559229179228276,37.495049504950494,35.739728018821175,70.70934791778114,35.19910795049505,-18.8463374009901,35.274646227069894,27.648212100148747,116565.0,28553.0,116296.0,CHN -> USA,0.0012403763375493848
2016-07-04,CHN,USA,2955,1006,11.462267343485617,2845.810829103215,2899.768866328257,2883.904906937394,0.47918781725888326,0.6362098138747885,4679.099153976312,-0.19895093062605787,-1.558443099471456,44.77834179357022,37.40453771912013,95.33008638274099,36.193772602368846,-10.137316763113365,37.542569522842626,60.33840061759727,450609.0,58674.0,446898.0,CHN -> USA,0.0016282974400739704
2016-07-11,CHN,USA,5437,1449,9.976089755379805,2593.0277726687514,2643.3877138127646,2620.5133345594995,0.4311201029979768,0.6816258966341733,5399.622218135001,-1.8517196983630577,-2.588097494170481,42.547360676843844,36.9277437594261,91.63640960640093,36.42674763288581,-0.7213405170130507,36.349410995033985,63.17447656354617,1630239.0,227261.0,1619471.0,CHN -> USA,0.002642777808832429
2016-07-18,CHN,USA,4384,1257,7.971943430656935,2076.9787864963505,2128.3081660583944,2125.256158759124,0.3528740875912409,0.7237682481751825,4435.888001824817,-0.5143020072992707,-2.104678944910047,36.20209854014598,33.28606001597449,81.79655232154283,33.64405545869466,15.623697328388833,33.93261356914648,42.720944007302556,770205.0,152870.0,770015.0,CHN -> USA,0.0023597206874408925
2016-07-25,CHN,USA,3433,1303,8.544130498106613,2188.3084765511217,2231.6172443926594,2182.1785610253423,0.29099912612875034,0.6824934459656278,4101.865423827556,0.5944363530439848,-1.640287728644348,30.22429362073988,36.5910592740525,86.121259996793,37.05091397376095,-21.644604490962088,36.941411014577305,29.3218713107872,179008.0,48660.0,178662.0,CHN -> USA,0.0020162924416931454
2016-08-01,CHN,USA,2639,969,11.16445623342175,3186.646835922698,3258.0022735884804,3245.058734369079,0.24213717317165592,0.45168624478969305,5381.525577870406,0.6293292913982571,-2.8196935347276333,29.68927624100038,34.94133100037885,86.72964804054561,35.41017606520087,-3.425377779840844,35.365539071266035,56.71077724478964,242060.0,93288.0,241854.0,CHN -> USA,0.0018073361823361823
2016-08-08,CHN,USA,2442,930,8.115888615888617,2300.6822276822277,2373.6769041769044,2342.617936117936,0.2800982800982801,0.6384111384111384,4666.46723996724,-0.009500409500409012,-3.0394918481258184,30.71253071253071,34.47717995085999,56.75258255569192,34.083004205569225,-20.2445014164619,33.17374593366095,12.270549809172813,244994.0,73274.0,243047.0,CHN -> USA,0.0016468565070052097
2016-08-15,CHN,USA,2630,923,5.9920152091254755,1621.5140684410646,1663.0038022813687,1666.1,0.33079847908745247,0.6916349809885931,3925.395817490494,1.077984790874524,-0.9019294584796269,37.99619771863118,36.59866793916351,92.18870844980987,36.4460010798479,-7.221790594676835,36.53524787072245,43.30744089201517,255341.0,63565.0,250381.0,CHN -> USA,0.0016460534460410537
2016-08-22,CHN,USA,2868,964,11.092747559274756,3112.4717573221756,3177.3110181311017,2695.9341004184103,0.29253835425383545,0.5177824267782427,6364.082984658298,1.2605648535564904,-1.5386455976624394,35.31380753138075,37.67859010669456,71.58289423047422,37.451282486053024,1.274546881450488,37.049609974198056,46.17330264400274,636331.0,92180.0,635572.0,CHN -> USA,0.0015430496320730507
2016-08-29,CHN,USA,4434,1394,8.388362652232747,2260.284844384303,2268.9030221019398,2294.198691926026,0.34641407307171856,0.6847090663058186,5058.57352277853,1.996729815065403,-1.3207849437167591,31.991429860171404,33.26284171215892,72.99381110309069,35.84203288969098,-25.44676229731567,34.73519178885636,23.68069247529887,532278.0,138763.0,530721.0,CHN -> USA,0.002827248966880889
2016-09-05,CHN,USA,5608,1536,11.35502853067047,2891.921005706134,2946.16922253923,2905.068116975749,0.31205420827389446,0.5119472182596291,5475.856633380885,0.7811162624821669,-2.2475050835925074,30.986091298145507,36.91724898181171,73.33354856686874,38.54817349857345,-4.179941776034283,36.3424029743224,40.674071725570606,623018.0,208459.0,622275.0,CHN -> USA,0.0036303068476727647
2016-09-12,CHN,USA,2651,1162,10.723877781969069,2992.8921161825724,3033.428140324406,2869.9279517163336,0.2934741606940777,0.5133911731422105,5944.774047529234,1.1357600905318743,-1.010053236290567,34.25499811391928,36.35938422859298,72.7732011969068,37.1248195775179,-16.328350359864203,36.542562395322506,40.11565186043005,139012.0,38923.0,137195.0,CHN -> USA,0.0018437570636203988
2016-09-19,CHN,USA,2323,1156,7.846749892380543,2195.926388291003,2223.058114507103,2210.0025828669823,0.4154111063280241,0.6487300904003444,4568.754197158846,1.5537236332328885,-1.2677389110084258,39.52647438656909,34.38333431778928,76.12540509499142,36.97178450777202,-8.94044805267703,36.08529744386873,45.68983556994821,102595.0,14618.0,101868.0,CHN -> USA,0.0012793886251721777
2016-09-26,CHN,USA,2653,1166,9.389370523935169,2708.9080286468147,2729.020731247644,2762.3053147380324,0.26460610629476067,0.5793441387108933,5010.608744817188,0.8128910667169239,-1.0295562517503205,30.196004523181305,35.93698842582105,58.475516328425876,35.750711264628144,-11.488856913552288,35.151929584748956,25.191813549641367,115099.0,38139.0,104388.0,CHN -> USA,0.001604095067876258
2016-10-03,CHN,USA,2932,1014,9.835266030013642,2435.370054570259,2479.5607094133698,2485.592428376535,0.19679399727148705,0.5914051841746248,5536.888472032742,1.9428376534788538,-2.2826739980773034,26.33356070941337,32.21067849249659,67.92149816098217,35.95364705661662,-25.864741644270204,33.702349287176,44.67287610572981,183327.0,76508.0,183144.0,CHN -> USA,0.0018520705985055838
2016-10-10,CHN,USA,2835,1038,9.08536155202822,2500.019047619048,2531.812345679012,2510.0705467372136,0.28465608465608466,0.48959435626102293,5463.575308641975,1.3202821869488526,-2.1242368834792242,31.883597883597883,32.75589086067022,86.09218346243394,37.223002021164,-22.322976761199314,35.30098004585539,24.61215436296295,354989.0,110621.0,354789.0,CHN -> USA,0.0018396702999343949
2016-10-17,CHN,USA,5226,1635,8.847876004592422,2226.660926138538,2251.280329123613,2266.2772675086107,0.29869881362418677,0.68867202449292,4752.642747799464,1.7781477229238378,-1.2389148239917853,30.58553386911596,35.98450796669867,78.89677361454528,36.420115146411526,-7.83054431732059,36.11673900669864,41.17989666889953,403125.0,113922.0,392745.0,CHN -> USA,0.0032929185238953977
2016-10-24,CHN,USA,3762,1344,9.702817650186072,2726.369484316853,2781.8928761297184,2791.0744284954812,0.2828282828282828,0.31871345029239767,4516.30754917597,0.5300106326422117,-1.380625607362506,29.059011164274324,34.544347687400354,87.86570614566705,36.09051433280177,-0.37862028708133977,36.19268909090916,19.031945409356705,324329.0,79866.0,324049.0,CHN -> USA,0.0024268353022609823
2016-10-31,CHN,USA,3149,1133,6.1536995871705304,2187.4985709749126,2233.9955541441727,2217.6856144807875,0.3804382343601143,0.6792632581771991,5186.262623054938,2.2097808828199446,-3.0317215379210025,34.436328993331216,27.928140857415023,80.67257376087642,29.793154258494766,6.382510107970856,22.280982194347406,52.61453240616059,753092.0,129177.0,718774.0,CHN -> USA,0.0020233485036280844
2016-11-07,CHN,USA,4972,1413,9.926991150442477,3016.34835076428,3065.2890185036204,3058.351971037812,0.16934835076427998,0.6218825422365245,7092.837892196299,1.2600160901045843,-1.2803627833182347,23.897827835880932,36.109660064360476,69.95091579163301,37.87060841512483,-14.184569731898653,37.36367410901056,24.670942153258146,349832.0,173837.0,348631.0,CHN -> USA,0.0026684986206674467
2016-11-14,CHN,USA,5562,1915,10.067062207838907,2754.3149946062567,2785.991549802229,2783.7536857245595,0.29306005034160376,0.6211794318590436,5168.9708737864075,2.9734627831715263,-3.170028640295058,33.10499820208558,37.98599069489398,63.41566182829911,37.16380271664877,-32.60427460715576,36.40388572959375,35.523484549262825,1388460.0,308449.0,1386573.0,CHN -> USA,0.0033803083969242962
2016-11-21,CHN,USA,3608,1373,7.2541574279379155,1841.6504988913525,1872.2197893569844,1881.6998337028824,0.2876940133037694,0.7009423503325942,3772.4088137472286,2.697644124168515,-1.0690637226954742,35.457317073170735,35.277927658996404,60.79839157194341,36.28178798946491,-28.515011563626324,35.76903485250901,31.782966623232593,289955.0,76240.0,287858.0,CHN -> USA,0.002597868279149875
2016-11-28,CHN,USA,3105,1246,8.184863123993559,2268.1062801932367,2150.606119162641,2291.1726247987117,0.300805152979066,0.6328502415458938,4960.973590982287,0.6657648953301133,-1.0853041525606668,35.32367149758454,33.02064548324744,86.01076552480667,33.98593416108247,-4.500717509987122,33.31040269974227,48.2656657825386,343268.0,50004.0,342445.0,CHN -> USA,0.002052496311455904
2016-12-05,CHN,USA,10252,2193,9.84656652360515,2631.9152360515022,2627.7228833398362,2647.410163870464,0.23166211470932502,0.5868123293015997,4838.743367147874,1.0338373000390157,-0.8133479073043822,25.869098712446352,37.17929328260656,63.60457754921437,39.00710793190922,-30.8584282491465,37.40419491854459,24.820389883523507,1824306.0,595314.0,1816655.0,CHN -> USA,0.006578930481008889
2016-12-12,CHN,USA,6150,1906,8.169918699186992,2325.151544715447,2348.0071544715447,2315.819674796748,0.24747967479674796,0.6113821138211382,4458.430243902439,1.4665040650406518,-2.0248014132892758,32.06341463414634,35.91886922276416,78.25877511268283,37.26727278211387,-4.466391001138214,36.12789711707324,36.28463055983733,626960.0,162186.0,624493.0,CHN -> USA,0.003982211493633642
2016-12-19,CHN,USA,3337,1399,8.789631405454001,2416.0710218759364,2377.1854959544503,2438.5421036859457,0.28708420737189094,0.5849565477974228,5862.6895415043455,1.454450104884627,-1.7652449751534927,34.7887323943662,35.4097804390171,80.92398844531019,36.82399898381778,-7.606607336529834,36.16488954360202,29.45098184956545,174692.0,45468.0,174523.0,CHN -> USA,0.00213058568440516
2016-12-26,CHN,USA,2629,1051,9.530620007607455,2591.0083682008367,2519.430581970331,2626.038037276531,0.3294028147584633,0.5796880943324458,4899.858501331305,0.7819703309243056,-0.8670922978210706,37.04069988588817,35.7544363940662,58.092193312666446,35.99538879916315,-8.249703510460249,35.29934051730694,29.167071563712458,285596.0,41527.0,284490.0,CHN -> USA,0.0021558934862331153
2017-01-02,CHN,USA,3708,1109,9.56202804746494,2581.4695253505934,2608.374595469256,2618.801779935275,0.3268608414239482,0.6321467098166127,5389.9614347357065,1.5202265372168267,-0.8917913938643856,39.61974110032362,36.84781866738604,84.88621331346097,37.39948829241981,-8.834983950903737,37.163228369571115,20.666052312112214,611938.0,125846.0,609362.0,CHN -> USA,0.002794702425994652
2017-01-09,CHN,USA,6471,1935,10.538711172925359,2631.258847164271,2653.000618142482,2644.0967392984085,0.25421109565754907,0.5431927059187143,4663.582599289136,1.136145881625716,-1.948479945454405,29.41276464225004,36.68891441035551,69.58355156924252,37.429358830757415,-13.844099352395698,37.178840204791406,32.40772432395668,516742.0,164930.0,515223.0,CHN -> USA,0.004069171513912907
2017-01-16,CHN,USA,3955,1663,9.21921618204804,2671.2869785082175,2715.577496839444,2531.661946902655,0.23615676359039192,0.5203539823008849,5818.740834386852,0.5148166877370408,-1.2299309061746613,30.15170670037927,37.60838417551851,70.74719419726854,38.198960040465344,-17.782274800202337,37.39520547040973,23.525316641375817,222962.0,82098.0,222712.0,CHN -> USA,0.0020663186404407032
2017-01-23,CHN,USA,5790,1589,10.982556131260795,3006.465457685665,3090.7120898100175,3090.5816925734025,0.18704663212435232,0.35647668393782384,5055.785664939551,0.9100690846286703,-1.343782654905473,27.803108808290155,34.07970544386876,59.26062451882545,36.47117346804839,-13.906738073575088,36.0448454835924,14.628576131951679,762306.0,286542.0,761343.0,CHN -> USA,0.0028387557326686364
2017-01-30,CHN,USA,3397,1391,9.546364439211068,2695.613776861937,2725.4951427730352,2730.704150721225,0.22784810126582278,0.5331174565793347,5157.087135707978,-0.050780100088311506,-1.6356397139512713,26.408595819841036,35.99737754194874,81.12137219222848,35.68507103915215,8.82905655195761,35.25620551663234,42.97087766352659,173478.0,51750.0,172743.0,CHN -> USA,0.0015474368896746284
2017-02-06,CHN,USA,4943,1664,8.552903095286263,2253.654865466316,2227.576572931418,2231.940117337649,0.24519522557151527,0.6000404612583451,4516.895812259761,1.1533886303864063,-1.6671648272749258,31.325106210803156,35.4192308537326,74.54150280254893,36.622050894193805,10.87122234392063,35.736758015375266,52.630751477442715,423699.0,125257.0,421825.0,CHN -> USA,0.002481255054245767
2017-02-13,CHN,USA,3062,1207,8.251469627694318,2209.0313520574787,2238.958197256695,2238.6645983017634,0.3340953625081646,0.6792945787067276,4622.455584585238,1.310156760287393,-1.1290192804264028,34.278249510124105,35.699724127450985,84.36522957679735,36.48294509477121,5.471766678104559,36.00423281045751,53.63130733692809,196559.0,49009.0,196056.0,CHN -> USA,0.0014191470842598883
2017-02-20,CHN,USA,3741,1270,7.484095161721465,2004.57898957498,2033.2523389468056,2016.9072440523923,0.2983159582999198,0.6482224004276931,4230.058005880781,1.9658380112269405,0.0379030918348096,34.62175888799786,34.92535812546817,73.67841369876918,36.50498931861961,2.300578882289996,35.791217924826135,31.114119688603513,372224.0,90814.0,365617.0,CHN -> USA,0.0021244805926057173
2017-02-27,CHN,USA,3474,1167,7.848013816925734,2022.9766839378237,2063.2887161773174,2059.1635002878525,0.3750719631548647,0.6312607944732297,4271.506908462867,1.2510938399539426,-1.4298002203952136,36.75014392630973,38.62274319700466,76.07652672897463,38.548405816297176,12.61670829686152,38.553391157167574,36.615183281232014,358826.0,72080.0,358582.0,CHN -> USA,0.001762152971515411
2017-03-06,CHN,USA,2801,1271,9.392002856122813,2491.44948232774,2537.7779364512676,2482.2638343448766,0.37129596572652623,0.49946447697250984,4904.70332024277,0.6377722242056403,-2.758007592540299,36.479828632631204,37.00839502677615,84.62405209817916,37.08109813280968,-3.3088303687968708,36.81460189932165,49.74911911460197,161912.0,35313.0,161536.0,CHN -> USA,0.001619225835467925
2017-03-13,CHN,USA,4440,1693,9.398198198198198,2234.4036036036036,2270.6603603603603,2229.939864864865,0.252027027027027,0.48445945945945945,4388.459009009009,1.0986711711711705,-1.9142539895975763,32.7972972972973,36.336633252197494,86.34368900450735,36.59693528059502,6.172693445345955,36.73951364435434,52.88688262407028,253399.0,53976.0,252909.0,CHN -> USA,0.0023584655100978443
2017-03-20,CHN,USA,2803,1207,9.034249018908312,2387.9632536567965,2411.7566892615055,2411.0360328219763,0.32072779165180165,0.6450231894398858,4398.764894755619,1.1807349268640743,-1.0991077853672255,33.45344273992151,35.93334316089908,84.51862368997499,36.70456588655014,7.344676224402417,36.45041453799503,50.426152765965014,124619.0,22311.0,124001.0,CHN -> USA,0.001597393109155006
2017-03-27,CHN,USA,4362,1566,8.704034846400734,2107.21618523613,2130.074048601559,2115.858780375974,0.19601100412654746,0.5958276020174232,3989.8690967446128,0.6536909674461255,-2.483666659243755,29.98624484181568,35.43645698005047,73.80107930428794,36.30661565695944,-21.02409486746168,35.64711746847053,42.75156117541844,885315.0,161367.0,884358.0,CHN -> USA,0.0027905976945901303
2017-04-03,CHN,USA,13224,2642,8.465668481548699,1984.1776315789473,2003.5609497882638,2000.510133091349,0.18859649122807018,0.6952510586811858,4810.818284936479,1.8346793708409033,-2.3585358396607816,26.27722323049002,36.924738333333096,60.9689234154572,36.16010250075597,-25.061082833257597,37.28660999621879,19.98866960594379,2338033.0,787385.0,2316152.0,CHN -> USA,0.006664190608752445
2017-04-10,CHN,USA,4923,1875,11.201909404834451,2855.3841153768026,2840.202518789356,2845.11679869998,0.21897217144017875,0.43652244566321347,5176.382084095064,1.084684135689619,-2.19162987003829,27.219175299614058,37.202144517570616,82.3265562441599,36.44965548039814,3.048107407678214,36.77057359130613,42.3495812890513,265606.0,103850.0,264778.0,CHN -> USA,0.002901035957995969
2017-04-17,CHN,USA,6269,1648,11.23448715903653,2848.4893922475676,2906.8049130642844,2882.802679853246,0.26240229701706813,0.5161907800287127,5167.267028234168,1.285914818950387,-1.5144677002987368,29.1545701068751,36.28941012922792,84.93197100303104,36.901154682514424,3.9691526064135294,36.829469468730096,56.807067406987784,972128.0,205455.0,971388.0,CHN -> USA,0.00407274947945597
2017-04-24,CHN,USA,6819,1822,11.039448599501393,2588.854964070978,2630.4892212934446,2611.114532922716,0.2918316468690424,0.5851297844258689,5414.9061445959815,0.3621645402551688,-2.934448029065156,29.436867575890894,36.066237943980056,86.2603560027863,37.10609571491424,7.904117509312181,36.481697244464,59.58231493371454,823959.0,338861.0,818421.0,CHN -> USA,0.003783492564790715
2017-05-01,CHN,USA,3444,1058,9.425377468060395,2434.4849012775844,2473.6762485482,2481.0162601626016,0.20818815331010454,0.6402439024390244,4749.984030197445,0.2182636469221839,-2.8355881244728205,29.085365853658537,37.3666088698431,70.04741275508421,38.08887704241722,-29.08574467373621,37.73493411098199,35.58746933265539,272167.0,100366.0,271927.0,CHN -> USA,0.0028545544814599006
2017-05-08,CHN,USA,5930,1576,7.289376053962901,1776.4256323777404,1847.8195615514335,1822.3276559865092,0.29612141652613827,0.7499156829679595,4771.968634064081,2.3695615514333888,-0.21324638395976142,30.903878583473862,37.497937234401306,69.38504183693075,37.13891924114689,-27.123833898482246,37.306188145025324,30.144381153962808,1037388.0,343137.0,1026421.0,CHN -> USA,0.0035000799765323473
2017-05-15,CHN,USA,3626,1201,11.403750689464974,3335.7476558190842,3335.3295642581356,3346.69277440706,0.2755102040816326,0.3334252619966906,6547.237451737452,0.021676778819636252,-1.6316282839194904,33.40319911748483,35.426305324875884,59.86585057777164,37.38372382129064,-40.43089233287365,36.521583245449506,15.581105104522877,437036.0,145214.0,436543.0,CHN -> USA,0.0020025902228751474
2017-05-22,CHN,USA,3823,1280,6.4666492283546955,1808.3240910279885,1819.1216322260004,1824.7224692649752,0.27360711483128436,0.672508501177086,3801.6162699450692,1.7330107245618622,-1.6766966002978998,33.10489144650798,36.80125645566312,78.92026321789173,38.044196031912186,-10.412292281192778,37.189031964425865,35.76167109128953,407499.0,85348.0,406177.0,CHN -> USA,0.0021874213260705375
2017-05-29,CHN,USA,4583,1436,8.886319005018548,2258.6879773074406,2084.9111935413484,2282.2762382718743,0.3384246126991054,0.5780056731398647,4614.341479380319,2.4354134846170603,-1.4292353151401211,34.16102989308313,37.956948579223024,74.97664741379302,38.17046372981234,-29.613276986032307,37.51329494325624,36.49998353339151,576526.0,126922.0,549560.0,CHN -> USA,0.003191401946734297
2017-06-05,CHN,USA,3638,1101,9.370258383727323,2538.9414513468937,2553.9587685541505,2559.0612974161627,0.234194612424409,0.4167124793842771,4326.713853765806,1.5715503023639341,-1.6848742361740185,29.30731170973062,35.41439646864689,52.02409365484049,35.43077718646865,-49.13235805940592,35.575755429042914,13.868673329482972,635332.0,235819.0,630871.0,CHN -> USA,0.0022449251609336124
2017-06-12,CHN,USA,3242,1269,7.527760641579272,2091.8633559531154,2099.5582973473165,2112.16502159161,0.2526218383713757,0.636335595311536,4875.010487353486,2.1385256014805676,-0.6030482839913613,33.312769895126465,34.90691895094107,61.4105778759642,37.35794986115396,-14.616057432582561,35.835786380746676,32.69851820024684,225836.0,44551.0,212601.0,CHN -> USA,0.0022008861927316444
2017-06-19,CHN,USA,5779,1649,9.189652188960027,2084.9974043952243,2123.5897214050874,2122.061948433985,0.22443329295725903,0.5923170098632982,4308.389686797023,1.0851358366499373,-2.234985094937709,27.16906039107112,36.90195784873662,83.7152202791621,37.121419527518164,-19.761054000346146,36.99625127206648,26.126753485462096,550665.0,185386.0,532563.0,CHN -> USA,0.003925969756649658
2017-06-26,CHN,USA,8213,1520,10.63423840253257,2713.128211372215,2736.829051503714,2728.6806282722514,0.251917691464751,0.4474613417752344,5097.0289784488,1.9014732740776892,-2.2855125896392314,31.114087422379153,35.376062518266046,71.67217540696564,37.573259081831566,-24.91258814746719,35.78986894544577,26.128478021432134,2215554.0,536789.0,2207519.0,CHN -> USA,0.006473657659930006
2017-07-03,CHN,USA,6997,1501,12.074174646276976,2877.9718450764612,2903.68415035015,2896.4884950693154,0.31885093611547805,0.5255109332571102,4879.830927540374,1.272288123481494,-2.964816366813319,34.61626411319137,38.45303092611114,78.37065607160216,38.53567625125061,-9.280951372159539,39.01352980648851,45.21402263198502,2230480.0,416612.0,2218055.0,CHN -> USA,0.004880161588657547
2017-07-10,CHN,USA,4123,1250,9.157652195003639,2485.62503031773,2526.2478777589135,2458.0907106475865,0.23308270676691728,0.6073247635217075,4916.272617026437,1.5774921173902556,-2.26620707712107,28.110599078341014,36.790871816638365,88.59873399611962,38.59711452097994,-6.2172628491389865,37.82286665534813,34.80987116977944,336642.0,130558.0,333083.0,CHN -> USA,0.0030695262968246074
2017-07-17,CHN,USA,2639,1103,8.349374763167866,2331.784009094354,2363.180371352785,2365.855248200076,0.31186055323986356,0.6180371352785146,5265.546798029557,0.6894657067070855,-2.0498954444386777,34.285714285714285,36.07842777103867,78.27978467892339,37.250480932524646,-6.478630195981799,36.905137426080366,25.506240945792285,169222.0,41089.0,145132.0,CHN -> USA,0.0025083810724160775
2017-07-24,CHN,USA,3347,955,9.99193307439498,2324.999701224978,2361.571855392889,2364.2739766955483,0.18165521362414103,0.5419778906483418,4319.4374066328055,0.9386913654018523,-1.6627263419277554,28.386614878996117,37.982467860770704,63.79316692440996,40.940231520764726,-30.707959547057172,38.767713358231134,33.72578547833882,601150.0,205480.0,597973.0,CHN -> USA,0.002313526770069171
2017-07-31,CHN,USA,3659,1244,11.723148401202515,2830.4700737906533,2829.1298168898606,2832.934408308281,0.330964744465701,0.45886854331784643,5050.377152227385,1.278108772888765,-2.4175836149945495,35.14074883848046,37.308003984695276,74.83911079338613,37.99617214539491,-3.1754318054113173,37.82147097021045,50.61075082454221,299194.0,68015.0,292943.0,CHN -> USA,0.0027424427302407714
2017-08-07,CHN,USA,3417,1273,9.90225343868891,2305.526777875329,2391.59174714662,2392.150717003219,0.30816505706760317,0.5835528241147205,4978.740122914837,0.7250804799531738,-3.2835321979106125,33.64354697102722,37.57866771662774,91.15981181674458,37.938367944964874,6.150254983313822,38.006538498243614,50.47345873214281,212565.0,55467.0,197650.0,CHN -> USA,0.0029045428001424644
2017-08-14,CHN,USA,2565,1007,10.40662768031189,2667.817543859649,2714.7941520467834,2697.1309941520467,0.3695906432748538,0.498635477582846,4890.806237816764,0.4683040935672515,-2.7626110997631246,36.94346978557505,37.87492889863547,82.27400360116961,37.711796368031145,-9.970627363352822,37.81359068576997,50.60567740623782,209036.0,34397.0,197279.0,CHN -> USA,0.0022156305174814545
2017-08-21,CHN,USA,1544,687,9.296632124352332,2388.1113989637306,2484.4663212435235,2468.526554404145,0.3134715025906736,0.5058290155440415,4384.799870466321,0.7621113989637309,-2.713867090977826,33.10880829015544,36.978874346952004,72.56211833398187,38.04968374254214,-8.26300747341115,36.99748705642021,28.771190438391713,54039.0,16090.0,51766.0,CHN -> USA,0.0016846681018351317
2017-08-28,CHN,USA,2447,941,13.513690232938291,3743.9521863506334,3769.2827952595017,3778.9440130772373,0.25091949325704943,0.6747037188393952,8506.003269309358,0.5575398447078073,-3.0368922384207835,33.592153657539846,35.18473750797549,46.165126366462246,35.788003948875314,-29.208047011042993,34.66034552678941,9.559568421267866,359361.0,62000.0,347932.0,CHN -> USA,0.001862040101967051
2017-09-04,CHN,USA,2163,1055,10.188626907073509,2889.545538603791,2929.9514563106795,2932.2422561257513,0.32639852057327784,0.5034674063800277,5362.9949144706425,1.6734165510864543,-2.315582116170884,33.994452149791954,36.49708873740174,78.6975070989367,37.55854015302819,-1.6508471280628811,37.85172299214055,46.71561866204347,57560.0,13573.0,56007.0,CHN -> USA,0.0016925902421350894
2017-09-11,CHN,USA,2659,987,12.70703271906732,3252.949981195938,3273.4242196314403,3268.5908236179016,0.3749529898458067,0.40955246333207973,5044.75291462956,1.8076720571643463,-2.1046415433608816,36.57766077472734,38.23525648683223,69.33043541196386,38.42023018359666,-19.244495692249878,39.10885984913472,30.923873383370918,478728.0,79175.0,478082.0,CHN -> USA,0.0023493674643972314
2017-09-18,CHN,USA,4305,1298,11.052032520325204,2450.1305458768875,2517.636469221835,2526.5921022067364,0.33612078977932636,0.4564459930313589,4123.76469221835,0.9375842044134721,-2.291104556228099,37.846689895470384,38.399656725667725,89.83616991660897,39.01303100418117,-8.381082494076704,38.17423859674788,43.36421788339134,983068.0,149270.0,979197.0,CHN -> USA,0.0031039107111957088
2017-09-25,CHN,USA,5604,1066,12.366345467523198,2673.2200214132763,2707.8493932905067,2720.4632405424695,0.2644539614561028,0.6118843683083511,4618.822805139186,2.330942184154177,-2.4817594656785156,28.476088508208424,37.8449497928813,89.31520229458124,38.02461848381344,-12.337565671972882,37.80761962493288,60.834476566803986,1484301.0,410328.0,1378051.0,CHN -> USA,0.004556049407607887
2017-10-02,CHN,USA,1894,810,8.271911298838438,2857.1642027455123,2885.1055966209083,2870.442449841605,0.23231256599788808,0.5850052798310454,5013.8658922914465,1.4414994720168943,-2.561459830217186,31.7740232312566,34.1119339941891,68.53549276386688,35.51524659587956,-1.505933548335989,34.15508497147384,35.98574618753303,141127.0,38937.0,140985.0,CHN -> USA,0.0014766338673072171
2017-10-09,CHN,USA,2868,1007,10.00697350069735,2900.9229428172944,2878.85529986053,2923.968270571827,0.2907949790794979,0.5815899581589958,5618.781380753138,1.8586820083682007,-3.554522018771926,31.607391910739192,37.36610184693166,64.7547006471409,39.824205863668034,-9.446203565202225,38.837144403765684,30.368168372036234,195260.0,59033.0,193880.0,CHN -> USA,0.002105982002224939
2017-10-16,CHN,USA,2833,1003,10.33603953406283,2989.7034945287683,3031.5870102364984,3018.105894811154,0.28450405930109424,0.3618072714436993,5364.654429932933,1.955488881044824,-1.3103811536597252,29.943522767384398,35.93400192693265,71.99218175926576,35.99984949841165,-3.346018396399556,36.171868337804526,45.04739140628313,250001.0,83179.0,249663.0,CHN -> USA,0.0020811218811637535
2017-10-23,CHN,USA,1971,928,8.148148148148149,2044.1334348046678,2007.960933536276,2051.1278538812785,0.3008625063419584,0.5535261288685946,4406.726534753932,1.7108066971080655,-1.0110641339318898,31.095890410958905,35.95752112582445,73.78757974124815,36.87571232115676,-15.212018096397765,35.77577278741755,26.63623703805174,48801.0,13148.0,48661.0,CHN -> USA,0.0014700814921886538
2017-10-30,CHN,USA,3509,1320,6.801082929609575,1799.9806212596181,1833.9854659447135,1831.1618694784838,0.3149045312054716,0.7113137646053006,4106.416072955258,1.7440513552068453,-1.5005167155199506,31.783984041037332,37.48908092303306,72.07070884435572,36.67983818272521,-22.139751953249736,36.80858582212088,18.35369507468644,145705.0,36095.0,145392.0,CHN -> USA,0.0023389123291140926
2017-11-06,CHN,USA,10283,1960,12.691335213459107,2825.3515511037635,2855.27462802684,2782.15812506078,0.24389769522512886,0.6954196246231644,5910.393756685792,2.724905183312264,0.2370331909694571,30.43372556646893,38.87687925177453,88.88330476232728,40.41636192190997,-12.745849685208585,40.04626053807242,39.471957464845026,3252637.0,594141.0,3052051.0,CHN -> USA,0.007113083009256761
2017-11-13,CHN,USA,3192,1365,8.862781954887218,2585.4608395989976,2623.2866541353383,2613.0137844611527,0.26723057644110276,0.48214285714285715,4658.752192982456,1.163533834586465,-0.7717521248689821,30.773809523809526,35.30828023228842,86.55589321818174,36.75550918934164,-4.768557478683382,36.473056509717836,39.57980569153604,117995.0,47223.0,117526.0,CHN -> USA,0.0021689365076452975
2017-11-20,CHN,USA,1460,648,7.52054794520548,1944.695890410959,1987.454794520548,2020.0924657534247,0.3178082191780822,0.6013698630136987,4651.9130136986305,1.9785616438356164,-1.0451518138969453,36.84931506849315,36.7563242979452,67.05423424863015,38.8424706678082,-38.49151828835625,37.89702724315067,32.371238624657536,216935.0,50500.0,216906.0,CHN -> USA,0.0012750713079262275
2017-11-27,CHN,USA,2360,918,7.043644067796611,1809.5762711864406,1863.7347457627118,1812.1440677966102,0.28135593220338984,0.7271186440677966,4446.299152542373,1.7489830508474573,-1.7792614807288423,34.55084745762712,37.87573161694917,74.30772460974575,39.22624558983049,-10.113934271610173,38.5577935588983,35.24097581271186,149239.0,39100.0,147949.0,CHN -> USA,0.0016009920723756958
2017-12-04,CHN,USA,2248,970,9.9644128113879,2497.415480427046,2598.4034697508896,2558.223309608541,0.2984875444839858,0.40880782918149466,4407.464412811388,1.9651245551601408,-1.5606714144264682,31.77935943060498,37.142760207387646,88.41244016688918,37.95298418024028,-21.622707206052524,36.88047157765907,36.21535903738319,86198.0,28411.0,86033.0,CHN -> USA,0.0013756033562763738
2017-12-11,CHN,USA,1651,834,10.108419139915203,2683.2967898243487,2716.7044215626893,2703.7359176256814,0.3131435493640218,0.5663234403391884,5177.653543307087,1.742519685039371,-1.5894934945644268,33.53119321623259,36.21930448484848,74.47465925212124,37.385934662424226,3.0907157460606163,35.666010182424245,41.06658084545457,31502.0,7924.0,30869.0,CHN -> USA,0.0013174725912236058
2017-12-18,CHN,USA,3975,1250,7.857861635220126,2280.2495597484276,2294.8842767295596,2307.9511949685534,0.3071698113207547,0.6832704402515724,5010.842012578616,0.6201257861635212,-1.7952407447724714,32.145911949685534,37.6516733328302,63.64837135371066,37.70049491547163,-16.839673161257824,38.338331539371055,26.977837957484287,393302.0,75550.0,390237.0,CHN -> USA,0.003386145850459281
2017-12-25,CHN,USA,3324,822,8.964500601684717,2680.597773766546,2777.0388086642597,2727.4097472924186,0.2608303249097473,0.6001805054151624,4161.48074608905,-0.2339350180505466,-2.0994677553358745,31.768953068592058,36.96247815884475,87.6424679181709,38.808268120336905,6.10832019554757,37.92265668020459,54.5235179614922,649692.0,224142.0,649590.0,CHN -> USA,0.004130223819860611
2018-01-01,CHN,USA,1391,600,8.02588066139468,2924.8375269590224,2966.158159597412,2960.7225017972683,0.35442127965492454,0.6046010064701653,5391.107117181884,0.7034507548526242,-0.7266860652845839,38.35370237239396,35.772259708123634,71.35576288928829,37.664590936017234,-10.650205224299054,36.293056321351536,16.570569146657114,66875.0,14900.0,52488.0,CHN -> USA,0.001289607212158465
2018-01-08,CHN,USA,1780,780,7.5174157303370785,2304.6280898876403,2348.179213483146,2328.6578651685395,0.3943820224719101,0.48651685393258426,4117.554494382022,0.03460674157303434,-1.5715196593126417,42.41011235955056,34.986108112359545,71.54043387134833,36.86447680224716,-5.836810093258425,30.23116229157302,52.32611172359553,176463.0,40217.0,174661.0,CHN -> USA,0.001351728998080241
2018-01-15,CHN,USA,2640,1034,10.231818181818182,2893.674621212121,2977.596590909091,2848.892424242424,0.2678030303030303,0.4537878787878788,4758.404545454546,0.5969696969696973,-2.301859659640394,29.579545454545453,36.43781976325761,83.18828786590907,37.54421086363639,-9.79017486477274,37.026466166666694,37.3225580806818,83269.0,32016.0,81975.0,CHN -> USA,0.0018858826680953657
2018-01-22,CHN,USA,2323,881,6.406371071889797,1749.6663796814464,1765.9070167886355,1828.2221265604821,0.248385708136031,0.7576409814894532,4331.334481274214,1.483039173482566,-1.382960639198509,29.470512268618165,37.792179214377974,66.36720186913475,39.20258204692206,-25.245642362462327,35.320812760120596,39.64169112403101,120299.0,52575.0,119245.0,CHN -> USA,0.0017018040734874604
2018-01-29,CHN,USA,2279,869,7.337428696796841,2134.7476963580516,2157.36068451075,2145.1022378236066,0.21544537077665643,0.6257130320315928,4186.750329091707,1.4087318999561196,-2.127311706915142,35.221588415971915,36.25315621412901,57.935749572619585,37.78862389074154,-27.5919439631417,36.48087462220272,15.427156684949551,251506.0,18173.0,224249.0,CHN -> USA,0.001698753402724565
2018-02-05,CHN,USA,2698,924,7.517420311341735,2257.8183839881394,2280.3999258710155,2276.563009636768,0.2839140103780578,0.6608598962194218,5198.060044477391,2.9890659747961448,-0.5521710424743898,34.02520385470719,33.06249437027426,38.78187280689401,35.16612337731651,-30.002806568939942,33.35524504781318,18.147450269829502,305418.0,74510.0,305277.0,CHN -> USA,0.002045053328290182
2018-02-12,CHN,USA,2215,940,6.108803611738149,1765.2911963882618,1792.4112866817156,1787.8397291196388,0.2325056433408578,0.7241534988713318,3862.9015801354403,1.2013995485327325,-1.3009098889826072,30.939051918735892,35.806546075395026,60.90146288216705,34.98748620361175,-26.475313392325088,35.311829334085786,28.725208424830697,165960.0,13019.0,163228.0,CHN -> USA,0.0015628428640877055
2018-02-19,CHN,USA,2255,898,8.341019955654103,2387.786696230599,2404.2088691796007,2409.5671840354767,0.3095343680709534,0.5117516629711751,4321.215964523281,1.8786696230598652,-2.0104896234297973,31.565410199556542,36.567309293256436,64.00232480168587,37.95001055767524,-20.82554126042593,37.6430476672582,19.75724064063884,83303.0,34925.0,82897.0,CHN -> USA,0.0014950586818820103
2018-02-26,CHN,USA,5501,1141,12.607707689510997,3151.091256135248,3207.6976913288495,3200.807671332485,0.39483730230867115,0.5744410107253227,5094.320850754409,3.549772768587531,-2.107347996993493,35.713506635157245,38.276444217414905,91.4556318649342,38.92900772550465,-20.928366341392604,38.71199954880936,31.40155349809111,2913110.0,708195.0,2909577.0,CHN -> USA,0.003766482211057203
2018-03-05,CHN,USA,4971,1520,10.143633071816536,2795.1999597666468,2789.346811506739,2810.823777911889,0.248038624019312,0.6356869845101589,5717.252263126132,-0.7696439348219645,-1.6469256213873944,31.91108428887548,36.014507398109025,80.72886029993975,38.2524680251459,-2.002069105612555,37.06072201408169,32.231549803258865,1558673.0,606750.0,1555603.0,CHN -> USA,0.0028974711389492163
2018-03-12,CHN,USA,3375,1120,9.714962962962963,2749.104,2915.3416296296296,2919.3837037037038,0.2693333333333333,0.4962962962962963,5731.648888888889,1.7568296296296275,-2.0616615225844805,30.091851851851853,35.197454909982206,65.09462392929287,36.696748572786724,-17.263929814319752,35.253468963755225,19.08889169964349,202134.0,90067.0,201048.0,CHN -> USA,0.0020906376599724966
2018-03-19,CHN,USA,4794,1605,7.9130162703379225,2068.078222778473,2105.3372966207758,2082.360241969128,0.3715060492282019,0.6604088443888193,4684.070713391739,2.314163537755529,-2.0603852146454726,35.43596161869003,36.21861195069983,72.23226055755164,37.45249348381035,8.009178522456653,36.709353947566406,43.9063325882598,306655.0,72655.0,304740.0,CHN -> USA,0.0032442770046809894
2018-03-26,CHN,USA,4858,1538,8.194730341704405,2058.252984767394,2087.044462741869,2128.2103746397693,0.28880197612186087,0.6628242074927954,4494.874639769452,2.0378962536023035,-1.8438089140562788,32.622478386167145,37.23578640057642,73.60351310909833,38.04869266220667,-16.872293815561985,37.25394128880202,35.48708479456563,406602.0,100705.0,388685.0,CHN -> USA,0.003209640814897279
2018-04-02,CHN,USA,7834,2314,8.98123563952004,2345.557314271126,2395.0289762573398,2387.277508297166,0.29908092928261426,0.7637222364054123,4783.851927495532,1.7165432729129446,-2.7410272972677543,33.69925963747766,36.9500299034975,76.32561072517237,37.26625790566775,-14.106505681388867,37.054816546974756,46.25235307071728,1267391.0,415076.0,1212377.0,CHN -> USA,0.005149590543789925
2018-04-09,CHN,USA,8321,1757,9.662420382165605,2332.6197572407164,2319.2657132556183,2247.947241918039,0.25357529143131835,0.6809277731041942,4541.20934983776,1.8023434683331345,-2.6582424549345953,27.753875736089412,37.233036125856394,88.51487855331203,37.961786063950186,-5.356128397643951,36.76448771498978,56.21806851532633,1910884.0,663828.0,1908562.0,CHN -> USA,0.004191274432520784
2018-04-16,CHN,USA,5144,1536,8.284797822706066,2243.1788491446346,2273.641912908243,2282.1555209953344,0.3298989113530327,0.5544323483670296,4680.473172628304,0.6221423017107349,-2.13737874067885,33.580870917573876,35.95558997217899,84.08216097217873,37.06440312217907,-11.021618014396894,36.75882909591436,42.387938212256685,467239.0,142928.0,466695.0,CHN -> USA,0.0031906572791211055
2018-04-23,CHN,USA,3906,1421,9.107014848950334,2354.4966717869943,2382.4334357398875,2393.9621095750126,0.29902713773681516,0.4644137224782386,4220.084741423451,2.2970814132104445,-1.7637706412146337,31.884280593958014,36.956420273681516,67.10055610035836,37.674222862007156,-17.261490906554044,36.79346272247822,47.17046468330773,163198.0,70134.0,162427.0,CHN -> USA,0.0024757950782005166
2018-04-30,CHN,USA,4933,1687,9.464828704642205,2396.9077640381106,2448.5219947293735,2440.6369349280358,0.26373403608351914,0.5262517737684979,4721.29191161565,1.833346847759982,-1.68104653682418,30.328400567605918,37.53116856821418,78.58385638860719,38.65962332475173,-8.41781320535171,37.3554172783297,30.34860857530915,219679.0,66626.0,218239.0,CHN -> USA,0.0032937170327836016
2018-05-07,CHN,USA,5342,1888,9.802508423811307,2364.63515537252,2369.4251216772745,2198.8794459004116,0.2607637588918008,0.5245226506926245,4428.540808685885,2.3570760014975654,-1.7745537599967545,29.605016847622615,37.273039210861455,70.53900800486883,37.63682235224718,-10.223816510299638,36.96755440842696,27.626025307865145,289216.0,105732.0,288580.0,CHN -> USA,0.0028026076527662503
2018-05-14,CHN,USA,8447,1862,8.616668639753758,2033.6850953001065,2068.86669823606,2065.33562211436,0.28246714809991713,0.6765715638688292,4870.072806913698,2.1884574405114265,-1.5639310585108555,33.04723570498402,36.590602595689184,77.67153271885348,37.689879013027245,-17.76464783834681,36.9381496059925,35.92244098306475,1201732.0,248245.0,1197097.0,CHN -> USA,0.00486347774067939
2018-05-21,CHN,USA,8900,1953,14.409101123595505,3410.8723595505617,3463.906179775281,3464.4373033707866,0.18325842696629213,0.5006741573033708,6262.41393258427,1.7898089887640436,-1.2230330592102177,26.197752808988763,36.11790160872496,74.80918975725201,36.85750609455834,-23.238139039240142,36.50618982190256,28.097219090397985,1481271.0,708217.0,1478024.0,CHN -> USA,0.005608507286333202
2018-05-28,CHN,USA,9784,1695,11.994174161896975,2798.931929681112,2802.1677228127555,2828.4086263287,0.2001226492232216,0.6175388389206868,5142.279844644318,1.9220768601798843,-1.202738738834063,26.106909239574815,37.40948372189284,69.26334443601819,38.56972173906401,-17.30066893213416,37.98221726880631,17.0119866557644,1418379.0,607169.0,1415035.0,CHN -> USA,0.0062337053338192535
2018-06-04,CHN,USA,6799,1766,9.987498161494337,2597.6120017649655,2610.470216208266,2602.1214884541846,0.3007795264009413,0.5384615384615384,4704.152963671128,2.1371083982938717,-2.060362663322129,32.59449919105751,35.46266492292983,75.37568155272827,37.35731283806448,-8.867902535078729,35.722464488012946,43.58916108207082,1110241.0,202913.0,1107376.0,CHN -> USA,0.0047816066732915725
2018-06-11,CHN,USA,3634,1407,9.06989543203082,2451.526141992295,2410.675839295542,2516.122454595487,0.24821133736929005,0.5726472206934508,4614.534122179417,1.4654375343973551,-1.742404136579188,31.287837094111172,37.948516070445834,71.99328484507427,38.36488036461205,-10.207859759768859,37.3550924551459,42.70490088057239,210071.0,71321.0,208628.0,CHN -> USA,0.0025038342977068626
2018-06-18,CHN,USA,4798,1630,10.28365985827428,2934.620466861192,2961.3247186327635,2958.326802834514,0.29970821175489787,0.5056273447269696,5299.0043768236765,1.3741142142559388,-1.9620683743832337,33.136723634847854,36.77424072712118,78.53362388388568,38.277279046070504,-17.895353015426338,37.133591390035505,37.986831456118416,286887.0,81661.0,276557.0,CHN -> USA,0.0033433839254170344
2018-06-25,CHN,USA,4273,1314,8.622981511818395,2342.0802714720335,2376.298853264685,2379.3489351743506,0.29534285045635383,0.5951322256026211,4488.363210858882,1.4359466417037194,-2.3744907080131603,34.336531710741866,36.86661133497195,75.30460636095493,39.59051704494388,-8.678913046348349,37.99917962312738,37.949431061329605,405250.0,109109.0,404727.0,CHN -> USA,0.002896864701571412
2018-07-02,CHN,USA,6391,1550,11.657017681114066,2844.3781880769834,2894.646221248631,2871.1763417305588,0.3023001095290252,0.5165075887967454,5487.774057268033,1.6134720700985798,-3.389149888114067,32.506649976529495,36.18344881737083,80.12995828654132,36.910715911111225,-15.78189224710503,36.01557638231614,35.19248601126748,1199555.0,377146.0,1141811.0,CHN -> USA,0.0052197761809631305
2018-07-09,CHN,USA,7191,1742,7.280350438047559,1902.8196356556807,1936.9682937004588,1915.3210958142122,0.3829787234042553,0.7660965095257961,3982.597274370741,0.7686691697955756,-3.298888274016479,40.945626477541374,37.484169449033416,74.8733859605065,37.809654714504326,-11.148197900987356,37.67534302975939,38.08730941093047,2418240.0,527788.0,2390740.0,CHN -> USA,0.00473728834215989
2018-07-16,CHN,USA,3955,1422,9.233122629582807,2448.0644753476613,2460.4649810366623,2464.275600505689,0.2402022756005057,0.47812895069532235,4360.023008849557,2.17772439949431,-2.498639384392798,31.410872313527182,36.6759563386445,61.94944825518458,37.46354549924145,-27.49961369448687,37.543427114061814,21.58009430880117,385224.0,237594.0,384444.0,CHN -> USA,0.002731895064836746
2018-07-23,CHN,USA,3689,1264,9.396855516400109,2380.2556248305773,2410.966928706967,2426.294930875576,0.2548116020601789,0.5166711846028734,4648.705340200597,-0.37310924369747817,-2.064770842733332,33.49417186229331,36.05094701219845,58.38858046516676,36.81117172404447,-17.28573176958526,35.35413626809435,9.641873391705083,336266.0,97759.0,335141.0,CHN -> USA,0.0025906935881562674
2018-07-30,CHN,USA,5840,1630,7.4933219178082195,1783.022602739726,1837.2633561643836,1822.0628424657534,0.3042808219178082,0.6830479452054794,3851.011815068493,1.6139726027397279,-2.4961367114055446,34.50513698630137,35.702079755353886,52.90949731026191,37.53052670292975,-8.367694497687202,36.62703882593802,32.76968364793551,783654.0,293155.0,781288.0,CHN -> USA,0.004252059773475884
2018-08-06,CHN,USA,5117,1465,7.9011139339456715,2182.12780926324,2211.0789525112373,2189.457494625757,0.24584717607973422,0.6695329294508501,4669.967949970686,-0.6865546218487385,-2.229201626328733,32.79656048465898,37.17773639749849,83.72540671838948,37.38695023822552,-12.00205585694746,37.02248606957203,53.96684967910878,642950.0,206749.0,591732.0,CHN -> USA,0.003638116540596958
2018-08-13,CHN,USA,4160,1265,8.57860576923077,2235.556730769231,2397.7877403846155,2425.1302884615384,0.28197115384615384,0.4598557692307692,4739.231009615384,0.29262019230769326,-1.526806712734798,29.088942307692307,35.39779751443006,49.079713835738396,32.22490522126023,-8.611091086820585,35.57655046488703,6.6531541248196,367448.0,26047.0,363589.0,CHN -> USA,0.003177095584753607
2018-08-20,CHN,USA,6780,1495,8.502064896755162,2125.4410029498526,2146.7386430678466,2155.208554572271,0.3455752212389381,0.6377581120943953,3931.703982300885,1.8874631268436595,-2.016399143813997,37.53687315634218,36.55328811209442,59.54229611224208,37.17102315486742,-21.579377494690373,36.71350469941011,13.296862655309607,1671122.0,360600.0,1665896.0,CHN -> USA,0.004423944370530788
2018-08-27,CHN,USA,3967,1110,9.505923871943533,2438.6281825056717,2473.406352407361,2472.219057222082,0.32442651877993445,0.5076884295437358,5165.052936728006,1.4624401310814168,-2.171285076921519,31.63095538190068,35.69301686812916,77.39975301966707,36.91548073272822,-7.327452039082176,36.057421926374225,37.34412532047404,497032.0,166321.0,496930.0,CHN -> USA,0.00251471619269306
2018-09-03,CHN,USA,5354,1265,9.758685095255883,2609.701905117669,2620.5982443033245,2630.069293985805,0.3414269704893538,0.615614493836384,4848.361972357116,0.12758685095255717,-2.439939343865532,35.892790437056405,36.43601785618229,48.32689038345154,36.62359103418011,-23.498961491221515,36.214945240754595,10.859683228240517,1228520.0,317296.0,1227607.0,CHN -> USA,0.003268897665919147
2018-09-10,CHN,USA,4508,1390,7.83318544809228,1967.1657054126,2015.1574977817213,1989.8034605146406,0.31765749778172137,0.6175687666370896,3856.5874001774623,1.1900177462289265,-1.6378528065605853,36.14019520851819,37.71091757320328,84.76375170474698,38.91873419143748,-4.907813017302567,38.108839084516454,50.840378619786954,477467.0,129219.0,476754.0,CHN -> USA,0.002931138403960028
2018-09-17,CHN,USA,7455,1968,8.064386317907445,2087.536686787391,2111.203890006707,2108.1936955063716,0.3472837022132797,0.7386988598256203,4307.27149564051,1.1224815560026846,-2.4457599138510675,37.21260898725687,38.07646158376928,79.1559024206574,38.38357004439991,-1.643574090543266,37.97858080912145,48.95325957411134,1029714.0,239825.0,1028402.0,CHN -> USA,0.004684987239615574
2018-09-24,CHN,USA,9214,1838,12.612003472975907,2981.2389841545473,3008.7826134143693,3006.261232906447,0.35337529845886695,0.6664857825048839,5501.618732363794,-0.5051334925113959,-3.3615993391957044,36.232906446711524,38.25770659583223,85.77172977382295,38.102028101801636,1.6731365751031044,38.47683569709131,45.23611339060117,2515443.0,464276.0,2506257.0,CHN -> USA,0.005860581262295677
2018-10-01,CHN,USA,4981,1624,9.144750050190725,2454.7968279461957,2534.0086328046577,2498.1903232282675,0.24794218028508333,0.45432644047380044,4564.347922103995,0.042521582011644785,-3.344389961285409,27.472395101385263,37.59342160381532,90.36647695281096,39.64274008273104,2.4205704835341493,38.285140812249075,52.784101933734874,471046.0,207875.0,466947.0,CHN -> USA,0.003285236486241382
2018-10-08,CHN,USA,4657,1499,7.216448357311574,1724.816620141722,1776.5885763366975,1771.6781189607043,0.3062057118316513,0.669744470689285,3760.347219239854,1.5718058836160609,-2.2832157723220776,38.1447283659008,36.795093548352426,82.03032090997186,37.626404258884364,6.906434796898579,37.695808473400874,46.18456492720222,1240489.0,195866.0,1110803.0,CHN -> USA,0.0032296722059555793
2018-10-15,CHN,USA,4031,1250,9.89704787893823,2341.760605308856,2385.1071694368643,2384.786901513272,0.28553708757132223,0.5254279335152567,4383.636566608782,0.4365914165219538,-2.3230388092545855,31.77871495906723,36.44792418957823,83.54381236501229,38.2006641620348,-4.0691423635235635,36.29363178039709,57.87978009801481,351594.0,120042.0,350990.0,CHN -> USA,0.0023766609652745717
2018-10-22,CHN,USA,3831,1359,10.767945706081964,2792.9167319237795,2835.138345079614,2806.750456799791,0.3855390237535891,0.4896893761419995,4908.026363873662,1.469746802401462,-1.8331442998590581,36.04802923518663,38.02783580344562,80.21093005820927,38.55271600391545,3.744539489950417,37.65497056147222,45.915953598799234,308382.0,79259.0,308317.0,CHN -> USA,0.0024181346846104757
2018-10-29,CHN,USA,3436,1350,7.7709545983701975,2202.947322467986,2241.191792782305,2233.424621653085,0.23108265424912688,0.6233993015133876,4318.594877764843,1.5118451688009298,-1.9511713087677296,31.87427240977881,37.110932833478934,66.42454167976705,37.97107028704518,-12.003066087045132,37.451472446288264,29.05512985152836,171091.0,51156.0,170644.0,CHN -> USA,0.0021694713208014163
2018-11-05,CHN,USA,3369,1344,9.515880083110716,2447.5814781834374,2463.6043336301573,2443.8584149599287,0.38023152270703475,0.5883051350549124,4589.525972098546,2.2720688631641415,-1.604132344702412,38.98783021668151,35.355875630157364,75.43786270644104,37.26985404096172,-9.15478843544078,36.39260136360945,39.99415780112792,549080.0,69350.0,458455.0,CHN -> USA,0.0020534431591208166
2018-11-12,CHN,USA,2798,1178,8.689421015010723,2422.3727662616157,2457.7734095782703,2417.885989992852,0.3305932809149392,0.6225875625446747,4686.295210864903,2.0583273766976378,-1.5003320069159005,35.36454610436026,34.611566904217305,68.44335290207295,35.582693506075735,-0.39267871300928525,36.093873320228745,50.9252462541101,154655.0,35961.0,153941.0,CHN -> USA,0.0017539581595098948
2018-11-19,CHN,USA,2778,1079,7.288696904247661,1747.3048956083514,1771.9931605471563,1755.0057595392368,0.34953203743700506,0.6144708423326134,3557.580633549316,1.5822894168466524,-2.6721298743942716,36.27789776817855,32.29478635025201,69.59133889272852,32.53658169078472,0.08555289776813978,28.617607779697657,48.77073716342686,232497.0,54381.0,232057.0,CHN -> USA,0.0020981318469677915
2018-11-26,CHN,USA,5514,1588,9.92201668480232,2653.546608632572,2658.0596663039537,2500.9018861080885,0.269677185346391,0.5422560754443235,4971.975516866159,1.5424555676459903,-2.196654057970454,33.739571998549145,36.08770387373014,74.70179369212612,36.971664311502195,-23.566543335450064,35.20266468994927,26.74178035758344,572871.0,159414.0,572511.0,CHN -> USA,0.0033428757461451443
2018-12-03,CHN,USA,9552,2423,9.671901172529314,2274.0036641541037,2288.325272194305,2294.8689279731993,0.33270519262981574,0.5309882747068677,5018.76256281407,1.6226863484087142,-2.3561374493000615,32.30527638190955,37.362605067127404,67.5414913353229,38.211807259189655,-16.60600879516186,36.585912714315654,26.029765990574866,1042210.0,304080.0,1041358.0,CHN -> USA,0.006645969906669765
2018-12-10,CHN,USA,6651,1649,9.334987219966923,2177.629379040746,2210.23951285521,2197.8236355435274,0.3035633739287325,0.6475717937152308,4468.877311682454,0.5920312734927075,-3.9605079553510953,33.01608780634491,36.46843966200577,71.99900721395264,39.906916565629295,-9.043993702901902,38.59176255420245,33.38804972695825,843638.0,222863.0,843391.0,CHN -> USA,0.0050638828888572495
2018-12-17,CHN,USA,3822,1278,7.465201465201465,1961.519623233909,2007.4782836211407,1967.0711669283098,0.27629513343799056,0.6433804290947148,3979.7414965986395,-0.12899005756148957,-3.528793454485768,33.317634746206174,36.7557810594241,77.79762191544502,39.31165014633513,-7.23326807722513,37.453775186910995,43.59152508769632,303799.0,108613.0,303073.0,CHN -> USA,0.0029783868240281473
2018-12-24,CHN,USA,1681,763,7.813206424747174,2065.211778703153,2110.938726948245,2099.033313503867,0.34800713860797144,0.6573468173706127,4185.018441403926,1.3475312314098746,-1.741882415270122,35.455086258179655,36.29996776740035,76.969930395003,36.648793709101724,-25.056293515764423,35.55735799344848,44.43399422215607,61604.0,19604.0,61570.0,CHN -> USA,0.0019361139969178815
2018-12-31,CHN,USA,3255,1136,7.8531490015360985,2086.3640552995394,2143.6574500768047,2169.636866359447,0.4313364055299539,0.6903225806451613,4229.0540706605225,0.5355760368663578,-2.8028702050508576,40.78033794162826,35.59102195451755,68.35957554732634,36.429682282114356,-19.118539198832202,36.06892834019671,19.648755260602336,866453.0,134392.0,851477.0,CHN -> USA,0.0033373764632422076
2019-01-07,CHN,USA,4950,1493,7.4351515151515155,1724.179191919192,1703.36,1746.0650505050505,0.3149494949494949,0.706060606060606,3830.289494949495,1.089696969696969,-1.2158499673391103,33.48282828282828,34.948240946836506,76.73380085991495,35.7821169142915,7.897689460278952,34.90922330907625,48.23554837517681,342520.0,140252.0,338705.0,CHN -> USA,0.004017958244079194
2019-01-14,CHN,USA,4575,1267,7.217486338797814,1597.4104918032788,1635.9949726775956,1621.9377049180328,0.42207650273224046,0.7293989071038252,4647.544262295082,2.104174863387982,-2.104645069695733,36.87868852459017,37.288715890273245,88.57280246885267,38.613073864918086,-4.139660216174899,38.37840049704921,42.079742471694054,837413.0,105191.0,820952.0,CHN -> USA,0.003380507733788895
2019-01-21,CHN,USA,3446,1349,10.49767846778874,2766.9291932675565,2815.3168891468367,2678.4918746372605,0.3279164248403947,0.5490423679628554,4997.711259431225,1.475014509576319,-2.4772059152084136,34.338363319791064,36.04563004207782,69.63593647127102,36.79652262100986,-10.159631969239696,35.027384997388324,28.26500640626813,138851.0,33696.0,138299.0,CHN -> USA,0.0027894454378482253
2019-01-28,CHN,USA,6467,1654,8.631668470697386,2011.412092160198,2045.4827586206898,2023.7176434204423,0.32209679913406525,0.6769754136384722,4134.286531622081,1.2450131436523886,-2.7425791026170647,35.4507499613422,37.00782820148443,69.94568347811948,37.977915529921184,-10.421748964744111,37.57096171083964,23.063127903046176,620760.0,156953.0,619167.0,CHN -> USA,0.005239139539989452
2019-02-04,CHN,USA,2689,1102,11.664187430271477,2855.7069542580884,2862.6548902937893,2889.5503904797324,0.35366307177389367,0.5589438452956489,5124.658237262923,1.7958720714020069,-1.3983789446374733,37.374488657493494,36.31679089996283,74.85842116437338,36.941021509111195,-13.170466089252491,35.825501483451106,17.05064270621051,247342.0,55985.0,246841.0,CHN -> USA,0.0021012376125439745
2019-02-11,CHN,USA,5306,1232,10.198831511496419,2217.031096871466,2266.21635883905,2255.531850735017,0.37938183188842817,0.6863927629099134,5265.132491519035,1.1769506219374257,-2.416601402093841,37.66113833396155,37.90114418865429,79.07965374896389,37.808030851112115,0.18687419091586052,37.87091701978904,34.33928152299269,1153794.0,214748.0,1139553.0,CHN -> USA,0.0037298272301287934
2019-02-18,CHN,USA,5501,1236,6.138338483912016,1399.6337029630977,1428.6600618069442,1430.091801490638,0.3073986547900382,0.7505908016724232,3710.0867115069987,1.1321214324668252,-2.1249834626820188,33.49391019814579,37.67284433600004,72.43331443018171,37.45549673477552,-15.266291932376005,37.70490533775679,25.35740410107253,924460.0,213095.0,883032.0,CHN -> USA,0.004297713329005151
2019-02-25,CHN,USA,5792,1530,8.999482044198896,2144.6439917127072,2171.574067679558,2167.830455801105,0.21236187845303867,0.6125690607734806,4398.0065607734805,0.384409530386735,-1.7492134721856376,24.68404696132597,36.03087910170958,72.93267536211378,36.89012475582814,-2.2920316278707933,37.10640313590067,37.03663196598167,737387.0,529339.0,736986.0,CHN -> USA,0.0040301285508027905
2019-03-04,CHN,USA,5018,1286,9.599442008768433,2207.613192506975,2211.891988840175,2236.4822638501396,0.3862096452770028,0.6313272220007972,4214.676962933439,0.8317855719410112,-2.950210505688317,35.86687923475488,37.474339366952314,78.17684663085508,37.63742852820412,-5.598458652182576,37.6489012447678,26.903458565278022,1215768.0,354785.0,1214046.0,CHN -> USA,0.003809249081468436
2019-03-11,CHN,USA,3514,1276,8.789698349459306,2272.048093340922,2269.0202048947067,2303.7908366533866,0.29425156516789985,0.5520774046670461,4448.208309618668,0.7662777461582241,-2.0101744078769577,30.98178713716562,37.137117669607306,55.726785476380165,37.1007110079681,-26.338462546670467,36.14830735600457,32.23340505065456,171312.0,58724.0,170798.0,CHN -> USA,0.002587122110102145
2019-03-18,CHN,USA,3541,1132,7.7014967523298505,1835.7034735950297,1847.7286077379272,1852.970347359503,0.2581191753741881,0.6088675515391132,3329.909630048009,1.4883083874611676,-1.5577414037570962,29.11889296808811,35.969565400451884,60.87619914798076,36.14377210364304,-22.49160873256144,34.881251995199115,12.915739959051125,220596.0,81189.0,220451.0,CHN -> USA,0.0026241292426263524
2019-03-25,CHN,USA,3997,1359,7.989992494370778,1816.1433575181386,1885.4928696522393,1878.245183887916,0.3324993745308982,0.6039529647235427,3923.3405053790343,1.3060295221416047,-1.7704821256450807,33.36502376782587,36.35874946721727,80.4099632667667,36.39159039889895,-9.820952206206243,35.98497980630636,32.28118161286283,243408.0,67493.0,239971.0,CHN -> USA,0.0026666506547538037
2019-04-01,CHN,USA,3350,1300,7.614925373134328,1985.1776119402984,1983.222089552239,1985.5671641791046,0.3265671641791045,0.6943283582089552,4439.046865671642,1.6862985074626844,-1.952897587114588,34.149253731343286,36.11140476493433,62.75757146445637,36.338606244324964,-28.247413303166123,34.75527195788532,21.144198413082446,175196.0,47576.0,174601.0,CHN -> USA,0.0026323316329256753
2019-04-08,CHN,USA,1938,1016,9.175438596491228,2503.2879256965944,2519.825593395253,2504.21826625387,0.28121775025799794,0.5624355005159959,4732.514963880289,1.2583075335397313,-2.3680200370432463,34.205366357069146,36.023698371517014,68.83527039473687,36.050672295149624,-22.840264191950453,37.1128683116615,24.71049077192982,92232.0,21533.0,81682.0,CHN -> USA,0.0014114130735595285
2019-04-15,CHN,USA,3552,1002,8.120495495495495,2310.2291666666665,2329.0273085585586,2295.2604166666665,0.25394144144144143,0.6162725225225225,4140.3071509009005,1.763203828828827,-2.924436828772836,31.92849099099099,36.33373711045368,51.24501815553678,36.87423858664417,-27.43006060326851,36.81915580135252,11.235548490842485,909506.0,218762.0,909433.0,CHN -> USA,0.002834868887313962
2019-04-22,CHN,USA,5586,1273,11.606337271750805,2903.4011815252416,2940.9964196204796,2931.25402792696,0.3385248836376656,0.5266738274257071,4947.813104189044,0.13798782670962245,-2.043733605314978,31.22986036519871,35.473734826351595,73.86307804314374,37.41618187110648,-20.350012254565133,35.0653024675976,31.28115831113499,730787.0,227607.0,728892.0,CHN -> USA,0.004480776218677281
2019-04-29,CHN,USA,4064,1372,10.57603346456693,2906.816437007874,2962.5167322834645,2851.330216535433,0.2691929133858268,0.5437992125984252,5065.081692913386,1.1638779527559049,-1.748403571797024,29.53001968503937,37.36747534285014,67.42081012081691,37.66621502855033,-13.9363045984252,37.25753407949792,23.054636330216535,280571.0,88318.0,280274.0,CHN -> USA,0.003151790021296298
2019-05-06,CHN,USA,16177,2458,10.46763924089757,2440.1651109600048,2472.2629659392965,2468.5321753106264,0.34029795388514555,0.7197255362551771,4467.296161216542,2.248754404401321,-3.029662791489868,34.52308833529084,38.700022067762745,81.73495963033405,38.38808952732791,0.6112634995670819,38.22031061159873,49.93656152522618,7739993.0,1971438.0,7727234.0,CHN -> USA,0.011348601365732654
2019-05-13,CHN,USA,9360,2324,7.751602564102564,2120.5770299145297,2158.961217948718,2155.099252136752,0.3260683760683761,0.7237179487179487,4506.248183760684,1.0474358974359053,-2.7409807825683,31.898504273504273,37.455200153846015,68.43479476004269,38.626443633974525,-24.226909761965775,37.2431563749999,42.680146648076814,1569214.0,479030.0,1560211.0,CHN -> USA,0.0070482140006445804
2019-05-20,CHN,USA,5036,1920,7.384829229547259,1876.1534948371723,1933.7154487688642,1881.3731135822081,0.3113582208101668,0.6920174741858618,4557.661437648928,0.1273828435266076,-2.800899556651396,33.558379666401905,36.14165177958703,72.36430722597285,37.22107186179508,-7.176084336973793,36.46948340865769,41.81183988780773,208023.0,65629.0,207291.0,CHN -> USA,0.003861634477433286
2019-05-27,CHN,USA,7288,1812,9.422063666300769,2207.1018111964872,2241.967069154775,2229.5072722283207,0.3604555433589462,0.6060647639956093,4775.431119648738,-0.24842206366630265,-3.4633865658298464,36.55872667398463,36.548505020856176,78.50455966026334,37.36802805913836,-4.803086641877095,36.60603321597146,45.780800221322714,964613.0,196484.0,954029.0,CHN -> USA,0.005769789515101759
2019-06-03,CHN,USA,5402,1804,8.778785634950019,2131.827101073676,2155.428359866716,2158.4457608293224,0.34653831914105887,0.6471677156608664,4408.134394668641,-0.4963902258422812,-3.179547546016991,36.384672343576455,37.246065368216385,77.2224109390627,38.1960337797741,-14.654887253565501,37.87572782848679,23.352879765512146,315943.0,82151.0,315263.0,CHN -> USA,0.003934633515327735
2019-06-10,CHN,USA,3637,1500,10.652185867473193,2633.8878196315645,2655.011822930987,2669.7368710475666,0.2716524608193566,0.4907891119054166,4563.254880395931,0.7135001374759415,-2.736340481879777,32.155622766015945,36.4056317588009,72.86422568949398,37.02813522084706,-10.339012841034084,36.88339412706271,26.081387726072613,144255.0,54538.0,143973.0,CHN -> USA,0.002981526341461415
2019-06-17,CHN,USA,5356,1637,10.649925317401046,2385.464152352502,2414.7188200149367,2393.7018297236746,0.2794996265870052,0.5080283793876027,4688.0814040328605,0.5083271097834214,-2.530163742387726,32.41038088125467,36.141867202389875,78.87114382150844,37.95130592550418,-15.215982808625897,36.63282761146378,45.2083277229275,452859.0,129847.0,450498.0,CHN -> USA,0.004009426193919686
2019-06-24,CHN,USA,6375,1745,10.931607843137256,2336.837019607843,2364.4828235294117,2353.3750588235293,0.2832941176470588,0.5589019607843138,4790.235450980392,0.5279058823529428,-2.303216432792716,31.338039215686276,36.85536998901614,75.92452473011173,37.75805774313523,-10.713361167425179,37.45273075411896,42.33112021088973,501679.0,176998.0,501202.0,CHN -> USA,0.004238158584913751
2019-07-01,CHN,USA,2939,1230,10.53623681524328,2489.1752296699556,2515.042191221504,2506.594079618918,0.36577067029601906,0.46920721333787,4645.110241578768,1.2677441306566855,-2.7302178754969018,32.555290915277304,36.03489937202182,73.64799616950306,37.344854162695704,-11.496492968005434,36.73241584717499,46.74364214976172,203694.0,36954.0,203286.0,CHN -> USA,0.002720510371077985
2019-07-08,CHN,USA,3626,1283,7.560397131825703,1981.6431329288473,2018.3146718146718,2016.3568670711527,0.3530060672917816,0.5692222835079978,4394.725868725869,1.216381687810259,-2.6466030218909635,33.91064533921677,37.337930833425276,77.85286378792054,38.14341714616658,-19.065509341974618,37.299056002206285,20.592099902923355,324758.0,91203.0,324025.0,CHN -> USA,0.00299856026105502
2019-07-15,CHN,USA,5366,1485,9.00857249347745,2437.0844204248974,2477.8514722325754,2479.1157286619455,0.2841967946328737,0.6244875139768915,4497.814945956019,1.1794819232202753,-3.4103116266150724,34.71487141259784,35.491247481364184,82.01483445452848,37.540904174804375,-11.68630384998136,36.44110854677602,47.130147495527346,807779.0,182096.0,773249.0,CHN -> USA,0.004546791021316367
2019-07-22,CHN,USA,3437,1299,9.776549316264184,2308.5836485306954,2372.8591795170205,2357.60314227524,0.35554262438172823,0.596450392784405,4928.820773930754,0.5393075356415473,-2.062568139779073,35.81320919406459,36.38847368851986,77.01075546765728,37.510276277680646,-6.417180392191137,36.649895553030326,43.42409458245917,155142.0,38348.0,154790.0,CHN -> USA,0.0028055631288436706
2019-07-29,CHN,USA,5119,1583,10.280523539753858,2380.9859347528813,2405.705997265091,2408.1197499511622,0.3571009962883376,0.5639773393240868,4278.339714788044,1.1698183238913828,-2.3258105167730365,36.579410041023635,35.276020755459406,69.62979463722206,37.90301886012201,-18.91493693370062,36.60700839228806,25.462529298642515,573989.0,115818.0,572896.0,CHN -> USA,0.004032359706336453
2019-08-05,CHN,USA,5191,1495,10.082450394914275,2505.109034868041,2520.185898670776,2507.233481024851,0.3068772876131767,0.6091311885956463,4600.811789635908,0.6433442496628801,-2.6881747794120403,30.678096705837024,36.911651300770764,63.50099427013475,35.85708161618502,-14.672992507129209,36.1876187614644,26.695317376685896,425388.0,141779.0,424298.0,CHN -> USA,0.003982147459894689
2019-08-12,CHN,USA,4101,1396,11.616922701780053,2879.2665203608876,2900.5152401853206,2908.0334064862227,0.28846622774932945,0.53474762253109,4580.675445013411,1.5344306266764192,-3.114344762273891,30.397464033162642,36.24388445365853,76.46196752731706,37.31630545682936,-13.13860183609758,36.098546140731735,44.09606133609754,245853.0,111911.0,245411.0,CHN -> USA,0.003638360617341344
2019-08-19,CHN,USA,8995,1572,12.473262923846582,2871.385102834908,2905.6903835464145,2891.5758754863814,0.2687048360200111,0.5776542523624235,4574.630683713174,1.8858032240133342,-2.917939680768454,28.581434130072264,36.700188261067645,83.99270554605201,38.088300440823076,-4.150693530255876,37.08343908709661,49.56352664182461,1990017.0,822212.0,1988124.0,CHN -> USA,0.007280170418308313
2019-08-26,CHN,USA,5048,1673,12.092908082408874,2897.570919175911,2929.190174326466,2918.5344690966717,0.33637083993660855,0.6012282091917591,5066.9617670364505,1.2705229793977817,-2.720251919856041,34.1541204437401,36.31613786628366,82.53387842155287,37.88170094809831,-4.832892943541981,36.955195800911305,43.70369322048325,343292.0,95423.0,342246.0,CHN -> USA,0.00439195596907534
2019-09-02,CHN,USA,4612,1382,9.543581960104076,2217.243278404163,2291.628794449263,2288.493278404163,0.3753252385082394,0.6509106678230703,4439.457935819601,1.3948178664353859,-2.812173187378708,35.64180398959237,36.81296949859039,83.04209666710027,37.410221518759535,-2.542521824983756,36.493427337020215,49.508736005204916,335687.0,79580.0,334674.0,CHN -> USA,0.004082275735951466
2019-09-09,CHN,USA,6117,1414,11.070949811999347,3622.8963544221024,3654.4973025993136,3644.18652934445,0.35311427170181464,0.429785842733366,9126.773091384666,1.3549452345921211,-3.0962974073738683,27.985940820663725,35.38338513086869,68.20838034778312,37.39065965483391,-20.86563377850479,35.769715311630996,42.95584515753298,1123795.0,504232.0,1123527.0,CHN -> USA,0.0052496569314437885
2019-09-16,CHN,USA,5180,1453,8.38050193050193,2320.435135135135,2311.5376447876447,2351.3254826254824,0.31216216216216214,0.5534749034749035,4235.181853281853,2.146196911196909,-1.851521174484294,31.266409266409266,36.17014538534412,80.3850000493038,38.161372400618745,-18.715125610015445,36.30436856457846,42.32953136832945,470929.0,163142.0,470332.0,CHN -> USA,0.0039619318012334
2019-09-23,CHN,USA,4540,1496,10.609251101321586,2622.231497797357,2722.6290748898678,2714.685682819383,0.30088105726872244,0.5563876651982379,4769.347577092511,1.3333259911894255,-2.6197653028664316,31.887665198237887,35.912384469707085,67.30682015091429,37.06084636065219,-6.332280680105737,36.49695326283329,37.62392630711616,247270.0,74464.0,245930.0,CHN -> USA,0.003199296436660273
2019-09-30,CHN,USA,3975,1319,9.0862893081761,2407.540377358491,2427.5509433962266,2422.908679245283,0.2679245283018868,0.5330817610062893,5240.972578616353,0.9100880503144645,-3.009022559886932,30.040251572327044,38.015969658113264,83.07832572654077,37.870186710691804,-35.80153567899374,37.615966301132076,24.456831729811334,235751.0,91102.0,235716.0,CHN -> USA,0.003211524322752135
2019-10-07,CHN,USA,5299,1449,9.585204755614267,2215.4529156444614,2268.3132666540855,2145.758067559917,0.2911870164181921,0.5357614644272505,4513.567465559539,1.2502925080203808,-3.044408449441286,32.2966597471221,36.275021160785116,73.01825235534993,38.532932338932,-20.252790389884964,35.451064202868515,34.861269119267746,483376.0,140206.0,480336.0,CHN -> USA,0.004020680822134004
2019-10-14,CHN,USA,4274,1231,8.437295273748246,2195.0540477304635,2224.6174543752923,2191.687880205896,0.34230229293401965,0.5982686008423023,4170.95063172672,0.8168460458586788,-2.588922839428246,35.388394946186246,36.84852460955057,76.05159951053363,37.66910903838951,-9.403978938670427,36.288315039325866,39.17634065964417,473961.0,127131.0,470294.0,CHN -> USA,0.0031031976585887203
2019-10-21,CHN,USA,3188,1162,6.802697616060226,1767.1841279799248,1820.909661229611,1797.3638644918444,0.3378293601003764,0.7063989962358845,3990.7569008782934,1.0391781681304888,-1.8202397310709475,35.34190715181932,36.883346230310636,73.81420500188261,37.71235817885158,-13.606452573266383,36.74271804016317,25.39345497866332,290264.0,66761.0,290097.0,CHN -> USA,0.002614289041307079
2019-10-28,CHN,USA,4021,1013,9.22979358368565,2428.1576722208406,2469.65307137528,2466.3548868440685,0.27281770703805025,0.5573240487440935,4608.480477493161,2.3147227057945776,-1.5917074454935205,31.397662273066402,36.32752138720964,73.18025885036216,37.292645734698986,-15.114706043717224,35.575270293529876,44.4211422960279,345502.0,122934.0,345380.0,CHN -> USA,0.003688124623941533
2019-11-04,CHN,USA,3858,1288,7.593053395541731,1929.6054950751684,1970.241835147745,1947.6581130119232,0.3421461897356143,0.6080870917573873,3923.7407983411094,2.062986003110417,-1.410215088716953,35.979782270606535,36.660439713323036,68.96989294764123,37.131352330741315,-11.829473258942473,36.46742831726287,37.380622275272195,254273.0,53569.0,253801.0,CHN -> USA,0.003484207275111489
2019-11-11,CHN,USA,4082,1148,9.087947084762371,2230.9970602645762,2147.2400783929447,2259.0560999510044,0.2902988731014209,0.5352768250857423,3983.21484566389,0.3460803527682506,-3.86346309522105,31.741793238608526,36.631478836109814,76.3820023912297,39.10709207104366,-29.08592215825581,36.607472638167614,50.91323782312589,329523.0,86232.0,326761.0,CHN -> USA,0.003480140944855709
2019-11-18,CHN,USA,3722,1316,7.949758194519076,1968.0085975282107,2080.1875335840946,2063.641321869962,0.3396023643202579,0.6077377753895755,4154.270016120366,1.5108275120902723,-1.9528969386024915,37.68941429339065,34.48284157495972,78.78257368753351,36.467485856528725,-17.178188479849556,34.96087944438474,30.36525643336915,282288.0,72329.0,265741.0,CHN -> USA,0.002908910159067836
2019-11-25,CHN,USA,4167,1147,10.305975521958244,2344.2894168466523,2368.159107271418,2388.618910487161,0.36741060715142787,0.490280777537797,3902.786897048236,3.065202783777292,-3.3010190388521226,37.67218622510199,35.87530752640425,87.35335272587605,35.7591606735478,13.030276234037458,35.451426054248664,36.838883063850254,990073.0,224836.0,989879.0,CHN -> USA,0.004484604150545805
2019-12-02,CHN,USA,3899,1162,10.14721723518851,2644.186458066171,2660.496281097717,2561.897409592203,0.3226468325211593,0.4744806360605283,4934.760451397794,1.6121826109258792,-2.766619796626291,34.14208771479866,36.05532019056173,75.29138777712227,37.73438257553218,-12.656455594254979,37.135023402410916,33.367178936137456,439791.0,102259.0,439433.0,CHN -> USA,0.003272538042520333
2019-12-09,CHN,USA,3472,1177,6.653801843317972,1648.591301843318,1724.2842741935483,1670.1647465437788,0.3294930875576037,0.719758064516129,4006.397465437788,1.6580069124423953,-1.453452555506972,34.138824884792626,37.64022804668597,66.59522033458202,38.32807623919312,-7.801450324783868,37.7143845273776,36.02197856138328,369115.0,115070.0,368855.0,CHN -> USA,0.003199498696056839
2019-12-16,CHN,USA,2199,1013,7.9649840836743975,2192.7794452023645,2129.961800818554,2224.244201909959,0.3497044110959527,0.6189176898590268,4853.649840836744,1.1150068212824011,-1.630861118658059,35.01591632560255,36.465484205828794,75.82568373770492,37.22408257012749,-9.622416646630231,36.69255469808744,53.32628532103826,109043.0,25797.0,108939.0,CHN -> USA,0.0020139575777557974
2019-12-23,CHN,USA,2081,767,9.335896203748199,2663.6482460355596,2711.511773185968,2622.004324843825,0.27438731379144643,0.6011532916866891,5700.221047573282,2.9908217203267657,-1.8948843287040726,33.334935127342625,37.53770042335418,71.7362736655454,39.43302677366651,-32.52012862710235,37.72493905478136,35.01788349639595,124793.0,41823.0,123954.0,CHN -> USA,0.002945022473309407
2019-12-30,CHN,USA,3036,1016,9.381422924901186,2197.652832674572,2196.784584980237,2190.4967061923585,0.35968379446640314,0.5790513833992095,4390.961133069829,3.296409749670621,-1.9324753816674187,35.29644268774704,38.65514561824776,68.31012240678517,38.877226915678555,-9.401697679841893,37.967682451251676,26.456717315876134,264256.0,62822.0,264084.0,CHN -> USA,0.003053895829561229
2020-01-06,CHN,USA,3166,1004,17.794377763739735,3603.6572962728997,3666.961465571699,3654.75489576753,0.42040429564118764,0.5590650663297536,6100.537902716362,2.9773531269741014,-2.134942780131737,39.22299431459255,37.122984921327074,78.61801069541862,37.2526444979463,-5.8853981842022,37.34467393996846,29.144862816113747,621896.0,91093.0,620841.0,CHN -> USA,0.002067563481578375
2020-01-13,CHN,USA,7009,1718,9.799828791553717,2429.03923526894,2481.0389499215294,2474.2431159937223,0.40305321729205307,0.7339135397346269,4974.411328292195,3.7725495791125785,-1.731065072416343,41.53516906834071,36.98431174111599,65.6776471564149,37.68406282246329,-20.722945128157576,37.707156875695716,37.31604213415144,1531739.0,275311.0,1405917.0,CHN -> USA,0.005829999251391165
2020-01-20,CHN,USA,12012,2069,6.637279387279388,1738.974025974026,1822.9557109557109,1825.0268065268065,0.5499500499500499,0.8048618048618048,4326.690975690975,2.0942557442557597,-3.841096123298062,51.93639693639694,33.24735807484134,81.88783102122993,37.18321874300663,-32.684516666999585,35.6905300185643,36.17777120421243,9264341.0,973969.0,9172895.0,CHN -> USA,0.009733495720324871
2020-01-27,CHN,USA,21654,3465,8.285351436224254,2123.4372402327513,2156.509236168837,2161.246513346264,0.4111480557864598,0.7287337212524245,4610.106446845848,1.8215664542348193,-3.9435181080930057,40.04248637665096,32.591843016578146,79.18719367839783,39.60902543737825,-49.364083209014154,35.54653790629834,23.97094113115351,18014282.0,2556503.0,17919848.0,CHN -> USA,0.015091883181826735
2020-02-03,CHN,USA,12789,3244,9.472515442958793,2376.107123309094,2393.8275080147,2477.4549221987645,0.4097271092344984,0.6690124325592306,4949.7490030494955,1.8937602627257994,-3.4677030850666624,39.436234263820474,31.757228117757023,79.38389176386049,36.0502301714753,-31.7977070711549,33.93706245155959,27.30924829282987,2414359.0,426284.0,2364968.0,CHN -> USA,0.010040179559767683
2020-02-10,CHN,USA,6554,2146,8.70353982300885,2353.147085749161,2439.4667378700033,2197.7570949038754,0.34360695758315535,0.5747635032041502,4928.142355813244,1.1614586512053688,-4.203663507521206,37.02929508696979,34.681109067897424,78.6036128898383,36.95231223512364,-26.380721156698215,35.664195010222784,18.849517958498605,1100088.0,199369.0,1098981.0,CHN -> USA,0.005711392546258009
2020-02-17,CHN,USA,3834,1485,12.17057902973396,3334.146322378717,3353.2149191444964,3306.538080333855,0.310641627543036,0.5490349504434011,5406.379760041732,1.8385498174230561,-3.0847662704980396,36.291079812206576,34.17292507439309,75.70248770921452,36.49978005403284,-33.645546755938334,34.538654448968906,31.634805617332276,300015.0,82242.0,299739.0,CHN -> USA,0.0035017408236854316
2020-02-24,CHN,USA,4698,1745,9.51511281396339,2870.3716475095785,2978.044487015751,2974.6087696892296,0.2990634312473393,0.5862068965517241,5087.1696466581525,1.1721157939548712,-3.118506803487445,31.67518092805449,32.74768257045554,75.59041805789688,35.957344793954874,-36.33749872264791,34.296926176670944,29.413525422945916,527074.0,133998.0,526599.0,CHN -> USA,0.0040949955284531585
2020-03-02,CHN,USA,4914,1766,16.627391127391128,5124.773097273097,5401.112942612943,5417.102157102157,0.3028083028083028,0.577940577940578,8666.820512820514,1.263125763125762,-3.0067484529379302,36.107041107041105,35.363681074323,66.84356563693737,38.010059169822874,-38.063392168193865,36.53995380859297,17.734120431073094,333414.0,89810.0,332748.0,CHN -> USA,0.004061042912843771
2020-03-09,CHN,USA,3609,1474,9.201163757273482,2558.9337766694375,2653.5968412302577,2650.479634247714,0.314491548905514,0.5874203380437795,5869.592130784151,0.7786090329731216,-3.221977872256513,35.30617899695206,33.62699879883627,63.70740081324464,36.09815247714047,-25.010557189249113,34.16684762787478,31.645606036021046,204813.0,55890.0,204446.0,CHN -> USA,0.003362968581542903
2020-03-16,CHN,USA,5551,1632,13.668348045397225,3626.4449648711943,3693.415060349487,3722.090614303729,0.21563682219419925,0.5056746532156369,7347.534137993154,0.43208430913348905,-3.4563457799110155,29.760403530895335,34.53600853449826,72.48878676112412,36.09708039074042,-23.42547954062336,35.43962574599173,18.848033018014686,667812.0,247368.0,666638.0,CHN -> USA,0.0054069112228229904
2020-03-23,CHN,USA,4960,1620,12.780443548387098,4040.2737903225807,4056.0993951612904,4051.0915322580645,0.3016129032258065,0.4020161290322581,7712.237096774194,1.1219354838709659,-3.745233222828068,34.840725806451616,34.390570896753395,69.2709905134099,37.471064942730436,-26.19982189493854,35.76385725489012,23.811868992740447,549756.0,139699.0,546561.0,CHN -> USA,0.005043756622472783
2020-03-30,CHN,USA,3521,1458,9.126384549843795,2629.3266117580233,2733.888952002272,2814.7602953706332,0.25532519170690143,0.595853450724226,6166.287702357285,1.721442771939789,-3.3273642056098116,31.13604089747231,35.87450994630688,50.668213927840945,38.6355197863637,-30.82698382727265,37.16238591363642,9.155804187215875,193310.0,42750.0,190442.0,CHN -> USA,0.00379789298376754
2020-04-06,CHN,USA,3734,1430,13.37064809855383,4010.5187466523835,4033.2335297268346,4045.428762720943,0.2351365827530798,0.3299410819496518,6537.265131226567,-0.1276379217996783,-3.2212701460472632,27.268344938403857,34.93775781333689,60.55801124317088,37.643501792983415,-31.01729269362613,36.038463260042825,26.0012672238886,202026.0,83955.0,201917.0,CHN -> USA,0.004365770674274223
2020-04-13,CHN,USA,4608,1598,14.246744791666666,4054.258246527778,4079.4348958333335,4075.5095486111113,0.22005208333333334,0.4661458333333333,6781.756293402777,1.2029296874999982,-3.560796311511795,28.94314236111111,35.279468148220474,80.60405499826386,38.05922803667542,-16.34464701888024,36.57183465950521,36.74590293424477,225658.0,85758.0,223938.0,CHN -> USA,0.005461734669688321
2020-04-20,CHN,USA,4710,1499,13.40552016985138,3603.943312101911,3891.8150743099786,3892.7307855626327,0.2316348195329087,0.448619957537155,7299.166454352441,2.0797027600849254,-3.348837114262762,28.203821656050955,32.81153342314229,80.77645944734596,36.45932126602974,-10.16122394713373,35.230677232696415,20.561675387898088,297516.0,117529.0,297314.0,CHN -> USA,0.005458009251963029
2020-04-27,CHN,USA,4265,1485,13.817116060961313,3903.8914419695193,3940.7341148886285,3931.490738569754,0.2492379835873388,0.4675263774912075,6658.777022274326,0.0808675263774905,-3.5405079056215643,30.386869871043377,34.740882784056254,81.82772367432597,37.635828618757344,-14.10454865322394,35.37319227924972,28.243044633997613,226937.0,73893.0,223873.0,CHN -> USA,0.005048245364846694
2020-05-04,CHN,USA,5597,1685,11.371984991959978,3424.824012864034,3459.70895122387,3460.419331784885,0.3144541718777917,0.44791852778274077,6574.991781311417,0.17028765410041052,-3.25691827453964,33.618009648025726,35.8052068976237,71.60179252867609,37.72101635483294,-2.479565556548161,36.223417447881246,31.598805720564528,446429.0,155921.0,445690.0,CHN -> USA,0.006323514956914911
2020-05-11,CHN,USA,3595,1503,9.738247566063977,2901.3877607788595,2909.780806675939,2725.2216968011126,0.2848400556328234,0.4912378303198887,5624.605841446453,1.5170514603616125,-3.53344515442859,31.68567454798331,34.56376059888739,76.37935605368557,36.83642341363004,-9.122052999721818,35.578893791098785,26.05202645674544,111291.0,47369.0,110759.0,CHN -> USA,0.004103717317230476
2020-05-18,CHN,USA,7424,1868,12.554956896551724,3837.7172683189656,3876.532462284483,3858.5711206896553,0.26953125,0.4067887931034483,6794.5792025862065,0.48386314655172735,-3.6368945170274034,30.88227370689655,34.502606884905674,73.08219721967649,36.94544019797866,-15.14664323679231,36.66914572142868,22.632150789757297,1044226.0,342775.0,1043748.0,CHN -> USA,0.008435213379993638
2020-05-25,CHN,USA,5924,1704,9.279878460499662,2376.9853139770426,2401.658507765024,2364.5395003376098,0.30519918973666443,0.6595205941931127,5104.634199864956,-0.8671843349088467,-3.794073860662185,35.619513841998646,36.1416129623565,69.80348030806887,36.46298977363275,-1.4880456667792243,34.8160763843687,39.68213601958129,827762.0,173290.0,821382.0,CHN -> USA,0.006329763136074949
2020-06-01,CHN,USA,4042,1478,11.73156853043048,3389.5789213260764,3437.754329539832,3421.468332508659,0.322365165759525,0.4802078179119248,6910.862196932212,0.5685551707075692,-3.7633121168687054,35.33646709549728,35.83826839965359,85.55561945310562,37.25210387354616,-12.04992111135857,35.062321378619174,55.92248257807478,493650.0,117637.0,493356.0,CHN -> USA,0.0031895610920893045
2020-06-08,CHN,USA,2027,888,9.62950172668969,2903.955599407992,2892.6571287617166,2939.269363591515,0.3734583127775037,0.5007400098667982,5605.843117908239,-0.06521953626048355,-3.068511786588026,34.4153922052294,35.84835115244202,70.33802635076471,36.50256269018252,-8.4769800310804,36.03677794030587,28.105555063147495,120037.0,33659.0,119702.0,CHN -> USA,0.001877653331653604
2020-06-15,CHN,USA,4422,1416,8.836499321573948,2213.1569425599278,2181.0499773857982,2209.8937132519222,0.25599276345545,0.5511080958842153,4669.040931705111,0.025757575757575805,-3.505556135329699,32.42424242424242,35.47001147919505,78.63652169583888,35.722930313659056,-27.04597058729093,35.651369860244316,25.387831870872912,456890.0,115340.0,446242.0,CHN -> USA,0.004159466926029779
2020-06-22,CHN,USA,3624,1303,10.410596026490067,3037.359271523179,3040.1078918322296,3083.4649558498895,0.2599337748344371,0.5540838852097131,5824.345198675496,1.1214128035320121,-3.3371293813211866,34.572295805739515,36.03656629229921,73.00648043251442,37.20813137123932,-9.016844090532729,36.67924917968538,26.450330493513636,383373.0,89032.0,383227.0,CHN -> USA,0.0038763089495245534
2020-06-29,CHN,USA,3923,1196,11.694366556206985,3142.084629110375,3191.687484068315,3157.777466224828,0.33290848840173337,0.49706856997196025,5399.892684170278,-1.1043334183023208,-3.539366992932033,36.55365791486108,36.22102020010188,94.32027677364277,35.886667556971695,2.7008002248279444,35.072821947744075,57.79273466148359,584827.0,110499.0,584667.0,CHN -> USA,0.004184609214247085
2020-07-06,CHN,USA,4188,1484,8.234001910219675,2306.368433619866,2316.4639446036294,2322.6757402101243,0.311127029608405,0.684574976122254,4665.967287488061,0.4913323782234959,-2.8854975869912223,35.46561604584527,35.29382899976129,78.92668764780319,37.01299835100287,-5.135517607211072,36.1857818106495,29.893578564231134,216426.0,50692.0,204887.0,CHN -> USA,0.004426892845515393
2020-07-13,CHN,USA,4883,1478,7.995904157280361,2101.4738890026624,2138.955764898628,2146.8687282408355,0.30247798484538196,0.6590210935900062,4601.95412656154,-0.6984640589801352,-3.334974093377009,32.14007782101167,34.65924052048344,82.86926210057335,36.85577510917663,0.28441213867266374,36.14614876403118,27.750380763006927,311834.0,98879.0,310940.0,CHN -> USA,0.005339640736111521
2020-07-20,CHN,USA,9830,2450,8.685859613428281,2168.4298067141403,2244.7290946083417,2222.86500508647,0.21434384537131232,0.6191251271617497,4948.242217700916,-0.6216785350966414,-3.910788882210606,29.29501525940997,35.57955156221375,77.87106258103627,35.36340761644102,-10.029104007834041,34.962316528436205,34.39999984332099,1080981.0,423532.0,1077649.0,CHN -> USA,0.010113709786943334
2020-07-27,CHN,USA,6181,1764,10.048859407862805,2973.559294612522,2943.5039637599093,2938.571104999191,0.23798738068273742,0.507684840640673,5255.137518200939,0.8829315644717703,-2.651228959483751,34.706358194466915,35.496542922342684,75.22933859990287,35.94955691603299,-13.78492030771712,35.78920837550555,37.12638161721397,1838163.0,458975.0,1836924.0,CHN -> USA,0.006884721843202994
2020-08-03,CHN,USA,5885,1822,7.634664401019541,2050.3276125743414,2091.177740016992,2087.5923534409517,0.24468988954970264,0.6871707731520815,4494.163466440102,-1.2512999150382313,-2.54626037735543,31.1571792693288,36.70259915587286,85.03853352966183,37.220586827639025,1.4380885415604312,36.63377865918754,37.45314836664963,710361.0,222063.0,709894.0,CHN -> USA,0.006698209523636086
2020-08-10,CHN,USA,5641,1452,10.185605389115405,2577.228505584116,2630.5869526679667,2611.6154937067895,0.32423329196950895,0.5066477574898067,5302.019500088637,-0.3722744194291802,-3.136830998943235,32.692784967204396,35.34366249512325,78.87604939670169,35.71586983755988,5.3017352901223385,34.62497493722291,47.61973332860434,588415.0,166518.0,581495.0,CHN -> USA,0.006006380115165764
2020-08-17,CHN,USA,4252,1222,7.57549388523048,2033.0378645343367,2044.3149106302917,2023.3370178739417,0.2808090310442145,0.714722483537159,4077.5658513640637,0.9890169332079014,-3.3334273068958296,31.641580432737534,36.62321466815623,71.31296785983062,36.728191653339714,-9.859728158043309,36.787103302445956,38.16262418697079,382176.0,102168.0,381341.0,CHN -> USA,0.0045133452571131365
2020-08-24,CHN,USA,4198,1343,13.583849452120058,4008.9063839923774,4028.210100047642,4019.498570747975,0.29132920438303955,0.4773701762744164,7791.294664125774,0.9314197236779419,-2.70962864314138,29.649833253930442,34.855029004765385,70.13691808720506,36.09068091160355,-22.512203389087446,34.561553121991956,32.470390617822275,282897.0,81357.0,281942.0,CHN -> USA,0.004317659618671872
2020-08-31,CHN,USA,2669,1146,12.611839640314725,3890.917946796553,3906.8902210565757,3901.509928812289,0.3192206819033346,0.47808167853128514,7450.1820906706635,0.49831397527163757,-2.955153495241334,34.88197826901461,36.019446674043515,75.79731370892719,36.40505323480868,-9.156024442235555,36.478758081020224,29.975471818079537,182437.0,49859.0,182432.0,CHN -> USA,0.0028142935321861756
2020-09-07,CHN,USA,3320,1039,9.685542168674699,2635.4810240963857,2684.4051204819275,2678.4003012048192,0.3481927710843373,0.5629518072289157,4750.633734939759,0.1108433734939761,-2.71776667725654,36.44578313253012,36.618627308132574,81.02649372228906,37.517423597289174,-15.026240463253007,37.10554413192774,35.890419366867484,366560.0,97376.0,366173.0,CHN -> USA,0.0036919573156356618
2020-09-14,CHN,USA,5248,1671,11.35232469512195,3028.6055640243903,3068.0036204268295,2981.8203125,0.23990091463414634,0.4655106707317073,5088.7755335365855,0.025724085365852252,-2.521823108453333,28.95579268292683,36.197887180293534,79.44447102477594,36.88152784448266,-4.411037614065192,35.45353927577668,44.07734497388973,470964.0,166921.0,469530.0,CHN -> USA,0.005702934490148094
2020-09-21,CHN,USA,4856,1426,10.37335255354201,2948.743410214168,2976.8076606260297,2968.6182042833607,0.2915980230642504,0.464168039538715,5292.739703459638,-0.059616968698516376,-2.2878418932260534,31.46828665568369,36.24144080016488,69.78804015615977,37.81903897692627,-14.797624716522497,37.15509445694282,29.327872875772588,370417.0,132257.0,369801.0,CHN -> USA,0.005343274582254079
2020-09-28,CHN,USA,3867,1016,9.854667701060253,2737.4957331264545,2730.701318851823,2752.96172743729,0.2655805534005689,0.5099560382725628,5290.119731057667,1.476441686061549,-2.8850404774008203,29.555210757693303,36.67166050762869,53.30866131962754,37.7228933260926,-48.024426576157076,37.4802667486424,15.626065922679087,307809.0,107054.0,307772.0,CHN -> USA,0.00491610083409717
2020-10-05,CHN,USA,1966,958,9.769074262461851,2801.017293997965,2813.2466937945064,2815.766022380468,0.25635808748728384,0.4969481180061038,5251.555442522889,0.4952695829094611,-2.4346785128382433,29.87792472024415,35.49101794099692,75.24781098779252,36.94500870142418,-19.02096001068157,35.97032686622581,37.82067474720244,54953.0,14801.0,54829.0,CHN -> USA,0.002779749398380789
2020-10-12,CHN,USA,1272,671,7.8742138364779874,2137.5668238993712,2172.51572327044,2168.7704402515724,0.34040880503144655,0.6273584905660378,5404.071540880504,-0.6452044025157231,-2.295071033360976,35.84119496855346,36.16333695361634,62.99745498584908,37.373978667452825,-7.48509184591195,36.744280993710696,24.870705283805037,61727.0,8668.0,61420.0,CHN -> USA,0.0025575961812997895
2020-10-19,CHN,USA,2009,813,12.37033349925336,3432.803882528621,3470.0632155301146,3478.5256346441015,0.18964659034345446,0.41363862618218017,5969.221503235441,0.17157789945246393,-3.4303319014031532,27.78994524639124,36.48901155649576,65.00837553857644,38.068959933797935,-9.936799807366754,37.38021756047785,35.19436727277253,99482.0,42726.0,99473.0,CHN -> USA,0.004308791736728321
2020-10-26,CHN,USA,2298,764,9.805483028720626,2668.006962576153,2809.237597911227,2757.744125326371,0.2732811140121845,0.45517841601392517,5687.0069625761535,-1.1216275021758026,-2.844929776629882,27.001740644038293,33.972384674934794,85.62637696431668,37.80175702306355,-14.50899125195823,36.54706415622281,31.80732664360306,110856.0,50872.0,109436.0,CHN -> USA,0.006148774659984534
2020-11-02,CHN,USA,714,350,12.673669467787114,3754.8991596638657,3789.271708683473,3798.5392156862745,0.33473389355742295,0.4789915966386555,5561.4327731092435,1.1331932773109246,-2.231831292487469,37.42296918767507,36.6868677521008,77.95781731512608,37.229634736694656,2.880320117647057,37.11876232773106,48.556797775910375,23252.0,3866.0,23084.0,CHN -> USA,0.0020633333525988174
2020-11-09,CHN,USA,1187,475,9.53664700926706,2642.8660488626792,2708.44650379107,2724.0025273799492,0.2535804549283909,0.5341196293176074,5752.317607413648,0.43487784330244356,-1.9990336723419722,29.7893850042123,36.89860680033702,80.01976678011783,37.73734165290651,-3.3183779536647005,36.49797497219883,27.517886858466728,54879.0,14894.0,54819.0,CHN -> USA,0.004620582808473534
2020-11-16,CHN,USA,2157,748,9.939731108020398,2505.1863699582755,2525.8150208623088,2523.9503940658324,0.29299953639313864,0.44506258692628653,4172.454798331015,1.8655540101993504,-1.883832902981337,34.84469170143718,37.29702956838203,63.82767321743155,37.97045633147889,-15.910625118219743,38.561039962447865,26.80092360361611,127149.0,24531.0,127123.0,CHN -> USA,0.0032532268330130883
2020-11-23,CHN,USA,2129,804,7.292625645843119,2247.0526068576796,2308.4744011272896,2286.613433536872,0.34711131986848287,0.7069046500704557,4205.072804133396,1.0317519962423671,-1.5213056707316455,35.833724753405356,36.4129303799906,78.57128907280415,37.955098378111764,14.53482492860501,38.316042922029105,54.552562163457075,152947.0,36271.0,152823.0,CHN -> USA,0.002952237266136771
2020-11-30,CHN,USA,3351,1006,9.259325574455387,2480.301700984781,2507.0271560728143,2497.107430617726,0.26678603401969564,0.4998507908087138,4619.193076693525,0.5916741271262306,-2.9154075232931445,30.999701581617426,37.08041743807824,70.87832511727835,37.59569900537158,-14.20566710176065,36.65301316293648,23.711187642196375,167227.0,59672.0,167078.0,CHN -> USA,0.004368679527176159
2020-12-07,CHN,USA,3451,1336,9.269197334106057,2506.7707910750505,2504.9965227470298,2488.895972181976,0.3535207186322805,0.4726166328600406,4452.192407997682,0.38096203998840933,-2.6854209490916787,37.73109243697479,35.57194411304352,79.03616110753619,36.80800050376814,-6.887279575652225,37.30413401072465,42.78820177246371,421859.0,63384.0,420034.0,CHN -> USA,0.004219992320616699
2020-12-14,CHN,USA,2385,950,8.526624737945493,2453.3513626834383,2441.220964360587,2382.968972746331,0.27379454926624736,0.549685534591195,4819.793710691824,0.6101048218029342,-2.4817616254979167,30.82180293501048,37.00224858932328,64.56270379571247,37.9959876939891,-8.218159206809574,37.84386992055487,25.894279862547297,66027.0,19660.0,65984.0,CHN -> USA,0.002943416065744931
2020-12-21,CHN,USA,1777,730,9.359594822734946,2596.191896454699,2698.5132245357345,2676.913899831176,0.2965672481710748,0.46539110861001687,4554.275745638717,1.0270680922903774,-2.268839457717648,32.60551491277434,36.193476560495206,70.64835259819925,38.29192643669103,-14.235195884074278,37.56190607709621,27.529591355655597,64204.0,15109.0,64193.0,CHN -> USA,0.002534812663507542
2020-12-28,CHN,USA,3013,743,12.568868237636906,3242.870892797876,3275.3946232990374,3336.0215731828744,0.2074344507135745,0.3521407235313641,5154.54364420843,-1.1347494191835372,-2.9753612190746,25.894457351476934,37.0280576631229,64.91616342126244,40.10105031395349,-28.63865934883715,40.306652076411886,-6.171388694019875,414251.0,190993.0,396876.0,CHN -> USA,0.004915700548509301
2021-01-04,CHN,USA,2042,862,8.458863858961802,2246.1988246816845,2318.8183153770815,2314.0915768854065,0.21890303623898139,0.4970617042115573,4655.4059745347695,-0.10793339862879521,-3.9762270142860983,29.059745347698335,36.789958227717904,74.08241047747309,38.10583780313415,-9.303672860430947,37.76959379138096,24.361469747306554,91413.0,34013.0,91391.0,CHN -> USA,0.0019159514688179367
2021-01-11,CHN,USA,2000,920,8.785,2393.3795,2433.186,2407.798,0.31,0.603,4873.2625,-0.16024999999999984,-3.1668026333859287,34.29,34.88612198995482,77.67641083827222,36.28353570366649,-8.053432053741835,35.01593635359118,35.865970651933644,54289.0,14955.0,54101.0,CHN -> USA,0.0021685576489365393
2021-01-18,CHN,USA,3112,1047,11.949550128534705,3326.8255141388177,3454.8303341902315,3400.611503856041,0.23875321336760927,0.4142030848329049,6096.001606683804,1.3898457583547554,-2.194033288178031,31.62917737789203,36.06261234598074,72.60825424051444,37.77371304244377,-19.743262771382675,37.21368022379426,23.69542264180057,423134.0,116570.0,420463.0,CHN -> USA,0.00351810546855128
2021-01-25,CHN,USA,2135,901,8.846370023419203,2532.3339578454334,2563.2126463700233,2538.0037470725997,0.2838407494145199,0.5704918032786885,5026.881967213115,0.9018266978922729,-2.2553952689972427,32.3559718969555,32.74181329367682,83.85904145761123,35.55165966323183,-6.758129885714291,34.37023128711944,32.59917125105387,68921.0,18315.0,68850.0,CHN -> USA,0.0026407938956224666
2021-02-01,CHN,USA,2168,836,9.470940959409594,2476.4852398523985,2493.0488929889298,2419.1420664206644,0.3205719557195572,0.5009225092250923,5889.083487084871,0.39506457564575664,-1.8411866785770927,32.3570110701107,35.82179143726941,63.4491003104243,38.29870857472327,-23.764843522140286,37.309995949262024,32.1264711632841,169577.0,44694.0,169548.0,CHN -> USA,0.0026181835747625458
2021-02-08,CHN,USA,3181,1025,10.790003143665514,2871.664256523106,2852.62024520591,2933.6237032379754,0.24457717698836845,0.4828670229487583,5729.381012260295,1.352876453945299,-1.6331337404231092,30.018861993083934,36.16301352121973,79.40971206287324,37.54447392612388,-4.222598898773972,36.80501229864822,28.309386850361502,186122.0,77411.0,186044.0,CHN -> USA,0.004022615673911422
2021-02-15,CHN,USA,1709,686,8.998829724985372,2685.5868929198364,2708.3265067290813,2730.4880046811,0.20655354008191926,0.40842598010532477,5227.077238150965,1.7722644821533031,-2.354717468758388,28.29139847864248,35.37880531421886,71.85069701813931,37.640608231129306,-15.10165561556465,35.587040394967815,30.734259526623795,80919.0,28628.0,80899.0,CHN -> USA,0.0022534995833201473
2021-02-22,CHN,USA,2026,741,8.69792694965449,2427.5261599210266,2469.067620927937,2461.657946692991,0.3899308983218164,0.6001974333662389,4921.429911154985,0.15681145113524206,-3.0308570079729074,36.27838104639684,34.50588728331685,81.52571418262575,37.0787014935834,4.400977152023706,36.64148214955577,38.56287841905233,166406.0,43777.0,165594.0,CHN -> USA,0.002595469330289486
2021-03-01,CHN,USA,1569,791,7.340344168260038,2155.692160611855,2236.3097514340343,2191.034416826004,0.28616953473550033,0.6577437858508605,4635.8100701083495,0.5333333333333338,-2.7768148128529204,35.03505417463352,35.72746425111534,55.279984223072,37.056103739324406,-17.160659339706818,35.98517798087953,31.649607347355005,41339.0,14443.0,41299.0,CHN -> USA,0.0020652535891843367
2021-03-08,CHN,USA,3499,1145,12.544727064875678,3196.295798799657,2906.1280365818807,3211.3561017433553,0.3040868819662761,0.49442697913689626,5182.939125464419,0.7602743641040284,-1.409878434675581,32.20634466990569,35.99679316033153,81.28896492826519,39.60467665161476,-24.604069848814017,37.021578324949985,37.479737961989116,324521.0,93763.0,323946.0,CHN -> USA,0.004574304670392522
2021-03-15,CHN,USA,9691,2233,11.922092663295842,3032.399339593437,3037.195748632752,3015.1106180992674,0.29945310081518933,0.3850995769270457,5126.213084305025,1.2673408316995192,-2.877381184285533,30.22391910019606,37.82677752450714,75.28770785254406,42.643985493550666,-32.64806928036323,39.84997582932609,24.41404118274685,1147786.0,345625.0,1124043.0,CHN -> USA,0.010826432985820958
2021-03-22,CHN,USA,5053,1532,12.840292895309718,3437.883237680586,3459.6885018800713,3442.6190381951315,0.2305561052839897,0.37997229368691865,6264.245002968533,0.9218681971106453,-2.2491601269356205,25.782703344547794,35.59894239390325,71.84336531947775,38.79342977256532,-27.471596570664985,37.69309829097379,31.931174919240046,352779.0,184651.0,351549.0,CHN -> USA,0.005923513641196613
2021-03-29,CHN,USA,3047,1118,9.064981949458483,2730.806695109944,2787.831309484739,2788.1811617984904,0.2930751558910404,0.5388907121759108,5461.216606498195,1.5453232687889735,-2.441286254680898,29.94748933377092,35.63838460255992,69.91674839579906,38.469930787331805,-11.661218752543512,37.70151982310471,19.99477111913357,162119.0,62661.0,161821.0,CHN -> USA,0.004398729608777249
2021-04-05,CHN,USA,1960,818,9.686224489795919,2732.6214285714286,2795.9724489795917,2763.042857142857,0.4005102040816326,0.4459183673469388,5047.542346938775,0.21311224489795982,-2.750069352771075,38.505102040816325,36.02488895408162,88.45353992857143,37.66892616071427,-3.482704184183673,36.84178514030611,52.80642576275509,231804.0,44620.0,231687.0,CHN -> USA,0.0026248933637070993
2021-04-12,CHN,USA,2701,1050,10.43354313217327,2559.1580895964457,2736.1584598296927,2743.1484635320253,0.33802295446131064,0.44613106256941876,4938.99037393558,-0.15938541281007026,-2.502331155444146,33.83561643835616,35.300353679021526,84.0669774451445,35.816426297998504,15.876444176426983,35.23944731356561,41.88966547961453,159494.0,35947.0,159468.0,CHN -> USA,0.0031584843484880553
2021-04-19,CHN,USA,1981,873,10.195355880868249,2708.883897021706,2747.406360424028,2743.1277132761234,0.42806663301362946,0.36446239273094394,5262.259969712267,1.8389197375063093,-1.810622534561452,43.902069661786975,34.98280922009085,82.09983638616859,35.928679429076205,12.099050590106026,35.51508833013629,51.19570781726403,190778.0,24502.0,190760.0,CHN -> USA,0.0023859047348345703
2021-04-26,CHN,USA,3279,781,32.22140896614822,8345.971942665446,4787.620616041476,8305.729795669411,0.28301311375419336,0.20341567551082648,10026.068008539189,4.815004574565415,-2.200436299602711,30.146386093321134,39.224497641658985,81.2359757218665,36.63849290698384,-24.807646131137457,43.872585938090886,40.63791394053067,1083159.0,378348.0,1083005.0,CHN -> USA,0.004182408628593441
2021-05-03,CHN,USA,1405,752,8.4355871886121,2595.0661921708183,2520.2476868327403,2578.3715302491105,0.36797153024911033,0.5857651245551602,5110.82206405694,1.7204270462633457,-2.08312526985576,36.120996441281136,34.66431538149468,79.26373119501777,37.448246127402165,-20.158434781494627,36.11144921494664,27.421213239857664,57873.0,12726.0,57826.0,CHN -> USA,0.0019490770669233991
2021-05-10,CHN,USA,2291,727,9.424268878219118,2605.281972937582,2668.6333478830206,2665.762549105194,0.17852466171977302,0.36097773897861196,5836.773461370581,1.2797468354430435,-2.927443050709007,31.099956350938456,31.89205072139733,89.08348857336236,34.23180783755455,29.74889889650644,33.671444758515236,68.46236368558945,290843.0,65463.0,290719.0,CHN -> USA,0.002570382595446911
2021-05-17,CHN,USA,1510,733,10.017880794701986,2710.405960264901,2637.5741721854306,2860.8622516556293,0.3509933774834437,0.4960264900662252,5546.160264900663,-0.38238410596026506,-2.6582588474396327,34.78145695364238,35.02969668079468,79.51625372582785,36.47092084238408,-1.2690872887417224,35.11907776026489,55.166221982781465,50178.0,14465.0,50084.0,CHN -> USA,0.0015880477844630032
2021-05-24,CHN,USA,2431,948,7.366515837104072,1924.4668860551214,1921.8222953517072,1955.2023858494447,0.2723159193747429,0.6750308515014397,3998.5084327437266,-0.4990538872891821,-2.744517540449598,33.59522830111065,33.76619423652817,80.98862229946515,36.82264142040307,-10.461536600575998,36.22085936857259,52.987449414232756,172424.0,52621.0,172263.0,CHN -> USA,0.003214894044709641
2021-05-31,CHN,USA,1937,1010,10.038719669592153,2879.810015487868,2919.528136293237,2891.7981414558594,0.2808466701084151,0.46411977284460504,6185.091378420238,1.1963861641714002,-2.606299047004207,32.52968508002065,33.967210575116134,75.2544562586474,35.88961694682497,-16.98315914816725,33.65145410738254,31.692127771295816,52873.0,11797.0,52764.0,CHN -> USA,0.0028806957690803337
2021-06-07,CHN,USA,2974,933,7.876933422999327,1962.200739744452,2027.934431741762,1937.3362474781438,0.2995965030262273,0.551109616677875,4427.998991257566,1.1087424344317416,-2.9068326339404615,32.92199058507061,36.27682958708811,91.21785343510413,37.67756642871555,-1.4804567784129372,36.80355518661736,62.605485306657606,401845.0,70677.0,401574.0,CHN -> USA,0.0037688362609190436
2021-06-14,CHN,USA,1180,771,9.03135593220339,2597.9491525423728,2618.7669491525426,2615.8457627118646,0.35423728813559324,0.5796610169491525,5385.36186440678,0.7960169491525425,-1.8778347996211782,39.33050847457627,35.90737829661015,85.03135000932204,38.31175808813558,-5.2764505406779625,36.21296367372881,39.463742965254234,18158.0,3774.0,18091.0,CHN -> USA,0.0016977366867949176
2021-06-21,CHN,USA,1861,786,9.446534121440086,2797.8355722729716,2806.2471789360557,2779.4540569586243,0.3782912412681354,0.5561526061257388,6110.366469639978,-0.29554003224073105,-2.9720592005278554,37.01235894680279,34.922557735626064,81.8151056179474,37.802333788285836,-5.055218168726546,36.43621258516927,37.87947169425043,127697.0,31913.0,126903.0,CHN -> USA,0.0026173113841090802
2021-06-28,CHN,USA,1268,716,9.694006309148264,2773.2468454258674,2812.001577287066,2796.294164037855,0.3462145110410095,0.5796529968454258,5729.57334384858,0.9824921135646693,-2.0577077020353474,35.89905362776025,36.27970174763404,71.98208080993692,38.535327528391164,-18.367485011041005,37.03843743296529,38.98063952444794,21933.0,5389.0,21892.0,CHN -> USA,0.001868630005364206
2021-07-05,CHN,USA,1938,679,12.318369453044376,3946.295665634675,3950.871001031992,4012.8550051599586,0.37770897832817335,0.47523219814241485,6928.782765737874,1.062538699690403,-2.3233288394152427,38.30753353973168,36.59302762332305,84.5911482507739,37.78079797471617,2.037657947884402,36.87908200051593,35.676308549019666,221350.0,56276.0,221260.0,CHN -> USA,0.003833334981654189
2021-07-12,CHN,USA,1285,688,9.010894941634241,2444.2879377431905,2485.956420233463,2465.738521400778,0.3727626459143969,0.5439688715953307,5410.849027237354,-0.8966536964980547,-3.3971876520349276,41.16731517509728,35.18157377336445,69.02533274299066,37.26031801479752,-5.814884746884729,36.090814890965724,46.01666072040501,100273.0,14228.0,100243.0,CHN -> USA,0.0018265995539401244
2021-07-19,CHN,USA,2954,971,10.263710223425862,2721.6699390656736,2737.2285037237643,2474.9911983750844,0.2809749492213947,0.41706161137440756,4866.77894380501,-0.05152335815843,-4.205730436460898,34.37034529451591,35.94100118314159,91.70224451760316,38.94982488219363,-20.69178531652004,34.593542061272885,47.63424498273528,249150.0,68230.0,248523.0,CHN -> USA,0.004821857345497341
2021-07-26,CHN,USA,3675,1114,9.28108843537415,2000.3390476190475,1961.218231292517,2028.2247619047619,0.3072108843537415,0.6272108843537415,4417.290884353742,0.4133061224489803,-3.4391230990034556,35.93469387755102,37.31128094068025,82.7170828595921,40.25954921931972,-15.427824721088546,37.942426333061235,23.833157970340093,344340.0,65315.0,343958.0,CHN -> USA,0.00617270471964163
2021-08-02,CHN,USA,1328,673,9.278614457831326,2902.8885542168673,2884.4962349397592,2936.7251506024095,0.31099397590361444,0.5384036144578314,6433.993222891566,-0.7271837349397593,-2.785476129992429,36.1972891566265,35.55331592614918,79.94538118538061,37.59773397437831,-1.3521122351167978,35.2615101876413,31.218464258477773,34371.0,9518.0,34063.0,CHN -> USA,0.002436987897639168
2021-08-09,CHN,USA,998,552,10.307615230460922,2843.056112224449,2855.246492985972,2886.9168336673347,0.3156312625250501,0.41382765531062127,4960.142284569139,1.5837349397590348,-2.0809107636168522,35.35070140280561,36.15506475450899,74.2693258887776,36.98407114328656,-11.200154026052108,36.371319864729436,35.36582030561121,35760.0,7483.0,35580.0,CHN -> USA,0.0019268566750717262
2021-08-16,CHN,USA,1074,573,12.624767225325884,3858.616387337058,3880.91061452514,3863.6256983240223,0.3091247672253259,0.40409683426443205,5664.885474860335,1.229329608938547,-2.522254026768754,33.333333333333336,35.28480308845437,88.45312175884543,37.604744615456234,-2.9052476042830535,37.827161297951584,32.824106457169464,28461.0,8218.0,28452.0,CHN -> USA,0.0017820727463997651
2021-08-23,CHN,USA,1805,792,11.474792243767313,3366.167867036011,3396.956786703601,3413.0958448753463,0.3750692520775623,0.4548476454293629,6067.093628808864,-0.36022160664819897,-2.9571994860779274,36.96952908587257,36.218880842105264,77.83842193961216,37.04769383933516,-14.799443249861504,35.79295334404431,31.832383587257613,90250.0,17236.0,90201.0,CHN -> USA,0.002185087173477763
2021-08-30,CHN,USA,1644,669,9.253041362530414,2372.4969586374696,2375.6940389294405,2339.530413625304,0.31204379562043794,0.5565693430656934,4538.685523114355,0.229440389294404,-1.9249779710174988,31.83698296836983,37.51398862469588,68.208751473236,38.184855018248165,-0.2357070705596045,37.66196593126525,65.48961684184914,163001.0,50357.0,162966.0,CHN -> USA,0.0023253116681423813
2021-09-06,CHN,USA,1142,609,9.466725043782837,2727.410683012259,2737.8388791593698,2750.2267950963223,0.3861646234676007,0.5175131348511384,5309.591943957968,1.8705779334500874,-2.5019364738062433,37.486865148861646,36.10789329859893,83.52103056129599,36.92324878721539,3.3418697854641066,37.1666560805604,31.61232302539404,54212.0,10778.0,54169.0,CHN -> USA,0.0016832585054669053
2021-09-13,CHN,USA,3023,1095,7.98213695004962,2144.2775388686737,2212.3863711544823,2204.607343698313,0.30499503804168043,0.627522328812438,4896.721799536884,0.6696328150843531,-1.6053694341770357,34.555077737347005,36.85346306582869,81.3858511329804,37.362877506781345,-12.859982340390353,36.906876238835615,25.374667666887152,270483.0,72020.0,269527.0,CHN -> USA,0.003949852680817148
2021-09-20,CHN,USA,2152,923,9.394981412639405,2457.7806691449814,2428.85687732342,2501.2969330855017,0.383364312267658,0.5306691449814126,5130.391728624535,0.5211895910780671,-2.648422699292202,38.01115241635688,34.637189540716676,69.48052343275926,37.5730091253496,-12.984862647716724,35.84879739543551,41.8806937107591,193001.0,47149.0,192924.0,CHN -> USA,0.002596236904204649
2021-09-27,CHN,USA,1920,1027,11.388541666666667,3042.1119791666665,3073.9645833333334,3058.3625,0.31666666666666665,0.515625,6095.603125,0.9279166666666677,-2.148178856323949,34.640625,36.281691366145814,73.89680586458336,36.69842986458331,-4.602586580729159,37.14152223020833,32.2959218671875,52506.0,11292.0,52446.0,CHN -> USA,0.0027375970456765216
2021-10-04,CHN,USA,2709,1027,8.91546696197859,2251.4348468069397,2270.6519010705056,2258.53119232189,0.3739387227759321,0.6153562200073828,4555.532299741602,1.1676264304171287,-2.104073381995422,37.98449612403101,35.936091109634546,85.0379568962717,36.889188310815776,6.613902743078624,35.843661409745295,50.06637256884461,211855.0,51485.0,209881.0,CHN -> USA,0.004146843255754147
2021-10-11,CHN,USA,1271,651,10.40204563335956,3135.1715184893783,3159.5767112509834,3151.3375295043274,0.3941778127458694,0.5444531864673485,6130.25885129819,0.7261998426435883,-2.0220531867975664,44.177812745869396,34.811603062253724,83.35351993538221,36.508450571316,-8.859656766745461,35.207817286052,48.342281663514584,62257.0,10807.0,52026.0,CHN -> USA,0.001967065960937258
2021-10-18,CHN,USA,2044,826,9.87866927592955,2552.2940313111544,2940.228473581213,2888.1071428571427,0.2446183953033268,0.5552837573385518,5279.3835616438355,0.665753424657532,-2.5908845857615788,36.72700587084149,37.63678323370893,52.489376823615906,38.00202484125428,-26.65340753111213,38.059324386085216,8.204751985791324,272575.0,79018.0,272547.0,CHN -> USA,0.003000754592886861
2021-10-25,CHN,USA,2123,901,8.416862929816297,2232.291097503533,2237.278379651437,2245.7527084314647,0.4036740461610928,0.647197362223269,4972.081488459727,0.15223739990579435,-2.181110705695637,42.185586434291096,37.07699608243056,75.74043600047102,36.938807542628304,-23.708789104098067,35.58503890202543,37.72141385115401,269756.0,50648.0,256569.0,CHN -> USA,0.0031051721666583783
2021-11-01,CHN,USA,1786,748,10.369540873460247,2856.8555431131017,2862.2513997760357,2867.619260918253,0.32306830907054873,0.44400895856662936,5420.555991041433,1.4391377379619257,-1.2442408444968633,33.24188129899216,36.01267989809632,85.19350776707726,38.014034454087394,1.22253168701008,36.67124967861143,46.06060258286675,75655.0,28947.0,75574.0,CHN -> USA,0.0026015265396492453
2021-11-08,CHN,USA,3455,1112,9.158321273516643,2147.5507959479014,2160.2888567293776,2158.7507959479017,0.34413892908827787,0.5510853835021707,4532.9994211287985,1.1259913169319826,-1.9317525421919803,38.01447178002894,34.84119442964681,61.94184011899247,35.124915243485816,-4.51270244296465,34.39542268645052,36.54965567921251,222186.0,49384.0,211239.0,CHN -> USA,0.005107977167120298
2021-11-15,CHN,USA,2596,1048,10.627118644067796,2679.4664869029275,2710.285439137134,2701.3724961479197,0.3081664098613251,0.46802773497688754,4951.56625577812,0.3939907550077039,-1.2502943643028017,35.643297380585516,36.309827022727305,87.48942659822801,37.3476403274268,-2.3573211278890343,36.06005018258861,55.85207958397531,131160.0,32367.0,131061.0,CHN -> USA,0.003958427363772766
2021-11-22,CHN,USA,1690,781,9.107692307692307,2322.7189349112427,2344.113017751479,2349.472781065089,0.336094674556213,0.5059171597633136,4458.287573964497,1.2489940828402375,-1.6556912781869342,35.650887573964496,37.322337733412304,68.62216463684837,38.27998906220377,3.707537238151665,37.81982212677725,48.37815258708533,55064.0,12960.0,55054.0,CHN -> USA,0.003027209056549698
2021-11-29,CHN,USA,2032,793,9.666338582677165,2688.3622047244094,2744.2372047244094,2709.553149606299,0.33218503937007876,0.390748031496063,4846.670275590551,1.1151082677165325,-1.501965144082486,31.2253937007874,36.71763846604334,75.37063917913379,38.64834145177162,-4.797631226377951,36.74111714665353,30.631030110236242,118772.0,40816.0,118710.0,CHN -> USA,0.0029550732878535144
2021-12-06,CHN,USA,1806,811,13.160575858250278,3864.717054263566,3891.9629014396455,3955.1450719822815,0.34219269102990035,0.3610188261351052,6559.513842746401,-0.8986710963455153,-2.6981586236005466,36.22923588039867,35.796776670360146,82.08905808033236,36.99477918448756,-2.984884911357339,35.26248358559559,35.47631292797781,135137.0,27798.0,134799.0,CHN -> USA,0.0026429319862087534
2021-12-13,CHN,USA,2030,933,9.038916256157636,2474.962561576355,2479.7571428571428,2502.0660098522167,0.2857142857142857,0.5945812807881773,4819.968472906404,0.8732019704433497,-1.7513217661227642,31.320197044334975,36.22401835665025,70.75285604975373,37.636625145320195,-13.696817130049293,37.12418354532019,33.624778505418725,108057.0,29995.0,107850.0,CHN -> USA,0.003282043985856492
2021-12-20,CHN,USA,1038,650,11.436416184971097,3137.5549132947976,3191.71676300578,3205.7803468208094,0.3092485549132948,0.4210019267822736,5363.37668593449,0.5421001926782275,-2.282435051776292,38.420038535645475,35.06232653371866,76.8527090183044,37.42517156743738,-17.28294252793834,35.750105473988434,33.827945275529856,19004.0,4355.0,18977.0,CHN -> USA,0.0021123450082112835
2021-12-27,CHN,USA,1324,657,9.766616314199396,3008.6570996978853,3064.082326283988,3055.880664652568,0.4131419939577039,0.5498489425981873,5219.494712990937,0.853549848942598,-3.0135212535280913,40.898791540785496,36.13805469184287,73.70179139048341,36.36789593806644,8.155804406344418,36.09433873262837,43.41746413066466,35342.0,6776.0,35191.0,CHN -> USA,0.0029677714367689844
2022-01-03,CHN,USA,1176,538,9.806972789115646,2606.6819727891157,2663.1666666666665,2663.8852040816328,0.3086734693877551,0.5008503401360545,5344.31462585034,0.7425170068027214,-2.9694564814291957,33.87755102040816,36.649291909013584,69.89427955952384,38.671486997448966,-20.102679707482988,37.86187148894556,40.129669517857145,54537.0,14352.0,53237.0,CHN -> USA,0.0021409650727764276
2022-01-10,CHN,USA,1263,640,8.25494853523357,2302.1346001583534,2351.279493269992,2345.127474267617,0.30403800475059384,0.5954077593032462,4653.719714964371,0.6416468725257328,-2.802245560888305,36.39746634996041,34.880629164658615,78.35041576706828,37.05105822891565,-10.123232373493972,36.356814811244966,25.60357555582329,37077.0,8234.0,36645.0,CHN -> USA,0.0020719489608265486
2022-01-17,CHN,USA,1161,563,10.267011197243756,3127.881998277347,3141.9491817398794,3131.02842377261,0.3049095607235142,0.5236864771748493,5409.180878552972,0.3465977605512491,-2.72552950080907,33.746770025839794,36.56234622107081,71.84917078238344,37.55336143091538,-14.249729586355787,35.912184336787554,51.92376733592404,36456.0,14794.0,36414.0,CHN -> USA,0.0016794178018286995
2022-01-24,CHN,USA,1324,681,15.336102719033233,4605.61253776435,4649.1835347432025,4618.018882175226,0.3648036253776435,0.5090634441087614,8654.569486404835,-0.3335347432024174,-1.951566395480989,36.46525679758308,35.25939962235648,78.0901129833837,35.81500416540786,-4.241606019637468,35.409883682024166,32.8152566918429,25299.0,5279.0,25155.0,CHN -> USA,0.001961405931030805
2022-01-31,CHN,USA,898,553,8.33184855233853,2276.589086859688,2370.1469933184853,2247.216035634744,0.3207126948775056,0.6291759465478842,4829.310690423163,1.2135857461024504,-1.786501822143879,36.625835189309576,38.38387488752782,69.45642723608019,38.99525845657015,-23.262109103563468,38.279676821826264,26.191568451002222,13588.0,3309.0,13542.0,CHN -> USA,0.0013709232969941973
2022-02-07,CHN,USA,1666,657,9.450180072028811,2419.2166866746697,2542.4591836734694,2532.5714285714284,0.29591836734693877,0.5342136854741897,4884.993397358943,0.8036014405762305,-2.283278954455006,31.368547418967587,37.45901965126048,78.77535695978398,36.792685018007184,-19.625963705282107,37.40157415366144,37.94185677490998,57688.0,19397.0,57644.0,CHN -> USA,0.002209232629808993
2022-02-14,CHN,USA,2112,618,12.978219696969697,3276.7220643939395,3299.7954545454545,3298.489109848485,0.33948863636363635,0.4464962121212121,6361.060132575758,0.7092329545454602,-3.097507691541616,33.90151515151515,36.28269099621214,69.47096437452652,39.618345821496185,-30.895228537405373,38.13130538162879,7.6653730724431846,247669.0,66907.0,246786.0,CHN -> USA,0.0028680532545342944
2022-02-21,CHN,USA,2462,731,20.26604386677498,4441.504061738424,4483.894394800975,4451.848497156783,0.3310316815597076,0.30463038180341184,7053.7359870024375,-1.5589358245329001,-3.2936549516740055,31.385052802599514,38.99825534484159,92.17402247481711,39.895117160844904,-16.307532900081252,41.00478556051995,51.95690102883828,326470.0,83969.0,326463.0,CHN -> USA,0.0022585746944227335
2022-02-28,CHN,USA,1451,739,10.37973811164714,2785.9042039972433,2821.1399035148174,2816.129565816678,0.3425223983459683,0.549276361130255,6394.706409372846,0.8394210889042044,-2.5734906753501963,34.21778084079945,37.6206502356995,83.82572092350108,38.71815755823568,-13.888096025499653,37.6141740985527,28.30908850172296,42142.0,10617.0,41987.0,CHN -> USA,0.0015005605126104996
2022-03-07,CHN,USA,1485,664,17.036363636363635,4024.6026936026938,4106.337373737374,4071.3589225589226,0.296969696969697,0.6491582491582492,7572.740740740741,0.15979797979798052,-2.277116076898806,31.764309764309765,38.286299638383795,72.00494666464651,39.849227326599284,-12.165594695622886,40.64138350505047,39.416365214814846,51129.0,19979.0,51096.0,CHN -> USA,0.001572748348614234
2022-03-14,CHN,USA,2805,1103,15.23885918003565,3380.105882352941,3401.2677361853835,3368.2310160427805,0.3055258467023173,0.40819964349376114,5815.924064171123,-0.2072014260249557,-3.637780917432387,31.219251336898395,39.29604857682713,87.56855221390364,40.26545882602493,-19.009052843137297,39.61377329447415,33.07551202602493,314041.0,80622.0,313957.0,CHN -> USA,0.003172520655314962
2022-03-21,CHN,USA,1432,640,14.431564245810057,3847.824720670391,3538.4001396648046,3215.9965083798884,0.3254189944134078,0.3812849162011173,5891.560055865922,1.058240223463687,-3.02726775453469,34.86731843575419,37.376331482879074,86.6618412767296,36.91067757861635,-11.551753363382248,36.1850131111111,31.120061574423485,102643.0,25566.0,102610.0,CHN -> USA,0.001763279700242451
2022-03-28,CHN,USA,1244,599,8.536977491961414,2367.7789389067525,2391.860932475884,2408.1575562700964,0.2942122186495177,0.5972668810289389,4929.337620578778,0.9529742765273314,-1.9570303250055638,31.776527331189712,36.919309291800644,84.07947347266882,38.21734414228296,-8.302047829581978,35.50416995578779,56.4663395241158,47312.0,14994.0,47298.0,CHN -> USA,0.0014639634338650988
2022-04-04,CHN,USA,1391,644,9.809489575844715,2652.2084831056795,2682.121495327103,2668.651329978433,0.2609633357296909,0.32710280373831774,4915.381020848311,0.5789360172537747,-2.980208595328982,29.324227174694464,37.50564013803019,69.0492304097772,37.56338436161033,-2.1327087225017785,36.612314557872025,32.59008610999282,39208.0,12018.0,39177.0,CHN -> USA,0.0018068196726422042
2022-04-11,CHN,USA,1352,592,16.631656804733726,3967.694526627219,4012.139053254438,3998.6079881656806,0.33210059171597633,0.3942307692307692,8685.493343195267,0.7935650887573967,-2.2484704688694603,35.17751479289941,37.47869011843077,77.30091435973358,38.4016880562546,-18.078609943005173,37.50979584678015,37.47445882087342,71681.0,16537.0,71637.0,CHN -> USA,0.0018805699017012758
2022-04-18,CHN,USA,1630,657,6.620245398773006,1833.3312883435583,1864.1779141104294,1857.7472392638037,0.3104294478527607,0.6411042944785276,4118.395705521472,0.6736196319018408,-1.9536175170072887,34.19631901840491,36.81569407526881,77.02542112147242,37.78604963190184,0.14366617668712287,37.29486302515338,36.720832630674856,53157.0,13433.0,52838.0,CHN -> USA,0.002283338493024611
2022-04-25,CHN,USA,1196,561,9.441471571906355,2710.073578595318,2749.678929765886,2765.740802675585,0.2717391304347826,0.45484949832775917,5597.782608695652,1.3380434782608694,-1.835560734473123,35.97826086956522,32.18931233695652,80.6938255518395,38.00452992474916,-24.673725897157176,35.757880020903,19.752943779264182,38621.0,11555.0,33713.0,CHN -> USA,0.0014928279353540598
2022-05-02,CHN,USA,1469,478,11.848196051735874,3263.2539142273654,3307.4751531654188,3207.155888359428,0.22123893805309736,0.5459496255956433,6769.458815520762,1.3529611980939409,-1.4886207542208894,27.168141592920353,36.08029557298774,65.95960188744885,36.93117497953617,-20.091577216234622,35.99517522510233,17.951538290586633,92420.0,38922.0,92387.0,CHN -> USA,0.0021640748837675233
2022-05-09,CHN,USA,928,477,8.772629310344827,2429.856681034483,2478.9967672413795,2477.978448275862,0.30711206896551724,0.4579741379310345,5085.060344827586,0.7404094827586206,-2.018571624238865,34.741379310344826,36.74523978378376,80.27183524324327,36.419244441081084,4.143247890810807,35.91951232432431,48.7815900183784,19074.0,5188.0,19059.0,CHN -> USA,0.0012714383968915523
2022-05-16,CHN,USA,1918,701,9.340458811261731,2763.01929092805,2804.7502606882167,2795.492700729927,0.3295099061522419,0.4994786235662148,5766.006777893639,1.1056830031282572,-2.378196903727726,29.791449426485922,35.81535548721963,80.51083664788739,37.17002168283778,-8.364122552425675,36.84512216536256,42.726333922796066,82614.0,33769.0,82366.0,CHN -> USA,0.0026955541626495693
2022-05-23,CHN,USA,2075,929,10.109397590361446,2731.901204819277,2732.58843373494,2761.32,0.3233734939759036,0.5267469879518072,5044.879036144578,0.8749879518072295,-1.490506348228595,35.28674698795181,35.44353827228915,93.92544463277105,37.38513752096384,9.377721772048192,34.62813129397588,47.06449245686744,84496.0,20255.0,84385.0,CHN -> USA,0.00275774994185467
2022-05-30,CHN,USA,1504,614,9.095744680851064,2326.599069148936,2376.321808510638,2391.474069148936,0.3849734042553192,0.41688829787234044,4916.227393617021,0.7607047872340424,-1.2585781866463313,37.506648936170215,35.214321994680816,93.23268796542561,33.33015717220743,9.80931162167554,32.68709578257975,63.0690137007979,109428.0,18654.0,109377.0,CHN -> USA,0.00232634039123972
2022-06-06,CHN,USA,1643,632,11.13572732805843,2755.4808277541083,2745.9939135727327,2762.8259281801584,0.30310407790626903,0.4449178332318929,4999.896530736458,-1.0880706025562994,-2.6992562628760486,31.119902617163724,35.7087092404139,93.70102763481431,37.93140214059647,21.071943601338997,35.43072877845406,62.73016526902003,60925.0,26049.0,60811.0,CHN -> USA,0.0025641906022336393
2022-06-13,CHN,USA,1398,673,8.994277539341917,2378.763233190272,2428.0729613733906,2369.750357653791,0.31258941344778257,0.49427753934191704,5092.482832618026,0.28626609442060086,-2.449242768365526,35.45779685264664,37.44078694849782,80.78278547925613,37.3896878597997,11.80106354291846,37.52365751287551,45.202448020743944,33625.0,7436.0,33458.0,CHN -> USA,0.002325310623575789
2022-06-20,CHN,USA,971,418,11.177136972193615,2976.733264675592,3028.3882595262617,2985.7033985581875,0.18640576725025745,0.3532440782698249,4886.290422245108,-0.5045314109165812,-1.7625806165604065,25.870236869207,38.54339100103093,92.13519889999999,37.09285343298964,-16.166089450515617,40.41037127319588,64.86086793092782,56261.0,34961.0,56248.0,CHN -> USA,0.001593286863833865
2022-06-27,CHN,USA,843,417,8.405693950177936,2445.3582443653618,2423.9395017793595,2446.226571767497,0.27876631079478054,0.6287069988137604,5377.109134045078,0.5154211150652431,-1.573893319331951,32.8944246737841,36.627024418742536,79.35104379833928,37.03033745788847,1.278118718861214,36.879055508896776,27.7635893558719,16201.0,6996.0,16180.0,CHN -> USA,0.0013293447733727353
2022-07-04,CHN,USA,1702,608,10.45475910693302,2518.2273795534666,2553.9077555816684,2517.666274970623,0.3137485311398355,0.45417156286721505,4861.59811985899,-1.361280846063455,-3.0697822196842792,36.11633372502938,37.848438620446544,81.75556370740314,40.5570787250294,3.0172411039952958,39.24319009694479,44.45600513102229,238172.0,48729.0,238068.0,CHN -> USA,0.0029350545882214983
2022-07-11,CHN,USA,1461,526,11.895277207392198,3165.7275838466803,2999.175906913073,3165.6735112936344,0.2518822724161533,0.5222450376454483,5380.819986310746,1.1433264887063657,-2.154635586969783,31.581108829568787,35.21303873337904,81.99559778821113,35.65443500616861,-36.080426139136364,34.32363588211105,35.82683266004111,57449.0,22168.0,56975.0,CHN -> USA,0.002256161591203904
2022-07-18,CHN,USA,1233,584,7.953771289537713,2161.477696674777,2177.98702351987,2199.1508515815085,0.24655312246553124,0.6342254663422546,4139.231954582319,-0.12449310624493115,-2.1142337666499467,32.27088402270884,37.4615608134631,68.28799167396595,38.044037300892136,-28.139858545823216,36.9864705920519,23.899510785888065,64809.0,4937.0,64731.0,CHN -> USA,0.002067179130376468
2022-07-25,CHN,USA,2395,792,12.391649269311065,2859.1920668058456,2891.010438413361,2873.020459290188,0.3210855949895616,0.4488517745302714,5540.055949895615,-0.2705219206680599,-2.495378214401581,35.757828810020875,36.576717963256804,91.29038399498955,35.84591306263046,3.350374989979131,35.37253022839249,76.3532874492693,191253.0,55930.0,191062.0,CHN -> USA,0.0044698179972229276
2022-08-01,CHN,USA,4807,1459,15.103598918244227,3267.899105471188,3390.569586020387,3393.8934886623674,0.40877886415643855,0.3794466403162055,5769.587892656543,-0.4352818805908053,-2.8007749538774442,37.965467027251925,36.43451845912209,96.03338964052428,36.072103245059296,14.786290791553974,35.997723508009166,57.385653303515674,558055.0,114355.0,557740.0,CHN -> USA,0.007243908907883157
2022-08-08,CHN,USA,1625,755,15.112,4399.348923076923,4432.034461538462,4415.069538461538,0.3310769230769231,0.38461538461538464,8461.036307692308,0.38590769230769273,-2.7305053700942166,34.535384615384615,35.542186342769206,86.79517286153855,36.519628558153826,-4.619012287999997,35.80052916861537,39.18502799876923,45035.0,17440.0,45006.0,CHN -> USA,0.0028526788849097674
2022-08-15,CHN,USA,1831,673,9.902785363189514,2516.807755324959,2558.4871654833423,2546.99126160568,0.4156198798470781,0.4806116876024031,4650.142545057346,1.3021845985800087,-2.2999828699193294,39.79792463134899,36.122487539890706,89.70722271092892,36.095594931147545,14.815719160109243,36.12277430163934,47.32221004972672,225046.0,46853.0,224950.0,CHN -> USA,0.003477121452377109
2022-08-22,CHN,USA,1286,639,8.888024883359254,2476.089424572317,2505.2783825816487,2499.9463452566097,0.34136858475894244,0.48055987558320373,5009.963452566097,0.8388802488335928,-2.936247749539827,38.29704510108865,34.50338758475891,92.0425351998445,36.085733611197504,-10.46671017573872,35.90855331726281,40.01401045723176,31752.0,7840.0,29748.0,CHN -> USA,0.0024205965283450722
2022-08-29,CHN,USA,1041,514,8.35254562920269,2295.398655139289,2322.640730067243,2309.418828049952,0.31892411143131605,0.553314121037464,4304.5062439961575,0.39404418828049964,-2.1856609721045497,35.99423631123919,36.19321829010565,77.242092635927,36.90343436599424,-11.781131283381356,36.88190250912582,25.44656978290106,27935.0,9695.0,27925.0,CHN -> USA,0.00200135730860699
2022-09-05,CHN,USA,1171,421,6.757472245943638,1649.795900939368,1655.3450042698548,1688.0725875320238,0.43979504696840305,0.7292912040990607,4635.673783091375,-0.530401366353544,-3.6379686962853723,44.44064901793339,36.82320848761748,69.82368878650715,34.068224998292074,-13.681755597779674,36.231403843723335,17.66426165841161,189053.0,31465.0,185675.0,CHN -> USA,0.001775175736334103
2022-09-12,CHN,USA,1534,504,11.870273794002607,2841.3422425032595,2879.616688396349,2856.3800521512385,0.17666232073011734,0.2796610169491525,5830.4908735332465,-0.07144719687092595,-2.6940434211988658,31.121251629726206,37.947006719035265,86.50058015971308,38.94824539178621,-9.702522189700133,38.67270381355937,28.930346499999985,129804.0,46026.0,129780.0,CHN -> USA,0.0022952252133631784
2022-09-19,CHN,USA,2336,717,13.39083904109589,3683.209332191781,3722.0894691780823,3722.3501712328766,0.3261986301369863,0.3236301369863014,6312.722174657534,0.6558219178082187,-2.6342616068464366,32.842465753424655,35.158404132277454,93.49375111558207,34.63588749871575,0.03872973030817963,34.823334648116465,41.2121365723459,178054.0,60207.0,178012.0,CHN -> USA,0.003783069468556474
2022-09-26,CHN,USA,1367,550,8.528163862472567,2273.2750548646673,2286.230431602048,2274.039502560351,0.33504023408924655,0.5340160936356986,4461.875640087784,1.0242136064374543,-2.0636015769524954,39.1953182150695,37.01079503657641,62.52763401097296,36.700180905632756,-12.627576681053442,35.01836435991219,32.41491073738116,114216.0,17121.0,113848.0,CHN -> USA,0.002381163896190312
2022-10-03,CHN,USA,1219,572,9.417555373256768,2321.6103363412635,2656.853158326497,2591.236259228876,0.23625922887612796,0.4889253486464315,4949.578342904019,-0.2617719442165707,-2.2143469017520023,29.909762100082034,36.60706478160918,68.25591465353041,37.818129378489346,-22.46937753037767,36.515864016420366,23.476026164203617,25194.0,9139.0,25177.0,CHN -> USA,0.0019803363485132045
2022-10-10,CHN,USA,1148,524,12.692508710801393,3791.7665505226482,3830.1202090592333,3811.6951219512193,0.3510452961672474,0.49564459930313587,7217.83362369338,0.17918118466898958,-1.7096827822836984,34.059233449477354,35.224673366724716,62.96153301393733,36.75487785278745,-18.726600348432047,36.24692343205574,28.963421022648102,59390.0,19558.0,59131.0,CHN -> USA,0.002035258910462791
2022-10-17,CHN,USA,1205,512,8.656431535269709,2599.9585062240662,2628.0315352697094,2619.7825726141077,0.35601659751037346,0.6082987551867219,6276.902074688796,0.8159336099585052,-2.3736926016184516,36.58921161825726,34.33300424398338,83.98490713692948,35.52226945975102,20.515962724481316,34.81688200746886,54.80199385809129,86272.0,21152.0,86176.0,CHN -> USA,0.0021575919483323874
2022-10-24,CHN,USA,1589,544,13.684078036500944,3583.912523599748,3701.19509125236,2295.31718061674,0.22152297042164884,0.2599118942731278,5723.2492133417245,-1.1290119572057913,-3.0436795243817247,30.320956576463185,37.33584129263696,84.79065202643164,37.788165013215874,-6.967865888609187,37.3447547665198,-1.819908806167498,140152.0,46304.0,140115.0,CHN -> USA,0.0028703501321372636
2022-10-31,CHN,USA,1103,593,10.536718041704443,2863.2139619220306,3312.9728014505895,3193.0208522212147,0.29827742520398914,0.39619220308250225,5571.446056210336,1.0814143245693564,-1.3477117468610096,32.11242067089755,36.71110304442427,87.30467614052587,37.76099808159563,-2.806462979147775,37.67681445693562,37.91928273345422,19639.0,7887.0,19577.0,CHN -> USA,0.0020438264581951328
2022-11-07,CHN,USA,1826,383,14.795180722891565,4057.250273822563,4084.382256297919,4095.0755750273825,0.32146768893756844,0.39868565169769987,7127.189485213582,1.3225082146768892,-2.6329703772907798,32.28368017524644,37.97818004271631,59.21280038335143,37.96015969769996,-38.79036510405249,37.62320861226722,21.257639698795014,451055.0,150426.0,451029.0,CHN -> USA,0.004806553338001253
2022-11-14,CHN,USA,2927,1003,10.754355995900239,2470.192005466348,2498.596856850017,2476.5688418175605,0.2521352921079604,0.5206696276050564,5592.058079945336,2.1946703108985313,-1.7873851934090221,30.327980867782713,35.57439328800816,93.51941682746842,35.82991000819949,-1.0588890362145555,34.729390116159884,43.59195219132216,197923.0,79181.0,197575.0,CHN -> USA,0.004756905394951537
2022-11-21,CHN,USA,897,531,11.731326644370123,3112.0691192865106,3141.6521739130435,3055.928651059086,0.29208472686733555,0.49498327759197325,5671.836120401338,0.2630992196209589,-1.6528857801992847,35.93088071348941,35.629414025641005,76.52737459308811,35.635227105908584,-8.668773901895202,34.306060597547386,31.874378346711254,18446.0,4671.0,18359.0,CHN -> USA,0.0020824434002563006
2022-11-28,CHN,USA,1549,705,8.936733376371853,2215.5810200129117,2241.0445448676564,2156.0083925112976,0.262750161394448,0.6010329244673983,4739.704325371207,-0.08192382182052917,-2.938270374847519,32.6468689477082,35.57387088444156,73.97001174887028,37.1298964557779,-6.804166472562929,36.46859579406067,35.814817883150454,49157.0,15576.0,49124.0,CHN -> USA,0.003077069771414836
2022-12-05,CHN,USA,1241,527,8.29734085414988,2109.7759871071717,2153.044319097502,2142.8920225624497,0.44399677679290894,0.5068493150684932,4269.469782433522,0.7485092667203871,-2.242748768394915,40.991136180499595,36.09778417082993,82.08402547542309,38.01858564867041,-23.6261215028203,36.68014717888795,33.32610801531025,128906.0,11365.0,128864.0,CHN -> USA,0.002353985557416572
2022-12-12,CHN,USA,1408,590,7.478693181818182,2056.8203125,2069.4495738636365,2057.192471590909,0.4211647727272727,0.6896306818181818,4955.952414772727,0.3409801136363655,-2.1139971487786635,39.70170454545455,35.87786342968749,83.45002543963065,35.682000924715915,-12.05306182457387,35.83157118963068,49.99857180042611,141743.0,29305.0,141718.0,CHN -> USA,0.0027794337693306855
2022-12-19,CHN,USA,1074,516,13.18901303538175,3730.731843575419,3738.986033519553,3700.937616387337,0.30726256983240224,0.39757914338919925,5951.9562383612665,1.4794227188081936,-1.663963180123576,33.109869646182496,36.21962791705498,71.12721516029825,37.77783690587137,-15.490439950605838,36.25335787511647,27.912818794967347,33011.0,22626.0,32723.0,CHN -> USA,0.00210471856738039
2022-12-26,CHN,USA,1138,475,7.147627416520211,1777.2267135325133,1775.3945518453427,1773.2486818980667,0.5219683655536028,0.6748681898066784,3811.920913884007,0.3054481546572937,-2.393337518657459,53.2688927943761,37.19589576010543,64.38647715641484,36.95364078646747,-18.49689167838311,36.718270123022826,34.505268925307576,196672.0,11702.0,196640.0,CHN -> USA,0.002670966500259351
2023-01-02,CHN,USA,1519,543,9.417379855167873,2304.1830151415406,2357.98551678736,2375.8854509545754,0.3285055957867018,0.5832784726793944,4872.583936800526,1.1630019749835412,-0.9912175208299242,36.7083607636603,34.923913197498365,57.804774103357516,36.996236255431185,-12.71228749572091,36.18113223633969,36.16075459447008,199142.0,38704.0,153142.0,CHN -> USA,0.0028704788540761176
2023-01-09,CHN,USA,920,565,8.705434782608696,2378.5304347826086,2336.580434782609,2401.0532608695653,0.2576086956521739,0.5369565217391304,5178.058695652174,0.8235869565217391,-1.7303723576281755,30.815217391304348,34.68319923913041,80.28729376521738,36.436263153260875,-14.209881380434778,35.311017135869555,41.369943686956525,8947.0,3093.0,8918.0,CHN -> USA,0.0014271863486523173
2023-01-16,CHN,USA,1571,833,8.809038828771483,2456.8033099936347,2497.3914704010185,2517.062380649268,0.2800763844684914,0.4283895607893062,4726.304901336728,0.8043284532145137,-1.5172440300453018,34.78039465308721,35.38385637898086,72.53074837770703,37.331747606369404,-16.645820583439477,36.01066219108279,20.192221519745218,34398.0,8017.0,32243.0,CHN -> USA,0.0027258215636603396
2023-01-23,CHN,USA,1660,737,11.390361445783132,2683.4138554216865,2697.636144578313,2720.415060240964,0.1710843373493976,0.5234939759036145,4827.424698795181,0.8228313253012028,-2.63661866878881,30.03012048192771,36.11629612168675,55.44904646566267,36.678288284939754,-39.173598051807254,35.764704868674684,2.7062770301205004,79860.0,23928.0,79773.0,CHN -> USA,0.0026375120952173642
2023-01-30,CHN,USA,5446,1120,11.649467499081895,2447.487881013588,2621.660117517444,2538.0907087770843,0.21116415717958134,0.5714285714285714,5031.893132574366,1.358097686375323,-1.8514078015101822,28.975394785163424,36.6676507267718,85.3761809401399,38.599182041498416,5.168232168931254,35.91726729636422,57.821782662504674,613075.0,250960.0,612672.0,CHN -> USA,0.00850876343262828
2023-02-06,CHN,USA,2424,1030,11.331270627062706,2908.8465346534654,2905.2512376237623,2916.8494224422443,0.3139438943894389,0.41996699669966997,5390.195544554455,-0.6102722772277225,-2.6558593421720675,33.77062706270627,37.33827867519609,70.9447954189022,38.158671171688,-5.1864003157243115,37.11256188031369,43.27908115146514,122956.0,45338.0,122331.0,CHN -> USA,0.0040899381447473656
2023-02-13,CHN,USA,3186,1037,7.60075329566855,1629.4089767733835,1677.956057752668,1642.3747645951037,0.4077212806026365,0.63308223477715,3497.3512241054614,-0.8502197112366607,-3.1967853383963596,44.51663527934714,37.99435159165107,85.41387385812918,37.26895530696804,-24.426804603892094,37.03017660075334,19.22462437947268,1711140.0,89224.0,1710837.0,CHN -> USA,0.0051896266107633445
2023-02-20,CHN,USA,2307,840,10.9518855656697,2431.0693541395754,2442.8283485045513,2417.0394451668835,0.42436064152579106,0.4564369310793238,3997.718682271348,0.047941048981361305,-2.6986402169334522,43.159947984395316,37.36794245403299,90.38669629965304,38.76856167562876,-22.905441763226385,39.7333386379011,29.732728787510872,441267.0,34198.0,441247.0,CHN -> USA,0.0035362500114962613
2023-02-27,CHN,USA,2424,1021,8.592821782178218,2137.9793729372936,2178.950907590759,2130.04702970297,0.23556105610561057,0.5334158415841584,4661.311056105611,-0.8958333333333334,-3.092719174177083,30.998349834983497,38.002213154830756,76.21608733691163,37.53396304624277,-10.318705657720896,37.21449415689513,33.38787371180843,138268.0,55746.0,138193.0,CHN -> USA,0.004050226822727387
2023-03-06,CHN,USA,1849,855,8.656571119524067,2329.8750676041104,2384.55327203894,2380.955110870741,0.35586803677663603,0.5240670632774472,4992.984315846404,0.3696592752839375,-3.5203944753778726,37.2796106003245,36.464022992424226,85.37523686093078,38.05902312229434,-7.687613487012984,37.43620046969696,20.116770470779223,99285.0,22931.0,98417.0,CHN -> USA,0.0030222937067966465
2023-03-13,CHN,USA,2872,997,10.138927576601672,2518.9526462395543,2576.240598885794,2518.924094707521,0.29526462395543174,0.41190807799442897,4836.528899721448,-0.00020891364902461243,-1.8401368676218153,31.922005571030642,38.162450005571074,82.15782694916436,38.21488665807797,-7.218529270194981,37.834132194986076,27.179899952646238,204605.0,67642.0,203569.0,CHN -> USA,0.004586430744416676
2023-03-20,CHN,USA,2750,992,10.214181818181817,2486.163636363636,2513.0534545454548,2478.476,0.3367272727272727,0.4618181818181818,4984.271636363636,-1.3192727272727267,-2.5149048788498836,35.00363636363636,34.978690080727304,80.61778878581809,37.19508818727271,-5.696623581090904,36.05995310545453,36.56804347127271,226174.0,63264.0,225891.0,CHN -> USA,0.0043711990437406015
2023-03-27,CHN,USA,7618,1772,21.522971908637437,5603.288789708585,5511.409556313994,5897.932922026779,0.20425308479915988,0.396035704909425,10761.982803885534,0.46478078235757353,-1.5634397665069404,29.029929115253346,36.743884799947345,83.31497794788721,37.780718341559464,-16.134791503019116,36.93426965161453,36.510238085586835,1386234.0,494783.0,1383645.0,CHN -> USA,0.006326438583801228
2023-04-03,CHN,USA,4511,1693,10.231655952117046,2436.0359122145865,2476.2354245178453,2478.694746176014,0.3041454223010419,0.4752826424296165,4996.409221902018,0.6444025714919078,-2.085227175881982,31.988472622478387,36.791639077809926,78.39807935646185,36.24478628308583,1.0073935411217314,36.08767896142768,31.807913970959927,319591.0,87230.0,319457.0,CHN -> USA,0.003707560513946296
2023-04-10,CHN,USA,4124,1443,10.684772065955384,2562.4335596508245,2635.056983511154,2628.2303588748787,0.33583899127061106,0.516003879728419,4617.357419980602,-0.2478419010669255,-2.25519104309148,35.90688651794375,35.633321171193074,75.4768570206109,34.98048412148402,4.1314764306498475,35.56862617652771,54.769950240058144,709891.0,147685.0,709309.0,CHN -> USA,0.0038024321181962606
2023-04-17,CHN,USA,2998,1313,9.15543695797198,2552.424282855237,2587.4556370913942,2586.962641761174,0.30787191460973984,0.5860573715810541,6165.42194796531,-0.27795196797865196,-2.5770622163476022,35.4469646430954,36.096589636181605,80.04369853337782,37.36163316889184,-11.955387088785043,36.37431319826435,36.09188026935919,145734.0,29209.0,145025.0,CHN -> USA,0.003055224352115116
2023-04-24,CHN,USA,3560,1281,12.001966292134831,3080.4005617977527,3128.206741573034,3118.7106741573034,0.36825842696629213,0.31825842696629214,5533.324157303371,-0.4154213483146067,-2.3975150218395034,35.764044943820224,35.95812783370791,81.18655849494372,36.993083655056196,-0.3096840137640397,36.66955474044946,28.423111863202198,506427.0,91300.0,498511.0,CHN -> USA,0.0035846083362282067
2023-05-01,CHN,USA,3096,1228,10.16375968992248,2844.3921188630493,2876.9948320413437,2836.2548449612405,0.3259043927648579,0.5125968992248062,5587.816860465116,0.35364987080103377,-1.9940739728397903,33.01033591731266,36.96246224741602,63.718415462855305,38.39862540083976,-17.839881986757117,36.12520135917312,43.7106024844961,128445.0,37727.0,127272.0,CHN -> USA,0.0030755476084041128
2023-05-08,CHN,USA,2350,1149,8.774893617021277,2323.3885106382977,2328.9017021276595,2337.1310638297873,0.2702127659574468,0.583404255319149,4926.916170212766,1.1456595744680849,-2.272131813942841,32.55744680851064,36.18387654638297,58.259289816595796,36.761241161702095,-14.06544174510638,35.50754485702126,27.55266966936171,127602.0,28862.0,126945.0,CHN -> USA,0.002243173355300523
2023-05-15,CHN,USA,3466,1134,8.70340450086555,2076.412290825159,2141.811309867282,1992.724754760531,0.3251586843623774,0.6139642238892095,4697.871898442008,-0.20069244085401022,-3.1200687026760074,33.118869013271784,36.776636798787536,80.24914745294454,37.48717222863745,-17.91148153031176,36.77996443244804,24.652582375866082,310394.0,84656.0,308054.0,CHN -> USA,0.003327572964669739
2023-05-22,CHN,USA,3605,1256,7.439389736477115,1875.429680998613,1919.4277392510403,1906.6682385575589,0.3309292649098474,0.611373092926491,4064.1686546463247,-0.3516227461858531,-2.905197580272796,35.92787794729542,36.13635921059935,74.38630137541618,37.95727968590457,-11.667367925083251,36.97879240788015,21.251307504994475,194879.0,40847.0,193545.0,CHN -> USA,0.0039887893443448265
2023-05-29,CHN,USA,6504,1613,8.630381303813039,1831.5281365313654,1848.5819495694957,1773.0293665436654,0.4014452644526445,0.5850246002460024,3511.4108241082413,0.4581949569495697,-3.095950054053508,36.69280442804428,36.635459622078756,79.98324373216482,37.13748151399148,-5.667896720633538,37.22684670341334,63.96234919910827,827636.0,153959.0,826554.0,CHN -> USA,0.007499420593658009
2023-06-05,CHN,USA,3864,1215,11.920289855072463,2800.238354037267,2838.7212732919256,2797.960144927536,0.34627329192546585,0.37060041407867494,4720.804347826087,-0.11728778467908864,-1.7193585729614729,34.769668737060044,32.96833450517604,89.78522219694638,37.38172889466868,36.2316063328158,37.67269038146995,69.30698597075586,766448.0,193784.0,761566.0,CHN -> USA,0.004032241233214648
2023-06-12,CHN,USA,4481,1363,8.511492970319125,1884.1046641374694,1893.6877929033699,1907.9397455925016,0.3160008926578889,0.6335639366212898,4641.2365543405485,1.837268466860075,-1.9465925306875085,33.11983932158,36.850215086830325,78.94911363169649,37.58832705736623,-19.060952202008984,37.22912338794651,25.826977955580375,1274525.0,295757.0,1269251.0,CHN -> USA,0.005153838810557031
2023-06-19,CHN,USA,7700,1873,10.713896103896104,2369.277662337662,2417.842597402597,2407.5735064935066,0.25766233766233765,0.5333766233766234,4624.688571428572,0.8870519480519464,-1.8672544387690848,29.876623376623378,37.23589214404468,77.92492794947408,37.81229343577114,-15.685159628783047,37.8267661083258,41.40533309507724,789668.0,164018.0,788059.0,CHN -> USA,0.007362798551919204
2023-06-26,CHN,USA,2875,990,11.139478260869565,3298.222956521739,3367.137739130435,3331.5770434782607,0.3224347826086956,0.40695652173913044,6741.620521739131,1.0766260869565207,-1.260385437225187,32.70608695652174,35.51702351652172,71.14871462643482,35.91171598956522,-15.002684144347816,35.16210555443477,28.065948180173955,239320.0,59099.0,233144.0,CHN -> USA,0.0033416632765734876
2023-07-03,CHN,USA,4318,1226,10.50023158869847,2293.0213061602594,2379.8990273274662,2368.8290875405282,0.2806855025474757,0.5956461324687355,4481.256600277907,1.2666512274200998,-2.0695391142183146,29.678091709124594,38.61152095391383,78.54529790551156,38.312654668365,5.3044734469662,38.31402767091247,49.48965068179704,276010.0,96588.0,271923.0,CHN -> USA,0.005561859912746552
2023-07-10,CHN,USA,2568,1194,10.118769470404985,2500.8605919003116,2517.2219626168226,2450.3017912772584,0.3088006230529595,0.4793613707165109,4716.111760124611,1.8843847352024916,-2.2303259823894663,33.309968847352025,37.43811722876075,79.57936184684331,37.80355025253316,-6.3906702821512,38.14420258261888,51.64682934255649,59087.0,15241.0,58919.0,CHN -> USA,0.0029459710289905117
2023-07-17,CHN,USA,2344,1112,7.896331058020478,2139.0725255972698,2160.44795221843,2152.9266211604095,0.31313993174061433,0.674061433447099,4693.039675767918,1.8587030716723532,-2.1515823987532525,31.480375426621162,37.039936017918066,71.71602898677482,37.03385905802044,-1.229376538395914,36.6787513255119,38.601385062286724,59223.0,19573.0,58890.0,CHN -> USA,0.0025600587153398195
2023-07-24,CHN,USA,2595,999,10.935260115606937,2482.9263969171484,2556.924470134875,2544.435838150289,0.3117533718689788,0.41271676300578036,4363.679768786127,-0.1371098265895956,-1.7047255953246745,34.85163776493256,38.83513565574396,79.53252076908241,38.657523024672265,7.4622795088666205,40.16617709984572,35.6725064718581,238756.0,65742.0,238573.0,CHN -> USA,0.0033013587094804335
2023-07-31,CHN,USA,2712,1037,11.22787610619469,3149.4159292035397,3167.174778761062,3143.702802359882,0.27728613569321536,0.39233038348082594,5115.478613569321,-0.10608407079645979,-2.3805995215900624,32.857669616519175,35.93479891318806,70.918167479867,36.69949319660013,-8.540283382483373,35.731785634146355,37.49634696784919,184143.0,49876.0,183935.0,CHN -> USA,0.003433393805965142
2023-08-07,CHN,USA,2597,926,10.732768579129765,2633.313823642665,2641.8964189449366,2641.4932614555255,0.45899114362726223,0.5991528686946477,4548.542934154794,0.5575664227955323,-2.745273576313492,38.606083943011164,35.09108062803235,74.32693615979971,36.68780610242585,-32.39787625028887,35.9456108891028,2.065362145937576,699275.0,60592.0,698709.0,CHN -> USA,0.0034881862371778597
2023-08-14,CHN,USA,2975,939,6.9724369747899155,1741.4971428571428,1812.3361344537816,1786.4726050420168,0.439327731092437,0.6332773109243698,3545.4268907563023,0.18057142857142863,-2.716524683175659,36.94789915966386,38.74986689277312,80.1196018914284,39.758044641680726,-26.084228063865616,39.319594166386565,27.9919818369748,502725.0,66965.0,502495.0,CHN -> USA,0.0037105358013697176
2023-08-21,CHN,USA,2221,910,8.864025213867627,2284.52723998199,2306.371454299865,2316.1652408824853,0.41422782530391716,0.565060783430887,4931.897793786583,0.36425033768572745,-1.9384520533407976,36.92931112111661,36.47634462027029,82.01585860945943,37.90344990094551,4.229813793786576,37.07177130360361,44.386107447747776,70009.0,17233.0,68452.0,CHN -> USA,0.002589583136578649
2023-08-28,CHN,USA,3445,1064,9.588098693759072,2219.4400580551523,2246.455732946299,2234.376197387518,0.2960812772133527,0.5375907111756169,5049.799129172714,0.6198258345428141,-0.9544665882532143,31.642960812772134,36.88159625435542,84.9867673289778,37.66982531968642,1.3917970804297357,37.323971742160296,49.24113693786291,260492.0,70421.0,259297.0,CHN -> USA,0.004391007420738811
2023-09-04,CHN,USA,2319,988,11.231996550237172,3040.884432945235,3063.8059508408796,3060.955584303579,0.2880551962052609,0.4553686934023286,5890.7856834842605,0.9683484260457066,-1.6998773887444463,32.4363949978439,35.15145948986638,85.39130188184552,36.687421407072,-10.207896622250992,34.14722503406644,39.63776668865886,157341.0,44433.0,156052.0,CHN -> USA,0.0027519016482929664
2023-09-11,CHN,USA,2132,934,11.522514071294559,2950.8405253283304,3000.4620075046905,2976.1796435272045,0.23921200750469043,0.3574108818011257,5356.584427767355,1.4045966228893052,-2.2053085444861473,30.173545966228893,36.82801158208259,89.88951659990613,37.321799842870504,-18.48415004690437,37.621058627110685,45.370981722326455,99235.0,36088.0,99187.0,CHN -> USA,0.002383100109206792
2023-09-18,CHN,USA,2070,1110,9.240579710144928,2426.468115942029,2491.8497584541064,2446.3497584541064,0.35942028985507246,0.5342995169082125,4992.015942028986,1.1127536231884059,-1.3715735282083226,36.21256038647343,36.910990712077265,70.83268348985507,38.169355767149725,-7.685652143961347,37.28748209275359,32.96866318599034,39607.0,9781.0,38796.0,CHN -> USA,0.002088818162828926
2023-09-25,CHN,USA,2262,1021,9.040229885057471,2290.3430592396107,2452.5022104332447,2422.624226348364,0.3280282935455349,0.5402298850574713,4850.528293545535,1.7918656056587081,-1.653506874418478,35.190097259062775,36.60869946351169,74.63073162627161,37.73194580097298,-17.953399259177353,36.793868343653216,22.823054006634248,139359.0,23828.0,139049.0,CHN -> USA,0.0025930969969598172
2023-10-02,CHN,USA,2200,917,10.80090909090909,3017.5895454545453,3073.4018181818183,3047.8418181818183,0.2831818181818182,0.4263636363636364,5261.984090909091,0.6859545454545448,-1.7885758998511925,29.177272727272726,36.16830106954546,76.73513792863638,37.422784169545444,-9.362754482727283,36.604882161818175,21.958104167727253,73321.0,36299.0,73035.0,CHN -> USA,0.00251659235093194
2023-10-09,CHN,USA,1820,838,12.45054945054945,3161.8104395604396,3238.710989010989,3234.1527472527473,0.24835164835164836,0.44285714285714284,5885.998901098901,1.3641758241758235,-2.0362035619362806,28.35164835164835,37.497532248901095,70.27780080714287,37.74150576593408,-22.01084068571429,37.52426878791211,22.554628004945055,50153.0,22549.0,50004.0,CHN -> USA,0.0013245283732899393
2023-10-16,CHN,USA,2356,844,7.9868421052631575,2008.795415959253,2051.8654499151103,2048.2652801358236,0.24235993208828524,0.5921052631578947,4502.322580645161,1.7314940577249582,-1.614274422708111,32.10950764006791,36.50876154499151,81.58672206196945,37.084176704584046,-25.402097317487254,36.97111001273344,40.94928253607811,88261.0,27050.0,88193.0,CHN -> USA,0.0018121097541653143
2023-10-23,CHN,USA,8576,1796,10.126282649253731,2185.8689365671644,2173.8853777985073,2209.4815764925374,0.22271455223880596,0.605643656716418,4443.368353544776,1.4215601679104466,-1.5196754179242358,30.54920708955224,37.578302755946766,78.43187615823273,36.826932726795704,-32.87624119298044,36.62387035960811,22.241047975396306,1193984.0,351440.0,1178694.0,CHN -> USA,0.007464849662837043
2023-10-30,CHN,USA,3273,1366,8.46012832263978,2168.601894286587,2179.12832263978,2177.6410021387105,0.34616559731133517,0.6122823098075161,5302.889092575619,2.0304919034524884,-1.1094996605307836,36.30003055300947,36.228718321417674,61.87443232630615,37.382045439963335,-21.173880605866188,36.572783707913224,17.06205060036662,174825.0,39501.0,172459.0,CHN -> USA,0.00295884734228069
2023-11-06,CHN,USA,5274,1633,10.550246492226014,2514.661357603337,2552.1211604095565,2543.1987106560487,0.31399317406143346,0.5843761850587789,5190.767349260524,1.9076222980659812,-0.634901915361083,34.25293894577171,35.321460004744786,76.98274721977593,36.13670882425513,-19.521893663313726,35.6873573583223,32.725350087872414,412128.0,104075.0,402320.0,CHN -> USA,0.005020891822343825
2023-11-13,CHN,USA,8598,2341,10.871598046057223,2537.1097929751104,2591.0678064666204,2573.4073040241915,0.3465922307513375,0.5598976506164224,5349.182716910909,1.7742614561525933,-0.8541856810430005,36.85391951616655,36.577693547696626,75.56352172289415,37.13046090611917,-27.558290285598012,36.880639536412325,29.486501941717034,629037.0,146523.0,618153.0,CHN -> USA,0.009157417476203815
2023-11-20,CHN,USA,1521,808,9.635108481262327,2580.2629848783695,2605.055226824458,2594.734385272847,0.3057199211045365,0.4266929651545036,6400.835634451019,1.4700197238658774,-1.4746011759418953,33.353057199211044,34.88615598290596,64.4355899322814,37.41075918803418,-22.356916092044695,35.46467375082182,26.429703287968437,48390.0,9417.0,48298.0,CHN -> USA,0.0016289505531577651
2023-11-27,CHN,USA,3048,889,17.9498031496063,3873.5784120734907,3930.5961286089237,3918.612532808399,0.32545931758530183,0.5544619422572179,6597.660761154855,1.3291338582677157,-2.7652180323390607,35.308398950131235,37.34694893110239,86.20545609678477,37.833391920931774,-16.400111548228328,37.82353918864831,30.581911063648302,584652.0,95604.0,584639.0,CHN -> USA,0.003034825821110559
2023-12-04,CHN,USA,1704,950,7.424295774647887,2086.1343896713615,2075.881455399061,2130.6531690140846,0.33568075117370894,0.6267605633802817,4513.691901408451,0.848591549295775,-2.056000935377231,37.47652582159625,35.24264118309857,76.98147585093899,36.29446931866196,-6.882002920774647,35.70106842018778,30.09413527816902,112484.0,15924.0,112382.0,CHN -> USA,0.0018728876432280933
2023-12-11,CHN,USA,2799,1039,11.1654162200786,2999.5634155055377,3023.0903894247945,3037.8542336548767,0.28510182207931406,0.4040728831725616,5509.705966416577,1.7214362272240087,-2.753237760496066,30.192926045016076,35.81022432618792,63.1138723265452,37.82875131618436,-21.565620718113607,36.0675027388353,26.9011737409789,129083.0,41875.0,129062.0,CHN -> USA,0.003005021252017036
2023-12-18,CHN,USA,1937,758,9.535880227155396,2490.227671657202,2533.4790913784204,2501.923076923077,0.3366029943211151,0.3835828600929272,5133.779039752194,0.7342798141455857,-2.317353772952301,32.225090345895715,35.51049405059373,85.08045793133711,36.26875136654623,-0.9569472225090238,36.595234736190015,51.0100970800206,96510.0,27923.0,96424.0,CHN -> USA,0.002411111277079879
2023-12-25,CHN,USA,1245,556,12.28995983935743,3822.5638554216866,3814.5927710843375,3757.160642570281,0.3036144578313253,0.4457831325301205,7004.122891566265,1.2906024096385549,-1.7821607041802667,33.84738955823293,36.40557088995983,71.86713699839363,37.76790063614457,-14.708464881124494,36.49476508514056,49.08215881927712,38813.0,14794.0,38804.0,CHN -> USA,0.002025575946895744
2024-01-01,CHN,USA,1732,656,7.183025404157044,1949.9133949191687,1976.6587759815243,1983.4058891454965,0.35450346420323325,0.5386836027713626,4073.323325635104,0.07170900692840645,-1.2676227544666088,38.61431870669746,35.978749490184754,70.6614043706698,36.19134039665126,-51.711199614895996,35.63092653002308,33.45881545265588,176580.0,33499.0,176526.0,CHN -> USA,0.0023616453523173987
2024-01-08,CHN,USA,2109,990,9.981507823613088,2767.954954954955,2781.5324798482693,2803.7055476529163,0.32906590801327645,0.5419630156472262,5440.155998103366,1.3019440493124705,-1.0273392569385125,34.61830251303935,36.28635602750121,80.4228002119488,36.68897219582739,-7.832517905168323,36.7341009568516,42.176017310099525,81552.0,21130.0,81254.0,CHN -> USA,0.0024984865734482787
2024-01-15,CHN,USA,1389,781,12.439164866810655,3452.7825773938084,3481.542836573074,3479.5874730021596,0.34485241180705545,0.46220302375809935,6300.876889848812,1.0802735781137511,-1.139787931191946,35.70194384449244,35.80185154859607,81.47456429229665,36.76442108855289,-4.7744004802015825,35.57998930021594,21.922886700503962,43491.0,9000.0,43375.0,CHN -> USA,0.0017106290533533994
2024-01-22,CHN,USA,1644,733,8.502433090024331,2061.779197080292,2125.758515815085,2117.4233576642337,0.30170316301703165,0.5790754257907542,4294.417883211679,0.4423357664233578,-1.6104926127050379,33.84428223844282,35.91683385583947,89.40907745255464,35.69090336435525,-8.569352542579077,35.86201679562046,35.04228362773726,52492.0,16172.0,51516.0,CHN -> USA,0.002059043446568198
2024-01-29,CHN,USA,1881,977,10.807549175970228,2838.4912280701756,2911.7884104199893,2913.2068048910155,0.25465178096757046,0.4768740031897927,5099.276980329612,0.8107389686337061,-2.627241265840942,31.238702817650186,36.78487016382975,81.89873538510645,37.276337011170185,-9.116448401063822,36.498247901595704,46.9148005957447,35439.0,11274.0,35205.0,CHN -> USA,0.0023419582805220287
2024-02-05,CHN,USA,1676,757,9.700477326968974,2777.7213603818614,2772.3233890214797,2811.980906921241,0.2535799522673031,0.3997613365155131,5249.991646778043,1.3679594272076365,-0.01559904606086971,30.733890214797135,33.928116414081146,83.78558500417661,36.633149234486865,-14.00686263305489,35.32876140453461,19.671525315632458,74380.0,29108.0,74360.0,CHN -> USA,0.0019242382840754357
2024-02-12,CHN,USA,1043,686,9.599232981783317,2827.4324065196547,2831.6356663470756,2866.2301054650047,0.29338446788111217,0.5033557046979866,5475.604026845637,1.5937679769894544,-1.0895062172507755,32.33940556088207,35.98086509971235,71.57793720997125,37.177142832214756,-19.140725365292422,36.14275883125598,27.838246616490913,12496.0,3632.0,12287.0,CHN -> USA,0.0011795867035810578
2024-02-19,CHN,USA,3939,1072,9.364051789794365,2913.4521452145214,2885.2762122366084,2927.2840822543794,0.3627824320893628,0.7217567910637217,5022.612592028434,1.7282051282051216,-0.36377659227413783,33.84361513074384,37.739542456460924,77.4183642548871,37.49312622543794,-10.395774211982705,37.675791852246746,39.523551592282246,1476602.0,389449.0,1476223.0,CHN -> USA,0.004300157312177884
2024-02-26,CHN,USA,1563,875,8.940499040307103,2458.2552783109404,2477.9385796545107,2479.584133077415,0.3122200895713372,0.5655790147152912,5052.893793985924,0.6709532949456177,-1.4631144470311936,35.23992322456814,36.586640938117164,63.15456183936803,36.339431938775526,-25.10938990520078,36.36435497366689,17.97299594075049,33721.0,6812.0,33602.0,CHN -> USA,0.0017544233806380354
2024-03-04,CHN,USA,2038,914,9.24926398429833,2429.2173699705595,2480.516683022571,2466.716879293425,0.3307163886162905,0.5078508341511285,4744.028459273798,1.1826300294406276,-2.5593849652982774,36.069676153091265,35.17277839370078,63.24833234547247,37.205936618602365,-8.979656942913376,35.64877697293305,36.39988759498033,116589.0,26087.0,97911.0,CHN -> USA,0.0023753882734144165
2024-03-11,CHN,USA,3115,1192,10.353130016051365,2759.7130016051365,2819.973033707865,2813.053290529695,0.2837881219903692,0.48314606741573035,5087.836276083467,0.6935794542536098,-2.512557438940028,33.39325842696629,36.90752044044947,73.61139086324229,38.05311037399677,-12.578891259069026,37.3625724362761,31.590825522953473,187672.0,62270.0,187342.0,CHN -> USA,0.0037447105212540873
2024-03-18,CHN,USA,3534,1121,12.974816072439163,3482.8041878890776,3442.8842671194116,3504.5353706847764,0.25268817204301075,0.34408602150537637,6139.367572156197,-0.23486134691567634,-3.1414118646197635,30.345217883418222,35.08327751316908,88.51862241291413,37.938776693288,13.057940244406698,35.89483230982724,58.40088364287732,417922.0,113666.0,416992.0,CHN -> USA,0.003953869287363729
2024-03-25,CHN,USA,1849,956,11.79394267171444,3078.3234180638183,3104.3677663601948,2995.0665224445647,0.3028664142779881,0.49540292049756623,5582.295294753921,-0.3742563547863708,-3.5664741990823807,33.22336398053002,37.6989268982684,82.00265443506497,34.92638782954544,1.2480395616883129,36.385484735930724,35.97874347835498,44973.0,13105.0,44960.0,CHN -> USA,0.002419112163594259
2024-04-01,CHN,USA,3094,1011,9.713639301874595,2384.2811893988364,2438.3490627020037,2429.425339366516,0.2656755009696186,0.5051712992889463,5132.29476405947,1.6968002585649644,-1.923614016677594,32.146089204912734,34.96959190526997,89.61767939476236,38.59283047494341,-28.500749002586492,36.747536422243755,24.115921134497214,160883.0,47236.0,160602.0,CHN -> USA,0.003910663953385492
2024-04-08,CHN,USA,2644,1118,9.992813918305597,2514.8324508320725,2575.744704992436,2580.0915279878973,0.39901664145234494,0.5533282904689864,5030.9878971255675,0.24065809379727687,-1.9146666735466986,35.741301059001515,35.56664666149775,90.58364246331315,35.93748186459909,8.179689362708016,34.80433454273828,46.693161197806255,138345.0,34853.0,138136.0,CHN -> USA,0.0030011521064251217
2024-04-15,CHN,USA,2954,1186,8.329383886255924,2051.2833446174677,2084.716316858497,2091.6431956668926,0.4004739336492891,0.603588354773189,4260.553825321598,1.9268111035883562,-1.2139940703107392,41.47596479350034,35.63496919810364,84.61844862512686,35.60557015069424,-16.926700514053493,35.304966786319014,42.79637619065349,367290.0,62683.0,348039.0,CHN -> USA,0.0033838466569908964
2024-04-22,CHN,USA,4092,1371,11.538367546432063,2697.3971163245355,2765.8252688172042,2757.3176930596287,0.31133919843597263,0.43792766373411535,5159.045210166178,0.500073313782991,-2.302236103005533,34.39393939393939,36.34308691666677,82.64824429545442,37.94317024095805,-12.600037288611999,36.40235481940378,41.968840564027325,399735.0,84905.0,399406.0,CHN -> USA,0.0043769714822979745
2024-04-29,CHN,USA,2083,961,7.651944311089775,2008.1545847335574,2013.3931829092655,2024.5741718674988,0.29908785405664906,0.6346615458473356,4480.46951512242,0.6056649063850196,-0.46946793318245994,35.583293326932306,35.92477361028347,59.54189748726582,36.11285293993268,-19.643915450744803,35.61841915569435,33.33037878279676,166045.0,36443.0,165551.0,CHN -> USA,0.0023863067463858853
2024-05-06,CHN,USA,2100,936,9.811904761904762,2567.404761904762,2586.2980952380954,2561.6938095238097,0.29904761904761906,0.44,4920.857619047619,0.21004761904761948,-2.6859408626470107,33.7,36.003047814108655,83.55549072592946,37.79558203956145,-15.643531607721634,36.87996020448044,41.328838951382295,100390.0,24889.0,100376.0,CHN -> USA,0.0024764150943396225
2024-05-13,CHN,USA,2414,981,11.040182270091135,3089.3492129246065,3084.2696768848386,3089.1735708367855,0.3115161557580779,0.4896437448218724,5540.435376967688,1.573032311516152,-1.6077069702959248,35.621375310687654,35.68860610070422,75.52326933815239,36.28396602033965,-9.274385332932892,36.8246286578293,38.54696255716649,117484.0,36285.0,113773.0,CHN -> USA,0.0029921898144073815
2024-05-20,CHN,USA,1818,928,8.176017601760176,2159.2161716171618,2197.147414741474,2200.0489548954897,0.2992299229922992,0.577007700770077,4482.577557755775,1.6101545253863128,-1.9542371817330533,32.02420242024203,33.01052468849755,82.84605080462289,33.337356022014326,0.6896961392405089,33.814977549257044,46.50727443313148,26607.0,9776.0,26419.0,CHN -> USA,0.0023473723761528657
2024-05-27,CHN,USA,3664,1060,8.564137554585153,2043.8575327510916,2073.8531659388645,2078.8501637554587,0.3777292576419214,0.5594978165938864,4760.854257641921,1.5522379912663713,-0.8774193880698313,37.6146288209607,34.87204107205243,87.58508189792555,35.980262128275186,12.893428384552337,35.3541902271983,49.05657259825315,843766.0,151371.0,801631.0,CHN -> USA,0.004632978104626403
2024-06-03,CHN,USA,1501,787,8.503664223850766,2224.8407728181214,2317.0353097934712,2305.394403730846,0.3257828114590273,0.570286475682878,4748.098600932712,1.5768820786142557,-1.9324209948352682,36.12258494337109,36.821316244666676,61.39159100200002,36.55159552533333,-9.948891108666656,36.060145008666666,32.44009284533334,44076.0,8715.0,44045.0,CHN -> USA,0.0017420975969266658
2024-06-10,CHN,USA,1752,831,8.575342465753424,2273.8264840182646,2294.5028538812785,2317.8116438356165,0.20662100456621005,0.5114155251141552,5029.685502283105,-0.659189497716895,-2.4019882077741546,29.1837899543379,38.016832276826484,61.06527809817349,38.34396350856165,-21.872553276255722,38.35262731050229,17.69247201426941,60347.0,27310.0,60208.0,CHN -> USA,0.002139209811060887
2024-06-17,CHN,USA,2399,1020,9.933722384326803,2472.213422259275,2486.3672363484784,2495.6469362234266,0.27344726969570654,0.5010421008753647,4940.105043768237,0.6473530637765732,-1.5884827955741616,29.616506877865778,35.99085852771991,85.19134206836188,37.29833559107959,-14.400364475614833,36.714328659024574,33.45755817132139,60479.0,20186.0,60417.0,CHN -> USA,0.0033650905867236725
2024-06-24,CHN,USA,2289,996,12.076452599388379,3358.417212756662,3417.1515945827873,3421.420707732634,0.3411970292704238,0.4709480122324159,5748.173001310616,1.1394932284840529,-1.2704025602596898,35.43031891655745,35.09162685096154,66.17993274912591,36.50021995061188,-21.141257677447552,35.873695131992996,23.14962155944055,147240.0,41005.0,146684.0,CHN -> USA,0.0029702199442029455
2024-07-01,CHN,USA,1559,647,10.14432328415651,2906.2437459910198,2925.204618345093,2933.8871071199487,0.3758819756254009,0.6343810134701732,6313.595894804362,0.5057729313662616,-1.6829079891107335,36.94034637588197,37.37907888696209,39.47384675786771,40.439192594733456,-26.78040570777132,40.37056132755296,7.532520644187547,166054.0,32128.0,165969.0,CHN -> USA,0.002308145577510164
2024-07-08,CHN,USA,1683,679,12.30718954248366,2859.0065359477126,2949.830065359477,2940.91027926322,0.3202614379084967,0.30421865715983365,5287.328579916815,0.44896019013666105,-1.9863946958164105,31.818181818181817,38.579192028537435,65.68705602437578,37.84209541914386,-36.32828135136736,37.79383975624255,10.995284657550538,78048.0,33816.0,78034.0,CHN -> USA,0.0021821887755366655
2024-07-15,CHN,USA,1491,830,9.861167002012072,2722.8242790073778,2762.180415828303,2711.748490945674,0.278336686787391,0.40509725016767273,5150.013413816231,0.21294433266264298,-1.9518789266139192,32.6224010731053,36.25187672166328,65.60393044668007,36.19405460026826,-18.23393661971831,35.974801386988574,19.471139590207912,26343.0,11409.0,26309.0,CHN -> USA,0.001974646126462112
2024-07-22,CHN,USA,1891,848,10.78476996298255,2805.6002115282918,2838.3659439450025,2649.588048651507,0.3294553146483342,0.47329455314648333,5518.642517186674,1.1363299841353773,-1.8914811541511274,31.972501322051823,37.53999951718672,76.87246553833944,38.24356196033849,-20.047736876255943,35.31624491538873,36.175660189846674,71221.0,20146.0,71116.0,CHN -> USA,0.002257872704217482
2024-07-29,CHN,USA,1245,672,10.717269076305222,2757.8369477911647,2775.003212851406,2751.393574297189,0.242570281124498,0.4843373493975904,5399.762248995984,0.9617670682730927,-1.696510030348687,29.542168674698797,34.220489500401584,80.12009533092372,36.000085987951806,-7.665505220883532,35.82543608353412,45.00974336546185,16583.0,5918.0,16230.0,CHN -> USA,0.0015891027121962677
2024-08-05,CHN,USA,2097,833,9.576537911301859,2712.540295660467,2729.778731521221,2696.483547925608,0.2770624701955174,0.5164520743919886,5328.41154029566,1.3717215069146398,-0.6959107085570656,30.624701955174057,35.08627057347328,74.54766787977094,37.19332802814882,-21.97370498568702,35.78942645133586,23.012775289122157,115046.0,33999.0,114901.0,CHN -> USA,0.0027991499767738627
2024-08-12,CHN,USA,1228,631,8.29315960912052,2273.824918566775,2293.10667752443,2203.8444625407164,0.21009771986970685,0.6009771986970684,4800.662866449511,1.1872964169381115,-2.1415507205424404,27.54885993485342,36.13435842135288,70.85018146943766,37.58868461287694,-13.467180942950293,36.81448485737571,24.057339828850846,29930.0,13484.0,29689.0,CHN -> USA,0.001593786827118257
2024-08-19,CHN,USA,1849,718,10.58031368307193,3192.229313142239,3193.1687398593835,3215.527852893456,0.2482422931314224,0.4721471065440779,5312.0432666306115,1.0251487290427255,-0.6667476311941155,29.648458626284476,37.1245811184425,88.68721511627892,38.259104479718765,-9.674449811249385,38.01296488912929,39.1433160465116,154950.0,55102.0,154824.0,CHN -> USA,0.0022073157774729637
2024-08-26,CHN,USA,2847,978,9.69301018616087,2204.37899543379,2225.5900948366702,2228.283807516684,0.24165788549350192,0.551457674745346,4701.692307692308,0.7090621707060064,-1.5875646015472826,32.55707762557078,37.34431461959962,77.36800467966272,36.78311265402174,-15.550377485774595,37.20155755426766,28.575220250439028,269352.0,80528.0,256279.0,CHN -> USA,0.003877457629888702
2024-09-02,CHN,USA,1801,828,10.677956690727374,3111.3342587451416,3117.4397556912827,3087.0144364242087,0.2215435868961688,0.4325374791782343,5438.209883398112,0.5370349805663523,-2.2510459483433585,32.570794003331486,37.15230273736812,67.66031644086621,38.363270767906705,-21.359690296501935,38.09446273459188,30.03123331649087,69516.0,19205.0,68164.0,CHN -> USA,0.0024838638495062616
2024-09-09,CHN,USA,1814,835,9.249724366041896,2513.4327453142228,2654.478500551268,2613.5650496141125,0.31146637265711136,0.48401323042998895,4685.243660418963,1.1561742006615205,-1.858513279288463,33.26901874310915,36.39209413513517,78.14450428295639,37.43711879481522,-13.205786505791503,36.6198450198566,33.12560761279651,52078.0,14121.0,52035.0,CHN -> USA,0.0023487065282129633
2024-09-16,CHN,USA,4176,1021,7.336925287356322,1956.6436781609195,1960.2907088122606,1938.9669540229886,0.2511973180076628,0.6302681992337165,4240.47820881226,1.994947318007672,-3.0874519552251645,29.506704980842912,36.49229859209579,57.785864597125695,36.66545393532939,-44.59321675137727,36.4928686479042,12.105041925269466,382934.0,119011.0,380610.0,CHN -> USA,0.005686591980216761
2024-09-23,CHN,USA,2760,992,7.969927536231884,2123.415579710145,2150.8807971014494,2150.776086956522,0.2833333333333333,0.577536231884058,4252.102898550725,0.6742028985507242,-2.100245388543925,35.79710144927536,36.08402127536236,66.41636872318843,37.41863150942031,-15.950197581159378,36.948409685869585,16.26206628369566,209499.0,47324.0,208485.0,CHN -> USA,0.003180448996430061
2024-09-30,CHN,USA,2442,694,15.006961506961506,3905.2022932022933,3972.5589680589683,3968.4692874692873,0.15724815724815724,0.40171990171990174,5776.122031122031,2.135831285831276,-3.1046556222825608,25.88042588042588,38.74291385544632,52.11453502784602,41.00607898607702,-48.885999905814835,39.16026439189186,26.30871835462735,238995.0,150026.0,237825.0,CHN -> USA,0.002795364868376319
2024-10-07,CHN,USA,1219,578,7.767022149302707,2071.1197703035273,2112.1164889253487,2127.6275635767024,0.42904019688269074,0.6086956521739131,4038.3248564397045,-0.17752255947497972,-1.9202378364297124,38.974569319114025,36.143983374897445,63.40609038146014,37.757349109105824,-17.993394836751435,37.30848842821985,25.321434343724334,55413.0,11382.0,53807.0,CHN -> USA,0.0016221582289598492
2024-10-14,CHN,USA,3826,875,7.114741244119185,1771.7566649242028,1805.5791949817042,1823.6996863565082,0.3288029273392577,0.7796654469419759,4765.221118661788,1.8456351280710912,1.0323448575691954,36.43230527966545,36.13834597987455,69.33412484736013,36.48193001437536,-35.44907807292211,36.01855860820702,19.910058197333978,992516.0,232664.0,959318.0,CHN -> USA,0.004943829516703838
2024-10-21,CHN,USA,1141,618,8.647677475898334,2692.3409290096406,2737.9412795793164,2724.4171779141107,0.22436459246275198,0.4101665205959685,5792.321647677476,0.4879929886064857,-2.064500289307965,32.38387379491674,37.266833063102524,47.417308203330414,37.70684273006135,-37.37667785538998,37.9991579097283,9.146001630148993,44893.0,11908.0,44887.0,CHN -> USA,0.0013941360755008382
2024-10-28,CHN,USA,1336,730,7.2312874251497,1929.5778443113772,1963.7065868263473,1943.4266467065868,0.24925149700598803,0.6901197604790419,5615.141467065869,0.310553892215569,-1.7346517954045106,35.883233532934135,33.91680877320359,57.92066430389221,36.37968033607788,-28.41305775449113,34.59831669161676,22.751652921407185,171675.0,22385.0,171487.0,CHN -> USA,0.0018878829286490474
2024-11-04,CHN,USA,1875,826,12.904,3821.5306666666665,3872.4762666666666,3846.0576,0.3424,0.4608,6760.4448,1.880426666666665,-0.3934442202137713,36.25066666666667,34.10507622506668,85.33684129653325,37.03782715306668,8.616502379733351,34.373339902400005,37.86156152959999,125197.0,26423.0,123723.0,CHN -> USA,0.0024456383507397567
2024-11-11,CHN,USA,3027,884,9.809051866534523,2488.439378923026,2512.251404030393,2478.3749587049883,0.2563594317806409,0.5599603567888999,4732.370003303601,1.3507763462173807,-2.1134600108623034,31.067063098777666,37.20732133036015,72.09362933069035,37.31374198315161,-29.504123416584225,36.35355715526928,39.40557969937224,397643.0,93335.0,397560.0,CHN -> USA,0.004001549327985596
2024-11-18,CHN,USA,1866,874,8.963558413719186,2175.804394426581,2217.9271168274386,2169.707931404073,0.3017148981779207,0.364951768488746,4661.625937834941,1.2225616291532657,-2.615403319750245,31.039657020364416,33.494768762057895,71.07249439764199,35.279332222400875,-17.00798097909966,34.079408624330135,42.904640960342924,43023.0,13012.0,42817.0,CHN -> USA,0.0025060805357049326
2024-11-25,CHN,USA,5835,1274,7.907283633247643,1535.8073693230506,1760.1688089117395,1753.757326478149,0.38217652099400173,0.6970008568980292,5799.254155955441,0.9786289631533863,-3.7256366791819326,34.01199657240788,35.93076708071962,66.90216716880914,35.42588541542419,-24.156850358011994,34.98223908928873,27.614562348414747,1237553.0,298093.0,1233993.0,CHN -> USA,0.008299965150103483
2024-12-02,CHN,USA,2657,889,8.409484380880693,2080.31840421528,2161.678961234475,2143.5133609333834,0.3662024840045164,0.6206247647722996,4654.607452013549,0.4191945803537821,-2.1550075841406118,38.167105758374106,35.681463704930344,75.06276531050055,32.60539594956718,-26.822527425668046,30.748403405720726,11.250653054949222,345508.0,82782.0,341528.0,CHN -> USA,0.0032693450604834987
2024-12-09,CHN,USA,1643,839,8.701156421180768,2320.9726110772976,2329.5776019476566,2320.2617163724894,0.35544735240413877,0.5581253804017042,4518.518563603165,0.5382836275106508,-1.5121702607167862,36.55508216676811,36.385569279366976,78.22756548995741,35.865252423615324,-6.8851721211198935,36.0788299306147,39.798332647595885,36905.0,9062.0,36639.0,CHN -> USA,0.0020479313151508275
2024-12-16,CHN,USA,1429,847,8.256822953114066,2264.8495451364593,2289.743177046886,2294.7522743177046,0.2463261021693492,0.5353393981805459,4562.18544436669,0.4424772568229531,-2.01279380233996,29.412176347095873,36.53435595091163,68.38056227208975,35.960465482130324,-9.464563303433776,36.14299434291724,27.268063066619884,18964.0,5920.0,18932.0,CHN -> USA,0.001954212086029093
2024-12-23,CHN,USA,1184,605,8.807432432432432,2498.474662162162,2529.6689189189187,2521.0886824324325,0.3125,0.47719594594594594,5210.2761824324325,-0.04771959459459408,-0.6285999921909786,34.94932432432432,34.58543285304052,84.2593269932433,36.183130762668895,-3.63285239611487,35.2666107018581,36.31807206841217,30703.0,9678.0,29193.0,CHN -> USA,0.0025063664671875563
2024-12-30,CHN,USA,1534,674,7.929595827900912,2105.908735332464,2141.0071707953066,2139.5547588005215,0.44589308996088656,0.651238591916558,4238.296610169492,-0.7877444589308994,-0.9546192496024929,42.05997392438071,37.136717363103,53.35341745176015,38.45415355410688,-16.016041565840933,37.849515521512366,11.52835311016953,222668.0,39579.0,222052.0,CHN -> USA,0.003099271650958168
2025-01-06,CHN,USA,1556,777,10.590616966580978,3058.8438303341904,3099.0064267352186,3083.6947300771208,0.2962724935732648,0.47429305912596403,6052.80205655527,-0.2764781491002571,-1.9325332517362073,37.18508997429306,36.82896293629342,68.05495849227803,37.51071593371941,-20.00250802445303,37.19200913320463,14.637013878378381,153745.0,20153.0,153634.0,CHN -> USA,0.0021730842014264706
2025-01-13,CHN,USA,2775,1151,10.543783783783784,2803.8598198198197,2809.1535135135136,2810.1481081081083,0.32684684684684684,0.45981981981981984,5431.053333333333,0.7772252252252257,-1.861122015257203,35.76936936936937,37.23395165537134,69.02323864563806,37.59129166402305,-21.213890664744042,37.50175873972604,22.157148676279768,190195.0,46036.0,189836.0,CHN -> USA,0.003504358664479442
2025-01-20,CHN,USA,4211,1530,10.299691284730468,3065.36998337687,3091.509617668012,3038.4533364996437,0.17620517691759677,0.5153170268344811,5895.177867489908,-0.21811921158869743,-1.033320199716898,27.482783186891474,36.30406882949419,49.07707543505105,37.96269467727381,-35.368395942531514,37.37353840821659,-1.9186076219425876,208825.0,85640.0,197147.0,CHN -> USA,0.004660010667894286
2025-01-27,CHN,USA,2611,1069,10.837993106089622,3386.1976254308693,3182.206434316354,3425.261202604366,0.24396782841823056,0.422443508234393,6211.3236307928,0.4397548831865179,-0.947889136133703,33.144389122941405,36.42767639003835,52.01557730421449,37.37857515632186,-3.7251819827586203,36.96827321685826,19.541799918390716,240425.0,71250.0,240359.0,CHN -> USA,0.0031949194540126158
2025-02-03,CHN,USA,3837,1431,7.920250195465207,2132.044305446964,2146.448527495439,2151.4224654678133,0.30310138128746417,0.6135001303101382,4503.3716445139435,0.9989835809225941,-2.503965068742192,37.44070888715142,36.54254649152989,70.5474683716445,37.11945467891585,-20.97754529788896,36.9583873169143,42.47869384936143,517734.0,84516.0,516345.0,CHN -> USA,0.004445113792364413
2025-02-10,CHN,USA,2177,929,9.024804777216353,2498.2191088654113,2466.1672025723474,2520.5250344510796,0.17776757005052826,0.48507119889756545,4889.613229214516,2.237161231051907,-1.7888378796319748,28.121267799724393,36.96209216360294,63.845644104779424,37.37208473345585,-23.36173833716127,36.86959704507819,37.81166351310346,150898.0,57449.0,150540.0,CHN -> USA,0.002484082247426915
2025-02-17,CHN,USA,1133,766,10.267431597528685,2996.142100617829,3029.639894086496,2993.631067961165,0.32038834951456313,0.45719329214474846,5518.815533980583,1.1027360988526045,-1.0617087941177468,35.701676963812886,35.86392148720209,71.67135086054722,37.946259697263876,-12.064866306266541,36.06541867872902,30.927774967343336,12913.0,3448.0,12892.0,CHN -> USA,0.001221436918658554
2025-02-24,CHN,USA,1558,728,7.2811296534017975,1848.9255455712453,1908.8652118100129,1890.6181001283696,0.28562259306803595,0.616816431322208,3817.216944801027,-1.411681643132223,-2.680578236318528,31.553273427471115,38.20479454813863,65.17898535173302,38.12540209178433,-21.288021948010414,35.22731181450577,16.155576956354295,111213.0,5274.0,110221.0,CHN -> USA,0.0016734262489473955
2025-03-03,CHN,USA,2334,1075,8.619965724078835,2098.879177377892,2331.3590402742075,2331.613967437875,0.36246786632390743,0.49657240788346185,4365.602827763496,0.030419880034276148,-3.0637602405791875,35.30419880034276,37.55465535432729,48.04725160925455,39.07130563496141,-21.789967310625606,38.31082513796054,10.98470506555273,144024.0,36825.0,143125.0,CHN -> USA,0.0026126115033262105
2025-03-10,CHN,USA,2130,811,9.639906103286386,3061.5732394366196,3083.344131455399,3084.8549295774646,0.3084507042253521,0.4676056338028169,6136.81455399061,1.5425352112676038,-2.105006725566656,32.948356807511736,32.88844872300471,75.11936462488262,28.646068319718303,-10.695402303286361,29.18299468826289,35.592592791079795,256602.0,44820.0,256588.0,CHN -> USA,0.0023988566576155813
2025-03-17,CHN,USA,1901,872,8.71383482377696,2216.05733824303,2326.397159389795,2280.9395055234086,0.21514992109416098,0.47290899526564967,4789.044713308785,0.6980536559705408,-2.1655944600569192,29.368753287743292,37.216516368947346,61.27414710157898,39.14790245631575,-24.941081033684224,38.28875003578944,1.6244683894736733,99040.0,37411.0,98798.0,CHN -> USA,0.002119253434171596
2025-03-24,CHN,USA,1949,931,8.839917906618778,2561.1026167265263,2571.9389430477167,2431.0815802975885,0.37352488455618266,0.5361723961005644,5010.435094920472,1.2507952796305806,-1.843229129509601,37.1421241662391,35.65010468188815,77.08650121498204,36.171515048742954,-6.779792256541812,34.792248516162125,41.89693564853771,178937.0,26682.0,178863.0,CHN -> USA,0.0024168037924847197
2025-03-31,CHN,USA,3478,1101,7.358251868890167,1904.3962047153536,1919.50488786659,1903.929269695227,0.3763657274295572,0.7642323174238068,4252.713341000575,1.6779470960322096,-2.8118639588258056,37.351926394479584,36.98643844077055,75.68078965641168,36.9683380856814,29.964199646348373,36.41402887837836,59.434894822311456,859635.0,159330.0,847558.0,CHN -> USA,0.004815973856933175
2025-04-07,CHN,USA,5384,1939,8.569465081723626,2153.793647845468,2208.1764487369987,2175.2984769687964,0.28324665676077265,0.674777117384844,4349.084695393759,1.3727526002971788,-2.590226545343785,32.35698365527489,36.83672335172797,73.13038309030092,37.732260544778946,1.6727007926421233,36.77594904719439,40.35162943589742,395127.0,118052.0,391641.0,CHN -> USA,0.00695238058343696
2025-04-14,CHN,USA,3464,1392,7.599884526558891,2157.1723441108543,2189.6281755196305,2184.8718244803695,0.32592378752886836,0.6102771362586605,4580.997979214781,1.8321304849884548,-1.9505093754083973,37.51154734411085,34.8024124477483,76.27979072517316,37.31015718879908,2.6368054032909853,36.40543689953813,33.60309876327949,270819.0,61594.0,269809.0,CHN -> USA,0.004166526339085963
2025-04-21,CHN,USA,4385,1374,6.89327251995439,1885.036944127708,1912.829646522235,1892.841961231471,0.227594070695553,0.7578107183580388,3610.456784492588,1.7902850627137956,-2.207362279135885,28.862029646522235,37.22323638335237,76.34224875165339,38.499926913569105,-6.688678701938443,38.02064611698983,34.51973951128848,241863.0,121351.0,239412.0,CHN -> USA,0.004688831598768607
2025-04-28,CHN,USA,2763,1125,9.47267462902642,2356.4252623959464,2403.4263481722764,2403.698154180239,0.2985884907709012,0.5750995294969237,4670.409699601882,1.720448787549765,-1.9261767159266798,34.45892146217879,35.33434954291925,77.80194409271999,37.229810550887365,1.0820881669684899,35.26560383013402,35.92178466823617,129429.0,36824.0,126415.0,CHN -> USA,0.0035659204862970827
2025-05-05,CHN,USA,3868,1401,9.18717683557394,2325.7461220268874,2340.613753877973,2259.4767321613235,0.3084281282316443,0.5584281282316442,4771.59436401241,2.997259565667013,-1.316319649669126,33.96587383660807,36.61180874431236,68.7117258588417,38.102337136504694,-11.583283912099278,38.42623367114794,40.59275440873829,319109.0,83542.0,297341.0,CHN -> USA,0.004673738495389697
2025-05-12,CHN,USA,3255,1378,7.88694316436252,2244.725652841782,2257.536098310292,2257.8562211981566,0.2998463901689708,0.6574500768049155,4835.2,2.62854070660522,-0.9658882514353033,34.80184331797235,35.473798356067604,60.00941628878649,36.992072150537645,-7.782868704454676,36.64634440092166,27.07371591797237,114516.0,33238.0,113897.0,CHN -> USA,0.004037725129535929
2025-05-19,CHN,USA,1890,1005,8.448148148148148,2733.5703703703703,2809.430158730159,2796.8830687830687,0.3322751322751323,0.526984126984127,5154.331216931217,1.7749206349206335,-1.4422604400411578,36.51322751322751,36.15721154021161,62.375447745502655,37.345184656084626,-6.18815373862434,36.89815190158727,26.14163988359789,66156.0,17774.0,65941.0,CHN -> USA,0.002440517234700281
