week,a1c,a2c,mentions,events,avg_sentenceid,avg_a1co,avg_a2co,avg_actco,avg_raw_text,avg_root_event,avg_len,avg_goldstein,avg_tone,avg_confidence,avg_lat1,avg_lon1,avg_lat2,avg_lon2,avg_lata,avg_lona,total_num_mentions,total_num_sources,total_num_articles,pair,Relative_mentions
2016-01-11,COP,AUS,904,264,3.8738938053097347,793.1183628318585,796.6570796460177,818.566371681416,0.31526548672566373,0.8716814159292036,2395.663716814159,-3.3554203539823004,-6.444109339149798,43.67256637168141,-27.11177309002433,132.4321826192215,-28.62412401459854,134.92987712043805,-27.3985303892944,132.6037164148419,54377.0,15517.0,54264.0,COP -> AUS,0.0005898977401826726
2016-01-18,COP,AUS,1318,312,4.5751138088012135,790.6183611532625,831.9377845220031,827.2405159332321,0.21927162367223066,0.8717754172989378,2271.718512898331,-5.097344461305011,-6.39533232022332,48.65705614567526,-32.30070305164321,138.5737845101722,-32.308409467918636,138.86747699843514,-32.47185758998436,139.04098231924888,176568.0,32623.0,173499.0,COP -> AUS,0.00087776900156773
2016-01-25,COP,AUS,1765,320,6.628328611898017,1654.7801699716713,1687.6957507082152,1680.4770538243627,0.27875354107648725,0.6787535410764872,2960.5773371104815,-2.5495184135977347,-5.739420628352308,49.274787535410766,-30.370119069901804,141.3049748642404,-31.09395912189488,142.5202865337956,-30.67305178509534,141.7308804101676,303137.0,71213.0,302943.0,COP -> AUS,0.001233577346347982
2016-02-01,COP,AUS,1648,353,5.33373786407767,1153.7141990291261,1170.4168689320388,1170.1559466019417,0.32038834951456313,0.7985436893203883,2863.1395631067962,-3.601092233009708,-5.786780727285456,53.74393203883495,-30.446133419885975,135.46066463964513,-30.47665003166557,136.04917872260904,-30.695762374920797,136.52036524129178,391759.0,49581.0,350775.0,COP -> AUS,0.0011235143091273265
2016-02-08,COP,AUS,1626,377,6.919434194341943,1384.2915129151293,1169.9840098400985,1411.0473554735547,0.2878228782287823,0.7380073800738007,3110.220172201722,-2.594218942189422,-5.409453745542517,50.28290282902829,-29.729998940355344,139.3977580393401,-26.831831046954317,136.16686432106596,-29.98115078045686,139.22382396573605,243600.0,42911.0,243182.0,COP -> AUS,0.0010155258031616203
2016-02-15,COP,AUS,1602,354,5.417602996254682,1305.834581772784,1347.6360799001247,1333.4525593008739,0.3264669163545568,0.7347066167290887,2642.387640449438,-0.6988139825218475,-6.515199862635268,48.67665418227216,-24.72675264162952,132.72680381858683,-25.347937173774667,133.7071980903883,-25.518893316359,133.51409280712917,230203.0,49338.0,230077.0,COP -> AUS,0.0009721369293095037
2016-02-22,COP,AUS,2086,354,6.755512943432406,1448.9894534995206,1482.470757430489,1474.1150527325024,0.23154362416107382,0.6481303930968361,3276.7085330776604,-2.9060402684563784,-5.251986851008525,44.28092042186002,-26.033692654651738,130.46620516268868,-28.410606780321462,134.94638715489504,-26.027663136872874,130.1052520842667,334089.0,78598.0,327163.0,COP -> AUS,0.0013117310636906428
2016-02-29,COP,AUS,2374,390,6.699241786015164,1206.6065711878687,1254.201347935973,1241.259056444819,0.2948609941027801,0.5475989890480202,3712.355096882898,-1.4342038753159232,-7.566592455046005,41.79022746419545,-30.609125089666993,140.1032327113589,-31.366703262169285,142.9059762638783,-31.11079652433832,141.9104776729304,933614.0,151686.0,933330.0,COP -> AUS,0.0015435931780203775
2016-03-07,COP,AUS,1822,389,7.379802414928649,1292.6822173435785,1543.7475301866082,1548.5850713501648,0.2327113062568606,0.6586169045005489,3096.1767288693745,-2.8798024149286476,-5.384552469073706,43.33150384193194,-26.477797745762718,132.1959455553673,-27.349548836158196,134.023359340678,-27.047354508474584,133.28493035762716,221666.0,46712.0,219548.0,COP -> AUS,0.0011828342318199287
2016-03-14,COP,AUS,1628,349,7.146191646191646,1462.6750614250614,1108.1332923832924,1498.5896805896805,0.21683046683046683,0.5823095823095823,5329.46375921376,-4.190847665847664,-3.225335387178399,40.614250614250615,-30.99070679568529,144.0320697519034,-31.266550272842647,145.26843952347693,-30.960042138324877,143.77027068464454,281072.0,79418.0,277493.0,COP -> AUS,0.001135054786612489
2016-03-21,COP,AUS,1307,373,6.247895944912012,1328.3970925784238,1349.6710022953328,1355.6006120887528,0.34200459066564654,0.8431522570772763,2881.289977046672,-3.4824024483550113,-5.729797932381479,49.762815608263196,-31.663586181818207,139.6286146426878,-31.537865343873555,139.7654012039527,-31.587226529644305,140.05166839762853,113256.0,20011.0,111894.0,COP -> AUS,0.000917433124600334
2016-03-28,COP,AUS,1255,346,7.790438247011952,1786.0956175298804,1805.3490039840638,1806.222310756972,0.24780876494023904,0.6111553784860557,4076.9505976095616,-2.78581673306773,-4.706102651446322,46.47808764940239,-30.544251885245895,133.75947721311474,-31.287399983606562,138.12396122950818,-30.953943311475413,135.97358557377052,135509.0,30925.0,135397.0,COP -> AUS,0.0008718674428023696
2016-04-04,COP,AUS,2971,491,6.240996297542915,1287.186132615281,1314.8249747559744,1309.7829013800067,0.2938404577583305,0.7519353752945136,2664.846179737462,-1.9112420060585669,-5.36618897672025,42.4436216762033,-20.746558494513053,125.33231274074075,-25.2359859979424,132.27794039437558,-19.779094125514415,123.29348662208493,677112.0,143543.0,624530.0,COP -> AUS,0.0019849448845411476
2016-04-11,COP,AUS,2671,496,6.062523399475852,1419.5612130288282,1429.7207038562335,1426.4166978659678,0.21602396106327218,0.7514039685511045,3151.558217895919,-2.0323099962560844,-5.406189796441947,44.069636840134784,-26.198835043709586,136.41637183162266,-26.922172284302512,136.83103416685634,-22.73142409730142,125.79548661725566,973743.0,141327.0,927466.0,COP -> AUS,0.0018854845222262694
2016-04-18,COP,AUS,944,372,5.663135593220339,1255.7648305084747,1266.4194915254238,1310.2118644067796,0.4025423728813559,0.8569915254237288,3313.7330508474574,-1.4128177966101703,-4.842221877028031,46.04872881355932,-15.310518178770945,84.60936256536314,-16.033276055865922,86.06527057206704,-15.498434893854746,84.96949951061453,40170.0,12648.0,38160.0,COP -> AUS,0.0007483184634104773
2016-04-25,COP,AUS,1601,645,5.743910056214865,1251.26545908807,1287.7482823235478,1267.2386008744534,0.28544659587757654,0.7532792004996877,2879.8138663335417,-2.440849469081823,-5.405644349834226,50.256089943785135,-26.91428021907215,132.6712758240979,-27.99413962628865,134.11299583956182,-27.577497358247417,133.01147339497422,98394.0,15493.0,95707.0,COP -> AUS,0.0010939640652278637
2016-05-02,COP,AUS,2166,493,4.935826408125577,1323.3693444136657,1294.01108033241,1361.6869806094182,0.24192059095106186,0.866112650046168,3139.466297322253,-4.193028624192058,-4.348875493834132,42.08217913204063,-28.202765183044335,132.79448753805394,-28.01988500963393,132.25744216233136,-29.08877240847786,134.27735781743726,623383.0,91954.0,621703.0,COP -> AUS,0.0014491851845904646
2016-05-09,COP,AUS,1436,551,5.992339832869081,1433.4387186629526,1347.9303621169915,1410.7298050139275,0.3168523676880223,0.7639275766016713,3267.939415041783,-1.8825905292479115,-5.009974810345073,45.57799442896936,-25.326616221264388,130.61928627227022,-25.184298857758645,129.89050157183917,-23.310215122126447,127.24071112140811,81453.0,11138.0,80294.0,COP -> AUS,0.0009595396348002841
2016-05-16,COP,AUS,1431,365,3.7756813417190775,772.6897274633124,796.0244584206848,789.346610761705,0.3612858141160028,0.9133473095737247,3277.914744933613,-5.809853249475891,-5.050161699543405,56.156533892382946,-28.222347360912966,137.53275420827373,-29.38671718972895,139.2017803138372,-29.37207232524964,139.11521019971448,455766.0,58107.0,387900.0,COP -> AUS,0.0011031690477438614
2016-05-23,COP,AUS,1584,524,5.654040404040404,1275.3017676767677,1298.8794191919192,1295.215909090909,0.2796717171717172,0.7809343434343434,3013.306186868687,-3.5900883838383844,-5.438524689619407,47.032828282828284,-27.873608372858996,131.61495617391293,-27.923673761528296,133.7039792173912,-28.32834576416334,133.51297266271396,99334.0,26260.0,98077.0,COP -> AUS,0.0009652939057899962
2016-05-30,COP,AUS,1041,356,5.026897214217099,1403.4505283381363,1376.3583093179634,1406.5590778097983,0.23439000960614795,0.7877041306436119,2988.3170028818445,-0.8844380403458212,-3.9954783499444715,42.49759846301633,-27.025875040322582,130.9086842066533,-27.368969556451596,129.55906354133063,-26.795643447580634,128.4940248316532,72804.0,29163.0,71570.0,COP -> AUS,0.0008591745981439847
2016-06-06,COP,AUS,1889,384,5.685547908946533,1075.7379565907888,1112.918475383801,1101.707252514558,0.5473795659078877,0.8163049232398094,3182.032292218105,-4.246532556908416,-5.279128377554766,50.487030174695605,-27.343882399999977,134.20507846810824,-28.68631487567567,135.84612846810822,-26.966253524324305,133.59436361945959,575328.0,82149.0,512191.0,COP -> AUS,0.0013412516170992895
2016-06-13,COP,AUS,1935,532,6.570025839793281,1507.3726098191214,1415.9116279069767,1530.5333333333333,0.2284237726098191,0.8051679586563307,3333.6062015503876,-2.0090956072351407,-4.802522538324432,40.84237726098191,-23.153990706006326,119.27599980611177,-29.344913382507897,139.3897050395153,-26.59854860906217,128.80071729820867,150643.0,20624.0,150069.0,COP -> AUS,0.0011664918435996673
2016-06-20,COP,AUS,1091,428,4.697525206232814,949.5783684692942,968.5820348304308,979.6599450045829,0.24014665444546288,0.8377635197066912,2526.7781851512373,-3.1372135655362063,-6.317022634144101,41.824014665444544,-31.034409056956125,135.5533439393091,-30.678308963585447,135.70563410831002,-30.511926423902903,135.0097689010271,34269.0,5729.0,31257.0,COP -> AUS,0.0007325362944540758
2016-06-27,COP,AUS,1668,477,5.8231414868105515,1175.4172661870505,1198.6966426858514,1174.2961630695443,0.22182254196642687,0.7176258992805755,2793.9670263788967,-2.6440647482014388,-5.600990790367744,39.68824940047961,-27.761402623550943,129.69301873093352,-29.659906009762047,134.86996711409392,-27.843274087858447,127.7276712385601,111680.0,23162.0,111238.0,COP -> AUS,0.0010242315500160267
2016-07-04,COP,AUS,1442,525,5.225381414701803,1316.7330097087379,1325.0603328710124,1345.859916782247,0.30721220527045767,0.8176144244105409,2635.116504854369,-2.271983356449376,-6.2272860891960935,49.1123439667129,-28.254645468085084,123.69092446312057,-28.760384262411364,128.3348298035461,-28.376106815602864,130.1266338248227,119182.0,23634.0,118854.0,COP -> AUS,0.0007945871095047937
2016-07-11,COP,AUS,1760,381,7.074431818181818,1412.48125,1449.2659090909092,1469.4857954545455,0.4875,0.6210227272727272,2656.5142045454545,-2.0649431818181814,-5.26581213616432,53.89772727272727,-13.990221010332974,75.73253433524687,-14.004429850746291,75.11253064580943,-14.072940241102202,75.43319522502873,791509.0,107419.0,791005.0,COP -> AUS,0.0008554881264566994
2016-07-18,COP,AUS,1325,440,4.6611320754716985,932.3652830188679,958.6581132075472,958.474716981132,0.35094339622641507,0.8030188679245283,2368.8883018867923,-2.4363018867924526,-5.912386218437561,47.95471698113207,-27.561401723076912,137.30080702538467,-27.480997261538466,137.70760471769236,-27.582038030769233,137.59950648692313,55894.0,13870.0,54455.0,COP -> AUS,0.0007131911293018208
2016-07-25,COP,AUS,1701,475,5.928277483833039,1297.4285714285713,1230.91240446796,1321.4744268077602,0.24632569077013522,0.7666078777189889,3203.8853615520284,-2.2865961199294533,-5.446514455687214,44.397413286302175,-27.86940960904092,134.43473357544278,-28.845274893097123,137.3553585662797,-28.496772522907754,135.69321207269388,127048.0,31835.0,125927.0,COP -> AUS,0.0009990426575356948
2016-08-01,COP,AUS,2253,654,4.778073679538394,955.0137594318686,981.3000443852641,960.9600532623169,0.36662228140257436,0.8007101642254771,2565.06258322237,-3.276076342654238,-5.625200521638538,45.50821127385708,-27.213777658514488,136.46663730117734,-29.26655728260866,139.22603656521716,-28.196156059782577,137.34015386367733,293913.0,66118.0,291349.0,COP -> AUS,0.001542981591058514
2016-08-08,COP,AUS,2002,574,4.814685314685315,1265.1143856143856,1295.5394605394606,1287.7482517482517,0.3161838161838162,0.8346653346653347,2607.966033966034,-2.356143856143856,-5.704266961789011,45.599400599400596,-25.807555315497225,138.44883566986374,-23.659410191822307,136.233527140838,-25.303011312468456,137.8384386466431,154402.0,43250.0,153691.0,COP -> AUS,0.0013501256048421089
2016-08-15,COP,AUS,1606,611,5.379825653798257,1201.1843088418432,1153.1033623910337,1235.5454545454545,0.338107098381071,0.8094645080946451,3097.3424657534247,-1.9475093399750933,-5.574321515155715,50.94645080946451,-25.71065251469626,134.9093887890268,-26.182615558458505,134.32537239451347,-26.0360599346832,135.27298506597,55577.0,6553.0,53443.0,COP -> AUS,0.001005156591004537
2016-08-22,COP,AUS,4490,826,10.827171492204899,3022.1458797327396,3058.458797327394,3087.437639198218,0.3247216035634744,0.6799554565701559,6528.91425389755,-3.9529398663697113,-5.244564068351289,39.01559020044544,-10.467132006749196,85.05717294758124,-12.129286141732294,88.71875840404917,-10.4357695995501,84.92160339819993,1079682.0,259223.0,1070143.0,COP -> AUS,0.0024157227503514636
2016-08-29,COP,AUS,4696,754,8.747444633730835,2202.197402044293,2159.9987223168655,2246.2135860306644,0.21337308347529813,0.5858177172061328,3388.696976149915,-1.7215502555366273,-3.0126144371674974,36.58219761499148,-22.224104227058568,132.4646137949294,-23.90574251738841,132.0613988981379,-23.5721514695984,128.20042019138435,1265158.0,255941.0,1264746.0,COP -> AUS,0.00299430788192888
2016-09-05,COP,AUS,1672,583,4.964114832535885,1220.4192583732058,1267.3983253588517,1233.4413875598086,0.22188995215311005,0.7631578947368421,2735.8145933014353,-2.1919856459330154,-5.005193082707661,41.07655502392345,-22.176943947858472,126.10573464183742,-24.70319819987585,130.32987258224708,-23.44173004345128,128.32415773494728,59986.0,11134.0,57893.0,COP -> AUS,0.0010823596735572152
2016-09-12,COP,AUS,1659,584,5.3441832429174205,1186.3767329716698,1185.1826401446654,1204.528631705847,0.41350210970464135,0.7625075346594334,2413.5268233875827,-1.807956600361664,-4.1382991031237815,48.97528631705847,-26.755348803738308,128.08335727227413,-28.378446579439252,131.95047244236756,-27.852419813084104,131.13641432585663,97135.0,15815.0,96398.0,COP -> AUS,0.0011538260914923583
2016-09-19,COP,AUS,2539,637,5.521465143757385,1617.9826703426545,1652.4564789287122,1643.1189444663253,0.21977156360771957,0.83536825521859,3044.4324537219377,-1.1830641985033479,-4.617255280819092,44.15911776289878,-27.869259117882866,138.04991023696888,-28.425056311146694,138.8132206218927,-28.168161283079336,138.3733175344829,423284.0,96532.0,422072.0,COP -> AUS,0.0013983502881240461
2016-09-26,COP,AUS,1487,559,5.147276395427034,1093.3631472763955,1045.2629455279086,1126.7202420981844,0.2885003362474781,0.8419636852723604,2551.9031607262946,-1.3090786819098854,-5.153308117633715,45.41358439811702,-26.617692252077553,125.79360969529088,-27.019393831024928,127.62842966066485,-27.20805047922437,127.60086103185598,51969.0,7994.0,49878.0,COP -> AUS,0.0008990913554210311
2016-10-03,COP,AUS,1753,470,6.081003993154592,1994.7843696520251,2030.0775812892184,2018.1762692527097,0.40787221905305193,0.7227609811751283,3652.5396463205934,-1.4370792926411864,-4.860610396256728,49.76041072447234,-27.788843157894753,134.3647801128655,-27.58398801169593,133.96721611286554,-27.49717690058481,133.85599055730995,522805.0,78464.0,522683.0,COP -> AUS,0.001107325975163809
2016-10-10,COP,AUS,2178,643,4.679981634527089,1047.406795224977,1069.9706152433425,1069.105142332415,0.31955922865013775,0.8691460055096418,3843.7093663911846,-2.1422405876951323,-5.886411695871995,47.12580348943985,-25.937068569418393,129.01020324577865,-27.553779296435287,132.95168348780496,-26.547260642589126,130.28884885506574,273505.0,41268.0,268841.0,COP -> AUS,0.0014133340082035668
2016-10-17,COP,AUS,1565,549,6.30926517571885,1365.7009584664536,1295.2479233226836,1400.3884984025558,0.31054313099041536,0.7527156549520767,2871.3514376996804,-2.372460063897764,-5.454117267113739,48.415335463258785,-26.441915716180368,125.65649835278526,-26.891427984084874,126.3309681299735,-26.42113726790451,125.17072522480109,57249.0,8571.0,54907.0,COP -> AUS,0.000986111268636873
2016-10-24,COP,AUS,1569,418,5.2166985340981515,1401.4263862332696,1412.416826003824,1422.704270235819,0.4002549394518802,0.8017845761631612,3208.1185468451245,-2.2497769279796054,-6.322926863873298,51.53601019757807,-28.249515768229177,128.80454135351567,-27.60606182291669,127.31233430664071,-28.77535736328126,130.1140410084636,504795.0,18664.0,504054.0,COP -> AUS,0.0010121490136224033
2016-10-31,COP,AUS,1493,467,5.88881446751507,1419.2900200937709,1439.5458807769592,1443.9624916275955,0.30073677160080375,0.7575351640991292,3121.1219022103146,-3.2793034159410577,-5.33983354834059,46.38981915606162,-18.190302880886424,106.66893525346262,-20.95226929362881,112.24939397229919,-19.613673933518,109.79353278116345,132615.0,23026.0,130685.0,COP -> AUS,0.0009593074994972149
2016-11-07,COP,AUS,993,374,5.408862034239678,1120.1792547834843,1146.1842900302115,1145.7482376636456,0.3776435045317221,0.7764350453172205,2387.413897280967,-2.357401812688822,-5.072893705496158,50.22155085599194,-27.404311297071143,132.29630434100417,-28.610690690376572,132.96676975941415,-28.291873012552312,133.07143168410042,41235.0,5705.0,40265.0,COP -> AUS,0.0005329483367503569
2016-11-14,COP,AUS,1275,467,4.632156862745098,945.2258823529412,969.3341176470589,965.0501960784313,0.22745098039215686,0.8117647058823529,2635.772549019608,-1.9437647058823535,-5.402840986000493,43.1921568627451,-25.06655851046699,127.28206607568444,-27.77543081320451,133.80684143800326,-26.09676809178744,126.02906229146546,70551.0,12103.0,69848.0,COP -> AUS,0.0007748819140738003
2016-11-21,COP,AUS,1395,465,4.753405017921147,990.6609318996416,1014.4222222222222,1012.8587813620072,0.27956989247311825,0.8229390681003584,2238.804301075269,-1.4957706093189966,-5.1360813748961505,48.982078853046595,-27.29257869090909,132.08268858181816,-28.242978181818188,135.26793643636358,-27.534298545454543,132.1685741090909,83693.0,14841.0,83366.0,COP -> AUS,0.0010044418651369389
2016-11-28,COP,AUS,1975,505,4.488101265822785,1108.013670886076,1133.1817721518987,1128.0486075949368,0.370126582278481,0.8384810126582278,2652.0901265822786,-2.5349367088607613,-5.27917822572534,47.17974683544304,-21.17553988119837,120.96976143646687,-23.185746435950435,124.83532164152886,-22.386996126033086,123.04570847004128,187795.0,40333.0,185718.0,COP -> AUS,0.0013055330805556878
2016-12-05,COP,AUS,1533,448,5.741682974559687,1402.928245270711,1245.9028049575995,1422.9739073711676,0.20678408349641225,0.7625570776255708,3019.617742987606,-1.25218525766471,-4.332902483937492,50.70450097847358,-26.79833291307234,133.1728987611149,-27.305559787657625,134.61160526410097,-26.9694384870604,133.64028349900474,189756.0,19732.0,157698.0,COP -> AUS,0.0009837593081727105
2016-12-12,COP,AUS,1437,381,4.864996520528879,1458.9561586638831,1466.2839248434238,1481.1635351426582,0.2546972860125261,0.8796102992345164,2908.393180236604,-2.282115518441197,-5.238123479309553,48.3785664578984,-26.073792816091967,130.58568090517255,-28.512809841954038,140.49896206178175,-26.932269971264382,137.1076253520116,134592.0,26302.0,131424.0,COP -> AUS,0.0009304777099758606
2016-12-19,COP,AUS,3032,565,4.612137203166227,1056.1246701846965,1102.0267150395778,1087.5999340369392,0.30474934036939316,0.9102902374670184,2418.074538258575,-4.4017150395778355,-6.293407299200801,46.85356200527705,-30.547131090047387,128.12348446310074,-31.176633354773195,130.72390483446156,-30.53038482058225,128.1008772796207,591461.0,105246.0,577111.0,COP -> AUS,0.0019358513021026206
2016-12-26,COP,AUS,1643,422,5.418137553256239,1204.7443700547778,1245.11685940353,1240.761412051126,0.3724893487522824,0.8307973219720024,2595.0419963481436,-2.0107729762629347,-5.075870595623586,44.856968959220936,-27.251459011808603,126.72335641516464,-25.51245282162836,122.04086103915475,-26.257269042883802,123.51927038657551,197421.0,35394.0,191960.0,COP -> AUS,0.001347330923499813
2017-01-02,COP,AUS,1624,421,5.565270935960591,1652.1410098522167,1684.3559113300494,1694.7931034482758,0.17118226600985223,0.8399014778325123,3604.8097290640394,-2.8192733990147767,-3.793465144904988,45.0307881773399,-29.328839871547874,132.36558974116875,-28.99385894669238,132.1395091374436,-28.98182156711627,131.8749991181758,302614.0,39823.0,302463.0,COP -> AUS,0.0012240012782673449
2017-01-09,COP,AUS,2881,657,7.705657757723013,1878.4592155501562,1964.710864283235,1967.9323151683443,0.11037834085387019,0.8375564040263798,3027.13467545991,1.6219368274904509,-1.3281212541082312,40.48594238111767,-24.79221639747196,134.46245988728919,-24.792846875000052,137.61295952914313,-24.393018574438244,136.57268050175549,314763.0,11434.0,314405.0,COP -> AUS,0.0018116648325734947
2017-01-16,COP,AUS,1743,456,5.235800344234079,1105.790017211704,1151.1612162937465,1148.0206540447505,0.36775674125071717,0.8835341365461847,2387.413654618474,-1.7083189902467009,-5.469652609476948,52.644865174985654,-26.61478509615383,134.15054554120874,-27.989261675824153,136.96976377884616,-27.480384409340648,136.94235729258241,285637.0,31251.0,280133.0,COP -> AUS,0.0009106430822473187
2017-01-23,COP,AUS,1240,425,5.682258064516129,1154.6806451612904,1189.6612903225807,1181.8725806451612,0.2508064516129032,0.7669354838709678,2919.400806451613,-2.4337903225806454,-4.870972721420619,50.49193548387097,-29.320277276456096,138.94773414274002,-29.47259844134535,139.21902805578347,-29.527611894995882,138.82789493027082,86784.0,12778.0,86470.0,COP -> AUS,0.0006079545955974281
2017-01-30,COP,AUS,1032,445,4.8352713178294575,984.6550387596899,1009.6647286821706,1009.1298449612403,0.41957364341085274,0.8217054263565892,2427.4147286821703,-2.3827519379844957,-6.0284119589665055,54.91279069767442,-23.460120271047227,123.18160618377824,-24.011412160164273,123.89359800102672,-23.875430435318275,123.90629882238193,32450.0,4148.0,31455.0,COP -> AUS,0.00047010740952140603
2017-02-06,COP,AUS,1999,474,10.435717858929465,2821.2666333166585,2820.5082541270635,2823.0215107553777,0.44022011005502754,0.768384192096048,4098.779389694848,-3.3163581790895442,-4.952491364219995,54.89744872436218,-22.19514610232067,117.92191814240523,-28.96238450421939,134.36572925158222,-25.685453380801704,126.10152357489464,585310.0,60626.0,583269.0,COP -> AUS,0.0010034450441912379
2017-02-13,COP,AUS,1739,476,6.587119033927545,1461.2593444508339,1505.7193789534215,1487.8424381828638,0.29212190914318575,0.7740080506037953,2987.3760782058653,-2.727774583093732,-4.503929385090591,46.63024726854514,-24.305551149086625,130.84052682380667,-26.327554997053632,131.3981604714201,-24.324008956982922,130.34675758397168,170326.0,19171.0,169833.0,COP -> AUS,0.0008059754342024644
2017-02-20,COP,AUS,1793,535,6.119353039598439,1437.0262130507529,1476.8098159509202,1457.2799776910206,0.3892916899051868,0.8114891243725599,3069.4116006692693,-0.7215839375348578,-4.541373199443675,54.47852760736196,-27.595623549295727,131.17184788732374,-27.367764957746434,130.35974954366176,-27.336857014084462,130.18951585352087,442393.0,45569.0,440797.0,COP -> AUS,0.001018228736311695
2017-02-27,COP,AUS,2111,584,7.344860255802937,1582.1965892941735,1703.2505921364282,1637.3737565135007,0.1961155850307911,0.7759355755566082,3418.2728564661297,-1.861250592136428,-5.231803789589256,44.45286594031265,-29.752530950096,138.22325627015343,-30.423101775431892,139.09147656765825,-29.13965547024954,137.09831404366594,172198.0,34087.0,171843.0,COP -> AUS,0.0010707843761856744
2017-03-06,COP,AUS,2637,597,5.607508532423208,1206.145620022753,1221.1387940841867,1211.9359120212362,0.4433067880166856,0.8748577929465301,3895.7846037163445,-2.5088357982555944,-4.695418216267738,59.08608266970042,-24.216973720751827,132.99720412811632,-24.8154064403529,135.4812646816262,-24.884298998849257,135.2353491607209,966011.0,105388.0,961908.0,COP -> AUS,0.0015244193245729804
2017-03-13,COP,AUS,1654,506,5.375453446191052,1111.3960096735188,1132.2321644498186,1135.1342200725514,0.3010882708585248,0.8301088270858524,2905.867593712213,-2.0716444981862154,-4.538371996727095,51.360338573155985,-25.270160419235513,132.36016610727498,-26.384746609124534,134.1672776572133,-25.542311245376084,132.82051526510477,125065.0,16995.0,113468.0,COP -> AUS,0.0008785815211040168
2017-03-20,COP,AUS,1168,389,4.29195205479452,977.070205479452,979.0042808219179,982.3904109589041,0.2662671232876712,0.8672945205479452,3725.405821917808,-4.250513698630137,-5.057788712766873,43.53595890410959,-2.309930979699912,88.22183537157984,-2.491577934686669,89.41059738128858,-1.7216021182700778,87.6495031562224,136486.0,33193.0,134061.0,COP -> AUS,0.0006656279527267381
2017-03-27,COP,AUS,1467,482,4.785957736877982,1297.2044989775052,1336.1015678254942,1328.1267893660531,0.1629175187457396,0.7620995228357191,3652.3551465576006,-1.0411042944785276,-4.5775003292757965,41.540558963871845,-27.66063708246708,137.238124,-29.006905197505205,139.3572084539154,-28.429242411642413,137.94444407415102,117731.0,30186.0,117601.0,COP -> AUS,0.0009385160059522515
2017-04-03,COP,AUS,1929,422,7.010886469673406,1457.123379989632,1522.4302747537583,1498.2706065318819,0.42198030067392434,0.6065318818040435,2844.1000518403316,-3.4598755832037327,-5.066341660111504,45.220321410057025,-21.606743563402883,108.82009111824489,-19.421224772605676,109.34723882611001,-20.463260149812733,108.39660759764556,402306.0,81402.0,399616.0,COP -> AUS,0.0009721131037721919
2017-04-10,COP,AUS,1110,375,9.163963963963964,1992.6639639639639,2019.5864864864866,2007.9,0.32882882882882886,0.6594594594594595,3915.844144144144,-3.0027027027027033,-4.46046515167791,47.387387387387385,-20.409533118908374,111.20858179337235,-21.48569048732943,112.05352702729049,-21.371617524366467,113.17309612085772,66309.0,10593.0,65812.0,COP -> AUS,0.0006541031715164587
2017-04-17,COP,AUS,982,357,8.785132382892057,1709.7729124236253,1701.0885947046843,1721.4623217922606,0.3635437881873727,0.6771894093686355,3273.224032586558,-2.34755600814664,-5.6871619595843885,50.06109979633401,-15.268135796791437,94.62382759572192,-15.123175903743311,93.21132987379679,-13.536548096256679,92.35546843957219,50241.0,8023.0,50039.0,COP -> AUS,0.0006379709664740411
2017-04-24,COP,AUS,1871,491,4.901122394441475,1318.7846071619456,1279.5088188134687,1336.1881346873329,0.3800106894708712,0.8551576696953501,3746.1582041688935,-2.241154462854089,-4.324735386661221,49.89845002672368,-18.657762667757765,121.17337761593019,-19.770773398799772,123.84168201854887,-20.81123991816694,123.63281547735954,290988.0,44269.0,290954.0,COP -> AUS,0.001038116232398215
2017-05-01,COP,AUS,673,303,7.0980683506686475,1777.7548291233284,1782.5126300148588,1783.8291233283803,0.3640416047548291,0.6998514115898959,4217.45765230312,-1.2677563150074294,-4.399632734599945,51.263001485884104,-23.567398940609948,117.01507596308186,-27.12496032102728,128.90316556340292,-25.22910263242375,119.34959564365973,26619.0,2804.0,23670.0,COP -> AUS,0.0005578150888567112
2017-05-08,COP,AUS,1815,512,6.2303030303030305,1404.9289256198347,1418.035261707989,1434.2,0.26721763085399447,0.7669421487603306,3630.0176308539944,-0.9795041322314053,-3.360627046963058,42.51790633608815,-28.191786484983307,134.04984688431583,-28.92304382647385,135.41557250611783,-26.92417647385985,132.54539180533922,216736.0,59816.0,216467.0,COP -> AUS,0.0010712723705575398
2017-05-15,COP,AUS,2389,525,6.956048555881122,2146.548765173713,2151.7488488907493,2152.1812473838427,0.3662620343239849,0.6588530766010883,4808.538719129343,-1.0928003348681459,-4.166366698483028,46.54667224780243,-23.367862980358673,127.03127502134922,-20.253379944491897,115.41793641118697,-20.14045687446627,115.71395390008534,357693.0,61334.0,352607.0,COP -> AUS,0.0013194120359759313
2017-05-22,COP,AUS,1678,475,5.34207389749702,1296.7222884386174,1347.818831942789,1330.9076281287246,0.27830750893921335,0.8122765196662693,3516.6841477949943,-2.6016090584028606,-5.327027693277253,45.81644815256257,-29.747434699272983,138.61301788235298,-29.598506014540668,138.38212958096503,-29.58690475875745,138.59754861599473,234109.0,41765.0,231173.0,COP -> AUS,0.0009601080264573273
2017-05-29,COP,AUS,3450,618,14.818260869565217,3054.828695652174,3095.5602898550724,3088.267536231884,0.36666666666666664,0.638840579710145,5328.113623188406,-3.8306666666666644,-3.596923610283442,39.130434782608695,-21.243713885836392,128.21729970665456,-21.751705521978028,128.67212478998786,-21.461976663614166,128.70249697100132,694011.0,89812.0,633326.0,COP -> AUS,0.0024024300057240507
2017-06-05,COP,AUS,4092,717,7.743890518084067,1592.2578201368524,1632.5891984359725,1630.0193059628543,0.3932062561094819,0.6163245356793744,3615.355327468231,-2.6159579667644186,-6.299481396266527,50.63782991202346,-22.18853879930541,123.74105947854109,-27.530496020838495,132.0399788481765,-25.538594237162,129.3394434981393,1779616.0,235730.0,1744559.0,COP -> AUS,0.0025250779984992695
2017-06-12,COP,AUS,1066,429,4.196998123827392,945.3480300187617,896.0590994371482,967.3142589118199,0.3030018761726079,0.8311444652908068,2970.1294559099438,-1.9363039399624773,-4.716638841612491,53.07692307692308,-26.87681222113501,133.92788301761254,-29.649467309197643,138.49544280234838,-27.584934432485305,135.07301605772997,61693.0,9899.0,60350.0,COP -> AUS,0.0007236720177211392
2017-06-19,COP,AUS,1440,458,6.532638888888889,1643.4402777777777,1685.525,1674.5381944444443,0.23958333333333334,0.7673611111111112,3740.959027777778,-1.8619444444444448,-4.400343162157274,39.048611111111114,-25.43760462780898,132.8430031685393,-25.993748588483136,133.69948057724716,-26.892782577247182,135.13923448876406,68308.0,22410.0,67654.0,COP -> AUS,0.0009782655216431057
2017-06-26,COP,AUS,1635,503,5.2629969418960245,1307.548623853211,1321.549235474006,1335.6886850152905,0.25137614678899084,0.7908256880733945,3648.4948012232417,-2.973211009174312,-4.751763967276892,45.30275229357798,-27.92659457499999,135.37405683312494,-29.39705223749999,136.46229768562497,-28.890222837499994,136.05097620812495,94316.0,12086.0,93786.0,COP -> AUS,0.0012887410536936029
2017-07-03,COP,AUS,635,305,5.363779527559055,1141.5590551181103,1198.8724409448819,1236.6992125984252,0.4,0.784251968503937,2892.3259842519683,-1.8069291338582678,-4.559460897795356,50.37795275590551,-20.147545273631838,114.84025978109452,-23.180857877280268,120.6135975953565,-22.727915754560534,119.43529040961852,16185.0,3210.0,15937.0,COP -> AUS,0.00044289018276369056
2017-07-10,COP,AUS,1228,443,5.450325732899023,1289.9144951140065,1271.271986970684,1302.6693811074917,0.28013029315960913,0.8289902280130294,3744.2548859934855,-3.563110749185669,-4.835179353734147,43.29804560260586,-25.938388836242716,133.035846127182,-28.337299085619303,136.5202068694929,-28.621391188694943,136.99998741396502,46271.0,7111.0,45205.0,COP -> AUS,0.0009142319409412123
2017-07-17,COP,AUS,2417,479,5.062887877534133,1007.7190732312785,976.1948696731486,979.5664046338436,0.48655357881671496,0.8220935043442283,3483.5804716590815,-6.526272238311952,-3.5956558820088933,55.3868431940422,-12.179404190595092,87.0267735422388,-15.42379073241781,95.8341913116938,-14.044773395755307,91.64042501955893,1109098.0,74993.0,1098221.0,COP -> AUS,0.002297369098912338
2017-07-24,COP,AUS,1245,483,5.332530120481928,1224.8995983935743,1222.9052208835342,1234.1678714859438,0.35180722891566263,0.8393574297188755,3895.863453815261,-3.523694779116466,-4.476084458631027,51.11646586345382,-18.62271409507923,106.24375112593833,-18.995035195996657,105.49612810675566,-18.325211092577145,105.04141334445374,87900.0,14288.0,85982.0,COP -> AUS,0.0008605738956486757
2017-07-31,COP,AUS,1928,520,7.29253112033195,1556.7588174273858,1712.2245850622407,1711.2546680497926,0.31483402489626555,0.7370331950207469,3549.6716804979255,-2.415612033195021,-4.210919532962939,49.81327800829875,-28.341040315789517,136.98201217526315,-30.02349328421057,140.63552119105265,-29.42731321052637,139.11566428052632,395696.0,59507.0,395565.0,COP -> AUS,0.001445047713556766
2017-08-07,COP,AUS,1532,451,6.488250652741514,1674.6834203655353,1719.201044386423,1699.2330287206266,0.508485639686684,0.7656657963446475,3389.9647519582245,-2.904634464751958,-4.840632279134617,53.400783289817234,-23.85599663494222,133.30499568048953,-26.87231104690687,137.4790561835487,-25.007443609789263,135.13902171719928,190844.0,26140.0,187936.0,COP -> AUS,0.0013022416066193316
2017-08-14,COP,AUS,1159,403,7.559965487489215,1566.223468507334,1559.739430543572,1624.9577221742882,0.19413287316652286,0.7161345987920621,4326.798101811907,-2.4785159620362376,-3.7817616551412105,37.791199309749786,-25.555598826086964,129.96004934434782,-29.096300260869572,135.43313089826083,-28.14649680434783,133.81416035913037,34081.0,6883.0,32555.0,COP -> AUS,0.001001136752343472
2017-08-21,COP,AUS,871,231,8.610792192881744,1903.0482204362802,1915.446613088404,1926.2824339839265,0.39150401836969,0.5510907003444316,3939.4626865671644,-4.001148105625718,-4.482166599533264,40.36739380022962,-29.490784462427754,137.37050149017352,-22.90252070520233,126.87925537456653,-29.482539057803482,137.57000404508676,134637.0,26192.0,133809.0,COP -> AUS,0.0009503535729911915
2017-08-28,COP,AUS,652,305,5.976993865030675,1262.5858895705521,1295.7315950920245,1288.1334355828221,0.3205521472392638,0.6993865030674846,2959.0981595092026,-1.4190184049079748,-4.598517974341938,50.90490797546012,-26.922887096091202,132.889250043974,-28.84667061400651,135.8906691710098,-27.637314371335503,134.2378775700326,22483.0,2539.0,22296.0,COP -> AUS,0.0004961381881824754
2017-09-04,COP,AUS,699,314,4.928469241773962,1023.1473533619456,1053.9227467811158,1041.3390557939915,0.37052932761087265,0.8397711015736766,2299.725321888412,-1.5270386266094425,-5.273245693070225,49.39914163090129,-20.609489511485442,124.38625538744259,-22.574932222052063,127.03510531546708,-21.775932811638587,125.22733134456354,20791.0,3356.0,20701.0,COP -> AUS,0.0005469813126455975
2017-09-11,COP,AUS,1032,306,7.932170542635659,2328.93507751938,2442.8488372093025,2449.468992248062,0.27810077519379844,0.6036821705426356,4659.727713178295,-0.5951550387596894,-4.076487761955612,41.28875968992248,-23.536604873405302,135.7657066947989,-26.292058062806678,138.57435385868504,-27.93409790579,139.7882573493622,71557.0,13738.0,71119.0,COP -> AUS,0.0009118267105144576
2017-09-18,COP,AUS,1028,344,6.497081712062257,1427.1429961089493,1455.3404669260701,1449.7402723735408,0.47373540856031127,0.6926070038910506,4110.4231517509725,-1.5250972762645911,-5.199133421920952,52.6556420233463,-25.158466330645147,123.03213844052416,-25.84958669354838,124.27752553729839,-25.90433738709677,124.15902138306448,105641.0,14134.0,101451.0,COP -> AUS,0.0007411893637884293
2017-09-25,COP,AUS,786,296,4.7226463104325695,1110.5229007633588,1151.6259541984732,1153.941475826972,0.2875318066157761,0.8486005089058524,2465.9096692111957,-1.3961832061068704,-5.717849391409608,45.05089058524173,-27.57044605263157,133.1326023967611,-30.072007726045882,138.50222317948717,-29.239531174089066,137.1215983481781,22207.0,3295.0,22071.0,COP -> AUS,0.0006390176363989649
2017-10-02,COP,AUS,597,290,7.3953098827470685,1672.750418760469,1590.1021775544389,1686.3701842546063,0.3601340033500838,0.6348408710217756,3207.1289782244558,-2.208375209380234,-4.711837605098149,48.29145728643216,-26.565461719022682,136.63033262652706,-27.367032661431054,137.6788639179756,-26.838979083769626,136.83737229493892,17610.0,2383.0,17562.0,COP -> AUS,0.00046544372691785036
2017-10-09,COP,AUS,1272,404,4.526729559748428,870.2216981132076,896.247641509434,892.4827044025158,0.43946540880503143,0.835691823899371,2270.2382075471696,-1.6835691823899375,-5.813643468222491,50.0314465408805,-16.41470472175382,93.28070664418215,-16.69251821247894,93.8411967790894,-16.23236576728501,92.91841660202363,76334.0,11976.0,76094.0,COP -> AUS,0.0009340338587273788
2017-10-16,COP,AUS,800,260,5.7075,1431.18375,1011.1325,1452.2175,0.25125,0.63,3154.42875,-1.4657499999999997,-4.571058696797862,42.8,-25.49789496666666,121.02666578266663,-26.091599999999993,123.67796804933332,-25.89731406666666,121.70351102666663,23082.0,5919.0,22855.0,COP -> AUS,0.0005876800229195209
2017-10-23,COP,AUS,1469,444,5.102791014295439,919.5779441797141,954.8801906058543,943.6909462219197,0.43771272974812797,0.8270932607215793,2828.225323349217,-2.593056501021103,-5.625473141074864,57.29748127978216,-28.699988463623395,135.78427153994303,-29.00508731027105,137.6983510977176,-29.036544776034244,136.99913055563485,138314.0,18102.0,130371.0,COP -> AUS,0.0010956619543506505
2017-10-30,COP,AUS,949,347,6.749209694415174,1392.795574288725,1401.2286617492098,1423.0347734457323,0.34773445732349845,0.5648050579557429,2887.805057955743,-2.093677555321391,-6.084654962479326,50.08429926238146,-26.2748748469274,128.6605642480447,-27.4285542648045,131.10846544022345,-24.146167872625696,118.43032662905026,48746.0,8436.0,48456.0,COP -> AUS,0.0006325528071613777
2017-11-06,COP,AUS,845,282,5.163313609467456,1081.5775147928994,1067.6757396449705,1097.726627218935,0.2579881656804734,0.7905325443786982,2862.076923076923,-1.7752662721893486,-5.302867318349617,44.42603550295858,-26.56852398511166,127.92849944665019,-28.88834006443618,134.53346653407687,-28.326925194547705,131.25684720322184,28212.0,5195.0,28030.0,COP -> AUS,0.0005845137744648414
2017-11-13,COP,AUS,936,333,4.642094017094017,959.7553418803419,1001.7980769230769,1009.7083333333334,0.36645299145299143,0.8568376068376068,2590.5320512820513,-1.7800213675213674,-4.563544248492718,52.62820512820513,-27.178786831125826,130.73352284326717,-27.09774919315674,131.646412777042,-26.99450084878588,131.6946151390729,53752.0,7319.0,53240.0,COP -> AUS,0.0006360039383320797
2017-11-20,COP,AUS,896,309,7.582589285714286,1694.2622767857142,1717.294642857143,1738.982142857143,0.2265625,0.6662946428571429,4141.410714285715,-3.159486607142857,-6.268825021444639,40.825892857142854,-24.81070432523149,130.84280104513894,-29.733392549768535,138.04406721875006,-29.58232437847224,139.32393261226864,41025.0,9937.0,33107.0,COP -> AUS,0.0007825095150013013
2017-11-27,COP,AUS,834,374,6.338129496402877,1344.4064748201438,1361.5599520383694,1356.6774580335732,0.3441247002398082,0.7026378896882494,2768.9964028776976,-2.278657074340527,-6.318069678625861,48.39328537170264,-29.026470570361127,135.6916353237858,-30.13969474844332,137.3031758405978,-29.04753711083435,134.17884063885435,25866.0,4021.0,25736.0,COP -> AUS,0.0005657743171022586
2017-12-04,COP,AUS,1045,323,6.317703349282296,1423.9023923444977,1434.5626794258374,1447.0325358851674,0.45550239234449763,0.7665071770334928,3098.114832535885,-2.7363636363636363,-5.271297825585247,54.421052631578945,-25.39983996990973,128.0543693209629,-24.51581825476429,121.49108837813439,-26.824868856569708,130.16028897993982,240149.0,29310.0,240009.0,COP -> AUS,0.0006394597452441329
2017-12-11,COP,AUS,981,368,6.897043832823649,1474.664627930683,1480.165137614679,1499.2069317023445,0.3312945973496432,0.7981651376146789,2863.576962283384,-3.5801223241590217,-6.389228142255409,50.948012232415905,-31.322227484143774,139.05508893868927,-31.029892706131093,138.46214069767447,-29.789969027484158,135.6307319957717,45470.0,7129.0,43278.0,COP -> AUS,0.0007828229024775029
2017-12-18,COP,AUS,2519,516,6.587931718936086,1453.6339817387852,1480.2957522826518,1472.7229059150457,0.29614926558158,0.6982929734021437,3419.037316395395,-0.8508932115919025,-6.293748354438838,44.51369591107582,-25.63839215607397,126.01006721480259,-27.897714620675725,129.67716749155238,-26.52783511182618,127.30545390868839,1096934.0,248635.0,1090897.0,COP -> AUS,0.0021458368295111767
2017-12-25,COP,AUS,760,250,8.563157894736841,1778.4605263157894,1825.707894736842,1628.696052631579,0.46842105263157896,0.6328947368421053,3330.05,-2.646578947368421,-5.812850009553189,41.93421052631579,-13.522261354278076,109.45415561497323,-17.150969342245986,115.30431951871655,-16.632306097593577,115.16639705882349,36008.0,9117.0,35959.0,COP -> AUS,0.0009443351694025465
2018-01-01,COP,AUS,955,412,6.386387434554974,1434.7403141361256,1460.9560209424085,1459.3738219895288,0.4293193717277487,0.6963350785340314,2666.4387434554974,-1.6462827225130892,-4.304549992190521,51.56020942408377,-17.128956156732887,101.57803688741728,-22.30168513024284,114.14866653421643,-19.941160875275937,107.70305362030912,38543.0,4295.0,38263.0,COP -> AUS,0.0008853881291238922
2018-01-08,COP,AUS,654,280,6.717125382262997,1488.8792048929663,1531.211009174312,1519.9113149847094,0.2874617737003058,0.7339449541284404,3200.4510703363912,-1.5145259938837918,-6.004380525895499,46.60550458715596,-25.309267821368948,124.86275511853086,-26.08077500000001,126.43394844741232,-25.710502545909854,125.82377888647743,16248.0,3092.0,15608.0,COP -> AUS,0.0004966464970474594
2018-01-15,COP,AUS,1204,337,4.7284053156146175,888.6121262458472,922.4161129568106,925.4593023255813,0.3596345514950166,0.8189368770764119,2653.455980066445,-2.599086378737542,-5.787421612235283,47.998338870431894,-19.03870240051238,121.87437683774534,-23.165364040000018,133.26729402468064,-15.372629621483378,125.24913990792825,103496.0,20656.0,103272.0,COP -> AUS,0.0008600767925707653
2018-01-22,COP,AUS,1521,358,6.162393162393163,1259.4345825115056,1287.4082840236686,1283.9934253780407,0.3162393162393162,0.7692307692307693,3465.661406969099,-2.4057199211045366,-5.735470068416556,48.09993425378041,-19.456460551264048,105.81717951755616,-20.80531681882023,111.5408450372191,-19.291457180477533,108.33723101544942,360305.0,51046.0,353722.0,COP -> AUS,0.0011142677553914882
2018-01-29,COP,AUS,792,374,4.896464646464646,1086.9987373737374,1113.2184343434344,1112.29797979798,0.4078282828282828,0.7891414141414141,2855.0694444444443,-2.170959595959596,-4.938422273475119,56.52777777777778,-28.143330656381497,136.62051430575042,-27.825206813464238,134.55514389901825,-27.73001873492287,133.80682927068727,31685.0,3477.0,31061.0,COP -> AUS,0.0005903522136717224
2018-02-05,COP,AUS,1169,404,6.745936698032507,1273.540633019675,1318.5748502994013,1305.6313088109496,0.31223267750213857,0.6903336184773311,2965.9366980325062,-2.0003421727972626,-5.535119365428544,45.42343883661249,-25.91459644444445,125.69997218817211,-28.041914903225823,129.44247717025095,-27.27163900716847,127.74564847222229,41030.0,8372.0,40715.0,COP -> AUS,0.0008860887104415208
2018-02-12,COP,AUS,3582,554,10.743160245672808,2339.29508654383,2327.9701284198773,2363.210217755444,0.18983807928531546,0.46454494695700727,3905.820491345617,-1.7528196538246799,-4.214382293416636,34.72361809045226,-17.553237446976098,118.62554735077353,-14.75998927566807,114.76847387707453,-19.825813312236296,122.56765356765115,808117.0,270062.0,804013.0,COP -> AUS,0.002527360333707522
2018-02-19,COP,AUS,1716,452,5.2243589743589745,1039.3344988344988,1006.6625874125874,1070.131118881119,0.2948717948717949,0.8723776223776224,2286.7284382284383,-0.7350233100233101,-4.9832906749088135,45.442890442890445,-16.136109845552873,114.77558756790853,-26.66956158834136,136.44472620973553,-22.349158162860572,133.84284147415863,194669.0,44335.0,192629.0,COP -> AUS,0.0011377031920663102
2018-02-26,COP,AUS,1289,389,5.915438324282389,1384.9596586501164,1387.4243599689682,1387.6128782001551,0.32660977501939487,0.7245927075252133,2716.737005430566,-2.0556245151280073,-5.072161864016777,48.86733902249806,-19.356441263673464,106.46376709714289,-20.375942977959173,108.79805599510209,-20.929809753469385,108.8057977093878,103810.0,18391.0,103708.0,COP -> AUS,0.000882566000736727
2018-03-05,COP,AUS,1370,406,6.097810218978102,1327.1452554744526,1340.1306569343067,1347.663503649635,0.3291970802919708,0.745985401459854,3046.8430656934306,-2.1672992700729927,-4.994976545964186,46.37956204379562,-29.46230656198347,140.75696706160784,-28.490647734034553,140.30263838692713,-27.736972671675424,138.63286560706237,95354.0,14436.0,95316.0,COP -> AUS,0.0007985386160451472
2018-03-12,COP,AUS,1002,352,5.897205588822355,1211.869261477046,1265.8013972055887,1222.4011976047905,0.2874251497005988,0.7035928143712575,2439.0938123752494,-0.9504990019960081,-5.587261512967932,44.10179640718563,-25.422942769230772,135.67731682974366,-27.205924615384607,138.25608919794874,-26.790262051282046,137.5320648328205,43449.0,10900.0,43383.0,COP -> AUS,0.0006206870919385012
2018-03-19,COP,AUS,1000,383,6.831,1470.111,1518.16,1514.223,0.316,0.669,3704.2,-1.7984000000000002,-4.965395969706032,47.01,-17.08327037765957,109.25346995319148,-26.446894781914896,131.26352524042557,-22.47943648404255,121.7483199212766,44334.0,7861.0,43415.0,COP -> AUS,0.0006767369638466812
2018-03-26,COP,AUS,725,305,6.3020689655172415,1429.4565517241379,1516.431724137931,1529.7255172413793,0.4013793103448276,0.7006896551724138,3148.4744827586205,-2.7224827586206897,-5.181279252143807,53.2,-24.442906377245507,122.08537206886223,-24.841538712574845,122.33447030239515,-24.391039011976044,121.71606699401195,42725.0,5313.0,41146.0,COP -> AUS,0.00047900156253613156
2018-04-02,COP,AUS,1003,335,5.017946161515454,1167.1306081754735,1169.8863409770688,1180.4526420737786,0.4715852442671984,0.8155533399800599,2826.1904287138586,-1.1012961116650042,-6.582498867920968,53.130608175473576,-25.94599011099018,128.33992171164311,-25.793522319912928,127.69956338846575,-22.90168064417844,116.44291917301412,100918.0,10835.0,100805.0,COP -> AUS,0.0006593106095763716
2018-04-09,COP,AUS,739,339,4.650879566982408,998.7415426251691,1013.2205683355886,1018.4289580514209,0.37077131258457374,0.7875507442489851,2650.5399188092015,-2.17807848443843,-4.87435402238215,49.783491204330176,-26.968983004243277,127.40643111315416,-28.078403513437046,131.20372464922204,-26.86576645544554,126.78904501697309,26184.0,4493.0,26055.0,COP -> AUS,0.00037223312169605327
2018-04-16,COP,AUS,1386,344,6.408369408369408,1241.2994227994227,1266.407647907648,1232.1313131313132,0.3116883116883117,0.7597402597402597,2631.9220779220777,-2.587085137085136,-5.768248786185539,47.25829725829726,-26.526323481481473,128.94106712222225,-27.707377111111107,133.34357969259273,-27.285022888888875,132.4034254903705,170516.0,34801.0,169826.0,COP -> AUS,0.0008596910942577473
2018-04-23,COP,AUS,636,308,4.841194968553459,1019.1650943396227,1044.4009433962265,1049.7610062893082,0.42138364779874216,0.7877358490566038,2747.0738993710693,-1.5594339622641509,-5.314627887320102,53.77358490566038,-25.06183521775544,131.45493757788952,-27.1713816164154,131.49064198827475,-25.057133375209368,131.18401278726972,25200.0,3172.0,25086.0,COP -> AUS,0.0004031248514427876
2018-04-30,COP,AUS,1269,342,6.8132387706855795,1649.6666666666667,1513.789598108747,1675.0732860520095,0.3207249802994484,0.6879432624113475,3237.8817966903075,-1.2873128447596522,-4.035052171625195,41.08747044917258,-30.53814053542675,133.65142466344616,-30.4703855515298,133.57697742753632,-30.550050144122398,133.4568609484703,111571.0,20053.0,110825.0,COP -> AUS,0.000847299192094545
2018-05-07,COP,AUS,2468,408,6.865072933549433,1430.4797406807131,1425.128038897893,1470.1709886547812,0.2516207455429498,0.813614262560778,3579.8176661264183,1.097649918962723,-5.857936095650483,41.252025931928685,-32.380379680365415,125.4205251237025,-32.43170208592789,126.13446623619731,-32.54242649439612,126.85679646865891,641158.0,175626.0,623368.0,COP -> AUS,0.0012948026370324048
2018-05-14,COP,AUS,1048,327,8.767175572519085,1779.2719465648854,1809.7986641221373,1808.2022900763359,0.2833969465648855,0.48282442748091603,3540.06106870229,-2.3241412213740467,-5.73592324142189,45.83015267175573,-29.165109728483614,130.35814965778698,-29.963326774590186,130.8947631137296,-29.009408350409856,130.0644867264345,57670.0,11213.0,57484.0,COP -> AUS,0.0006034005768002842
2018-05-21,COP,AUS,1154,425,6.368284228769498,1343.4038128249567,1377.2157712305027,1370.9168110918545,0.4358752166377816,0.733102253032929,2619.7027729636047,-0.995233968804159,-5.023958193915983,44.54072790294627,-10.353645168720377,104.3923248,-11.913645672037907,109.6014373772512,-10.388402582938388,105.26915737630331,56624.0,12987.0,55443.0,COP -> AUS,0.0007272154391492713
2018-05-28,COP,AUS,1273,418,9.083267871170463,2503.0102120974075,2488.8774548311076,2486.2733699921446,0.22859387274155538,0.5545954438334643,4236.3864886095835,0.4434406912804441,-4.717000389078768,39.591516103692065,-30.389900957585663,134.04490450897214,-30.297405688417626,139.22525904078284,-28.12010876345841,134.44444696900473,59938.0,19543.0,59520.0,COP -> AUS,0.0008110697966017896
2018-06-04,COP,AUS,1491,388,5.644533869885983,1196.271629778672,1226.4339369550637,1219.1267605633802,0.4802146210596915,0.7223340040241448,2692.56338028169,-1.7061703554661296,-4.935352135105595,56.009389671361504,-26.066902948926714,129.79773796595123,-26.9424698127313,132.40012229903783,-26.73226500148038,130.49177670318292,174890.0,23668.0,171920.0,COP -> AUS,0.0010485917855387167
2018-06-11,COP,AUS,1046,339,6.8862332695984705,1528.7782026768643,1564.4608030592735,1556.6673040152964,0.25239005736137665,0.6548757170172084,3258.7160611854683,-2.227151051625239,-4.574930340983888,48.22179732313575,-27.26735931770835,133.71984127187505,-27.98946575520835,135.09947203229174,-26.492141747916683,133.75447203229177,73616.0,11488.0,70858.0,COP -> AUS,0.0007206963883878311
2018-06-18,COP,AUS,1275,410,5.19686274509804,1131.921568627451,1178.3976470588236,1172.4721568627451,0.25019607843137254,0.7858823529411765,2543.27137254902,-1.8463529411764705,-5.310181530029879,46.04705882352941,-28.3379554473029,129.78335327966803,-29.899082171784237,131.26035258838175,-28.88829340580913,129.408746806639,91871.0,16783.0,91510.0,COP -> AUS,0.0008884565454161565
2018-06-25,COP,AUS,1991,499,5.669512807634354,1203.4193872425917,1223.9121044701155,1227.1818181818182,0.37317930688096435,0.8196885986941236,2767.75138121547,-1.8923154193872451,-4.761694834576955,50.36162732295329,-28.804154266734795,132.85420682881966,-28.381634031681138,135.252119705672,-28.87359253960143,137.1234038308636,174427.0,27444.0,173920.0,COP -> AUS,0.0013497911586306298
2018-07-02,COP,AUS,1047,364,5.087870105062082,943.2731614135625,973.4192932187201,971.7478510028653,0.40974212034383956,0.7774594078319007,2626.4909264565426,-3.7369627507163323,-5.2746856573557555,53.26647564469914,-24.356935191119696,135.484628442085,-26.241371532818544,139.2122365501931,-24.878814472007726,137.79423027606182,107177.0,13547.0,105327.0,COP -> AUS,0.0008551252795287746
2018-07-09,COP,AUS,1330,360,8.112781954887218,1776.1323308270676,1757.6917293233082,1802.3684210526317,0.22857142857142856,0.6330827067669172,3071.5533834586467,-1.3641353383458648,-5.474543987403909,45.63157894736842,-30.404052202954887,140.22708677527226,-30.953460601088633,142.92035681026445,-30.968148781492992,142.65693371695187,87934.0,14101.0,87230.0,COP -> AUS,0.0008761776519361221
2018-07-16,COP,AUS,1004,324,5.8217131474103585,1100.2719123505976,1112.5637450199204,1121.546812749004,0.3147410358565737,0.8247011952191236,2938.9442231075695,-2.5768924302788845,-6.266880522336903,47.94820717131474,-28.187629470198672,134.0146732660044,-29.281604194260485,136.94995612472405,-28.579413465783663,134.41718099227367,88850.0,14689.0,87831.0,COP -> AUS,0.0006935076220217681
2018-07-23,COP,AUS,1567,399,10.711550733886407,2260.1391193363115,2194.471601786854,2268.2061263560945,0.16783663050414804,0.5832801531589024,3898.7900446713465,-2.839374601148692,-6.313319281163798,43.19081046585833,-32.7618815789474,142.86808617105274,-32.66463151315793,143.2024150065791,-32.65787703947371,143.30911128289483,169510.0,45788.0,149179.0,COP -> AUS,0.0011004653978424698
2018-07-30,COP,AUS,1909,495,6.579360921948664,1320.7003666841279,1328.9376636982713,1364.6893661602933,0.3965426925091671,0.7328444211629125,3099.015715034049,-2.5408067050811947,-6.409769281382865,49.01519119958093,-27.647112160044742,134.65279535478467,-29.46745019585896,139.22108375265825,-28.898395372132043,137.0256413536655,364515.0,44959.0,290326.0,COP -> AUS,0.0013899284430762778
2018-08-06,COP,AUS,1065,400,6.261032863849765,1185.869483568075,1196.5107981220658,1212.6892018779342,0.28544600938967135,0.7380281690140845,2484.38779342723,-2.614647887323944,-6.49788237395302,44.82629107981221,-27.876089980256648,132.39401678479769,-29.721759945705816,136.91318499802568,-27.98598008390918,132.88720217472854,54983.0,12964.0,53437.0,COP -> AUS,0.0007572003353011062
2018-08-13,COP,AUS,1127,375,8.619343389529725,1622.3762200532387,1640.0283939662822,1648.1650399290152,0.23957409050576753,0.5421472937000887,2969.7710736468503,-1.9312333629103815,-6.415178527078358,41.94321206743567,-29.059971886588652,134.63712517461752,-31.322895709270917,139.47982784518462,-29.356203810081,135.28155475787585,54690.0,13451.0,51571.0,COP -> AUS,0.0008607179625041623
2018-08-20,COP,AUS,977,362,6.073694984646878,1295.3265097236438,1308.8730808597747,1307.3664278403276,0.27942681678607983,0.7993858751279427,2621.6499488229274,-1.7057318321392012,-6.400311915406725,49.24257932446264,-30.523808651483034,137.725101348517,-30.442782698093215,137.0945737637712,-30.450318323093207,137.38890401800853,75581.0,12438.0,73893.0,COP -> AUS,0.000637491688791826
2018-08-27,COP,AUS,1887,378,8.520932697403286,1178.5198728139906,1631.8781134075252,1608.13884472708,0.35135135135135137,0.8065712771595125,3074.2421833598305,-1.2350291467938521,-7.7184100082911975,41.41494435612083,-14.522457641082275,120.75975943567094,-20.56437172170072,125.05519514135838,-16.901726332413034,122.44902083434569,314815.0,65087.0,305404.0,COP -> AUS,0.001196185897557803
2018-09-03,COP,AUS,1024,302,5.822265625,1239.8955078125,1284.431640625,1274.3701171875,0.2509765625,0.5791015625,2849.228515625,-1.116796875,-5.460851233531293,48.96484375,-28.182313038588756,135.39344958654908,-28.300192934950374,136.17281853142234,-28.150042072767363,135.10727134178615,149065.0,16135.0,104732.0,COP -> AUS,0.0006252056798470688
2018-09-10,COP,AUS,2664,507,6.8307057057057055,1563.8205705705707,1614.5052552552552,1593.1505255255256,0.22072072072072071,0.713963963963964,3614.641891891892,-1.2646021021021026,-4.610090733244425,42.82657657657658,-29.249419969230768,131.81577645846136,-29.34548116153846,132.12494645846138,-29.06060608461538,131.9510933815383,326166.0,71307.0,306471.0,COP -> AUS,0.0017321545492789516
2018-09-17,COP,AUS,2499,434,5.174469787915166,1264.455782312925,1310.064825930372,1279.1324529811925,0.2613045218087235,0.7867146858743498,2735.9523809523807,-0.8180872348939581,-5.07208935182077,49.263705482192876,-29.98607144363344,132.82311836982953,-30.18503372871048,134.51869294403875,-30.575043055555568,135.26432879156516,582077.0,104842.0,565480.0,COP -> AUS,0.0015704605113077556
2018-09-24,COP,AUS,2037,286,4.399607265586647,946.2930780559647,980.2965144820815,975.6244477172312,0.3784977908689249,0.8586156111929307,2036.3652430044183,-2.790034364261171,-4.012229255508825,52.047128129602356,-25.93106566501249,127.92996067543426,-27.305398853598106,130.73999057071975,-26.470059136476507,129.7272203280398,977512.0,142566.0,977448.0,COP -> AUS,0.0012956375115363895
2018-10-01,COP,AUS,2513,342,5.2992439315559094,864.6335057699961,864.0051730998806,869.8523676880222,0.20493434142459213,0.766016713091922,2251.449661758854,-2.880183048149623,-4.949780796887518,41.74293672900915,-27.721829365595717,129.0212620414801,-27.944800044733565,129.390475339569,-27.798367917852737,129.1901853843024,981122.0,174851.0,758898.0,COP -> AUS,0.001657458199141657
2018-10-08,COP,AUS,1700,320,4.8217647058823525,936.9682352941177,985.0817647058824,906.9182352941176,0.4323529411764706,0.82,2625.9623529411765,-0.6709411764705898,-5.823635210920955,58.32941176470588,-32.25623887204366,140.8672313735597,-32.258728684050936,140.90142337477255,-32.33398872043662,141.03102598241352,843523.0,77392.0,628039.0,COP -> AUS,0.0011789655894619896
2018-10-15,COP,AUS,983,357,7.532044760935911,1559.1220752797558,1573.3346897253307,1570.5890132248219,0.3916581892166836,0.676500508646999,3155.8901322482197,-2.271210579857579,-5.5179128062175025,52.95015259409969,-26.06260074915635,121.34980104836897,-24.0497025871766,120.47319399550057,-26.36981496062992,120.9232407896513,92347.0,18375.0,91970.0,COP -> AUS,0.000579572743454454
2018-10-22,COP,AUS,1598,339,5.704005006257822,1093.770337922403,1126.4806007509387,1121.974342928661,0.4981226533166458,0.7365456821026283,3363.566958698373,-2.3527534418022533,-5.969708683969184,54.355444305381724,-14.298932497449018,99.7103099489796,-20.122467566964335,109.60345075063772,-17.579490638392905,105.4154249470663,427321.0,57125.0,408445.0,COP -> AUS,0.0010086607220066667
2018-10-29,COP,AUS,1290,375,15.327906976744186,4243.777519379845,4213.296899224806,4258.870542635659,0.2627906976744186,0.41007751937984493,6683.600775193799,-2.173488372093024,-5.812182713025089,49.63565891472868,-27.28010823631843,128.38398775870658,-29.200277058872324,132.53893670563852,-28.306284438640148,130.89973015505814,278917.0,46395.0,276568.0,COP -> AUS,0.0008144988369714281
2018-11-05,COP,AUS,2536,424,8.819006309148264,1867.3024447949526,1888.0465299684543,1887.4798895899053,0.4120662460567823,0.8292586750788643,4152.333596214511,-4.253548895899054,-5.685442874314108,49.542586750788644,-29.49491615858845,133.15132998766995,-29.22299379421769,133.30172747959168,-29.19369123299321,132.83920286181956,748575.0,101800.0,744678.0,COP -> AUS,0.0015457203477383173
2018-11-12,COP,AUS,1693,363,6.060248080330774,1252.1925575900768,1301.2522150029533,1286.7607796810396,0.35735380980507975,0.8369757826343769,2642.6763142350856,-1.9873006497342003,-5.612179115794006,46.869462492616655,-28.85493269286143,135.8624607660468,-29.510621162567492,136.44429645950814,-29.1732803395321,136.3428045170966,460902.0,80184.0,455898.0,COP -> AUS,0.0010612763273946575
2018-11-19,COP,AUS,2289,492,10.813892529488859,2126.8990825688074,2106.315858453473,2170.1026649191786,0.3910004368719965,0.6081258191349934,4233.5583224115335,-1.1685015290519882,-5.014088339698093,49.37527304499782,-26.185482390510945,134.0295949101278,-27.070607868156955,135.77897717883212,-27.038908388229935,135.26174706934313,246922.0,39695.0,231552.0,COP -> AUS,0.001728806262674325
2018-11-26,COP,AUS,937,314,13.784418356456777,2823.546424759872,2801.9605122732123,2842.9797225186767,0.4258271077908218,0.5635005336179295,5235.067235859125,-2.262753468516542,-5.849811503511008,50.18143009605123,-31.44096764573991,138.01574700896862,-32.042125000000006,138.4802690941704,-31.905361659192824,138.51767234529146,97646.0,6223.0,54495.0,COP -> AUS,0.0005680585009318099
2018-12-03,COP,AUS,1391,431,8.7627606038821,1862.4629762760603,1771.9468008626886,1883.5837526959021,0.36520488856937455,0.6527677929547089,3953.5923795830336,-2.9649173256649903,-5.14862494323799,52.26455787203451,-26.085508545386908,130.450858218006,-26.98800693452381,132.16872478422624,-26.834109069940478,131.92349926339293,93315.0,13247.0,89809.0,COP -> AUS,0.0009678124099850966
2018-12-10,COP,AUS,1153,339,5.974848222029489,1462.7927146574154,1376.0260190806591,1481.6105810928013,0.21856027753686036,0.7866435385949696,3441.752818733738,-2.520294882914138,-4.820636137149557,39.245446660884646,-26.658938913624237,129.59716151380226,-28.485374235975073,121.81220648263577,-28.116767023152285,121.05097009171858,56194.0,17014.0,55863.0,COP -> AUS,0.0008778615202003321
2018-12-17,COP,AUS,637,241,5.357927786499215,1072.116169544741,1076.6813186813188,1096.9544740973313,0.28100470957613816,0.783359497645212,2870.7912087912086,-3.724803767660912,-6.049162708865877,47.990580847723706,-28.99037195945945,132.33188326013524,-29.83072162162162,135.97577261824333,-29.157157263513504,133.02693815878385,46167.0,9239.0,46059.0,COP -> AUS,0.0004963978040046913
2018-12-24,COP,AUS,510,194,21.311764705882354,5141.4078431372545,5152.947058823529,5145.34705882353,0.43529411764705883,0.5450980392156862,8537.454901960784,-2.580196078431373,-5.385873560288928,48.31372549019608,-26.60676688958333,136.62457436666668,-16.652072622916663,118.7468765125,-26.64745438958333,136.2037325625,21478.0,2505.0,21400.0,COP -> AUS,0.0005873992495110765
2018-12-31,COP,AUS,940,316,13.867021276595745,3217.1436170212764,2889.55,3091.7404255319148,0.3670212765957447,0.5893617021276596,5580.625531914894,-2.7553191489361715,-5.3734227655628635,51.62765957446808,-25.378315899233296,127.63800379737131,-22.280129444687834,120.46608944578321,-26.761444377875133,129.57399641840092,35820.0,4416.0,32350.0,COP -> AUS,0.0009637892090469047
2019-01-07,COP,AUS,749,336,7.846461949265688,1645.283044058745,1555.5914552736983,1675.173564753004,0.43524699599465955,0.6608811748998665,3769.060080106809,-2.0303070761014688,-5.092805366733608,50.387182910547395,-22.82361929230769,123.60419583076923,-28.659018545454543,134.36896079720273,-26.49117632027972,130.25892606433564,26329.0,3798.0,25918.0,COP -> AUS,0.0006079698433970335
2019-01-14,COP,AUS,735,345,6.202721088435374,1179.0761904761905,1219.9659863945578,1215.665306122449,0.46530612244897956,0.7482993197278912,3038.2068027210885,-2.551972789115646,-5.678399747519119,49.374149659863946,-25.681076548672564,128.26387777728615,-29.30487020648967,131.26565432595874,-26.475516666666667,129.64989680383482,24536.0,4738.0,24327.0,COP -> AUS,0.0005430979637890356
2019-01-21,COP,AUS,827,287,8.6819830713422,2000.695284159613,2021.714631197098,2035.013301088271,0.3688029020556227,0.6771463119709794,3671.0181378476423,-2.0690447400241836,-6.217797439888105,46.44498186215236,-15.8757741163955,93.99276378723411,-28.490600040050087,135.5462913216521,-22.32882177972465,115.32304576470594,41373.0,8877.0,40958.0,COP -> AUS,0.0006694345261463965
2019-01-28,COP,AUS,853,324,7.915592028135991,1867.504103165299,1893.1559202813598,1898.5932004689332,0.4454865181711606,0.6389214536928488,3806.0808909730363,-2.7481828839390383,-5.362323019580729,52.46189917936694,-20.371726772020722,118.21174330699483,-27.04726196243523,137.77647996891193,-24.042483637305693,128.54969542227977,33748.0,5287.0,32801.0,COP -> AUS,0.0006910446926876453
2019-02-04,COP,AUS,925,334,5.562162162162162,1328.3340540540541,1330.561081081081,1341.6778378378378,0.4172972972972973,0.8216216216216217,3494.375135135135,-1.6019459459459457,-5.344496590991475,59.21081081081081,-27.193313522727262,132.44333378409092,-27.86659806818181,133.94564139772726,-27.461946477272715,132.90477173863638,172907.0,20640.0,171384.0,COP -> AUS,0.0007228132359996936
2019-02-11,COP,AUS,893,327,7.960806270996641,1548.855543113102,1589.1287793952968,1585.9160134378499,0.3639417693169093,0.6326987681970885,3201.2844344904815,-3.317917133258679,-5.491006902734877,41.89249720044793,-26.046092280373855,124.91110469859811,-27.979569153037406,129.5926511109814,-27.762497385514045,128.94080173481314,81533.0,21989.0,81406.0,COP -> AUS,0.0006277300634197159
2019-02-18,COP,AUS,506,289,6.049407114624506,1269.0494071146245,1317.0553359683795,1293.9229249011858,0.31620553359683795,0.7430830039525692,2934.8517786561265,-1.240513833992095,-4.906427117800924,46.10671936758893,-28.829739605543708,134.31278194456291,-29.351340458422165,134.96656652452023,-28.43293987206823,133.40177945842217,7132.0,1439.0,6999.0,COP -> AUS,0.0003953177503138714
2019-02-25,COP,AUS,1526,340,6.60353866317169,1443.9724770642201,1449.2719528178243,1453.4659239842726,0.5930537352555701,0.7496723460026212,3381.9633027522937,-3.5954128440366975,-7.3497097223840475,49.77719528178244,-7.737677240666674,99.08523987733354,-8.93205655000002,100.22848151666679,-8.460946550000012,99.94443849466683,410454.0,78712.0,410028.0,COP -> AUS,0.0010618052777149616
2019-03-04,COP,AUS,1117,416,5.983885407341092,1265.5246195165623,1305.5290957923007,1288.4261414503133,0.3312444046553268,0.7887197851387645,2851.9955237242616,-2.288540734109221,-5.555104066012705,43.2408236347359,-19.151833905871385,123.08337714165906,-19.30183672041006,123.29649289189204,-19.4159067110904,123.10882318080164,69852.0,16707.0,58245.0,COP -> AUS,0.0008479336835393071
2019-03-11,COP,AUS,1773,419,15.25775521714608,3023.4483925549916,2020.1150592216582,2871.057529610829,0.2611393119007332,0.5493513818386915,7588.376198533559,-0.006204173716864004,-6.804530885323378,41.64692611393119,-27.338956645198373,134.2484523553765,-30.808826086831473,140.18598686313973,-28.314377023001708,135.08827708740642,522734.0,112775.0,490648.0,COP -> AUS,0.0013053407800828409
2019-03-18,COP,AUS,1600,398,18.508125,4089.806875,4100.815,2685.203125,0.425625,0.61,9884.970625,-5.310999999999999,-4.84998892145014,43.7375,-27.251034931991672,138.593603076336,-27.366147170020824,137.8086270180431,-26.044000795975016,133.4454851027065,244348.0,52910.0,241507.0,COP -> AUS,0.0011857121683711278
2019-03-25,COP,AUS,1213,462,20.486397361912612,4760.913437757626,4794.969497114592,3040.178895300907,0.2382522671063479,0.5820280296784831,10909.274525968673,-3.65482275350371,-5.040739812388217,36.65292662819456,-19.424650062658767,116.06482012616429,-22.949975380186288,123.69335961219309,-23.519115769686703,126.38254423031331,25329.0,5465.0,23487.0,COP -> AUS,0.0008092687626260604
2019-04-01,COP,AUS,2225,391,15.098426966292134,3294.22202247191,3347.8116853932584,2015.3029213483146,0.3842696629213483,0.712808988764045,7540.113707865168,-4.993932584269663,-6.652284177693343,36.364044943820225,-25.252955437047063,136.23835984284426,-21.048279350090574,126.07473919067031,-22.030122375452894,127.82911645516312,591803.0,154924.0,585277.0,COP -> AUS,0.001748339666644665
2019-04-08,COP,AUS,938,396,7.346481876332622,1686.36460554371,1714.9179104477612,1545.3592750533048,0.31556503198294245,0.7388059701492538,5343.3251599147125,-3.09680170575693,-6.334692436387113,45.852878464818765,-22.483033211686884,122.42006255347299,-25.564478745314222,129.7559369040794,-25.163061350606394,129.60144495259098,32205.0,5523.0,31861.0,COP -> AUS,0.0006831297538693693
2019-04-15,COP,AUS,1131,331,7.939876215738285,1626.5835543766577,1671.0565870910698,1652.9416445623342,0.40318302387267907,0.7082228116710876,3212.266136162688,-4.180901856763926,-5.950254200445745,46.23342175066313,-11.776853470588238,71.620940240724,-24.08367276018101,110.01039494117649,-18.039313257918554,89.70192742986424,144841.0,33613.0,144202.0,COP -> AUS,0.0009026567318558814
2019-04-22,COP,AUS,624,242,6.371794871794871,1249.4727564102564,1260.2083333333333,1248.8445512820513,0.46794871794871795,0.7339743589743589,2607.5496794871797,-0.2673076923076928,-5.2964440481085555,60.43269230769231,-12.227330726643597,106.36206182179927,-12.865076344290655,106.16426458996538,-12.119649008650518,104.95328108304496,76207.0,9838.0,76028.0,COP -> AUS,0.0005005378375321559
2019-04-29,COP,AUS,1436,350,5.401810584958217,1122.406685236769,1158.3767409470752,1142.099582172702,0.17200557103064068,0.7632311977715878,2636.25139275766,-2.8486072423398325,-5.651179181422982,44.66573816155989,-24.09586130985915,118.53965027183102,-25.77970021830986,122.67258031478877,-24.147076855633795,118.56972893380284,439475.0,14006.0,439323.0,COP -> AUS,0.001113673836265129
2019-05-06,COP,AUS,722,261,7.749307479224377,1825.4639889196676,1855.7825484764544,1842.454293628809,0.33102493074792244,0.7853185595567868,3927.4501385041553,-1.7048476454293624,-5.755606854120585,49.15512465373961,-26.85729863636363,134.59283535303035,-26.760188889393937,135.07259646363642,-26.887577828787872,135.16914464545457,37884.0,7747.0,37768.0,COP -> AUS,0.0005065024532397216
2019-05-13,COP,AUS,725,291,8.307586206896552,1828.0137931034483,1748.8,1846.8703448275862,0.20689655172413793,0.6482758620689655,3751.655172413793,-3.046344827586206,-6.710752256736337,48.73103448275862,-24.530745855319143,130.0743044283688,-23.85586216737588,129.19506083687943,-23.941898621276586,129.2781492510638,25127.0,4270.0,23711.0,COP -> AUS,0.0005459353793234317
2019-05-20,COP,AUS,1184,297,7.2863175675675675,1474.075168918919,1405.3868243243244,1396.6765202702702,0.19510135135135134,0.6697635135135135,2692.0988175675675,-3.870185810810811,-8.606712957934679,39.02871621621622,-19.544267284853696,124.27541593287431,-23.88438499827883,131.25284439414796,-20.866071611876073,126.34417347074007,133905.0,46375.0,120112.0,COP -> AUS,0.0009078981773790728
2019-05-27,COP,AUS,1458,359,8.441015089163237,1623.832647462277,1663.1687242798355,1650.235253772291,0.4506172839506173,0.6700960219478738,2912.292181069959,-0.5798353909465023,-4.93374338350717,50.87791495198903,-31.694624285913495,139.5837304100416,-31.83033872105993,139.49821562622014,-30.368694020920465,137.21215181868874,441265.0,64477.0,441233.0,COP -> AUS,0.001154274576429523
2019-06-03,COP,AUS,1627,401,10.199754148740013,2370.3097725875846,2379.495390288875,2383.6711739397665,0.3079287031346036,0.6668715427166564,4229.434542102028,-3.123355869698832,-6.01612141473044,47.08051628764598,-16.209907186904,102.6488032619198,-27.301447260012726,135.57348029243482,-26.309992460267004,134.38718749586778,298661.0,58006.0,288634.0,COP -> AUS,0.0011850515974524667
2019-06-10,COP,AUS,969,352,7.360165118679051,1728.184726522188,1738.2063983488133,1772.6687306501549,0.26212590299277605,0.6842105263157895,3898.24871001032,-4.057172342621259,-6.153910495681313,38.44169246646027,-22.620729523354555,124.32132447770705,-26.929744659235666,132.64234683545652,-25.113411707006364,128.970216230361,34044.0,8898.0,33234.0,COP -> AUS,0.000794363218277732
2019-06-17,COP,AUS,1030,434,8.633980582524272,1744.1106796116505,1762.483495145631,1774.7223300970875,0.23495145631067962,0.6019417475728155,3871.0601941747573,-0.9823300970873783,-4.4505285006856425,45.320388349514566,-24.096419545548663,133.68210321946168,-27.01252371014492,140.03472985921323,-26.51754248447204,139.4142237857143,38097.0,6709.0,36264.0,COP -> AUS,0.0007710434988307087
2019-06-24,COP,AUS,556,220,6.037769784172662,1253.6187050359713,1233.5413669064749,1280.0521582733813,0.34532374100719426,0.7230215827338129,3110.568345323741,-2.3904676258992805,-4.932837047999047,49.67625899280576,-19.42287798848368,115.25734869097892,-25.792518330134346,126.47898042034551,-21.416121854126676,118.66461606142036,24022.0,4682.0,22724.0,COP -> AUS,0.00036963390952345814
2019-07-01,COP,AUS,910,365,6.345054945054945,1261.0406593406594,1325.3,1288.534065934066,0.2978021978021978,0.6791208791208792,2934.965934065934,-3.8306593406593406,-6.1442693470991925,43.9010989010989,-25.765349147688827,136.5837809718151,-25.484771261555792,133.55066616572714,-25.035379830890633,133.43168351634722,27630.0,6146.0,26144.0,COP -> AUS,0.0008423492472544969
2019-07-08,COP,AUS,699,262,6.068669527896995,1338.1244635193134,1388.5436337625179,1369.247496423462,0.296137339055794,0.7153075822603719,3875.3319027181687,-2.5422031473533617,-5.096163631490934,46.42346208869814,-25.362475539143283,137.8318817872969,-27.113090841949777,141.24174103397348,-26.133982717872968,138.84372742983754,21748.0,4228.0,21361.0,COP -> AUS,0.0005780456763589242
2019-07-15,COP,AUS,1111,365,6.623762376237623,1391.6435643564357,1362.990099009901,1428.3924392439244,0.30603060306030605,0.6300630063006301,2957.173717371737,-0.8621062106210616,-5.432819605908833,53.879387938793876,-16.611165379054704,115.87063087395728,-23.550160819277142,129.59444696941605,-17.003753585727544,114.86208620296559,179358.0,20245.0,141784.0,COP -> AUS,0.0009413874067615511
2019-07-22,COP,AUS,1120,316,7.74375,1593.111607142857,1640.138392857143,1635.3276785714286,0.29732142857142857,0.7098214285714286,3642.5482142857145,-0.6947321428571428,-4.892628642071964,45.580357142857146,-14.21532509306569,96.2654311423358,-23.326653905109495,125.44974209124094,-16.506917563868612,103.86202354197083,73906.0,15822.0,73117.0,COP -> AUS,0.0009142364574643325
2019-07-29,COP,AUS,814,310,6.714987714987715,1508.2235872235872,1591.6916461916462,1583.071253071253,0.40663390663390664,0.6461916461916462,3234.848894348894,-1.363144963144962,-5.601766614996327,44.22604422604422,-11.215666411311053,115.85591829305925,-12.66831371208225,118.45473950128547,-12.557492760925445,118.75260565809779,29472.0,6441.0,29037.0,COP -> AUS,0.0006412074235119891
2019-08-05,COP,AUS,689,273,11.53410740203193,2659.268505079826,2680.1146589259797,2682.2873730043543,0.23947750362844702,0.625544267053701,4735.99129172714,-2.083454281567489,-5.611343793529228,46.937590711175616,-29.234504511415516,138.10554100456625,-31.067872193302883,142.36171275494675,-29.823647283105007,139.98268945205484,32100.0,5345.0,29294.0,COP -> AUS,0.0005285493353626355
2019-08-12,COP,AUS,1047,340,8.889207258834766,1873.593123209169,1907.9761222540592,1898.149952244508,0.4364851957975167,0.7220630372492837,3888.9025787965616,-3.712320916905443,-5.201938875549309,48.80611270296084,-28.087540565088794,136.89068560059172,-29.485898126232776,139.6204639013807,-28.664982840236714,138.13479286587776,163501.0,27802.0,141978.0,COP -> AUS,0.00092888650728027
2019-08-19,COP,AUS,2711,327,14.446329767613427,3282.82515676872,3339.2298045001844,3338.1641460715605,0.13574326816672813,0.42272224271486536,4670.829952047215,-1.5326816672814474,-5.8791274619907234,34.83585392843969,-16.34279295558041,113.35881334677163,-29.90687171145948,134.1700652482274,-29.447360647629697,133.4643626711464,1024541.0,268539.0,1019520.0,COP -> AUS,0.002194168093833667
2019-08-26,COP,AUS,612,238,13.264705882352942,3129.2091503267975,3119.6928104575163,3151.857843137255,0.25980392156862747,0.5637254901960784,5210.423202614379,-2.1289215686274514,-5.496236200611423,50.310457516339866,-27.048398861720056,136.8217355311973,-27.899965472175374,138.28824903878584,-27.927569182124785,138.2285068634064,26833.0,3992.0,21970.0,COP -> AUS,0.0005324637585329057
2019-09-02,COP,AUS,810,255,11.641975308641975,2515.3604938271606,2540.222222222222,2553.3283950617283,0.42592592592592593,0.49506172839506174,4402.3,-0.865925925925927,-5.017023357852675,54.901234567901234,-27.97366831898735,138.82501970759495,-28.828958656962033,138.71130199493672,-30.029501863291152,141.3799400455696,85588.0,14723.0,84233.0,COP -> AUS,0.000716965166114633
2019-09-09,COP,AUS,971,338,8.719876416065912,1958.7785787847579,1946.7693099897012,1962.9423274974254,0.451081359423275,0.5417095777548918,4375.082389289392,-0.53686920700309,-5.139871264988611,52.03913491246138,-14.954432082529474,105.67852989496254,-20.800763165058946,111.4882282679529,-17.942352125401932,104.51075540621655,59932.0,8285.0,59574.0,COP -> AUS,0.0008333197450436356
2019-09-16,COP,AUS,631,304,6.381933438985737,1249.6450079239303,1293.1949286846275,1275.5356576862123,0.41996830427892234,0.768621236133122,2877.8890649762284,-2.31743264659271,-5.531220024043829,54.13629160063392,-24.96811099294533,125.21412597359155,-27.571137205985917,130.50530884330985,-26.71716790652557,128.61695267605631,19451.0,3106.0,18951.0,COP -> AUS,0.00048262142211935816
2019-09-23,COP,AUS,570,254,6.856140350877193,1416.6122807017543,1452.5263157894738,1441.2350877192982,0.38421052631578945,0.6350877192982456,3068.1473684210528,-1.7026315789473687,-5.708702116062577,50.175438596491226,-22.149975307550637,118.20639195764275,-25.995225828729275,130.4369143646409,-28.32504792817679,137.7482458563536,20184.0,3579.0,20003.0,COP -> AUS,0.0004016737816952325
2019-09-30,COP,AUS,619,286,8.854604200323102,1772.3505654281098,1787.827140549273,1794.9709208400645,0.3150242326332795,0.678513731825525,3501.8949919224556,-2.7966074313408718,-5.460390707288526,45.78352180936995,-28.08781726618704,136.25026900359714,-30.11225539568344,140.05616564748203,-29.306798561151066,138.54549346402882,20343.0,3182.0,19493.0,COP -> AUS,0.0005001090706373765
2019-10-07,COP,AUS,497,211,7.229376257545272,1552.579476861167,1577.0945674044265,1561.2696177062373,0.3440643863179074,0.6901408450704225,2748.2696177062376,-2.32897384305835,-6.601584786112472,51.08651911468813,-25.068297724604967,129.39924217155752,-26.139598927765235,132.69949875620762,-25.868635647855527,130.32759905643337,14938.0,2448.0,14830.0,COP -> AUS,0.0003771048063031892
2019-10-14,COP,AUS,606,230,6.260726072607261,1373.930693069307,1403.8795379537953,1393.473597359736,0.36303630363036304,0.6551155115511551,3521.645214521452,-1.2851485148514854,-5.505206244776554,48.960396039603964,-23.302770017094016,124.60056876923076,-22.71948928205128,122.12692876923076,-21.95613326495726,119.28255663247865,19379.0,3772.0,18489.0,COP -> AUS,0.0004399948013815546
2019-10-21,COP,AUS,727,311,8.612104539202202,1760.8555708390647,1779.1416781292985,1804.5020632737276,0.218707015130674,0.6657496561210454,3504.414030261348,-2.966162310866576,-5.162177563977553,43.4525447042641,-25.790894499294797,132.89837442172083,-26.775672637517637,137.18847700846268,-26.816894076163624,135.97087954724975,22546.0,4346.0,19085.0,COP -> AUS,0.000596169426922913
2019-10-28,COP,AUS,1476,359,10.961382113821138,2544.8753387533875,2509.85162601626,2502.032520325203,0.21544715447154472,0.5487804878048781,5968.051490514905,-0.8262872628726285,-6.972324311329371,44.90514905149052,-26.517413853727152,131.54943436357254,-26.430043917018278,131.1031355857948,-23.224149859353023,127.07875452320688,134311.0,21323.0,123428.0,COP -> AUS,0.0013538104812080831
2019-11-04,COP,AUS,930,327,9.39247311827957,2233.2870967741937,2188.1408602150536,2267.3870967741937,0.26559139784946234,0.4612903225806452,3799.8215053763442,-3.609462365591397,-5.193112176308554,43.053763440860216,-27.900331934950394,139.3564295424477,-29.963061756339606,141.89649014443225,-28.322955141124602,140.08419749834624,30596.0,6951.0,29557.0,COP -> AUS,0.0008398944442337183
2019-11-11,COP,AUS,1341,427,10.365398956002982,2438.040268456376,2449.498135719612,2447.2915734526473,0.15883668903803133,0.5563012677106637,4909.158836689038,-2.3140193885160305,-5.315103246568285,37.069351230425056,-25.482055847328265,135.45875527557232,-26.23386885496185,137.86200919389296,-26.27240621374048,138.11638809999982,49378.0,16931.0,47697.0,COP -> AUS,0.0011432800115265815
2019-11-18,COP,AUS,785,297,5.025477707006369,1124.8980891719746,1173.2343949044587,1158.699363057325,0.29554140127388534,0.7923566878980892,3143.2700636942677,-2.4979617834394907,-5.629880367677744,43.5796178343949,-24.496213742363885,132.08012452324036,-25.509886517928287,132.64330765737054,-25.05846018990704,133.40075918459493,27181.0,6008.0,26611.0,COP -> AUS,0.0006135127552037214
2019-11-25,COP,AUS,727,301,6.909215955983494,1433.9147180192572,1475.6189821182943,1467.6574965612106,0.2998624484181568,0.7537826685006878,3432.9793672627234,-1.9053645116918838,-5.0001904392176355,50.3576341127923,-28.323991448625165,140.84179835890015,-29.216630088277842,142.10553111287987,-28.437491206946447,141.17911287843705,41974.0,6702.0,41797.0,COP -> AUS,0.0007824111392960882
2019-12-02,COP,AUS,1027,326,6.150925024342746,1420.17429406037,1452.170399221032,1442.5832521908471,0.29503407984420643,0.7517039922103214,3603.8519961051607,-2.488607594936709,-5.292458355384982,47.020447906523856,-29.055887624254456,135.24071845526842,-29.716725919483086,137.33533445924456,-29.277016873757443,136.78395056262426,61680.0,12798.0,61591.0,COP -> AUS,0.0008619893741134603
2019-12-09,COP,AUS,719,322,6.7454798331015295,1398.739916550765,1401.037552155772,1423.95966620306,0.3532684283727399,0.6008344923504868,3076.673157162726,-2.1376912378303197,-5.5530656091408455,52.14186369958276,-26.008976384843972,136.51571641604755,-28.52216947251113,139.75258176820208,-26.600468955423466,138.51090561812777,33212.0,5345.0,33116.0,COP -> AUS,0.0006625689984057797
2019-12-16,COP,AUS,963,370,8.30944963655244,1950.2429906542056,1827.5482866043615,1965.9885773624092,0.34683281412253375,0.726895119418484,4267.220145379024,-1.797507788161994,-4.903139172932172,49.05503634475597,-25.175225364835182,128.0673634945056,-29.269321762637393,139.07562325054957,-26.546511668131895,131.6935570835166,47380.0,7351.0,44364.0,COP -> AUS,0.000881965051104517
2019-12-23,COP,AUS,527,218,8.38899430740038,1949.4402277039849,1586.3434535104363,1984.4478178368122,0.476280834914611,0.6755218216318786,4459.481973434535,-1.9888045540796961,-5.970731473708932,52.65654648956357,-15.650346799603161,130.8636013988095,-17.370845807539666,131.0908326051587,-16.135257117063478,131.25997458928572,24189.0,4456.0,23905.0,COP -> AUS,0.0007458081900211714
2019-12-30,COP,AUS,690,291,6.6,1494.744927536232,1423.3898550724637,1476.1260869565217,0.32318840579710145,0.6695652173913044,3215.4347826086955,-0.9795652173913045,-4.592442754756712,50.34782608695652,-23.361219890370368,124.60079570370371,-25.789284631111098,129.2554562962963,-24.91739011259258,128.04582696296296,25413.0,3887.0,25340.0,COP -> AUS,0.0006940672339911883
2020-01-06,COP,AUS,900,358,6.4,1266.1033333333332,1294.681111111111,1296.62,0.30777777777777776,0.7444444444444445,3147.0944444444444,-2.932000000000001,-5.897706256139291,46.733333333333334,-29.004568789053586,136.545058649943,-29.86151097833524,138.02761634663625,-29.46089273432155,137.37923550285063,37879.0,5670.0,37818.0,COP -> AUS,0.0005877470415099614
2020-01-13,COP,AUS,1005,287,7.87363184079602,1705.9074626865672,1943.350248756219,1934.207960199005,0.23681592039800994,0.6,3775.9542288557213,-2.688855721393035,-4.559086900622976,41.25373134328358,-26.002834582573435,132.29626262006082,-27.55868453191489,135.04554944883486,-26.714309151975677,134.14108460587642,51238.0,12736.0,50262.0,COP -> AUS,0.0008359465326934114
2020-01-20,COP,AUS,536,248,7.375,1769.4496268656717,1891.2425373134329,1882.3078358208954,0.3376865671641791,0.6380597014925373,4245.2835820895525,-1.176679104477612,-4.874158064975419,53.75,-24.69437156057494,124.45530950718685,-26.30389502053387,130.22433928131414,-25.311084804928115,127.39475919917864,20572.0,3479.0,20516.0,COP -> AUS,0.00043432848036081676
2020-01-27,COP,AUS,734,254,4.9427792915531334,1138.9482288828337,1123.6893732970027,1184.7316076294278,0.279291553133515,0.728882833787466,3461.1621253405992,-3.583378746594005,-5.45371463121566,46.10354223433242,-27.24574790042676,135.2499789630156,-28.620290893314376,138.78389414793742,-27.69074911948792,136.15066081507817,32783.0,6127.0,31867.0,COP -> AUS,0.0005115656347769845
2020-02-03,COP,AUS,851,252,7.1386603995299645,1535.51821386604,1548.6004700352526,1560.2444183313748,0.21621621621621623,0.6803760282021152,3214.508813160987,-2.581433607520564,-6.2605498785876135,42.44418331374853,-28.80643515151514,139.87397147151518,-30.939142909090897,142.41786117333336,-29.982663303030293,138.88253087030307,34210.0,10333.0,33672.0,COP -> AUS,0.0006680892020769645
2020-02-10,COP,AUS,995,348,7.164824120603015,1381.7427135678392,1423.5979899497488,1416.6180904522614,0.2994974874371859,0.6030150753768844,2913.1276381909547,-0.6204020100502512,-5.422226393943861,44.67336683417086,-27.116631127049185,135.9020787920082,-28.487898509221324,145.55612175512294,-27.520543463114763,138.87212763114755,79583.0,18629.0,78035.0,COP -> AUS,0.0008670789721584864
2020-02-17,COP,AUS,976,369,7.310450819672131,1773.826844262295,1793.8627049180327,1790.844262295082,0.26536885245901637,0.7684426229508197,4029.970286885246,-2.1907786885245906,-5.650481827103162,42.674180327868854,-22.34491755928646,126.9567532675761,-23.593488003147954,132.60903616579222,-23.1530333336831,130.7516171028332,36679.0,6806.0,36540.0,COP -> AUS,0.000891418634302812
2020-02-24,COP,AUS,810,310,11.044444444444444,2486.295061728395,2522.651851851852,2509.866666666667,0.3160493827160494,0.7481481481481481,4473.801234567901,-1.6369135802469137,-5.929723292427452,49.04938271604938,-19.249545707070695,124.20722696464652,-26.40013598484848,132.9312060012627,-25.9774337121212,132.35155911489906,82041.0,11440.0,81901.0,COP -> AUS,0.0007060337118022687
2020-03-02,COP,AUS,705,268,6.066666666666666,1376.282269503546,1405.9078014184397,1404.3971631205675,0.4666666666666667,0.7390070921985815,3135.2468085106384,-0.7065248226950351,-4.881299546541723,52.638297872340424,-19.153981086005828,122.84668021574345,-21.655153389212824,126.06295883527694,-18.92981461370262,122.06194945772594,60600.0,10780.0,60403.0,COP -> AUS,0.0005826282567266705
2020-03-09,COP,AUS,701,225,4.415121255349501,818.7432239657631,825.9186875891584,862.774607703281,0.39942938659058486,0.8302425106990015,3442.22967189729,-3.2865905848787462,-5.5564529620912495,47.31811697574893,-30.05109718518518,142.0410394074075,-30.63555789629629,142.6598202962964,-30.483374237037022,142.24001644444456,42822.0,8368.0,40885.0,COP -> AUS,0.0006532116862459338
2020-03-16,COP,AUS,737,198,8.183175033921303,1763.9470827679784,1807.0624151967436,1799.6919945725915,0.37991858887381275,0.5264586160108549,4047.4219810040704,-1.941248303934871,-5.040275778591438,49.782903663500676,-15.710222942982456,113.93860272660821,-16.19429147368421,115.3322762646199,-16.10951943421053,115.17833079678364,67476.0,12100.0,65780.0,COP -> AUS,0.000717869495806259
2020-03-23,COP,AUS,615,232,5.975609756097561,1400.5544715447154,1455.5121951219512,1440.0650406504064,0.36260162601626017,0.7577235772357723,4513.266666666666,-1.764227642276422,-4.768167579113256,47.333333333333336,-22.822235088888885,128.33630670256412,-23.97196745470085,129.59727998119658,-23.26776922051281,128.46657405470086,24203.0,4934.0,24172.0,COP -> AUS,0.0006253851457299922
2020-03-30,COP,AUS,1285,313,7.904280155642024,1955.2926070038911,1966.1252918287937,1973.258365758755,0.4910505836575875,0.777431906614786,3703.555642023346,-0.3791439688715949,-3.7732177157421027,57.69649805447471,-28.637441705463225,140.97951641171807,-28.340895170229626,140.1394896468725,-27.92407387173399,138.88417602850356,200809.0,29748.0,198318.0,COP -> AUS,0.0013860529634028085
2020-04-06,COP,AUS,1082,388,9.149722735674677,2371.5240295748613,2405.130314232902,2405.985212569316,0.3632162661737523,0.4491682070240296,5481.055452865065,-1.7438077634011084,-4.220363586292361,47.82809611829945,-25.735589119092626,133.28795835727794,-26.136786945179587,134.124746983932,-26.095722294896035,134.25441172873352,59605.0,11321.0,59245.0,COP -> AUS,0.0012650679886354336
2020-04-13,COP,AUS,949,370,6.868282402528978,1707.5658587987355,1706.714436248683,1729.4257112750263,0.3361433087460485,0.660695468914647,3745.336143308746,0.4481559536354061,-3.972143752514502,48.651211801896736,-24.37921782092771,131.2139949654802,-22.89475941531823,126.4227248705502,-27.20651704422868,132.50840801833886,50087.0,8649.0,49868.0,COP -> AUS,0.0011248233944301685
2020-04-20,COP,AUS,1183,365,9.295012679628064,2142.6711749788674,2174.020287404903,2182.837700760778,0.33727810650887574,0.5765004226542688,4625.927303465765,-2.023668639053254,-5.242019381563238,48.85883347421809,-31.939041186165692,139.82815484457737,-32.165336147736994,140.15711929120417,-32.01581593680617,140.12796327070885,75538.0,13194.0,71350.0,COP -> AUS,0.0013708757845164042
2020-04-27,COP,AUS,797,296,7.017565872020075,1622.2521957340025,1521.0915934755333,1648.9372647427854,0.30112923462986196,0.5520702634880803,3593.531994981179,-2.056085319949812,-5.5179700909521285,49.974905897114176,-31.570954016709493,141.16552789203087,-31.661925192802048,141.7856053984576,-31.460217641388166,141.66694280205658,38654.0,6565.0,36023.0,COP -> AUS,0.000943364960324224
2020-05-04,COP,AUS,895,313,8.564245810055866,1561.1262569832402,1815.9530726256983,1799.2111731843574,0.3217877094972067,0.535195530726257,3569.9474860335195,-0.9006703910614517,-4.468805767863386,42.23463687150838,-26.826012403712287,132.23624737354993,-28.61661353480278,139.09902362993043,-28.158106690255213,136.599269299304,38534.0,8426.0,38326.0,COP -> AUS,0.00101117489484346
2020-05-11,COP,AUS,1107,395,7.248419150858175,1621.6458897922312,1637.4823848238482,1653.3279132791329,0.44715447154471544,0.6766034327009937,3959.8383017163505,-1.8195121951219508,-5.225013854811358,53.044263775971096,-23.904212694214877,127.9567672571167,-25.69861891551883,132.3271168347109,-25.49525546280992,132.2629938475667,83933.0,11693.0,82215.0,COP -> AUS,0.0012636481419121383
2020-05-18,COP,AUS,662,288,7.6555891238670695,1699.7945619335349,1640.9743202416919,1731.5921450151056,0.26586102719033233,0.5921450151057401,3536.1842900302113,-2.064954682779456,-5.815858592885807,43.58006042296073,-24.389983007812482,128.67757428437503,-23.805840507812487,126.65571168750003,-23.538489726562485,126.21585809375001,19107.0,4018.0,17618.0,COP -> AUS,0.0007521701586147343
2020-05-25,COP,AUS,1033,275,6.889641819941917,1512.2333010648597,1525.9225556631172,1544.2352371732818,0.32623426911907066,0.6698935140367861,3252.2294288480157,-2.8501452081316563,-5.168819475198406,46.54404646660213,-28.747462549058493,140.00148160753227,-29.13460292963332,141.94477775520326,-29.26877097324085,141.8859438146681,123048.0,18861.0,122598.0,COP -> AUS,0.0011037551180900441
2020-06-01,COP,AUS,1786,432,9.282754759238522,2272.7872340425533,2296.002799552072,2291.574468085106,0.2872340425531915,0.5162374020156775,5050.003919372901,-3.5304031354983203,-5.64234896708559,37.8555431131019,-1.3566987386621516,63.1316635260771,-11.220437358276635,96.89212378287982,-9.330643523242623,88.87495401927438,159236.0,53448.0,158961.0,COP -> AUS,0.0014093409476673671
2020-06-08,COP,AUS,1108,363,9.875451263537906,2103.830324909747,2154.7906137184114,2160.1796028880867,0.4395306859205776,0.6028880866425993,4778.3041516245485,-2.9135379061371833,-6.961054118491879,50.03610108303249,-20.97260853681268,118.43898220410078,-20.3627250531221,113.96067794874202,-19.788861616961796,112.65024806337388,176002.0,22583.0,175889.0,COP -> AUS,0.0010263640313133663
2020-06-15,COP,AUS,738,330,9.308943089430894,2104.5636856368565,2102.810298102981,2098.518970189702,0.46070460704607047,0.5582655826558266,3685.6653116531165,-2.294308943089431,-6.0042933897396065,56.05691056910569,-19.592227968562863,110.66577150748505,-23.41720675598802,118.0266913667665,-23.330819136227536,117.73075633682637,99241.0,11660.0,98875.0,COP -> AUS,0.0006941851179127038
2020-06-22,COP,AUS,872,390,5.668577981651376,1186.5825688073394,1211.1697247706422,1215.177752293578,0.3761467889908257,0.768348623853211,3307.7683486238534,-2.5505733944954128,-4.9893109320051074,52.419724770642205,-25.44932508792497,138.22970291559204,-27.90413587338804,139.07856012543965,-26.94018288393904,138.75713758147717,42183.0,7171.0,41321.0,COP -> AUS,0.0009327101004374753
2020-06-29,COP,AUS,992,372,7.432459677419355,1858.001008064516,1873.1129032258063,1893.8084677419354,0.45161290322580644,0.6481854838709677,4084.357862903226,-0.8857862903225802,-4.671188821572553,53.881048387096776,-30.851425331971402,141.1383337078652,-29.442751787538313,140.79978723186926,-30.629576813074575,140.61986527068441,60571.0,8835.0,59839.0,COP -> AUS,0.001058152521165717
2020-07-06,COP,AUS,933,357,7.577706323687031,1901.9324758842445,1905.5573419078241,1944.6141479099679,0.2979635584137192,0.62486602357985,4177.630225080386,-1.2078242229367633,-4.979724683681953,49.732047159699896,-31.108440899241593,140.35215915492958,-32.35539073672804,142.41202611050923,-31.60361316359695,141.36180097508128,42515.0,6542.0,38742.0,COP -> AUS,0.0009862203975324407
2020-07-13,COP,AUS,1260,400,6.8658730158730155,1605.2579365079366,1532.2873015873015,1631.1460317460317,0.2984126984126984,0.7055555555555556,3653.7492063492064,-0.41222222222222193,-4.276921077291481,49.817460317460316,-27.332526072006477,131.64239505258902,-29.157118623786403,136.52084850889975,-27.62794333171521,132.45621301375405,69717.0,11206.0,66160.0,COP -> AUS,0.0013778307039730732
2020-07-20,COP,AUS,1580,353,12.689240506329114,3127.046835443038,2929.003164556962,3068.0183544303795,0.26962025316455696,0.5120253164556962,5500.722151898734,-2.8678481012658232,-4.9023141367513725,39.677215189873415,-28.16297499286184,130.0764221239456,-30.865481095392617,137.2837226891628,-28.93172013627521,130.9464528403635,112222.0,34830.0,109432.0,COP -> AUS,0.0016256013696205969
2020-07-27,COP,AUS,1683,377,6.942959001782532,1486.6143790849674,1458.8490790255496,1510.901366607249,0.5204991087344029,0.738562091503268,4764.899584076054,-0.48597742127153815,-4.612454116782829,52.38859180035651,-27.647523771983007,135.15955272286226,-27.89642534869618,138.04782506973916,-27.252355003032132,136.19187170406298,196492.0,20861.0,195812.0,COP -> AUS,0.0018746136324398381
2020-08-03,COP,AUS,931,408,7.1020408163265305,1543.077336197637,1521.6444683136413,1574.2534908700322,0.44683136412459723,0.6659505907626209,3931.062298603652,-1.6235230934479055,-5.279803412482506,54.25349087003222,-29.172526377777785,139.0254233444445,-29.895403133333335,140.2123351666667,-29.0689714888889,138.74304631111116,45723.0,5959.0,45636.0,COP -> AUS,0.0010596487793551736
2020-08-10,COP,AUS,1136,321,5.612676056338028,1251.1866197183099,1258.1637323943662,1254.5070422535211,0.4119718309859155,0.7676056338028169,3187.7130281690143,-1.8566901408450702,-5.694886436327694,50.42253521126761,-25.861591640864084,132.70968910801085,-26.91110865976597,133.02079162826286,-26.35618543474347,132.8034693645365,72627.0,12850.0,70359.0,COP -> AUS,0.0012095812463797744
2020-08-17,COP,AUS,1072,322,7.4216417910447765,1719.4496268656717,1706.5195895522388,1664.9626865671642,0.2537313432835821,0.503731343283582,3676.0569029850744,-1.2407649253731339,-4.982831504255471,43.23694029850746,-27.352919505233114,136.73444024738345,-27.321614367269266,136.63797088487155,-27.31888820171265,137.02518782112273,39849.0,9904.0,37255.0,COP -> AUS,0.0011378894909749016
2020-08-24,COP,AUS,1036,325,6.306949806949807,1625.5222007722007,1639.0222007722007,1628.1254826254826,0.2944015444015444,0.6727799227799228,4693.398648648648,-1.5053088803088797,-4.038111009133603,44.7972972972973,-27.49899007568114,135.92736757114028,-28.063461856710408,137.28346913218977,-27.789306624621606,136.0290728486378,54772.0,12967.0,53220.0,COP -> AUS,0.0010655301012253596
2020-08-31,COP,AUS,920,386,6.095652173913043,1422.9782608695652,1297.6521739130435,1482.1467391304348,0.3652173913043478,0.7391304347826086,3619.3445652173914,-1.6966304347826084,-5.549188733309766,48.31521739130435,-27.561465074240704,132.61588869966266,-29.504991190101233,135.00441327221606,-28.641183156355446,134.8951448436447,36035.0,6804.0,35904.0,COP -> AUS,0.000970082446463575
2020-09-07,COP,AUS,1429,364,7.982505248425472,1827.8985304408677,1774.6689993002099,1831.2876137158853,0.42617214835549333,0.5969209237228832,3817.136459062281,-1.78929321203639,-3.9917755374614394,52.54723582925122,-27.705002816297355,137.6601828491779,-29.771148849178,140.99695327805568,-24.319153809864194,130.42574403859896,396666.0,47119.0,395702.0,COP -> AUS,0.0015890984951937833
2020-09-14,COP,AUS,873,351,8.006872852233677,2087.5223367697595,2072.2233676975943,2103.7812142038947,0.4352806414662085,0.6128293241695304,4300.6357388316155,-1.005154639175258,-5.259040989929193,54.146620847651775,-28.822960343787685,136.14470702774435,-29.880612454764762,137.60101805307605,-29.563987243667057,136.83073980217134,48330.0,6057.0,48278.0,COP -> AUS,0.0009486779363375164
2020-09-21,COP,AUS,777,277,9.796653796653796,2121.006435006435,2112.029601029601,2132.642213642214,0.36164736164736166,0.6782496782496783,4139.114543114543,-2.8509652509652508,-5.711042275770634,52.56113256113256,-20.671429973821986,121.85061967670161,-21.950811387434563,124.43971025261781,-22.65765562827226,125.49483171858641,84111.0,12808.0,84036.0,COP -> AUS,0.0008549679469545756
2020-09-28,COP,AUS,458,221,9.231441048034934,2005.6528384279477,1989.8034934497816,2035.5174672489084,0.38209606986899564,0.5414847161572053,4518.113537117904,-2.033187772925764,-6.747311048433724,47.44541484716157,-23.083632512315273,122.65714295320193,-24.21672179802956,123.55701315024629,-23.457551908867,123.11438574137931,12123.0,2267.0,11896.0,COP -> AUS,0.0005822534734979322
2020-10-05,COP,AUS,528,182,6.7481060606060606,1379.3825757575758,1405.001893939394,1397.2670454545455,0.23295454545454544,0.5984848484848485,3392.719696969697,-2.8634469696969704,-6.09055698361215,42.21590909090909,-29.40584103732808,140.589257086444,-30.57328860510804,142.7426628880157,-29.502186027504898,140.62432427701376,20657.0,5151.0,19297.0,COP -> AUS,0.0007465451080086757
2020-10-12,COP,AUS,367,171,6.997275204359673,1415.741144414169,1430.008174386921,1461.4768392370572,0.40054495912806537,0.6267029972752044,4137.694822888283,-3.284468664850137,-5.451409947464628,51.82561307901907,-23.567808464396286,118.42374878637776,-25.426756346749226,121.58165384520132,-24.48260505882353,120.40008934365335,12599.0,2486.0,12560.0,COP -> AUS,0.0007379227975919991
2020-10-19,COP,AUS,326,174,6.978527607361963,1487.9570552147238,1525.2791411042945,1518.5092024539877,0.34049079754601225,0.6104294478527608,3548.9386503067485,-3.85398773006135,-5.42281281877828,44.75460122699386,-27.50900990712075,129.62363034055724,-29.203044272445823,136.13414241486063,-28.812478018575856,134.72045015479873,5729.0,1458.0,5536.0,COP -> AUS,0.0006991867128787619
2020-10-26,COP,AUS,350,164,8.362857142857143,1688.8971428571429,1725.64,1711.8828571428571,0.21142857142857144,0.5657142857142857,3606.4657142857145,-1.733714285714286,-6.123939700199795,43.51428571428571,-24.93401742815249,137.94155549560116,-26.380094686217003,140.09517109970676,-24.208019612903218,135.69855995601174,9903.0,2056.0,9309.0,COP -> AUS,0.0009364974460376793
2020-11-02,COP,AUS,194,103,10.93298969072165,2254.8350515463917,2289.7886597938145,2284.4690721649486,0.32989690721649484,0.5567010309278351,4394.561855670103,-2.8510309278350516,-5.4779160672592395,47.371134020618555,-25.862096216216216,140.30513405405404,-27.470718918918916,141.96073405405406,-28.081652432432428,142.78660972972972,3975.0,857.0,3268.0,COP -> AUS,0.0005606255888013594
2020-11-09,COP,AUS,248,95,7.270161290322581,1451.733870967742,1502.9193548387098,1492.0,0.4879032258064516,0.4596774193548387,2973.125,-3.481451612903226,-6.845262043103743,64.63709677419355,-31.069194285714268,143.9908530612245,-31.974536326530604,148.47246122448985,-32.10496530612244,148.41484081632657,27392.0,3097.0,27369.0,COP -> AUS,0.0009653787165134258
2020-11-16,COP,AUS,459,206,5.542483660130719,1182.2657952069717,1237.3224400871459,1228.8932461873637,0.2570806100217865,0.7603485838779956,3144.947712418301,-1.7396514161220045,-5.290803979696582,43.61655773420479,-25.389369609374995,125.81876294419642,-29.546289698660708,132.8598581830357,-25.23025219866071,125.05974062276782,12303.0,3036.0,12225.0,COP -> AUS,0.0006922721911696836
2020-11-23,COP,AUS,600,280,8.091666666666667,2188.0333333333333,2191.8633333333332,2229.1266666666666,0.295,0.5766666666666667,4712.196666666667,-1.7269999999999996,-4.27413956640117,46.166666666666664,-29.562888103448277,139.7749755172414,-30.42422637931035,140.07883931034485,-29.793023275862076,139.43842195344828,14093.0,2539.0,13604.0,COP -> AUS,0.0008320067448013446
2020-11-30,COP,AUS,538,214,7.75092936802974,1926.6375464684015,1961.8977695167287,1966.7806691449814,0.31784386617100374,0.6765799256505576,4447.819702602231,-1.1996282527881044,-5.079686695889183,47.45353159851301,-29.03114523364485,136.84775968971965,-30.7073691588785,138.4966943925234,-30.153880186915877,138.22263956448597,19577.0,3611.0,18808.0,COP -> AUS,0.000701387521820583
2020-12-07,COP,AUS,678,285,7.262536873156342,1621.3702064896754,1627.2020648967552,1652.3362831858408,0.3215339233038348,0.6637168141592921,4322.862831858407,-1.9827433628318587,-5.392171904183057,48.200589970501476,-22.324477406626503,120.24089357228917,-23.33724710090361,123.56441285090361,-22.523709887048184,121.27035537048194,26332.0,4410.0,26015.0,COP -> AUS,0.0008290799169452684
2020-12-14,COP,AUS,876,282,7.051369863013699,1603.0353881278538,1618.1632420091323,1416.2077625570776,0.3401826484018265,0.6940639269406392,3652.5856164383563,-3.171118721461186,-5.780975867346172,48.538812785388124,-28.423462951807245,142.66043594819277,-28.902254477108457,143.3914861433735,-28.204199095180737,142.08558040000003,59582.0,9799.0,51956.0,COP -> AUS,0.0010811037625126035
2020-12-21,COP,AUS,684,245,7.950292397660819,1775.498538011696,1814.7777777777778,1795.845029239766,0.46345029239766083,0.6169590643274854,3748.2880116959063,0.4780701754385961,-4.947787217667503,59.28362573099415,-30.358288660714265,137.0616880505953,-31.55130684523808,142.5177772321429,-31.3188150892857,140.94047187500004,85789.0,8287.0,85373.0,COP -> AUS,0.0009756960393017211
2020-12-28,COP,AUS,472,203,6.6059322033898304,1404.2711864406779,1420.9745762711864,1431.3283898305085,0.4449152542372881,0.701271186440678,3004.2860169491523,-0.7885593220338983,-4.674111753558563,60.889830508474574,-28.626986951754382,132.92389429824559,-29.884651315789473,138.7989100877193,-28.62464506578947,133.10251315789472,24830.0,3267.0,24800.0,COP -> AUS,0.0007700665977087255
2021-01-04,COP,AUS,828,252,8.907004830917874,2013.7971014492753,2051.105072463768,2017.4504830917874,0.4057971014492754,0.5748792270531401,3566.8756038647343,-1.069323671497584,-4.237233071499072,49.84299516908212,-28.19042268543453,132.86856205507962,-29.02640089840882,136.84866446266835,-28.659698572827427,137.19729155324362,37849.0,6891.0,37810.0,COP -> AUS,0.000776889234172993
2021-01-11,COP,AUS,726,253,8.415977961432507,1862.0399449035813,1381.4435261707988,1879.8691460055097,0.2713498622589532,0.6721763085399449,3655.4187327823693,-2.1564738292011016,-6.139941927237346,48.388429752066116,-22.44175283687943,125.88186266382979,-23.040501063829783,127.96505344397151,-22.812101472340416,127.28619748085099,32940.0,6099.0,31787.0,COP -> AUS,0.0007871864265639638
2021-01-18,COP,AUS,534,195,6.893258426966292,1473.6685393258426,1307.3258426966293,1499.3333333333333,0.352059925093633,0.6104868913857678,3490.934456928839,-1.4117977528089884,-5.179773367853407,51.92883895131086,-26.602139948,133.99957719200003,-27.790825598,138.329836192,-27.893565398000007,138.06216619200003,27219.0,4796.0,27179.0,COP -> AUS,0.0006036851928683751
2021-01-25,COP,AUS,502,247,6.398406374501992,1561.8406374501992,1586.8406374501992,1580.711155378486,0.5239043824701195,0.7370517928286853,3359.06374501992,-0.21892430278884464,-5.426518461851432,64.08366533864542,-28.555383480176214,137.1020554052864,-28.036256387665194,136.41830430396482,-28.79437004405286,137.0189869030838,17318.0,2255.0,16902.0,COP -> AUS,0.0006209267145679055
2021-02-01,COP,AUS,1050,282,11.085714285714285,2583.978095238095,2648.130476190476,2606.5142857142855,0.29904761904761906,0.7561904761904762,6714.808571428572,-2.5784761904761906,-4.3689959364244375,41.65714285714286,1.6744821679611945,87.1390975038835,-9.024642395145621,107.61609838155341,1.1962545951456602,87.7362329407767,147576.0,30957.0,147397.0,COP -> AUS,0.0012680317128693143
2021-02-08,COP,AUS,740,275,6.044594594594595,1251.1013513513512,1265.2864864864864,1287.6662162162163,0.30405405405405406,0.7283783783783784,2815.912162162162,-1.4032432432432427,-5.138103882406948,47.932432432432435,-25.361978240223465,135.8047968854749,-27.169157709497206,138.82125442737433,-26.65707970670391,137.16191441340783,22854.0,4191.0,22112.0,COP -> AUS,0.0009357861045880075
2021-02-15,COP,AUS,805,333,6.195031055900621,1311.480745341615,1315.5068322981367,1318.6757763975156,0.30434782608695654,0.6683229813664596,3154.590062111801,-1.614285714285714,-4.936776084455677,45.01863354037267,-28.359860507751943,137.98827581912147,-29.15382015503876,139.27719664599485,-28.70336912144703,138.6508772403101,28324.0,6316.0,27171.0,COP -> AUS,0.0010614787387786533
2021-02-22,COP,AUS,917,360,7.641221374045801,1654.7415485278082,1662.1188658669575,1669.2311886586697,0.3227917121046892,0.6303162486368593,3236.093784078517,-1.778189749182115,-5.448072069572334,41.43947655398037,-30.517062330316698,140.28795510180993,-32.32850113122167,144.16986878959273,-31.553886538461487,142.26659288461536,47871.0,8344.0,38299.0,COP -> AUS,0.001174750925901016
2021-03-01,COP,AUS,846,355,9.40307328605201,2051.0685579196215,1577.2718676122931,2136.1323877068558,0.18203309692671396,0.5460992907801419,4488.527186761229,-2.266666666666668,-4.853241266756667,39.72813238770686,-29.04046481556885,139.9444763544911,-29.531866164071843,142.14062327305405,-29.12670872694609,140.23323104550911,24686.0,5652.0,23699.0,COP -> AUS,0.0011135784171127782
2021-03-08,COP,AUS,593,253,8.483979763912311,1816.0505902192242,1773.6070826306914,1859.7369308600337,0.31703204047217537,0.6441821247892074,3567.1399662731874,-2.1549747048903876,-5.568605826335041,48.71838111298482,-24.799875300687287,127.91564368728525,-26.119038530927835,129.85006940893476,-25.918869458762885,128.71736116151203,19431.0,3444.0,17864.0,COP -> AUS,0.0007752394025558061
2021-03-15,COP,AUS,1077,352,6.654596100278551,1350.724233983287,1355.7632311977716,1371.376044568245,0.3779015784586815,0.6722376973073352,2878.251624883937,-2.531197771587744,-5.659500898211497,45.66388115134633,-5.89811500956022,64.280050664436,-6.982712896749509,64.8767094598471,-6.307836152007641,64.82671940248572,64363.0,11775.0,63625.0,COP -> AUS,0.0012031852570146707
2021-03-22,COP,AUS,457,222,8.514223194748359,2174.463894967177,2191.5295404814005,2208.487964989059,0.424507658643326,0.6148796498905909,4638.010940919037,-1.355579868708972,-4.713433419712149,45.12035010940919,-15.919667129330245,96.02215028406465,-14.667600461893755,98.243960369515,-16.794326020785213,100.18104173903002,11784.0,4649.0,11691.0,COP -> AUS,0.000535730404517485
2021-03-29,COP,AUS,423,186,7.713947990543735,1658.28841607565,1679.0118203309692,1670.449172576832,0.2718676122931442,0.5697399527186762,3727.2174940898344,-0.29929078014184407,-5.393107116247486,45.082742316784866,-9.057198119106697,105.02915711414389,-8.286372995037215,102.56805604714638,-9.344152977667491,105.33012296277914,19729.0,6672.0,19112.0,COP -> AUS,0.0006106539627544392
2021-04-05,COP,AUS,518,194,7.413127413127413,1810.2471042471043,1804.4362934362935,1820.3648648648648,0.29922779922779924,0.5868725868725869,3716.0405405405404,-2.547876447876448,-6.098964922080051,42.3938223938224,-18.630370867768583,113.84148765289251,-19.459478161157016,116.97867033884292,-19.36379979338842,115.19900298347103,14493.0,3368.0,14331.0,COP -> AUS,0.000693721817551162
2021-04-12,COP,AUS,616,256,5.657467532467533,1229.935064935065,1266.1883116883116,1258.6444805194806,0.3198051948051948,0.7987012987012987,3481.686688311688,-2.705681818181818,-5.391429511880213,49.675324675324674,-29.518765765202698,143.13906452702707,-29.7683349662162,144.06153868243243,-29.302761204391878,142.7704505625,23183.0,5598.0,21637.0,COP -> AUS,0.0007203355641127886
2021-04-19,COP,AUS,584,246,8.085616438356164,1694.13698630137,1675.5565068493152,1711.4486301369864,0.21575342465753425,0.5667808219178082,3867.0393835616437,-3.1583904109589045,-6.670561944771215,41.31849315068493,-27.10216718402777,135.13731722569446,-28.13303199826389,137.4891301892361,-27.388252079861104,136.03164205208333,14708.0,4018.0,13607.0,COP -> AUS,0.0007033661611021651
2021-04-26,COP,AUS,476,237,6.689075630252101,1359.6470588235295,1377.8970588235295,1384.8256302521008,0.4117647058823529,0.7226890756302521,2955.5609243697477,-1.7390756302521004,-5.478886884153764,50.98739495798319,-20.59705232505643,124.26001399548535,-22.607657968397287,131.8338480812641,-19.360352776523705,126.68494130925511,12166.0,1742.0,12128.0,COP -> AUS,0.0006071444059806275
2021-05-03,COP,AUS,376,203,6.343085106382978,1248.1010638297873,1255.7367021276596,1292.3670212765958,0.3617021276595745,0.6329787234042553,3366.191489361702,-1.9191489361702123,-5.336931459006901,45.82446808510638,-22.293700626740947,121.76657316434542,-23.671107523676877,124.73786658774375,-21.711603345403894,119.91376090529252,7459.0,1127.0,7355.0,COP -> AUS,0.0005216035424649097
2021-05-10,COP,AUS,243,165,6.366255144032922,1398.0205761316872,1315.2427983539094,1413.3868312757202,0.3868312757201646,0.7160493827160493,3056.0864197530864,-2.5481481481481483,-4.915835553091787,53.45679012345679,-25.82440042735042,129.5299252948718,-28.19713543162393,133.10801015384615,-28.003285717948717,132.97459562393163,3056.0,441.0,3038.0,COP -> AUS,0.0002726333350910517
2021-05-17,COP,AUS,357,202,5.1568627450980395,1174.5742296918768,1222.6946778711485,1199.9579831932774,0.33613445378151263,0.7675070028011205,2786.1652661064427,-1.8882352941176466,-5.060748908055346,45.79831932773109,-27.967928313253005,137.1887815481928,-29.46462680722891,139.70678453915662,-29.652698795180722,139.7768547198795,7239.0,1508.0,7100.0,COP -> AUS,0.0003754523569889352
2021-05-24,COP,AUS,364,180,6.436813186813187,1375.75,1419.8873626373627,1384.173076923077,0.46703296703296704,0.6895604395604396,3176.75,-1.19010989010989,-3.9967158824951143,49.42307692307692,-24.338689076246325,129.8117519648094,-25.928254765395888,131.4817033431085,-25.97543365102639,131.5800491788856,16627.0,3228.0,16543.0,COP -> AUS,0.0004813745093682885
2021-05-31,COP,AUS,896,252,6.446428571428571,1391.1919642857142,1431.9229910714287,1430.260044642857,0.5881696428571429,0.7801339285714286,3225.3761160714284,-1.5466517857142859,-5.683920173482984,36.104910714285715,0.2968253447461256,126.07894059740254,-6.9768725383707055,126.32788722077944,-3.805242447461621,126.27054167650546,37268.0,15778.0,37073.0,COP -> AUS,0.0013325262824450072
2021-06-07,COP,AUS,551,268,7.921960072595281,1909.125226860254,1952.2431941923776,1960.940108892922,0.2540834845735027,0.6261343012704175,3965.8947368421054,-2.169509981851179,-5.149563481515257,43.55716878402904,-22.283148476894635,121.38272513493534,-23.124342312384467,121.6047703012939,-22.394448597042512,120.62471712754163,8687.0,1793.0,8423.0,COP -> AUS,0.0006982611902375228
2021-06-14,COP,AUS,491,240,11.364562118126273,2564.765784114053,2560.462321792261,2597.0957230142567,0.3380855397148676,0.43380855397148677,4492.446028513238,-3.7562118126272916,-6.00976730279414,47.39307535641548,-17.597171582463464,112.62058454488516,-17.918964509394566,113.19182671607516,-17.65033721294363,113.01095991022966,11592.0,2360.0,11263.0,COP -> AUS,0.0007064311128951733
2021-06-21,COP,AUS,510,213,8.245098039215685,1888.6411764705883,1918.5509803921568,1939.5019607843137,0.47843137254901963,0.696078431372549,4197.694117647059,-3.823137254901961,-5.214224663849513,49.411764705882355,-9.645450475510202,104.87424978163264,-9.353811291836733,103.75993971632651,-9.333329863265305,103.69530828775508,51739.0,8838.0,51610.0,COP -> AUS,0.0007172642696913654
2021-06-28,COP,AUS,350,179,6.808571428571429,1784.1485714285714,1806.98,1803.74,0.4228571428571429,0.68,3757.302857142857,-0.0494285714285717,-4.583106834755334,57.68571428571428,-25.14646109510086,129.76042395100862,-25.36332795389048,130.5610349106628,-25.40335043227665,130.77781012680117,38169.0,3831.0,36954.0,COP -> AUS,0.0005157890393355458
2021-07-05,COP,AUS,373,212,7.463806970509383,1908.1528150134047,1830.9785522788204,1928.5415549597856,0.3726541554959786,0.5844504021447721,3595.230563002681,-1.6367292225201076,-5.021570814375362,49.624664879356565,-21.839066298342534,126.6534815994475,-22.359170441988947,128.20011603867405,-21.627551104972373,126.39256530662985,8644.0,1111.0,8418.0,COP -> AUS,0.0007377884149416989
2021-07-12,COP,AUS,524,222,5.345419847328245,1032.5229007633588,1034.5896946564885,1077.7213740458014,0.29389312977099236,0.7442748091603053,2804.25,-3.130534351145037,-3.809896591428324,46.45038167938932,-28.71572951361869,139.31929630350197,-29.515205972762665,141.14253455252927,-20.695450914396886,125.36969250972761,39197.0,7411.0,38983.0,COP -> AUS,0.0007448546040969847
2021-07-19,COP,AUS,545,246,6.277064220183486,1398.8073394495414,1436.5192660550458,1421.297247706422,0.42201834862385323,0.618348623853211,3395.7302752293576,-1.3497247706422018,-5.016030775468357,53.96330275229358,-24.308965436893196,131.03784970485432,-25.82749650485436,132.93484776310675,-23.515399611650473,129.58133643883494,16558.0,1845.0,16294.0,COP -> AUS,0.0008896114601543843
2021-07-26,COP,AUS,557,209,8.287253141831238,1884.0592459605027,1882.786355475763,1897.3518850987432,0.6337522441651705,0.5745062836624776,3684.289048473968,-0.19569120287253164,-4.452122203092236,66.28366247755835,-28.399998590686263,137.37075211519607,-28.890450306372536,139.08381976225488,-28.63035986519607,137.47910088970588,167665.0,20994.0,167202.0,COP -> AUS,0.0009355636813171125
2021-08-02,COP,AUS,276,176,5.800724637681159,1371.7644927536232,1414.9601449275362,1395.6811594202898,0.42028985507246375,0.6739130434782609,3321.909420289855,-1.844202898550725,-5.318468505901433,47.82608695652174,-21.407458076923074,114.99492316793892,-22.609073588461534,115.98415611832061,-20.986563284615386,113.91146481679391,4711.0,866.0,4276.0,COP -> AUS,0.0005064824245093451
2021-08-09,COP,AUS,257,149,6.836575875486381,1602.9027237354085,1647.9455252918287,1622.9027237354085,0.4163424124513619,0.6342412451361867,3287.715953307393,-0.6260700389105059,-5.839477069452907,53.268482490272376,-24.05690506493506,129.5212235879828,-24.935997844827583,131.1038746609442,-24.30683306034482,128.97733088412016,5087.0,595.0,5082.0,COP -> AUS,0.0004961945546026389
2021-08-16,COP,AUS,347,227,6.452449567723343,1548.9337175792507,1603.3890489913545,1582.3314121037463,0.42939481268011526,0.7175792507204611,3122.795389048991,-1.2818443804034583,-5.167346996276562,48.81844380403458,-31.256867461538462,140.3714833846154,-31.939974000000007,141.1339953846154,-31.8737616923077,141.0763430769231,4185.0,760.0,4140.0,COP -> AUS,0.000575772107077019
2021-08-23,COP,AUS,353,227,7.0594900849858355,1517.7620396600566,1534.9206798866855,1565.9943342776205,0.35694050991501414,0.6685552407932012,3291.5325779036825,-2.004815864022663,-5.694093758296985,51.01983002832861,-24.593003646874998,127.73665905,-26.284041146875,130.833444784375,-24.633780521874996,127.27432061250003,5282.0,686.0,4537.0,COP -> AUS,0.00042733283780479244
2021-08-30,COP,AUS,336,224,9.241071428571429,2190.0178571428573,2267.440476190476,2292.3214285714284,0.37797619047619047,0.6726190476190477,4391.940476190476,-1.8339285714285716,-4.964283750401337,50.29761904761905,-32.09948454968944,140.58688447204963,-32.16036902173913,139.5448270186335,-32.063415916149076,139.05109875776395,4359.0,568.0,4221.0,COP -> AUS,0.00047524618035026773
2021-09-06,COP,AUS,572,242,8.068181818181818,1851.3234265734266,1874.3951048951049,1916.688811188811,0.3374125874125874,0.6888111888111889,3634.487762237762,-1.95541958041958,-4.035494973714914,47.56993006993007,-24.96194947435897,130.05182788321164,-27.78608564899451,135.0967786131387,-26.85673939670932,133.20819558394163,27273.0,6185.0,25834.0,COP -> AUS,0.000843103209393231
2021-09-13,COP,AUS,465,214,5.993548387096774,1339.210752688172,1372.8881720430109,1356.2903225806451,0.5397849462365591,0.7053763440860215,3308.298924731183,-4.255268817204302,-7.283021660631771,64.25806451612904,-6.390881257777779,68.25510666444445,-7.159975924444445,67.67851296000003,-5.373822224444446,64.6396048088889,161496.0,16306.0,161413.0,COP -> AUS,0.0006075691354879172
2021-09-20,COP,AUS,441,268,6.873015873015873,1603.748299319728,1607.6530612244899,1643.3174603174602,0.3877551020408163,0.6984126984126984,3833.986394557823,-2.1240362811791385,-5.779939614704203,49.682539682539684,-29.29727387971698,134.8515468466981,-31.289136379716986,137.00263922169808,-29.24389086084906,134.30625502358487,9620.0,1355.0,9391.0,COP -> AUS,0.0005320355365958411
2021-09-27,COP,AUS,334,225,6.997005988023952,1744.2425149700598,1674.368263473054,1781.320359281437,0.40119760479041916,0.6706586826347305,3821.0808383233534,-1.6988023952095812,-5.985636031213265,52.275449101796404,-25.18324455128205,123.49913419871795,-25.99008141025641,125.63086849358976,-26.26392660256411,126.72587362179486,4191.0,567.0,4125.0,COP -> AUS,0.00047622781940414487
2021-10-04,COP,AUS,280,175,7.4714285714285715,1689.5857142857142,1721.5428571428572,1764.6964285714287,0.3821428571428571,0.7,4208.992857142857,-0.3346428571428571,-5.032653986912798,52.25,-27.09929094339623,125.86057970943399,-27.47216075471698,130.4990978226415,-26.414780377358486,126.78631555849057,7467.0,1549.0,7387.0,COP -> AUS,0.00042861429000042863
2021-10-11,COP,AUS,239,198,7.7447698744769875,1946.560669456067,1935.4853556485355,1915.7154811715482,0.39748953974895396,0.6527196652719666,3727.644351464435,-0.2765690376569039,-4.532425642589915,52.25941422594142,-24.845514545454545,125.73292135497832,-24.874874588744586,125.7324587272727,-24.65341497835498,125.75863058874457,1882.0,315.0,1813.0,COP -> AUS,0.0003698888785712075
2021-10-18,COP,AUS,401,263,8.291770573566085,2018.9401496259352,1745.508728179551,2048.072319201995,0.2892768079800499,0.7007481296758105,4473.423940149626,-1.1379052369077303,-4.145355315501591,50.02493765586035,-24.896876928020564,121.28137655526992,-27.121835025706943,126.99158246786632,-25.551253534704372,123.70117424164523,4736.0,773.0,4493.0,COP -> AUS,0.0005886998981152794
2021-10-25,COP,AUS,408,263,7.495098039215686,1819.1299019607843,1795.9166666666667,1835.563725490196,0.24754901960784315,0.6593137254901961,3962.203431372549,-2.6634803921568633,-5.129818418525395,45.318627450980394,-22.532755163727956,123.26798640554155,-25.002982115869017,129.18074242569267,-23.048629785894203,126.52473620403023,4962.0,760.0,4763.0,COP -> AUS,0.0005967547074878089
2021-11-01,COP,AUS,1676,345,10.174821002386635,2461.299522673031,2509.909904534606,2502.683770883055,0.4105011933174224,0.860381861575179,4677.792959427207,0.913723150357992,-1.960419730084534,45.48329355608592,-30.433491384150127,122.31047592195968,-30.22650808106483,121.43346862250414,-30.365860712643777,122.08676914640007,703807.0,129578.0,702078.0,COP -> AUS,0.00244129814135058
2021-11-08,COP,AUS,485,287,7.979381443298969,1778.9154639175258,1704.179381443299,1812.8309278350516,0.27010309278350514,0.6164948453608248,4240.156701030928,-2.167835051546392,-5.130726536684181,41.95876288659794,-25.49850172008546,117.64576645299141,-27.893948504273503,124.40099444444445,-26.363562350427344,119.56897905982903,6112.0,989.0,5993.0,COP -> AUS,0.000717038762967683
2021-11-15,COP,AUS,352,225,6.3125,1410.3948863636363,1452.6647727272727,1428.627840909091,0.40625,0.8096590909090909,3574.3210227272725,-1.7065340909090911,-5.135330506283026,54.31818181818182,-27.52690793051359,133.16403081873108,-27.503800981873113,134.4184235679758,-27.805760196374617,134.41764297885192,7876.0,868.0,5959.0,COP -> AUS,0.0005367359137319005
2021-11-22,COP,AUS,391,281,7.736572890025576,1786.3657289002558,1831.9130434782608,1813.6445012787724,0.29923273657289,0.659846547314578,4486.897698209718,-1.2946291560102303,-4.656743398955738,48.8235294117647,-26.185745390501314,132.26541934828492,-27.3578796121372,133.55980571503954,-26.759058023746697,133.33818596042215,4162.0,601.0,3824.0,COP -> AUS,0.0007003779533200781
2021-11-29,COP,AUS,332,233,7.4156626506024095,1786.8253012048192,1781.0963855421687,1773.3734939759036,0.3885542168674699,0.6716867469879518,3561.64156626506,-1.2376506024096385,-4.66054594117126,49.7289156626506,-28.16382866459627,136.3456953416149,-28.952529130434776,136.6392462732919,-27.99393152647974,136.0649186915888,3110.0,509.0,3006.0,COP -> AUS,0.000482817092306775
2021-12-06,COP,AUS,297,188,6.040404040404041,1293.6262626262626,1301.003367003367,1302.003367003367,0.3501683501683502,0.7542087542087542,3959.060606060606,-1.6134680134680135,-5.400842049349676,51.68350168350168,-16.070369081272084,109.52438386925795,-19.6963312720848,115.85341603886923,-18.220015371024733,114.4215639646643,6197.0,876.0,6003.0,COP -> AUS,0.0004346349944097452
2021-12-13,COP,AUS,318,172,8.374213836477987,1991.2610062893082,2038.8207547169811,2029.9654088050315,0.31446540880503143,0.6163522012578616,4548.915094339623,-2.7012578616352196,-4.524966926912994,47.704402515723274,-27.48111315131579,132.2114662203947,-28.184035960526312,135.10301929276312,-26.960348460526312,128.50754319736836,5990.0,739.0,5312.0,COP -> AUS,0.0005141329987696377
2021-12-20,COP,AUS,252,170,5.400793650793651,1110.3333333333333,1165.9444444444443,1136.6309523809523,0.6111111111111112,0.7817460317460317,3088.063492063492,-0.4523809523809523,-4.057547100205848,68.01587301587301,-30.65536669603524,139.73062714977974,-30.514038502202638,141.05211173127753,-31.046127048458146,141.1039472687225,4098.0,408.0,3716.0,COP -> AUS,0.0005128236436119878
2021-12-27,COP,AUS,169,115,5.982248520710059,1374.2485207100592,1400.508875739645,1393.9289940828403,0.5562130177514792,0.834319526627219,2821.7218934911243,-2.2378698224852074,-5.049853400366513,61.83431952662722,-28.764134177215183,132.97424073417724,-29.141031012658225,132.9837261772152,-28.4271329113924,132.8126882025317,2442.0,298.0,2349.0,COP -> AUS,0.00037881674683833713
2022-01-03,COP,AUS,151,100,8.2317880794702,1822.9668874172185,1789.3774834437086,1868.0331125827815,0.5894039735099338,0.5894039735099338,3167.933774834437,-0.5933774834437088,-5.023955877404972,66.15894039735099,-11.338818382352942,81.91087891176471,-10.560538970588237,79.94908896323528,-10.215063970588234,78.49144361764705,5596.0,531.0,5567.0,COP -> AUS,0.0002749028282221433
2022-01-10,COP,AUS,348,194,6.896551724137931,1616.4885057471265,1641.5172413793102,1667.5431034482758,0.4166666666666667,0.6206896551724138,3564.977011494253,-0.3163793103448276,-5.637926432261138,50.86206896551724,-27.831811572700296,135.75725074183975,-26.812060830860535,132.05861127596438,-24.610558531157263,126.41975964391695,8563.0,1415.0,8443.0,COP -> AUS,0.0005708933003702604
2022-01-17,COP,AUS,588,302,15.124149659863946,3748.0255102040815,3776.5204081632655,3843.214285714286,0.16326530612244897,0.4370748299319728,6646.773809523809,-2.471938775510204,-4.848196456010505,35.78231292517007,-29.498453713298797,141.51741934369602,-29.60952849740933,142.58638065630396,-29.164223488773747,140.09510708117446,7225.0,1154.0,7011.0,COP -> AUS,0.0008505578531225454
2022-01-24,COP,AUS,371,225,7.9568733153638815,1877.3396226415093,1883.7088948787061,1903.3800539083559,0.33423180592991913,0.6522911051212938,3602.0512129380054,-1.2822102425876007,-5.515556023079761,45.55256064690027,-30.198827988338188,136.8615127201166,-30.34648542274052,137.101113303207,-27.811284256559762,133.20765266180757,5114.0,1075.0,5099.0,COP -> AUS,0.0005496084595260034
2022-01-31,COP,AUS,363,224,7.931129476584022,1809.4297520661157,1817.5096418732783,1830.7575757575758,0.3085399449035813,0.6308539944903582,3912.6969696969695,-1.2669421487603307,-5.268935480870921,51.074380165289256,-28.711151912181293,137.621459490085,-29.242694050991496,138.01487733711048,-28.779824999999995,137.4732923512748,5844.0,655.0,4766.0,COP -> AUS,0.0005541705532393024
2022-02-07,COP,AUS,426,242,5.55868544600939,1151.5586854460093,1093.1267605633802,1169.5093896713615,0.5046948356807511,0.7816901408450704,2909.8169014084506,-4.526525821596245,-6.223875803433077,63.286384976525824,-25.027844333333327,127.89399600999997,-25.547470733333327,128.96634700999996,-25.726378999999998,129.97927567666665,132645.0,12577.0,132577.0,COP -> AUS,0.0005649058225081819
2022-02-14,COP,AUS,224,187,6.915178571428571,1562.2455357142858,1582.3348214285713,1585.3705357142858,0.375,0.7455357142857143,3396.745535714286,-2.443749999999999,-4.761601526239265,53.57142857142857,-27.652541232227488,135.17475545023697,-28.150121327014215,136.473381042654,-28.035936492890993,136.29302085308058,1792.0,295.0,1783.0,COP -> AUS,0.0003041874663900009
2022-02-21,COP,AUS,302,223,7.771523178807947,1834.453642384106,1872.6688741721855,1865.453642384106,0.2682119205298013,0.6854304635761589,3744.384105960265,-1.1791390728476825,-5.406069128764254,46.75496688741722,-25.036950699300693,138.75174591958046,-25.756269230769227,139.2624902097902,-25.594451748251746,139.23435384615382,2751.0,497.0,2497.0,COP -> AUS,0.00027704693652139134
2022-02-28,COP,AUS,610,184,4.729508196721311,1144.7524590163935,1218.1704918032788,1161.9229508196722,0.3163934426229508,0.8918032786885246,3674.1901639344264,-0.7472131147540994,-5.859254935413679,41.73770491803279,-27.179005387205308,144.65309208754243,-27.28001077441072,144.06615606060623,-26.909795006733916,144.12064876431012,61674.0,17175.0,61651.0,COP -> AUS,0.0006308352258390108
2022-03-07,COP,AUS,266,192,6.913533834586466,1607.5,1592.5375939849623,1631.312030075188,0.21428571428571427,0.7443609022556391,4766.2180451127815,-0.7176691729323306,-6.301161482594718,39.88721804511278,-25.359443566929134,132.58231325196851,-26.28158438188976,135.288858003937,-25.924419157480312,133.984860496063,2750.0,803.0,2734.0,COP -> AUS,0.0002817178860144015
2022-03-14,COP,AUS,253,230,7.403162055335969,1621.5731225296443,1619.9604743083005,1642.0395256916995,0.3201581027667984,0.6403162055335968,4159.430830039526,-2.3189723320158104,-5.3566126952911,44.07114624505929,-23.384411744680847,127.16964353191489,-23.367242085106376,125.14704353191492,-23.606806765957444,127.79665587234042,1406.0,289.0,1338.0,COP -> AUS,0.00028614892185193773
2022-03-21,COP,AUS,254,167,7.224409448818897,1562.283464566929,1576.7874015748032,1584.1811023622047,0.3031496062992126,0.6417322834645669,4125.917322834645,-2.3574803149606303,-5.6532582448944515,48.7007874015748,-27.011945572033895,130.60483686440682,-27.51417044491524,132.09269279661018,-27.15051112288135,131.22497669491528,2672.0,510.0,2582.0,COP -> AUS,0.00031276050548993196
2022-03-28,COP,AUS,195,138,5.958974358974359,1384.9897435897435,1386.9333333333334,1403.7794871794872,0.5846153846153846,0.6871794871794872,2970.148717948718,-1.5897435897435896,-5.191993310732076,65.8974358974359,-25.271801744186046,129.32287635465116,-24.983082558139532,129.06252170348836,-25.09261918604651,129.09086472674417,3208.0,438.0,3061.0,COP -> AUS,0.00022947979871679603
2022-04-04,COP,AUS,159,128,8.364779874213836,2035.1509433962265,2059.566037735849,2061.3522012578615,0.3270440251572327,0.6540880503144654,4107.522012578616,-0.9773584905660377,-5.187042891268061,48.80503144654088,-29.156775880794694,135.5272377483444,-29.847145198675495,136.50049205298012,-29.291442105960257,135.00196225165564,1100.0,207.0,1098.0,COP -> AUS,0.0002065307893243066
2022-04-11,COP,AUS,194,148,4.706185567010309,1030.7731958762886,1093.6855670103093,1061.1288659793815,0.4020618556701031,0.7474226804123711,2654.685567010309,-0.37061855670103094,-3.9796867318996667,55.0,-24.794994744318174,131.78000719318183,-27.061103835227275,135.40677348295455,-25.807147159090906,132.6569655284091,1968.0,323.0,1950.0,COP -> AUS,0.00026984508944530143
2022-04-18,COP,AUS,178,123,5.589887640449438,1318.1741573033707,1324.1741573033707,1225.8651685393259,0.3202247191011236,0.702247191011236,3293.949438202247,-2.514044943820225,-5.287986387988607,43.53932584269663,-19.38483348214285,118.77675972023809,-20.89843050595238,123.39629920238093,-19.899653124999997,120.78733710119046,1307.0,307.0,1254.0,COP -> AUS,0.000249346166722933
2022-04-25,COP,AUS,270,170,6.662962962962963,1351.9444444444443,1343.2481481481482,1377.7703703703703,0.4740740740740741,0.6777777777777778,3133.374074074074,-3.125555555555556,-5.427398813678456,56.74074074074074,-26.243025527131785,125.967967124031,-29.150354337209308,135.2866387015504,-29.982346197674424,135.1458328875969,4365.0,547.0,4171.0,COP -> AUS,0.00033700965095785634
2022-05-02,COP,AUS,195,147,7.589743589743589,1728.820512820513,1604.6410256410256,1740.297435897436,0.3487179487179487,0.6307692307692307,4389.841025641025,-1.705128205128205,-5.549823451259179,49.43589743589744,-20.972349772972972,111.08339333513518,-26.07498878378378,127.17221585945951,-19.90298288108108,107.56141171351355,1809.0,343.0,1716.0,COP -> AUS,0.00028726657749126417
2022-05-09,COP,AUS,248,199,6.576612903225806,1411.9112903225807,1477.7782258064517,1454.7983870967741,0.4596774193548387,0.7338709677419355,3245.5524193548385,-1.7794354838709676,-5.831415724955042,46.12903225806452,-22.162010912133894,117.10851518828451,-22.215246200836827,116.91530514644352,-20.930408263598327,115.49431016736402,2126.0,371.0,2115.0,COP -> AUS,0.0003397809508934321
2022-05-16,COP,AUS,156,128,6.461538461538462,1268.525641025641,1304.8910256410256,1288.5320512820513,0.4230769230769231,0.7884615384615384,2844.0576923076924,-2.376923076923077,-5.775492988901196,51.47435897435897,-19.823658333333334,110.69789374999999,-19.53214236111111,111.46963472222224,-17.54550138888889,107.97997430555557,1193.0,221.0,1139.0,COP -> AUS,0.00021924215295794205
2022-05-23,COP,AUS,250,190,10.52,2196.384,2217.568,2214.084,0.42,0.7,4641.636,-2.1752,-4.925645148837937,52.04,-25.725320213675207,131.202954982906,-25.933722508547003,130.81785384188032,-25.326389743589733,130.74596922649573,3049.0,405.0,2615.0,COP -> AUS,0.00033225902913911685
2022-05-30,COP,AUS,205,153,6.214634146341464,1250.9073170731708,1287.9658536585366,1281.1317073170733,0.44390243902439025,0.7707317073170732,2961.960975609756,-0.7190243902439026,-4.748580909733664,50.146341463414636,-22.54667904040404,131.16770555555556,-23.89759166666666,130.97008267676767,-23.419213383838382,130.97382510101014,2215.0,384.0,2042.0,COP -> AUS,0.00031708761981658415
2022-06-06,COP,AUS,174,141,8.695402298850574,1979.0747126436781,2112.603448275862,2095.448275862069,0.4885057471264368,0.6609195402298851,3942.3045977011493,-1.0080459770114942,-4.616583862264065,55.91954022988506,-21.141855668789805,120.54248868152868,-21.664899617834394,124.8292447388535,-20.752434012738856,124.82680303821657,1743.0,245.0,1685.0,COP -> AUS,0.00027155761703509025
2022-06-13,COP,AUS,130,114,6.161538461538462,1295.2692307692307,1256.576923076923,1319.0076923076922,0.4846153846153846,0.676923076923077,2981.023076923077,-2.0538461538461537,-4.23059652399629,57.30769230769231,-23.378005952380953,126.28106084920637,-25.15601071428571,127.26698148412699,-23.007309126984126,124.54528307142857,1123.0,162.0,1051.0,COP -> AUS,0.0002162306016200662
2022-06-20,COP,AUS,241,148,8.970954356846473,1854.9128630705395,1880.0165975103735,1881.5228215767636,0.34024896265560167,0.5145228215767634,3889.414937759336,-3.070124481327801,-5.095476339789486,45.892116182572614,-16.233173568281938,120.39347559471368,-26.9191563876652,131.98938396475774,-22.241225991189427,127.20056414096918,3243.0,953.0,3207.0,COP -> AUS,0.0003954501896848213
2022-06-27,COP,AUS,314,167,10.968152866242038,2435.9140127388537,2411.388535031847,2442.3471337579617,0.1942675159235669,0.6687898089171974,3587.6751592356686,-1.9512738853503186,-5.321027927399806,43.47133757961783,-26.32764849675323,131.68533474350653,-27.726861483766225,134.94756850649355,-25.918807155844142,131.32031547727277,36142.0,364.0,36095.0,COP -> AUS,0.0004951533319561553
2022-07-04,COP,AUS,142,106,5.338028169014085,1170.3239436619717,1217.1408450704225,1198.394366197183,0.5774647887323944,0.6830985915492958,2626.1338028169016,-0.1514084507042254,-4.229193184327714,64.08450704225352,-27.101016953124997,121.4548,-28.004886484375,128.23717109375002,-27.028254453125,124.59688984375002,1853.0,214.0,1794.0,COP -> AUS,0.00024487529466947873
2022-07-11,COP,AUS,222,160,5.711711711711712,1168.1531531531532,1198.1711711711712,1191.5225225225224,0.4189189189189189,0.7207207207207207,3070.612612612613,-2.817117117117117,-5.5328513043417775,52.88288288288288,-21.29832137142857,116.95198031428573,-22.160061904761903,118.80926152380955,-21.3852819047619,116.60166152380954,2419.0,342.0,2262.0,COP -> AUS,0.00034282537525480265
2022-07-18,COP,AUS,201,153,6.696517412935323,1385.004975124378,1436.18407960199,1472.9054726368158,0.5074626865671642,0.7164179104477612,3478.3084577114428,-0.8094527363184082,-5.245409463954506,57.21393034825871,-26.975738888888884,131.88260094444448,-28.102267222222217,133.41740833333336,-26.58308166666666,131.72599538888892,2366.0,345.0,2188.0,COP -> AUS,0.00033698540568180866
2022-07-25,COP,AUS,480,177,8.441666666666666,1914.93125,1961.81875,1947.0041666666666,0.6770833333333334,0.5229166666666667,3341.0041666666666,-0.5764583333333333,-3.471840903046358,72.125,-21.91499680933852,119.29071957198444,-25.94876957198443,127.08252035019453,-25.7426100389105,124.9935674319066,141019.0,14424.0,140901.0,COP -> AUS,0.0008958299117607537
2022-08-01,COP,AUS,198,142,9.525252525252526,2205.5,2219.252525252525,2231.2979797979797,0.47474747474747475,0.6767676767676768,4243.520202020202,-0.5883838383838383,-4.652376232102827,57.17171717171717,-26.60460402173913,130.72559690217392,-29.642436891304342,137.66380840217388,-26.677171478260867,131.01655643478261,5016.0,593.0,4809.0,COP -> AUS,0.0002983761106221895
2022-08-08,COP,AUS,211,154,5.843601895734597,1337.5355450236966,1351.6635071090047,1342.3886255924172,0.44075829383886256,0.7914691943127962,3349.791469194313,-2.1383886255924174,-5.059260035615407,55.639810426540286,-21.945625380710656,122.89221319796958,-22.962508121827405,122.59853502538073,-21.52066497461928,123.16475888324877,2482.0,443.0,2452.0,COP -> AUS,0.0003704093813636683
2022-08-15,COP,AUS,422,229,8.921800947867299,1741.6943127962086,1758.329383886256,1770.8744075829384,0.5023696682464455,0.6492890995260664,3290.6090047393363,-4.369194312796209,-5.091520658054872,58.86255924170616,-10.545278774936056,107.03903905370842,-11.108678007672628,109.89989404092067,-10.79404245780051,108.04600657289,79186.0,8237.0,79055.0,COP -> AUS,0.0008013900889694921
2022-08-22,COP,AUS,248,179,7.342741935483871,1536.532258064516,1552.4032258064517,1558.9274193548388,0.38306451612903225,0.717741935483871,3381.5725806451615,-2.4358870967741937,-5.582539695887977,50.443548387096776,-22.9581119047619,122.44072568398269,-21.0797079004329,119.27959653679657,-22.625133874458868,122.0306744588745,2440.0,435.0,2342.0,COP -> AUS,0.00046680244092502175
2022-08-29,COP,AUS,207,164,5.449275362318841,1120.256038647343,1179.657004830918,1158.5603864734298,0.4492753623188406,0.7729468599033816,3089.685990338164,-1.7801932367149758,-5.139232817292241,52.41545893719807,-29.779753295081964,139.29199045355193,-29.914396901639343,137.50330739344267,-29.44856968852459,137.523378431694,1942.0,350.0,1908.0,COP -> AUS,0.0003979644215962026
2022-09-05,COP,AUS,162,128,5.197530864197531,960.0,1119.358024691358,1101.4814814814815,0.5123456790123457,0.7222222222222222,2483.1666666666665,-1.747530864197531,-3.897620309010372,59.50617283950617,-27.009514838709677,132.12947462580647,-26.629434193548384,129.2602270967742,-26.110672903225808,129.10893591612907,1826.0,239.0,1759.0,COP -> AUS,0.000245583662925811
2022-09-12,COP,AUS,204,145,7.588235294117647,1601.7058823529412,1565.612745098039,1625.671568627451,0.35784313725490197,0.6274509803921569,3138.1127450980393,-2.3872549019607847,-5.453928641261308,50.98039215686274,-18.510138219895286,108.43960350785342,-19.36381308900523,109.91870455497383,-21.350817801047114,112.99321450261782,2169.0,360.0,2009.0,COP -> AUS,0.00030523203619692855
2022-09-19,COP,AUS,179,126,5.994413407821229,1202.8156424581005,1324.5865921787708,1311.1564245810057,0.4860335195530726,0.6815642458100558,2960.7932960893854,-0.7564245810055865,-4.8661987832827815,58.770949720670394,-26.637536309523803,136.4638745833333,-29.583389880952375,140.22800970238092,-28.233054761904754,139.05558351190479,3392.0,433.0,3377.0,COP -> AUS,0.00028988417588681885
2022-09-26,COP,AUS,271,173,9.970479704797048,2652.0553505535054,2655.678966789668,2660.6236162361624,0.22878228782287824,0.5608856088560885,4538.276752767528,-2.0804428044280443,-4.5016711692972935,42.76752767527675,-25.17542830188679,132.05730101886792,-28.49051886792453,136.03393370943394,-28.18521396226415,136.9923776226415,4214.0,951.0,4028.0,COP -> AUS,0.00047205224277072023
2022-10-03,COP,AUS,241,175,6.721991701244813,1457.8091286307053,1487.3526970954356,1477.8464730290457,0.37344398340248963,0.7302904564315352,3605.6431535269708,-2.209128630705394,-5.07050521809614,51.03734439834025,-28.361047260273967,133.85536868493153,-29.680530821917806,135.50232256621007,-29.078673744292228,134.49634083105025,2798.0,527.0,2635.0,COP -> AUS,0.0003915185069661052
2022-10-10,COP,AUS,302,166,8.834437086092715,1076.8841059602648,1902.135761589404,1885.3476821192053,0.3509933774834437,0.6821192052980133,3816.1490066225165,-0.5463576158940397,-4.919314058096063,45.033112582781456,-22.003666777027032,123.07547006756755,-25.63102240878378,130.17151432432428,-22.36532815202703,124.21678662162162,5323.0,1524.0,5287.0,COP -> AUS,0.0005354078318464833
2022-10-17,COP,AUS,369,111,6.482384823848238,1566.3929539295393,1632.159891598916,1658.0271002710026,0.42276422764227645,0.4959349593495935,2874.062330623306,-0.20514905149051496,-3.7316639084743817,38.75338753387534,6.409732132947987,81.57548737861259,-11.285532632947993,114.36098352601167,-10.696677430635853,112.73976358381512,48633.0,18269.0,48563.0,COP -> AUS,0.000660706580028756
2022-10-24,COP,AUS,219,169,5.9132420091324205,1178.6164383561643,1194.703196347032,1198.054794520548,0.3698630136986301,0.7625570776255708,2728.365296803653,-1.4255707762557077,-5.100041951166545,51.23287671232877,-26.605753738317755,134.699424317757,-28.199437383177568,137.03384643457943,-27.979390186915893,136.7843215140187,1900.0,328.0,1884.0,COP -> AUS,0.0003955989168899061
2022-10-31,COP,AUS,216,135,7.356481481481482,1629.0462962962963,1654.7962962962963,1653.837962962963,0.4351851851851852,0.6712962962962963,3196.7731481481483,-0.9912037037037036,-4.715727208811366,53.888888888888886,-24.09015833333333,127.76706784313727,-24.65481666666666,129.02100558823534,-24.483325490196073,127.84833107843141,4288.0,643.0,4188.0,COP -> AUS,0.0004002416273528093
2022-11-07,COP,AUS,106,92,6.377358490566038,1492.4811320754718,1462.8301886792453,1505.7924528301887,0.5283018867924528,0.7547169811320755,3090.990566037736,0.44150943396226405,-3.33394184475345,66.41509433962264,-28.223981182795693,138.54991970967745,-28.411626344086017,138.57018207526883,-27.456434946236552,137.50328315053767,1100.0,132.0,1058.0,COP -> AUS,0.0002790222638708285
2022-11-14,COP,AUS,636,115,10.397798742138365,1941.0880503144654,1924.0345911949685,1935.506289308176,0.09905660377358491,0.279874213836478,4471.819182389937,-4.253459119496855,-6.448026978972579,19.79559748427673,3.0842136406995264,96.32295581558031,-25.238780492845798,136.1537234642288,-19.359205596184434,118.6281967853736,46599.0,45403.0,46561.0,COP -> AUS,0.0010336152481001631
2022-11-21,COP,AUS,294,156,6.959183673469388,1465.3061224489795,1498.904761904762,1486.7380952380952,0.24149659863945577,0.7108843537414966,3456.704081632653,-3.4234693877551017,-4.64947838771158,47.17687074829932,-12.824671061643835,116.4995294520548,-23.92600719178082,130.79835856164382,-18.303558561643833,124.71836986301368,6798.0,1134.0,5921.0,COP -> AUS,0.00068253997734153
2022-11-28,COP,AUS,218,169,7.912844036697248,1895.8990825688074,1917.5779816513761,1921.4724770642201,0.38990825688073394,0.6146788990825688,4005.0550458715597,-1.845871559633027,-5.0971510497357055,53.30275229357798,-29.54291556603773,138.3887103773585,-29.66607735849056,138.33659952830192,-29.742557075471687,138.5036339622642,2456.0,340.0,2310.0,COP -> AUS,0.0004330543642146122
2022-12-05,COP,AUS,245,145,6.310204081632653,1500.7836734693878,1523.1061224489797,1522.334693877551,0.46530612244897956,0.5918367346938775,3029.877551020408,-2.1522448979591835,-5.3098344565643,49.63265306122449,-21.978540389610387,120.7470272727273,-24.41110186147186,125.37274415584417,-23.737606190476185,123.85270865800867,12388.0,2077.0,12344.0,COP -> AUS,0.00046472720513058836
2022-12-12,COP,AUS,746,359,8.44906166219839,1757.514745308311,1802.3686327077749,1791.922252010724,0.4262734584450402,0.7855227882037533,4313.48927613941,-3.3357908847185,-5.267653054374103,50.0402144772118,-27.347461195499314,144.64463600562584,-27.655855907173013,145.6606775428973,-27.603474120956417,144.9255481476793,37365.0,5896.0,35531.0,COP -> AUS,0.001472626130625491
2022-12-19,COP,AUS,267,175,4.8277153558052435,870.1161048689139,905.2397003745318,871.0524344569288,0.5805243445692884,0.8089887640449438,2553.692883895131,0.006741573033707589,-4.7857496421258725,52.247191011235955,-11.210678125000008,86.22174663281248,-13.273152601562508,88.8230813984375,-12.021825777343757,87.2267271015625,20365.0,354.0,20306.0,COP -> AUS,0.0005232400907733371
2022-12-26,COP,AUS,210,103,4.966666666666667,1032.3857142857144,1040.1142857142856,1052.3857142857144,0.6714285714285714,0.6952380952380952,2847.2619047619046,0.010952380952380915,-3.3248230448880145,64.0952380952381,-13.462041791044772,97.97929834328357,-14.483841791044771,99.18026069651742,-13.997330348258702,99.06661343283582,11467.0,1626.0,11267.0,COP -> AUS,0.0004928848550566465
2023-01-02,COP,AUS,241,113,5.809128630705394,1121.8464730290457,1155.6597510373444,1152.9502074688796,0.3983402489626556,0.7883817427385892,2565.344398340249,-1.132780082987552,-4.525149879098024,51.82572614107884,-12.075120093457942,109.91758224299062,-22.472434579439245,127.99732570093455,-16.96793177570093,115.8414892523364,7785.0,1420.0,7737.0,COP -> AUS,0.0004554215956763294
2023-01-09,COP,AUS,247,188,7.137651821862348,1649.7773279352227,1692.4574898785424,1690.076923076923,0.3967611336032389,0.6720647773279352,3231.753036437247,-1.0121457489878545,-4.918407690310561,54.08906882591093,-22.623125851063826,125.6249137574468,-27.06044659574468,135.63142226808512,-24.6581879787234,130.8622214170213,2254.0,440.0,2199.0,COP -> AUS,0.0003831685088229591
2023-01-16,COP,AUS,272,155,7.9338235294117645,1460.4816176470588,1475.7463235294117,1492.1691176470588,0.44485294117647056,0.6691176470588235,3226.202205882353,-3.7566176470588233,-4.7958636378198145,56.72794117647059,-10.450034807692308,88.5483092307692,-15.2880725,94.50133230769232,-13.051663269230769,91.69045153846155,9095.0,1240.0,8958.0,COP -> AUS,0.0004719436443765833
2023-01-23,COP,AUS,247,163,8.392712550607287,1606.0404858299596,1658.1497975708503,1637.8542510121458,0.44534412955465585,0.5951417004048583,3596.153846153846,-2.4068825910931175,-4.738718910556686,55.587044534412954,-18.570903056768557,109.36409109170306,-21.898978602620083,113.062287,-20.687148908296944,112.58623999999999,3925.0,687.0,3862.0,COP -> AUS,0.00039244908886668014
2023-01-30,COP,AUS,352,180,6.1022727272727275,1294.3863636363637,1337.4005681818182,1319.315340909091,0.5426136363636364,0.7102272727272727,3370.3352272727275,-0.45568181818181835,-4.502180941706919,66.05113636363636,-6.959537134502936,99.9066380701755,-7.967068713450301,104.37507491228077,-6.417638304093578,100.70620482456147,64827.0,6858.0,64602.0,COP -> AUS,0.0005499604715911044
2023-02-06,COP,AUS,197,140,5.16751269035533,1076.8121827411167,1102.2588832487309,1098.527918781726,0.45685279187817257,0.7766497461928934,2856.2741116751267,-1.7314720812182742,-5.047235128025889,57.61421319796954,-27.34188783068783,133.97007830687832,-28.507411640211636,137.4288634920635,-27.622851322751316,134.22508888888888,2380.0,377.0,2380.0,COP -> AUS,0.0003323918376712999
2023-02-13,COP,AUS,161,124,8.751552795031056,2068.248447204969,2062.795031055901,2087.9875776397516,0.4161490683229814,0.5527950310559007,3478.3229813664598,-0.801863354037267,-4.511786100695788,50.0,-19.171035350318473,120.15882866242038,-24.069055414012738,130.94579044585987,-20.764240445859873,122.96382866242037,1786.0,304.0,1749.0,COP -> AUS,0.0002622504345049901
2023-02-20,COP,AUS,191,156,5.272251308900524,1202.931937172775,1243.7120418848167,1212.4188481675392,0.5392670157068062,0.7958115183246073,3062.528795811518,-1.3994764397905757,-3.7625817682590355,55.49738219895288,-19.93749326666667,116.40825883333333,-22.04813208333334,120.18501506111112,-22.16919090555556,119.75435544444443,1970.0,287.0,1756.0,COP -> AUS,0.00029277145738872384
2023-02-27,COP,AUS,243,164,6.008230452674897,1240.469135802469,1275.2962962962963,1260.954732510288,0.4567901234567901,0.7160493827160493,2638.687242798354,-1.0987654320987654,-5.188079891044741,51.440329218106996,-22.478204991379307,124.08908304310349,-26.23073990517241,130.53522686637936,-24.833680995689654,128.62262859051725,3110.0,569.0,3074.0,COP -> AUS,0.0004060252136645029
2023-03-06,COP,AUS,181,125,5.734806629834254,1453.9447513812154,1499.7513812154696,1482.1657458563536,0.425414364640884,0.7348066298342542,3332.1436464088397,-1.729281767955801,-5.153587158699206,56.07734806629834,-22.683275934911244,119.69865739644972,-23.396988213017753,118.02199881656806,-21.77271839053254,115.84115147928995,2603.0,373.0,2585.0,COP -> AUS,0.00029585460299091026
2023-03-13,COP,AUS,188,113,4.76595744680851,991.3085106382979,1044.9840425531916,1013.9202127659574,0.5372340425531915,0.7393617021276596,2953.7872340425533,-1.377659574468085,-4.236855825079006,59.09574468085106,-11.929921560439558,107.95632604395605,-14.32105727472527,112.49455879120882,-12.335246835164833,108.59131319780221,4619.0,634.0,4533.0,COP -> AUS,0.000300225967949281
2023-03-20,COP,AUS,389,191,7.056555269922879,1379.223650385604,1358.017994858612,1389.8380462724936,0.2647814910025707,0.7249357326478149,2905.388174807198,-1.3822622107969154,-4.503806963874691,48.40616966580977,-25.49169148793565,120.77928079356569,-30.232212667560315,134.04746738874,-28.152779959785516,128.44227221447724,16350.0,2531.0,16146.0,COP -> AUS,0.0006183259738236705
2023-03-27,COP,AUS,1284,317,7.514797507788162,1226.5794392523364,1509.768691588785,1495.5545171339563,0.3333333333333333,0.6098130841121495,3313.192367601246,-2.750778816199378,-4.735103086411627,48.925233644859816,-15.383958496830411,118.06401771156892,-22.94879610538828,127.20286726386688,-22.296783615689378,127.35110408240885,379943.0,48604.0,319185.0,COP -> AUS,0.0010663096799160903
2023-04-03,COP,AUS,1685,297,6.146587537091988,1176.7246290801188,1219.7833827893176,1201.792284866469,0.23560830860534124,0.6712166172106825,3035.6106824925814,-0.4559050445103854,-4.538877788640267,48.99109792284867,-26.14917984261505,132.86776607324464,-26.40455503934629,133.1635683069008,-26.3147070823245,133.13606655750615,440559.0,72129.0,390575.0,COP -> AUS,0.0013848901498557987
2023-04-10,COP,AUS,725,267,4.27448275862069,890.8110344827586,922.4068965517241,911.0813793103448,0.5062068965517241,0.8455172413793104,2644.9172413793103,-0.6722758620689656,-5.882543690317803,60.51034482758621,-30.918283817280454,143.57979877195453,-31.356877372521257,144.82057974504238,-30.881057939093495,143.71756605240782,95287.0,10889.0,93613.0,COP -> AUS,0.0006684683039991001
2023-04-17,COP,AUS,1145,300,5.724890829694323,1004.5441048034935,1042.9912663755458,1011.4157205240175,0.41746724890829695,0.7292576419213974,2596.2034934497815,-0.9929257641921398,-5.49635347544253,62.262008733624455,-27.650131521894583,126.73971250491523,-28.001673136729252,127.6907223949957,-27.792202359249362,127.51693097408416,277449.0,28262.0,262635.0,COP -> AUS,0.0011668551978558398
2023-04-24,COP,AUS,839,248,4.9284862932061975,1040.4064362336114,1049.295589988081,1064.7163289630512,0.4469606674612634,0.7461263408820024,2633.4743742550654,-2.0059594755661507,-5.4861021888064725,61.12038140643623,-19.827162341961838,114.95451611171659,-20.640970317438672,116.59562365122613,-20.694154683923692,116.4273202452316,86408.0,9524.0,85577.0,COP -> AUS,0.0008447995489032206
2023-05-01,COP,AUS,1495,333,4.701672240802676,855.4742474916388,878.523745819398,884.7270903010034,0.24414715719063546,0.8120401337792642,2593.4642140468227,-2.9149163879598676,-5.295858155924799,41.458193979933114,-30.435337837837892,141.19530732917536,-31.299290990991032,142.6268311683992,-30.8671953568954,141.89826637283443,207894.0,45025.0,198536.0,COP -> AUS,0.0014851239258928128
2023-05-08,COP,AUS,1368,306,6.380847953216374,1383.798245614035,1398.1586257309941,1398.593567251462,0.3172514619883041,0.77046783625731,2866.5884502923977,-1.6377923976608186,-5.982849941424395,49.904970760233915,-31.307663330860514,137.31279616172085,-29.62391807863501,135.8584767032639,-31.79205214391689,137.67410061275945,474737.0,44656.0,397063.0,COP -> AUS,0.0013058132553409004
2023-05-15,COP,AUS,2491,314,5.261340826977118,985.9337615415495,1023.9646728221597,1014.063829787234,0.111601766358892,0.8125250903251706,2970.7852268165398,-1.1005620232838218,-5.109710831519713,47.10959454034524,-33.12214945880449,144.81372801171207,-33.464268855008044,146.38654020880432,-33.076219410339235,145.03646999999975,1266505.0,115870.0,1013592.0,COP -> AUS,0.0023915130568356374
2023-05-22,COP,AUS,3071,478,6.7248453272549655,1406.5509605991533,1442.4943015304461,1433.8436991208075,0.13774014978834256,0.8674698795180723,3310.744057310322,-1.6141322044936504,-4.7184526757888845,51.48485835232823,-32.15175455259577,144.45526097233582,-33.79305977800564,144.68899726571019,-32.478313466530196,143.76327499795056,3123386.0,137543.0,1718068.0,COP -> AUS,0.003397939549648533
2023-05-29,COP,AUS,1054,217,4.514231499051234,861.7656546489563,851.9677419354839,864.376660341556,0.2030360531309298,0.8861480075901328,2430.696394686907,-3.3194497153700184,-7.081603347188243,56.10056925996205,-33.26172501595215,137.6600813389831,-33.564293876370904,138.24235731106683,-33.43204296211367,138.14226658325032,228362.0,35630.0,202864.0,COP -> AUS,0.0012153120088738531
2023-06-05,COP,AUS,1343,354,6.496649292628444,1220.1310498883097,1210.440804169769,1213.192851824274,0.20104244229337304,0.7133283693224125,3020.072226358898,0.3686522710349941,-4.692583049501296,45.48026805658972,-29.460716588419366,141.68893863302029,-29.576942926447533,143.67740112676074,-29.24246739436616,142.34835887323956,222051.0,37664.0,221811.0,COP -> AUS,0.001401475149121965
2023-06-12,COP,AUS,1048,297,6.800572519083969,1213.4370229007634,1215.8187022900763,1225.7528625954199,0.16698473282442747,0.6908396946564885,2472.6698473282445,-0.6526717557251902,-5.696576411102075,45.24809160305343,-31.059931690821266,145.19660663381632,-30.163623091787443,143.51338804541047,-29.567513236714984,142.69151751497574,108923.0,20722.0,99260.0,COP -> AUS,0.0012053610965105485
2023-06-19,COP,AUS,984,265,6.038617886178862,1386.6981707317073,1403.125,1401.8678861788617,0.4532520325203252,0.75,2923.067073170732,-1.7869918699186988,-4.473340300963646,55.1219512195122,-30.90896338509316,138.89288182111807,-32.56351332298136,140.98449113788826,-30.97181220496893,138.88968778385095,181201.0,19082.0,133612.0,COP -> AUS,0.0009409082824790256
2023-06-26,COP,AUS,1368,306,5.771929824561403,1031.452485380117,1076.156432748538,1076.4875730994152,0.4071637426900585,0.7280701754385965,2259.8611111111113,-3.7975877192982477,-7.181988706688187,58.16520467836257,-32.4102207872024,141.45610284374982,-32.47013073288699,141.8120095944942,-32.55580057366076,141.95116881622022,682844.0,61452.0,616200.0,COP -> AUS,0.0015900505608182716
2023-07-03,COP,AUS,1502,272,5.5079893475366175,1064.1351531291612,1085.0925432756326,1095.4906790945406,0.3235685752330226,0.8695073235685752,2730.30758988016,-1.8099201065246353,-7.5644866668412485,50.71238348868176,-29.892383197690275,141.3003965387228,-30.7948744167233,143.17859850169958,-30.53727594565224,141.7089813417119,390065.0,53156.0,383866.0,COP -> AUS,0.001934671975207346
2023-07-10,COP,AUS,1478,324,5.186738836265223,826.4905277401895,853.0710419485791,849.5866035182679,0.40798376184032475,0.7591339648173207,2194.7834912043304,-2.4135317997293644,-6.822186982947955,58.61975642760487,-24.693870027434887,131.9976992427985,-25.41971625514407,130.65699880795626,-24.840021015089203,130.89317180384103,368116.0,40408.0,357990.0,COP -> AUS,0.0016955394006417353
2023-07-17,COP,AUS,2490,423,4.692771084337349,771.2767068273092,838.3200803212851,800.3518072289156,0.3216867469879518,0.8795180722891566,2117.513654618474,-2.4118072289156616,-4.472602014818643,47.17670682730924,-32.573720684253225,141.8930019074674,-32.808105668019465,142.67214224837653,-32.65184312743505,142.43490553165577,812854.0,76059.0,630026.0,COP -> AUS,0.0027195162974386305
2023-07-24,COP,AUS,703,283,6.539118065433855,1352.8805120910383,1388.877667140825,1377.6642958748223,0.3783783783783784,0.7027027027027027,3008.3428165007113,-2.362304409672831,-5.926630487452004,61.05263157894737,-31.183470093889717,136.81100710283164,-31.338918230998512,136.68521038152016,-31.11194982563338,136.42464629806267,101734.0,7874.0,68644.0,COP -> AUS,0.0008943565212966261
2023-07-31,COP,AUS,1075,321,5.09860465116279,1050.6120930232557,1085.3181395348838,1066.4362790697674,0.5237209302325582,0.8558139534883721,2865.3023255813955,-1.2743255813953491,-5.12076245013829,66.55813953488372,-21.74564345210731,121.33916930938685,-22.344718417624545,123.89191164942515,-21.839939873563246,122.7016638840995,378211.0,27163.0,361957.0,COP -> AUS,0.0013609507158600766
2023-08-07,COP,AUS,2560,381,5.223828125,1121.566015625,1160.434375,1148.001171875,0.478125,0.776953125,2675.36953125,0.05277343750000076,-4.376775482935376,54.9140625,-31.564418548598088,145.37000281822455,-31.898363770560735,145.47769833224314,-31.561014705140202,145.38837524813115,893590.0,117247.0,893521.0,COP -> AUS,0.003438489321207286
2023-08-14,COP,AUS,1490,272,5.530201342281879,1151.2845637583894,1149.4046979865773,1179.9677852348993,0.41879194630872485,0.7651006711409396,3130.341610738255,-1.3863758389261762,-5.564526834063307,53.12751677852349,-31.109260806657268,143.73374084844204,-31.039298433427806,143.4941291409349,-30.205921824362644,142.59909302053836,290508.0,45684.0,279626.0,COP -> AUS,0.0018583859979969344
2023-08-21,COP,AUS,2392,345,10.111622073578594,2815.01254180602,2729.7734113712377,2860.7433110367892,0.17516722408026755,0.520066889632107,3981.2934782608695,-1.7822324414715744,-4.87554779115204,33.09364548494983,-31.130551161317857,133.60563733761217,-30.30382836842102,131.89179252246456,-31.381697545571146,136.55898436371425,490996.0,92689.0,458321.0,COP -> AUS,0.002788961216882543
2023-08-28,COP,AUS,763,235,6.209698558322412,1308.4600262123197,1351.4980340760158,1364.5045871559632,0.33682830930537355,0.6592398427260813,3463.994757536042,-4.905504587155963,-4.718354468848179,55.937090432503275,-22.302304415670662,107.223362373174,-22.584293525896424,108.7423739721116,-21.82793336653388,107.63802647277562,147830.0,19754.0,144958.0,COP -> AUS,0.0009725221079894667
2023-09-04,COP,AUS,3235,514,5.9610510046367855,1583.8673879443586,1611.0908809891807,1586.0782071097371,0.29860896445131374,0.6834621329211746,3084.1672333848533,-1.950695517774342,-6.66852477704744,52.76970633693972,-30.144542411897206,136.12113466205744,-30.117170064308766,134.6067199228293,-27.741142465273366,128.28527933536927,917164.0,116426.0,843442.0,COP -> AUS,0.0038388968659886793
2023-09-11,COP,AUS,686,241,6.062682215743441,1374.6049562682215,1397.6778425655978,1404.893586005831,0.2755102040816326,0.7725947521865889,2682.639941690962,-0.5103498542274051,-4.443598711350565,40.626822157434404,-25.927287178517393,132.64383837670195,-26.827441567322232,134.1533706384266,-25.99020013313162,132.94695221331312,45951.0,16829.0,45747.0,COP -> AUS,0.0007667948756640992
2023-09-18,COP,AUS,987,328,5.873353596757852,1173.2482269503546,1175.0942249240122,1179.938196555218,0.2786220871327254,0.6616008105369807,3295.8115501519756,-3.259878419452889,-7.073468347692668,50.58763931104357,-28.962515261327702,133.99991801896738,-29.40202913593255,134.80771043203376,-28.87771104636458,133.90890221285568,79711.0,13386.0,56565.0,COP -> AUS,0.0009959727182184297
2023-09-25,COP,AUS,1558,249,7.009627727856226,1437.8491655969192,1461.040436456996,1448.336970474968,0.3498074454428755,0.5449293966623877,2465.5545571245184,-2.6583440308087285,-7.853976996673544,50.866495507060336,-31.126725683789214,142.5000530353573,-31.32807931954639,142.81844523015383,-30.64262385390256,141.3151484322886,499569.0,68066.0,460115.0,COP -> AUS,0.0017860500094002633
2023-10-02,COP,AUS,1370,212,4.4489051094890515,825.6197080291971,874.994890510949,861.6109489051095,0.3715328467153285,0.8598540145985402,2474.634306569343,-2.2078102189781026,-5.056636930432931,62.97080291970803,-32.19271899926149,133.42165994534682,-32.32493738921717,133.43679263884758,-32.217732440915846,133.18298564697164,805513.0,53643.0,688448.0,COP -> AUS,0.0015671506912621625
2023-10-09,COP,AUS,1094,295,9.711151736745887,1978.3482632541134,2007.8555758683729,2004.3491773308958,0.35740402193784276,0.3290676416819013,3349.4113345521023,-1.3423217550274213,-4.874142723306048,45.0091407678245,-20.620102862546155,124.60586005350562,-29.64007975276757,139.01271190036908,-25.65642924630999,132.88288920479712,92824.0,21250.0,92734.0,COP -> AUS,0.0007961725496588975
2023-10-16,COP,AUS,1777,287,5.370849746764209,927.9369724254361,947.4164321890827,939.5362971299944,0.39167135621834553,0.8503095104108047,1933.6814856499718,-2.442093415869439,-8.934455233681005,59.335959482273495,-31.42973617929437,141.61272990803917,-32.64548428744935,142.73623381723522,-32.52479510294965,142.66541019664527,785634.0,65203.0,580497.0,COP -> AUS,0.0013667737831713767
2023-10-23,COP,AUS,1614,291,5.778810408921933,912.7286245353159,967.3748451053284,937.0495662949195,0.34944237918215615,0.8413878562577447,2166.778810408922,-3.14473358116481,-6.036798483414136,63.147459727385375,-32.01954750503146,139.70495145094333,-32.599386687421394,140.26036993522004,-33.508592473584926,140.26332251383639,688115.0,52930.0,444935.0,COP -> AUS,0.0014048819211542663
2023-10-30,COP,AUS,2301,348,6.616688396349414,1081.9295958279008,1227.4793568013906,1104.9495871360277,0.2655367231638418,0.7905258583224685,2861.089960886571,-4.16114732724902,-6.296403580586739,45.78878748370274,-34.794550603486805,148.61542047384899,-34.94234389807777,148.92576790344222,-34.80770970049172,148.33746320965594,513750.0,88243.0,477012.0,COP -> AUS,0.0020801429069929323
2023-11-06,COP,AUS,996,196,7.945783132530121,1392.613453815261,1458.363453815261,1414.991967871486,0.3293172690763052,0.5311244979919679,2870.262048192771,-1.6940763052208836,-7.7137871050581905,46.626506024096386,-21.289448201438873,123.78044920143887,-21.466112846865386,125.10635225077083,-21.528241212744117,125.08002748201442,194471.0,33969.0,187597.0,COP -> AUS,0.000948200275892008
2023-11-13,COP,AUS,1127,302,5.246672582076309,1001.4205856255546,1046.3141082519965,1027.7559893522625,0.487133984028394,0.6965394853593612,2629.8837622005326,-4.663886424134872,-6.147116223979786,55.7586512866016,-23.582620708414872,131.05658629843444,-28.15173143150684,134.76192455772997,-23.56440058414872,130.9543628806262,248993.0,36062.0,246530.0,COP -> AUS,0.0012003267615354385
2023-11-20,COP,AUS,1430,351,5.027272727272727,979.4622377622378,1027.2643356643357,993.3027972027973,0.2853146853146853,0.7090909090909091,2434.737062937063,-3.564825174825176,-6.606757213289193,54.83216783216783,-22.64672193462644,126.32024454238494,-31.926772892241388,139.60703046192523,-23.711509048850576,128.3196854906608,404541.0,39895.0,401884.0,COP -> AUS,0.001531491973054309
2023-11-27,COP,AUS,1097,323,7.268915223336372,1368.4421148587055,1389.644484958979,1390.9480401093892,0.27985414767547856,0.7766636280765725,3480.1121239744757,-3.1962625341841386,-6.00440020871625,44.621695533272565,-25.812333557156553,130.710822356388,-26.718641242074902,133.75575024303546,-26.23693307684916,131.94305674639762,134999.0,31978.0,131918.0,COP -> AUS,0.0010922585058262084
2023-12-04,COP,AUS,1590,352,6.997484276729559,1377.482389937107,1409.5584905660378,1402.1169811320756,0.3132075471698113,0.689937106918239,3288.0150943396225,-1.5855974842767295,-6.259182214805831,52.308176100628934,-29.173292824583786,137.3983973668375,-30.86448156209979,141.40472827784902,-30.53550364660683,140.51861587387972,360376.0,44847.0,349513.0,COP -> AUS,0.0017475888220262138
2023-12-11,COP,AUS,906,278,4.663355408388521,825.733995584989,849.948123620309,847.9072847682119,0.5231788079470199,0.8487858719646799,2556.1655629139073,-2.434437086092717,-6.896667032613015,64.10596026490066,-19.66412429432211,103.72739464889922,-20.537097952491298,105.60082662804169,-20.310616530706817,105.55924200115882,277935.0,19497.0,271951.0,COP -> AUS,0.0009726864074053
2023-12-18,COP,AUS,802,221,7.256857855361596,1491.3865336658355,1531.852867830424,1533.221945137157,0.30423940149625933,0.6845386533665836,2806.5349127182044,-1.8961346633416465,-7.812691718358582,52.51870324189526,-24.42033184015348,134.49144141943728,-26.4952066905371,137.97084559718672,-25.867857543478284,137.5122606867007,188765.0,21927.0,188549.0,COP -> AUS,0.0009983021395033882
2023-12-25,COP,AUS,600,141,4.523333333333333,898.3133333333334,938.89,923.0816666666667,0.5566666666666666,0.7916666666666666,2693.255,0.8628333333333319,-6.48701479470348,70.21666666666667,-28.852895675675658,131.0662618432433,-28.34177477477476,128.6493607621622,-29.002358558558537,131.44668832972977,292712.0,20612.0,292106.0,COP -> AUS,0.0009761811792268645
2024-01-01,COP,AUS,405,175,5.219753086419753,1002.1728395061729,992.9358024691358,1021.4567901234568,0.2839506172839506,0.7209876543209877,2497.133333333333,-2.6145679012345675,-5.362550686541981,49.08641975308642,-31.25139269841268,133.8735223544973,-31.07937497354495,133.6220691798941,-31.178749312169288,133.9749499206349,13175.0,2734.0,13057.0,COP -> AUS,0.0005522323139079367
2024-01-08,COP,AUS,1176,336,4.582482993197279,780.1156462585034,806.8588435374149,782.9557823129252,0.3324829931972789,0.8256802721088435,2212.825680272109,-2.9142857142857115,-5.371405466211594,54.923469387755105,-29.038417048400994,140.00564936214312,-30.242994778738062,140.455966961106,-30.079012104580766,140.640249475367,269395.0,28572.0,254145.0,COP -> AUS,0.0013931817024064371
2024-01-15,COP,AUS,992,205,4.796370967741935,920.6653225806451,941.046370967742,930.4758064516129,0.4959677419354839,0.8044354838709677,2301.0564516129034,-3.445967741935483,-7.628270815742946,57.74193548387097,-31.12301062578613,145.82491833962237,-31.284023938155105,146.33686299371044,-31.191248256813385,146.07455827672928,276919.0,25372.0,269739.0,COP -> AUS,0.0012217019589104191
2024-01-22,COP,AUS,928,254,6.076508620689655,1393.2693965517242,1426.6616379310344,1416.2693965517242,0.3879310344827586,0.6713362068965517,4660.317887931034,-0.28534482758620777,-4.195379069177166,49.38577586206897,-30.390051179713335,139.22457761852263,-31.7656658434399,142.19295181918415,-31.270505865490623,141.01928147739804,125986.0,21421.0,120877.0,COP -> AUS,0.0011622824321260877
2024-01-29,COP,AUS,1187,308,4.341196293176074,781.8812131423757,782.0749789385004,827.2704296545915,0.45661331086773377,0.8576242628475147,2203.4448188711035,-0.7631844987363099,-5.689252188427963,66.14995787700084,-20.194877878528693,131.04398558768142,-21.374855952095835,133.20483331907585,-20.300415717707477,130.9527683627028,402026.0,38002.0,401584.0,COP -> AUS,0.0014778864853692974
2024-02-05,COP,AUS,1073,365,7.855545200372786,1462.6756756756756,1499.730661696179,1488.2572227399814,0.26654240447343897,0.7241379310344828,2892.228331780056,-1.3651444547996276,-3.9091684463465346,51.30475302889096,-30.548059348034563,137.48279725119838,-30.660499712368217,138.55435976318307,-29.977328859060446,137.19098037679763,215574.0,26888.0,212800.0,COP -> AUS,0.0012319258226807532
2024-02-12,COP,AUS,879,248,6.631399317406143,1360.6427758816837,1371.1114903299203,1366.7394766780433,0.4937428896473265,0.41069397042093286,2462.079635949943,-2.138452787258248,-4.647767430092826,58.39590443686007,-32.61280350438049,142.46230702127642,-32.30004810137674,142.8891934630786,-32.41270700876097,142.65689775969943,408383.0,26274.0,408220.0,COP -> AUS,0.0009941099831713804
2024-02-19,COP,AUS,3172,589,7.400693568726355,1706.202080706179,1745.8067465321565,1730.6330390920555,0.20365699873896595,0.6412358133669609,4583.761349306431,-1.3723203026481712,-4.303658211487391,39.640605296343004,-26.36953323861812,136.69052154052363,-27.852161679044297,139.30673231482137,-27.560872980303607,138.64412389796632,631495.0,110080.0,621441.0,COP -> AUS,0.0034628329510607383
2024-02-26,COP,AUS,8858,1176,10.368141792729736,2084.185933619327,2143.366787085121,2139.8031158275007,0.15567848272747797,0.7282682321065703,5685.42582975841,-3.341589523594491,-3.5957022880496803,35.36577105441409,-32.75975476133446,145.83773558541634,-32.45739974381029,145.78487773318292,-32.68546745358982,145.8023744015831,2639916.0,390153.0,2453952.0,COP -> AUS,0.009942854962054841
2024-03-04,COP,AUS,1220,341,7.31311475409836,1299.0754098360655,1327.2467213114753,1328.111475409836,0.3877049180327869,0.6434426229508197,3162.3983606557376,-2.761311475409838,-6.1279224737113225,54.75409836065574,-23.88306133443163,131.885664586491,-24.6570445634267,133.76894620675463,-24.08907906095552,132.5632718517299,235674.0,33273.0,203901.0,COP -> AUS,0.0014219694276573053
2024-03-11,COP,AUS,761,270,6.342969776609724,1475.7582128777924,1437.7319316688568,1474.3850197109066,0.4375821287779238,0.6911957950065704,3118.491458607096,-0.6884362680683308,-4.496631872646391,49.303547963206306,-29.262731459302337,136.4312244665698,-30.035888145348853,137.94613202470933,-29.975637127906985,137.84016065843028,77962.0,16149.0,77770.0,COP -> AUS,0.000914839392190806
2024-03-18,COP,AUS,1328,347,6.379518072289157,1254.3290662650602,1291.070030120482,1273.4939759036145,0.28012048192771083,0.7251506024096386,2670.3185240963853,-0.7596385542168673,-5.522591256808114,51.001506024096386,-16.634372559115214,120.25359438596486,-20.46422503813887,121.6516291685736,-19.21159086575137,120.89968515484361,189549.0,24497.0,162685.0,COP -> AUS,0.0014857777061740329
2024-03-25,COP,AUS,1782,304,4.436026936026936,971.6616161616162,1000.807519640853,993.6475869809203,0.3995510662177329,0.8355780022446689,2647.3047138047136,-1.7429292929292943,-6.084584360875237,60.196408529741866,-25.897955196460146,131.47402703539788,-26.124638466076664,132.7963380088492,-26.027837246607646,132.27795760176954,640928.0,59893.0,488493.0,COP -> AUS,0.0023314536914683446
2024-04-01,COP,AUS,1726,319,4.764194669756662,1043.82966396292,1014.7132097334878,1084.2415990730012,0.25955967555040554,0.8597914252607184,2817.634994206257,-3.014716106604866,-5.090166447672754,48.53418308227115,-30.687934486217003,139.74807775190607,-30.705909227565986,139.7527033237536,-30.709928386510256,139.74430273724332,728723.0,105738.0,640153.0,COP -> AUS,0.002181579180201474
2024-04-08,COP,AUS,4138,317,5.485500241662639,1046.4311261478974,1028.4204929917835,1046.5534074432094,0.4514258095698405,0.9197680038666022,3784.9857419043014,-6.0447800869985535,-6.033403393387557,53.94151764137264,-29.865973584737674,143.32199155773154,-28.40377881268607,140.850141727454,-29.315385130822882,142.43238958325185,9352981.0,942741.0,8673026.0,COP -> AUS,0.004696961957786366
2024-04-15,COP,AUS,4260,512,9.410093896713615,2212.9542253521126,2229.8798122065728,2229.6478873239435,0.2467136150234742,0.5516431924882629,6742.793896713615,-4.665046948356807,-5.524992144116026,39.605633802816904,-26.579962010643424,143.58226298060586,-28.222199233916868,144.4745089597922,-25.312510094843976,142.74874417738923,1243565.0,200296.0,1053902.0,COP -> AUS,0.004879887189837922
2024-04-22,COP,AUS,1977,310,7.026302478502782,1460.7450682852807,1527.6479514415782,1478.631765300961,0.4294385432473445,0.6211431461810825,2960.3945371775417,-1.10318664643399,-6.558143152669195,55.73596358118361,-32.34084281897892,137.7137884987107,-34.14761810263027,144.57158251624563,-32.28263311036623,137.94961418205264,707930.0,84887.0,676058.0,COP -> AUS,0.002114680503544256
2024-04-29,COP,AUS,1656,348,6.056763285024155,1248.3846618357488,1260.1304347826087,1280.7916666666667,0.3472222222222222,0.6908212560386473,2883.889492753623,-1.0275966183574887,-5.53725291795003,46.46135265700483,-29.332290972691826,140.86648393888132,-29.860180569570907,143.45380734590336,-29.951165078673682,141.0897415461635,547128.0,71651.0,544704.0,COP -> AUS,0.001897131047534818
2024-05-06,COP,AUS,1415,308,5.415547703180212,1158.5540636042404,1189.4289752650177,1169.306007067138,0.3547703180212014,0.7406360424028269,2884.44593639576,-2.895971731448763,-7.983630840963613,56.53710247349823,-30.06435211143068,136.06584320560728,-30.13896720848315,136.30358837670718,-30.12657612293319,136.26419439180427,445097.0,54033.0,441017.0,COP -> AUS,0.001668632075471698
2024-05-13,COP,AUS,1246,344,11.04414125200642,2523.258426966292,2555.044943820225,2544.027287319422,0.1926163723916533,0.5513643659711075,4772.531300160514,-1.9443820224719106,-4.530435034416043,37.0545746388443,-30.669341559000856,138.02924782945735,-31.326178832902656,142.84109086735566,-31.475664362618406,142.54338960378976,111455.0,29297.0,110260.0,COP -> AUS,0.0015444360019683501
2024-05-20,COP,AUS,1631,262,13.753525444512569,2688.8412017167384,2721.695278969957,2712.223175965665,0.08338442673206621,0.5818516247700797,6776.788473329246,-2.3341508277130583,-7.165524511028227,37.927651747394236,-18.486350111593357,104.98808332238038,-25.590582145071366,128.9824084934899,-25.197035356478676,127.86423802231822,451579.0,73857.0,268956.0,COP -> AUS,0.002105920982126141
2024-05-27,COP,AUS,2366,387,8.59636517328825,1671.6398985629755,1686.0583262890955,1645.0008453085377,0.2709213863060017,0.463229078613694,3134.647083685545,-2.0629754860524097,-5.325545276339689,49.94505494505494,-24.2958255575729,126.26418945484919,-26.351910473960952,132.66914286287601,-25.0890817338749,129.87018043096006,772571.0,96369.0,651625.0,COP -> AUS,0.0029917102062079885
2024-06-03,COP,AUS,747,209,7.499330655957162,1651.0682730923695,1635.3065595716198,1641.966532797858,0.3386880856760375,0.6184738955823293,3086.8862115127176,-3.0866131191432404,-5.386425351667109,49.799196787148595,-29.993824380165275,134.3012007438016,-29.87304449035812,134.0403912851239,-30.206285261707983,134.3292512493112,239273.0,18225.0,239243.0,COP -> AUS,0.0008669866121946832
2024-06-10,COP,AUS,1151,291,6.370981754995656,1182.4552562988706,1246.241529105126,1246.0695047784536,0.3040834057341442,0.6976542137271937,2600.1980886185925,-3.058731537793223,-7.651850386068665,45.73414422241529,-29.90721750845771,129.45737356218868,-30.295994891542325,136.2379459999998,-29.815337976119434,133.62658410945252,248058.0,39724.0,247272.0,COP -> AUS,0.0014053827012163703
2024-06-17,COP,AUS,2312,389,5.606401384083045,1070.3892733564014,1113.671712802768,1102.4762110726645,0.453719723183391,0.754757785467128,2831.4749134948097,-1.9964532871972327,-5.965621333678479,60.65743944636678,-31.67009979665495,140.640875224472,-31.579739409331005,141.09132957306346,-31.339557455105645,139.72073897447206,1269154.0,78068.0,987969.0,COP -> AUS,0.003243055204879171
2024-06-24,COP,AUS,1859,379,7.935449166218397,1956.2651963421195,1958.0645508337816,1981.9650349650349,0.50080688542227,0.7181280258203335,3780.119419042496,-0.6455621301775137,-5.512126939780349,64.66917697686928,-25.342340106732376,119.76682444280227,-25.984276765188863,121.29102272851652,-25.598272523262214,120.3918117449369,802337.0,63433.0,619535.0,COP -> AUS,0.002412249399857263
2024-07-01,COP,AUS,1617,331,4.462585034013605,802.799628942486,817.4384662956091,825.1583178726036,0.3908472479901051,0.8559059987631417,2669.143475572047,-4.70599876314162,-5.576246898048137,59.92578849721707,-31.45940437817254,137.9227669460657,-31.75081002538065,139.1307286846444,-31.474067576142076,138.41843003807085,538740.0,49480.0,386062.0,COP -> AUS,0.002394016291747232
2024-07-08,COP,AUS,2451,436,6.3512851897184825,1169.9473684210527,1183.7074663402693,1197.124439004488,0.3663810689514484,0.8233374133006935,2983.46919624643,-5.569726642186863,-7.140034057331327,54.145246838025294,-30.841015812970767,141.82674602384938,-31.22639981589968,142.7810990502093,-31.0749920995817,142.4057015050211,927456.0,97502.0,923256.0,COP -> AUS,0.0031779825839812043
2024-07-15,COP,AUS,1036,293,5.262548262548263,1025.2625482625483,1057.8667953667953,1044.949806949807,0.42277992277992277,0.831081081081081,2647.304054054054,-2.607722007722009,-5.285147602093622,62.34555984555985,-26.18995673757456,127.11929904771392,-27.090708142999027,128.8315203862961,-26.62894011916585,128.0852297209535,206478.0,22953.0,156800.0,COP -> AUS,0.0013720545855229699
2024-07-22,COP,AUS,1692,353,6.372931442080378,1310.2659574468084,1329.048463356974,1337.5070921985816,0.374113475177305,0.5927895981087471,2904.495862884161,-1.8477541371158335,-5.813867749880842,49.1725768321513,-26.498971166228674,131.78715917871227,-29.55142728318007,137.49503521024965,-28.033644365965873,134.84285996057815,299842.0,52897.0,288489.0,COP -> AUS,0.002020264735873072
2024-07-29,COP,AUS,2611,364,6.172347759479127,1272.5649176560705,1325.5932592876293,1318.4113366526235,0.3075450019149751,0.674071237073918,5012.794714668709,-3.795135963232481,-5.8544665798681095,38.5331290693221,-2.7223123335912733,87.01801262538689,-6.1382101934984,99.57096907469023,-6.05991321981419,99.66522931733729,853032.0,140514.0,695584.0,COP -> AUS,0.0033326483385899236
2024-08-05,COP,AUS,1670,317,5.791616766467066,1267.780239520958,1312.1179640718562,1294.9646706586827,0.4035928143712575,0.7383233532934131,3186.819760479042,-2.6876646706586835,-7.26763685502145,63.131736526946106,-25.77505841913983,141.0490080193815,-25.330586538461464,140.15091496668614,-25.465765021199193,140.59393345245235,801302.0,67305.0,765840.0,COP -> AUS,0.002229175231860921
2024-08-12,COP,AUS,1914,280,7.414838035527691,1893.2617554858934,1914.409090909091,1903.5799373040752,0.25391849529780564,0.46917450365726227,3940.1828631138974,-5.6947753396029235,-5.710641367394853,53.202716823406476,-27.413713312202784,132.56722356048593,-27.681162863180102,132.70736495509774,-27.418168779714662,132.436153475964,926072.0,102918.0,695472.0,COP -> AUS,0.00248412702532927
2024-08-19,COP,AUS,1083,239,6.515235457063712,1493.9806094182825,1546.0027700831024,1518.6149584487534,0.37580794090489383,0.6879039704524469,3117.1828254847646,-1.8189289012003695,-5.593332773841116,54.24746075715605,-28.414096091515724,142.40950470734018,-28.277024785509997,141.52148722878917,-28.260165014299325,142.17875542230678,270887.0,34468.0,270757.0,COP -> AUS,0.0012928734380763763
2024-08-26,COP,AUS,2658,305,6.04176072234763,1154.780662151994,1224.5639578630548,1191.8333333333333,0.3239277652370203,0.8145221971407073,2727.3179082016554,-4.692626034612495,-6.225442381672019,50.161775771256586,-32.353475494518236,147.4209387833656,-32.425201229867945,147.4586204166359,-32.33713896181499,147.29150586049212,1843009.0,134292.0,1086989.0,COP -> AUS,0.0036200500106231717
2024-09-02,COP,AUS,573,221,6.136125654450262,1552.4171029668412,1599.8394415357766,1579.0488656195462,0.6038394415357766,0.6893542757417103,2878.635253054101,-0.41518324607329843,-4.689082270428449,64.57242582897034,-29.479730868761553,132.69318761552685,-29.094165804066538,132.35843197781892,-29.48513881700554,132.77037874306848,47813.0,5047.0,47396.0,COP -> AUS,0.0007902576267446351
2024-09-09,COP,AUS,1941,265,6.095311695002576,1464.197320968573,1506.3719732096856,1495.7501287995879,0.5404430705821741,0.7660999484801648,3520.693972179289,-2.5598145285935128,-5.265965541907849,60.89129314786193,-24.612730796469382,134.36899375181775,-28.26207366355144,136.76058519833913,-26.660277034267907,136.460068663552,1235677.0,83347.0,1200611.0,COP -> AUS,0.0025131418805189425
2024-09-16,COP,AUS,1703,306,5.963006459189665,1426.2701115678215,1492.9747504403992,1456.3887257780389,0.5660598943041691,0.7157956547269524,3690.0493247210807,-3.039048737522016,-4.078793107825124,67.79213153258955,-32.5564746783384,145.82149962195854,-33.055846399406654,146.5152284053413,-33.12338346172119,146.5017201560832,1072358.0,69424.0,827537.0,COP -> AUS,0.002319029248637247
2024-09-23,COP,AUS,1059,278,4.220018885741266,923.6940509915014,984.6458923512748,952.4579792256847,0.34466477809254015,0.8725212464589235,2400.9726156751653,-1.6135977337110505,-4.817670854552585,62.37960339943343,-25.864162487852315,126.42147388046656,-31.23576234596699,138.98386567249779,-29.239134241010724,134.37253179786217,339095.0,27337.0,327297.0,COP -> AUS,0.0012203244518910997
2024-09-30,COP,AUS,1724,313,6.002900232018561,1175.3781902552205,1200.0922273781903,1202.2331786542923,0.17981438515081208,0.7407192575406032,3434.7917633410675,-1.7468097447795856,-6.926619914565217,49.76218097447796,-30.47451834225299,140.90110086745565,-31.076971878656217,141.4292225830751,-30.63983629433761,140.73840654698301,536586.0,80405.0,428920.0,COP -> AUS,0.001973468072514649
2024-10-07,COP,AUS,1712,241,8.80841121495327,1570.6442757009345,1614.4047897196263,1587.5683411214952,0.5502336448598131,0.6845794392523364,3024.964953271028,-1.6240654205607472,-4.863746153344111,65.54322429906541,-30.234451643134577,141.56162877720232,-30.508332083549085,141.22242652979298,-27.23851723575117,136.1458960246116,965399.0,69204.0,567588.0,COP -> AUS,0.00227820745527421
2024-10-14,COP,AUS,854,237,6.409836065573771,1380.8430913348946,1393.536299765808,1425.2740046838408,0.47540983606557374,0.6838407494145199,2950.93793911007,-3.5658079625292745,-6.403400364246249,55.18735362997658,-21.490255623471892,110.85348500000006,-22.276653422982896,112.9199061124695,-21.7621077017115,111.28201772616144,167651.0,23649.0,151394.0,COP -> AUS,0.0011035102998601875
2024-10-21,COP,AUS,1477,277,4.859174001354096,854.319566689235,901.1719702098849,869.31144211239,0.4685172647257955,0.906567366283006,2743.303317535545,-0.3214624238320926,-4.241040664878671,57.88761002031144,-26.980189624724094,137.54289331420182,-29.59365901324507,139.11424093745396,-27.360494260485687,137.88979249448144,532142.0,59257.0,454173.0,COP -> AUS,0.001804679214298631
2024-10-28,COP,AUS,2171,322,3.7807461999078766,826.0170428374021,888.3786273606632,869.6844771994473,0.37954859511745737,0.9557807461999078,2213.6545370796866,-4.8312759097190225,-4.890508095494142,54.19622293873791,-28.09985952602225,131.37249871421892,-33.203976777416294,143.7136121747208,-28.146025836431168,131.48238114916316,936247.0,90818.0,697430.0,COP -> AUS,0.003067809759054702
2024-11-04,COP,AUS,817,208,5.686658506731946,1016.2411260709914,1078.8690330477357,1049.8837209302326,0.5458996328029376,0.7233782129742962,2850.1970624235005,-1.3372093023255813,-4.186740290770162,56.4749082007344,-28.770751507537685,130.9814771243717,-28.776725628140703,131.13947997236167,-28.892131155778895,131.37506577638177,237903.0,25866.0,234237.0,COP -> AUS,0.0010656461506956699
2024-11-11,COP,AUS,1238,224,3.4588045234248788,755.6906300484653,795.4555735056542,763.8222940226171,0.47576736672051695,0.8327948303715671,2563.0088852988692,-2.086752827140551,-4.262612375475056,56.17124394184168,-30.658104095354528,143.02953516870457,-30.939885568052166,144.2831913219237,-30.758224198858983,143.77198007497987,549045.0,50675.0,527348.0,COP -> AUS,0.0016365768312012448
2024-11-18,COP,AUS,1687,341,5.288085358624778,1139.5002963841139,1178.4629519857735,1176.4819205690576,0.3360995850622407,0.7540011855364552,2950.0930646117367,-2.3826318909306488,-5.84851719039359,44.79549496147006,-31.0918309975889,139.80593042736578,-32.082215204942685,138.78108209463528,-31.16282641651593,134.53482056781198,490304.0,55995.0,490246.0,COP -> AUS,0.002265679455377396
2024-11-25,COP,AUS,1337,251,6.56095736724009,1421.5549738219895,1458.6768885564697,1448.593866866118,0.3433059087509349,0.7382198952879581,2894.8025430067314,-2.262752430815258,-6.710566861285359,51.30890052356021,-27.215514705391076,129.64533564388753,-27.980242829916502,133.39120580334085,-26.43695153682615,126.79431615489739,223821.0,30966.0,219080.0,COP -> AUS,0.0019018086385070019
2024-12-02,COP,AUS,1484,279,8.1455525606469,1406.7446091644206,1453.877358490566,1440.285040431267,0.4939353099730458,0.5983827493261455,3411.5714285714284,-0.7382075471698115,-5.994179516960627,59.460916442048514,-31.70185092116185,138.18087726417718,-28.751627022821577,132.8682632088521,-33.20718637621025,139.91674930843718,514803.0,48220.0,477591.0,COP -> AUS,0.001826009811726576
2024-12-09,COP,AUS,1087,306,5.356945722171113,1358.8932842686293,1394.3909843606257,1373.9990800367984,0.32566697332106714,0.6835326586936522,2819.9015639374425,-2.297884084636615,-5.208207913030417,47.8656853725851,-28.524073470701254,137.7635595571563,-26.10651730835739,137.00032520076837,-27.970772274735836,137.1597005417865,174225.0,21679.0,149618.0,COP -> AUS,0.0013549003892689895
2024-12-16,COP,AUS,1417,301,6.511644318983769,1281.6901905434015,1308.7586450247002,1297.1312632321806,0.5038814396612562,0.8355681016231475,2948.5786873676784,-1.6441778405081162,-5.822197103049503,70.12702893436838,-29.592679692857157,143.4849164992857,-28.208339450000004,142.64124592785714,-29.161376978571447,142.97245492785717,684161.0,49351.0,578212.0,COP -> AUS,0.0019378016276439642
2024-12-23,COP,AUS,811,187,12.30826140567201,2436.557336621455,2391.051787916153,2461.097410604192,0.530209617755857,0.5388409371146733,3437.265104808878,-3.596424167694205,-3.7292454596755547,61.62762022194821,-31.163835878293554,146.096433500627,-31.614334341279825,147.23201259723945,-31.405886913425366,146.78037892095332,189465.0,20290.0,185175.0,COP -> AUS,0.0017167763554806657
2024-12-30,COP,AUS,1763,264,5.990924560408395,1455.6613726602382,1242.6931366988088,1484.055019852524,0.45433919455473626,0.6074872376630743,3375.191151446398,-3.146625070901867,-5.651010651709644,53.66988088485536,-31.102596812386132,141.78035182756489,-30.30098670309652,141.8091696417725,-31.149112629022436,141.92665316332688,489386.0,65435.0,488147.0,COP -> AUS,0.003561939974341102
2025-01-06,COP,AUS,1917,283,5.252999478351591,989.1486697965571,919.5185185185185,1000.640584246218,0.29577464788732394,0.8054251434533125,2969.306207616067,-0.4060511215440813,-7.166217239240493,51.606677099634844,-31.076200830696177,144.04115785864946,-31.24744967035862,144.58544718723599,-31.142666534810097,144.34246636814316,605863.0,71452.0,500531.0,COP -> AUS,0.002677250908826828
2025-01-13,COP,AUS,1218,263,5.8267651888341545,1484.8908045977012,1243.6871921182267,1490.4844006568144,0.312807881773399,0.7093596059113301,2916.807881773399,-0.42602627257799697,-6.629736254336144,46.58456486042693,-32.118440527426166,143.88537127426167,-32.682217489451475,144.65889296202528,-32.42009217299577,144.15760874261605,212809.0,28778.0,212568.0,COP -> AUS,0.0015381293165174631
2025-01-20,COP,AUS,1116,214,7.258064516129032,1653.2249103942652,1670.6209677419354,1669.1639784946237,0.32526881720430106,0.6442652329749103,3449.7697132616486,-2.3955197132616495,-6.334068223075669,44.596774193548384,-32.01639273017324,146.16777116408397,-32.328084252506876,146.88594418140394,-32.106274042844156,146.51494746308123,211229.0,29801.0,198800.0,COP -> AUS,0.0012349968903752134
2025-01-27,COP,AUS,1462,247,8.057455540355678,2184.016415868673,2265.4179206566346,2234.926128590971,0.43980848153214774,0.7202462380300958,3544.3255813953488,-0.12619699042407767,-5.221837256970772,60.63611491108071,-30.115589638041175,144.96319921930433,-30.90095727466292,146.6377108587649,-31.451581973030535,147.31893307310133,661865.0,47711.0,559830.0,COP -> AUS,0.0017889591121280904
2025-02-03,COP,AUS,908,198,4.823788546255507,1146.4625550660794,1204.874449339207,1097.7995594713657,0.34251101321585903,0.789647577092511,2791.3722466960353,-1.39273127753304,-6.715233231577655,65.39647577092511,-28.02202244668913,140.6794330303029,-27.820643209876565,140.34754927048252,-28.86414691358026,140.7025425364758,431795.0,29553.0,427114.0,COP -> AUS,0.0010519060003823005
2025-02-10,COP,AUS,1442,248,4.927877947295423,1186.9036061026352,1017.0395284327324,1193.746185852982,0.38765603328710124,0.8793342579750347,2603.5873786407765,-2.604438280166435,-6.780010140644057,60.42995839112344,-34.225766807017635,141.65300914596497,-34.71638673684215,142.57923581263162,-34.41535003508781,142.0344912512281,528210.0,44640.0,471960.0,COP -> AUS,0.0016454049613181497
2025-02-17,COP,AUS,1004,234,3.4721115537848606,702.6185258964143,763.2191235059761,744.7460159362549,0.4442231075697211,0.9103585657370518,2866.481075697211,-3.291135458167331,-7.400282334449512,63.57569721115538,-31.478748788032433,144.89933566531465,-31.586030162271776,146.75037745030457,-31.63851058823527,146.5612324198786,576567.0,36245.0,451257.0,COP -> AUS,0.0010823677549277918
2025-02-24,COP,AUS,1238,242,6.5678513731825525,1415.2859450726978,1434.8877221324717,1415.7310177705976,0.14620355411954766,0.6946688206785138,3009.0492730210017,-2.69232633279483,-6.055775787439723,50.096930533117934,-30.29611454545454,143.62502708512375,-30.80944330578511,143.6575974157022,-29.796483966942137,142.95499901074353,358882.0,35678.0,261370.0,COP -> AUS,0.0013297186753510114
2025-03-03,COP,AUS,917,262,5.137404580152672,1238.557251908397,1263.9302071973827,1257.7862595419847,0.4100327153762268,0.7164667393675027,3636.46346782988,-0.4851690294438387,-4.430239442894284,56.19411123227917,-31.873050762229727,137.70639754835008,-32.641706104664294,139.3836733572238,-32.509713560864526,139.13266523890755,230244.0,29217.0,229869.0,COP -> AUS,0.0010264630456513003
2025-03-10,COP,AUS,1102,226,6.583484573502722,1479.6914700544464,1524.0480943738658,1494.8475499092558,0.6234119782214156,0.9101633393829401,3479.2731397459165,-0.025589836660623408,-5.62497832133013,59.382940108892925,-29.97093882244715,140.9135089512421,-30.711949586016566,142.44246264949413,-30.617379392824326,142.29109650413994,485144.0,47882.0,485039.0,COP -> AUS,0.0012410986087757609
2025-03-17,COP,AUS,662,186,4.527190332326284,1097.8942598187311,1142.9259818731118,1107.083081570997,0.2628398791540785,0.823262839879154,2638.870090634441,0.31344410876132967,-5.974490113136332,54.06344410876133,-31.58945200000006,132.01347307230782,-31.92325430769236,135.16122924461547,-31.595415076923135,131.63875968769244,157038.0,17749.0,118257.0,COP -> AUS,0.0007380040891223548
2025-03-24,COP,AUS,777,215,5.36936936936937,1221.5508365508365,1116.2638352638353,1245.1492921492923,0.22393822393822393,0.803088803088803,2731.088803088803,-2.129343629343632,-4.404767937395084,41.76319176319176,-25.508235809018586,136.4299236034482,-24.609178381962906,135.88794575198924,-24.700538726790494,135.78295768832876,48618.0,12112.0,45742.0,COP -> AUS,0.0009634974585739493
2025-03-31,COP,AUS,611,226,6.631751227495909,1464.5744680851064,1400.342062193126,1462.5499181669395,0.2618657937806874,0.7021276595744681,3052.6301145662846,0.033715220949263366,-4.9669432148185075,42.193126022913255,-21.074019307432422,124.20726886824318,-25.034739239864848,131.33517793918918,-22.06019025337837,126.18654606418909,20957.0,4833.0,20359.0,COP -> AUS,0.0008460494613531253
2025-04-07,COP,AUS,891,209,4.145903479236813,794.5162738496072,820.8361391694725,812.8552188552188,0.16947250280583614,0.8888888888888888,2930.9607182940517,-4.992817059483727,-5.54655481057086,49.09090909090909,-29.160843990929667,134.50041443310676,-30.314801019274334,134.78215730498889,-29.512975962584992,134.64607220748314,142818.0,19964.0,135905.0,COP -> AUS,0.0011505518387522904
2025-04-14,COP,AUS,919,209,4.399347116430903,767.9793253536453,793.8465723612622,787.3536452665941,0.6420021762785637,0.8226332970620239,2708.960826985854,-2.6372143634385194,-4.686817700756604,76.44178454842219,-32.46306760679075,140.16536627710812,-32.549910514786376,139.09666167688906,-32.423975821467636,139.47528303504896,418834.0,27562.0,415868.0,COP -> AUS,0.0011053804000057735
2025-04-21,COP,AUS,789,240,6.832699619771863,1530.7414448669201,1568.6920152091254,1543.2496831432193,0.36755386565272496,0.7249683143219265,3375.908745247148,-4.14106463878327,-6.624444153694824,53.637515842839036,-31.8435336770026,144.15203053617566,-32.10923983591733,144.73626855555554,-31.829821102067203,144.10717810335916,141343.0,15458.0,140950.0,COP -> AUS,0.0008436689011239295
2025-04-28,COP,AUS,825,172,6.626666666666667,1743.1854545454546,1679.4206060606061,1703.910303030303,0.3418181818181818,0.6812121212121212,4016.551515151515,-6.5170909090909115,-6.459596935823145,40.46060606060606,-24.267030035846734,133.71389718912232,-28.245266100123622,141.15649458343628,-24.300148562422756,133.72337647960438,88901.0,19447.0,87377.0,COP -> AUS,0.001064742816212484
2025-05-05,COP,AUS,719,217,7.563282336578581,1715.15438108484,1611.2739916550765,1768.9026425591098,0.17663421418636996,0.6133518776077886,3928.134909596662,-2.4753824756606395,-5.023704508882854,45.43810848400556,-30.339859288762447,143.3343803698436,-31.1725074395448,144.5638953058322,-31.301501073968705,143.99189886201995,46869.0,10831.0,45381.0,COP -> AUS,0.0008687740377934831
2025-05-12,COP,AUS,1560,304,3.855769230769231,708.9628205128205,673.2006410256411,703.6544871794872,0.26346153846153847,0.9358974358974359,4003.5673076923076,-5.098333333333333,-5.5346630181506455,40.47435897435897,-11.153096938590828,122.36083105300587,-17.7166827563025,127.61666114802831,-17.347265199741415,127.82068528700701,342481.0,70764.0,338520.0,COP -> AUS,0.0019351309376577721
2025-05-19,COP,AUS,1160,228,5.443965517241379,1270.4112068965517,1147.1137931034482,1304.9525862068965,0.2913793103448276,0.7827586206896552,3258.0543103448276,-2.8745689655172413,-4.970735062221011,48.939655172413794,-30.582816944444474,144.01225654259284,-30.689991851851886,144.51381302407432,-30.667853148148176,144.1391620981484,194032.0,36860.0,168243.0,COP -> AUS,0.0014978835937842995
