week,a1c,a2c,mentions,events,avg_sentenceid,avg_a1co,avg_a2co,avg_actco,avg_raw_text,avg_root_event,avg_len,avg_goldstein,avg_tone,avg_confidence,avg_lat1,avg_lon1,avg_lat2,avg_lon2,avg_lata,avg_lona,total_num_mentions,total_num_sources,total_num_articles,pair,Relative_mentions
2016-01-11,CVL,MED,793,345,8.200504413619168,2427.3669609079443,2415.5069356872636,2432.47288776797,0.8575031525851198,0.5989911727616646,3874.5737704918033,1.0887767969735187,-2.4272264398296963,65.359394703657,34.443146819225284,-37.21847624390244,34.25512468149213,-38.21708298278335,34.09187940172169,-38.71324888378767,120203.0,12440.0,118159.0,CVL -> MED,0.0005174656061558179
2016-01-18,CVL,MED,695,318,6.860431654676259,1859.7165467625898,1883.620143884892,1872.851798561151,0.7884892086330936,0.7410071942446043,4109.841726618705,0.40992805755395695,-2.1214578635040646,57.30935251798561,34.95716049920001,1.4586263296000144,34.882517331200006,1.0100298496000106,35.050378291200005,-17.266931718399995,65763.0,11557.0,65550.0,CVL -> MED,0.00046285998185855267
2016-01-25,CVL,MED,1134,411,6.7407407407407405,1644.8800705467372,1636.1816578483244,1651.4126984126983,0.7310405643738977,0.8068783068783069,3631.425044091711,0.846119929453263,-1.3762726703857104,51.18165784832451,29.935415855509355,-19.684550336798335,29.947740116424114,-22.154450225571725,30.758368598752597,-12.95453324740125,140114.0,30939.0,139776.0,CVL -> MED,0.0007925647086451058
2016-02-01,CVL,MED,726,394,7.440771349862259,2048.052341597796,2020.2754820936639,2017.625344352617,0.8760330578512396,0.6666666666666666,4519.530303030303,1.0194214876033056,-2.167164047260818,61.184573002754824,27.714994824281153,-11.310303522364222,28.187817964743598,-11.48354680288462,27.582318785942498,-10.926277803514381,30934.0,3466.0,30328.0,CVL -> MED,0.0004949462308412859
2016-02-08,CVL,MED,747,360,6.85809906291834,1803.144578313253,1840.8393574297188,1839.0348058902275,0.7737617135207496,0.7121820615796519,4295.230254350737,0.09732262382864786,-1.0432518972068239,50.26773761713521,27.724089339285733,15.978637398809516,32.68223762017805,7.663306041543026,29.548700023738885,12.881225845697324,37625.0,8216.0,37358.0,CVL -> MED,0.0004665422970244345
2016-02-15,CVL,MED,1183,353,7.711749788672866,2171.564666103128,2196.8605240912934,2208.4970414201184,0.5857988165680473,0.4429416737109045,4286.802197802198,0.5154691462383731,-1.0130035563574222,43.6770921386306,23.182028208071767,16.336801808071666,13.917217912107631,34.29921693542598,14.948091634080724,31.134131942600867,136071.0,53919.0,135691.0,CVL -> MED,0.0007178763966124487
2016-02-22,CVL,MED,901,392,7.917869034406215,2018.198668146504,2033.5238623751388,2032.2974472807991,0.7824639289678136,0.5915649278579356,3796.9600443951167,0.40399556048834623,-2.382107622181391,54.26193118756937,24.267476440049457,16.21320246847961,24.28760815822004,20.146408908529065,24.315223856613112,20.711783679851678,71732.0,13761.0,71205.0,CVL -> MED,0.0005665722379603399
2016-02-29,CVL,MED,1729,420,9.058993637941006,2323.9421631000578,2391.2105263157896,2351.762868710237,0.78368999421631,0.7108155002891845,4272.827646038172,1.1370156159629823,-2.3116395826892884,39.45054945054945,39.33683378610265,-34.15460081691844,38.27276931480356,-37.28791386042298,39.304269556495406,-34.21719767069488,737472.0,169422.0,726096.0,CVL -> MED,0.0011242091848345547
2016-03-07,CVL,MED,1328,443,7.590361445783133,2045.328313253012,2097.5828313253014,2082.0060240963853,0.7891566265060241,0.6182228915662651,4345.09563253012,0.23900602409638566,-1.5057893563236406,51.596385542168676,15.746190877221306,7.716756459612353,14.742594229402245,7.525594042003338,15.114434794830354,8.462992937803019,283606.0,52295.0,283586.0,CVL -> MED,0.0008621316464637022
2016-03-14,CVL,MED,727,341,7.334250343878955,2135.028885832187,2177.16643741403,2168.0275103163685,0.8707015130674003,0.5034387895460798,4102.00825309491,-0.07193947730398893,-2.4366610968341043,68.17056396148556,11.995251846635375,13.409424001564991,13.002753912363074,12.263828799687051,11.996409436619723,13.454774287949972,188801.0,21074.0,188632.0,CVL -> MED,0.000506870288616265
2016-03-21,CVL,MED,543,288,7.3406998158379375,2271.2946593001843,2285.935543278085,2300.1804788213626,0.8655616942909761,0.6022099447513812,4132.441988950276,0.30147329650092086,-2.145508765411519,62.89134438305709,18.59509943722944,8.545358106060599,17.394726969696972,8.749460352813847,18.286800000000003,8.337803352813848,49248.0,8406.0,49078.0,CVL -> MED,0.00038115239989134
2016-03-28,CVL,MED,569,330,6.8927943760984185,1875.5377855887523,1904.7416520210895,1895.9841827768014,0.8347978910369068,0.7152899824253075,3911.775043936731,0.5532513181019331,-1.6666700974962414,56.1335676625659,30.70604436666666,-13.802386458333329,29.42422582499999,-13.507789966666659,29.70533686666666,-14.447632756249993,16113.0,2739.0,15931.0,CVL -> MED,0.0003952928884099986
2016-04-04,CVL,MED,898,321,8.815144766146993,2699.95434298441,2694.606904231626,2742.574610244989,0.7739420935412027,0.6915367483296214,4825.641425389755,-3.67728285077951,-1.9322975056428553,53.14031180400891,23.305663481662595,9.38264217114914,22.404255572127138,18.573105105134463,22.7980710611247,14.318402672371631,148164.0,40211.0,148164.0,CVL -> MED,0.000599959779979115
2016-04-11,CVL,MED,2135,382,5.39344262295082,1699.6618266978924,1714.136768149883,1719.0908665105387,0.8562060889929742,0.8379391100702576,4362.595316159251,0.8437939110070254,-3.9671554502859743,56.78220140515222,31.956199612621376,60.75306776699015,31.670711657115138,58.8964456435161,31.70597008353572,58.77688823215138,1452284.0,231526.0,1444722.0,CVL -> MED,0.0015071169805140716
2016-04-18,CVL,MED,1235,358,3.506072874493927,842.6064777327936,834.7133603238866,875.4307692307692,0.9263157894736842,0.8712550607287449,2358.472064777328,-0.43020242914979756,-0.7829635031385429,72.2672064777328,28.901682118780098,-22.161051187800954,28.773738555377214,-20.15182610112359,29.269568089887642,-19.825534372391648,632579.0,12422.0,632519.0,CVL -> MED,0.0009789971422795969
2016-04-25,CVL,MED,1570,436,3.6229299363057326,1008.9993630573248,1031.8987261146497,1054.7464968152867,0.9229299363057325,0.9050955414012739,2465.4267515923566,0.2263057324840752,0.08438822752904666,77.99363057324841,38.87867461792454,-29.25302606485849,39.04550800235849,-30.195509331367916,38.86108210613207,-31.112283116745274,864016.0,18239.0,863410.0,CVL -> MED,0.0010727817504108345
2016-05-02,CVL,MED,1320,402,3.668939393939394,1050.2560606060606,1081.3689393939394,1098.5757575757575,0.9007575757575758,0.8295454545454546,2746.1060606060605,-0.8887121212121212,-0.02655901639672446,76.67424242424242,23.455281691693287,-3.792454824281149,24.12011388019169,-4.939884680511179,23.61589550958466,-4.788678861022364,592990.0,3453.0,592904.0,CVL -> MED,0.0008831599462878179
2016-05-09,CVL,MED,1257,417,3.6030230708035003,1057.640413683373,1087.898170246619,1112.0517104216387,0.9116945107398569,0.8385043754972156,2484.407319013524,-0.6277645186953063,0.0786714008203138,79.76929196499603,28.82184970856102,-30.11684995810565,28.61143408378871,-29.547835362477237,28.522915012750456,-29.844342344262305,608991.0,2644.0,608936.0,CVL -> MED,0.0008399312819943991
2016-05-16,CVL,MED,1001,338,4.037962037962038,1206.4815184815184,1230.1298701298701,1248.200799200799,0.938061938061938,0.8701298701298701,2851.1998001998004,0.0549450549450549,-0.12609990485906272,73.77622377622377,24.875154998102463,-12.649208218216302,24.911690425047432,-11.48389803415558,24.904215908918395,-11.929143764705865,332212.0,8654.0,332056.0,CVL -> MED,0.0007716786979675787
2016-05-23,CVL,MED,1459,370,6.383139136394791,1524.157642220699,1545.0383824537355,1565.9150102810145,0.9328307059629883,0.8122001370801919,3273.551062371487,-0.4854694996572991,-1.3569678000125662,64.5442083618917,27.448250297297314,-7.876733691788477,27.412570117117134,-7.508377184476875,27.61218022972975,-7.887439076490373,542767.0,31178.0,542732.0,CVL -> MED,0.0008891185660022755
2016-05-30,CVL,MED,850,320,4.158823529411765,1200.389411764706,1235.5517647058823,1254.955294117647,0.9188235294117647,0.8364705882352941,2968.6788235294116,-0.6244705882352941,0.13028476647633908,79.29411764705883,33.05422868347339,-29.514074703081235,33.772129887640446,-28.003579856741577,33.37164577030812,-28.87342153781513,301707.0,1488.0,301690.0,CVL -> MED,0.0007015354547765485
2016-06-06,CVL,MED,869,349,5.574223245109321,1644.1461449942462,1688.5397008055236,1697.8469505178366,0.8158803222094362,0.7951668584579977,4287.596087456847,0.6605293440736483,-3.3210190028882147,53.912543153049484,27.30490210126582,-13.665342653603041,27.656734582278478,-15.351124257901407,29.33112275949367,-17.825222624525924,42511.0,9409.0,42261.0,CVL -> MED,0.0006170183458228071
2016-06-13,CVL,MED,740,399,7.35,2132.345945945946,2169.122972972973,2161.5067567567567,0.8608108108108108,0.7797297297297298,4294.231081081081,0.5458108108108108,-1.4866418700688968,62.08108108108108,31.647180687500004,-14.6023044421875,30.758294187500006,-13.786216609374998,30.739023031250003,-13.772057770312497,57470.0,7048.0,56128.0,CVL -> MED,0.0004461002399295885
2016-06-20,CVL,MED,973,407,6.410071942446043,1892.2332990750258,1853.7954779033917,1914.7420349434738,0.8715313463514902,0.7595066803699897,3556.1325796505653,-1.2529290853031863,-1.9146122106758816,65.14902363823226,30.84893842363433,-11.009088270903003,30.72735439910814,-10.786047588628755,30.888380954292078,-11.518298221850605,161718.0,4597.0,160980.0,CVL -> MED,0.0006533068877211877
2016-06-27,CVL,MED,1072,457,8.761194029850746,2056.8171641791046,2108.667910447761,2072.2360074626868,0.8264925373134329,0.5177238805970149,3947.955223880597,-0.7683768656716417,-2.497485082607791,60.78358208955224,28.6445955144033,5.520491017489727,27.048765534979427,2.03069465123458,27.15211293209877,2.5214122088477486,101723.0,11247.0,101675.0,CVL -> MED,0.0006582591256697726
2016-07-04,CVL,MED,680,334,7.4338235294117645,2147.954411764706,2156.739705882353,2164.9411764705883,0.8397058823529412,0.6529411764705882,3918.010294117647,0.2379411764705882,-1.8859892663248927,59.30882352941177,18.930112957983194,-11.539472744537813,19.473891478991604,-9.389461954621844,18.74569776470588,-9.601208778151257,30745.0,2518.0,30450.0,CVL -> MED,0.00037470127216592214
2016-07-11,CVL,MED,842,379,9.375296912114015,2669.269596199525,2693.144893111639,2669.3847980997625,0.827790973871734,0.5344418052256532,5134.769596199525,1.1819477434679335,-0.3543529345298056,61.95961995249406,31.48518521794872,-3.5233675820512693,31.68636032480818,-4.01521540537083,31.933765021766966,-4.595036551856581,297520.0,3601.0,297084.0,CVL -> MED,0.00040927329686167097
2016-07-18,CVL,MED,619,342,6.408723747980614,1973.62197092084,2012.0129240710824,2028.9693053311794,0.8174474959612278,0.6978998384491115,4342.114701130856,0.9053311793214861,-1.6465557462672227,56.30048465266559,35.37117373848987,-38.412998198895025,35.567932670349904,-41.158057880294656,35.338273370165744,-39.88213891160222,14363.0,1743.0,14327.0,CVL -> MED,0.0003331813653115676
2016-07-25,CVL,MED,1261,421,8.009516256938937,1997.979381443299,2006.3386201427438,2028.4932593180015,0.7295796986518636,0.555908009516257,4608.33148295004,1.3003172085646268,-1.1268407632016086,57.04203013481364,36.554016371453145,-44.6947183241616,36.744751590713676,-44.52061234565773,36.75815542562339,-45.85670837575232,539195.0,71162.0,537558.0,CVL -> MED,0.0007406189248398067
2016-08-01,CVL,MED,1164,396,6.2465635738831615,1953.504295532646,2001.2585910652922,2019.4742268041236,0.7757731958762887,0.8084192439862543,3836.1666666666665,0.48711340206185555,-1.543138058156245,50.56701030927835,16.239817803186508,-40.61506252483598,17.411863304592327,-38.964821306466725,17.4606836701031,-38.18005334957826,107093.0,10112.0,106923.0,CVL -> MED,0.000797172912557528
2016-08-08,CVL,MED,797,417,6.57465495608532,2130.018820577164,2139.2045169385196,2161.1066499372646,0.8005018820577164,0.7327478042659975,4392.240903387704,0.46223337515683804,-1.8749646240421065,58.657465495608534,36.88478863701578,-41.31066997704448,36.931364820659965,-40.169557911047356,36.88719715925393,-40.58843753802009,43318.0,5808.0,43298.0,CVL -> MED,0.0005374875659636167
2016-08-15,CVL,MED,846,454,7.66193853427896,2317.8463356973994,2332.2340425531916,2357.4089834515366,0.7635933806146572,0.7115839243498818,5101.147754137116,0.5065011820330969,-1.5068395865833286,49.73995271867612,35.62536438735178,-36.51324432763159,35.69820075197889,-38.50593778421053,35.64743558047494,-36.55144465263158,19150.0,3136.0,19078.0,CVL -> MED,0.0005294909564071222
2016-08-22,CVL,MED,1098,422,7.319672131147541,2468.773224043716,2438.693078324226,2486.1138433515484,0.7531876138433515,0.6211293260473588,6758.190346083788,0.8979963570127505,-2.6623725187479477,52.49544626593807,32.94208006986029,-32.669078463073845,32.76514659022933,-32.00634944167497,32.79263472582255,-31.111137108673976,71625.0,7301.0,71129.0,CVL -> MED,0.0005907491269233645
2016-08-29,CVL,MED,954,429,7.771488469601677,2510.5199161425576,2536.183438155136,2536.4203354297692,0.740041928721174,0.6383647798742138,4473.99895178197,0.7146750524109016,-2.015674685665209,54.884696016771485,25.75754156831923,-15.195475220072545,25.449259536880295,-15.268895933494555,25.449681761789602,-15.47267704594921,44740.0,5130.0,44642.0,CVL -> MED,0.0006082984921976473
2016-09-05,CVL,MED,951,405,5.95478443743428,1799.858044164038,1831.2039957939012,1836.3112513144058,0.8748685594111462,0.750788643533123,3501.7939011566773,0.4340694006309149,-2.855848251910206,64.98422712933754,38.94235746400885,-21.18897234994462,36.96268502212388,-21.629911988938044,38.77755076327433,-21.3717728097345,512534.0,41678.0,512522.0,CVL -> MED,0.0006156244315507845
2016-09-12,CVL,MED,715,380,6.197202797202797,1893.581818181818,1936.772027972028,1941.4741258741258,0.862937062937063,0.7454545454545455,3977.304895104895,0.005034965034964987,-1.9412902985885638,64.22377622377623,29.517073327974273,-8.970429861736337,29.56482573954984,-9.470596292604506,29.522705482315107,-9.142618125401931,30301.0,2933.0,30219.0,CVL -> MED,0.0004972788760801906
2016-09-19,CVL,MED,997,396,6.239719157472417,2022.2226680040121,2023.038114343029,2039.9047141424273,0.9097291875626881,0.757271815446339,3845.679037111334,1.3722166499498498,-1.1119619425852925,74.94483450351053,33.47692854785477,-5.752517131868158,33.33783999999999,-6.082361959340688,33.34016315731572,-5.96281450549453,281834.0,23267.0,281786.0,CVL -> MED,0.0005490961942732075
2016-09-26,CVL,MED,916,442,6.186681222707423,1815.8941048034935,1830.2292576419213,1840.1353711790393,0.8395196506550219,0.7139737991266376,4174.413755458515,0.6405021834061141,-1.8381469148325769,54.672489082969435,32.80025029739777,-32.39394322304832,32.587404820322185,-32.19253169888475,32.77797966542751,-32.68879130235439,65763.0,11865.0,65607.0,CVL -> MED,0.0005538451120145692
2016-10-03,CVL,MED,919,439,6.097932535364527,1785.7323177366702,1752.6594124047879,1814.1305767138194,0.8073993471164309,0.7812840043525572,4097.159956474428,0.45375408052230687,-2.6218409369227516,59.19477693144722,22.574405715662646,-4.376380551807222,22.568689438554216,-5.405111371084336,22.684173534939752,-5.605797322891569,196009.0,22589.0,195908.0,CVL -> MED,0.0005805091678126301
2016-10-10,CVL,MED,556,372,6.190647482014389,1959.455035971223,1987.6960431654677,1988.25,0.8597122302158273,0.75,3611.548561151079,0.2663669064748201,-1.4890241591835398,65.57553956834532,33.105969895216404,-33.06364614350796,32.782298596810925,-29.075665621867877,32.53490861958998,-29.615745574031884,12178.0,1074.0,12126.0,CVL -> MED,0.0003607960094403963
2016-10-17,CVL,MED,717,420,7.443514644351464,2208.8200836820083,2210.305439330544,2217.9986052998606,0.8131101813110181,0.6485355648535565,4292.953974895398,-0.2679218967921898,-2.4610060341318207,59.735006973500695,31.93119235294118,-28.132260847750853,31.716746384083038,-27.1933879584775,31.793619515570935,-27.402269446366777,17036.0,2433.0,16786.0,CVL -> MED,0.0004517838847365098
2016-10-24,CVL,MED,886,436,7.95823927765237,2385.755079006772,2427.522573363431,2423.848758465011,0.8939051918735892,0.6275395033860045,5172.682844243793,0.7018058690744922,-1.7635688670847793,68.41986455981942,32.47905048843188,-1.0277667043701901,32.66037670951157,-2.107702060411316,32.634364113110536,-1.94325769023137,122118.0,12372.0,122044.0,CVL -> MED,0.0005715513231800187
2016-10-31,CVL,MED,1259,430,5.856235107227959,1779.8308181096108,1770.022239872915,1802.9316918189038,0.7315329626687848,0.7807783955520254,3530.4940428911837,1.101985702938839,-1.0917823941132936,55.432883240667195,36.28864479582974,-29.22387562467421,34.259116125108626,-32.90512410946997,36.484805264986996,-27.429096913119047,157601.0,29433.0,156977.0,CVL -> MED,0.0008089538793482877
2016-11-07,CVL,MED,1560,511,10.333333333333334,2473.01858974359,2532.7371794871797,2526.0923076923077,0.8038461538461539,0.7038461538461539,6059.128846153846,-1.0627564102564107,-2.373583842865989,58.083333333333336,37.06327528680031,-68.85940594747747,36.77696220456121,-69.09232445473384,37.191606800276475,-70.15447357014507,1321111.0,23551.0,1321009.0,CVL -> MED,0.0008372602269189897
2016-11-14,CVL,MED,894,375,6.348993288590604,2004.6812080536913,1975.0950782997763,2031.2595078299776,0.8165548098434005,0.7181208053691275,4133.164429530201,0.08087248322147662,-0.9633531444852277,56.56599552572707,33.78090163235294,-34.71842004558824,33.85562461764706,-34.444203325,33.724761735294116,-33.91329987352941,195143.0,24514.0,195111.0,CVL -> MED,0.0005433289656329236
2016-11-21,CVL,MED,758,364,6.761213720316623,2030.584432717678,2077.0013192612137,2066.5079155672825,0.8311345646437994,0.7071240105540897,4561.35092348285,0.879683377308707,-2.2964434983246753,55.03957783641161,28.958961594634868,1.5848103833580909,29.008331602678563,2.383693578008909,29.053566284649776,1.8731082436849842,53379.0,7930.0,53343.0,CVL -> MED,0.0005457827482249461
2016-11-28,CVL,MED,781,370,7.851472471190781,2213.775928297055,2270.102432778489,2250.450704225352,0.8745198463508322,0.7477592829705506,4140.668373879642,0.9920614596670934,-2.453411979967171,57.06786171574904,38.64347199999998,-0.7818216779411804,38.610157441176455,-0.14225015882353606,38.396246705882334,-0.8838163882352971,58622.0,10037.0,58610.0,CVL -> MED,0.0005162639675513884
2016-12-05,CVL,MED,648,346,7.50462962962963,1958.1435185185185,1978.2824074074074,1975.1280864197531,0.8842592592592593,0.6172839506172839,4659.742283950617,-0.10200617283950619,-1.4595373944170242,56.69753086419753,34.42535210428306,-19.535375715083813,34.332745959031655,-21.923365584729996,34.24360517690875,-20.56500264245811,31713.0,7903.0,31495.0,CVL -> MED,0.00041583563711410066
2016-12-12,CVL,MED,676,337,6.423076923076923,1735.4423076923076,1782.3801775147929,1774.9541420118344,0.9260355029585798,0.6923076923076923,3834.304733727811,0.8423076923076924,-2.14066995118465,64.64497041420118,33.722276530035344,-12.73705110777386,33.07167713074205,-11.377479093639584,33.76401790812722,-12.530626478798595,56775.0,8424.0,56763.0,CVL -> MED,0.00043771950726769783
2016-12-19,CVL,MED,752,303,6.945478723404255,1960.1050531914893,1982.5571808510638,2004.9800531914893,0.8444148936170213,0.6502659574468085,4471.01329787234,-0.32300531914893615,-2.6430253275633575,48.0718085106383,30.710678803030312,0.5365191724659724,30.430036681818187,0.14399071558246476,30.65597734848485,1.4742800847201345,53401.0,15458.0,53376.0,CVL -> MED,0.0004801319852180642
2016-12-26,CVL,MED,542,276,6.452029520295203,1777.509225092251,1770.4649446494466,1807.1051660516605,0.9298892988929889,0.7638376383763837,4056.330258302583,1.680811808118081,-2.689363513765518,58.33948339483395,29.930279048523214,16.734254299578048,29.746890862869197,16.213907605485222,29.896783331223634,16.20642764767931,31022.0,5000.0,31017.0,CVL -> MED,0.00044446339655319455
2017-01-02,CVL,MED,472,300,7.466101694915254,2197.802966101695,2239.5275423728813,2251.9639830508477,0.8432203389830508,0.6334745762711864,5104.561440677966,0.5135593220338982,-2.0673550564949785,56.03813559322034,32.81085727034121,-1.9686632388451453,31.053487454068232,-8.306560527559055,31.797616062992127,-8.552593422572178,6846.0,1048.0,6785.0,CVL -> MED,0.00035574421388065685
2017-01-09,CVL,MED,740,308,6.448648648648649,1506.454054054054,1472.0797297297297,1512.204054054054,0.6716216216216216,0.8527027027027027,3247.154054054054,1.4749999999999985,-5.3198195658841865,50.310810810810814,39.02326314133742,-4.7104339680851135,39.219981094224956,-5.0583648039513776,38.82333835410336,-4.744091688449852,111016.0,31583.0,110986.0,CVL -> MED,0.00046533563905046374
2017-01-16,CVL,MED,583,332,5.825042881646655,1526.5677530017153,1549.5506003430532,1537.5385934819897,0.9176672384219554,0.7598627787307033,3748.795883361921,0.4809605488850772,-1.7559293251548982,58.8336192109777,26.549640618395305,-11.25647217808219,26.58595190802348,-11.358744780821917,26.58065053816047,-11.62932599412916,38322.0,7094.0,38212.0,CVL -> MED,0.0003045926086920177
2017-01-23,CVL,MED,670,336,8.047761194029851,2321.144776119403,2366.802985074627,2362.9328358208954,0.8417910447761194,0.6805970149253732,4823.779104477612,1.058805970149254,-1.7144112682275285,58.23880597014925,31.978065979202764,-22.524745197573665,31.76938206597222,-12.531679305025998,32.10720498263889,-12.445065180242642,57635.0,4882.0,57600.0,CVL -> MED,0.0003284915960082878
2017-01-30,CVL,MED,819,421,8.422466422466423,2148.319902319902,2299.7826617826618,2288.870573870574,0.8144078144078144,0.5262515262515263,4375.654456654456,0.5968253968253968,-1.4065346303091344,51.37973137973138,32.31736522038568,-30.599401440771338,32.72481563360882,-32.42418720385674,32.30922582644629,-27.84250763498622,38513.0,7650.0,38497.0,CVL -> MED,0.0003730794267422786
2017-02-06,CVL,MED,914,389,17.74945295404814,4716.513129102845,4709.703501094092,4863.550328227571,0.8326039387308534,0.6203501094091903,7108.817286652079,0.17505470459518588,-1.9120422804943262,66.89277899343544,33.73617038288288,-24.04390457207207,33.61344916216217,-24.319558849849848,33.615836208708714,-24.2902580990991,153776.0,9127.0,152719.0,CVL -> MED,0.00045880378708894017
2017-02-13,CVL,MED,1334,410,9.383058470764619,2315.1649175412294,2365.26011994003,2323.3500749625186,0.7571214392803598,0.6064467766116941,5293.826836581709,-0.522338830584707,-3.159796890681996,46.55172413793103,27.704641472547248,-16.07139000180018,31.015344145814574,-27.58020611071106,27.802418120612057,-19.37839980108011,168284.0,43642.0,167474.0,CVL -> MED,0.0006182698270420285
2017-02-20,CVL,MED,1237,423,8.052546483427648,2148.955537590946,2140.8755052546485,2139.9805982215034,0.7219078415521423,0.7267582861762328,4329.355699272433,2.1945028294260305,-1.998176022615668,55.844785772029105,34.10437164298728,-43.110335104735846,35.358062899817874,-32.72453796265939,34.91655088706743,-31.068703773224048,278359.0,46681.0,278331.0,CVL -> MED,0.0007024812865686373
2017-02-27,CVL,MED,1031,445,6.155189136760427,1522.8360814742969,1517.7158098933076,1535.721629485936,0.8128031037827352,0.7487875848690592,3224.6052376333655,0.48991270611057225,-2.471378062807298,54.742967992240544,33.34625435396309,9.957301321776823,33.86183215669206,6.553801971830989,33.36225131664853,9.585464279523304,170104.0,33659.0,169654.0,CVL -> MED,0.000522964799548759
2017-03-06,CVL,MED,767,390,6.058670143415906,1571.6766623207302,1602.161668839635,1596.1825293350716,0.8996088657105606,0.7444589308996089,3694.8996088657104,0.13780964797913955,-1.7483166189670696,64.53715775749674,31.999455928251127,-34.95795657355126,31.90356728849029,-33.12527797028231,31.997555479820637,-34.797267569093606,42558.0,5105.0,42120.0,CVL -> MED,0.00044339386497818585
2017-03-13,CVL,MED,463,315,6.555075593952484,1808.034557235421,1839.0604751619871,1845.0669546436286,0.8725701943844493,0.7408207343412527,4124.464362850972,0.7609071274298055,-1.2780480706662758,64.94600431965442,31.135909423631123,-19.93568645402299,31.179196023054754,-19.38763595402299,31.07018622478386,-20.088674114942524,10210.0,994.0,10174.0,CVL -> MED,0.000245939083598041
2017-03-20,CVL,MED,759,337,6.417654808959157,1803.9169960474308,1804.239789196311,1832.524374176548,0.8181818181818182,0.7812911725955204,4217.453227931489,1.126745718050066,-1.7548040347215417,52.1870882740448,35.218626877742956,-43.450874133228844,35.082607586206905,-41.588580471786834,35.174697249607526,-41.79788720689654,49153.0,13488.0,48708.0,CVL -> MED,0.0004325441918832142
2017-03-27,CVL,MED,878,347,9.010250569476081,2641.6435079726652,2722.25284738041,2695.759681093394,0.908883826879271,0.39863325740318906,5536.878132118451,1.9963553530751703,-2.5679601326384516,54.79498861047836,28.47585364372471,-22.563063240215943,29.034552780027003,-23.897578890688273,29.18589028340082,-24.139611927125515,199556.0,39106.0,199528.0,CVL -> MED,0.0005617021494383618
2017-04-03,CVL,MED,680,336,7.764705882352941,2154.9308823529414,2148.5205882352943,2167.4014705882355,0.8779411764705882,0.7205882352941176,3937.779411764706,0.17999999999999977,-2.9641265663055694,65.58823529411765,31.718658671209543,-34.46276024190799,31.590392010221464,-33.79333582964224,31.41918165247018,-34.21720107666098,64856.0,7847.0,64856.0,CVL -> MED,0.00034268372761279964
2017-04-10,CVL,MED,820,349,7.613414634146341,2008.9951219512195,2001.770731707317,2024.9743902439025,0.8914634146341464,0.5609756097560976,4912.413414634147,-0.1057317073170728,-2.4599098419635244,64.85365853658537,31.4648702990127,-8.675254777150922,31.341082933709455,-8.150083550070528,31.224110595204515,-8.912990700987311,120937.0,14361.0,120856.0,CVL -> MED,0.0004832113519310776
2017-04-17,CVL,MED,647,325,6.321483771251932,2163.8933539412674,2193.0695517774343,2204.437403400309,0.8346213292117465,0.7789799072642968,3896.425038639876,0.6624420401854719,-1.3082934861590994,68.19165378670789,17.0790175580986,21.710602980633844,17.269383345070427,23.739180843309896,17.095901302816905,21.949762181338077,211998.0,20490.0,211970.0,CVL -> MED,0.0004203332131453203
2017-04-24,CVL,MED,667,371,7.824587706146927,2265.9415292353824,2276.193403298351,2300.3793103448274,0.8800599700149925,0.6656671664167916,4441.530734632684,0.01964017991004491,-1.6958006310008429,67.82608695652173,29.36172994915254,-15.592010989830511,29.532225271186437,-16.467488984745767,31.10282333898305,-23.151380227118644,104235.0,6260.0,104094.0,CVL -> MED,0.00037008205612485806
2017-05-01,CVL,MED,572,255,4.687062937062937,1177.6328671328672,1212.3304195804196,1209.1048951048951,0.8671328671328671,0.8111888111888111,2752.4912587412587,-0.05157342657342675,-2.78831951845304,69.87762237762237,29.136963002739723,-18.863731180821915,28.72314247123287,-16.899589153424653,29.185007676712324,-19.206122304109588,243907.0,2264.0,243906.0,CVL -> MED,0.00047410138309961187
2017-05-08,CVL,MED,761,302,7.540078843626807,2317.6084099868594,2314.746386333771,2344.0880420499343,0.8922470433639947,0.4980289093298292,5027.901445466491,1.413009198423127,-2.1082501561730242,54.96714848883049,31.46981837104069,-18.633103705882377,31.104775082956237,-17.133029444947223,31.001982021116106,-16.183162929110114,71532.0,13954.0,71432.0,CVL -> MED,0.0004491670931098004
2017-05-15,CVL,MED,915,335,6.675409836065573,1749.096174863388,1770.983606557377,1758.888524590164,0.9016393442622951,0.7245901639344262,4115.367213114754,-0.3896174863387979,-2.634266389805211,51.26775956284153,11.724789781553392,31.63600376941758,11.822748094660186,32.83272294417486,11.708221735436885,32.57316906067972,220177.0,36377.0,220091.0,CVL -> MED,0.000505341989501037
2017-05-22,CVL,MED,595,275,5.784873949579832,1597.6655462184874,1612.9663865546217,1618.3226890756303,0.692436974789916,0.7630252100840336,3588.1025210084035,-0.9228571428571425,-4.811245228237542,52.50420168067227,26.16823845714286,-20.703303194285716,26.47467127619047,-20.786188565714287,26.416388895238093,-20.341568001904765,15458.0,4720.0,15397.0,CVL -> MED,0.0003404435493099581
2017-05-29,CVL,MED,702,316,7.353276353276353,1906.851851851852,1903.8361823361824,1921.954415954416,0.8746438746438746,0.6552706552706553,3710.112535612536,0.5448717948717954,-2.490715750895657,63.41880341880342,30.596364568659126,5.3763707108239105,30.715784003231015,5.789963609046851,30.623354924071077,5.280781712439419,61099.0,7837.0,61080.0,CVL -> MED,0.0004888422794255894
2017-06-05,CVL,MED,432,295,7.238425925925926,2175.261574074074,2211.025462962963,2212.1111111111113,0.875,0.7175925925925926,4111.356481481482,0.399074074074074,-1.7625663818568196,64.65277777777777,27.797303910614527,-4.566898357541901,28.265368268156433,-5.416189991620113,28.138934748603354,-5.2343526564245835,10077.0,1221.0,10071.0,CVL -> MED,0.0002665771494016824
2017-06-12,CVL,MED,554,284,6.106498194945848,1452.312274368231,1478.7635379061371,1437.9963898916967,0.8285198555956679,0.6046931407942239,3024.164259927798,0.6292418772563175,-2.6100224733817483,61.87725631768953,37.864533302961284,-34.93934566059223,37.47497134396355,-33.46343539407743,37.46320533029611,-33.175450587699295,27339.0,3661.0,27329.0,CVL -> MED,0.00037609221183631435
2017-06-19,CVL,MED,549,278,5.429872495446266,1574.424408014572,1619.424408014572,1605.049180327869,0.8324225865209471,0.7959927140255009,4072.9945355191257,-0.3830601092896176,-2.7440310529529772,54.080145719489984,34.035860344086025,-28.147910313978503,32.75977518279571,-26.37045068602151,34.72400520430109,-27.697834335483883,22025.0,4299.0,22025.0,CVL -> MED,0.000372963730126434
2017-06-26,CVL,MED,602,248,7.569767441860465,2010.0365448504983,2060.355481727575,2050.6661129568106,0.9318936877076412,0.7142857142857143,3540.609634551495,-0.20431893687707636,-1.552934490169151,47.7906976744186,33.69542608455884,-23.576874056985304,33.44040053308825,-24.164132659926477,33.50622970588237,-23.99012982904413,77141.0,23373.0,77039.0,CVL -> MED,0.00047450893842418895
2017-07-03,CVL,MED,408,242,8.343137254901961,2083.174019607843,2118.075980392157,2101.595588235294,0.8406862745098039,0.5073529411764706,3848.2549019607845,0.7772058823529411,-1.7446556646997222,51.78921568627451,31.03653955882353,-14.823118270588228,32.36954561764706,-16.90410532058823,33.35683414705882,-14.800578858823522,7167.0,1632.0,7131.0,CVL -> MED,0.0002845656607363555
2017-07-10,CVL,MED,1055,267,5.23696682464455,1306.3516587677725,1312.4568720379148,1357.9763033175354,0.7488151658767772,0.8644549763033176,2629.372511848341,0.6696682464454974,-2.23872445254239,64.22748815165876,39.28874643687371,-9.99993289679359,38.99744229559114,-10.643573578156321,39.34184172545087,-10.930445421843697,293636.0,42276.0,293620.0,CVL -> MED,0.0007854354215740871
2017-07-17,CVL,MED,482,219,6.130705394190872,1543.234439834025,1491.8091286307053,1568.713692946058,0.9439834024896265,0.7780082987551867,3270.3796680497926,-0.11141078838174279,-2.8107284081181274,66.95020746887967,18.477892783505155,17.304678804123714,18.37306451030928,17.896787515463917,18.613446211340204,15.961961793814437,55322.0,5092.0,55322.0,CVL -> MED,0.0004581431136432548
2017-07-24,CVL,MED,509,318,6.632612966601179,1610.025540275049,1620.8310412573674,1619.2652259332024,0.899803536345776,0.7190569744597249,3147.58742632613,0.8432220039292728,-2.5141645591646586,67.54420432220039,34.576478171912825,-9.008017581113801,34.527264176755445,-7.277536636803872,34.60330347457627,-8.928336297820822,27167.0,2404.0,27166.0,CVL -> MED,0.0003518330223977317
2017-07-31,CVL,MED,361,228,5.448753462603878,1473.8310249307478,1514.7700831024931,1512.9584487534626,0.9058171745152355,0.7839335180055401,3421.3850415512466,0.09168975069252067,-2.096874254063516,61.91135734072022,29.565912736486492,-7.016303760135132,29.619041114864864,-6.9528959898648575,29.8535708445946,-8.215278084459458,8494.0,919.0,8414.0,CVL -> MED,0.00027057169325414555
2017-08-07,CVL,MED,756,346,6.3161375661375665,1863.5039682539682,1893.5582010582011,1885.7354497354497,0.8359788359788359,0.7976190476190477,3608.9761904761904,-0.6384920634920634,-3.405388329339446,51.37566137566137,31.651046214076246,42.090154967741924,31.305824674486793,41.44199949853371,31.42022128739002,40.80913575953078,28174.0,7269.0,27844.0,CVL -> MED,0.0006426205317259886
2017-08-14,CVL,MED,1145,258,12.36943231441048,5106.939737991266,5128.217467248908,5123.040174672489,0.6209606986899563,0.23056768558951965,6995.702183406113,0.3574672489082968,-1.790377981892437,37.44978165938865,5.71778118240145,73.77250771677342,5.680156159486697,73.80837588359284,5.7262397525206055,73.82476687351037,218875.0,70036.0,218755.0,CVL -> MED,0.000989043642306536
2017-08-21,CVL,MED,453,178,6.973509933774834,2030.794701986755,2043.5253863134658,2050.6291390728475,0.8233995584988962,0.7350993377483444,4572.01766004415,0.010154525386313328,-3.6486245291728956,66.95364238410596,34.329954439205956,7.627974913151353,34.44916585359801,7.037081198511154,34.44782937717122,7.1667525806451495,43376.0,5208.0,42746.0,CVL -> MED,0.0004942711464581053
2017-08-28,CVL,MED,833,348,6.7683073229291715,1892.8967587034813,1923.781512605042,1940.0732292917166,0.8031212484993998,0.6926770708283313,4641.906362545018,1.0737094837935173,-2.749016787515188,45.46218487394958,31.40690752857145,-60.90529368441559,31.639567658441567,-61.59020845974027,31.51413254155846,-61.745638745454556,80030.0,24632.0,79607.0,CVL -> MED,0.0006338698017730092
2017-09-04,CVL,MED,527,388,9.453510436432637,2712.943074003795,2739.8159392789375,2733.8387096774195,0.8671726755218216,0.6793168880455408,5399.700189753321,0.29506641366223896,-2.334601883113869,58.27324478178368,29.719377189845474,-32.93028630905077,29.980394602649007,-32.06375812582782,29.68848238852097,-32.18657973068432,8801.0,1716.0,8774.0,CVL -> MED,0.0004123879138257939
2017-09-11,CVL,MED,548,273,7.9726277372262775,2587.830291970803,2625.71897810219,2606.565693430657,0.7627737226277372,0.5291970802919708,4775.11496350365,1.5764598540145978,-2.360995734944101,52.64598540145985,30.360749756539224,-17.84924203018109,30.033439032193147,-16.848506698189137,30.088229575452708,-16.82440601408451,31180.0,8979.0,30928.0,CVL -> MED,0.0004841870517072895
2017-09-18,CVL,MED,823,373,9.35722964763062,2313.5394896719317,2319.127582017011,2312.9027946537058,0.905224787363305,0.5990279465370595,4398.773997569866,2.1504252733900358,-2.98994190448964,60.51032806804374,22.963680336473768,27.10657117900408,22.900954308209972,27.24925469717366,22.94540440242262,27.451184845222116,178035.0,22298.0,177850.0,CVL -> MED,0.0005933840918267289
2017-09-25,CVL,MED,441,302,5.854875283446712,2276.721088435374,2297.6009070294785,2287.9659863945576,0.8344671201814059,0.673469387755102,3690.689342403628,0.9922902494331066,-1.2709066049806055,62.811791383219955,30.0468759943662,-12.350299614084504,30.152769797183097,-12.612848543661974,30.57572726197183,-13.170772769014084,7241.0,985.0,7222.0,CVL -> MED,0.00035853279599483905
2017-10-02,CVL,MED,395,265,6.80253164556962,2539.2962025316456,2552.326582278481,2548.0556962025316,0.8607594936708861,0.6683544303797468,4041.288607594937,1.0362025316455694,-1.9301835914062362,66.32911392405063,28.02569594670846,-27.544121272727274,28.43702804702194,-28.574385661441998,28.020056918495293,-27.965739987460818,12595.0,1603.0,11831.0,CVL -> MED,0.00030795690474464137
2017-10-09,CVL,MED,453,285,5.80794701986755,1594.6666666666667,1609.2362030905076,1619.5717439293599,0.8719646799116998,0.7748344370860927,3311.0949227373067,0.24503311258278143,-1.9333860757934844,67.68211920529801,23.861198267029977,-19.377995565217397,24.79324799455041,-18.325037989130436,24.072957177111714,-18.91852239673913,13133.0,1408.0,13113.0,CVL -> MED,0.0003326394166694203
2017-10-16,CVL,MED,607,299,6.5700164744645795,2412.7561779242174,2442.364085667216,2439.481054365733,0.9192751235584844,0.7397034596375618,4565.004942339374,1.1607907742998353,-1.6415378592216814,61.26853377265239,25.928283862745104,-5.433761442265799,25.366125137254908,-3.5032827668845363,25.729164908496735,-4.569262967320264,37386.0,6518.0,37054.0,CVL -> MED,0.0004459022173901865
2017-10-23,CVL,MED,563,294,9.410301953818827,3115.182948490231,3156.8721136767317,3137.1172291296625,0.8596802841918295,0.5488454706927176,4313.767317939609,-1.5305506216696272,-1.838586015119082,59.87566607460035,28.221449018633557,-28.726085012422377,28.25605443478262,-29.24252704554868,28.641925345755705,-29.414656997929633,27290.0,4267.0,26858.0,CVL -> MED,0.00041991673267489194
2017-10-30,CVL,MED,559,290,8.361359570661897,3267.186046511628,3293.277280858676,3286.0644007155634,0.8103756708407871,0.6350626118067979,4230.8783542039355,0.2534883720930231,-2.895877816557438,58.78354203935599,31.470079058704457,-37.29344884615385,31.08272458906883,-39.840803574898814,31.25611790890689,-38.4180677449393,24042.0,3470.0,23982.0,CVL -> MED,0.0003725995987388937
2017-11-06,CVL,MED,1168,257,6.75513698630137,3134.89897260274,3069.1549657534247,3131.5025684931506,0.7003424657534246,0.8398972602739726,3170.988869863014,2.234160958904098,-5.17323235457495,60.804794520547944,28.736442734693895,-70.9327829511979,28.768537629103808,-71.44219188021293,28.75809458385095,-71.2228673779947,1102987.0,137284.0,1101537.0,CVL -> MED,0.0008079433000886801
2017-11-13,CVL,MED,535,271,5.869158878504673,1670.8429906542056,1615.0392523364485,1689.1607476635513,0.7850467289719626,0.7551401869158878,3876.0542056074764,0.8732710280373831,-1.4124994743126194,54.299065420560744,28.87612707758622,-6.191667885775861,28.603187870689652,-5.35757732327586,28.462957051724146,-5.544753767241377,24674.0,3471.0,24659.0,CVL -> MED,0.0003635278921022037
2017-11-20,CVL,MED,540,268,6.17962962962963,1661.937037037037,1667.5574074074075,1667.5018518518518,0.8537037037037037,0.6925925925925925,3498.640740740741,-1.403333333333333,-2.4568518784822517,65.42592592592592,32.332819080428955,11.885358731903484,32.28100802144772,10.351427573726536,32.268944549597855,10.705108806970504,33372.0,4584.0,33280.0,CVL -> MED,0.0004716017166302485
2017-11-27,CVL,MED,930,368,7.801075268817204,3100.664516129032,3136.616129032258,3140.6655913978493,0.9118279569892473,0.5182795698924731,4311.17311827957,-0.21150537634408617,-3.4485876452248037,65.0752688172043,25.559890837677724,3.020827555687212,25.439546104265396,2.5638742914692028,25.496777251184835,3.246840114928914,164027.0,12643.0,164017.0,CVL -> MED,0.0006308994183514395
2017-12-04,CVL,MED,427,290,7.07728337236534,2253.590163934426,2271.192037470726,2284.473067915691,0.7985948477751756,0.5644028103044496,5511.007025761124,0.46557377049180315,-1.0723919245843032,58.5480093676815,31.18597348247979,-22.384883809651473,31.842262462365593,-25.046839552278822,31.299948145552563,-16.883848930294906,5387.0,770.0,5372.0,CVL -> MED,0.0002612912069083682
2017-12-11,CVL,MED,640,267,9.7125,2458.234375,2484.33125,2457.0640625,0.921875,0.50625,4588.5421875,1.5059375000000004,-2.0252345346202505,59.703125,34.5146825009242,-58.34884690388173,34.50674460813307,-59.048896072088745,28.938446086876155,-7.65087185767098,122541.0,19397.0,121608.0,CVL -> MED,0.0005107101504440386
2017-12-18,CVL,MED,343,236,7.142857142857143,3291.1020408163267,3316.6938775510203,3315.8717201166182,0.8542274052478134,0.6151603498542274,4215.344023323615,1.2075801749271133,-1.4541888072219753,68.62973760932945,30.713058494252873,2.282044586206897,30.696503609195407,0.5781658122605399,30.874928609195404,0.9783600268199253,6052.0,680.0,5972.0,CVL -> MED,0.0002921881828195052
2017-12-25,CVL,MED,277,200,8.245487364620939,14735.718411552347,14773.664259927798,14773.537906137184,0.8664259927797834,0.6425992779783394,4495.870036101083,0.7007220216606497,-1.9513745211548639,57.40072202166065,34.638034315999995,-19.488569784000003,35.215510716000004,-20.340172852000002,35.021408716,-19.248501656000002,3475.0,504.0,3446.0,CVL -> MED,0.0003441853183217176
2018-01-01,CVL,MED,439,250,7.521640091116173,2071.107061503417,2089.75854214123,2101.095671981777,0.8337129840546698,0.6036446469248291,4384.783599088838,0.8767653758542141,-2.2834692385704733,57.81321184510251,32.14108699178083,-15.18687550136986,32.140340652054796,-12.666236871232876,32.01612037808219,-13.750927282191782,14328.0,2311.0,14144.0,CVL -> MED,0.000407000407000407
2018-01-08,CVL,MED,955,337,5.428272251308901,2087.0994764397906,2126.57277486911,2120.428272251309,0.7078534031413612,0.7403141361256544,3175.677486910995,1.9904712041884813,-0.26660885205546364,50.47120418848168,38.56443628843859,-27.26570000953516,39.60912071156136,-27.19517299642431,37.8881076293206,-23.98042746722288,83156.0,18574.0,83030.0,CVL -> MED,0.0007252253894194551
2018-01-15,CVL,MED,560,268,5.9125,2224.5660714285714,2255.2589285714284,2249.0785714285716,0.8678571428571429,0.7714285714285715,3321.1071428571427,-0.4366071428571431,-2.7479861446998735,58.464285714285715,26.282416516634054,-0.2239190469667317,26.621663776908022,-1.573524195694717,26.541219420743637,-1.1020275929549903,29923.0,3121.0,29869.0,CVL -> MED,0.00040003571747477455
2018-01-22,CVL,MED,499,253,12.390781563126252,3315.2705410821645,3305.0240480961925,3334.7615230460924,0.8396793587174348,0.41082164328657317,5784.609218436874,0.36012024048096203,-2.3295807065149132,59.13827655310621,33.99904499999999,-36.80873132783019,33.94949575471698,-32.97431921462263,33.77936308254716,-35.16714366509433,28175.0,3817.0,26927.0,CVL -> MED,0.0003655618737280425
2018-01-29,CVL,MED,570,304,5.775438596491228,1710.4438596491227,1728.9157894736843,1746.4,0.9087719298245615,0.7526315789473684,3542.557894736842,-1.2164912280701756,-3.6768333173814267,57.473684210526315,32.855008382231404,-10.85535657438016,32.84822284504132,-10.766752648760326,32.7880251177686,-11.28904707024793,35914.0,1268.0,35864.0,CVL -> MED,0.0004248746992334366
2018-02-05,CVL,MED,617,315,6.9108589951377635,2388.192868719611,2401.930307941653,2408.3354943273907,0.8849270664505673,0.7828200972447326,3762.84602917342,-0.7157212317666125,-3.9059100362893475,58.54132901134522,29.58038634790529,-15.454215928961746,29.543438628415306,-16.52533833879782,29.537140418943544,-17.058934526411658,52139.0,3026.0,52092.0,CVL -> MED,0.00046767898575057174
2018-02-12,CVL,MED,668,303,5.140718562874252,2566.065868263473,2629.944610778443,2622.7185628742513,0.6766467065868264,0.7679640718562875,4271.218562874252,0.6730538922155689,-1.0331409353087135,45.76347305389221,26.164918144999984,-36.066858281666676,25.693434514999986,-36.76693963166667,26.04557632166665,-36.80898286500006,29740.0,8653.0,29725.0,CVL -> MED,0.00047132236262328994
2018-02-19,CVL,MED,594,304,7.646464646464646,2474.728956228956,2496.308080808081,2486.6902356902356,0.7929292929292929,0.622895622895623,3881.53367003367,0.3353535353535354,-1.7947523188316947,54.51178451178451,13.997938605947956,32.376324018587376,9.370034144981414,40.39207765427508,9.605596970260224,40.5801661301115,26164.0,4581.0,26159.0,CVL -> MED,0.0003938203357152613
2018-02-26,CVL,MED,624,321,5.55448717948718,1636.0336538461538,1668.3926282051282,1677.8846153846155,0.8028846153846154,0.7483974358974359,4333.528846153846,0.2669871794871796,-1.829673973008694,53.14102564102564,28.35967637384898,-34.41659476795581,30.666793605893172,-41.71143188950277,28.327085200736644,-34.504895486187856,21280.0,3204.0,21237.0,CVL -> MED,0.0004272468459734039
2018-03-05,CVL,MED,702,330,5.915954415954416,2207.960113960114,2243.088319088319,2237.0484330484333,0.801994301994302,0.7421652421652422,4551.707977207977,-2.4774928774928773,-2.5020484253234665,59.629629629629626,29.323807283082083,-22.75925273366834,29.20335137855946,-24.58630689949749,29.260659306532666,-24.81172152763819,31359.0,3648.0,31358.0,CVL -> MED,0.00040917818136036006
2018-03-12,CVL,MED,609,328,6.829228243021347,2368.254515599343,2405.8177339901476,2395.1871921182264,0.7783251231527094,0.6420361247947455,5196.218390804598,-1.2159277504105086,-1.2645867464832854,54.08866995073892,28.207036689719626,-37.35395116635514,28.845450803738323,-40.36401247850467,28.179782570093458,-37.93264031028037,24101.0,3473.0,24101.0,CVL -> MED,0.0003772439510883705
2018-03-19,CVL,MED,590,289,7.071186440677966,2477.1949152542375,2500.0033898305087,2494.081355932203,0.7898305084745763,0.6847457627118644,4107.576271186441,0.8906779661016953,-1.4833379975478715,58.83050847457627,27.92149518651685,-15.981300368539326,28.99228622022472,-18.692253964044944,28.05679863595505,-14.731777334831467,29715.0,4217.0,29587.0,CVL -> MED,0.0003992748086695419
2018-03-26,CVL,MED,549,338,7.39344262295082,4637.9143897996355,4651.921675774135,4660.2786885245905,0.8816029143897997,0.6885245901639344,4652.948998178506,1.1140255009107474,-1.8576503069521721,61.38433515482696,30.284896346855998,-22.16505506693713,30.731144141987837,-22.140197797160244,30.392597016227192,-22.582691375253553,23930.0,3438.0,23840.0,CVL -> MED,0.0003627198039066707
2018-04-02,CVL,MED,629,326,8.174880763116057,1774.7742448330685,1790.0779014308425,1793.7726550079492,0.7901430842607313,0.5007949125596184,3804.39586645469,0.32114467408585046,-3.213304167878943,51.71701112877584,31.866390965156786,-33.99651777003484,32.734532214285714,-34.47176560104529,32.027158,-34.188251020905916,77077.0,18000.0,77041.0,CVL -> MED,0.0004134659754970466
2018-04-09,CVL,MED,413,286,7.021791767554479,2066.6077481840193,2051.3486682808716,2097.9370460048426,0.8789346246973365,0.6198547215496368,4534.145278450364,0.07360774818401934,-1.608646762465022,63.48668280871671,30.2231368888889,-14.366162809523814,30.357585460317466,-15.229548015873023,30.469825460317463,-15.34051858730159,6889.0,954.0,6773.0,CVL -> MED,0.00020802744148913397
2018-04-16,CVL,MED,706,369,9.98158640226629,3383.0920679886685,3393.7337110481585,3386.111898016997,0.8045325779036827,0.40368271954674223,5628.6359773371105,1.0729461756373944,-2.1971487025553573,50.594900849858355,33.27366133386581,-11.874724099041522,33.12761668849841,-20.510883843450475,33.25231742971246,-10.539715792332258,29503.0,7275.0,29472.0,CVL -> MED,0.0004379090278109449
2018-04-23,CVL,MED,612,324,7.756535947712418,3255.027777777778,3270.424836601307,3225.0098039215686,0.9035947712418301,0.5620915032679739,3914.299019607843,1.4689542483660132,-1.9097931541973456,73.97058823529412,29.434539690476186,-33.197205624542114,29.488912633699634,-34.110013005494494,29.056452858974353,-33.242134690476185,73389.0,4835.0,73336.0,CVL -> MED,0.0003879125928977768
2018-04-30,CVL,MED,494,260,6.2631578947368425,5221.872469635628,5264.234817813765,5250.773279352226,0.8279352226720648,0.6882591093117408,3856.9473684210525,0.38502024291497966,-1.2669400222015978,59.23076923076923,28.337022942446048,-19.797572337320574,28.305745419664266,-19.488519267942582,28.188222570743406,-20.182216509569383,42280.0,2807.0,27005.0,CVL -> MED,0.0003298390865994525
2018-05-07,CVL,MED,479,311,10.812108559498956,4119.427974947808,4140.202505219207,4135.064718162839,0.8037578288100209,0.5866388308977035,5610.864300626305,0.07724425887265128,-2.4705559172813603,60.062630480167016,25.471837078048782,12.023230824390241,25.86203593366093,13.454115734643738,25.589082535626535,11.576721304668308,9469.0,1149.0,9426.0,CVL -> MED,0.00025130083595564096
2018-05-14,CVL,MED,569,301,6.339191564147628,1826.506151142355,1833.7293497363796,1835.646748681898,0.875219683655536,0.7012302284710018,3299.565905096661,-1.0759226713532515,-2.512511015090991,60.790861159929705,31.83852848995983,-18.119257253012044,32.04947357028112,-18.55446943574297,32.11816099799598,-17.723459210420838,25668.0,1901.0,25618.0,CVL -> MED,0.00032760966431236805
2018-05-21,CVL,MED,1411,290,10.941885187810064,2919.818568391212,2941.459957476967,2961.4110559886603,0.5577604535790219,0.7370659107016301,4418.967399007796,1.7808646350106232,-0.9550151403698702,44.897236002834866,31.50573701139809,87.82435091565377,31.525471617781072,87.651854319909,31.463437734042472,87.6085376025838,829536.0,191672.0,829536.0,CVL -> MED,0.0008891689641591177
2018-05-28,CVL,MED,523,270,5.8891013384321225,5353.946462715106,5392.02103250478,5383.19120458891,0.8432122370936902,0.7820267686424475,3583.451242829828,0.3684512428298278,-2.8963326506378295,67.24665391969407,21.768738959999993,-5.154729262222229,22.434359813333327,-7.930045706666672,22.543680997777773,-7.346975640000006,30795.0,3048.0,30698.0,CVL -> MED,0.00033322034848604553
2018-06-04,CVL,MED,1444,307,5.610110803324099,1888.5519390581717,1920.5373961218836,1908.3781163434903,0.8642659279778393,0.9127423822714681,3684.9113573407203,0.4375346260387811,-3.5556447532677895,24.55678670360111,27.143836472017735,-58.863909241531495,25.301929468335786,-65.1614943659794,27.571452240795317,-61.026273134020556,263601.0,227951.0,263573.0,CVL -> MED,0.001015537584384914
2018-06-11,CVL,MED,659,309,7.3429438543247345,2185.0212443095597,2215.0895295902883,2215.5356600910472,0.8937784522003035,0.7268588770864947,3987.752655538695,-0.5843702579666158,-2.1769766849936927,64.62822458270107,30.72604696219931,6.005162823024049,30.855580484536084,3.8370756065292033,30.858714195876292,6.109094506872846,75384.0,7865.0,75212.0,CVL -> MED,0.00045405250473000067
2018-06-18,CVL,MED,1017,423,6.5614552605703045,1901.2163225172076,1926.3824975417897,1933.7807276302851,0.8416912487708947,0.7974434611602753,3895.3824975417897,1.4239921337266463,-3.1590629912164188,47.876106194690266,33.387825725893784,-52.39396534127857,33.312547438786524,-52.197732301191884,33.4100128689057,-52.154595088840864,75165.0,20266.0,75116.0,CVL -> MED,0.0007086747503437107
2018-06-25,CVL,MED,488,292,5.770491803278689,1559.2704918032787,1611.092213114754,1596.700819672131,0.8831967213114754,0.6844262295081968,3561.6188524590166,-0.5821721311475409,-2.3355556549410363,59.42622950819672,33.79878721065375,-39.81464368765133,33.85136297336562,-40.76635238014528,33.8219164842615,-40.16030250121066,18390.0,3264.0,18296.0,CVL -> MED,0.00033083781286376057
2018-07-02,CVL,MED,951,340,6.20925341745531,1708.608832807571,1739.8485804416405,1738.8086225026289,0.9169295478443743,0.8159831756046267,2691.310199789695,0.14626708727655094,-0.9666284745240084,57.71819137749737,36.403485905619384,-64.40346738275873,36.250346373052324,-63.7946270979567,36.30084339604083,-64.08150700472552,423163.0,67146.0,423142.0,CVL -> MED,0.000776718377107798
2018-07-09,CVL,MED,806,363,5.204714640198511,1382.7754342431763,1390.9503722084366,1381.4590570719604,0.8709677419354839,0.6873449131513648,2756.754342431762,0.6317617866004963,-1.2833416123691122,55.49627791563275,33.07481151334381,-19.62794244427002,35.200478232339094,-19.32291117268446,35.11306389481947,-19.692427200941918,31242.0,3606.0,31227.0,CVL -> MED,0.0005309768326770785
2018-07-16,CVL,MED,1021,311,6.186092066601371,1425.7992164544564,1553.1028403525954,1515.2595494613124,0.6101860920666013,0.8237022526934378,4816.651322233105,0.8156709108716946,-2.5141649474838306,42.69343780607248,35.974289893042545,-46.924652291796335,35.29024218691586,-47.68886658670807,35.455096814122506,-47.69706672585663,109499.0,38421.0,109481.0,CVL -> MED,0.0007052502809603837
2018-07-23,CVL,MED,1228,300,11.914495114006515,2642.095276872964,2636.8705211726383,2596.605048859935,0.9112377850162866,0.3713355048859935,3697.597719869707,-2.586237785016286,-3.6939868769129576,69.04723127035831,38.015095185512344,-55.03685312190813,37.918568186395724,-56.069928681095405,38.083467766784416,-55.87302762102474,2712309.0,321899.0,2712171.0,CVL -> MED,0.0008623940705491722
2018-07-30,CVL,MED,866,313,7.982678983833718,1982.7632794457274,2004.635103926097,2021.5762124711316,0.9237875288683602,0.687066974595843,4063.3083140877598,0.2236720554272517,-2.438254560022815,48.36027713625866,31.18966866750629,-46.37674955415615,31.47683563350125,-46.06296931612088,31.260365816120906,-45.842050400503744,236568.0,67807.0,236528.0,CVL -> MED,0.0006305280417517322
2018-08-06,CVL,MED,896,328,7.8125,2158.3203125,2186.1540178571427,2187.6897321428573,0.8113839285714286,0.6272321428571429,4351.834821428572,0.562946428571429,-3.2409744351177303,54.63169642857143,17.81155306666666,9.297661567181915,17.832324346428564,8.993787607609978,17.62581956547618,8.937099640903675,172671.0,27345.0,172635.0,CVL -> MED,0.0006370436623753908
2018-08-13,CVL,MED,558,303,7.781362007168458,1958.557347670251,1963.7186379928316,1969.0483870967741,0.9050179211469535,0.6559139784946236,4409.4910394265235,1.1851254480286733,-1.209807954713702,71.34408602150538,26.963025130260522,-19.621123641282566,27.115933613226456,-19.7005266012024,26.895760266533067,-18.89873696192385,31299.0,1097.0,31272.0,CVL -> MED,0.0004261584943010848
2018-08-20,CVL,MED,877,264,6.506271379703535,1696.8654503990879,1714.6442417331814,1707.5655644241733,0.9247434435575826,0.8175598631698974,3328.266818700114,-0.5643101482326112,-3.3245736401499553,51.61915621436716,28.303587788874843,-1.6576424551200941,28.83098996460177,-0.9968559810366519,28.241454524652337,-1.7232081946902587,91732.0,32284.0,91594.0,CVL -> MED,0.0005722417718223453
2018-08-27,CVL,MED,702,332,8.257834757834758,2141.6524216524217,2196.1210826210827,2185.3333333333335,0.8133903133903134,0.5783475783475783,3422.6139601139603,-0.03205128205128209,-2.349465943118571,55.484330484330485,10.170143397781304,36.61264695094934,9.803498152139465,36.78332560126581,13.66269276386688,23.617347645569613,63763.0,8987.0,63743.0,CVL -> MED,0.00044500397460814925
2018-09-03,CVL,MED,985,264,10.889340101522842,3728.8629441624366,3777.828426395939,3757.7076142131978,0.9248730964467005,0.37055837563451777,4870.76345177665,-1.0894416243654834,-2.747170985568391,61.065989847715734,23.071199837028832,-37.689794282704995,23.33522621507761,-38.008340327050895,23.27232851552107,-37.88551926274934,628904.0,81205.0,628879.0,CVL -> MED,0.0006013941353997683
2018-09-10,CVL,MED,498,306,7.096385542168675,1826.6626506024097,1841.5763052208836,1845.4738955823293,0.8674698795180723,0.678714859437751,3685.234939759036,0.2664658634538152,-2.089584931211595,68.63453815261045,31.83183229157176,-22.715775685649202,31.485915257403192,-20.30222196127563,31.51122469931664,-20.96611708883827,14903.0,1577.0,14765.0,CVL -> MED,0.0003238036657435878
2018-09-17,CVL,MED,339,230,6.050147492625369,1651.1209439528025,1677.3097345132744,1671.7197640117995,0.8938053097345132,0.7109144542772862,3498.902654867257,0.2398230088495574,-1.4100018367513498,64.04129793510324,31.103916284615387,-21.48628063846154,30.92644705384615,-21.999546446153847,30.9136835923077,-21.825795407692304,5839.0,891.0,5839.0,CVL -> MED,0.0002130396611978108
2018-09-24,CVL,MED,606,275,6.183168316831683,2452.410891089109,2491.8333333333335,2481.1006600660066,0.7194719471947195,0.8201320132013201,8016.600660066007,0.44950495049504946,-2.777708012340784,47.54125412541254,34.14502710873788,-65.23185800970874,33.46525937937744,-68.4869082291262,33.72242486575877,-64.27737707572815,41518.0,15506.0,41518.0,CVL -> MED,0.0003854473892935945
2018-10-01,CVL,MED,546,270,7.553113553113553,1833.6996336996338,1874.4212454212454,1868.8223443223444,0.8461538461538461,0.6007326007326007,3522.908424908425,0.7564102564102564,-2.734665280895157,60.01831501831502,29.983461584830334,-5.026248451097799,29.908166654,-6.011915357285425,29.942691944111765,-6.461760135728539,31266.0,4838.0,31253.0,CVL -> MED,0.0003601162661087723
2018-10-08,CVL,MED,837,301,7.075268817204301,1625.0382317801673,1666.9916367980884,1666.442054958184,0.8673835125448028,0.6379928315412187,3876.7502986857826,1.398088410991636,-2.4028279117787994,63.643966547192356,20.186291002624685,3.1100891548556437,19.82928446719162,4.652666053805777,19.726793614173246,4.29621120209974,173598.0,27392.0,173590.0,CVL -> MED,0.0005804671755174619
2018-10-15,CVL,MED,807,352,9.400247831474598,2284.4919454770757,2347.1251548946716,2311.739776951673,0.7100371747211895,0.38166047087980176,4466.812887236679,0.9992565055762083,-2.522010381137491,49.80173482032218,32.39123163711912,-63.84424033102494,31.89094480886426,-64.92612252077566,31.99218534487535,-65.38306478393355,43969.0,8841.0,41882.0,CVL -> MED,0.00047580386975355483
2018-10-22,CVL,MED,498,315,6.839357429718875,1848.0763052208836,1869.2349397590363,1861.8072289156626,0.8875502008032129,0.6807228915662651,3686.238955823293,0.2919678714859438,-1.9626552799949228,57.46987951807229,26.112899968973743,-15.321572739856796,26.177771844868737,-16.134184107398568,26.28647858949881,-15.456641338902145,20676.0,3702.0,20670.0,CVL -> MED,0.000314338572940751
2018-10-29,CVL,MED,777,318,9.503217503217503,2527.356499356499,2562.055341055341,2548.2754182754184,0.9021879021879022,0.5186615186615187,4755.737451737452,0.9425997425997434,-2.269861151955033,59.755469755469754,27.7214920137741,-33.50975253305781,27.83173104132232,-34.024441972451754,27.77439770798898,-34.21918439669419,156827.0,25764.0,156827.0,CVL -> MED,0.0004905934855246509
2018-11-05,CVL,MED,808,380,7.089108910891089,2013.7747524752476,2059.0061881188117,2034.3960396039604,0.870049504950495,0.6757425742574258,3787.966584158416,0.8841584158415847,-2.067817418023727,55.754950495049506,37.00515330513175,-66.71859681276007,36.510114359223294,-68.19337005131763,36.674482380027726,-66.70274799167824,89574.0,17211.0,89529.0,CVL -> MED,0.0004924850319292431
2018-11-12,CVL,MED,1402,280,12.08345221112696,3527.7817403708987,3570.2945791726106,3561.3723252496434,0.6840228245363766,0.41512125534950073,5531.606276747503,-1.3445791726105543,-4.186734684466815,43.38801711840228,30.439235358161678,-63.343877320665236,29.69294124326469,-64.15944638400649,30.483068041996862,-63.475716222486305,354106.0,88308.0,354089.0,CVL -> MED,0.0008788596639145363
2018-11-19,CVL,MED,1308,304,9.607033639143731,2237.999235474006,2196.4510703363912,2196.321865443425,0.922782874617737,0.5053516819571865,3949.40749235474,0.7970948012232415,-4.5912888678571875,60.61162079510704,32.11784367932148,-55.77617511147021,32.021430652665565,-55.90473381987082,32.06181775686589,-55.851383949111536,1066903.0,164795.0,1066893.0,CVL -> MED,0.0009878892929567572
2018-11-26,CVL,MED,535,314,7.121495327102804,2062.069158878505,2116.8112149532712,2096.1046728971965,0.788785046728972,0.5663551401869159,4329.768224299065,-0.2749532710280374,-1.4315950881288781,48.63551401869159,35.19624473221757,-9.3919978699187,35.15540608158995,-10.173099398373981,34.50588338347459,-8.951993465447153,14360.0,3767.0,14356.0,CVL -> MED,0.00032434503521720206
2018-12-03,CVL,MED,417,280,7.172661870503597,1920.6450839328538,1934.369304556355,1946.6235011990407,0.8369304556354916,0.7194244604316546,3640.6163069544364,1.4436450839328534,-1.7561380991505533,59.35251798561151,27.608271546511627,-16.998963200581397,28.791069075581394,-22.722153299418608,28.112907011627904,-20.498501552325582,6127.0,927.0,6115.0,CVL -> MED,0.0002901349927848924
2018-12-10,CVL,MED,448,253,5.28125,1386.763392857143,1393.075892857143,1395.9375,0.8928571428571429,0.7522321428571429,3096.854910714286,-0.20089285714285637,-2.6324184873466847,72.14285714285714,36.74796422399998,-24.28027151466667,37.264907925333326,-23.779736432,36.55970232533332,-23.130685498666665,79288.0,8100.0,79278.0,CVL -> MED,0.000341094502211404
2018-12-17,CVL,MED,653,205,8.32312404287902,2278.7886676875955,2310.8085758039815,2287.16539050536,0.9372128637059725,0.5114854517611026,4131.411944869831,1.4456355283307818,-1.1976821065053977,70.56661562021439,40.4674756406844,-37.353899956273764,40.36544020342205,-37.6360911730038,40.20533088783269,-38.147053315589346,168329.0,22134.0,168309.0,CVL -> MED,0.0005088661946861278
2018-12-24,CVL,MED,1275,189,13.607058823529412,4586.8,4654.610196078432,4613.902745098039,0.4682352941176471,0.12470588235294118,6395.450196078431,0.04384313725490198,-0.7162767489280697,28.643137254901962,32.39985229463566,-50.64467012009607,32.42149298718969,-29.707621425140065,32.30072092954359,-50.816175516413125,243208.0,112181.0,243203.0,CVL -> MED,0.0014684981237776912
2018-12-31,CVL,MED,223,185,7.479820627802691,2059.614349775785,2068.3004484304934,2076.152466367713,0.8385650224215246,0.547085201793722,4366.040358744394,0.6484304932735427,-1.9406616351847674,62.01793721973094,30.72969721164021,9.200641407407407,30.368142317460322,10.642148476190476,30.76182604761904,8.338880031746035,2578.0,321.0,2578.0,CVL -> MED,0.00022864361023134018
2019-01-07,CVL,MED,872,302,7.139908256880734,2174.294724770642,2143.3704128440368,2211.1502293577983,0.7614678899082569,0.49770642201834864,7028.511467889908,-0.4378440366972477,-4.035127011038578,52.20183486238532,24.05560330310557,-35.871117744099344,28.020914146583834,-36.81402052670804,23.79484920993787,-34.15404954534158,224893.0,43518.0,224883.0,CVL -> MED,0.0007078100179468801
2019-01-14,CVL,MED,660,270,6.753030303030303,1705.0227272727273,1716.0575757575757,1705.319696969697,0.9166666666666666,0.7348484848484849,3524.0045454545457,1.3356060606060605,-3.40816778516867,61.25757575757576,36.12027719561553,-28.984002080944318,36.179861460371015,-29.25682092580098,36.196558234401365,-29.356888478920705,232655.0,37451.0,232645.0,CVL -> MED,0.0004876798042187259
2019-01-21,CVL,MED,561,259,6.5828877005347595,1581.4349376114083,1592.6595365418896,1601.8181818181818,0.839572192513369,0.6631016042780749,3655.331550802139,-1.4183600713012476,-2.8036900571818575,48.50267379679144,37.433578349609384,-53.823794097656226,34.27571022851562,-50.427323486328085,35.33503828125,-50.23122745703122,30080.0,9379.0,30070.0,CVL -> MED,0.000454114593915512
2019-01-28,CVL,MED,538,261,10.072490706319703,2818.0631970260224,2820.3624535315985,2812.4219330855017,0.9014869888475836,0.4888475836431227,4623.301115241636,0.3769516728624538,-2.528491856747077,56.18959107806691,34.89615268682505,-19.754530315334776,34.89823528941684,-19.96687469330454,34.91647104535637,-19.13505760907128,45317.0,8885.0,45317.0,CVL -> MED,0.00043585233841260634
2019-02-04,CVL,MED,730,297,6.673972602739726,1559.8506849315067,1583.9671232876713,1589.3739726027397,0.8794520547945206,0.7246575342465753,3221.9821917808217,-0.8794520547945203,-2.7875678988364725,65.61643835616438,26.22391973343606,-18.774582144838202,26.343192730354396,-20.1878751494607,26.25636669029276,-20.031925596301992,122975.0,7931.0,122965.0,CVL -> MED,0.0005704363916538124
2019-02-11,CVL,MED,519,309,8.639691714836223,2164.238921001927,2215.067437379576,2199.0327552986514,0.8921001926782274,0.6011560693641619,4143.292870905588,1.3314065510597302,-1.546258974675919,70.30828516377649,33.60788536689037,-40.591759541387006,33.8061438903803,-40.851875964205796,33.82770811856822,-40.840308818791925,80559.0,8222.0,80529.0,CVL -> MED,0.00036482855869522126
2019-02-18,CVL,MED,603,263,7.366500829187396,1949.3200663349917,1970.1127694859038,1949.4145936981758,0.7794361525704809,0.7131011608623549,3547.7064676616915,0.8330016583747927,-3.548248325573022,56.58374792703151,32.48756282872928,-1.6316171675874773,29.065738648250463,9.78205699447514,32.26447437569061,-2.9769388802946577,70532.0,12983.0,70456.0,CVL -> MED,0.0004711000067969653
2019-02-25,CVL,MED,1710,301,4.808187134502924,1311.111111111111,1347.4099415204678,1352.7456140350878,0.9497076023391813,0.9228070175438596,3819.7923976608186,0.9490058479532109,-1.5014827541094213,74.57894736842105,33.32456794759092,-75.27033045731159,33.45375887743031,-75.9780982510563,33.57666180219785,-76.17735387235808,4573886.0,322422.0,4573527.0,CVL -> MED,0.0011898342233896359
2019-03-04,CVL,MED,555,282,5.90990990990991,1804.7603603603604,1817.572972972973,1770.9333333333334,0.7189189189189189,0.7711711711711712,4119.554954954955,1.2897297297297299,-1.8328019751260618,49.351351351351354,36.665215425357864,-35.015110210633935,36.703181961145184,-36.425401218813896,35.27201733333332,-48.11306722494888,41215.0,14158.0,41195.0,CVL -> MED,0.00042130993228676404
2019-03-11,CVL,MED,594,237,10.51010101010101,2809.3872053872055,2859.6397306397307,2844.909090909091,0.7996632996632996,0.49326599326599324,5085.627946127946,0.40925925925925905,-1.4534216469333854,52.407407407407405,26.671813925650554,-16.128574401486983,32.233270877323406,-5.715515089219313,31.9648463048327,-5.46661010594794,90657.0,20599.0,90657.0,CVL -> MED,0.0004373222918044036
2019-03-18,CVL,MED,466,279,6.815450643776824,2144.6995708154504,2190.785407725322,2172.06652360515,0.8283261802575107,0.5836909871244635,4436.115879828326,0.24442060085836953,-1.7305518665095865,59.69957081545064,30.134023560000013,-42.15860586749998,27.08259898994976,-39.53193060301506,29.936364739348388,-42.3636905012531,15602.0,2846.0,15602.0,CVL -> MED,0.000345338669038091
2019-03-25,CVL,MED,691,329,7.150506512301013,1953.9406657018812,2002.9247467438495,1984.5282199710564,0.7568740955137482,0.6685962373371924,5817.513748191028,-0.5201157742402315,-2.897577177833231,54.3849493487699,32.29752892160002,-26.53885857120001,31.796045424000017,-30.688175056000006,33.79491400000001,-33.84924628960001,61247.0,11737.0,61221.0,CVL -> MED,0.00046100965785210863
2019-04-01,CVL,MED,480,284,7.0875,1877.5208333333333,1852.8708333333334,1874.39375,0.875,0.66875,3583.5270833333334,1.6827083333333335,-3.095983722202009,50.833333333333336,34.702934230392174,-0.9017362769607844,34.94103855882355,-14.83310732843137,34.16641534558825,-1.908292075980393,11583.0,4002.0,11580.0,CVL -> MED,0.0003771699056132311
2019-04-08,CVL,MED,528,303,6.518939393939394,1744.4261363636363,1776.096590909091,1779.5246212121212,0.8768939393939394,0.7234848484848485,3842.2272727272725,0.3799242424242424,-1.809197437594077,55.18939393939394,19.862342732365143,24.116830983402494,19.876381819502072,23.987145713692954,19.748630076763487,24.057011827800835,25977.0,4817.0,25972.0,CVL -> MED,0.00038453359279640403
2019-04-15,CVL,MED,1013,262,7.5636722606120435,1852.1006910167819,1794.5765054294175,1815.375123395854,0.9387956564659428,0.6850937808489634,4424.88450148075,-5.913129318854883,-4.068170300195607,33.445212240868706,44.457653844743234,-14.916413864303161,44.068379259168616,-15.127371965770173,44.02429987897303,-15.096350856968217,175508.0,82951.0,159610.0,CVL -> MED,0.000808480344270564
2019-04-22,CVL,MED,495,274,7.842424242424243,2003.0282828282827,2047.769696969697,2046.6242424242423,0.8383838383838383,0.6141414141414141,3889.179797979798,0.44282828282828285,-2.3978291688134226,57.7979797979798,30.3233007409201,-27.98338470217918,30.221685663438265,-27.810903062953994,30.114812864406783,-26.91705648668281,13493.0,2463.0,13455.0,CVL -> MED,0.0003970612653500276
2019-04-29,CVL,MED,362,251,8.116022099447514,2431.4116022099447,2443.027624309392,2453.3674033149173,0.8729281767955801,0.5331491712707183,4164.082872928177,0.3430939226519338,-2.1380590418887735,57.348066298342545,27.92553234751773,-16.128925514184395,27.81415870212766,-14.332168872340425,27.896011656028367,-15.58562253546099,5867.0,1030.0,5842.0,CVL -> MED,0.00028074507571586115
2019-05-06,CVL,MED,454,235,6.955947136563877,1782.455947136564,1800.839207048458,1798.5616740088105,0.8832599118942731,0.7202643171806168,4278.98678414097,0.47004405286343603,-1.504860057737629,63.9647577092511,35.05858975515464,-41.32014317010307,32.7560498943299,-32.96672317525773,32.74695579123711,-32.73316161855669,30201.0,4087.0,30201.0,CVL -> MED,0.0003184932323695756
2019-05-13,CVL,MED,421,233,8.144893111638956,2270.372921615202,2303.9714964370546,2292.1757719714965,0.8646080760095012,0.5795724465558195,4481.5463182897865,0.40760095011876485,-1.1712670672555134,55.9144893111639,36.44972249322494,-17.209458409214108,35.92371013550136,-16.17069553658538,35.568976964769654,-17.224520197831993,17090.0,4057.0,17090.0,CVL -> MED,0.00031701902716574446
2019-05-20,CVL,MED,431,234,7.837587006960557,2080.445475638051,2135.245939675174,2103.8422273781903,0.8863109048723898,0.6728538283062645,3940.248259860789,0.8041763341067288,-0.9826893910600288,50.835266821345705,38.01051688095238,0.15817217724867577,38.63018117460318,-1.5815322407407442,38.765880208994716,-1.120115222222227,16066.0,4683.0,16066.0,CVL -> MED,0.00033049333990741586
2019-05-27,CVL,MED,472,255,11.80084745762712,2808.2033898305085,2846.705508474576,2848.2860169491523,0.7817796610169492,0.5805084745762712,4771.097457627118,0.1355932203389831,-2.6706220830278213,51.75847457627118,35.43826825495049,-1.8490429833729225,35.16446875452196,-1.4815680973871759,35.13891554780362,-2.832487178147273,25963.0,3518.0,25963.0,CVL -> MED,0.00037367462282217757
2019-06-03,CVL,MED,437,267,6.887871853546911,1876.425629290618,1899.558352402746,1903.762013729977,0.8604118993135011,0.5903890160183066,3786.9610983981693,-0.7990846681922193,-2.563987445746913,52.036613272311214,30.779581342857142,-37.68365350909092,31.10357614805195,-36.36388935324676,31.128120662337665,-38.45063674285716,6958.0,2094.0,6950.0,CVL -> MED,0.0003182959730096669
2019-06-10,CVL,MED,510,278,6.798039215686274,1880.556862745098,1849.4843137254902,1900.1705882352942,0.8588235294117647,0.5725490196078431,3519.156862745098,0.6341176470588235,-3.266920415421959,59.80392156862745,31.91646361643836,-33.469671563926944,31.602362360730595,-33.68301947031963,31.36552971232876,-33.51770297031963,43174.0,7103.0,43104.0,CVL -> MED,0.0004180859043567011
2019-06-17,CVL,MED,872,253,9.472477064220184,3065.478211009174,3055.766055045872,3097.5424311926604,0.6834862385321101,0.4873853211009174,5147.285550458716,1.4768348623853227,-1.3473931665041952,48.70412844036697,35.02038542962056,-46.146628598531215,35.215084866585066,-45.94457453488369,35.17892362178703,-46.402238023255784,180032.0,33289.0,180002.0,CVL -> MED,0.0006527669232819205
2019-06-24,CVL,MED,811,285,6.181257706535142,1525.3057953144266,1545.0332922318125,1578.5869297163995,0.8286066584463625,0.6658446362515413,3527.8532675709002,-0.31307028360049327,-3.525103762713877,49.17385943279901,32.61728424026847,-39.80305558791947,32.349295237583895,-40.16379433422819,32.71134313557047,-39.70072538657719,106648.0,14399.0,106630.0,CVL -> MED,0.0005391602529200082
2019-07-01,CVL,MED,504,216,7.438492063492063,2523.251984126984,2524.402777777778,2562.3948412698414,0.8234126984126984,0.5337301587301587,4487.8650793650795,0.7609126984126983,-2.892180854078032,45.257936507936506,28.48587581876334,-38.262401607675834,28.542369848614097,-38.29159828144983,28.61393004690833,-38.5168152963752,49298.0,15471.0,49200.0,CVL -> MED,0.0004665318907871059
2019-07-08,CVL,MED,703,249,5.980085348506401,1516.2162162162163,1562.9018492176388,1554.5078236130869,0.9160739687055477,0.8392603129445235,3944.8805120910383,1.2041251778093887,-4.075611058979421,53.57041251778094,28.208558932618665,-9.036653309341492,28.191086405819274,-11.133700935681459,28.11827060183765,-10.780422834609482,115676.0,21073.0,88438.0,CVL -> MED,0.0005813535200004631
2019-07-15,CVL,MED,1049,273,5.749285033365109,1297.9265967588178,1323.1086749285034,1312.9199237368923,0.7340324118207817,0.5548141086749285,2411.490943755958,-2.624690181124881,-3.2536297651975383,67.1020019065777,33.84071399385255,-25.406634632172008,33.756238960041074,-25.4361568309425,33.726897600409934,-23.62582558401627,1142040.0,2820.0,1142024.0,CVL -> MED,0.0008888527359971801
2019-07-22,CVL,MED,774,269,5.3604651162790695,1637.6705426356589,1652.0193798449613,1651.1511627906978,0.8785529715762274,0.7545219638242894,3402.785529715762,0.6941860465116279,-2.65815334131186,68.86304909560724,30.98397963664121,-12.857928509923662,30.939965934351132,-12.366278880916026,30.893292629007625,-12.630117461068698,278838.0,29028.0,278828.0,CVL -> MED,0.0006318026947119584
2019-07-29,CVL,MED,1457,298,10.612903225806452,2073.451612903226,2091.2978723404253,2089.8991077556625,0.6403568977350721,0.6856554564172959,5154.120796156486,0.7052161976664386,-3.0005521398601016,37.35758407687028,35.41956681258911,-81.86124757296083,35.347667733905276,-81.56590045922692,35.18765851215994,-81.60845221673767,353251.0,105563.0,353251.0,CVL -> MED,0.00114771402464001
2019-08-05,CVL,MED,969,297,8.087719298245615,2338.1372549019607,2365.251805985552,2341.93395252838,0.6852425180598555,0.4695562435500516,3911.4303405572755,-1.873890608875129,-3.4916147158179025,57.22394220846233,32.67011376026638,-34.986403402885585,33.37669556492787,-34.351816327413886,33.11921362153164,-35.09994783129846,211933.0,31108.0,211022.0,CVL -> MED,0.0007433444208510795
2019-08-12,CVL,MED,875,269,4.123428571428572,1468.2045714285714,1568.2914285714285,1525.3508571428572,0.5634285714285714,0.8697142857142857,4277.944,0.17611428571428567,-1.2679262346978981,43.85142857142857,24.384810769620245,-16.194204427848085,28.561752794936698,-3.3289517531645583,24.77286084556961,-17.509257449367073,271893.0,80406.0,271878.0,CVL -> MED,0.0007762900610030909
2019-08-19,CVL,MED,311,242,7.173633440514469,1981.9646302250803,2027.5273311897106,2018.6077170418007,0.842443729903537,0.6784565916398714,3794.234726688103,0.6967845659163987,-2.166099746488555,62.60450160771704,26.157462426160347,-14.977344236286918,26.058134670886076,-15.960695253164555,26.07290394514768,-14.983111789029536,4186.0,535.0,4174.0,CVL -> MED,0.00025171017232839194
2019-08-26,CVL,MED,623,254,7.664526484751204,2069.5120385232744,2113.024077046549,2074.096308186196,0.9036918138041734,0.7945425361155698,4439.067415730337,1.7073836276083465,-2.045568969730621,76.67736757624398,35.00738237137984,-55.15005204599654,35.1833438364565,-55.41522417546844,35.20835010562174,-55.22564914991476,764303.0,75115.0,764283.0,CVL -> MED,0.0005420341855653599
2019-09-02,CVL,MED,347,226,7.881844380403458,2266.2766570605186,2289.4380403458213,2282.048991354467,0.8847262247838616,0.6397694524495677,4797.974063400577,0.880115273775216,-1.2403342102955668,59.654178674351584,30.064678487272733,-37.82099600727272,29.331551538181824,-36.59210278545454,29.389973923636365,-36.86939878545454,11479.0,1833.0,11471.0,CVL -> MED,0.0003071443365947872
2019-09-09,CVL,MED,652,274,10.863496932515337,2698.6303680981596,2707.340490797546,2719.1058282208587,0.6825153374233128,0.4708588957055215,5902.852760736197,0.8280674846625777,-2.263822368677569,54.38650306748466,33.40020775800713,-38.04762872419925,34.03823676156584,-35.92782321174377,33.640956334519586,-37.787160156583596,61214.0,12406.0,61167.0,CVL -> MED,0.000559551466290886
2019-09-16,CVL,MED,360,249,6.6305555555555555,1875.4833333333333,1905.0555555555557,1893.4972222222223,0.8777777777777778,0.6583333333333333,4792.2861111111115,1.0994444444444442,-0.9976874633728811,60.69444444444444,34.96158776602564,-41.90548614423077,34.35159016398714,-40.46987869453377,34.81414930448719,-41.49436668910257,7012.0,1176.0,7012.0,CVL -> MED,0.00027534661166873047
2019-09-23,CVL,MED,548,281,6.275547445255475,1838.390510948905,1871.801094890511,1860.4817518248176,0.9032846715328468,0.6478102189781022,3842.049270072993,1.16094890510949,-0.38372219746123265,69.63503649635037,32.36988387168142,-42.879016039823014,32.27040544247789,-42.60985795575222,32.2234421681416,-43.14900211061948,39992.0,4804.0,39983.0,CVL -> MED,0.0003861705831034867
2019-09-30,CVL,MED,443,260,8.372460496613995,2302.7765237020317,2340.3566591422123,2343.103837471783,0.8532731376975169,0.6388261851015802,4579.340857787811,0.7785553047404064,-1.1370096794194795,54.627539503386004,36.77194602064897,-34.28186775516224,36.8106648259587,-34.35733737168142,36.65706961946902,-33.87671285545722,13133.0,2379.0,12823.0,CVL -> MED,0.000357913276724326
2019-10-07,CVL,MED,482,251,8.562240663900415,2155.51867219917,2190.4647302904564,2201.329875518672,0.8630705394190872,0.48132780082987553,3862.026970954357,0.0396265560165975,-2.349028826004943,53.58921161825726,35.951740520202016,11.631999462121208,36.203932252525256,9.633876606060602,36.245834133838386,8.787999181818176,25147.0,5846.0,25077.0,CVL -> MED,0.0003657233735173787
2019-10-14,CVL,MED,993,291,6.992950654582074,2397.147029204431,2423.8741188318227,2409.070493454179,0.7482376636455186,0.5589123867069486,4716.080563947633,1.7646525679758303,-1.918164183686731,46.54582074521652,38.967381547722304,-36.74115469956615,38.66515777765723,-44.7219468904555,38.825830191973935,-37.769614027114955,104096.0,31117.0,104094.0,CVL -> MED,0.0007209815804816563
2019-10-21,CVL,MED,799,260,13.108886107634543,3249.7722152690862,3257.2628285356695,3253.0413016270336,0.9023779724655819,0.27409261576971217,5785.728410513141,1.47171464330413,-2.9627171900273743,54.217772215269086,27.44151382573722,25.4798392064342,27.080330119302904,19.486564792225103,26.39307129222516,22.368830073726436,489558.0,97093.0,489543.0,CVL -> MED,0.0006552123412811656
2019-10-28,CVL,MED,914,309,5.787746170678337,1540.1827133479212,1535.2100656455143,1538.7275711159737,0.824945295404814,0.8172866520787746,3683.112691466083,0.6424507658643327,-2.287404016489174,64.79212253829321,25.91661046089386,2.2577169902234546,26.972911787709496,-0.06247332681565931,26.620801972067046,-0.16933868994414672,149489.0,21348.0,145867.0,CVL -> MED,0.0008383352166830543
2019-11-04,CVL,MED,807,289,9.736059479553903,2627.017348203222,2695.090458488228,2666.732342007435,0.7930607187112764,0.42998760842627015,4290.807930607187,0.8682775712515497,-2.416706953100659,52.20570012391574,36.223573419999994,-52.388918152000045,36.843835997333336,-64.69951170266671,36.11541295600001,-64.74939432933338,110267.0,21851.0,110229.0,CVL -> MED,0.0007288116306415168
2019-11-11,CVL,MED,647,243,6.1360123647604325,1755.1916537867078,1764.5703245749614,1775.485316846986,0.8191653786707882,0.6692426584234931,4285.772797527048,0.5106646058732611,-2.24810551990398,70.47913446676971,34.41902885623678,-23.454430230443965,34.51188851797039,-21.731171837209295,34.36594494503171,-23.82968147780126,123846.0,13497.0,123841.0,CVL -> MED,0.0005516048974330337
2019-11-18,CVL,MED,575,263,5.076521739130435,1347.9791304347825,1379.806956521739,1372.8921739130435,0.8139130434782609,0.8243478260869566,4468.726956521739,1.3116521739130433,-1.8978713642783454,62.81739130434783,35.262562123752495,-16.75354242914171,35.05579957085829,-17.35010878842315,35.08883983832335,-16.45601077445109,45793.0,6588.0,45710.0,CVL -> MED,0.00044938832387533736
2019-11-25,CVL,MED,352,221,7.548295454545454,2058.2301136363635,2064.9232954545455,2083.8835227272725,0.9176136363636364,0.6960227272727273,3892.650568181818,-0.212784090909091,-2.3022995005846316,60.36931818181818,35.79266512333333,-20.5851514,35.45699980333333,-19.610415273333334,35.63197034333332,-18.930495733333338,10419.0,2094.0,10419.0,CVL -> MED,0.0003788290523139244
2019-12-02,CVL,MED,422,234,6.184834123222749,1522.303317535545,1552.2748815165876,1555.5331753554503,0.8649289099526066,0.6895734597156398,3714.571090047393,0.5694312796208529,-2.6973223560902047,61.96682464454976,36.92880423876406,-29.303424772471914,37.37803741853934,-29.23721069101124,37.61643545224721,-28.739294014044948,33803.0,3805.0,33791.0,CVL -> MED,0.0003541962179901463
2019-12-09,CVL,MED,534,276,7.01310861423221,1938.192883895131,1963.5786516853932,1934.3595505617977,0.898876404494382,0.6479400749063671,4041.432584269663,0.7327715355805242,-1.3470968330343498,51.49812734082397,32.02880674747474,-9.060803177777776,31.958361042424237,-9.934864575757572,32.16089076363636,-8.507949008080804,16890.0,4386.0,16887.0,CVL -> MED,0.0004920887971469908
2019-12-16,CVL,MED,302,212,14.831125827814569,4825.834437086092,4854.970198675496,4845.503311258278,0.8774834437086093,0.5033112582781457,8205.092715231787,0.7470198675496689,-1.4532213147552149,49.83443708609271,29.822818146853137,-19.25656337412587,29.61286946503496,-18.203299982517482,30.059828286713294,-18.934477010489513,7533.0,1688.0,7532.0,CVL -> MED,0.0002765871707513646
2019-12-23,CVL,MED,267,157,8.887640449438202,2536.123595505618,2563.449438202247,2555.7790262172284,0.8689138576779026,0.6104868913857678,4106.711610486891,0.5078651685393258,-1.9543452391464,61.57303370786517,24.73578785909091,-12.785396072727277,23.62524267727273,-10.755483572727275,23.445107404545453,-11.315692890909098,6901.0,974.0,6901.0,CVL -> MED,0.0003778572803333069
2019-12-30,CVL,MED,369,209,8.940379403794038,2620.758807588076,2661.127371273713,2650.9051490514903,0.8238482384823849,0.5582655826558266,4918.081300813008,0.656639566395664,-2.3520679290323754,56.829268292682926,20.69618500304878,-25.742740228658537,20.96881281707317,-24.756369874999997,20.917730161585364,-25.211553411585367,16059.0,2217.0,16013.0,CVL -> MED,0.00037117508600398335
2020-01-06,CVL,MED,392,242,7.219387755102041,2073.6198979591836,2101.795918367347,2104.938775510204,0.8341836734693877,0.576530612244898,4403.224489795918,0.3974489795918366,-1.8076547578805073,59.69387755102041,28.374464667692312,-21.088798181538458,33.92554374461538,-41.944700335384624,33.89349359076923,-40.955687720000014,7676.0,1494.0,7652.0,CVL -> MED,0.0002559964891910054
2020-01-13,CVL,MED,408,246,6.4068627450980395,1800.8235294117646,1805.549019607843,1813.2573529411766,0.8774509803921569,0.678921568627451,3193.779411764706,1.1794117647058824,-1.5057419292478522,64.24019607843137,31.57394303278689,-13.529854049180331,31.7787943989071,-13.92681151639344,31.217594724043717,-13.261704882513659,15502.0,2284.0,15491.0,CVL -> MED,0.00033936933864568345
2020-01-20,CVL,MED,610,278,6.783606557377049,2113.326229508197,2088.839344262295,2119.4704918032785,0.8770491803278688,0.6360655737704918,4037.490163934426,0.7337704918032787,-1.4257707691622263,67.37704918032787,34.27592918691589,-30.38290109532711,33.88667721910112,-31.307366142056082,34.06567119626168,-29.766726515887857,69298.0,8120.0,69264.0,CVL -> MED,0.0004942917407091384
2020-01-27,CVL,MED,379,247,8.110817941952506,2320.9261213720315,2348.485488126649,2346.509234828496,0.8601583113456465,0.554089709762533,4164.823218997361,0.2401055408970975,-1.9958484166298103,56.83377308707124,35.454032092261905,-8.063102425595236,34.211924345238096,-9.309041214285712,33.026772270833334,-7.680613437499998,10673.0,1326.0,10658.0,CVL -> MED,0.00026414628825678085
2020-02-03,CVL,MED,427,239,6.597189695550352,1810.847775175644,1821.9578454332552,1819.7259953161592,0.9227166276346604,0.6978922716627635,3736.990632318501,0.5035128805620608,-3.243793495675142,55.175644028103044,30.382274759562844,-49.860565330601105,29.967174669398908,-46.8516276284153,30.256319478142075,-49.99106706284154,30655.0,7104.0,30655.0,CVL -> MED,0.00033522219657680825
2020-02-10,CVL,MED,450,264,8.69111111111111,2380.531111111111,2415.748888888889,2402.4933333333333,0.8044444444444444,0.52,4513.302222222223,1.0024444444444447,-2.41740980707708,52.422222222222224,33.771285491094154,-20.797959157760815,33.17397022391859,-17.892485061068697,33.2209783740458,-17.826067249363867,11883.0,2610.0,11870.0,CVL -> MED,0.00039214626881539584
2020-02-17,CVL,MED,582,314,5.927835051546392,1684.8178694158075,1692.5635738831616,1692.5085910652922,0.8213058419243986,0.788659793814433,4465.410652920962,0.8288659793814432,-1.7748106777288697,52.508591065292094,39.991339673346715,-26.280387391999994,40.14318089600001,-25.94519671799999,39.866537705410835,-23.956784535999997,53173.0,10439.0,53158.0,CVL -> MED,0.0005315631610289309
2020-02-24,CVL,MED,669,249,6.331838565022421,1600.8998505231689,1644.4947683109117,1633.0463378176382,0.6666666666666666,0.6890881913303438,3345.627802690583,0.8668161434977579,-0.8888629622635853,47.50373692077728,40.250176723642156,1.5772617667731657,40.38468315175719,2.0990150415335536,40.15934379073481,2.6072154041533593,44724.0,13351.0,44721.0,CVL -> MED,0.0005831315471552072
2020-03-02,CVL,MED,722,408,8.57202216066482,2600.3379501385043,2631.018005540166,2618.314404432133,0.7867036011080333,0.4792243767313019,4464.191135734072,0.505124653739612,-3.001993787760486,55.16620498614959,31.304803811094438,-35.397613116941535,31.33140704947526,-33.820353286356834,31.304402956521734,-35.99348250224889,30563.0,4393.0,30543.0,CVL -> MED,0.0005966774487328455
2020-03-09,CVL,MED,414,283,7.256038647342995,2103.727053140097,2148.352657004831,2133.2487922705313,0.8140096618357487,0.5869565217391305,4074.881642512077,1.8200483091787436,-1.5516074973360767,62.028985507246375,34.36545328254848,-28.912282091412745,34.030487354570646,-29.86956123268698,34.299555775623276,-31.24209898891967,6947.0,968.0,6926.0,CVL -> MED,0.00038577694451614347
2020-03-16,CVL,MED,872,381,7.145642201834862,2107.467889908257,2137.737385321101,2121.6983944954127,0.9151376146788991,0.7155963302752294,3839.7534403669724,1.863761467889909,-1.8010198266344473,73.27981651376147,23.439082620886992,-12.565903965665235,23.760109945636625,-12.731475496423462,23.64930131473534,-12.392524805436334,135083.0,13514.0,134949.0,CVL -> MED,0.0008493652650516389
2020-03-23,CVL,MED,748,325,7.020053475935829,1778.7179144385027,1764.624331550802,1806.0173796791444,0.9117647058823529,0.6925133689839572,3181.751336898396,0.9600267379679145,-1.6344642472351776,76.57754010695187,33.98967128888891,-56.71030455396814,34.26684463492065,-56.74770198571417,33.96746986666669,-57.058546896825284,264607.0,1686.0,264607.0,CVL -> MED,0.000760631039034202
2020-03-30,CVL,MED,529,310,8.275992438563327,2208.249527410208,2231.8147448015125,2239.001890359168,0.8865784499054821,0.499054820415879,3625.8695652173915,1.1833648393194707,-1.8506818958458728,69.18714555765595,34.53705869955158,-25.31359009641256,34.31332834529149,-24.40153312331839,34.50360233632288,-24.3093687735426,53283.0,5422.0,53258.0,CVL -> MED,0.0005706007919378099
2020-04-06,CVL,MED,490,289,6.240816326530612,1850.1367346938775,1898.7673469387755,1887.1714285714286,0.8469387755102041,0.7387755102040816,3849.942857142857,0.9667346938775508,-1.6054719422255859,56.795918367346935,36.22118331447964,-31.487876429864254,37.23267843438916,-23.168498644796383,36.95626481447964,-23.936363561085976,15277.0,3069.0,15277.0,CVL -> MED,0.0005729050965169708
2020-04-13,CVL,MED,431,287,8.42691415313225,2400.879350348028,2419.568445475638,2422.2389791183296,0.8932714617169374,0.5916473317865429,4222.6937354988395,1.7106728538283058,-2.4946977863577833,62.36658932714617,27.649455445378152,-29.539467417366943,27.640760254901963,-29.066968291316527,27.486339364145653,-29.825353977591032,16956.0,2687.0,16866.0,CVL -> MED,0.0005108523530025317
2020-04-20,CVL,MED,595,324,7.361344537815126,2260.7764705882355,2312.6117647058823,2290.070588235294,0.8487394957983193,0.46554621848739497,4393.284033613445,1.044201680672269,-2.4611521631956506,59.260504201680675,31.17079874269006,-8.760328134502918,31.110029107212473,-7.497137730994149,31.081019756335277,-7.549874982456138,57148.0,9647.0,57148.0,CVL -> MED,0.0006894937377745228
2020-04-27,CVL,MED,560,326,8.089285714285714,2199.276785714286,2242.432142857143,2226.4839285714284,0.8232142857142857,0.65,4049.6214285714286,1.1496428571428572,-1.1366224218843666,62.57142857142857,31.167102608349904,-36.6055273419483,31.280798035785295,-37.32995807753479,31.281789288270378,-37.543281139165,27237.0,4162.0,27237.0,CVL -> MED,0.0006628411264511487
2020-05-04,CVL,MED,782,293,8.92455242966752,3212.52557544757,3242.8324808184143,3203.3260869565215,0.7199488491048593,0.45524296675191817,4879.94884910486,4.1248081841432365,-2.7916743528761696,45.60102301790281,36.28925434566132,-54.383568724039776,36.165092361308545,-53.31128479800847,36.39632276671398,-54.05408164011377,111595.0,40632.0,111512.0,CVL -> MED,0.0008835070030922745
2020-05-11,CVL,MED,412,281,5.609223300970874,1576.3300970873786,1610.5946601941748,1602.5922330097087,0.8713592233009708,0.7257281553398058,3379.747572815534,1.9349514563106798,-1.5630228284295689,65.26699029126213,31.188273145015106,-17.853448235649545,31.113519996978855,-15.938425767371596,31.0864826858006,-16.57581066465257,7491.0,985.0,7488.0,CVL -> MED,0.00047030084414435494
2020-05-18,CVL,MED,628,310,8.777070063694268,2511.702229299363,2563.56050955414,2557.7133757961783,0.7866242038216561,0.39331210191082805,4777.111464968153,0.8786624203821659,-2.434794695551062,51.32165605095541,36.22487127949183,-42.31724617059892,36.01912706896552,-43.352563103448276,35.95139826678765,-41.56108101633394,40435.0,11752.0,40425.0,CVL -> MED,0.0007135390628550652
2020-05-25,CVL,MED,756,261,6.332010582010582,1501.9537037037037,1533.9219576719577,1503.5873015873017,0.8915343915343915,0.8293650793650794,3329.1084656084654,2.0185185185185155,-0.568810162116249,51.58730158730159,25.31664970149255,-19.003935292537275,25.654121241791056,-19.202677135820853,25.55995338208956,-19.086215205970106,123394.0,40347.0,123379.0,CVL -> MED,0.0008077820612546694
2020-06-01,CVL,MED,522,312,7.810344827586207,2179.942528735632,2178.8659003831417,2175.4750957854408,0.8544061302681992,0.6743295019157088,5126.409961685824,0.8214559386973181,-2.7283370719575357,56.934865900383144,33.400714488532095,-46.729860422018355,33.834715318807326,-46.443660472477056,33.27907026834861,-46.32884512385321,28563.0,7163.0,28563.0,CVL -> MED,0.0004119126397997568
2020-06-08,CVL,MED,378,277,7.169312169312169,1959.8439153439153,1996.6031746031747,1975.010582010582,0.7619047619047619,0.5846560846560847,3765.095238095238,0.8796296296296297,-2.127253480692939,57.195767195767196,30.093108946372237,-28.56790993690852,30.28358565615142,-29.497470000000007,29.798845066246052,-28.874537192429024,6221.0,1007.0,6221.0,CVL -> MED,0.0003501494619462567
2020-06-15,CVL,MED,582,284,5.130584192439863,1357.372852233677,1402.9432989690722,1393.609965635739,0.8934707903780069,0.7766323024054983,3963.591065292096,0.7802405498281786,-1.5882226981953382,66.21993127147766,39.2824141555118,-22.298812438976377,39.064678049212596,-21.454737523622047,39.18193954330708,-22.50124853346457,95121.0,8811.0,95086.0,CVL -> MED,0.0005474468003051405
2020-06-22,CVL,MED,519,256,6.277456647398844,1664.418111753372,1740.0520231213873,1718.3815028901734,0.6647398843930635,0.6936416184971098,3475.4527938342967,2.438535645472061,0.27169015691537934,51.811175337186896,35.062505900647956,-20.37205988984881,34.863698298056164,-19.766749492440603,34.80859483801297,-20.49673605831533,18398.0,5502.0,18398.0,CVL -> MED,0.000555133649228268
2020-06-29,CVL,MED,539,246,8.996289424860853,2323.031539888683,2348.278293135436,2351.582560296846,0.7625231910946196,0.3970315398886827,4718.74211502783,-1.97365491651206,-2.3982242517372043,60.51948051948052,27.569666280172445,-47.344067342672304,27.50758392672413,-46.87830752801711,27.342556124999998,-46.997805372844695,67097.0,12702.0,66917.0,CVL -> MED,0.0005749437589801629
2020-07-06,CVL,MED,745,261,5.781208053691275,1779.7060402684563,1748.1087248322149,1771.0255033557046,0.8778523489932886,0.7154362416107383,3386.5006711409396,2.8787919463087244,-0.002188351339776439,60.69798657718121,30.849282480392183,-39.04534892810455,30.156650802287597,-35.48096038235292,30.096850004901984,-35.08985350326796,203164.0,34974.0,203154.0,CVL -> MED,0.0007874964589085405
2020-07-13,CVL,MED,351,220,8.321937321937321,2335.994301994302,2354.1794871794873,2351.843304843305,0.8717948717948718,0.5811965811965812,4605.327635327635,1.6555555555555557,-2.2851099106507795,63.333333333333336,33.51949674226804,-16.234599900343646,33.715146639175266,-19.491343302405497,33.46648443986255,-16.6451526838488,11757.0,1504.0,11712.0,CVL -> MED,0.0003838242675353561
2020-07-20,CVL,MED,615,268,8.269918699186992,2419.071544715447,2466.570731707317,2451.7268292682925,0.7869918699186992,0.47317073170731705,3904.209756097561,0.8104065040650403,-3.206830322003544,48.53658536585366,23.60977986809269,20.413390959001767,23.42387261319074,22.25162735650622,23.898395206773618,20.43815843315506,42663.0,11165.0,42655.0,CVL -> MED,0.0006327499002004223
2020-07-27,CVL,MED,375,206,6.573333333333333,1976.968,1880.312,2007.808,0.8533333333333334,0.7013333333333334,4173.154666666666,0.7341333333333332,-1.6202163880245712,52.10666666666667,32.345648147540984,-38.313731723127034,31.99394351307189,-38.663267866449516,32.2544567704918,-38.07246526384365,12811.0,3783.0,12811.0,CVL -> MED,0.00041769465963454504
2020-08-03,CVL,MED,511,288,7.201565557729941,1976.4090019569471,2020.2720156555772,1999.2915851272016,0.8806262230919765,0.5753424657534246,3880.9001956947163,0.7956947162426612,-1.705991827998713,55.51859099804305,32.299032643020595,-35.92538421052631,31.779528729977123,-33.82062171624714,31.999700469107548,-35.084962677345544,21138.0,4704.0,21118.0,CVL -> MED,0.0005816117360370501
2020-08-10,CVL,MED,409,284,6.767726161369193,1825.9266503667482,1822.1491442542788,1834.9828850855745,0.8533007334963325,0.6430317848410758,4078.012224938875,0.42004889975550125,-1.528926869664673,62.396088019559905,31.918138335227273,-15.574836278409096,31.700766133522734,-14.13465970454546,31.938917752840915,-15.434053170454542,12234.0,1398.0,12234.0,CVL -> MED,0.0004354918395856758
2020-08-17,CVL,MED,544,290,6.575367647058823,1725.8529411764705,1777.9577205882354,1767.610294117647,0.8621323529411765,0.7389705882352942,3619.904411764706,1.1604779411764707,-2.051780262367165,61.13970588235294,33.83943941970021,-34.45576289293362,33.73161099357601,-34.55075169379015,33.60647330620986,-34.25230258672377,59299.0,8488.0,59285.0,CVL -> MED,0.0005774364581066665
2020-08-24,CVL,MED,544,288,6.963235294117647,1836.047794117647,1867.5753676470588,1851.3345588235295,0.8272058823529411,0.6323529411764706,3902.979779411765,0.5420955882352942,-3.3449678626451,49.4485294117647,29.85339332924336,-37.595059773006156,30.004331247443762,-38.84001147239265,29.979985374233138,-38.87738973415133,17421.0,5065.0,17364.0,CVL -> MED,0.0005595061535391849
2020-08-31,CVL,MED,470,273,9.14468085106383,2482.2617021276596,2519.6063829787236,2512.0659574468086,0.8723404255319149,0.46808510638297873,4609.887234042553,0.6246808510638298,-2.405031107064326,61.659574468085104,32.079739301234554,-45.30600016296297,32.50680162222222,-46.23316714320988,32.375303745679005,-47.10345975061729,33118.0,5069.0,33096.0,CVL -> MED,0.0004955855976498698
2020-09-07,CVL,MED,531,289,7.832391713747646,2173.2824858757062,2207.5291902071563,2206.0527306967983,0.8267419962335216,0.5988700564971752,3928.171374764595,0.3979284369114877,-2.3568464970238447,56.666666666666664,34.642807530271405,-48.843487929018764,34.83276239457202,-49.25006590396657,34.94100732150313,-49.68616907724423,48566.0,6170.0,48482.0,CVL -> MED,0.0005904907634344989
2020-09-14,CVL,MED,452,257,8.059734513274336,2409.3075221238937,2459.396017699115,2440.973451327434,0.8694690265486725,0.6482300884955752,4644.738938053098,0.9544247787610619,-1.885831238515294,64.13716814159292,35.86016683045977,-32.83102554885057,35.72069498563218,-32.52508433333333,35.676047959770116,-33.01048790517241,24608.0,2671.0,24602.0,CVL -> MED,0.0004911826199594014
2020-09-21,CVL,MED,478,266,8.361924686192468,2217.939330543933,2249.4937238493726,2241.600418410042,0.8828451882845189,0.606694560669456,4086.7991631799164,0.9447698744769875,-1.6998000866092657,56.21338912133891,29.77430143206522,-47.44720699999999,29.766814774456524,-47.42428844021738,29.68740167663043,-47.450272135869575,22699.0,4255.0,22693.0,CVL -> MED,0.0005259648373800349
2020-09-28,CVL,MED,1360,340,7.155882352941177,1904.0485294117648,1914.402205882353,1913.683088235294,0.6441176470588236,0.6485294117647059,4546.629411764706,1.604558823529411,-4.441139237918546,52.286764705882355,40.87865178139908,-30.042528156597772,40.728046073926905,-33.20545065739269,40.67437972257555,-31.10193782511924,293627.0,55053.0,293529.0,CVL -> MED,0.0017289622793825062
2020-10-05,CVL,MED,615,273,7.770731707317073,2086.0227642276423,2096.3154471544717,2097.570731707317,0.6878048780487804,0.6813008130081301,4903.673170731708,1.7843902439024393,-2.5130525254447793,46.7479674796748,34.027490631086145,-35.78501604868913,34.82272059363296,-45.565889825842696,33.964131080524346,-35.972281029962545,20684.0,6407.0,20676.0,CVL -> MED,0.000869555381487378
2020-10-12,CVL,MED,324,203,7.598765432098766,2132.064814814815,2147.58024691358,2146.2253086419755,0.7469135802469136,0.6111111111111112,4096.216049382716,0.9518518518518517,-0.9346818324871919,54.166666666666664,36.076694071428584,-42.18859875714286,36.052103,-41.17130745357142,36.109888357142864,-42.48672125714286,5292.0,1269.0,5280.0,CVL -> MED,0.0006514631782556068
2020-10-19,CVL,MED,397,221,7.239294710327456,2242.3778337531485,2279.272040302267,2261.410579345088,0.8790931989924433,0.6397984886649875,5192.057934508816,1.5795969773299752,-1.2794376099369562,58.99244332493703,36.674781845029244,-35.20250430409357,36.92314316081871,-33.867474286549715,37.12553009064328,-35.56655313450293,18405.0,2606.0,18385.0,CVL -> MED,0.0008514635736591057
2020-10-26,CVL,MED,251,195,7.46215139442231,2429.199203187251,2455.669322709163,2445.6175298804783,0.8167330677290837,0.6812749003984063,4835.701195219123,0.6884462151394422,-0.8129355807626143,56.89243027888446,35.2602017960199,-10.187371089552238,34.279670467661695,-14.350485995024876,35.35407061691543,-14.060430955223879,2878.0,380.0,2878.0,CVL -> MED,0.00067160245415845
2020-11-02,CVL,MED,290,167,7.675862068965517,2327.5172413793102,2298.6655172413793,2313.9655172413795,0.7275862068965517,0.593103448275862,5115.586206896552,1.5517241379310343,-1.2813614231225876,50.0,31.304839159482757,-28.979117693965524,30.390094435344825,-36.02482548706898,32.13664524568965,-34.1147541336207,5200.0,905.0,5190.0,CVL -> MED,0.0008380485605793517
2020-11-09,CVL,MED,410,127,5.751219512195122,1745.9121951219513,1795.4341463414635,1792.509756097561,0.6146341463414634,0.8,5861.565853658537,-0.434390243902439,-0.39255662726019325,45.41463414634146,34.03695621409215,-58.65829868292687,34.149872506775054,-56.26463134959358,34.074256214092124,-57.41203255826566,65996.0,13628.0,65996.0,CVL -> MED,0.0015959890071391312
2020-11-16,CVL,MED,353,220,8.21813031161473,2285.14164305949,2337.4674220963175,2329.8555240793203,0.8243626062322946,0.5864022662889519,4467.220963172805,0.661756373937677,-1.7070950917202332,66.14730878186968,33.29258058391609,-30.254530122377627,32.83660441258741,-30.48205260489511,33.19761640559441,-30.8541490034965,9519.0,1209.0,9519.0,CVL -> MED,0.0005324010533396477
2020-11-23,CVL,MED,365,231,8.336986301369864,2301.5260273972603,2348.427397260274,2333.564383561644,0.8821917808219178,0.7068493150684931,4281.465753424657,1.517808219178082,-1.3813417074485335,60.76712328767123,36.02987656351792,-19.430385618892508,34.40461133550489,-17.029743925081434,34.13072949511401,-18.70335271986971,8586.0,829.0,8518.0,CVL -> MED,0.0005061374364208179
2020-11-30,CVL,MED,417,213,5.96642685851319,1538.6570743405275,1570.1774580335732,1562.5779376498801,0.8729016786570744,0.7050359712230215,4517.966426858513,0.9844124700239806,-2.1411789177178573,62.15827338129496,29.04503738690476,-30.101261273809513,29.02847798214285,-30.57001956547619,28.945478419642853,-29.973973258928567,22914.0,2937.0,22904.0,CVL -> MED,0.0005436405141248757
2020-12-07,CVL,MED,487,245,7.223819301848049,2177.5174537987677,2195.123203285421,2198.4086242299795,0.86652977412731,0.7741273100616016,4591.2484599589325,1.7831622176591386,-1.1170680266504522,63.408624229979466,21.944427407673867,-3.5014327841726853,21.786048645083934,-0.5664546642685989,21.990656976019192,-3.078406189448464,88548.0,11627.0,88533.0,CVL -> MED,0.0005955190553869407
2020-12-14,CVL,MED,387,250,8.222222222222221,2520.4883720930234,2566.0516795865633,2552.860465116279,0.7674418604651163,0.5167958656330749,4768.304909560724,0.7635658914728682,-1.7951108883286955,55.27131782945737,32.45487506508876,-15.658766905325445,34.273671662721895,-15.695829035502959,34.32576507988166,-16.39462578106509,5546.0,1031.0,5546.0,CVL -> MED,0.00047761090878125294
2020-12-21,CVL,MED,249,185,7.116465863453815,2219.991967871486,2215.8032128514055,2209.8072289156626,0.8072289156626506,0.5943775100401606,4594.208835341366,1.0915662650602407,-1.3517557665009927,54.377510040160644,33.39961098630137,-15.352808543378995,33.78759991324201,-19.000550232876712,33.67245207762558,-19.438395337899546,2642.0,456.0,2616.0,CVL -> MED,0.0003551875932545739
2020-12-28,CVL,MED,425,197,4.522352941176471,1174.2070588235295,1194.0141176470588,1198.2282352941177,0.8470588235294118,0.851764705882353,6841.0023529411765,-0.8957647058823529,-2.8430366361460084,62.21176470588235,36.463360022167485,14.471060635467985,36.64168998768473,15.125989773399017,36.57125665517241,14.975258502463056,38065.0,4609.0,38065.0,CVL -> MED,0.0006933862373436618
2021-01-04,CVL,MED,292,195,6.698630136986301,1766.5376712328766,1763.736301369863,1795.9691780821918,0.8184931506849316,0.636986301369863,4501.657534246576,-1.3167808219178083,-2.1695752446789194,57.465753424657535,34.78548012204725,-32.49821251574802,36.17762768110236,-27.39008653149606,35.092558547244096,-33.11994322440945,5666.0,1370.0,5661.0,CVL -> MED,0.0002739754304088333
2021-01-11,CVL,MED,506,250,5.8063241106719365,1581.088932806324,1627.397233201581,1605.108695652174,0.8774703557312253,0.7134387351778656,3339.203557312253,1.1666007905138336,-1.4939295134834127,62.88537549407115,32.89955423181816,-46.649029018181864,32.78878900681816,-45.68525730000003,33.01558059772726,-46.591267520454586,41028.0,5976.0,40988.0,CVL -> MED,0.0005486450851809445
2021-01-18,CVL,MED,354,206,8.954802259887005,2513.409604519774,2545.7937853107346,2526.9830508474574,0.8531073446327684,0.6779661016949152,4798.7316384180795,1.156497175141243,-1.4556168868094614,60.33898305084746,30.58826666666667,-27.963460099656356,30.63014528522337,-28.833484206185567,30.594727835051554,-28.453804429553266,10126.0,1294.0,10106.0,CVL -> MED,0.00040019580201386667
2021-01-25,CVL,MED,652,268,11.98159509202454,3503.26226993865,3511.5874233128834,3531.0920245398775,0.7300613496932515,0.3895705521472393,8813.194785276073,0.37407975460122694,-1.7026625670142546,48.78834355828221,34.18826775043027,-41.079336567986225,34.22517231153183,-39.45840814457837,34.08494387779688,-39.73171030981072,29768.0,9557.0,29266.0,CVL -> MED,0.0008064625854547298
2021-02-01,CVL,MED,377,226,7.29973474801061,2039.1140583554377,2061.5172413793102,2059.628647214854,0.8594164456233422,0.6737400530503979,3605.153846153846,0.3514588859416444,-1.192942063729686,58.249336870026525,32.9992771962963,-33.32139322962962,33.24581164074074,-34.8614047111111,33.119461270370365,-33.864889155555545,10668.0,2071.0,10661.0,CVL -> MED,0.0004552837673826014
2021-02-08,CVL,MED,537,235,9.182495344506517,2658.828677839851,2706.6499068901303,2705.223463687151,0.7355679702048417,0.47113594040968343,4979.459962756052,0.6886405959031657,-1.6869574150132658,50.68901303538175,10.528997165071768,-34.43061803349281,11.998186100478474,-34.53138865550238,11.989611722488045,-34.683747507177024,24797.0,6293.0,24789.0,CVL -> MED,0.0006790772137348108
2021-02-15,CVL,MED,437,233,6.169336384439359,1625.1281464530894,1651.649885583524,1646.1029748283752,0.9267734553775744,0.7299771167048055,4186.411899313501,1.0549199084668193,-1.6332534626785162,72.19679633867277,32.894582948717954,-39.131437951566944,33.45476335897436,-40.68103590028489,32.870398575498584,-38.31107538746438,37245.0,3855.0,37230.0,CVL -> MED,0.0005762313153369833
2021-02-22,CVL,MED,629,273,10.248012718600954,2815.0413354531,2872.5802861685215,2851.0,0.7933227344992051,0.3751987281399046,5050.751987281399,-0.05977742448330676,-1.4365803050264792,48.75993640699523,40.59832189189187,-4.2084458864864835,40.3269869369369,-3.3549873891891946,40.49716243243241,-3.1987655873873932,48270.0,13292.0,48270.0,CVL -> MED,0.0008057997081698354
2021-03-01,CVL,MED,296,219,8.14864864864865,2279.3445945945946,2288.1047297297296,2301.2533783783783,0.8547297297297297,0.6182432432432432,4430.114864864865,1.1800675675675674,-1.6878102981005694,62.36486486486486,29.70819752991453,-11.317978170940169,29.180370179487188,-9.815891504273502,29.21413599145299,-10.345949452991452,4031.0,454.0,4005.0,CVL -> MED,0.00038962081733496726
2021-03-08,CVL,MED,421,243,10.149643705463182,2719.46080760095,2475.8812351543943,2757.0332541567695,0.8004750593824228,0.5439429928741093,5737.67458432304,1.5311163895486934,-1.7674896922426626,55.15439429928741,28.875414269754774,-0.5804574087193486,27.332670449591284,-3.951264166212532,27.738688411444144,-1.7017070381471373,13544.0,2079.0,13544.0,CVL -> MED,0.0005503807562832957
2021-03-15,CVL,MED,427,225,5.688524590163935,1608.0585480093678,1638.6370023419204,1635.791569086651,0.8969555035128806,0.7142857142857143,3755.878220140515,1.5105386416861826,-0.9850551941221602,56.93208430913349,29.956958398891974,-33.17791290858728,29.96274067036012,-32.97714301939061,29.98599524099723,-33.08634504155126,12985.0,2860.0,12970.0,CVL -> MED,0.00047702888091482297
2021-03-22,CVL,MED,736,282,7.709239130434782,1875.2948369565217,1945.0570652173913,1913.0095108695652,0.6739130434782609,0.6086956521739131,3413.7839673913045,2.117391304347826,-4.306867977590992,43.233695652173914,6.926383504643966,9.561396809597547,7.085760380804959,9.270060038699711,6.964333873065019,9.22758559287928,75922.0,27264.0,75910.0,CVL -> MED,0.0008627955748903042
2021-03-29,CVL,MED,405,244,6.476543209876543,1846.004938271605,1830.9037037037037,1860.6962962962964,0.8345679012345679,0.6395061728395062,3668.098765432099,1.6298765432098774,-1.1989491710871722,63.55555555555556,28.530738769230773,-31.299933434911235,28.75953203846154,-30.29474476627219,28.52735977514793,-31.023350979289926,23355.0,2591.0,23334.0,CVL -> MED,0.0005846686877436119
2021-04-05,CVL,MED,396,228,7.282828282828283,1904.5580808080808,1928.219696969697,1926.0025252525252,0.797979797979798,0.7171717171717171,4103.69191919192,1.6247474747474744,-2.065247111660654,58.207070707070706,34.639114903846156,4.390004423076929,34.958266044871785,3.6855282275641024,34.669224330128195,4.013835599358976,16815.0,2401.0,16805.0,CVL -> MED,0.0005303355979734751
2021-04-12,CVL,MED,311,204,7.051446945337621,2267.909967845659,2310.154340836013,2302.8681672025723,0.8231511254019293,0.5659163987138264,4048.7234726688102,1.0093247588424434,-0.9528335631212379,61.061093247588424,32.25741453278688,-30.647865090163933,32.86730782786885,-32.68014675,31.82210169262295,-29.788930250000003,5326.0,759.0,5326.0,CVL -> MED,0.0003636759098036969
2021-04-19,CVL,MED,351,193,5.92022792022792,1601.920227920228,1625.159544159544,1624.2820512820513,0.8632478632478633,0.717948717948718,3477.4729344729344,1.5903133903133904,-0.7689772894169713,68.14814814814815,35.70295080212014,-47.3795610565371,35.875262109540635,-47.30111078091872,35.55959497173145,-47.23235133568903,21255.0,2068.0,21235.0,CVL -> MED,0.00042274233312818485
2021-04-26,CVL,MED,370,242,6.3,1779.591891891892,1808.327027027027,1808.1567567567567,0.8648648648648649,0.6756756756756757,3953.654054054054,1.3121621621621617,-1.2986484573019053,63.5945945945946,30.12708852797203,-3.2927386223776205,29.75822663986014,-3.738377958041957,29.986816849650356,-3.775280055944055,8587.0,1006.0,8438.0,CVL -> MED,0.00047193997943872305
2021-05-03,CVL,MED,464,227,7.2155172413793105,2041.0625,2069.0086206896553,2063.614224137931,0.9008620689655172,0.6939655172413793,4569.109913793103,1.0676724137931037,-1.3148316035989671,74.84913793103448,31.400505142307694,-10.915870407692305,30.938154603846158,-11.110824153846156,31.417409373076925,-11.479354153846154,135786.0,13782.0,135766.0,CVL -> MED,0.0006436809672971226
2021-05-10,CVL,MED,368,225,10.146739130434783,2632.9184782608695,2566.625,2634.9239130434785,0.7690217391304348,0.46195652173913043,4652.345108695652,0.36521739130434794,-1.9130590364648763,56.46739130434783,29.140599040752345,-10.343417172413792,29.900169050156734,-7.861838573667713,32.459303012539166,-20.953945278996866,10112.0,2054.0,10080.0,CVL -> MED,0.0004128768202201935
2021-05-17,CVL,MED,402,216,7.124378109452737,1962.1467661691543,2005.5348258706467,1997.5323383084576,0.8880597014925373,0.664179104477612,4139.477611940299,0.16442786069651735,-1.9978559522249197,63.38308457711443,33.16926619883041,-35.353083105263174,33.58826609941521,-31.911466225146206,33.318596520467835,-31.390875921052643,36426.0,6139.0,36412.0,CVL -> MED,0.00042277828434048167
2021-05-24,CVL,MED,436,209,5.424311926605505,1407.6628440366972,1453.0206422018348,1430.6215596330276,0.7568807339449541,0.7729357798165137,3237.0963302752293,-0.26307339449541267,-2.1514582587871875,51.72018348623853,34.49536703580562,-17.01450891560101,33.9128942173913,-16.84932288746802,34.01928212020459,-17.707465547314566,16537.0,4342.0,16537.0,CVL -> MED,0.0005765914452872907
2021-05-31,CVL,MED,950,177,8.202105263157895,1803.2936842105264,1834.7578947368422,1824.3884210526317,0.5947368421052631,0.16526315789473683,3281.482105263158,-0.18378947368421045,-1.8573893709800655,52.705263157894734,35.41586707158571,-29.73355778083699,35.47882492400871,-29.22202590859016,35.45290187334792,-29.708415159691473,348972.0,9412.0,348972.0,CVL -> MED,0.0014128347860745054
2021-06-07,CVL,MED,423,207,8.35933806146572,2389.7021276595747,2439.6217494089833,2427.3286052009457,0.8628841607565012,0.5319148936170213,4397.437352245863,-0.24184397163120577,-1.9846487833184676,68.274231678487,20.06207919947506,-6.321587162729665,19.585273834645665,-29.564632307086615,18.88345956692913,-28.153335719160115,31560.0,3457.0,31547.0,CVL -> MED,0.000536051694138788
2021-06-14,CVL,MED,454,255,7.365638766519824,1996.8854625550662,2037.6762114537446,2019.819383259912,0.8898678414096917,0.5616740088105727,4612.922907488987,0.5610132158590306,-1.5443870530738615,62.180616740088105,29.259874825520836,2.561113174479168,29.743460033854166,3.5579509791666695,29.555058419270836,2.947437054687503,21918.0,2610.0,21878.0,CVL -> MED,0.0006531969964448243
2021-06-21,CVL,MED,285,195,7.052631578947368,1871.680701754386,1652.761403508772,1890.8947368421052,0.8947368421052632,0.6526315789473685,4201.140350877193,1.2803508771929821,-2.206564603031229,62.73684210526316,27.416739110204084,3.8797714816326545,28.45043196734694,2.9145197673469396,25.51690208979592,7.413966857142862,3907.0,502.0,3899.0,CVL -> MED,0.00040082415070988065
2021-06-28,CVL,MED,575,199,6.349565217391304,1886.1791304347826,1875.0973913043479,1878.0660869565218,0.9460869565217391,0.8591304347826086,5722.344347826087,0.30817391304347824,-1.5711913927486474,43.96521739130435,32.87898391601563,-70.30409346679683,33.05043079101562,-70.93044639648431,33.01447965820313,-70.8231132714843,110921.0,34765.0,110891.0,CVL -> MED,0.0008473677074798253
2021-07-05,CVL,MED,292,185,7.5479452054794525,2194.5582191780823,2214.719178082192,2205.609589041096,0.8732876712328768,0.5136986301369864,4264.928082191781,0.3815068493150684,-1.7057071788092888,57.80821917808219,29.984043251121076,-31.746709378854625,31.05128975555555,-31.824129193832608,30.983940491071426,-29.172282938326,5065.0,667.0,5035.0,CVL -> MED,0.0005775716277827777
2021-07-12,CVL,MED,567,219,9.81657848324515,2766.5326278659613,2693.9594356261023,2758.2733686067018,0.7566137566137566,0.24691358024691357,4548.744268077601,1.3118165784832454,-4.409963142269227,49.929453262786595,37.836179180769236,-45.84398003071014,37.95214168076924,-46.953234925143924,36.62291918076923,-31.575522641074826,106323.0,15930.0,105843.0,CVL -> MED,0.0008059781689370043
2021-07-19,CVL,MED,321,192,8.77570093457944,2342.6355140186915,2365.4454828660437,2348.92523364486,0.6884735202492211,0.3862928348909657,4250.660436137072,-1.6722741433021808,-3.069456576743011,48.97196261682243,34.012625045454556,-3.1247526923076925,33.169687388111896,-8.821678146853147,33.88539553496504,-0.7620477727272726,6166.0,1375.0,6136.0,CVL -> MED,0.0005239729884579035
2021-07-26,CVL,MED,245,158,7.53469387755102,1903.1551020408162,1955.8040816326532,1955.6,0.9306122448979591,0.6775510204081633,4381.722448979592,0.5689795918367346,-1.413847787245418,70.04081632653062,31.77123284615383,-6.953794138461537,29.323849974358968,-5.647264189743587,29.561463615384614,-5.509096343589742,26123.0,2666.0,26102.0,CVL -> MED,0.0004115136479761087
2021-08-02,CVL,MED,556,168,8.244604316546763,2058.2913669064747,2098.5971223021584,2095.994604316547,0.762589928057554,0.5845323741007195,3615.589928057554,2.7267985611510848,-2.588190954929492,63.39928057553957,40.052657953628966,5.909103606854859,40.01384484879026,5.762532901209699,39.88957307459674,6.523813546370992,167887.0,25459.0,167885.0,CVL -> MED,0.0010203051740115794
2021-08-09,CVL,MED,208,133,7.9951923076923075,2406.4278846153848,2452.1201923076924,2433.25,0.8942307692307693,0.5961538461538461,5401.442307692308,0.3951923076923076,-2.0366282749731157,65.33653846153847,24.191278194968554,-2.2928419371069144,24.125205396226416,-1.7323530440251533,24.131976779874215,-4.405050528301883,6813.0,729.0,6813.0,CVL -> MED,0.0004015893671492175
2021-08-16,CVL,MED,503,163,7.431411530815109,1665.7117296222664,1706.8667992047713,1684.337972166998,0.9165009940357853,0.6163021868787276,3475.1988071570577,0.0035785288270376264,-2.9386369516950777,57.157057654075544,40.790306786082475,-36.67299191752577,40.87369301804123,-37.39392394587629,40.8502513427835,-35.92286348195877,157855.0,23127.0,157855.0,CVL -> MED,0.0008346206624200017
2021-08-23,CVL,MED,237,183,9.341772151898734,2797.2236286919833,2855.493670886076,2837.194092827004,0.7721518987341772,0.5189873417721519,5179.438818565401,1.6873417721518986,-1.8731962828426147,51.09704641350211,33.985499429268295,-42.738749429268296,33.91891308780488,-45.67453820975609,33.94589503902439,-46.43591869756097,2086.0,419.0,2086.0,CVL -> MED,0.00028690618288876996
2021-08-30,CVL,MED,555,193,6.403603603603604,1581.1225225225226,1613.590990990991,1597.3873873873874,0.9387387387387387,0.8306306306306306,4468.553153153153,0.4814414414414415,-2.8417284790483888,69.26126126126127,44.86469444038464,-21.948043046153852,44.7523784096154,-23.117632207692306,44.75818264038463,-23.619825284615388,499176.0,36604.0,499161.0,CVL -> MED,0.0007850048514714245
2021-09-06,CVL,MED,355,177,8.91830985915493,2843.1492957746477,2808.6732394366195,2820.23661971831,0.6253521126760564,0.49014084507042255,5716.805633802817,1.059718309859155,-3.3814560911069287,43.2112676056338,26.036339288819878,-18.236198366459625,26.26162640062112,-17.495581285714287,26.427345344720504,-17.63317445341615,8521.0,5014.0,8426.0,CVL -> MED,0.0005232546142213234
2021-09-13,CVL,MED,397,200,10.589420654911839,3153.015113350126,3168.16120906801,3176.191435768262,0.8816120906801007,0.5491183879093199,6327.39798488665,1.1858942065491185,-2.808091661872209,62.29219143576826,11.90784554647887,24.083512929577456,12.210091307042251,22.12072256338026,12.007887588732393,23.0018048169014,86842.0,9583.0,86826.0,CVL -> MED,0.0005187203156746304
2021-09-20,CVL,MED,247,184,8.20242914979757,2407.2631578947367,2424.8906882591095,2422.076923076923,0.8623481781376519,0.6072874493927125,4931.307692307692,0.5615384615384615,-2.9696630116364298,61.45748987854251,29.057397237373735,-18.49932408080808,28.980038146464643,-18.91427591414142,29.6623341060606,-19.912951520202018,3401.0,416.0,3386.0,CVL -> MED,0.00029798815768519905
2021-09-27,CVL,MED,359,202,9.459610027855152,3363.9972144846797,3353.286908077994,3357.0,0.7632311977715878,0.5236768802228412,6802.047353760446,1.636768802228413,-1.9891462058246554,59.610027855153206,29.01508959509202,-13.025099720858897,23.93334434969325,-3.969480800613494,27.428744733128834,-10.174262365030676,20567.0,3044.0,20517.0,CVL -> MED,0.0005118736142697246
2021-10-04,CVL,MED,419,210,6.58472553699284,1892.4821002386634,1964.5894988066825,1955.9284009546539,0.9069212410501193,0.7279236276849642,3948.436754176611,0.7861575178997608,-1.4322406846199314,63.29355608591885,14.008959570652173,15.606308435135187,14.282822607046072,21.656878343243292,14.122129951086954,22.706911667567613,51766.0,7227.0,51766.0,CVL -> MED,0.0006413906696792128
2021-10-11,CVL,MED,870,187,11.463218390804597,2463.88275862069,2488.5655172413794,2467.6011494252875,0.7436781609195402,0.4367816091954023,4687.116091954023,3.0594252873563215,-4.140696005263705,58.172413793103445,48.28915219323664,-9.4451242258454,48.323914915458865,-9.367479257246366,48.296029045893654,-9.414315435990328,379001.0,62032.0,379001.0,CVL -> MED,0.001346457424087659
2021-10-18,CVL,MED,383,178,6.195822454308094,1664.4386422976502,1693.1279373368145,1698.4334203655353,0.7989556135770235,0.6370757180156658,3942.6422976501303,0.8446475195822448,-1.9642069726245717,60.54830287206266,37.54588986549707,-14.562050953216373,37.235683140350886,-14.83071276608187,37.224036064327485,-14.831157210526314,29675.0,4879.0,29675.0,CVL -> MED,0.0005622744662796809
2021-10-25,CVL,MED,287,202,8.909407665505226,2429.1149825783973,2473.1881533101046,2451.728222996516,0.8501742160278746,0.45993031358885017,4402.860627177701,1.0860627177700348,-1.67437457089961,60.069686411149824,30.513005591666662,-8.439340183333336,30.983246320833327,-10.903827004166669,31.0157381125,-10.971701420833336,5994.0,893.0,5991.0,CVL -> MED,0.00041977598296323815
2021-11-01,CVL,MED,226,176,6.721238938053097,2024.345132743363,2057.880530973451,2049.9159292035397,0.8761061946902655,0.6592920353982301,3846.6017699115046,1.377433628318584,-1.1265813861545646,62.65486725663717,31.109939901098908,-43.46112891208791,30.964106549450552,-42.17016499450549,30.787827291208796,-43.17843001098901,3447.0,454.0,3427.0,CVL -> MED,0.00032919652741362235
2021-11-08,CVL,MED,542,160,6.592250922509225,1359.7177121771217,1314.9852398523985,1340.7214022140222,0.9317343173431735,0.5738007380073801,2046.361623616236,0.6970479704797031,0.2908958612557738,53.72693726937269,37.58803676151765,-47.33596699186992,37.197132222222265,-47.47201051761516,37.333503224932294,-46.205344300812996,110321.0,21384.0,110321.0,CVL -> MED,0.0008013092979968746
2021-11-15,CVL,MED,275,203,8.556363636363637,2479.1563636363635,2510.3345454545456,2495.9163636363637,0.7927272727272727,0.6581818181818182,4577.585454545455,0.34545454545454524,-2.0347221200784413,60.654545454545456,22.904688132478636,-4.1622620854700845,22.317071243589744,-1.449853692307695,22.96625073076923,-2.136238606837608,3380.0,454.0,3370.0,CVL -> MED,0.0004193249326030472
2021-11-22,CVL,MED,221,146,7.316742081447964,2167.968325791855,2213.927601809955,2197.506787330317,0.8235294117647058,0.6742081447963801,4225.615384615385,0.23348416289592758,-2.431705151919125,60.723981900452486,30.30876576966292,-13.413101028089883,29.097372505617972,-8.076836382022472,30.49204442134831,-13.242861516853928,3976.0,632.0,3976.0,CVL -> MED,0.00039586579970265286
2021-11-29,CVL,MED,208,146,6.600961538461538,2098.625,2138.644230769231,2120.331730769231,0.8461538461538461,0.6346153846153846,4156.211538461538,0.9908653846153844,-1.5863488508538295,67.59615384615384,32.56409018390805,-21.526031804597697,32.55919894827586,-21.448110540229884,33.28175340229885,-23.013516459770113,4188.0,476.0,4188.0,CVL -> MED,0.0003024878168668952
2021-12-06,CVL,MED,215,169,6.079069767441861,1805.8372093023256,1838.2279069767442,1824.5674418604651,0.8372093023255814,0.7023255813953488,3839.060465116279,0.24325581395348836,-1.7087601593369468,60.13953488372093,31.816844668639053,-24.085504994082847,31.642249402366865,-27.131961597633136,31.713971295857984,-25.178996710059177,2439.0,349.0,2439.0,CVL -> MED,0.00031463476026294683
2021-12-13,CVL,MED,246,155,7.008130081300813,2030.3658536585365,2054.508130081301,2047.2154471544716,0.8902439024390244,0.5609756097560976,4327.9390243902435,0.10447154471544716,-2.5857760433001085,59.02439024390244,39.28094900448429,-8.548401856502242,39.47106301793721,-10.707297372197308,39.032981852017926,-8.39227405381166,15724.0,2576.0,15724.0,CVL -> MED,0.0003977255273500971
2021-12-20,CVL,MED,350,146,8.09142857142857,2607.865714285714,2626.7028571428573,2617.9114285714286,0.9114285714285715,0.37142857142857144,5086.834285714286,1.1962857142857144,-2.3064828975931277,57.77142857142857,39.595597821538455,-22.47634535692308,39.783335359999995,-23.439452433846157,39.68951597538461,-22.953796126153847,72702.0,11506.0,72702.0,CVL -> MED,0.0007122550605722054
2021-12-27,CVL,MED,514,156,13.56420233463035,4672.029182879377,4702.877431906615,4697.834630350195,0.9085603112840467,0.22568093385214008,6290.636186770428,-1.5826848249027239,-2.2786530572501413,70.9727626459144,36.24058077916674,66.50742513541651,34.76372483125007,64.55459314999985,36.351559477083406,66.24020781666651,325167.0,38411.0,325087.0,CVL -> MED,0.0011521408749994397
2022-01-03,CVL,MED,322,188,7.512422360248447,2100.9596273291927,2141.4037267080744,2124.1242236024846,0.8260869565217391,0.6180124223602484,4797.335403726708,-0.022981366459627523,-2.460413636817382,63.54037267080745,32.576325710714286,9.971040978571436,32.46789053214286,8.052926117857146,32.153035692857145,10.9136858,8147.0,1240.0,8072.0,CVL -> MED,0.0005862166270697361
2022-01-10,CVL,MED,258,181,6.658914728682171,1997.1356589147288,1992.4147286821706,2021.484496124031,0.8488372093023255,0.6511627906976745,3642.4418604651164,0.6945736434108527,-2.34215111305285,61.58914728682171,33.96968952054794,-33.16053726484019,33.71812648401826,-29.71166207305936,33.29542828767123,-29.69878977625571,3922.0,693.0,3922.0,CVL -> MED,0.00042324848130898614
2022-01-17,CVL,MED,254,149,7.484251968503937,2079.1181102362207,2119.2913385826773,2110.1614173228345,0.8818897637795275,0.5866141732283464,4473.271653543307,-0.0161417322834646,-2.186037160500037,55.59055118110236,35.57242639269406,-40.115892392694064,36.001315890410964,-40.563551890410956,35.75743232876712,-40.763230885844756,7800.0,1480.0,7800.0,CVL -> MED,0.00036741784811756216
2022-01-24,CVL,MED,302,171,5.288079470198675,1422.8609271523178,1442.2748344370862,1448.069536423841,0.8278145695364238,0.7483443708609272,3508.099337748344,-0.5526490066225167,-2.5144311290781483,50.96026490066225,36.54407001498126,-4.483386314606741,38.07344255430711,-8.14851634082397,36.72023060674156,-2.8687976029962567,6716.0,1721.0,6716.0,CVL -> MED,0.00044739017460068204
2022-01-31,CVL,MED,391,163,4.946291560102302,1324.9462915601023,1347.5115089514065,1342.1150895140665,0.9437340153452686,0.7698209718670077,2936.1150895140663,-0.15575447570332482,-1.7232712106546073,61.687979539641944,29.554438315589344,-1.100701954372639,29.499969266159685,0.25903594676804903,29.25244048288972,1.442559391634969,67994.0,11668.0,67544.0,CVL -> MED,0.0005969164912302128
2022-02-07,CVL,MED,274,164,8.065693430656934,2000.8394160583941,1938.7372262773722,2032.3102189781023,0.781021897810219,0.5766423357664233,3621.9452554744526,0.7664233576642335,-3.4507522366949006,64.16058394160584,38.34437027777778,-38.48160993981483,38.433746356481485,-39.27692336574074,38.28347459722222,-38.513794351851864,8327.0,1339.0,8323.0,CVL -> MED,0.0003633431816132437
2022-02-14,CVL,MED,239,157,6.481171548117155,1877.1715481171548,1878.6192468619247,1902.1799163179917,0.8870292887029289,0.7866108786610879,4494.694560669456,1.7531380753138075,-1.368160970646675,67.57322175732217,31.601996829383893,12.331860838862555,31.603126213270144,12.273125909952602,31.799291426540286,12.714648042654025,17213.0,1765.0,17207.0,CVL -> MED,0.00032455716280004564
2022-02-21,CVL,MED,349,152,6.3810888252149,1741.4269340974213,1817.2578796561604,1802.3295128939828,0.8997134670487106,0.7908309455587392,3229.89111747851,0.6203438395415473,0.8756796542719603,47.07736389684814,34.20517062658224,-52.567622787974685,34.42617115189869,-52.851165373417736,34.53439327531641,-52.76253194303799,63350.0,591.0,63348.0,CVL -> MED,0.0003201635127349853
2022-02-28,CVL,MED,230,160,7.156521739130435,2082.74347826087,2125.191304347826,2104.082608695652,0.9043478260869565,0.6521739130434783,3873.1782608695653,0.29304347826086957,-1.6797041965435482,58.65217391304348,33.01579037878788,-10.429577636363634,33.772516136363635,-9.012032030303029,33.23568027777778,-10.693643797979798,2491.0,482.0,2491.0,CVL -> MED,0.00023785590482454507
2022-03-07,CVL,MED,262,153,6.1183206106870225,1759.5343511450383,1797.0763358778627,1779.4541984732825,0.8893129770992366,0.7748091603053435,3779.3053435114502,1.9366412213740463,-1.7952984929346785,66.41221374045801,30.56294480489131,3.577291539673913,30.253385081521742,3.9073028478260867,30.62194420217392,3.4240622967391308,10895.0,1246.0,10895.0,CVL -> MED,0.000277481526826215
2022-03-14,CVL,MED,391,196,7.744245524296675,1974.8874680306906,1923.455242966752,1988.386189258312,0.9130434782608695,0.6777493606138107,3685.8158567774935,1.8810741687979542,-1.5749581039451734,62.02046035805627,35.68868871551723,33.22127818103448,40.385678623563216,39.09835256609195,40.23388670402298,40.114998485632185,29030.0,4398.0,29018.0,CVL -> MED,0.0004422301519529947
2022-03-21,CVL,MED,315,163,8.374603174603175,2089.7428571428572,2149.7079365079367,2118.4126984126983,0.8634920634920635,0.6507936507936508,3615.0126984126982,0.535873015873016,-2.7520824267789754,57.904761904761905,27.980277347368418,-5.958322343859644,28.5149029614035,-6.278204603508764,28.260608575438592,-5.988789596491223,9518.0,1748.0,9518.0,CVL -> MED,0.0003878722804304274
2022-03-28,CVL,MED,292,197,6.7534246575342465,1965.208904109589,1995.8082191780823,1987.140410958904,0.9006849315068494,0.6164383561643836,3813.123287671233,1.0321917808219179,-2.110379138918109,66.88356164383562,35.587237884462155,-8.423991015936256,35.494286888446226,-9.000654760956174,35.598023541832674,-8.452138426294821,7219.0,814.0,7205.0,CVL -> MED,0.0003436312883348946
2022-04-04,CVL,MED,335,191,9.782089552238807,2317.89552238806,2516.964179104478,2515.928358208955,0.8119402985074626,0.47761194029850745,4725.713432835821,-0.531044776119403,-2.9337943126270827,60.11940298507463,31.641378407166123,5.237803237785018,31.44813866775245,4.4135049218241065,32.733744856677525,3.5331743517915317,11130.0,1335.0,11130.0,CVL -> MED,0.0004351434869411491
2022-04-11,CVL,MED,272,158,12.522058823529411,3710.544117647059,3848.363970588235,3832.375,0.8713235294117647,0.6544117647058824,6464.316176470588,1.0650735294117646,-2.919664033278114,56.911764705882355,31.914642625,-16.674475612499997,32.02233460416666,-17.03198102916667,31.837640041666667,-16.988118529166666,5433.0,967.0,5428.0,CVL -> MED,0.0003783395068511443
2022-04-18,CVL,MED,232,177,7.762931034482759,2328.3060344827586,2312.314655172414,2344.1594827586205,0.8060344827586207,0.5732758620689655,4332.7155172413795,0.017672413793103567,-1.6289318273871336,60.474137931034484,32.31897449504951,-10.130535950495046,32.00794297524752,-11.349729945544551,32.318030103960396,-12.176256678217818,3737.0,500.0,3737.0,CVL -> MED,0.00032499050943663176
2022-04-25,CVL,MED,597,180,17.917922948073702,4494.524288107203,4504.721943048577,4511.418760469011,0.7202680067001676,0.39028475711892796,6830.050251256282,1.257621440536013,-2.7973801487949337,50.016750418760466,43.29367382581964,20.8795382909836,42.48678325204913,3.1290135778688533,42.87152689959012,11.41435181557377,65656.0,14254.0,65636.0,CVL -> MED,0.0007451657837845934
2022-05-02,CVL,MED,576,207,4.307291666666667,1148.0572916666667,1227.7916666666667,1214.9288194444443,0.8611111111111112,0.8402777777777778,4175.359375,0.14114583333333375,-2.890030819677945,49.84375,28.675711507662836,-66.86818188505747,28.561576067049813,-67.5358092605364,28.511178940613032,-66.57576151340996,54811.0,12924.0,54671.0,CVL -> MED,0.0008485412750511187
2022-05-09,CVL,MED,271,180,8.937269372693727,2197.39852398524,2239.9483394833946,2228.446494464945,0.8044280442804428,0.4833948339483395,4164.413284132841,1.136531365313653,-2.3841843376645615,61.21771217712177,30.96982528017241,-14.47978536637931,31.63364092672414,-13.649533310344829,31.305909418103447,-9.487971112068966,6162.0,921.0,6152.0,CVL -> MED,0.0003712928939198391
2022-05-16,CVL,MED,440,158,7.122727272727273,1881.3886363636364,1661.3954545454546,1884.7704545454546,0.7818181818181819,0.725,4242.202272727272,0.7345454545454545,-2.8887531820881014,62.09090909090909,36.326696912718205,-56.40503622693264,35.98550726184539,-57.929987498753086,35.91124766084788,-58.44646505486282,142282.0,5179.0,142276.0,CVL -> MED,0.0006183753032147083
2022-05-23,CVL,MED,208,135,7.639423076923077,2004.75,2027.9711538461538,1971.9807692307693,0.8269230769230769,0.6201923076923077,3843.389423076923,1.219230769230769,-2.4428767116190047,57.30769230769231,31.420290977272725,-21.39736843181818,31.560662170454545,-21.55301559090909,31.30257847727273,-24.841658772727275,3613.0,692.0,3603.0,CVL -> MED,0.0002764395122437452
2022-05-30,CVL,MED,336,156,6.848214285714286,1774.3660714285713,2079.8541666666665,2075.622023809524,0.8898809523809523,0.6547619047619048,3878.345238095238,0.20624999999999968,-1.5870204259058476,47.916666666666664,35.62654520900322,-31.221571498392294,35.7504618488746,-31.175421209003225,35.713326157556274,-30.75181561414792,14298.0,4025.0,14288.0,CVL -> MED,0.0005197143427237672
2022-06-06,CVL,MED,252,164,7.079365079365079,2115.3333333333335,2156.4920634920636,2141.936507936508,0.7222222222222222,0.7182539682539683,5076.428571428572,2.3170634920634923,-1.5638978977533835,57.93650793650794,29.03973334951456,-45.67959800970875,30.180450800970878,-45.70653635922331,29.33199235436893,-46.20286893203884,6456.0,1497.0,6408.0,CVL -> MED,0.0003932903419128893
2022-06-13,CVL,MED,554,193,8.985559566787003,1877.9638989169675,1903.1173285198556,1903.7382671480145,0.868231046931408,0.48375451263537905,4309.440433212996,0.14855595667870033,-4.529202237780137,76.10108303249098,21.733346935166992,-13.620560316306465,21.28514254420432,-12.98121899999998,21.417443271119843,-13.266695876227878,224613.0,23157.0,224515.0,CVL -> MED,0.0009214750253655129
2022-06-20,CVL,MED,228,164,8.631578947368421,2497.311403508772,2524.2982456140353,2505.9473684210525,0.8771929824561403,0.5482456140350878,4614.666666666667,0.7280701754385962,-1.3471553780105483,64.3859649122807,30.172198307692312,-12.866871264423079,30.452844586538465,-12.70682861538461,30.07950636538462,-10.985927173076924,3989.0,533.0,3979.0,CVL -> MED,0.0003741188516520301
2022-06-27,CVL,MED,570,147,4.7140350877192985,1010.4263157894737,1031.6859649122807,1037.5508771929824,0.9578947368421052,0.8859649122807017,3816.619298245614,-0.25263157894736843,-3.138166225549397,78.24561403508773,37.18657613716813,-19.213356579646025,37.35707538495577,-19.842026340707953,37.25613788495575,-18.753294057522123,899840.0,43913.0,899834.0,CVL -> MED,0.0008988452204299633
2022-07-04,CVL,MED,272,152,7.6875,2224.330882352941,2216.1029411764707,2190.330882352941,0.7647058823529411,0.7279411764705882,4518.75,0.9959558823529411,-3.410394604463418,50.220588235294116,30.90624985020243,-31.074236554655876,31.179280246963568,-32.028298886639675,30.797069182186235,-31.09129134412956,10335.0,2022.0,10320.0,CVL -> MED,0.00046905690246548036
2022-07-11,CVL,MED,253,144,4.897233201581027,1389.0869565217392,1415.5573122529645,1399.2292490118577,0.9169960474308301,0.8102766798418972,3023.490118577075,1.53399209486166,-2.719440753320066,79.32806324110672,35.64610715789472,-31.560956850877194,35.90826728508771,-31.526448236842104,35.652811837719284,-31.500180692982454,31229.0,3050.0,31221.0,CVL -> MED,0.0003906973871147075
2022-07-18,CVL,MED,257,186,7.303501945525292,2174.52140077821,2201.52140077821,2202.5408560311284,0.8832684824902723,0.6498054474708171,4562.035019455253,0.7346303501945526,-1.5864757057974943,58.054474708171206,31.9711478110599,-15.705106635944702,32.747983156682025,-18.505800488479263,31.34591370967742,-16.630070691244235,3363.0,550.0,3358.0,CVL -> MED,0.00043087188686679017
2022-07-25,CVL,MED,191,154,6.963350785340314,1962.7486910994764,1985.2931937172775,1984.8795811518326,0.8743455497382199,0.6020942408376964,3525.2094240837696,0.8099476439790575,-2.831576307827592,61.78010471204188,33.855401621621624,-12.292477939189189,33.14037445945946,-8.767917263513512,32.98595121621622,-9.750415709459457,2161.0,296.0,2011.0,CVL -> MED,0.00035646565238813324
2022-08-01,CVL,MED,346,176,8.372832369942197,2365.583815028902,2438.456647398844,2386.2947976878613,0.861271676300578,0.6358381502890174,4935.994219653179,-0.24508670520231196,-1.7179042719119588,69.73988439306359,31.183072273026298,-2.209849595394738,31.82884778289473,-3.085340315789474,31.473347233552616,-2.832644921052633,111286.0,679.0,111286.0,CVL -> MED,0.000521404718562008
2022-08-08,CVL,MED,568,176,3.9454225352112675,934.1883802816901,984.919014084507,958.8098591549295,0.7676056338028169,0.8714788732394366,3175.9647887323945,-0.06866197183098592,-2.173943841814676,64.94718309859155,41.07449297580644,-10.60567223185484,40.94282825806452,-10.893770324596778,41.12288556653226,-10.708589594758065,157411.0,18572.0,157408.0,CVL -> MED,0.0009971209886946142
2022-08-15,CVL,MED,237,164,7.063291139240507,1926.945147679325,1963.0210970464136,1945.0886075949368,0.8396624472573839,0.6413502109704642,4274.447257383967,0.2987341772151898,-1.5398957037151388,62.36286919831224,36.30127642574257,-36.52021016831684,35.838483148514854,-37.148179440594056,36.053005277227726,-36.30132071287129,11390.0,1284.0,11390.0,CVL -> MED,0.0004500697893027716
2022-08-22,CVL,MED,368,173,8.309782608695652,2010.2717391304348,2061.5597826086955,2046.5271739130435,0.7744565217391305,0.6494565217391305,5207.75,2.617119565217391,-2.5591629151235176,52.90760869565217,32.52821580289853,-43.4829960173913,32.36511031594201,-54.19144071884057,32.425813342028974,-50.589525397101426,26431.0,4927.0,26421.0,CVL -> MED,0.0006926745897597097
2022-08-29,CVL,MED,463,197,6.287257019438445,1512.6565874730022,1552.438444924406,1597.732181425486,0.6090712742980562,0.8142548596112311,5838.058315334773,-2.9118790496760254,-4.1920480235103295,48.44492440604752,33.10833924942794,-6.312097848970255,33.0060713615561,-7.942627215102976,35.298542146453094,-21.252867489702485,57057.0,13405.0,57020.0,CVL -> MED,0.0008901329816378831
2022-09-05,CVL,MED,289,185,9.242214532871973,2452.5709342560554,2505.719723183391,2483.840830449827,0.8408304498269896,0.6020761245674741,4622.77508650519,0.42283737024221457,-1.7747080496236092,61.1764705882353,30.98918120799999,-30.155077367999986,29.290975231999994,-30.87033356,29.495464531999993,-30.449552627999985,10414.0,1318.0,10414.0,CVL -> MED,0.0004381091270713542
2022-09-12,CVL,MED,310,205,8.258064516129032,2546.9645161290323,2571.6032258064515,2571.490322580645,0.7967741935483871,0.5903225806451613,5261.558064516129,0.3596774193548388,-1.602757626523511,57.25806451612903,29.749252819852945,-29.918933628676466,29.484818955882353,-32.64616414705882,29.114180588235296,-31.670194426470577,4703.0,781.0,4683.0,CVL -> MED,0.00046383299618160705
2022-09-19,CVL,MED,219,167,7.917808219178082,2548.3424657534247,2597.9086757990867,2561.0639269406392,0.8356164383561644,0.589041095890411,5016.310502283105,1.202283105022831,-2.754974670404624,59.31506849315068,34.26648339999999,-28.319129451282045,34.39401273333333,-28.312476630769225,34.28066288717948,-29.57375355384615,2697.0,411.0,2691.0,CVL -> MED,0.0003546627626771694
2022-09-26,CVL,MED,228,155,6.692982456140351,2430.6798245614036,2489.3070175438597,2461.40350877193,0.8596491228070176,0.7017543859649122,4513.210526315789,0.8964912280701754,-1.4414231330817378,62.06140350877193,30.378070159574467,-24.555515632978718,30.68571040957447,-24.826104462765954,30.358717856382974,-24.71808637765957,3634.0,491.0,3540.0,CVL -> MED,0.00039715096439750633
2022-10-03,CVL,MED,242,160,8.47107438016529,2600.280991735537,2640.880165289256,2617.2479338842977,0.8388429752066116,0.5537190082644629,4246.351239669421,0.933884297520661,-1.56477690703283,64.00826446280992,25.50621648351648,-3.077790181318682,24.89968598901099,-3.6753686703296693,24.768229120879123,-2.8789015549450547,5506.0,691.0,5506.0,CVL -> MED,0.00039314306508629653
2022-10-10,CVL,MED,341,196,8.407624633431086,2150.2287390029323,2168.539589442815,2171.2551319648096,0.8768328445747801,0.5219941348973607,4748.800586510264,0.8284457478005862,-0.8732934274764328,59.97067448680352,35.56125850841751,-17.93182323232323,35.81782413468014,-17.585620417508416,35.377779747474754,-14.250090461279463,18009.0,3299.0,17989.0,CVL -> MED,0.0006045499028465259
2022-10-17,CVL,MED,311,186,9.559485530546624,2814.430868167203,2857.9710610932475,2833.852090032154,0.8681672025723473,0.4887459807073955,5085.771704180064,2.240192926045016,-1.3740023282496716,58.842443729903536,34.83926631178707,-32.535950110266164,35.741291197718624,-33.55935779087452,33.60517771863117,-42.21360790494296,15541.0,2418.0,15381.0,CVL -> MED,0.0005568556812708485
2022-10-24,CVL,MED,360,186,10.422222222222222,2440.8611111111113,2456.5222222222224,2467.8527777777776,0.8805555555555555,0.40555555555555556,4156.347222222223,0.1847222222222219,-0.60523248569233,55.97222222222222,30.022961814465393,14.435260933962226,30.569018481132055,14.919300462264108,30.44307975471696,15.515298040880468,82372.0,16463.0,82355.0,CVL -> MED,0.0006502995894080648
2022-10-31,CVL,MED,337,222,7.350148367952523,2447.691394658754,2466.2225519287836,2466.4955489614244,0.8635014836795252,0.6023738872403561,4862.178041543027,0.9041543026706229,-2.1651732208451264,63.47181008902077,32.21815388013699,-15.281375417808217,32.220606397260276,-16.24102486986301,32.26949028424658,-14.794706856164384,7597.0,981.0,7562.0,CVL -> MED,0.0006244510574902626
2022-11-07,CVL,MED,168,128,6.136904761904762,1578.6190476190477,1611.827380952381,1594.7916666666667,0.8690476190476191,0.625,3664.4285714285716,0.8517857142857144,-2.4826381353714644,56.904761904761905,35.13348651079137,-30.730667705035977,34.72511169064749,-29.712367920863315,34.74424838129496,-29.713988064748204,1899.0,320.0,1889.0,CVL -> MED,0.000442223965380181
2022-11-14,CVL,MED,192,134,7.6875,1859.3020833333333,1911.1614583333333,1739.5,0.8385416666666666,0.5885416666666666,3951.6197916666665,1.3260416666666666,-1.1058250560851788,60.677083333333336,36.76762923976609,-12.743731432748536,36.273535087719296,-15.042660087719296,37.09475438596491,-10.73430453216374,2493.0,392.0,2493.0,CVL -> MED,0.00031203479187929455
2022-11-21,CVL,MED,505,142,6.118811881188119,1564.7782178217822,1417.2277227722773,1584.508910891089,0.6158415841584158,0.7722772277227723,4895.964356435644,0.2645544554455447,1.846107327758128,38.23762376237624,46.13433270190276,-16.19100642706131,46.17309057716703,-17.753348033826637,46.149834847780134,-16.95239395348837,104668.0,41004.0,104668.0,CVL -> MED,0.0011723900971342606
2022-11-28,CVL,MED,517,157,2.986460348162476,949.2920696324952,903.2901353965184,940.9941972920697,0.7330754352030948,0.8723404255319149,3900.8413926499034,-1.4965183752417814,-2.055686385995334,34.35203094777563,25.0299166604555,-110.16157823602506,24.911804461697745,-110.06201149896503,24.96464999378885,-110.28433786335424,37978.0,18736.0,37898.0,CVL -> MED,0.001027014249077773
2022-12-05,CVL,MED,247,186,6.7894736842105265,1913.65991902834,1960.3927125506073,1963.3846153846155,0.7813765182186235,0.582995951417004,4002.902834008097,1.3817813765182188,-1.9956339014677318,55.7085020242915,35.79117509708738,-35.15803574757281,37.46454419902913,-36.05879563592233,36.93843868932039,-33.06723704368932,3289.0,546.0,3257.0,CVL -> MED,0.0004685208966010421
2022-12-12,CVL,MED,475,170,11.526315789473685,2554.2063157894736,2637.275789473684,2582.8336842105264,0.5452631578947369,0.2505263157894737,4322.2947368421055,0.3479999999999999,-2.539109090271677,34.61052631578947,32.76621996636772,21.66106698654707,32.85885369282513,23.362242567264563,32.933863585201806,22.816165697309405,41678.0,22803.0,41678.0,CVL -> MED,0.0009376640912159628
2022-12-19,CVL,MED,559,152,7.903398926654741,1508.5831842576029,1561.4132379248658,1536.4418604651162,0.9588550983899821,0.3041144901610018,2390.4203935599285,2.7720930232558136,-3.1329461674260064,73.64937388193202,36.47160783466131,-66.13603858565756,36.36247142031868,-65.90677739043845,36.38497897011948,-65.90108135458188,153949.0,1588.0,153714.0,CVL -> MED,0.0010954726994093463
2022-12-26,CVL,MED,712,147,8.622191011235955,2124.9859550561796,2168.35393258427,2166.6629213483147,0.4803370786516854,0.3455056179775281,5195.925561797752,0.5917134831460674,-3.3279784370764474,31.629213483146067,37.252214736535635,-68.6739761979621,36.7687911222707,-68.82637055749632,37.95155424745267,-67.80279923289652,49177.0,17906.0,49042.0,CVL -> MED,0.0016711143657158684
2023-01-02,CVL,MED,493,136,4.36105476673428,1141.0851926977687,1140.4077079107506,1135.9411764705883,0.8073022312373225,0.8803245436105477,3843.4665314401623,-0.3314401622718053,-3.9413613202905045,67.30223123732252,36.591697444444435,-64.67174617921145,37.07469887813619,-64.01228500716842,36.75598454121864,-63.34229886738351,127384.0,15434.0,127376.0,CVL -> MED,0.0009316300691636116
2023-01-09,CVL,MED,192,140,7.390625,2152.765625,2159.203125,2167.8854166666665,0.8802083333333334,0.6354166666666666,4365.770833333333,0.9656249999999998,-1.2875125978255066,63.59375,31.548493459999996,-13.171885726666664,31.579922126666666,-13.283883059999999,31.44965351333333,-13.83676994666666,4441.0,421.0,4441.0,CVL -> MED,0.000297847585805701
2023-01-16,CVL,MED,579,184,9.291882556131261,2455.5405872193437,2573.5716753022452,2549.87219343696,0.6442141623488774,0.7616580310880829,4087.9412780656303,0.5145077720207254,-1.684807512984435,37.70293609671848,38.60637523034744,-46.65096819012809,32.46173860511896,-76.28745940402231,32.784215570384035,-79.28596848446105,127464.0,49327.0,127462.0,CVL -> MED,0.0010046153312280946
2023-01-23,CVL,MED,315,162,6.873015873015873,1975.6380952380953,2028.1301587301587,2009.2380952380952,0.8222222222222222,0.6349206349206349,5145.847619047619,-0.04507936507936507,-2.298797338394128,53.74603174603175,32.343211472118966,-28.87215017472119,31.372985821561336,-40.55435798141265,31.392369092936807,-34.6244847472119,6929.0,1551.0,6929.0,CVL -> MED,0.0005004917530081143
2023-01-30,CVL,MED,528,170,4.617424242424242,1192.3939393939395,1252.8503787878788,1245.0075757575758,0.9242424242424242,0.7973484848484849,3137.5132575757575,0.20643939393939395,-2.6805329197934484,46.003787878787875,38.70318219718311,33.78830321327964,43.89754326156946,-15.05252885915494,43.70610119315899,-14.246190428571438,128634.0,5313.0,128618.0,CVL -> MED,0.0008249407073866565
2023-02-06,CVL,MED,184,154,9.0,2547.179347826087,2577.967391304348,2566.2934782608695,0.8206521739130435,0.5543478260869565,4493.08152173913,0.9619565217391306,-1.2759305812071458,59.619565217391305,30.798139286666665,-8.783239986754968,29.771978553333337,-10.70379378807947,30.716291153333337,-8.509677735099338,1548.0,256.0,1528.0,CVL -> MED,0.0003104573509214172
2023-02-13,CVL,MED,313,165,6.006389776357827,1729.3642172523962,1754.849840255591,1751.2843450479234,0.8434504792332268,0.6677316293929713,3874.214057507987,0.4428115015974441,-2.2915088514018493,52.42811501597444,34.533411369003694,-36.214436243542444,34.47433576752768,-36.07350839852399,34.39655835424354,-36.619425664206645,14421.0,2892.0,14418.0,CVL -> MED,0.0005098409068326826
2023-02-20,CVL,MED,369,186,8.387533875338754,2681.1029810298105,2675.9268292682927,2712.2140921409214,0.9376693766937669,0.5040650406504065,5063.054200542006,1.1783197831978318,-1.8649350134194003,79.29539295392954,32.86247712062257,-44.58761226848247,32.80764287937744,-44.78563461478599,32.82941865758756,-44.942311268482484,82999.0,8425.0,82942.0,CVL -> MED,0.0005656160616567493
2023-02-27,CVL,MED,231,165,8.41125541125541,2171.277056277056,2142.3506493506493,2196.1428571428573,0.8701298701298701,0.47186147186147187,4061.8268398268397,-0.18008658008658007,-2.3874899037820394,63.2034632034632,36.13621872511848,-22.187410065727697,36.46135133962264,-21.651780507042258,36.44072836018957,-21.839427281690146,3340.0,516.0,3340.0,CVL -> MED,0.00038597458582921877
2023-03-06,CVL,MED,330,171,7.406060606060606,2222.5666666666666,2255.121212121212,2255.142424242424,0.6878787878787879,0.6333333333333333,4659.254545454545,0.8000000000000014,-4.890020351600506,50.57575757575758,23.432087957516345,6.787293568181839,27.15451991830066,-8.916291282467535,30.489505735294117,-21.874105448051942,11244.0,3558.0,11081.0,CVL -> MED,0.0005394034198176816
2023-03-13,CVL,MED,244,176,6.709016393442623,1883.7295081967213,1919.4590163934427,1911.1803278688524,0.7827868852459017,0.7090163934426229,3918.7336065573772,0.7881147540983605,-1.8290179640439024,57.049180327868854,29.191280575916227,9.830660000000007,31.273263759162305,9.848781505208335,30.953712450261783,5.497176640624997,3237.0,570.0,3207.0,CVL -> MED,0.000389654979678854
2023-03-20,CVL,MED,467,164,8.325481798715204,2368.775160599572,2388.237687366167,2373.0235546038543,0.9122055674518201,0.6531049250535332,5264.730192719486,0.578800856531049,-2.00218861829723,68.75802997858672,39.18064461224492,-50.51228978911573,39.04764848526079,-52.303414278911646,39.05407221995467,-51.69524330385495,184972.0,20895.0,184964.0,CVL -> MED,0.000742309073973404
2023-03-27,CVL,MED,393,294,7.951653944020356,2163.712468193384,2201.648854961832,2194.0101781170483,0.816793893129771,0.5750636132315522,4364.320610687023,0.8366412213740457,-2.0170013181744677,61.704834605597966,28.93323043567252,-40.24506904678362,29.846606728070174,-39.38018591812865,28.8615821374269,-39.80389097660819,5042.0,696.0,4990.0,CVL -> MED,0.0003263704861425417
2023-04-03,CVL,MED,501,233,7.419161676646707,1870.0219560878243,1857.5968063872256,1892.622754491018,0.9141716566866267,0.6447105788423154,4317.407185628743,-0.12694610778443116,-1.8845825707519084,69.34131736526946,30.143479838202225,-17.60018321123596,30.053823662921317,-17.385294671910117,30.030905307865144,-18.421225002247198,103070.0,11536.0,103058.0,CVL -> MED,0.0004117685252686975
2023-04-10,CVL,MED,327,222,8.01834862385321,2103.7155963302753,2127.452599388379,2107.0581039755352,0.8960244648318043,0.6605504587155964,4181.324159021407,0.7550458715596329,-2.308059086207404,67.82874617737004,23.058962785425106,-6.378891056680163,23.048287805668018,-6.295780789473685,22.95638537651822,-6.40932356680162,7068.0,831.0,6899.0,CVL -> MED,0.0003015022557347665
2023-04-17,CVL,MED,791,282,8.240202275600506,2399.9102402022754,2447.0847029077117,2459.8798988621998,0.854614412136536,0.5309734513274337,4856.853350189634,1.368520859671302,-2.4540287924152633,61.80783817951959,22.305922984127008,-20.404110562770512,22.340818958152983,-19.39557023088018,22.2954703722944,-19.470880057720006,194905.0,17679.0,194805.0,CVL -> MED,0.0008060982196541217
2023-04-24,CVL,MED,389,228,8.866323907455012,2630.246786632391,2682.2339331619537,2657.629820051414,0.8688946015424165,0.6580976863753213,4848.735218508998,1.0393316195372757,0.45792004990981994,64.03598971722366,34.49409481791044,-14.227202059701487,35.712712131343274,-15.0143915522388,35.57895004179104,-16.572059373134323,31225.0,3561.0,31210.0,CVL -> MED,0.00039168894460471135
2023-05-01,CVL,MED,708,275,9.385593220338983,2370.909604519774,2390.9081920903955,2385.5918079096045,0.867231638418079,0.384180790960452,4489.700564971751,-0.6228813559322034,-4.568317740569579,55.25423728813559,36.60442274576269,-3.246717457627104,37.86144555778119,-6.216159733436044,37.86253830816639,-4.7270876579352725,138204.0,19811.0,120232.0,CVL -> MED,0.0007033229026970645
2023-05-08,CVL,MED,561,302,8.344028520499108,2323.780748663102,2337.1105169340462,2333.964349376114,0.6934046345811051,0.5204991087344029,4640.02495543672,1.0896613190730842,-2.164830770909309,54.15329768270945,29.03353378118161,19.263015170678333,29.90669673741793,18.045307363238503,30.085554943107212,18.34771120350108,23667.0,8512.0,23667.0,CVL -> MED,0.0005354979797121674
2023-05-15,CVL,MED,390,252,9.320512820512821,2935.497435897436,2943.074358974359,2958.874358974359,0.7692307692307693,0.46153846153846156,4552.5179487179485,0.9938461538461536,-2.315480594247888,55.76923076923077,30.623615794029835,-23.247666283582095,30.024374779104473,-23.60329313731344,30.31091140597014,-23.79565406865672,9220.0,2297.0,9210.0,CVL -> MED,0.0003744239631336406
2023-05-22,CVL,MED,400,230,8.69,2274.8675,2296.88,2305.3325,0.895,0.465,4031.06,1.3222500000000001,-0.4224107747186397,50.225,33.598225130919225,5.753503632311977,33.9413119805014,3.8819523788300847,33.826452632311984,4.273098061281338,25728.0,7819.0,25711.0,CVL -> MED,0.0004425841158773732
2023-05-29,CVL,MED,360,216,6.486111111111111,1740.9972222222223,1750.4277777777777,1756.3194444444443,0.8055555555555556,0.6166666666666667,3469.527777777778,1.49,-0.8173431673610997,57.02777777777778,35.492449216666664,-16.26380586999999,36.176933096666666,-28.23998644333333,35.675455336666666,-20.744503029999997,7811.0,1473.0,7811.0,CVL -> MED,0.0004150970808297791
2023-06-05,CVL,MED,574,243,8.862369337979095,2076.2299651567946,2119.8588850174215,2111.4303135888504,0.9041811846689896,0.5383275261324042,4456.3536585365855,-0.968466898954704,-1.7253050679874633,73.93728222996516,40.020034222007716,-27.548539044401533,40.09354348841697,-28.002592866795354,40.20208557335907,-28.974890086872573,160311.0,11299.0,160293.0,CVL -> MED,0.0005989923571079731
2023-06-12,CVL,MED,353,221,5.963172804532578,1846.2691218130312,1899.1501416430594,1887.8810198300284,0.9121813031161473,0.6968838526912181,3848.113314447592,-0.08781869688385274,-1.5800875787633448,64.5042492917847,32.223271934306574,-38.77951413868614,32.246372970802916,-37.345525328467154,32.35946166788321,-39.26898491605839,8255.0,1333.0,8245.0,CVL -> MED,0.0004060042624696791
2023-06-19,CVL,MED,745,246,9.10469798657718,2720.1476510067114,2752.1570469798658,2747.696644295302,0.9140939597315436,0.7087248322147651,5103.906040268456,0.8734228187919467,-2.850195382846993,47.946308724832214,36.78182825925927,-37.77612538814816,38.70787325185186,-37.22937359555556,38.58991354814816,-38.347881891851856,94850.0,27907.0,94795.0,CVL -> MED,0.0007123746650882866
2023-06-26,CVL,MED,392,242,8.058673469387756,2348.2729591836733,2386.030612244898,2409.298469387755,0.7448979591836735,0.6505102040816326,4632.59693877551,0.9566326530612245,-0.8332031716418938,50.28061224489796,31.993926692307696,-6.409045156804733,32.2922555887574,-5.348314686390527,31.270943088757402,-4.091004624260354,6357.0,1385.0,6332.0,CVL -> MED,0.00045562852327541114
2023-07-03,CVL,MED,646,243,5.077399380804954,1204.2879256965944,1278.40866873065,1217.592879256966,0.695046439628483,0.7058823529411765,3251.371517027864,1.7509287925696582,-2.334302535825981,43.31269349845201,32.92868503691275,3.2621694664429524,29.351381568791954,4.861196199664427,32.78730941610738,2.8668605402684535,50386.0,17454.0,50318.0,CVL -> MED,0.0008320892782849172
2023-07-10,CVL,MED,356,250,7.929775280898877,2411.9803370786517,2435.983146067416,2432.9101123595506,0.8567415730337079,0.5730337078651685,4234.2191011235955,1.28314606741573,-0.9444613606892288,63.98876404494382,32.465283418685125,-25.47174696539792,32.21745175778547,-22.747702986159165,32.257361591695506,-25.321223089965393,5488.0,827.0,5482.0,CVL -> MED,0.00040839785292859116
2023-07-17,CVL,MED,489,269,6.597137014314929,1776.5337423312883,1785.7361963190185,1792.605316973415,0.8773006134969326,0.7607361963190185,4227.331288343558,0.3458077709611451,-2.1074790420195795,57.15746421267894,38.13878995591647,-12.699307839907185,38.37937932018561,-18.37070467053364,37.957066482598606,-12.403446278422269,21851.0,3667.0,21841.0,CVL -> MED,0.0005340736825090323
2023-07-24,CVL,MED,671,276,11.432190760059612,2703.6974664679583,2680.290611028316,2730.6065573770493,0.9046199701937406,0.3502235469448584,3973.2131147540986,0.7092399403874813,-3.3873442674832157,76.49776453055142,36.12974890444811,-10.68072368039539,36.350317378912685,-11.891770957166393,35.9574907446458,-11.09628908401977,389730.0,39335.0,389720.0,CVL -> MED,0.000853646124879141
2023-07-31,CVL,MED,437,273,6.4050343249427915,1817.8878718535468,1825.370709382151,1818.2517162471395,0.851258581235698,0.6956521739130435,3698.7780320366132,1.053089244851259,-2.6409962583330073,60.411899313501145,37.03125042118863,4.974835563307486,37.08606024031007,3.796126002583977,36.50019764341084,3.5654360025839766,19418.0,2419.0,19407.0,CVL -> MED,0.000553242291005445
2023-08-07,CVL,MED,402,256,8.388059701492537,2299.283582089552,2308.1094527363184,2312.0298507462685,0.8582089552238806,0.5497512437810945,4337.644278606966,1.5308457711442789,-2.252325410120233,50.44776119402985,33.72958901101928,-29.039294972451803,32.45343361157024,-30.079133071625353,32.55524359779614,-29.341847121212137,8020.0,2028.0,8012.0,CVL -> MED,0.0005399502762208316
2023-08-14,CVL,MED,1190,291,13.872268907563026,4967.657142857143,5027.890756302521,4958.547899159664,0.6638655462184874,0.31092436974789917,7070.98487394958,-1.1157142857142859,-5.6703977996610675,41.109243697478995,33.74873912210334,-70.0398663582887,34.45271111229941,-71.1273271390374,34.296417172905514,-68.31007999999994,285978.0,82348.0,285762.0,CVL -> MED,0.001484214320547887
2023-08-21,CVL,MED,498,264,9.55421686746988,2828.79718875502,2847.1305220883532,2864.839357429719,0.8755020080321285,0.43172690763052207,4751.718875502008,0.9166666666666664,-1.0690044705621156,61.04417670682731,30.61171427488152,-10.559943959715648,30.483571763033183,-12.881575388625603,30.18616102843602,-12.224171293838873,23380.0,2244.0,23360.0,CVL -> MED,0.0005806449356218673
2023-08-28,CVL,MED,494,247,8.53238866396761,2576.7651821862346,2643.6295546558704,2599.593117408907,0.9008097165991903,0.6639676113360324,5284.273279352226,-1.272267206477733,-0.5266215498841555,75.24291497975709,25.10697033995584,12.177625759381923,25.621811415011027,12.37372104194263,25.184207735099328,11.658417730684354,85947.0,6368.0,85932.0,CVL -> MED,0.000629653894294622
2023-09-04,CVL,MED,699,246,6.380543633762518,1714.7367668097281,1732.3304721030042,1721.0944206008583,0.759656652360515,0.7467811158798283,3860.2875536480688,1.1798283261802578,-3.689382553255235,60.257510729613735,39.28262174085365,-46.076424890243885,39.47714223018292,-43.182054461890225,39.088417685975614,-43.86330095731706,102908.0,13651.0,102908.0,CVL -> MED,0.000829486525293999
2023-09-11,CVL,MED,1196,302,8.909698996655518,2389.6688963210704,2453.049331103679,2411.0827759197323,0.9280936454849499,0.5735785953177257,4294.664715719064,1.3417224080267558,-4.1639493635136455,84.36454849498328,28.59786523950867,-36.83025159467762,28.33659881166834,-34.829874514841386,28.18339280655063,-35.53807905629481,715810.0,60170.0,669568.0,CVL -> MED,0.0013368610368721028
2023-09-18,CVL,MED,640,352,8.828125,2339.49375,2369.95625,2349.5359375,0.825,0.61875,4501.9890625,1.6135937500000002,-2.7278324525324016,61.4375,30.516907250000013,-7.7117764817073216,29.931272900406512,-6.832347487804885,29.854874526422773,-5.905574315040657,25291.0,3321.0,25289.0,CVL -> MED,0.0006458181759471075
2023-09-25,CVL,MED,331,252,9.108761329305135,2684.0694864048337,2722.2688821752267,2710.404833836858,0.851963746223565,0.5377643504531722,4961.54078549849,0.7196374622356496,-2.2638260759235593,62.9607250755287,34.002251579661014,-10.351165955932204,34.03008642711865,-13.795679176271193,34.256284477966105,-11.034591040677965,4512.0,598.0,4487.0,CVL -> MED,0.0003794496489804154
2023-10-02,CVL,MED,430,259,6.316279069767442,1705.0604651162791,1775.753488372093,1755.6767441860466,0.8023255813953488,0.7069767441860465,3958.567441860465,0.3030232558139534,-2.236577623689672,53.395348837209305,37.102961187012994,-14.563027820779222,36.92907674025974,-14.137122859740263,37.07694074545455,-14.833349353246756,29070.0,9067.0,29070.0,CVL -> MED,0.0004918794140457883
2023-10-09,CVL,MED,328,232,9.560975609756097,2622.987804878049,2658.4634146341464,2657.3536585365855,0.774390243902439,0.4847560975609756,5004.496951219512,0.21310975609756092,-2.1566514891196764,52.86585365853659,30.523136176870747,4.2147473843537435,30.74509365986394,4.93610592176871,31.506399102040813,4.0994093231292545,4279.0,904.0,4279.0,CVL -> MED,0.00023870621232917588
2023-10-16,CVL,MED,303,184,9.544554455445544,2591.5181518151817,2628.1419141914193,2402.8745874587457,0.7821782178217822,0.570957095709571,5022.478547854786,0.22475247524752445,-2.890037929922133,55.70957095709571,32.78602565271967,3.3737955857740602,33.25076947280335,1.5756721757322198,33.358181326359826,-1.2038467698744748,5644.0,921.0,5608.0,CVL -> MED,0.0002330514666859466
2023-10-23,CVL,MED,447,232,7.568232662192393,2117.1700223713647,2115.469798657718,2142.270693512304,0.7785234899328859,0.6219239373601789,4839.62192393736,0.00044742729306486743,-2.5434279483574533,51.07382550335571,25.78403486506024,-0.813281414457829,25.424201262650595,-5.576623828915659,26.561262226506024,-3.7618655734939743,19941.0,4435.0,19932.0,CVL -> MED,0.0003890843982378916
2023-10-30,CVL,MED,346,231,8.361271676300579,2354.1531791907514,2393.026011560694,2378.693641618497,0.8583815028901735,0.5491329479768786,4414.164739884393,1.0167630057803465,-1.6514915882735006,63.49710982658959,30.468412454545454,-27.712471081168836,31.24393236688312,-25.76172007467533,30.41994416558442,-24.449627639610394,8588.0,1369.0,8554.0,CVL -> MED,0.0003127898504213623
2023-11-06,CVL,MED,375,255,9.125333333333334,2461.88,2481.309333333333,2473.2373333333335,0.8373333333333334,0.6026666666666667,4543.736,0.6645333333333333,-1.5414183251934483,60.986666666666665,31.277002278124996,-24.1955939875,31.311893925,-21.096343550000004,31.501326174999996,-24.580936425,6864.0,875.0,6854.0,CVL -> MED,0.0003570031159231958
2023-11-13,CVL,MED,489,235,9.736196319018404,2608.79754601227,2616.7259713701433,2587.445807770961,0.7361963190184049,0.43149284253578735,4355.108384458078,0.6147239263803677,-3.0284620658297996,52.556237218813905,24.047279818604654,-25.51920588837209,23.70011958604651,-23.568444725581394,23.619516330232557,-24.851127283720928,19409.0,4022.0,19409.0,CVL -> MED,0.0005208161369927502
2023-11-20,CVL,MED,525,216,7.636190476190476,2265.539047619048,2329.7180952380954,2292.1885714285713,0.9219047619047619,0.7771428571428571,3652.502857142857,2.209904761904761,0.2351447997468223,77.73333333333333,27.63697735742972,-8.191247710843372,28.03161659437751,-11.097438100401611,27.469389526104422,-9.60071585140562,226244.0,13738.0,225992.0,CVL -> MED,0.0005622610390584002
2023-11-27,CVL,MED,381,195,5.587926509186352,1702.5196850393702,1717.9160104986877,1726.6587926509187,0.8792650918635171,0.7165354330708661,3991.758530183727,1.0572178477690297,-1.3024157171057147,54.69816272965879,20.050508184300337,-2.762592023890797,20.073751829351536,-4.0766237064846536,20.186710914675764,-2.481911877133115,21075.0,4197.0,21075.0,CVL -> MED,0.0003793532276388199
2023-12-04,CVL,MED,803,227,10.430884184308843,2696.6849315068494,2753.2540473225404,2727.8518057285182,0.8916562889165629,0.539227895392279,4531.921544209215,-0.021668742216687534,-3.329138862625221,76.53798256537982,21.066206131926144,32.11020983113461,21.422979718997393,31.907444749340396,21.29246082189976,32.32114256200532,712419.0,62116.0,712395.0,CVL -> MED,0.0008825873107465721
2023-12-11,CVL,MED,384,200,8.6953125,2212.7708333333335,2263.9322916666665,2230.890625,0.8255208333333334,0.4921875,3612.09375,1.0677083333333333,-2.3130343781908276,55.911458333333336,36.35193982568808,-7.98293339143731,35.43822035779817,-2.7003608103975543,36.34664196636087,-8.569605562691134,25382.0,5072.0,25382.0,CVL -> MED,0.00041226443757575625
2023-12-18,CVL,MED,421,176,8.209026128266034,2249.973871733967,2280.9976247030877,2261.826603325416,0.8931116389548693,0.6152019002375297,4297.434679334917,0.8691211401425181,-2.7535086935489677,70.52256532066508,39.88117834400001,-9.215732864000007,41.258533895999996,-8.75904494400001,39.75444618666667,-10.022720064000008,78778.0,8672.0,78768.0,CVL -> MED,0.0005240463849512799
2023-12-25,CVL,MED,260,184,5.673076923076923,1545.7961538461539,1548.676923076923,1590.7576923076922,0.7923076923076923,0.7346153846153847,3733.5692307692307,0.07269230769230771,-2.5777918222821232,62.42307692307692,32.608452932126696,-11.54895043891403,32.00768304977375,-10.614793515837109,31.78255771040724,-10.93118115384616,5339.0,821.0,5329.0,CVL -> MED,0.00042301184433164127
2024-01-01,CVL,MED,167,137,7.047904191616767,1986.820359281437,2007.0898203592815,2021.0359281437127,0.9101796407185628,0.7005988023952096,4089.946107784431,0.9479041916167665,-2.1022043018130003,70.23952095808383,31.6760983,-17.44621339230769,31.737883315384618,-17.414934130769232,31.7288662,-19.033864515384614,1823.0,241.0,1818.0,CVL -> MED,0.000227710608450927
2024-01-08,CVL,MED,383,193,6.099216710182768,1629.953002610966,1665.3054830287206,1635.66318537859,0.8772845953002611,0.7754569190600522,4174.394255874674,0.6164490861618799,-3.3518013737123162,55.900783289817234,24.197739164516136,-52.84041686774193,23.694346100000004,-50.13659041612904,24.017621100000003,-51.8898551483871,27924.0,6708.0,27909.0,CVL -> MED,0.0004537317959367903
2024-01-15,CVL,MED,283,212,8.915194346289752,2499.3957597173144,2537.9434628975264,2512.7950530035337,0.8091872791519434,0.5653710247349824,5018.650176678445,-1.0681978798586573,-2.8346899238151795,55.68904593639576,30.448141239837405,-11.288941597560974,29.641244138211377,-9.819167410569106,29.60054251219512,-9.804919430894309,3315.0,583.0,3270.0,CVL -> MED,0.00034852989351980706
2024-01-22,CVL,MED,402,230,8.211442786069652,2012.3009950248756,2057.121890547264,2053.126865671642,0.8134328358208955,0.43781094527363185,3958.8930348258705,0.23308457711442776,-2.6029416013612074,63.10945273631841,35.154030455525614,-10.72090779514825,31.273178770889494,-8.802976606468997,31.474050738544488,-9.113424407008083,15980.0,2471.0,15940.0,CVL -> MED,0.0005034887259856544
2024-01-29,CVL,MED,355,237,7.836619718309859,1933.8281690140846,1945.974647887324,1951.4704225352114,0.847887323943662,0.5633802816901409,4288.974647887324,0.19690140845070425,-1.4968482267105927,63.098591549295776,26.12462103125001,-20.103283974999993,25.685001031250003,-20.525907162499998,25.69707001562501,-19.80807469375,6954.0,1195.0,6944.0,CVL -> MED,0.00044199637936486987
2024-02-05,CVL,MED,267,192,6.378277153558052,1715.5505617977528,1733.6142322097378,1744.629213483146,0.8277153558052435,0.7378277153558053,3925.071161048689,0.44082397003745327,-1.7920131531666021,61.31086142322097,33.51106656818182,-16.461733622727273,34.257282749999995,-18.181095895454543,34.39868456818182,-15.778274077272728,3670.0,593.0,3652.0,CVL -> MED,0.0003065463137518743
2024-02-12,CVL,MED,359,225,6.523676880222841,1964.2200557103065,2020.7465181058496,1997.674094707521,0.7186629526462396,0.649025069637883,4058.423398328691,0.8699164345403896,-1.214446990851408,49.192200557103064,31.157012504854368,-35.73239063430421,28.139763530744336,-19.843992165048544,29.536702796116504,-27.522945229773462,4888.0,1309.0,4866.0,CVL -> MED,0.00040601306479923276
2024-02-19,CVL,MED,412,232,7.890776699029126,2085.8616504854367,2115.2451456310678,2114.135922330097,0.9247572815533981,0.7087378640776699,4108.589805825242,1.0810679611650484,-1.262619459940839,64.1504854368932,27.822482136904767,-5.522239205357138,28.056056541666674,-6.186813907738089,27.75599255357144,-5.551662122023804,21280.0,2331.0,21265.0,CVL -> MED,0.00044977527611507695
2024-02-26,CVL,MED,928,251,6.015086206896552,1580.290948275862,1628.5484913793102,1626.7478448275863,0.6131465517241379,0.7618534482758621,3517.9439655172414,-1.0809267241379312,-3.110426079405348,48.63146551724138,45.101801935195475,-16.70503585139663,45.031708834636845,-17.10170263351954,44.88434860223461,-16.949146520670382,403952.0,83226.0,403952.0,CVL -> MED,0.0010416538050109386
2024-03-04,CVL,MED,386,252,7.4974093264248705,2101.4455958549224,2110.7823834196893,2122.1165803108806,0.8212435233160622,0.6865284974093264,4771.424870466321,0.6031088082901556,-1.5323711512824814,53.54922279792746,32.578936288184444,-33.46887782132564,33.0771973832853,-33.53773267435158,32.85423484726225,-28.050601933717566,6866.0,1928.0,6866.0,CVL -> MED,0.00044990180252108187
2024-03-11,CVL,MED,331,218,6.2749244712990935,1631.0966767371601,1662.700906344411,1654.2054380664651,0.8610271903323263,0.6616314199395771,3787.1117824773414,1.0410876132930513,-2.4654232916792185,61.873111782477345,32.50562729209622,-5.863182127147767,33.24902567697595,-5.867179756013743,32.82140770446735,-6.062230821305843,8024.0,1144.0,8010.0,CVL -> MED,0.00039791306020388534
2024-03-18,CVL,MED,518,219,8.223938223938225,2160.3050193050194,2177.8571428571427,2176.337837837838,0.859073359073359,0.6061776061776062,5277.106177606178,0.3476833976833977,-1.1557186662562604,72.49034749034749,42.68438406444908,2.4360897255717293,42.83709716216219,2.7000321787941823,42.470529386694395,0.7310290748440817,158422.0,18214.0,158131.0,CVL -> MED,0.0005795428100889676
2024-03-25,CVL,MED,336,211,6.607142857142857,1828.9345238095239,1871.9285714285713,1856.4136904761904,0.8482142857142857,0.6309523809523809,4685.574404761905,0.2523809523809522,-0.5999863655170012,63.095238095238095,34.0462825915493,-21.719410623239437,33.97216909507043,-21.362957573943664,33.877604306338036,-20.890264732394368,8832.0,1471.0,8817.0,CVL -> MED,0.0004396006960344354
2024-04-01,CVL,MED,323,200,5.708978328173375,1593.4396284829722,1644.4489164086688,1629.4922600619195,0.8668730650154799,0.7739938080495357,3742.7894736842104,0.6061919504643961,-1.3935642972558955,62.84829721362229,32.73895325475285,-30.58692255513309,33.449010288973376,-28.597498068441073,33.552157817490496,-29.182888562737652,8943.0,1376.0,8943.0,CVL -> MED,0.00040825612700178215
2024-04-08,CVL,MED,287,211,7.494773519163763,2031.5853658536585,2053.418118466899,2049.3101045296166,0.867595818815331,0.5296167247386759,4210.783972125436,0.6104529616724736,-1.8122706273361588,58.641114982578394,25.779061613281243,-20.201610683593756,26.719484613281246,-20.552941332031242,25.534198769531248,-19.31409566015625,3372.0,612.0,3292.0,CVL -> MED,0.0003257680236550718
2024-04-15,CVL,MED,347,240,7.804034582132565,2100.1008645533143,2134.3890489913547,2120.6801152737753,0.8357348703170029,0.6512968299711815,4253.463976945245,0.995389048991354,-2.1084869611388553,62.622478386167145,28.405381045454547,-22.80417343006993,28.876382356643358,-23.625248255244756,28.629455870629375,-22.363363639860143,4845.0,711.0,4845.0,CVL -> MED,0.0003974931584210701
2024-04-22,CVL,MED,295,208,7.511864406779661,2096.1898305084746,2124.0474576271185,2106.159322033898,0.9016949152542373,0.6237288135593221,4057.528813559322,0.5281355932203388,-1.4886639158371036,67.59322033898304,29.3541663106383,-23.430903051063833,29.6540063106383,-23.69087497872341,29.514272310638297,-24.132712838297877,4036.0,524.0,4036.0,CVL -> MED,0.0003155441317883437
2024-04-29,CVL,MED,307,200,6.996742671009772,1933.8306188925083,2011.5700325732898,2009.6905537459284,0.8697068403908795,0.5504885993485342,4057.016286644951,1.1254071661237788,-1.4532567464117723,60.06514657980456,32.09488251127819,15.354373827067676,32.00127198496239,13.868112672932337,31.579526590225562,14.618608537593992,9265.0,1159.0,9262.0,CVL -> MED,0.00035170243453694995
2024-05-06,CVL,MED,347,197,6.783861671469741,1872.400576368876,1897.3775216138329,1885.4092219020172,0.8876080691642652,0.6628242074927954,4059.4610951008644,1.4121037463976944,-2.0965627936037525,66.02305475504323,33.70950655518395,-31.42357980936455,33.64230969899666,-32.15605419063545,33.51390277591974,-31.632913488294317,9732.0,1441.0,9725.0,CVL -> MED,0.00040919811320754717
2024-05-13,CVL,MED,303,199,7.148514851485149,1943.7887788778878,1962.2772277227723,1955.8943894389438,0.8646864686468647,0.6633663366336634,3868.204620462046,0.5471947194719471,-2.005961606639349,70.89108910891089,29.32447493951614,-15.167972185483865,29.430644294354845,-15.150441943548383,29.71187292338711,-16.833699604838703,12039.0,1200.0,11998.0,CVL -> MED,0.00037557312086389255
2024-05-20,CVL,MED,482,233,7.323651452282157,2107.0767634854774,2108.2116182572613,2122.1659751037346,0.8485477178423236,0.5912863070539419,4916.547717842323,0.41618257261410774,-2.356417825781882,60.08298755186722,29.506841924349878,3.3903902104018875,29.33888181087471,0.7869297801418421,29.31132464775414,0.32716311347517785,32989.0,4640.0,32979.0,CVL -> MED,0.000622350651983323
2024-05-27,CVL,MED,426,182,8.272300469483568,2811.4014084507044,2830.894366197183,2829.3145539906104,0.8380281690140845,0.44835680751173707,5562.711267605634,1.4281690140845056,-0.7816280419172851,61.220657276995304,37.81906850518134,-48.985015157622726,38.0826309404145,-48.65454420155037,37.88007386010362,-48.288189248062004,39472.0,6871.0,39472.0,CVL -> MED,0.0005386595722082008
2024-06-03,CVL,MED,322,212,11.347826086956522,3415.4596273291927,3431.198757763975,3424.990683229814,0.8105590062111802,0.6273291925465838,5832.437888198758,0.4018633540372672,-2.0437169468163923,56.5527950310559,34.53137908275862,-35.56633583448277,31.901576462068963,-26.76507516206897,35.18920770344827,-37.178711351724154,6570.0,1448.0,6524.0,CVL -> MED,0.00037372113671578044
2024-06-10,CVL,MED,319,211,7.724137931034483,2407.9184952978057,2448.3918495297808,2439.5987460815045,0.8181818181818182,0.45141065830721006,4270.460815047022,0.3009404388714732,-1.9411068007613628,63.66771159874608,26.648406011538455,4.138066723076923,28.12111523461538,5.99456945,27.43675378076923,5.804354976923077,18059.0,863.0,11279.0,CVL -> MED,0.0003895022429956752
2024-06-17,CVL,MED,378,242,7.298941798941799,2059.4179894179892,2070.9550264550267,2080.9550264550267,0.873015873015873,0.6693121693121693,4196.201058201058,-0.09523809523809516,-0.6487668238459577,65.82010582010582,27.809891801801797,-25.760598363363357,27.574354414414415,-26.286619135135133,27.723147357357355,-25.636127792792795,13020.0,1415.0,12985.0,CVL -> MED,0.0005302226935312832
2024-06-24,CVL,MED,467,248,7.743040685224839,2106.1905781584583,2122.967880085653,2116.8008565310492,0.7259100642398287,0.556745182012848,4960.203426124197,0.8845824411134906,-2.021210255035284,57.773019271948606,34.37325032467533,-55.43615665194805,35.56148677142857,-51.149853841558446,34.79014574545455,-56.20428760779222,24301.0,4166.0,24301.0,CVL -> MED,0.0006059819632777525
2024-07-01,CVL,MED,422,182,8.819905213270141,2319.462085308057,2340.7369668246447,2345.2559241706163,0.7061611374407583,0.3909952606635071,5666.841232227488,1.1165876777251194,-2.0818392013676963,56.18483412322275,33.76058545308309,-44.189054849865975,33.89139436729221,-45.36154269436999,34.45995375067023,-45.59028300000002,65886.0,12613.0,65876.0,CVL -> MED,0.0006247834725524626
2024-07-08,CVL,MED,329,233,7.635258358662614,2350.4407294832827,2391.483282674772,2376.227963525836,0.8267477203647416,0.5835866261398176,5350.677811550152,0.713677811550152,-1.502884993876289,62.58358662613982,34.37570352123553,-33.97875588461538,34.15722861776062,-32.59474515384615,34.093352555984566,-33.39671346153846,15037.0,1577.0,15029.0,CVL -> MED,0.00042658354554460067
2024-07-15,CVL,MED,315,187,9.015873015873016,2604.6349206349205,2540.431746031746,2632.2825396825397,0.8857142857142857,0.49523809523809526,4996.120634920635,1.301269841269841,-1.6173702546316557,59.04761904761905,31.822348378378383,-26.33434562548263,32.237727015444015,-25.84733069111969,32.06129586872587,-25.309221301158303,7418.0,1313.0,7263.0,CVL -> MED,0.00041717875911171385
2024-07-22,CVL,MED,492,233,7.091463414634147,1985.8597560975609,1999.35162601626,1987.9674796747968,0.8577235772357723,0.676829268292683,4686.109756097561,-0.6266260162601628,-1.4614186679844183,62.520325203252035,32.60164837837838,-15.946917795045039,32.429314792792795,-15.92450506081081,32.391936891891895,-15.128618470720719,57821.0,8145.0,57797.0,CVL -> MED,0.0005874528664595457
2024-07-29,CVL,MED,414,204,6.683574879227053,2013.6980676328503,2072.2342995169083,2077.7753623188405,0.8043478260869565,0.6835748792270532,4295.371980676328,0.17173913043478237,-2.090306228793721,59.08212560386473,37.05926616901409,-29.397433484506987,37.596183836619716,-28.029854228168958,36.79543281690142,-29.64860985070417,32155.0,6017.0,32133.0,CVL -> MED,0.000528424516344783
2024-08-05,CVL,MED,222,173,6.121621621621622,1930.3783783783783,1955.9324324324325,1950.5315315315315,0.9234234234234234,0.6981981981981982,4287.103603603604,1.0135135135135136,-1.566765601844753,67.38738738738739,30.029756480225984,-29.671008994350284,30.984636141242934,-30.202766621468932,29.924915237288136,-29.623744587570627,3056.0,352.0,3045.0,CVL -> MED,0.00029633347393600266
2024-08-12,CVL,MED,567,197,5.7707231040564375,1401.8959435626102,1492.2663139329807,1454.8712522045855,0.8377425044091711,0.8747795414462081,3841.5873015873017,1.862257495590829,-3.009740366033612,46.948853615520285,40.3003487598425,-24.573196503937005,39.27574635629917,-15.119287765748037,39.948388836614136,-13.830932135826776,47358.0,11998.0,39692.0,CVL -> MED,0.0007358934291335925
2024-08-19,CVL,MED,386,203,5.484455958549223,1645.5647668393783,1670.9041450777202,1661.259067357513,0.8963730569948186,0.7409326424870466,3133.5751295336786,0.632383419689119,-2.06225455109651,57.7979274611399,32.81622265281898,45.46650759347178,32.893300694362004,45.41705322848664,32.827949655786334,45.34842064688426,74962.0,636.0,74957.0,CVL -> MED,0.0004608025365627712
2024-08-26,CVL,MED,483,208,9.387163561076605,2741.0289855072465,2800.490683229814,2775.6211180124224,0.9316770186335404,0.577639751552795,4354.619047619048,-0.6821946169772257,-2.5993049821835874,59.772256728778466,25.879053745843255,-33.685050624703074,25.800988793349187,-33.93677211401423,25.822350966745862,-34.046128408551056,78850.0,13589.0,78850.0,CVL -> MED,0.0006578194714563551
2024-09-02,CVL,MED,384,195,6.252604166666667,1858.0755208333333,1926.3880208333333,1886.1536458333333,0.8854166666666666,0.7421875,4991.364583333333,0.24062499999999987,-2.031925131318761,54.375,34.55157376246333,7.776145117302043,31.76662669501466,-44.05566055131966,34.61140902639295,9.695781480938408,33869.0,6284.0,33853.0,CVL -> MED,0.0005295967341534727
2024-09-09,CVL,MED,362,224,7.856353591160221,2634.5303867403313,2661.196132596685,2663.295580110497,0.8259668508287292,0.5773480662983426,5181.696132596685,0.6781767955801105,-2.5631902077912776,59.30939226519337,34.944819557377045,-45.68056456393444,34.05326972131148,-44.472568727868854,34.28400906557376,-45.1824820590164,6914.0,1049.0,6903.0,CVL -> MED,0.0004687054923997203
2024-09-16,CVL,MED,387,245,6.976744186046512,1861.454780361757,1888.8708010335918,1881.1989664082687,0.8708010335917312,0.5478036175710594,4056.483204134367,1.0183462532299736,-2.3725845419094,63.229974160206716,34.74795507210032,-35.09067519749215,33.85460805015675,-35.86765603761755,33.8313413416928,-35.76969142946708,11211.0,1875.0,11209.0,CVL -> MED,0.0005269902050631911
2024-09-23,CVL,MED,470,261,5.004255319148936,1455.1212765957446,1512.740425531915,1502.4553191489363,0.7702127659574468,0.7808510638297872,3435.195744680851,-0.2500000000000001,-2.776218693289281,57.638297872340424,32.110301400943406,-44.653677374999994,32.479106705188684,-45.66682314858492,32.44897963915095,-44.19439085613209,20993.0,3782.0,20553.0,CVL -> MED,0.000541598198667438
2024-09-30,CVL,MED,898,211,6.416481069042316,1786.9933184855233,1847.390868596882,1808.978841870824,0.6169265033407573,0.8752783964365256,2739.5345211581293,-0.8685968819599107,-2.9437010415642146,51.28062360801782,-17.139283280637446,92.72434007230397,-16.744031450980486,97.0991913872549,-16.989613513480528,95.57118213112746,241717.0,40344.0,238427.0,CVL -> MED,0.0010279433463562385
2024-10-07,CVL,MED,536,232,4.302238805970149,1232.3899253731342,1259.3376865671642,1228.891791044776,0.8973880597014925,0.8171641791044776,3530.6305970149256,1.8535447761194033,-0.6685184717941757,75.91417910447761,10.539208683291774,19.107488673316805,10.350523147132174,18.909238299251964,10.489443596009979,18.850125830424037,186664.0,10390.0,186640.0,CVL -> MED,0.0007132705584269723
2024-10-14,CVL,MED,481,282,5.727650727650728,1526.5072765072764,1565.5779625779626,1558.3056133056134,0.8503118503118503,0.7484407484407485,4420.158004158005,2.671309771309768,-1.3846180878628183,57.67151767151767,15.65954256812934,14.011047840646716,15.515502034642042,14.076555512702143,15.471416699769062,13.19360108545041,96925.0,8167.0,96910.0,CVL -> MED,0.0006215321478135248
2024-10-21,CVL,MED,529,244,9.621928166351607,2340.82797731569,2338.2646502835537,2335.6370510396973,0.9149338374291115,0.5633270321361059,4829.9470699432895,1.174291115311909,-2.140341375332405,53.95085066162571,26.00263827216494,-12.350877053608233,25.921153117525762,-13.01653746597937,26.023475385566993,-12.655765919587612,30396.0,7331.0,30381.0,CVL -> MED,0.0006463610726905727
2024-10-28,CVL,MED,851,286,8.762632197414806,2472.10223266745,2489.7085781433607,2461.4441833137485,0.6498237367802585,0.5264394829612221,4660.579318448884,1.9128084606345452,-3.3466244781739847,54.571092831962396,36.01159034126983,-48.53699810686015,35.814215931125815,-50.10113938258575,36.00931904497353,-49.95560679155671,266071.0,49858.0,262651.0,CVL -> MED,0.001202536206796661
2024-11-04,CVL,MED,441,266,7.578231292517007,1939.453514739229,1974.2585034013605,1964.4920634920634,0.7777777777777778,0.5238095238095238,4749.138321995465,0.5696145124716555,-0.9995515586293983,60.56689342403628,33.50618828571429,-32.243215602857134,33.27039986571429,-32.57868171714286,33.43946917142857,-32.26187386,16330.0,3036.0,16304.0,CVL -> MED,0.0005752141400939908
2024-11-11,CVL,MED,384,199,7.4140625,1936.2369791666667,1964.0182291666667,1756.1015625,0.7604166666666666,0.6953125,4382.59375,-0.38593750000000027,-2.5103365819126853,59.635416666666664,32.141242348484845,-0.24608404848485008,30.150686975757576,-1.6786997909090904,31.12073703636363,-6.887531015151516,13114.0,2251.0,13102.0,CVL -> MED,0.0005076296471577367
2024-11-18,CVL,MED,550,235,14.901818181818182,3552.776363636364,3625.9836363636364,3622.789090909091,0.7418181818181818,0.4763636363636364,5333.152727272727,-4.362909090909091,-3.0893257943893504,38.72727272727273,35.06385237747039,9.392539691699586,34.88590445256922,9.067619098814223,35.13307362252969,8.57008540316205,27756.0,21165.0,26573.0,CVL -> MED,0.0007386625373192459
2024-11-25,CVL,MED,265,194,8.064150943396227,2056.724528301887,2071.6,2064.1245283018866,0.8226415094339623,0.47924528301886793,4212.441509433962,1.56,-1.2142306866115906,61.698113207547166,15.440412222748817,25.07684719431278,15.77780179620853,24.912124919431268,15.731640658767773,24.925412597156388,4232.0,694.0,4209.0,CVL -> MED,0.0003769478602874761
2024-12-02,CVL,MED,441,249,8.324263038548754,2190.249433106576,2217.1111111111113,2200.9591836734694,0.8072562358276644,0.5124716553287982,4105.4399092970525,1.3133786848072562,-2.909323518024729,55.78231292517007,29.274495138121544,3.54166739037433,30.232947187500006,-9.124905925133685,30.085265589812334,-8.046184347593579,10928.0,2512.0,10862.0,CVL -> MED,0.0005426349912206334
2024-12-09,CVL,MED,379,217,9.37730870712401,2482.89709762533,2523.1477572559365,2511.126649076517,0.8126649076517151,0.40897097625329815,4985.64907651715,0.9620052770448545,-1.7754728054829558,58.970976253298154,33.627006851612904,-39.32075817096775,33.45123207741935,-37.66997755806452,33.775378364516115,-38.8513708516129,9967.0,2296.0,9932.0,CVL -> MED,0.00047240777141945446
2024-12-16,CVL,MED,450,238,9.08,2370.9222222222224,2417.682222222222,2397.8155555555554,0.8866666666666667,0.5444444444444444,4396.833333333333,1.0693333333333335,-1.7101423817283692,55.333333333333336,37.673317756962014,-43.30632402784809,37.754551174683534,-41.713716182278475,37.86224914936707,-41.65167111898733,14471.0,3371.0,14345.0,CVL -> MED,0.0006153921894423316
2024-12-23,CVL,MED,270,155,6.2555555555555555,1856.4444444444443,1867.6925925925925,1867.414814814815,0.8222222222222222,0.6444444444444445,4017.5555555555557,1.3544444444444441,-1.6808717335872363,58.851851851851855,22.254309360869566,12.054209560869564,23.044553813043482,11.3045194173913,22.08525216521739,12.415582169565218,8487.0,1224.0,8487.0,CVL -> MED,0.0005715531639701352
2024-12-30,CVL,MED,286,138,6.468531468531468,1932.3496503496503,2003.8496503496503,2002.541958041958,0.7832167832167832,0.7132867132867133,3418.0944055944055,2.2335664335664336,-2.1919951490009244,52.62237762237762,35.84222196498054,-28.46824161089494,35.80973135797665,-26.764429937743195,35.4894056770428,-29.17985756420234,8334.0,1838.0,8334.0,CVL -> MED,0.0005778303078057601
2025-01-06,CVL,MED,463,224,6.339092872570195,1643.8099352051836,1707.792656587473,1682.4665226781858,0.8682505399568035,0.7602591792656588,3259.721382289417,0.6177105831533475,-2.5318470185184614,60.388768898488124,33.03052216949149,-0.09028879176760461,33.231690530266306,0.019204750605272543,33.411119585956385,-1.1863522300242668,122866.0,20445.0,122846.0,CVL -> MED,0.0006466182424553058
2025-01-13,CVL,MED,274,184,7.145985401459854,1955.6605839416059,2007.7956204379561,1985.3430656934306,0.8357664233576643,0.572992700729927,3779.7591240875913,0.17883211678832106,-2.839174292820486,65.54744525547446,29.916127354430387,-39.42779552742617,30.174883063291144,-39.33888591139242,29.973223696202535,-37.91377364978903,5260.0,717.0,5210.0,CVL -> MED,0.000346015954618871
2025-01-20,CVL,MED,291,225,7.185567010309279,1930.5292096219932,2005.594501718213,1989.1649484536083,0.8694158075601375,0.6769759450171822,4498.996563573884,-0.3879725085910651,-1.6018039965822048,61.54639175257732,30.994985962809917,-15.693768132231405,31.012415289256193,-14.749369475206615,31.132900314049582,-15.767841479338843,3544.0,541.0,3460.0,CVL -> MED,0.00032202875904945076
2025-01-27,CVL,MED,553,209,6.231464737793852,1436.9041591320072,1485.001808318264,1470.509945750452,0.9475587703435805,0.6690777576853526,3682.96383363472,0.11247739602169983,-3.1374425115774427,65.22603978300181,35.48583808298755,-16.881896846473026,35.4044040912863,-17.034164896265555,35.42090549170125,-17.512378589211608,153037.0,23715.0,153037.0,CVL -> MED,0.0006766719487050849
2025-02-03,CVL,MED,382,211,7.465968586387435,1878.3586387434555,1932.0549738219895,1903.7931937172775,0.7643979057591623,0.5261780104712042,3767.057591623037,0.2261780104712041,-2.2031629988447223,49.973821989528794,19.154441991228072,-15.873950988304088,20.057867649122812,-14.50069484795321,18.763948426900587,-16.48352155263158,10465.0,2032.0,10455.0,CVL -> MED,0.00044254195170268597
2025-02-10,CVL,MED,220,174,7.122727272727273,1987.5045454545455,2000.6772727272728,2013.9954545454545,0.8318181818181818,0.6227272727272727,4015.3954545454544,0.6695454545454546,-1.9727315673168377,62.63636363636363,29.308741981481482,-7.2372583827160515,28.31985114197531,-10.904274141975307,29.582411944444445,-7.060841716049386,2331.0,359.0,2331.0,CVL -> MED,0.0002510326570665693
2025-02-17,CVL,MED,338,194,15.011834319526628,3572.695266272189,3574.689349112426,3586.440828402367,0.621301775147929,0.363905325443787,4774.677514792899,1.8573964497041426,-2.5088777570757133,48.37278106508876,36.93152508163265,-1.1048894169491523,35.994644911564635,-1.771489528813559,36.85161759863946,-0.7063068169491524,10441.0,2989.0,10439.0,CVL -> MED,0.00036438277008525263
2025-02-24,CVL,MED,312,192,6.852564102564102,1974.3141025641025,1998.5288461538462,1982.8557692307693,0.907051282051282,0.6666666666666666,4312.538461538462,0.7756410256410255,-1.726494137011357,62.56410256410256,36.599696102127666,-46.85531927659573,36.967159719148945,-45.15900182978721,36.810109506382986,-45.18674991489358,19122.0,2758.0,19079.0,CVL -> MED,0.0003351148842564746
2025-03-03,CVL,MED,228,171,6.530701754385965,1927.188596491228,1964.311403508772,1935.0438596491229,0.868421052631579,0.7368421052631579,4123.622807017544,0.47368421052631576,-1.4502357132875687,66.84210526315789,30.770359113924048,-23.499933107594938,31.397126835443032,-22.960028044303797,30.902471772151898,-22.505207158227847,6241.0,711.0,6238.0,CVL -> MED,0.00025521654788276607
2025-03-10,CVL,MED,210,166,7.4,2061.595238095238,2108.447619047619,2088.6857142857143,0.8476190476190476,0.6095238095238096,4392.7904761904765,0.8699999999999998,-1.2661699566218696,57.333333333333336,27.144529622641507,-15.43803865625,29.148356880503144,-15.574150506250001,28.393230672955976,-15.258813262500002,1991.0,314.0,1991.0,CVL -> MED,0.00023650699441280383
2025-03-17,CVL,MED,540,233,6.92962962962963,2049.3259259259257,2087.987037037037,2080.0666666666666,0.8111111111111111,0.6037037037037037,3350.175925925926,0.3031481481481483,-1.0982162925898722,62.833333333333336,14.608950418511073,36.04096769818914,15.501980398390346,33.582711400402424,14.878521843058358,35.46257896177063,197745.0,11974.0,197638.0,CVL -> MED,0.0006019972932418
2025-03-24,CVL,MED,264,202,7.670454545454546,2242.4166666666665,2272.007575757576,2242.806818181818,0.9015151515151515,0.5757575757575758,4299.185606060606,0.6454545454545455,-1.43492339870517,64.35606060606061,32.96340353181818,-28.613432013636363,32.53892319090909,-29.898967286363636,32.22959082727272,-30.425461422727274,3826.0,555.0,3813.0,CVL -> MED,0.0003273659318706855
2025-03-31,CVL,MED,235,175,6.493617021276596,1953.4382978723404,1961.9531914893616,1964.7744680851065,0.8851063829787233,0.7106382978723405,3722.48085106383,0.3548936170212765,-0.5309838970302188,65.87234042553192,32.23033219444445,-19.413221961111113,31.92522208333333,-18.78078735,31.962613194444444,-17.988734905555557,3647.0,509.0,3522.0,CVL -> MED,0.00032540363898197127
2025-04-07,CVL,MED,198,170,7.318181818181818,2033.3232323232323,2075.540404040404,2056.873737373737,0.8888888888888888,0.6717171717171717,4166.782828282829,0.7656565656565655,-1.460296390471189,62.82828282828283,28.965084715151512,-20.21282166060606,28.537104896969698,-21.17279172121212,28.87522998787879,-21.44919650909091,1892.0,275.0,1822.0,CVL -> MED,0.00025567818638939785
2025-04-14,CVL,MED,431,213,9.2830626450116,2513.767981438515,2537.1345707656615,2522.31090487239,0.8352668213457076,0.4733178654292343,3856.705336426914,-0.043619489559164795,-3.1577224721965713,58.46867749419953,36.35709220689657,-29.6541167480106,36.268350694960226,-28.5470294801061,35.06207708753317,-37.19763505039787,25397.0,4698.0,25362.0,CVL -> MED,0.000518410176716527
2025-04-21,CVL,MED,536,244,8.498134328358208,2787.742537313433,2814.5727611940297,2808.9832089552237,0.8619402985074627,0.5223880597014925,5144.436567164179,1.1940298507462686,-2.4254043237678307,69.96268656716418,18.451397159420278,12.937560542443071,18.309081310558998,11.682229693581785,18.330444933747405,10.858484351966876,107071.0,6971.0,107071.0,CVL -> MED,0.0005731388225632779
2025-04-28,CVL,MED,270,210,6.614814814814815,1988.351851851852,1976.9962962962964,2008.8185185185184,0.8777777777777778,0.6333333333333333,4055.696296296296,0.8274074074074074,-2.095256579888087,63.7037037037037,28.743804487068967,-8.898663521551725,28.528415262931034,-8.59874765948276,28.58334401293104,-8.822974728448276,5353.0,611.0,5343.0,CVL -> MED,0.00034846128530590384
2025-05-05,CVL,MED,276,209,7.63768115942029,2100.3985507246375,2094.246376811594,2108.286231884058,0.8586956521739131,0.6014492753623188,3906.3333333333335,1.242391304347826,-0.5394549317440619,61.48550724637681,28.59210066244726,-14.41759145991561,28.822600071729962,-14.522733227848102,28.825917540084394,-14.930095105485233,4504.0,421.0,4499.0,CVL -> MED,0.00033349323286648307
2025-05-12,CVL,MED,234,186,7.205128205128205,2012.1923076923076,2039.9529914529915,2020.5042735042734,0.8162393162393162,0.6196581196581197,4661.67094017094,1.041025641025641,-1.5042817031856082,58.205128205128204,33.14150606217616,-23.446346528497408,32.3797477357513,-24.183207233160616,31.873478953367876,-23.72658086010362,2577.0,453.0,2572.0,CVL -> MED,0.0002902696406486658
2025-05-19,CVL,MED,303,217,8.158415841584159,2316.6831683168316,2299.943894389439,2332.920792079208,0.8514851485148515,0.6072607260726073,4445.996699669967,0.946864686468647,-1.3890229839959893,64.0924092409241,27.428460365546215,-14.995471470833337,27.95335228571429,-14.685612287500001,27.717020773109248,-14.008141608333336,6498.0,865.0,6495.0,CVL -> MED,0.00039125752492814034
