week,a1c,a2c,mentions,events,avg_sentenceid,avg_a1co,avg_a2co,avg_actco,avg_raw_text,avg_root_event,avg_len,avg_goldstein,avg_tone,avg_confidence,avg_lat1,avg_lon1,avg_lat2,avg_lon2,avg_lata,avg_lona,total_num_mentions,total_num_sources,total_num_articles,pair,Relative_mentions
2016-01-11,CVL,GBR,571,276,8.122591943957968,1949.4851138353765,2031.1190893169878,2011.6059544658494,0.30823117338003503,0.5271453590192644,4416.318739054291,-1.804728546409807,-4.482402091663162,39.15936952714536,49.1448797486535,-3.215826274685818,48.98121960502693,-2.5528174434470383,48.150588850987425,-2.3366813141831244,14985.0,5494.0,14674.0,CVL -> GBR,0.00037260133810210845
2016-01-18,CVL,GBR,956,459,7.00418410041841,1962.057531380753,1961.8274058577406,1966.758368200837,0.3075313807531381,0.7730125523012552,4365.627615062762,1.83274058577406,-1.8671026537550959,44.41422594142259,48.97067482539681,3.0023862455026435,49.07397034920634,5.7769655174603205,48.29750759788359,5.057753323809522,42257.0,8669.0,42255.0,CVL -> GBR,0.0006366822196500379
2016-01-25,CVL,GBR,720,407,5.584722222222222,1426.4694444444444,1510.2569444444443,1443.9194444444445,0.45555555555555555,0.6430555555555556,3402.6694444444443,1.4898611111111115,-1.727594503002012,47.791666666666664,42.78037032810271,5.11240067047076,45.60171998573467,5.970610447931532,44.11914596291013,5.6594389928673365,28520.0,5712.0,28194.0,CVL -> GBR,0.0005032156880286385
2016-02-01,CVL,GBR,1131,434,6.037135278514588,1653.2776304155614,1664.6887709991158,1661.2139699381078,0.6534040671971706,0.7992926613616269,5002.888594164457,0.34526967285587995,-1.0490033547800395,63.11229000884173,47.953952414721726,-24.18504683482946,48.14739430755397,-25.889993469424482,48.0384654627134,-24.41997024258762,273280.0,27920.0,269977.0,CVL -> GBR,0.0007710525992858048
2016-02-08,CVL,GBR,987,404,5.589665653495441,1552.8459979736576,1587.0749746707193,1589.8085106382978,0.3819655521783181,0.6605876393110436,3844.3910840932117,1.6876393110435668,-1.3540211506607607,44.16413373860183,49.68828960416666,-6.178950391666667,50.84669864583332,-5.695470296875,33.743468770833324,20.799707477083338,87815.0,21304.0,87695.0,CVL -> GBR,0.0006164354045021644
2016-02-15,CVL,GBR,424,307,7.15566037735849,2213.7311320754716,2218.3372641509436,2252.3396226415093,0.455188679245283,0.7051886792452831,5738.030660377359,1.682311320754717,-1.0080146192483352,48.160377358490564,47.18360733496333,0.3401967188264055,49.266366097560976,-2.993730209756099,49.61098557457213,-4.003076435207825,4670.0,776.0,4660.0,CVL -> GBR,0.0002572946679321033
2016-02-22,CVL,GBR,1058,468,9.38563327032136,2305.0973534971645,2332.196597353497,2322.694706994329,0.5198487712665406,0.6446124763705104,3827.39224952741,0.8572778827977318,-2.771440562617934,50.274102079395085,50.46286320952379,-1.3062904647619051,51.22534644761904,-0.8474561647619051,51.06435301904761,-1.3822364190476195,126220.0,19712.0,126036.0,CVL -> GBR,0.0006652979220444391
2016-02-29,CVL,GBR,1724,617,7.806264501160093,1895.0394431554525,1924.6618329466357,1900.8532482598607,0.740139211136891,0.5678654292343387,3477.630510440835,-0.24280742459396848,-3.9002195591370548,51.438515081206496,49.39705335948475,-0.21468012939109998,51.91498561943793,-1.5052848120608897,49.281450666276335,-0.8037611170960185,473256.0,61617.0,472849.0,CVL -> GBR,0.0011209581461276879
2016-03-07,CVL,GBR,729,415,6.3717421124828535,1694.307270233196,1760.034293552812,1739.2194787379972,0.6200274348422496,0.7407407407407407,4000.7764060356653,1.7091906721536352,-0.8513424913651272,60.205761316872426,48.297118871866296,-4.589185349582173,49.397083077994424,-4.951514781337047,48.94760717270194,-4.552634562674094,51116.0,4689.0,48290.0,CVL -> GBR,0.0004732635318313546
2016-03-14,CVL,GBR,511,303,6.1506849315068495,1770.6497064579257,1777.1526418786693,1769.1076320939335,0.4500978473581213,0.6712328767123288,3977.8727984344423,0.4729941291585123,-0.1517173151933733,45.65557729941292,47.72745384242424,-0.31440464040404154,47.665367175757574,-6.328944585858587,46.359588993939404,-6.3125138808080825,8070.0,1671.0,8055.0,CVL -> GBR,0.0003562733390411436
2016-03-21,CVL,GBR,640,325,7.2984375,2332.7890625,2340.7859375,2357.5875,0.334375,0.6703125,4825.3046875,0.7456249999999998,-0.7564245462059549,46.140625,50.147497777777794,-6.562202287301584,50.94698873015875,-6.329765187301585,50.72546009538953,-7.2240557297297325,27393.0,7919.0,27035.0,CVL -> GBR,0.0004492403976619845
2016-03-28,CVL,GBR,1044,332,6.632183908045977,1654.8208812260536,1664.3333333333333,1692.5785440613026,0.49616858237547895,0.8630268199233716,4603.573754789272,0.2936781609195417,-3.224701367864015,43.984674329501914,46.68427393378775,-28.406660047711725,48.443128558909464,-31.771254280428373,48.39160791626097,-30.839029503407936,273544.0,62252.0,273474.0,CVL -> GBR,0.0007252825579965528
2016-04-04,CVL,GBR,592,325,5.33277027027027,1373.0557432432433,1362.0422297297298,1388.152027027027,0.4560810810810811,0.7820945945945946,3955.3817567567567,1.2180743243243244,-2.0467090559536993,47.939189189189186,47.09220850431778,6.853246331606217,51.33990366839377,-2.7039993678756478,48.89659503281519,2.1843223851468054,13811.0,2717.0,13729.0,CVL -> GBR,0.0003955191422579466
2016-04-11,CVL,GBR,701,382,5.281027104136947,1548.283880171184,1582.4593437945791,1568.8031383737518,0.42082738944365194,0.7532097004279601,4145.061340941512,1.66262482168331,-1.1555671627374704,41.911554921540656,48.92518374853798,1.127167311403508,47.793501438596486,4.356303682748541,48.77726386549706,2.250474154970758,18417.0,6520.0,17758.0,CVL -> GBR,0.0004948426245153931
2016-04-18,CVL,GBR,728,324,12.054945054945055,3139.923076923077,3152.2087912087914,3157.6016483516482,0.38186813186813184,0.6222527472527473,4971.892857142857,1.362912087912089,-1.7618099339506321,46.75824175824176,47.81984382022473,-20.205956532303368,49.007010674157314,-19.10747860674157,48.48122766853933,-19.276480957865164,72177.0,13974.0,71885.0,CVL -> GBR,0.0005770930522911307
2016-04-25,CVL,GBR,599,356,6.429048414023372,1655.136894824708,1747.7479131886478,1778.5926544240401,0.327212020033389,0.7345575959933222,3689.519198664441,1.4355592654424048,-2.456241481082674,42.637729549248746,47.29605601554405,3.3659237409326477,47.97917814335061,2.760816765112265,47.404880587219346,2.8088915043177938,18422.0,7037.0,18340.0,CVL -> GBR,0.0004092969863032419
2016-05-02,CVL,GBR,1657,403,6.884731442365721,1913.1943270971635,1944.2830416415209,1911.4610742305372,0.3922751961375981,0.6934218467109233,3695.470730235365,-0.4646348823174411,-0.31209195052137045,41.32166566083283,45.52373719362745,13.145386356004895,48.23510337009803,4.5577646819852795,45.04117947303921,13.436982492647056,620369.0,121314.0,619599.0,CVL -> GBR,0.0011086333568173592
2016-05-09,CVL,GBR,723,409,5.641770401106501,1670.8271092669434,1717.886583679115,1690.3430152143844,0.330567081604426,0.7731673582295989,4327.802213001383,0.061687413554633405,-1.313812973328301,43.36099585062241,47.776123085553984,-3.359417597475457,48.93808391304347,-2.3943175932678837,49.06719204768583,-3.443417704067323,38746.0,7562.0,33343.0,CVL -> GBR,0.00048311083284164724
2016-05-16,CVL,GBR,790,360,5.421518987341772,1266.073417721519,1256.8772151898734,1240.1379746835444,0.6759493670886076,0.6379746835443038,2722.701265822785,1.0531645569620265,-2.059638567504554,71.72151898734177,45.601095153061195,3.36637509821428,46.285546811224464,4.6434248316326485,45.92357525510201,4.826563174744891,408486.0,29065.0,333841.0,CVL -> GBR,0.000609017154240147
2016-05-23,CVL,GBR,1604,513,3.3684538653366585,895.2294264339153,899.3628428927681,873.4164588528678,0.4245635910224439,0.8778054862842892,2731.273067331671,-4.416583541147132,-2.5399948528478338,33.02369077306733,37.35527336908521,35.45793243154585,39.74607539432181,32.28418408328086,37.844909312302875,35.14920415015784,286343.0,78142.0,286255.0,CVL -> GBR,0.0009774819601560314
2016-05-30,CVL,GBR,1046,420,5.134799235181644,1423.4665391969406,1531.0755258126194,1515.9770554493307,0.45124282982791586,0.8910133843212237,3830.1835564053536,0.8069789674952198,-1.141558409347009,55.80305927342256,49.99510435499515,-2.0730377788554804,50.44690972841901,-3.2704694849660534,50.11570898157129,-2.0597273103782747,206553.0,30189.0,206365.0,CVL -> GBR,0.0008633012772897292
2016-06-06,CVL,GBR,736,381,7.345108695652174,1966.6005434782608,2006.78125,2012.8328804347825,0.5,0.6182065217391305,4471.975543478261,0.7975543478260871,-1.5465077942897199,44.27989130434783,47.0418933379694,4.258851556328234,50.47892232267038,0.5319367719054221,47.9600723922114,4.538056428372738,53767.0,14825.0,53618.0,CVL -> GBR,0.000522584007509305
2016-06-13,CVL,GBR,2138,611,5.775958840037418,1351.7034611786717,1346.7202993451824,1375.266604303087,0.2296538821328344,0.80355472404116,3322.596819457437,0.5957436856875583,-4.578933415839718,35.38353601496726,51.45796203117616,-2.293681451110063,51.97462032120922,-2.974564825224374,51.63753042985354,-2.6170255517241374,479441.0,30455.0,478776.0,CVL -> GBR,0.0012888679904992705
2016-06-20,CVL,GBR,2514,831,6.400954653937948,1928.6066030230709,1952.3122513922037,1938.2462211614957,0.42760540970564836,0.7203659506762132,4272.6599045346065,-0.1437151949085116,-1.7423520273300617,43.711217183770884,50.85504020280559,-4.878376795992005,51.27935456352704,-3.717158706212405,50.75671774589177,-2.0795080064128286,236062.0,65006.0,235517.0,CVL -> GBR,0.0016879892248006843
2016-06-27,CVL,GBR,2526,666,15.17102137767221,4233.590657165479,4270.493665874901,4247.595803642122,0.2917656373713381,0.7973079968329374,6365.45170229612,1.4480205859065718,-1.5161909496823829,31.30245447347585,36.44185440910905,20.608882213743424,46.71498881981617,6.705023050739099,41.398983833799406,13.143902053136273,858790.0,181789.0,858696.0,CVL -> GBR,0.0015510844696285872
2016-07-04,CVL,GBR,1355,526,8.543173431734317,2220.9077490774907,2241.6177121771216,2266.546863468635,0.5195571955719557,0.67380073800738,4409.268634686347,1.3694464944649445,-0.9783356702277971,44.95940959409594,50.17840943198805,-0.8077555366218231,51.181891472346784,-1.180964891629298,50.559720657698065,-0.7036557369207778,189098.0,37072.0,188329.0,CVL -> GBR,0.0007466473879188595
2016-07-11,CVL,GBR,929,470,6.264800861141012,1696.7147470398277,1730.4553283100108,1725.280947255113,0.5048439181916039,0.8030139935414424,3509.665231431647,2.557804090419804,-1.1225892660228551,56.78148546824543,51.1422289312977,-2.557925607415486,51.44670043620501,-2.8184468560523452,51.377946270447104,-3.062764487459106,117666.0,14512.0,117455.0,CVL -> GBR,0.00045156163038538285
2016-07-18,CVL,GBR,684,419,4.9225146198830405,1371.7397660818713,1421.3347953216373,1413.6140350877192,0.2675438596491228,0.7529239766081871,3733.9576023391814,1.570760233918127,0.6979255019644349,45.599415204678365,47.39063627421759,1.0326056348733228,48.48231889387145,0.27935557377049075,47.33928301943199,3.7960820998509672,36826.0,8364.0,36601.0,CVL -> GBR,0.0003681680999565626
2016-07-25,CVL,GBR,1463,493,12.423103212576898,3150.6684894053315,3122.5413533834585,3150.326042378674,0.21120984278879015,0.39302802460697195,5466.911141490089,-4.813807245386193,-2.8702933270433184,28.79015721120984,39.3035679532967,28.34749350824174,45.57002592032965,12.119396245192315,40.36887537087911,32.58676215590656,104327.0,13684.0,104323.0,CVL -> GBR,0.000859258911213828
2016-08-01,CVL,GBR,1342,398,6.423248882265276,1690.279433681073,1729.909090909091,1690.1475409836066,0.49850968703427717,0.7272727272727273,3307.3576751117735,-0.12004470938897083,-3.747464150502269,51.38599105812221,50.13414828054296,2.3565060912518843,49.83551965309198,2.7749476975867253,49.678071538461516,2.627772282805428,376495.0,61954.0,375951.0,CVL -> GBR,0.0009190773613850537
2016-08-08,CVL,GBR,483,325,7.383022774327122,2026.6935817805384,2065.432712215321,2060.9751552795033,0.3830227743271222,0.6790890269151139,4096.089026915114,1.0426501035196687,-0.4777572486749616,44.927536231884055,47.82369978213506,-0.5649784161220052,49.15809324618735,-2.0441849302832242,48.92299368191722,-3.0485638061002183,5136.0,982.0,5074.0,CVL -> GBR,0.00032572960396540386
2016-08-15,CVL,GBR,825,453,6.338181818181818,1826.9515151515152,1852.110303030303,1846.7236363636364,0.5054545454545455,0.7090909090909091,4059.8654545454547,1.190060606060606,-1.1095055568797227,51.163636363636364,47.115069151291515,-1.3694000024600264,50.15392725707258,-6.286138293972941,47.26152523985239,-4.03457889790898,81118.0,10522.0,80016.0,CVL -> GBR,0.0005163475638721936
2016-08-22,CVL,GBR,1566,406,5.501915708812261,1282.6200510855683,1251.596424010217,1267.6091954022988,0.17305236270753513,0.8582375478927203,3532.9514687100896,-5.431417624521072,-4.448713828650583,35.549169859514684,33.13475605534104,35.76226611454311,35.748139517374504,30.882118519305024,30.93683057271555,40.371043604890616,358479.0,107141.0,358235.0,CVL -> GBR,0.0008425438367595528
2016-08-29,CVL,GBR,1427,559,5.76103714085494,1428.37631394534,1512.3265592151367,1493.3587946741416,0.6222845129642607,0.7400140154169587,3591.3349684653117,0.23384723195515122,-1.346041087965103,62.312543798178,48.58351347212424,9.080953388143966,50.34365165843335,3.9825476379675355,49.91847671136207,4.8936415977417065,465130.0,56452.0,465108.0,CVL -> GBR,0.0009098972205094786
2016-09-05,CVL,GBR,1002,418,7.167664670658683,1981.0518962075848,1952.0788423153692,2014.4950099800399,0.5728542914171657,0.5698602794411177,4215.511976047904,1.8306387225548895,-1.2937271113045063,60.42914171656687,48.867340266393455,-3.5701540368852425,49.84025122950819,-5.733756032786882,49.27841198770492,-5.039933936475407,162774.0,11282.0,157184.0,CVL -> GBR,0.000648638990971489
2016-09-12,CVL,GBR,952,487,6.230042016806722,1790.968487394958,1785.0031512605042,1801.0493697478992,0.42962184873949577,0.8025210084033614,4187.449579831933,-0.22888655462184854,-2.448152794726609,39.48529411764706,40.408168592910854,2.295550450053705,45.337978517722874,8.466056856068738,46.063808335123525,7.568497758324381,31975.0,8380.0,31555.0,CVL -> GBR,0.0006621111748648132
2016-09-19,CVL,GBR,1017,462,6.6175024582104225,1761.4788593903638,1813.4690265486727,1840.6470009832842,0.42281219272369713,0.8338249754178958,4176.583087512291,1.5687315634218295,-1.0758276594167933,50.530973451327434,50.435403995901645,-5.794314244877056,50.82076567622952,-4.6186112151639405,50.640202356557396,-2.9901838247950874,150736.0,21882.0,150487.0,CVL -> GBR,0.0005601111630650472
2016-09-26,CVL,GBR,847,421,7.296340023612751,1856.629279811098,1984.2278630460448,1982.2420306965762,0.27863046044864226,0.6092089728453365,4545.229043683589,1.793978748524202,-0.841484793235627,36.52892561983471,49.3714315770171,-2.454735321515892,50.93130965770169,-2.329681167481662,50.31619144254277,-2.680777211491443,35964.0,22151.0,35766.0,CVL -> GBR,0.0005121253382929478
2016-10-03,CVL,GBR,619,343,6.663974151857835,1802.4798061389338,1832.8190630048466,1810.670436187399,0.46849757673667203,0.7253634894991923,4119.455573505655,0.3478190630048465,-1.0397260487561906,52.762520193861064,47.19406505436574,4.956479932454694,49.553824919275115,1.179388668863261,48.495854724876445,2.9739725485996695,60896.0,5870.0,50773.0,CVL -> GBR,0.00039100671912515564
2016-10-10,CVL,GBR,926,417,5.428725701943844,1520.44060475162,1547.9416846652268,1551.0431965442765,0.5572354211663066,0.8336933045356372,3057.1285097192226,0.50755939524838,-2.4470225937635934,50.1511879049676,45.924425879732745,-9.363122639198215,46.35024128062361,-9.199936149220491,45.99358693763919,-9.385231602449885,138647.0,23959.0,138420.0,CVL -> GBR,0.0006008940732766312
2016-10-17,CVL,GBR,1330,498,6.449624060150376,1502.072180451128,1557.5586466165414,1530.857142857143,0.5323308270676692,0.7315789473684211,3734.187218045113,1.0161654135338356,-2.7390207431860354,57.75187969924812,50.053531102661594,0.24710265779467513,50.16771513307985,0.43925072851710895,50.18776600760456,0.13183075209125364,284583.0,34604.0,283071.0,CVL -> GBR,0.0008380370525795788
2016-10-24,CVL,GBR,2011,603,6.1879661859771256,1616.450024863252,1659.9045251118846,1647.1223272003979,0.4291397314768772,0.7991049229239184,4112.412232720039,0.2908005967180509,-3.3343870281422894,43.14271506713078,48.920478366633375,2.7884168631368635,49.4744853796204,3.677792857642359,49.203888076923086,0.904294374125873,291724.0,71600.0,290101.0,CVL -> GBR,0.0012972795834255276
2016-10-31,CVL,GBR,1420,429,7.173943661971831,1670.1549295774648,1665.5971830985916,1722.331690140845,0.2147887323943662,0.5056338028169014,3393.0345070422536,1.652394366197183,-1.1757566121004366,40.732394366197184,47.20522371002136,5.777968368869935,47.33721444207537,4.735235088841504,42.04942794598436,-0.09203998578536976,235766.0,51558.0,235716.0,CVL -> GBR,0.0009124023103054556
2016-11-07,CVL,GBR,641,409,7.30421216848674,2134.708268330733,2174.8845553822152,2175.845553822153,0.2839313572542902,0.6614664586583463,4432.733229329173,1.2711388455538222,-0.09516811705780914,43.08892355694228,46.65723485714286,1.8972406190476188,48.882775333333335,0.13281880476190477,46.95227438095238,3.191645926984128,8015.0,1871.0,7907.0,CVL -> GBR,0.0003440280804199182
2016-11-14,CVL,GBR,829,459,6.398069963811822,1756.9819059107358,1763.0916767189385,1779.4644149577805,0.5500603136308806,0.7756332931242461,3761.488540410133,2.7613992762364297,-0.1965041671330691,54.149577804583835,49.044660621118005,0.6148887403726683,51.15926211180124,-2.658948258385093,49.19627565217391,-0.5197877391304361,169335.0,21110.0,168943.0,CVL -> GBR,0.0005038251817781808
2016-11-21,CVL,GBR,700,348,8.872857142857143,2340.13,2352.308571428571,2354.8685714285716,0.26285714285714284,0.5471428571428572,5182.075714285715,0.9894285714285714,-1.4977874613582096,38.31428571428572,50.37163691851852,-4.129927105185186,51.32969771851851,-2.621386530370371,51.00638284444444,-5.767182162962964,15742.0,6242.0,15713.0,CVL -> GBR,0.0005040210075955966
2016-11-28,CVL,GBR,1426,392,8.995792426367462,2250.670406732118,2263.2391304347825,2183.258765778401,0.5967741935483871,0.6781206171107994,4025.638148667602,0.9105890603085542,-0.43731073318629293,63.008415147265076,50.425310070721366,-3.0607674519094785,51.35841235502121,0.4570179073550194,51.57822777227724,-2.2982750820367746,600589.0,69966.0,599710.0,CVL -> GBR,0.0009426279356316003
2016-12-05,CVL,GBR,773,387,4.914618369987063,1418.856403622251,1432.2432082794307,1487.27425614489,0.4217335058214748,0.8486416558861578,3884.602846054334,-0.08990944372574391,-1.7128255238612726,38.22768434670117,46.43448037086091,-19.811154450331152,46.973642887417206,-20.21073401059605,46.37853096688741,-19.565040320529828,64952.0,24352.0,64949.0,CVL -> GBR,0.0004960508448907404
2016-12-12,CVL,GBR,888,357,5.2792792792792795,1474.7623873873874,1506.6295045045044,1501.150900900901,0.46283783783783783,0.7871621621621622,3373.385135135135,-0.15067567567567566,-0.6888133840125659,45.91216216216216,48.40485412311267,13.64244657142857,50.995989779326365,-0.3108817351916405,48.92179280255518,12.87631001974448,74099.0,10325.0,72802.0,CVL -> GBR,0.0005749924888368576
2016-12-19,CVL,GBR,655,332,5.790839694656489,1588.1312977099237,1625.351145038168,1608.4870229007633,0.46106870229007635,0.7221374045801526,3695.1984732824426,-0.39374045801526714,-1.6473191844762403,42.42748091603053,48.911874164086676,3.657936780185757,50.86190386996903,-1.2687095309597523,50.48100123839008,1.568812992260062,17167.0,3487.0,17122.0,CVL -> GBR,0.0004182000669120107
2016-12-26,CVL,GBR,681,217,6.744493392070485,1902.4537444933922,1944.7371512481645,1921.9544787077828,0.17327459618208516,0.8928046989720999,3645.171806167401,1.5170337738619675,-2.4274924037887855,39.82378854625551,50.48845658718332,-2.2618415558867357,51.48887065573771,-3.2362613114754106,50.68057590163935,-2.1235067377049184,352496.0,46199.0,352371.0,CVL -> GBR,0.0005584493967762463
2017-01-02,CVL,GBR,635,314,6.428346456692913,1822.2850393700787,1872.7669291338582,1865.2582677165353,0.5023622047244094,0.7590551181102362,3867.620472440945,0.4425196850393705,-1.8360057540956276,54.74015748031496,48.834197504,-3.6908693071999994,50.006090784,0.28759269279999966,48.924336224,-2.5158473359999998,88612.0,8098.0,88553.0,CVL -> GBR,0.0004785965589284261
2017-01-09,CVL,GBR,1135,541,6.563876651982379,1699.6114537444935,1747.9312775330397,1745.8308370044053,0.35330396475770925,0.6061674008810573,4095.4229074889868,0.4114537444933926,-3.3240486301225194,48.563876651982376,50.0691197046679,0.13038695242369883,51.30276079892284,-0.6812960125673206,51.13215253231601,-1.0611052217235142,214397.0,36477.0,214295.0,CVL -> GBR,0.0007137242571922653
2017-01-16,CVL,GBR,830,347,8.301204819277109,1681.8373493975903,2222.0722891566265,2149.8614457831327,0.38072289156626504,0.5048192771084338,4315.518072289156,1.7750602409638534,-1.8328162935492782,42.57831325301205,48.5022735042735,1.6366314932844885,50.82178962148962,1.2468364163614118,49.68334383394384,0.4284856190476128,133875.0,28627.0,133865.0,CVL -> GBR,0.0004336395629749137
2017-01-23,CVL,GBR,946,364,5.482029598308668,1669.570824524313,1655.6923890063424,1657.9450317124736,0.2568710359408034,0.8245243128964059,3023.972515856237,-1.226004228329808,-2.4143274328330824,40.03171247357294,48.55841242749732,-10.000055669172932,50.6768909452202,-2.7591281944146093,48.13543068743287,-8.069148439312567,59745.0,13598.0,59445.0,CVL -> GBR,0.00046381052212513473
2017-01-30,CVL,GBR,961,435,5.667013527575442,1531.2206035379813,1519.952133194589,1538.872008324662,0.40582726326742974,0.7731529656607701,3382.2424557752342,1.4146722164412076,-1.8611014702555597,42.414151925078045,49.38278868921776,-2.712823223044398,50.74001183932345,-4.033643221987317,50.07948023255813,-3.0314827748414377,63585.0,12772.0,63423.0,CVL -> GBR,0.00043776474859503025
2017-02-06,CVL,GBR,1116,463,7.858422939068101,2003.4695340501792,2109.9489247311826,2061.8109318996417,0.5591397849462365,0.6290322580645161,3593.9587813620074,1.6931003584229374,-1.1535666807732359,58.74551971326165,49.004955216989835,0.0006536962142186871,49.89876565096952,0.47140504062788413,49.086316897506904,1.3396286546629717,318180.0,37838.0,318036.0,CVL -> GBR,0.000560202435876649
2017-02-13,CVL,GBR,649,397,6.453004622496148,1980.5254237288136,2014.7118644067796,2008.588597842835,0.41910631741140214,0.6070878274268104,4596.449922958397,0.8745762711864405,-0.6292301344732231,48.18181818181818,50.174943917197446,-1.0998652611464965,51.222455891719726,-3.5878738996815285,50.1949981687898,-2.489840512738854,24199.0,3867.0,24169.0,CVL -> GBR,0.00030079244209166154
2017-02-20,CVL,GBR,846,394,6.945626477541371,2008.5401891252955,2007.952718676123,2001.904255319149,0.4066193853427896,0.7340425531914894,4361.719858156029,1.155910165484634,-1.1686338414658632,49.988179669030735,51.265432396088016,-3.486296088592231,51.4844115291262,-2.643976041262136,51.392432926829265,-1.9177620012135934,92724.0,24451.0,92690.0,CVL -> GBR,0.00048043586777450864
2017-02-27,CVL,GBR,937,481,6.172892209178229,1806.5421558164355,1839.7812166488793,1820.9455709711847,0.3863393810032017,0.7075773745997865,4282.689434364995,-0.21173959445037344,-1.5207066883533928,52.34791889007471,46.23691191208791,4.553257413186814,47.87182970524017,1.7466501386462885,46.605600153172865,3.8505472560175065,38672.0,6855.0,38394.0,CVL -> GBR,0.0004752842067673978
2017-03-06,CVL,GBR,733,371,8.979536152796726,2556.111869031378,2563.799454297408,2565.181446111869,0.34924965893587995,0.7189631650750341,5026.296043656207,0.4526603001364259,-1.6913384533260385,43.08321964529331,49.7627605146036,-3.091870033379695,50.53250771905422,-4.036601479833102,50.14046435326841,-4.577620061196106,30481.0,5788.0,30241.0,CVL -> GBR,0.00042373885662191685
2017-03-13,CVL,GBR,978,403,7.2392638036809815,1710.7811860940694,1734.5460122699387,1728.6216768916156,0.6339468302658486,0.598159509202454,3947.842535787321,0.6843558282208589,-1.7257924161296485,63.466257668711656,48.68689237995824,-2.2211949572025063,50.36548684759916,-2.190433577244259,48.73852265135701,-1.781408915448853,451761.0,47617.0,451656.0,CVL -> GBR,0.000519499835332363
2017-03-20,CVL,GBR,1583,477,11.022741629816803,2538.3297536323435,2577.2994314592547,2569.173720783323,0.3221730890713834,0.6746683512318383,4339.8117498420725,-0.37650031585596955,-3.0358902157730343,39.3746051800379,48.249191364795905,-2.077181780612246,50.866014068877526,-0.34175763839285883,49.76164147959183,1.0240158839285698,184511.0,48313.0,184379.0,CVL -> GBR,0.0009021310352452281
2017-03-27,CVL,GBR,1109,411,5.733092876465284,1519.4265103697023,1521.404869251578,1526.7889990982867,0.3381424706943192,0.7844905320108205,3348.3688007213705,0.6220018034265108,0.16329591696392826,43.07484220018034,50.06927797074953,-0.7305525246800757,50.748717733089585,-1.9183614095063994,50.69143117001829,-1.7157184186471668,111490.0,30711.0,111322.0,CVL -> GBR,0.0007094848334022133
2017-04-03,CVL,GBR,747,410,8.465863453815262,2681.65327978581,2695.5595716198127,2702.4979919678717,0.4109772423025435,0.5890227576974565,5547.823293172691,0.0062918340026771324,-2.4552720528480214,47.724230254350736,50.956410828729275,-6.765626943370168,50.66880820441989,-9.30216530801105,51.394856961325964,-6.779114182320442,33272.0,5889.0,29222.0,CVL -> GBR,0.0003764481537158255
2017-04-10,CVL,GBR,589,311,6.2750424448217315,2084.106960950764,2092.5636672325977,2092.3786078098474,0.37181663837011886,0.6723259762308998,5459.220713073005,0.6444821731748726,-0.8175046632289,50.2037351443124,49.26709843694495,-6.871255534635881,49.720685683836585,-5.492966740674958,48.86661435168739,-3.5026482539964485,21908.0,1302.0,21836.0,CVL -> GBR,0.000347087178399274
2017-04-17,CVL,GBR,1047,416,7.276981852913085,1891.367717287488,1925.8481375358167,1891.8949379178605,0.3438395415472779,0.5854823304680038,3662.0573065902577,1.7658070678127986,-0.563574721559025,45.65425023877746,45.99833289883269,7.332119222762628,49.987883365758755,2.4078582217899083,46.873667120622564,2.9047920797665263,193640.0,24975.0,193541.0,CVL -> GBR,0.0006801991872691659
2017-04-24,CVL,GBR,1128,400,11.254432624113475,2811.8297872340427,2813.6179078014184,2859.8998226950353,0.5726950354609929,0.48404255319148937,4634.099290780142,1.1148049645390068,-0.7026160657143998,39.858156028368796,50.117089669051865,-1.9139226583184257,51.14153612701251,-1.6026057406082286,51.04458873881931,-5.207240067084084,384430.0,60840.0,384378.0,CVL -> GBR,0.0006258659060102546
2017-05-01,CVL,GBR,1310,330,7.7267175572519085,1970.2977099236641,2003.693893129771,1958.4564885496184,0.25267175572519085,0.5916030534351145,4313.612977099237,0.2181679389312983,-1.9057101315654519,41.17557251908397,48.05527381137959,2.3767410436477117,50.138602805923604,-0.47424991348401074,46.32818067030398,5.635932770849574,235551.0,60359.0,235198.0,CVL -> GBR,0.0010857916291267334
2017-05-08,CVL,GBR,663,310,6.717948717948718,1572.134238310709,1592.8763197586727,1590.4132730015083,0.5248868778280543,0.7375565610859729,3416.3996983408747,0.6410256410256409,-0.9955545822066405,57.70739064856712,49.83098692901234,-0.7614398271604946,51.65006728395062,-3.826732620370371,49.920100771604936,-0.9373347793209877,124178.0,12790.0,123274.0,CVL -> GBR,0.0003913242874268038
2017-05-15,CVL,GBR,763,381,6.2306684141546524,1639.5412844036698,1684.8479685452162,1636.0878112712976,0.38663171690694625,0.6500655307994757,4014.0878112712976,1.8090432503276552,-0.1936948822026757,47.79816513761468,50.774139186666666,-14.26733327066667,51.78228438666667,-12.492661737333334,50.79820758666666,-14.240319640000001,49557.0,5920.0,49448.0,CVL -> GBR,0.0004213944677478592
2017-05-22,CVL,GBR,1065,481,7.169953051643192,1802.5211267605634,1843.0920187793427,1845.1699530516432,0.5136150234741784,0.7276995305164319,4675.409389671361,0.18150234741784102,-3.1665082453484126,47.12676056338028,49.87926961988304,-6.522150336257314,51.0163744931774,0.4297455662767997,49.331183460038986,-0.9790756939571194,184394.0,32607.0,184014.0,CVL -> GBR,0.0006093653445632024
2017-05-29,CVL,GBR,826,410,6.0774818401937045,1635.3135593220338,1655.9164648910412,1642.7046004842614,0.2469733656174334,0.7179176755447942,3632.3462469733654,0.26065375302663435,-1.1426646586949425,45.351089588377725,50.701234974747464,-0.9689148194444441,51.576494191919195,-1.2616465340909084,51.09855378787879,-0.9541288724747478,89985.0,19824.0,89947.0,CVL -> GBR,0.0005751904883269756
2017-06-05,CVL,GBR,2289,604,5.923984272608126,1629.3302752293578,1646.9838357361293,1633.5203145478374,0.37570991699432066,0.8510266491917868,4014.108344255133,0.36221057230231357,-1.5338068202604729,47.00305810397553,50.59927572815532,-10.99820852912623,50.94896421006175,-10.82082795675199,50.839229876434224,-9.967441517652249,457898.0,85712.0,455049.0,CVL -> GBR,0.001412488645788081
2017-06-12,CVL,GBR,1811,552,8.263390392048592,2127.8199889563775,2144.797349530646,2149.007730535616,0.24792932081722804,0.8001104362230812,3963.2473771397017,0.9316399779127564,-2.016438848133086,39.51960242959691,48.694630837957824,8.731128120976681,49.895861043285244,1.0891067613762466,48.753933335183135,9.146147882352931,240448.0,69041.0,240292.0,CVL -> GBR,0.001229427789955894
2017-06-19,CVL,GBR,3100,683,9.603225806451613,2322.4590322580643,2320.2232258064514,2324.487741935484,0.4458064516129032,0.7483870967741936,6912.208064516129,0.3447419354838683,-4.10251587517445,46.15483870967742,51.36035575137933,-0.663919617981177,51.6739927848101,-0.8136769110678377,51.53457512820507,-0.8214740772476494,1032026.0,157054.0,1028759.0,CVL -> GBR,0.0021059882757594635
2017-06-26,CVL,GBR,1067,424,7.430178069353327,1911.8528584817245,1995.7310215557638,1970.020618556701,0.38144329896907214,0.6091846298031866,3664.601686972821,1.603373945641986,-1.8451015059264169,50.80599812558575,50.37836958174905,-7.90090895912548,51.299576330798494,-7.632004634030421,50.59841660646389,-8.364099582699623,179385.0,30070.0,179253.0,CVL -> GBR,0.0008410316234196173
2017-07-03,CVL,GBR,598,240,6.3193979933110365,1700.5852842809365,1758.0016722408027,1735.6538461538462,0.5418060200668896,0.7307692307692307,4154.38127090301,3.108862876254181,-0.8438375159124902,59.66555183946488,42.61557118226601,12.428985701970444,45.9405,4.290603896551725,42.65832807881774,14.076730226600986,202926.0,15512.0,202916.0,CVL -> GBR,0.00041708398313808966
2017-07-10,CVL,GBR,565,303,7.428318584070796,1912.3946902654868,1929.6141592920353,1927.178761061947,0.3415929203539823,0.6424778761061947,4384.8,-0.20513274336283188,-1.6684965701377594,47.50442477876106,46.77581088117002,1.952386371115172,49.09602303473491,2.3558012797074936,47.81967369652651,4.296997142595978,23280.0,4711.0,23206.0,CVL -> GBR,0.0004206360314591082
2017-07-17,CVL,GBR,624,334,6.104166666666667,1644.2083333333333,1696.1041666666667,1701.261217948718,0.2900641025641026,0.6955128205128205,3539.55608974359,1.2238782051282062,-0.5639925604676856,48.44551282051282,47.81620633550489,-5.567213701954398,50.016211400651464,-6.068139560260587,48.89330065146579,-0.8137857003257332,26136.0,4619.0,25829.0,CVL -> GBR,0.000593114736334836
2017-07-24,CVL,GBR,510,301,7.2176470588235295,2096.1313725490195,2127.31568627451,2108.690196078431,0.5392156862745098,0.7431372549019608,3907.698039215686,1.258823529411765,-0.755377947852989,54.13725490196079,49.00258853118713,0.5852080704225342,50.381280482897374,-2.2089304346076455,49.339803138833,-0.20776301609657977,41836.0,5460.0,41799.0,CVL -> GBR,0.0003525242464103009
2017-07-31,CVL,GBR,686,345,5.698250728862973,1515.0874635568514,1580.5379008746356,1577.393586005831,0.2915451895043732,0.8090379008746356,3929.791545189504,0.8992711370262391,-2.1327151359024863,39.72303206997085,49.40576177679882,-1.4193202878120414,50.14066597650513,-3.57831873568282,50.10957342143905,-2.4164192496328933,23567.0,9918.0,23497.0,CVL -> GBR,0.0005141611677904262
2017-08-07,CVL,GBR,481,268,6.6881496881496885,1712.3035343035342,1742.6964656964658,1731.4095634095634,0.36174636174636177,0.7234927234927235,4213.120582120582,0.9120582120582118,-1.179600135146182,42.39085239085239,50.465115634408605,-0.2690393870967751,51.06095490322581,-0.5130730838709685,50.66418443010753,-0.3659642860215063,17454.0,5187.0,17438.0,CVL -> GBR,0.0004088630631748684
2017-08-14,CVL,GBR,344,223,6.473837209302325,1654.5843023255813,1700.0552325581396,1687.375,0.375,0.6976744186046512,3861.3546511627906,1.2668604651162794,-0.7580984454376825,46.88953488372093,47.8928566030303,-3.2999961363636356,49.70193863636363,-2.9247358212121215,49.2276206030303,-3.526020545454546,4719.0,1101.0,4690.0,CVL -> GBR,0.0002971449894789943
2017-08-21,CVL,GBR,637,237,4.029827315541601,1103.0156985871272,1095.8084772370487,1090.9152276295133,0.4850863422291994,0.8712715855572999,2960.8147566718994,1.2626373626373641,-2.144910350040381,48.39874411302983,49.186476230031936,-0.25371941693290634,49.96079291853034,-2.2668193913738017,49.55129285463257,-0.727267495207667,93758.0,23809.0,93590.0,CVL -> GBR,0.000695034702635349
2017-08-28,CVL,GBR,1521,401,6.882971729125575,1507.9953977646285,1565.1005917159764,1582.4595660749508,0.2064431295200526,0.5641025641025641,3197.7889546351084,-2.785601577909261,-1.5745134157360163,34.95069033530572,45.229602932405484,7.787576989396909,47.813054149105284,2.6909911199470016,48.84060876540743,1.118342909874081,226370.0,75652.0,226346.0,CVL -> GBR,0.0011574021230453145
2017-09-04,CVL,GBR,937,283,10.133404482390608,3098.103521878335,3125.2411953041624,3137.709711846318,0.4226254002134472,0.3810032017075774,5875.938100320171,0.7621131270010671,-4.206018008407423,37.5880469583778,42.90270118898487,-16.45599549568034,50.9407709784017,-0.8196693304535613,48.85834151835854,-11.06061104859611,185541.0,55484.0,185521.0,CVL -> GBR,0.000733221015663698
2017-09-11,CVL,GBR,721,300,7.46879334257975,1983.6504854368932,2016.8973647711512,2009.4646324549237,0.27600554785020803,0.6144244105409153,4737.593619972261,1.6472954230235788,-1.7532944116922726,41.04022191400832,48.18649351909476,-18.05300096605375,48.4530626718529,-18.367618572843,48.14277839038189,-18.59233388260255,42695.0,10973.0,42540.0,CVL -> GBR,0.0006370417231404301
2017-09-18,CVL,GBR,935,410,6.781818181818182,1780.3796791443851,1793.7176470588236,1799.255614973262,0.5262032085561498,0.6374331550802139,4052.154010695187,2.3480213903743317,0.13920624458154054,51.101604278074866,50.86518202896995,-5.297570737124465,51.109144130901285,-4.744052877682406,50.89310577682402,-4.627292206008585,89334.0,14099.0,89153.0,CVL -> GBR,0.0006741362404106823
2017-09-25,CVL,GBR,1047,350,8.859598853868194,2277.815663801337,2313.6981852913086,2275.7879656160458,0.5348615090735435,0.5549188156638013,3826.831900668577,1.829703915950334,-0.7778247789496109,47.38299904489016,50.74245569711537,-8.421884666346152,50.92407555288461,-7.804011454807691,50.56495278846154,-7.952347963461538,192260.0,32771.0,192157.0,CVL -> GBR,0.0008512105156612166
2017-10-02,CVL,GBR,552,258,7.7898550724637685,1931.1829710144928,1989.2880434782608,1978.715579710145,0.4257246376811594,0.5996376811594203,4357.619565217391,-0.4581521739130437,-2.6404884601928558,48.007246376811594,50.485134681481476,-1.7444529925925947,50.55674854074074,-0.9066837722222236,50.76332776666667,-1.362908325925927,49346.0,6871.0,49306.0,CVL -> GBR,0.00043036002890896715
2017-10-09,CVL,GBR,586,320,5.356655290102389,1539.5597269624573,1560.409556313993,1531.2047781569966,0.5051194539249146,0.764505119453925,3573.3293515358364,2.1006825938566545,-0.7714886943370972,48.77133105802048,48.25662158477509,2.514209003460208,49.727226320069214,-0.8492182647058836,48.81919175605537,0.28327789100345824,17463.0,2991.0,17378.0,CVL -> GBR,0.00043030176196088367
2017-10-16,CVL,GBR,1097,325,9.471285323609845,2145.1622607110303,2166.7119416590704,2036.559708295351,0.35642661804922515,0.4439380127620784,4485.1403828623515,0.10957155879671832,-3.283469002492396,45.77939835916135,49.192763822714674,-18.771992874422907,51.28822222622345,-9.431866984302863,50.8601821421976,-11.089432107109847,171251.0,39512.0,171129.0,CVL -> GBR,0.000805856231428393
2017-10-23,CVL,GBR,791,298,6.164348925410872,1501.8685208596712,1515.4374209860935,1500.5853350189634,0.3577749683944374,0.7370417193426043,4653.786346396966,-0.12060682680151642,-0.9281949619120541,45.86599241466498,49.24538363722829,-9.307984775067746,50.79696582249324,-4.884512822493221,50.03338160108551,-7.860175994579943,128421.0,25053.0,104961.0,CVL -> GBR,0.0005899718215734272
2017-10-30,CVL,GBR,889,317,10.670416197975253,2861.6164229471315,2967.5421822272215,2949.859392575928,0.2575928008998875,0.3194600674915636,5157.983127109112,0.8421822272215973,-1.0308024552520998,33.40832395950506,36.89706332837529,0.5318123458904117,48.76200010057143,1.5943837568493144,47.583202208,3.6670966392694058,33899.0,9076.0,33346.0,CVL -> GBR,0.0005925600058656108
2017-11-06,CVL,GBR,652,304,6.401840490797546,2114.648773006135,2147.058282208589,2085.14263803681,0.39723926380368096,0.7653374233128835,3457.473926380368,0.8753067484662578,0.027088618364506337,45.81288343558282,49.4966389875969,0.5161829984496117,50.7028027627907,-3.6503811255813967,48.29844127441861,0.9764291643410843,61499.0,17169.0,61461.0,CVL -> GBR,0.0004510094449125166
2017-11-13,CVL,GBR,1196,331,11.051003344481606,2464.282608695652,2499.186454849498,2473.472408026756,0.3085284280936455,0.568561872909699,3933.622909698997,-0.287709030100334,-1.7237997992402965,41.84782608695652,50.01692404457527,-1.2582496921783015,51.69260849873842,-2.7641429705634994,49.98320418334735,-1.1645049394449114,340935.0,79900.0,340304.0,CVL -> GBR,0.0008126716989798796
2017-11-20,CVL,GBR,511,298,11.403131115459882,3300.5185909980432,3311.9197651663403,3338.743639921722,0.30724070450097846,0.48140900195694714,6879.228962818004,0.4831702544031313,-1.2969835469756774,40.19569471624266,48.87853809937888,-3.8665727246376798,51.06933246478873,-10.319113468812878,50.007439385567,-6.011840738144329,12147.0,1114.0,8781.0,CVL -> GBR,0.00044627495777417966
2017-11-27,CVL,GBR,556,348,6.89748201438849,2709.1258992805756,2772.3327338129498,2778.834532374101,0.3597122302158273,0.6312949640287769,4779.512589928057,0.42517985611510783,-0.7201302882396549,43.65107913669065,47.056827203738315,-2.6769472205607485,49.85747226542056,-1.4821321663551406,48.88329645607476,-1.2514900897196273,11101.0,2934.0,11073.0,CVL -> GBR,0.0003771828780681724
2017-12-04,CVL,GBR,1399,345,10.045746962115796,1991.760543245175,2048.384560400286,2055.2151536812007,0.6025732666190136,0.4503216583273767,4378.387419585418,3.243316654753395,-2.3430132853442913,52.623302358827736,49.48460948884089,1.2252374226061928,50.5375414974802,-0.9043204305255587,49.46011594816414,0.3220313131749469,628468.0,82753.0,627729.0,CVL -> GBR,0.0008560805584655903
2017-12-11,CVL,GBR,442,292,16.63574660633484,5392.631221719457,5461.303167420814,5457.963800904978,0.37104072398190047,0.6063348416289592,8309.907239819004,0.5085972850678732,-0.5119710113746487,46.13122171945702,46.13347312037037,1.4007611805555564,47.93070196064815,-0.13079249537037171,47.25591355092593,-0.05633348842592701,4954.0,756.0,4916.0,CVL -> GBR,0.0003527091976504141
2017-12-18,CVL,GBR,713,247,7.743338008415147,2104.454417952314,2155.5301542776997,2144.704067321178,0.426367461430575,0.4796633941093969,5529.960729312763,1.421318373071529,0.12956802200668968,45.51192145862552,49.94415379538905,-1.1557203342939504,51.08395804322767,-2.980837474063402,50.063004657060524,-5.263257586455334,69132.0,11049.0,68767.0,CVL -> GBR,0.0006073766016043942
2017-12-25,CVL,GBR,380,141,4.076315789473684,971.421052631579,968.0368421052632,1027.5473684210526,0.6236842105263158,0.8578947368421053,3471.636842105263,1.3731578947368424,0.5619016544829909,60.078947368421055,46.40624688034188,-23.550591529914524,51.055889401709386,-1.4266454401709405,46.69750564102565,-30.62580671794871,88010.0,11512.0,87973.0,CVL -> GBR,0.00047216758470127325
2018-01-01,CVL,GBR,508,251,9.141732283464567,2736.9094488188975,2766.8759842519685,2759.547244094488,0.421259842519685,0.6122047244094488,5166.366141732284,-0.5299212598425197,-1.6661629339084272,44.153543307086615,46.99949253923542,-6.932743843058353,50.415346293762575,-4.929568360160968,47.931415408450725,-3.5684121710261545,32635.0,3309.0,22576.0,CVL -> GBR,0.000470970858214594
2018-01-08,CVL,GBR,436,260,6.41743119266055,1794.8279816513761,1822.1605504587155,1811.7064220183486,0.32798165137614677,0.6467889908256881,4162.057339449541,0.8779816513761468,-1.4441930203972522,44.12844036697248,48.10887504225353,-1.0318493920187806,49.58473735915492,-2.53818279342723,47.85547468309859,1.4609400492957747,6288.0,1171.0,6025.0,CVL -> GBR,0.00033109766469830625
2018-01-15,CVL,GBR,787,332,6.696315120711563,1867.7573062261754,1897.420584498094,1883.0216010165184,0.4536213468869123,0.7331639135959339,4116.565438373571,1.3631512071156295,-0.8928122155748913,55.476493011435835,49.7084611948052,-1.0125860935064943,51.112105744155855,-3.0449173571428574,50.06430841558443,-1.366721854545456,160673.0,15121.0,160539.0,CVL -> GBR,0.0005621930529511564
2018-01-22,CVL,GBR,481,274,6.251559251559252,1729.7525987525987,1750.095634095634,1748.1808731808733,0.33264033264033266,0.7671517671517671,4315.54261954262,0.5528066528066528,-2.2856026943669763,42.32848232848233,47.63266953418804,-2.4912963653846165,49.55184449786325,-2.0794409358974364,47.82291247008548,-0.31588913888889025,9540.0,1542.0,9514.0,CVL -> GBR,0.0003523752730725219
2018-01-29,CVL,GBR,805,287,6.269565217391304,1877.0223602484473,1902.0695652173913,1861.4683229813666,0.6037267080745342,0.7913043478260869,3535.3739130434783,0.29813664596273265,-1.5476311500969357,47.577639751552795,50.59144460329531,-6.46273682636248,51.10590658048164,-4.533655202788336,50.99344365272498,-4.76331717870722,133700.0,23981.0,133603.0,CVL -> GBR,0.0006000423383910815
2018-02-05,CVL,GBR,658,329,8.328267477203648,2191.3313069908813,2127.340425531915,2213.6428571428573,0.3100303951367781,0.6458966565349544,5203.092705167173,0.46033434650455934,-2.0451865131443556,43.20668693009119,49.15473440465117,-7.021406398449613,51.6257805131783,-5.831928955038759,51.14501533488372,-5.151143368992248,22235.0,4447.0,22213.0,CVL -> GBR,0.0004987565196497183
2018-02-12,CVL,GBR,875,303,6.179428571428572,1291.7257142857143,1331.5828571428572,1345.8388571428573,0.496,0.7531428571428571,3299.7634285714284,0.4055999999999999,-2.952205623410999,46.674285714285716,49.17168058449075,-0.6801087870370336,52.03259518171297,-5.2728523680555535,50.11232325462964,-2.736362092592589,212787.0,36944.0,212401.0,CVL -> GBR,0.0006173758492445789
2018-02-19,CVL,GBR,567,267,7.604938271604938,2048.031746031746,2049.305114638448,2039.0282186948853,0.3403880070546737,0.7495590828924162,4515.604938271605,0.9102292768959436,-1.5356353304088126,48.65961199294533,49.75369786762074,-7.264047114490161,51.67971814847941,-4.637955974955277,50.67999364042931,-3.790798665474061,30795.0,5770.0,27861.0,CVL -> GBR,0.0003759194113645676
2018-02-26,CVL,GBR,1065,271,8.27699530516432,1873.4591549295774,1896.2272300469483,1887.17558685446,0.2272300469483568,0.5352112676056338,3959.8093896713617,1.14131455399061,-0.7475881790223325,44.57276995305164,51.83026982530693,-2.5926821510859277,51.883970604343745,-3.629652890462698,51.779514419263485,-2.297576313503302,233640.0,52769.0,233396.0,CVL -> GBR,0.0007291953380796076
2018-03-05,CVL,GBR,736,317,5.710597826086956,1579.453804347826,1617.40625,1562.8546195652175,0.33152173913043476,0.7391304347826086,3959.483695652174,0.4767663043478276,-1.2394544141199149,36.25,48.20613977405857,1.8955916066945595,51.41828033472803,-2.6767238870292887,50.38808965829846,-2.5897456220362622,25407.0,10759.0,25298.0,CVL -> GBR,0.0004289959280359331
2018-03-12,CVL,GBR,813,385,6.129151291512915,1835.9913899138992,1874.7367773677736,1869.6469864698647,0.33579335793357934,0.7367773677736777,3789.388683886839,1.695817958179581,-0.034155894144538644,41.635916359163595,48.22496256891889,-9.315098591891896,49.79726804729729,-9.798999166216223,49.32594867702701,-10.510576085135144,43916.0,11681.0,43901.0,CVL -> GBR,0.0005036113829800414
2018-03-19,CVL,GBR,699,330,8.124463519313304,2371.474964234621,2338.489270386266,2363.3333333333335,0.3419170243204578,0.6123032904148784,4497.589413447782,1.0753934191702432,0.06754328519657454,49.18454935622318,49.75871325036602,-3.231951951683749,50.80270951683748,-8.059899699853586,50.12949615666178,-5.366896021961934,23930.0,2544.0,20527.0,CVL -> GBR,0.00047303913772883015
2018-03-26,CVL,GBR,1115,277,4.988340807174888,1331.273542600897,1356.3937219730942,1355.1372197309418,0.22690582959641256,0.8367713004484305,4094.22331838565,2.2840358744394615,-2.9577270814850434,37.80269058295964,49.28648255203618,1.8714232886877826,50.035647581900434,2.4362162461538466,49.62281837828051,1.5758973095022621,220631.0,69976.0,220369.0,CVL -> GBR,0.0007366713685900507
2018-04-02,CVL,GBR,824,292,8.149271844660195,1980.75,2001.3228155339805,2000.121359223301,0.32402912621359226,0.7038834951456311,4694.515776699029,-0.2503640776699029,-3.6470530647103083,44.35679611650485,49.13144266337855,-6.22414376078915,49.95124495437731,-4.60998445622688,49.469213193588175,-5.340044869297162,117290.0,24043.0,116314.0,CVL -> GBR,0.000541647001287069
2018-04-09,CVL,GBR,486,289,8.12962962962963,2793.7366255144034,2780.7283950617284,2810.3786008230454,0.3786008230452675,0.5390946502057613,5639.977366255144,0.6786008230452674,-1.4595560852604752,47.30452674897119,49.77864509725159,-0.12984250317124707,50.680747173361524,-4.1939400761099375,50.67948270824525,-1.8498295708245245,20688.0,1974.0,18179.0,CVL -> GBR,0.0002447974250937509
2018-04-16,CVL,GBR,1285,420,8.898832684824903,2538.811673151751,2580.96186770428,2566.4677042801554,0.4832684824902724,0.5385214007782101,4955.094941634241,1.6737743190661487,-2.431292864798187,52.19455252918288,49.6716893426295,0.6201295498007962,50.15726756334663,-1.0019920621513962,49.98306992749006,0.010943768127488958,240784.0,45263.0,240604.0,CVL -> GBR,0.0007970440520355017
2018-04-23,CVL,GBR,813,358,6.528905289052891,1796.8327183271833,1850.2570725707258,1833.4501845018451,0.3210332103321033,0.6162361623616236,4050.7933579335795,-0.03849938499384918,-2.250489728184876,39.85239852398524,46.04941735406089,1.6614084911167493,46.58336938451775,1.607373005076141,48.000103775380694,-4.319314796954313,33254.0,12021.0,32898.0,CVL -> GBR,0.0005153152582122427
2018-04-30,CVL,GBR,1015,405,7.940886699507389,2183.6748768472908,2181.55763546798,2206.8689655172416,0.3330049261083744,0.5438423645320197,4002.9901477832514,1.243448275862068,-3.28076899703009,44.0,48.60535005888224,-0.37979436826347307,50.450674288423166,-1.0250809441117763,50.727002158682645,-0.005177328343313537,94468.0,19289.0,94323.0,CVL -> GBR,0.0006777058155838954
2018-05-07,CVL,GBR,890,353,14.020224719101124,3783.544943820225,3867.0280898876404,3845.9426966292135,0.2595505617977528,0.3887640449438202,6747.858426966292,-0.04685393258426952,-1.7619949720102892,36.06741573033708,50.399950329128444,-6.737217850917431,51.254204168577985,-5.86441693233945,49.53722598738533,-11.329217917431196,86173.0,17996.0,85882.0,CVL -> GBR,0.0004669263966607942
2018-05-14,CVL,GBR,630,336,6.328571428571428,2167.601587301587,2224.474603174603,2214.074603174603,0.28095238095238095,0.7396825396825397,4228.160317460318,1.9357142857142862,-1.0619378365674528,39.73015873015873,49.66506958592472,-12.447486594108023,50.61259316693944,-4.758191492635024,50.47755776104747,-10.858485458265141,13459.0,4038.0,13401.0,CVL -> GBR,0.0003627312627711632
2018-05-21,CVL,GBR,801,313,7.061173533083646,2471.1822721598,2491.5830212234705,2472.0686641697876,0.3807740324594257,0.6878901373283396,5296.310861423221,0.17465667915106142,-0.5834172041806459,47.02871410736579,44.369230361675136,15.549824173857866,47.23144031725889,8.838803987309646,44.972815317258885,13.319574937817256,91605.0,17102.0,76867.0,CVL -> GBR,0.0005047656557699882
2018-05-28,CVL,GBR,606,265,5.744224422442244,1513.4752475247524,1551.2013201320133,1566.7640264026402,0.30363036303630364,0.7607260726072608,4052.841584158416,2.0006600660066023,-0.4187984552238535,36.81518151815182,35.687994865319865,31.72623801683502,50.822218350168356,-4.4185522710437715,33.40633880471378,30.70423046296302,26498.0,10997.0,26424.0,CVL -> GBR,0.0003861023540775212
2018-06-04,CVL,GBR,747,322,6.566265060240964,1939.0508701472556,1818.8273092369477,1968.4484605087014,0.3386880856760375,0.6492637215528781,4856.443105756359,0.5124497991967877,-0.6745017797944426,43.761713520749666,48.24680430547946,2.0380077602739726,49.049866358904126,-0.07322999452054749,49.02311763835618,0.8471281657534244,49831.0,12718.0,49766.0,CVL -> GBR,0.0005253508140827776
2018-06-11,CVL,GBR,610,271,5.8737704918032785,1779.6868852459017,1815.7295081967213,1803.7377049180327,0.35737704918032787,0.760655737704918,3658.3606557377047,0.438688524590164,-2.1988841000817567,51.40983606557377,50.48479941056219,-2.2840405672913136,50.740770747870535,-2.094148862010222,50.47864706814311,-2.513250517887565,92019.0,5915.0,91999.0,CVL -> GBR,0.0004202913928456759
2018-06-18,CVL,GBR,839,301,4.610250297973779,1103.6281287246723,1121.212157330155,1131.631704410012,0.5435041716328963,0.8212157330154947,3162.2514898688914,0.2667461263408812,-1.469383997172559,57.151370679380214,49.23519399034986,-8.411974451145959,49.70037051628472,-7.9169948829915535,49.38313654764781,-7.983782112183352,156286.0,25515.0,155620.0,CVL -> GBR,0.0005846392483169846
2018-06-25,CVL,GBR,755,292,9.40794701986755,2387.866225165563,2430.6225165562914,2456.5960264900664,0.37218543046357616,0.5006622516556292,4700.3602649006625,1.29682119205298,-1.7261777860078,39.973509933774835,47.69804768175574,4.862813460905353,50.213560278463675,-2.3865189835390943,49.58392934567911,-0.8790447983539086,90085.0,23489.0,90081.0,CVL -> GBR,0.0005118494850658591
2018-07-02,CVL,GBR,307,223,6.078175895765472,1841.85993485342,1881.1042345276874,1875.4104234527688,0.4495114006514658,0.7035830618892508,3954.6221498371337,0.9521172638436479,-0.4973825935822253,54.62540716612378,47.71221736301371,-1.8951095958904112,48.332074982876705,-1.5420348013698633,48.42571188356165,-1.3120104178082197,3634.0,617.0,3541.0,CVL -> GBR,0.00025073874003374763
2018-07-09,CVL,GBR,859,292,7.905704307334109,2324.383003492433,2495.704307334109,2459.8521536670546,0.4051222351571595,0.570430733410943,3947.4761350407452,0.6281722933643772,-0.8278325569757046,39.33643771827707,43.79717063679245,-32.832869345518816,45.85358534787737,-29.776173369103716,43.94960669221699,-34.434459640330125,103327.0,30491.0,103226.0,CVL -> GBR,0.0005658921827166382
2018-07-16,CVL,GBR,601,327,8.118136439267888,2212.2412645590684,2196.6555740432614,2197.8003327787023,0.2579034941763727,0.5391014975041597,4610.95840266223,1.5976705490848584,-0.24587467420683487,36.55574043261231,48.11814144162437,-1.7562801996615927,50.56152846869713,-3.735159974619292,49.91287415397632,-3.4440499712351973,12215.0,8290.0,12171.0,CVL -> GBR,0.0004151375307122337
2018-07-23,CVL,GBR,569,321,7.391915641476274,2079.757469244288,2118.4586994727592,2108.2038664323372,0.4938488576449912,0.6608084358523726,4670.569420035149,1.2527240773286474,-1.7133119800032914,50.31634446397188,44.940369675276756,6.545534402214024,47.58134178597787,4.00026101291513,45.99118842435425,4.376934023985241,39246.0,6686.0,39236.0,CVL -> GBR,0.00039959464669582983
2018-07-30,CVL,GBR,340,273,6.114705882352941,1739.2323529411765,1748.2911764705882,1744.3264705882352,0.3911764705882353,0.6852941176470588,3810.5205882352943,1.1576470588235295,-0.8784271442652596,46.029411764705884,48.84972666871166,1.0090943926380365,50.37548435276074,-0.6671513527607367,49.361573693251536,-0.06684650613496955,2595.0,523.0,2581.0,CVL -> GBR,0.0002475514251681165
2018-08-06,CVL,GBR,772,257,5.018134715025907,1145.312176165803,1153.9753886010362,1164.768134715026,0.4650259067357513,0.8458549222797928,2693.417098445596,1.1506476683937814,-0.3214345668623994,42.57772020725388,40.32727506048386,22.580429436827956,40.490925504032255,19.725959153225805,40.40149549059139,18.67568421102151,102059.0,22871.0,101983.0,CVL -> GBR,0.0005488813698145108
2018-08-13,CVL,GBR,1025,295,9.565853658536586,2047.9346341463415,2118.5268292682927,2100.359024390244,0.6029268292682927,0.7365853658536585,5306.201951219512,0.8440000000000002,-3.7484427018738566,50.234146341463415,40.95368413622913,13.575681630799602,44.28827011352423,6.9424516179664355,45.451222043435436,6.8014323889437325,574807.0,67509.0,537585.0,CVL -> GBR,0.0007828180226856844
2018-08-20,CVL,GBR,565,299,7.258407079646018,2031.3893805309735,2060.30796460177,2046.2849557522125,0.48672566371681414,0.647787610619469,4000.732743362832,1.7338053097345139,-1.1240138543385545,52.3716814159292,50.098138178700374,-9.020328720216604,50.582867225631766,-9.114299521660648,49.74032685198557,-8.482029386281585,32598.0,5701.0,32002.0,CVL -> GBR,0.0003686620308775657
2018-08-27,CVL,GBR,520,270,7.376923076923077,1842.1307692307691,1870.2673076923077,1857.3480769230769,0.38076923076923075,0.5884615384615385,3899.867307692308,1.6344230769230772,-0.9696559195040508,42.69230769230769,47.863199060428826,-2.2023588460039023,48.58709849707601,-4.670370775828463,48.66529578557503,-5.770306742690062,24653.0,3918.0,24591.0,CVL -> GBR,0.0003296325737838143
2018-09-03,CVL,GBR,622,268,7.387459807073955,1980.5852090032154,2019.3360128617364,1980.4967845659164,0.26366559485530544,0.684887459807074,3737.5675241157555,0.5784565916398716,-1.302222348677266,45.659163987138264,50.107614962356784,-0.5304552340425552,50.321295117839604,-1.3608317479541758,50.32427551882161,-1.5219116415711962,120611.0,28881.0,120605.0,CVL -> GBR,0.00037976360631335627
2018-09-10,CVL,GBR,473,303,10.718816067653277,2928.4841437632135,2972.4122621564484,2939.07399577167,0.4334038054968288,0.5496828752642706,5292.754756871036,1.604651162790698,-0.30839004008706855,43.82663847780127,49.23026533035715,-0.9644534464285712,50.66829308258928,-3.746784339285714,50.08494568526786,-2.6498588928571434,16034.0,3130.0,16022.0,CVL -> GBR,0.00030754846163999407
2018-09-17,CVL,GBR,837,359,7.661887694145759,1795.426523297491,1805.295101553166,1815.7502986857826,0.4133811230585424,0.7610513739545998,3692.377538829152,1.0577060931899642,0.17974579509061858,47.82556750298686,49.65441285103784,0.8532186593406612,50.821050426129425,-0.9096436288156295,49.74937066422465,1.642769514041516,59028.0,10381.0,56592.0,CVL -> GBR,0.0005260005794176036
2018-09-24,CVL,GBR,639,305,5.985915492957746,1525.3474178403756,1571.1690140845071,1560.602503912363,0.5790297339593115,0.6713615023474179,3788.1236306729265,-0.24804381846635362,-0.1971911362346271,47.29264475743349,49.591290588235275,-1.6692507313195544,51.03654312400635,-2.9286561685214627,49.25188997138313,-0.7610920111287763,57654.0,11328.0,57264.0,CVL -> GBR,0.00040643709861156254
2018-10-01,CVL,GBR,1018,297,8.87426326129666,2474.166011787819,2529.255402750491,2517.3349705304518,0.31335952848722987,0.3988212180746562,4455.5992141453835,1.3907662082514738,0.27846264443373503,41.83693516699411,50.239815464426876,0.024127075098814555,52.080483843873516,-3.93171839426878,51.06192050395256,-1.5561167974308336,172216.0,40701.0,171776.0,CVL -> GBR,0.00067142556574859
2018-10-08,CVL,GBR,966,340,5.984472049689441,1598.672877846791,1654.4057971014493,1654.8488612836438,0.2898550724637681,0.6832298136645962,4181.195652173913,-0.010144927536231455,-1.3582061943834969,43.07453416149068,48.741758911180774,3.281027472309301,50.93634976071056,2.6858944608150472,50.48260966980147,3.8091053970741924,134263.0,19680.0,134217.0,CVL -> GBR,0.0006699298584825187
2018-10-15,CVL,GBR,1100,389,7.158181818181818,1792.5318181818182,1807.2827272727272,1822.0772727272727,0.3709090909090909,0.7872727272727272,4185.369090909091,-0.5023636363636365,-2.7034159247846703,42.31818181818182,47.688916658964864,0.5480656256931593,49.50680450462106,1.3577976756007373,48.71679164417743,0.32710376524953666,168017.0,33071.0,150478.0,CVL -> GBR,0.00064855546063062
2018-10-22,CVL,GBR,1072,327,8.186567164179104,2230.194962686567,2246.8796641791046,2245.314365671642,0.4944029850746269,0.6082089552238806,4658.667910447762,1.061847014925371,-1.0764296419470705,53.14365671641791,44.10701587898686,-20.77481707129456,44.767323042213874,-19.11568677110695,43.82047151594748,-22.301048790806767,250658.0,33115.0,250604.0,CVL -> GBR,0.0006766484943624198
2018-10-29,CVL,GBR,477,299,5.922431865828092,1621.6603773584907,1655.6457023060796,1648.0041928721173,0.4591194968553459,0.7044025157232704,3707.909853249476,1.5350104821802937,0.10332962672591364,50.75471698113208,47.07906807296138,-11.50758196995708,47.78137907725322,-11.25999850214592,47.06352746137338,-11.331293173819745,12510.0,2382.0,12491.0,CVL -> GBR,0.000301175151345249
2018-11-05,CVL,GBR,695,311,8.235971223021583,2121.181294964029,2135.1755395683454,2129.6676258992807,0.22158273381294963,0.5539568345323741,4072.3107913669064,1.280863309352519,-0.8592208791252192,41.68345323741007,51.77542271761283,-3.9241980582241642,52.089929366812235,-2.946088589519651,51.89388185152839,-3.285603352256187,72532.0,17294.0,72430.0,CVL -> GBR,0.0004236102688005247
2018-11-12,CVL,GBR,1008,369,5.9771825396825395,1492.8323412698412,1510.5843253968253,1492.2073412698412,0.628968253968254,0.7698412698412699,3998.0873015873017,1.0048611111111123,-0.7976765919591121,54.33531746031746,48.75460819858154,-0.5647265369807518,49.116694850050656,-0.4796015410334367,48.813469622087126,-0.5410472188449861,260087.0,35080.0,260045.0,CVL -> GBR,0.0006318762776218634
2018-11-19,CVL,GBR,1048,412,7.411259541984733,1865.3826335877864,1893.2776717557251,1870.1727099236641,0.4580152671755725,0.6937022900763359,3841.5734732824426,2.1628816793893137,1.0762357962216162,51.92748091603053,48.9571634712195,-20.47533827219511,48.747868212682924,-19.281345843902432,48.739421323902434,-20.381582607804862,244162.0,44061.0,243198.0,CVL -> GBR,0.0007915198616350776
2018-11-26,CVL,GBR,1668,392,8.738009592326138,1663.1852517985612,1931.3501199040768,1918.3998800959232,0.47601918465227816,0.5761390887290168,3457.64448441247,0.09820143884892142,-5.788956182651426,45.16786570743405,41.03336957705598,-38.30428470214241,42.17103407256525,-35.961629325270565,41.78759684334027,-24.661134510006953,440538.0,93091.0,439743.0,CVL -> GBR,0.0010112290069949402
2018-12-03,CVL,GBR,514,299,8.003891050583658,1433.614785992218,2083.918287937743,2088.258754863813,0.3521400778210117,0.6653696498054474,4241.34046692607,2.353112840466927,0.25254209973955,48.326848249027236,48.954362417670694,-3.3548605281124497,50.46911561445784,-3.0179379096385546,49.631861630522096,-2.820917110441767,33141.0,5078.0,33141.0,CVL -> GBR,0.0003576244275573973
2018-12-10,CVL,GBR,776,275,6.990979381443299,1787.639175257732,1797.3865979381444,1791.5051546391753,0.7268041237113402,0.7693298969072165,3803.9974226804125,1.5930412371134024,-0.7059624612498792,55.56701030927835,50.674034028758165,-8.880924720261433,51.249485849673206,-9.519216538562091,50.49549851633987,-7.928794092810455,377845.0,57949.0,377839.0,CVL -> GBR,0.0005908244056161819
2018-12-17,CVL,GBR,761,272,8.403416557161629,2115.9934296977663,2146.862023653088,2161.1760840998686,0.3823915900131406,0.6399474375821288,3671.6189224704335,0.7387647831800264,-2.396901610590961,66.53088042049934,49.776051753020155,0.4539431020134217,50.51001891677855,-0.6248470134228203,50.22382727919466,-0.4230380402684572,179439.0,21072.0,179360.0,CVL -> GBR,0.0005930278317858242
2018-12-24,CVL,GBR,869,186,6.409666283084005,1828.023014959724,1868.506329113924,1834.896432681243,0.570771001150748,0.6973532796317606,3545.543153049482,3.4963176064441783,-3.5742002742463677,58.59608745684695,43.8549643979239,15.831510855824702,50.506883198385225,-0.4989410830449831,48.70969297347173,4.654654884659743,226127.0,38405.0,225885.0,CVL -> GBR,0.001000882250637501
2018-12-31,CVL,GBR,2008,330,7.401892430278885,1579.8152390438247,1621.8227091633466,1610.8580677290836,0.3650398406374502,0.728585657370518,3474.5209163346613,0.05916334661354574,-3.83636217873409,45.02988047808765,51.896988815407745,-2.2683699609804893,52.66056401450729,-2.3429950590295157,51.846087226613335,-1.2164450915457732,559531.0,128981.0,558715.0,CVL -> GBR,0.0020588177997512606
2019-01-07,CVL,GBR,655,274,6.024427480916031,1404.102290076336,1432.9801526717558,1428.483969465649,0.3297709923664122,0.8534351145038168,3657.5435114503816,2.0375572519083973,-0.4037303051375596,39.969465648854964,51.03124489795918,-3.549573833594977,51.46545164835165,-2.300933717425432,50.91227985400313,-3.1914071758241764,35768.0,11611.0,35722.0,CVL -> GBR,0.0005316692221963377
2019-01-14,CVL,GBR,733,307,4.6139154160982265,1187.2401091405184,1224.4993178717598,1219.9304229195088,0.29195088676671216,0.810368349249659,4734.030013642565,-1.8159618008185534,-2.887300000941711,41.582537517053204,50.60825240138889,-7.945243686111108,51.197497044444454,-9.584022913888889,50.59860545694444,-8.188505524999998,52012.0,13231.0,51944.0,CVL -> GBR,0.000541620146200494
2019-01-21,CVL,GBR,940,348,4.165957446808511,996.0968085106383,1022.1436170212766,1028.0563829787234,0.33617021276595743,0.8404255319148937,4211.773404255319,-0.1389361702127658,-2.2249183061733935,41.11702127659574,47.114107339479396,16.285349091106287,47.047190310195234,17.905271874186543,47.60699581040088,13.944033700975085,93416.0,28761.0,93346.0,CVL -> GBR,0.0007609050236730505
2019-01-28,CVL,GBR,882,329,8.198412698412698,1979.9002267573696,2031.8798185941043,2015.1746031746031,0.3956916099773243,0.782312925170068,4107.272108843537,0.706349206349206,-1.6531018060844787,52.36961451247166,48.83025495423342,-11.472779311212815,50.5325203146453,-8.046317477116702,49.21980069221968,-11.652667651029748,121625.0,16383.0,121305.0,CVL -> GBR,0.0007145385919701092
2019-02-04,CVL,GBR,509,346,7.005893909626719,1903.779960707269,1928.367387033399,1931.6974459724952,0.31237721021611004,0.6758349705304518,4438.744597249509,1.1982318271119845,-1.506419908581426,43.16306483300589,49.90363112851405,-0.7623161465863464,50.74621673293172,-1.4142080080321298,50.36918342369477,0.10274443975903615,7317.0,2241.0,7282.0,CVL -> GBR,0.0003977426347284801
2019-02-11,CVL,GBR,565,319,6.028318584070797,1538.4814159292036,1540.7699115044247,1510.529203539823,0.34690265486725663,0.7628318584070797,3457.6389380530973,1.598407079646018,-0.2011024664793055,51.53982300884956,50.63598109174312,-8.643001911926607,51.489965550458706,-9.839772873394494,50.617308119266056,-9.241924018348623,39824.0,6316.0,39751.0,CVL -> GBR,0.0003971640378859345
2019-02-18,CVL,GBR,751,344,9.424766977363515,2330.544607190413,2351.7203728362183,2341.030625832224,0.4940079893475366,0.5752330226364847,3935.398135818908,0.8312916111850859,-2.8212694948596915,50.45272969374168,49.37483260245903,2.0887934767759577,50.88198937841533,0.3641332663934429,50.44806928961751,1.528817627049182,104256.0,16679.0,104229.0,CVL -> GBR,0.0005867265424618921
2019-02-25,CVL,GBR,837,339,7.044205495818399,1673.6535244922343,1694.4205495818399,1688.7359617682198,0.5256869772998806,0.6606929510155317,4443.038231780167,1.3919952210274793,-1.6872242054436848,55.55555555555556,51.714022874074054,-3.16879067037037,52.07697727777775,-2.0810554740740743,51.864813203703676,-2.4664026493827165,117592.0,15500.0,117450.0,CVL -> GBR,0.0005823925409222955
2019-03-04,CVL,GBR,1090,334,6.055045871559633,1493.1357798165138,1548.0330275229358,1528.5146788990826,0.47522935779816516,0.6697247706422018,4010.569724770642,0.25697247706422055,-1.811295135228791,52.6605504587156,50.238659024953805,-0.32566195194084946,49.48926808410351,-10.65695977818854,49.34593573659888,-10.676517621996304,367919.0,55238.0,367837.0,CVL -> GBR,0.0008274375246713024
2019-03-11,CVL,GBR,751,313,7.384820239680426,1998.8894806924102,2031.9440745672437,2033.9107856191745,0.4367509986684421,0.7576564580559254,3863.276964047936,1.8561917443408762,0.39798342849392937,50.54593874833555,50.21984436118598,-0.6031030161725076,51.05281211859838,-1.8188466320754724,50.35630552021562,-0.2013230121293804,244374.0,31537.0,244363.0,CVL -> GBR,0.0005529108436786314
2019-03-18,CVL,GBR,850,346,4.684705882352941,1137.1905882352942,1180.9764705882353,1157.815294117647,0.3423529411764706,0.8,3743.389411764706,0.020117647058823886,-2.041523049380197,43.976470588235294,50.542009870348174,-3.965004334933974,51.31028920048021,-1.7434382496998801,50.39364397238897,-1.3129508031212482,137419.0,42380.0,137358.0,CVL -> GBR,0.0006299095894471617
2019-03-25,CVL,GBR,599,315,7.25542570951586,1738.1552587646077,1759.0500834724542,1759.5041736227045,0.48414023372287146,0.657762938230384,3712.5475792988314,1.6676126878130213,-0.0078451703304924,47.76293823038397,48.42166443327555,-0.497167296360485,49.673924126297564,-0.3483648961937717,48.79414137024221,-0.9958994273356395,33130.0,5102.0,32882.0,CVL -> GBR,0.00039963065854328956
2019-04-01,CVL,GBR,858,316,8.534965034965035,1856.4055944055945,2135.530303030303,2145.750582750583,0.2878787878787879,0.5396270396270396,3643.967365967366,2.2090909090909103,0.8589286163205844,40.0,46.619299668632095,-10.672095294811323,48.0839453879717,-6.787609750000002,47.66913835731135,-6.030938250000001,93624.0,21984.0,93472.0,CVL -> GBR,0.0006741912062836506
2019-04-08,CVL,GBR,437,305,7.983981693363845,2120.157894736842,2231.3386727688785,2214.6636155606407,0.5102974828375286,0.5995423340961098,4293.3386727688785,1.4533180778032038,-0.41752278130830833,51.350114416475975,49.366722863746965,-5.225023309002434,50.840587681265205,-5.495675600973237,50.064193712895374,-5.539616598540148,16859.0,1994.0,16776.0,CVL -> GBR,0.0003182598107045995
2019-04-15,CVL,GBR,969,326,12.37048503611971,2999.0897832817336,2969.5056759545923,3012.670794633643,0.19298245614035087,0.34365325077399383,5623.795665634675,-0.3520123839009289,-2.759385826343546,28.132094943240453,48.766249519828506,8.431812545551999,51.91178451446946,-2.261925407288318,51.15893683279743,-1.6635912743836976,69926.0,40667.0,69861.0,CVL -> GBR,0.0007733637251709541
2019-04-22,CVL,GBR,496,280,6.645161290322581,1773.375,1798.1814516129032,1794.7318548387098,0.4475806451612903,0.717741935483871,3991.6592741935483,1.4667338709677429,-1.5303917696709148,46.189516129032256,46.84424138347458,-7.741528461864407,50.38536720550847,-4.408634847457628,48.7107661059322,-8.678568169491523,27798.0,5817.0,27690.0,CVL -> GBR,0.00039786340932043164
2019-04-29,CVL,GBR,862,300,6.179814385150812,1676.3422273781903,1731.5661252900231,1763.9466357308584,0.34106728538283065,0.7296983758700696,3850.871229698376,2.066473317865429,-1.580022075374131,42.343387470997676,50.26821565602835,-16.166271447990542,50.680705520094534,-12.13241896690307,50.363561991725746,-13.82719993144208,61079.0,17960.0,61066.0,CVL -> GBR,0.0006685145173123545
2019-05-06,CVL,GBR,714,297,5.848739495798319,1474.6204481792718,1477.2072829131653,1490.1582633053222,0.26330532212885155,0.7535014005602241,3756.415966386555,-0.7085434173669467,-1.1496420802773204,42.75910364145658,50.91655003591954,-4.327168954022989,50.86871824712644,-1.625800998563218,50.100369576149426,-0.2175130229885051,40053.0,10413.0,39859.0,CVL -> GBR,0.000500890237691359
2019-05-13,CVL,GBR,886,319,6.160270880361174,1515.2708803611738,1529.5316027088036,1549.1884875846501,0.3397291196388262,0.7110609480812641,3193.063205417607,0.6733634311512413,-0.41979075582485637,42.43792325056433,51.480222950289004,-2.58462165549133,52.23418864161848,-3.6423234589595377,51.918243716762994,-3.229296593063584,117054.0,31520.0,117002.0,CVL -> GBR,0.0006671706842490489
2019-05-20,CVL,GBR,1161,365,10.651162790697674,2851.3703703703704,2907.6279069767443,2843.6330749354006,0.6701119724375538,0.4289405684754522,4368.637381567614,-0.12937123169681308,-1.4752265478380286,61.26614987080104,46.474882623909245,6.319234213787081,50.899880612565454,1.2377414066317631,46.962067091623034,5.452762608202441,379259.0,33459.0,379213.0,CVL -> GBR,0.0008902616418387699
2019-05-27,CVL,GBR,1133,358,10.53927625772286,2741.4810238305386,2808.578993821712,2755.8146513680495,0.2497793468667255,0.4580759046778464,4976.43865842895,1.31597528684907,-0.3300836823068579,34.24536628420124,48.261058169340444,0.17935635739751066,49.37686155971478,2.024200045454547,49.475121795900165,0.4416716836007122,199068.0,68885.0,199050.0,CVL -> GBR,0.0008969774314778119
2019-06-03,CVL,GBR,900,350,7.677777777777778,1861.3144444444445,1911.1077777777778,1925.04,0.26666666666666666,0.6777777777777778,4237.923333333333,2.4831111111111115,-1.0489590878543025,48.93333333333333,50.15658035698201,-9.348209300675686,50.86931931193696,-9.454017476351362,50.71618817454956,-8.895466277027039,210272.0,8269.0,210271.0,CVL -> GBR,0.0006555294638643025
2019-06-10,CVL,GBR,869,326,7.643268124280783,1840.6421173762947,1837.7307249712312,1837.9378596087456,0.5293440736478712,0.7525891829689298,4155.918296892981,1.5426927502876873,0.15285738545090474,46.27157652474108,46.50253009422849,-2.4914648080094173,49.4962606007067,3.26229715665489,49.172218904593606,3.587928532391051,89954.0,13376.0,89890.0,CVL -> GBR,0.0007123855899724965
2019-06-17,CVL,GBR,1373,319,7.787327021121632,2043.4726875455208,2097.548434085943,2054.717407137655,0.4289876183539694,0.7021121631463948,4216.214857975237,1.446540422432625,-1.2991869540866994,43.772760378732706,43.56434690014663,4.817998829662264,45.062903193832376,0.12011191776797989,44.86024668281917,0.20811645374449622,415287.0,100229.0,414952.0,CVL -> GBR,0.0010278084698005468
2019-06-24,CVL,GBR,951,293,9.40378548895899,2659.874868559411,2661.484752891693,2653.901156677182,0.4500525762355415,0.4500525762355415,4569.174553101998,1.4340694006309138,-0.5015486166311182,48.03364879074658,50.290252155650315,-4.988464660980813,50.905072722814474,-6.169186792110874,50.55358572921104,-5.166679837953089,272660.0,43331.0,272624.0,CVL -> GBR,0.0006322335394906631
2019-07-01,CVL,GBR,628,327,9.060509554140127,2225.5079617834394,2266.3407643312103,2251.815286624204,0.4681528662420382,0.49363057324840764,4093.1369426751594,-0.5563694267515913,-0.325565314583851,47.452229299363054,48.350843656401956,-20.58323625283631,50.61911187358186,-22.744813758508936,49.35853474230147,-21.798984405186406,47741.0,10866.0,47733.0,CVL -> GBR,0.0005813135464569494
2019-07-08,CVL,GBR,636,278,7.709119496855346,1930.748427672956,1926.3317610062893,1939.5,0.2279874213836478,0.6666666666666666,4393.0503144654085,0.527358490566038,-0.16090060072245296,41.16352201257862,50.767485192616356,-8.122364918138041,51.355860853932576,-8.230965804173353,51.128914486356344,-7.721979812199035,43820.0,11189.0,43762.0,CVL -> GBR,0.0005259471390046864
2019-07-15,CVL,GBR,853,276,6.834701055099648,2086.974208675264,2198.4970691676435,2163.5310668229777,0.4958968347010551,0.776084407971864,4851.082063305979,-0.4363423212192245,-0.37416419928145395,38.03048065650645,50.231708827381055,-0.9202775619047735,50.577879303571486,-1.2821036642857202,50.016544541666725,-0.9013642845238168,162981.0,47591.0,162965.0,CVL -> GBR,0.0007227753897098137
2019-07-22,CVL,GBR,508,280,8.653543307086615,2647.4271653543306,2655.8425196850394,2649.1397637795276,0.4094488188976378,0.5137795275590551,4586.883858267716,1.8570866141732285,-0.7410101883961566,42.42125984251968,44.25722594726165,-1.8470980486815425,45.78228864503043,1.2904342393509118,45.109857793103444,4.550813229208922,16072.0,2875.0,16066.0,CVL -> GBR,0.0004146715360641794
2019-07-29,CVL,GBR,764,347,7.0732984293193715,1844.6858638743456,1865.869109947644,1868.5471204188482,0.22905759162303665,0.6910994764397905,3902.7369109947645,0.6430628272251308,-1.3096769884905783,36.8717277486911,48.89815940775401,-16.714468046791424,50.04448454144386,-13.628323248663081,48.73991213770053,-16.17644376737966,31727.0,12335.0,31701.0,CVL -> GBR,0.0006018212181365598
2019-08-05,CVL,GBR,1266,341,6.045813586097946,1419.034755134281,1423.0142180094788,1420.6279620853081,0.353870458135861,0.6951026856240127,3537.088467614534,0.6394944707740926,-2.7874826958622947,47.464454976303315,47.217141746805126,6.875993957667719,50.0264920790735,-2.628822888977637,47.76625153035144,7.413108527156548,192144.0,35844.0,191825.0,CVL -> GBR,0.0009711806365298933
2019-08-12,CVL,GBR,760,321,8.798684210526316,2273.1342105263157,2371.415789473684,2330.2960526315787,0.30394736842105263,0.5289473684210526,5609.819736842105,-1.8531578947368377,-2.7343676384593287,39.5921052631579,49.43314239999995,1.8495821310344807,50.54905973379306,-0.6156804331034504,49.83285729655164,0.44531043586207003,48138.0,23768.0,48118.0,CVL -> GBR,0.0006742633672712562
2019-08-19,CVL,GBR,534,337,7.820224719101123,1845.0355805243446,1854.8651685393259,1853.8464419475656,0.4868913857677903,0.6441947565543071,3829.5898876404494,0.5730337078651687,-1.4271282897477473,51.51685393258427,51.3289380497132,-0.03329392734225708,52.22502485659656,-1.893356413001912,51.64387284894838,-0.814125734225622,22218.0,4489.0,22112.0,CVL -> GBR,0.0004321968875349238
2019-08-26,CVL,GBR,777,323,6.572715572715572,1659.6306306306305,1719.3796653796653,1413.7194337194337,0.3474903474903475,0.7232947232947233,3524.836550836551,-1.0297297297297303,-3.577536963373973,43.732303732303734,45.29116026212321,8.277718461336828,45.59756408387943,9.726895800786364,45.49826148492794,8.27529950327654,90405.0,18999.0,90357.0,CVL -> GBR,0.0006760201640197185
2019-09-02,CVL,GBR,672,339,6.779761904761905,1707.7901785714287,1727.4434523809523,1503.5193452380952,0.39285714285714285,0.6964285714285714,3580.065476190476,0.6008928571428571,-2.3168537156072335,44.404761904761905,49.41796527108432,-0.8916818463855425,50.23537941265059,-1.2104994668674698,49.298021079819264,0.14305870933735268,34719.0,13453.0,34623.0,CVL -> GBR,0.0005948155452210289
2019-09-09,CVL,GBR,932,306,8.093347639484978,2035.9484978540772,2095.5751072961375,2114.8530042918455,0.6244635193133047,0.6394849785407726,3222.1158798283263,2.776931330472101,-2.774820356116462,60.697424892703864,50.44242555737704,-6.451014168306012,51.177425488524584,-4.237392119125683,50.88666981420765,-18.505849257923497,799026.0,7290.0,799020.0,CVL -> GBR,0.0007998496419986286
2019-09-16,CVL,GBR,622,269,5.612540192926045,1479.5032154340836,1511.998392282958,1493.1897106109325,0.34887459807073956,0.7829581993569131,3691.5771704180065,1.992443729903538,-2.2070941063366023,44.437299035369776,50.45183403571427,-4.232406655844157,51.88029056980519,-4.723815462662343,51.29332567532466,-3.907008482142863,64907.0,19468.0,64653.0,CVL -> GBR,0.0004757377568276399
2019-09-23,CVL,GBR,1200,363,9.373333333333333,2385.465833333333,2454.0741666666668,2430.6208333333334,0.48833333333333334,0.6866666666666666,5235.2891666666665,2.1334166666666663,-2.097538275561718,43.375,48.44840085151007,-3.2537473800335577,51.3171052307047,-6.470386386744969,50.77825065855704,-5.985987583892619,210987.0,44600.0,210560.0,CVL -> GBR,0.0008456290140952263
2019-09-30,CVL,GBR,623,311,10.73354735152488,2791.4767255216693,2832.0658105939006,2833.0577849117176,0.29052969502407705,0.5200642054574639,4777.088282504013,-0.7089887640449439,-0.5702859194203601,35.698234349919744,47.21870901305057,-8.450016300163133,50.43167665905383,-2.957103703099511,50.3028030995106,-2.8854180864600325,29232.0,19078.0,29154.0,CVL -> GBR,0.0005033407932263094
2019-10-07,CVL,GBR,675,289,11.21037037037037,3093.791111111111,3140.0207407407406,3120.0103703703703,0.5333333333333333,0.48,5303.780740740741,0.6638518518518518,-1.8551364188166106,46.266666666666666,47.5445712492447,-4.867717083081567,49.13263673564954,-20.862663586102734,47.984586918428995,-4.068000243202418,41196.0,9049.0,41135.0,CVL -> GBR,0.0005121644753614743
2019-10-14,CVL,GBR,754,352,8.09946949602122,2255.5915119363394,2272.0968169761272,2267.4350132625996,0.3620689655172414,0.603448275862069,4957.515915119363,-0.11339522546419091,-0.8699163582987648,43.183023872679044,49.49243565591398,4.712172229838716,51.216733629032255,0.784233911290329,49.538771084677414,-3.1422834045698855,37567.0,8721.0,37462.0,CVL -> GBR,0.0005474522776265548
2019-10-21,CVL,GBR,1117,371,5.299910474485229,1439.8522829006267,1481.534467323187,1452.154879140555,0.4333034914950761,0.8487018800358102,4454.343777976724,-1.7611459265890783,-3.0726712509904175,45.32676812891674,47.96419170614825,-2.815843446654603,48.9569143092224,-4.60860112115732,47.82911379837248,-1.3148189602169995,204700.0,45260.0,204666.0,CVL -> GBR,0.0009159852130301152
2019-10-28,CVL,GBR,771,368,9.863813229571985,2563.303501945525,2567.5058365758755,2559.8897535667966,0.35667963683527887,0.46303501945525294,4746.115434500649,1.0255512321660183,-2.867097329692003,44.0337224383917,45.74924822619048,10.516498994708998,50.248273556578944,0.2134206473684207,48.2980611547619,1.685007465608465,32983.0,8665.0,32906.0,CVL -> GBR,0.0007071733611188565
2019-11-04,CVL,GBR,1072,416,8.850746268656716,2235.4263059701493,2263.222014925373,2271.7257462686566,0.36007462686567165,0.5578358208955224,4051.769589552239,1.6424440298507477,-0.7205872845691876,42.91977611940298,50.34252566824198,1.8439403308128541,50.96993237051042,0.5764985293005669,50.640756890359185,0.961197049149338,102035.0,18616.0,101857.0,CVL -> GBR,0.0009681363916328452
2019-11-11,CVL,GBR,1134,324,9.161375661375661,2621.4488536155204,2619.284832451499,2631.304232804233,0.2742504409171076,0.47001763668430335,3922.5326278659613,3.621252204585536,-0.5916397637379887,35.72310405643739,52.148617524866715,-2.1303203792184715,52.5033376358791,-2.639388553285967,51.968002023090506,-1.965347483126107,231453.0,81135.0,231410.0,CVL -> GBR,0.0009668005466600621
2019-11-18,CVL,GBR,819,324,7.164835164835165,1998.3260073260074,1993.2368742368742,2024.4188034188035,0.2515262515262515,0.684981684981685,4056.5873015873017,2.3253968253968247,-3.0537414643086573,38.35164835164835,45.62619984138785,34.59292510037177,47.29238199752169,18.463351767038418,43.93244676579926,34.506188080545236,52215.0,12022.0,52079.0,CVL -> GBR,0.0006400852821806978
2019-11-25,CVL,GBR,632,298,7.449367088607595,1845.243670886076,1878.7832278481012,1821.1787974683543,0.30854430379746833,0.7468354430379747,4543.0031645569625,-0.21946202531645576,-2.0801935361343387,49.03481012658228,46.3459125982906,15.017384700854706,49.86891908376067,3.1030968615384618,48.66945170940171,7.348081365811965,53646.0,8535.0,53577.0,CVL -> GBR,0.0006801703439272734
2019-12-02,CVL,GBR,857,362,7.465577596266044,1980.3465577596266,2022.2252042007,2022.124854142357,0.26954492415402564,0.45274212368728123,4139.46674445741,0.4544924154025674,-1.0255808828427266,35.904317386231035,49.684154334507056,3.7936862852112663,51.16478987441317,-3.666202603286386,50.776750833333345,-4.157330856807511,60486.0,24826.0,60436.0,CVL -> GBR,0.000719303693880463
2019-12-09,CVL,GBR,2468,601,6.763776337115073,1913.7828200972447,1950.0149918962722,1941.9132901134521,0.3354943273905997,0.7832252836304701,4496.231766612642,1.033063209076174,-1.0689399229819991,44.18152350081037,51.85769806869925,-0.4820353239837378,52.41756945081303,-1.8426706032520284,51.76943769268297,-0.8635194463414592,564574.0,128317.0,563515.0,CVL -> GBR,0.0022742980362523845
2019-12-16,CVL,GBR,607,296,8.299835255354202,2444.5568369028006,2470.1087314662273,2473.4398682042834,0.3542009884678748,0.7199341021416804,4909.120263591433,0.30593080724876454,-1.7444101668978644,40.42833607907743,50.62114920270268,2.903008920608117,50.09155710810811,-10.136301390202702,51.29678973479728,2.0635531925675634,52092.0,14648.0,52077.0,CVL -> GBR,0.0005559218961790673
2019-12-23,CVL,GBR,689,192,8.44267053701016,2300.8650217706822,2300.1349782293178,2299.880986937591,0.5399129172714079,0.5529753265602322,4638.937590711175,1.8039187227866493,-1.4195562137305489,65.84905660377359,45.0352441021898,12.366066315328478,45.7862651941606,10.973345724087602,45.64859176350367,10.957306000000012,349264.0,42202.0,349264.0,CVL -> GBR,0.0009750699106728407
2019-12-30,CVL,GBR,276,182,6.108695652173913,1629.605072463768,1645.5,1634.7463768115942,0.42028985507246375,0.6992753623188406,3766.9239130434785,0.8431159420289852,-1.4560061633569301,44.56521739130435,38.79017080882353,22.154235886029415,40.33615095588236,18.04347975367647,38.80884838235294,22.909697150735298,3285.0,776.0,3249.0,CVL -> GBR,0.00027762689359647535
2020-01-06,CVL,GBR,772,282,7.007772020725389,1954.5142487046633,1980.967616580311,1997.9520725388602,0.3082901554404145,0.6126943005181347,3795.4261658031087,-0.3283678756476689,-0.7764403053460244,37.38341968911917,49.13273413756613,-7.695065025132271,49.483754588699064,-1.2844344152431026,49.12748511826543,-3.518132784494089,91208.0,25839.0,91092.0,CVL -> GBR,0.000504156351161878
2020-01-13,CVL,GBR,666,321,6.2042042042042045,1508.7237237237237,1554.611111111111,1541.0585585585586,0.5495495495495496,0.7222222222222222,3903.211711711712,1.8696696696696702,-2.038378136081059,51.546546546546544,48.58199456923076,-0.843953549230769,49.03851906923077,2.5136013123076917,48.546393095384616,3.480243463076923,59437.0,8341.0,59417.0,CVL -> GBR,0.000553970538083395
2020-01-20,CVL,GBR,1163,398,7.165090283748925,1705.9105760963027,1695.488392089424,1692.5030094582976,0.43680137575236455,0.7360275150472915,4058.1496130696473,0.6509028374892525,-1.843146689682355,49.33791917454858,50.6921257287094,-2.587006515364355,52.01270848551362,-4.081744626865672,51.197618884986824,-3.6238058068481123,250377.0,37788.0,250301.0,CVL -> GBR,0.0009423955646634887
2020-01-27,CVL,GBR,1632,487,7.691789215686274,1858.1286764705883,1896.8082107843138,1874.2463235294117,0.5422794117647058,0.7916666666666666,4513.271446078431,1.6106617647058794,-1.378834535442875,48.10049019607843,46.25352021202732,19.426864784872894,51.10403881587108,-0.9083663397396164,49.25621197148174,6.516431827030372,452863.0,94920.0,452797.0,CVL -> GBR,0.0011374320380872463
2020-02-03,CVL,GBR,939,308,6.727369542066028,2013.2598509052184,2157.4984025559106,2179.717784877529,0.49307774227902024,0.7337593184238551,4792.350372736954,1.7854100106496262,-1.734668603588454,39.350372736954206,42.385738596566505,10.09624786587981,47.77792420064378,-14.625594096566518,47.13527709763949,-11.743387956008577,119880.0,32807.0,119826.0,CVL -> GBR,0.0007371748069920913
2020-02-10,CVL,GBR,550,308,7.910909090909091,1902.0672727272727,1943.6454545454546,1929.8836363636365,0.38,0.6090909090909091,4082.9163636363637,-0.30763636363636365,-2.200382166439506,37.8,46.87306881970261,1.62507993494423,48.318273622676585,-0.12506070260223082,47.53922354460966,1.3744104070631957,16243.0,5538.0,16196.0,CVL -> GBR,0.00047928988410770603
2020-02-17,CVL,GBR,2299,333,7.5137016093953894,2004.8777729447586,2060.4140930839494,2036.9586776859503,0.32448890822096566,0.647672901261418,4610.17746846455,0.663244889082209,-4.070485157011107,50.613310134841235,50.482248436802244,6.742921148280467,51.44230801027242,-1.5167179638231396,51.554437644037506,-2.1077616382313584,1526308.0,189351.0,1526229.0,CVL -> GBR,0.0020997658199407424
2020-02-24,CVL,GBR,554,309,7.292418772563177,1660.9602888086642,1703.6137184115523,1690.5306859205775,0.351985559566787,0.5415162454873647,3601.048736462094,0.5173285198555955,-0.7336422679566975,44.90974729241877,49.24862926802216,-3.0684888170055435,50.27929742883545,-3.5191017541589638,49.94636914787428,-2.5948341256931595,38488.0,16621.0,38411.0,CVL -> GBR,0.0004828921930104406
2020-03-02,CVL,GBR,509,272,10.100196463654225,3530.950884086444,2947.974459724951,3569.467583497053,0.22789783889980353,0.4361493123772102,6461.1060903732805,1.5994106090373292,-0.9474491761844044,42.45579567779961,47.60456571172962,7.735407499005965,50.07764775347912,-0.4445285606361847,48.57184046322067,6.707915626242548,26745.0,6427.0,26272.0,CVL -> GBR,0.00042064933712606425
2020-03-09,CVL,GBR,801,323,10.514357053682897,3175.9825218476904,2720.214731585518,3211.558052434457,0.4107365792759051,0.651685393258427,5779.940074906367,1.6752808988764045,-1.7598149430786079,43.64544319600499,46.01121074148801,11.307765065573777,47.22316794577553,7.049066377049187,45.996253757881455,11.030093733921824,66840.0,15484.0,66089.0,CVL -> GBR,0.000746394523085582
2020-03-16,CVL,GBR,764,343,13.31806282722513,3704.801047120419,3753.1256544502617,3741.193717277487,0.4397905759162304,0.4463350785340314,6340.178010471204,0.39005235602094235,-1.9523462832507266,41.81937172774869,43.13983890356673,-5.08318368031704,48.183673698811106,-0.5976467291941894,47.25393896565391,-1.3071030079260266,34189.0,8900.0,34068.0,CVL -> GBR,0.000744168649655335
2020-03-23,CVL,GBR,1432,382,8.884776536312849,2481.674581005587,2507.085195530726,2513.962290502793,0.39106145251396646,0.6962290502793296,4351.865921787709,2.011731843575419,-2.189796852729412,49.909217877094974,46.64398314435881,-3.1769914211632826,50.31980309180099,-5.007537304835322,48.582420058864756,-3.625453683251579,349641.0,30002.0,348599.0,CVL -> GBR,0.0014561813474558518
2020-03-30,CVL,GBR,747,340,5.641231593038822,1432.6077643908968,1458.2182061579651,1478.2637215528782,0.3668005354752343,0.7697456492637216,3547.475234270415,0.9878179384203482,-1.5467986518153574,46.41231593038822,47.4537028027211,-6.188116884353741,48.86530084353742,-7.706563295238091,47.875711931972795,-6.520025380952377,57804.0,13281.0,57799.0,CVL -> GBR,0.0008057444075189868
2020-04-06,CVL,GBR,509,264,6.180746561886051,1568.426326129666,1496.6267190569745,1588.351669941061,0.4400785854616896,0.7740667976424361,3758.7111984282906,0.3222003929273081,-1.4045572626355534,49.155206286836936,48.102783917338705,0.8137823104838701,50.821085818548376,-0.3381030221774205,50.13294596975806,0.49457130846774044,42435.0,8897.0,42419.0,CVL -> GBR,0.000595119783932935
2020-04-13,CVL,GBR,933,340,8.320471596998928,1985.534833869239,2020.6988210075026,2021.2990353697749,0.5669882100750268,0.6677384780278671,3801.897106109325,1.3814576634512317,-0.8207041759301066,59.860664523043944,49.28914862621894,-19.544680780065008,49.48671272047679,-5.5258392621885175,49.13292970422544,-1.2610158775731333,339462.0,37739.0,339362.0,CVL -> GBR,0.0011058590379381952
2020-04-20,CVL,GBR,642,297,7.048286604361371,2109.909657320872,2148.5186915887853,2012.0498442367602,0.2383177570093458,0.7601246105919003,4509.813084112149,2.1886292834890964,-4.000717481135827,37.64797507788162,50.56635626265821,-5.578027868670883,52.2659539825949,-4.027724112341776,50.74688194936713,0.06280985917721492,31523.0,13571.0,31474.0,CVL -> GBR,0.0007439579489936868
2020-04-27,CVL,GBR,543,299,18.45303867403315,5410.825046040516,5461.22467771639,5455.005524861878,0.34990791896869244,0.5009208103130756,8232.180478821363,1.7073664825046044,-1.2596268288079726,47.90055248618785,49.88783519354838,-2.61454889943074,51.24582011385198,-3.5700571499051224,50.445362185958246,-1.9040201347248582,20710.0,3874.0,20579.0,CVL -> GBR,0.0006427191636838816
2020-05-04,CVL,GBR,1029,343,6.71622934888241,1783.0689990281826,1778.4237123420796,1820.0340136054422,0.30903790087463556,0.7862001943634597,4699.066083576287,1.294071914480078,-1.6351296421331105,36.91933916423712,50.994246443682655,-2.8986814887365333,51.491098175318314,-2.416209283055828,50.76324216846228,-1.2639617032321255,131503.0,47061.0,131194.0,CVL -> GBR,0.001162568677982034
2020-05-11,CVL,GBR,504,278,8.93452380952381,2717.027777777778,2808.8908730158732,2787.6507936507937,0.5317460317460317,0.6309523809523809,5114.863095238095,0.8763888888888887,-1.9802840240121462,51.21031746031746,46.987827078838166,-9.355115307053941,49.56974921576762,-12.441740659751037,48.21481106224065,-10.509228603734439,15182.0,3450.0,15050.0,CVL -> GBR,0.0005753194792445508
2020-05-18,CVL,GBR,1101,348,4.962761126248864,1210.8937329700273,1275.2325158946412,1262.6875567665759,0.5831062670299727,0.8110808356039964,3518.7856494096277,2.5427792915531318,-1.802202542348169,60.25431425976385,48.31628682536766,-0.15296477665441818,49.30062377573532,-0.6456440698529408,48.34488537775737,0.13447236672793494,351720.0,18372.0,345231.0,CVL -> GBR,0.0012509657773939918
2020-05-25,CVL,GBR,691,312,6.793053545586107,1973.1143270622288,1999.1259044862518,1969.972503617945,0.3125904486251809,0.7149059334298119,4339.712011577424,1.2910274963820554,-1.9515704101413556,45.52821997105644,49.421476626470586,6.2622168191176515,51.24461427794117,5.220872530882358,50.08105187794117,5.215610972058828,59010.0,13660.0,58868.0,CVL -> GBR,0.0007383298999034081
2020-06-01,CVL,GBR,815,337,12.696932515337423,3983.4932515337423,4067.9398773006137,4070.0134969325154,0.6625766871165644,0.6834355828220859,5815.328834355828,1.0158282208588973,-2.5410122123288192,66.66257668711657,49.65423052795032,3.1849260770186336,51.78324529192546,-2.5713951031055906,50.65213047950311,1.144753260869564,390319.0,37538.0,389977.0,CVL -> GBR,0.0006431203092659039
2020-06-08,CVL,GBR,1059,356,5.271010387157696,1438.3031161473089,1457.862134088763,1461.3720491029273,0.5250236071765817,0.7998111425873465,4119.91029272899,1.0980169971671372,-3.0500585808788183,58.57412653446648,46.088558147115386,-0.38112215096153623,51.10949608076923,-8.221159930769229,47.02328656923077,-2.341197282692304,185882.0,24008.0,185743.0,CVL -> GBR,0.0009809742862462588
2020-06-15,CVL,GBR,570,292,6.821052631578947,1937.419298245614,1959.0649122807017,1960.8929824561403,0.45964912280701753,0.7175438596491228,4347.152631578947,0.3822807017543861,-1.4015761199456178,46.771929824561404,45.07247219677997,-2.35652940250447,50.01593175134168,-9.736454307692306,45.864737745974956,-0.679589738819314,19272.0,4545.0,19246.0,CVL -> GBR,0.0005361592374122509
2020-06-22,CVL,GBR,926,313,6.392008639308855,1609.0269978401727,1609.0064794816415,1655.4103671706264,0.26457883369330454,0.8034557235421166,4211.645788336933,1.0881209503239726,-0.23534020032921632,34.16846652267819,51.2944052152174,-1.0698353891304355,52.01566947500002,-2.523363971739129,51.28461336739131,-1.8417008706521736,58232.0,37071.0,58164.0,CVL -> GBR,0.0009904696708774106
2020-06-29,CVL,GBR,1022,367,10.215264187866927,2887.5978473581213,2917.8365949119375,2902.095890410959,0.49217221135029354,0.46966731898238745,4372.786692759296,0.2188845401174169,-1.98134335840039,45.782778864970645,45.60961784729062,2.7474510975369486,48.9994537014778,-6.923223299507383,46.34069195270934,-0.9489879162561528,137645.0,23934.0,137596.0,CVL -> GBR,0.0010901531014429061
2020-07-06,CVL,GBR,466,306,8.420600858369099,2057.8969957081545,2114.1802575107295,2093.502145922747,0.4356223175965665,0.5536480686695279,4692.6330472103,1.0126609442060086,-1.0143612941898705,44.97854077253219,48.127203226872226,7.5544208678414115,50.78208621365638,0.41382967180616753,48.274985112334775,4.3353984251101325,5540.0,1484.0,5445.0,CVL -> GBR,0.0004925816776528589
2020-07-13,CVL,GBR,1067,331,7.970009372071228,2309.183692596064,2319.1330834114337,2305.967197750703,0.4311152764761012,0.4311152764761012,4072.498594189316,-1.2458294283036555,-1.6212326960423362,38.978444236176195,48.78610979980567,2.2484563090379,49.76888322060257,-0.17868437803693019,49.45586057725951,-8.63609749951409,126493.0,37264.0,126425.0,CVL -> GBR,0.0011667820326502136
2020-07-20,CVL,GBR,698,312,8.845272206303726,2318.528653295129,2393.6704871060174,2373.147564469914,0.6103151862464183,0.6919770773638968,4073.0501432664755,1.3671919770773626,-1.7900776548602422,63.03724928366762,50.082177312775336,-4.44228575624082,51.21178492804701,0.1807719236417031,50.135230187958896,-1.7218896886931012,112239.0,11719.0,112131.0,CVL -> GBR,0.0007181454151868207
2020-07-27,CVL,GBR,1077,397,6.297121634168988,1534.1467038068708,1588.9470752089137,1567.9517177344476,0.6109563602599815,0.7084493964716806,4274.977715877438,2.070194986072422,-1.7162123518742969,62.14484679665738,45.47818317264151,-2.4613029367924537,50.435498750000015,-3.000900489622642,48.53850603773586,-2.2514152254716993,245658.0,30274.0,245541.0,CVL -> GBR,0.0011996190624704132
2020-08-03,CVL,GBR,2038,362,7.211481844946025,1694.5691854759568,1710.4617271835132,1716.932777232581,0.5191364082433758,0.6673209028459274,3745.848380765456,1.9078999018645737,-3.7642483568804725,64.47988223748773,48.14873579524056,1.0063093485374373,48.974617699058115,0.20571029747149644,48.54326147694607,0.38680933961329284,1060457.0,128186.0,1059836.0,CVL -> GBR,0.0023196178435293704
2020-08-10,CVL,GBR,2175,467,4.680459770114942,1180.5250574712643,1209.3301149425288,1201.3806896551723,0.48873563218390803,0.8726436781609196,3493.7480459770113,2.779264367816087,-3.058531743687135,52.55632183908046,49.34356865671646,-1.2641076949626868,49.49426880037315,-3.262849743936567,49.438559618470165,-0.4384938316231313,511404.0,85496.0,510384.0,CVL -> GBR,0.002315879587038741
2020-08-17,CVL,GBR,1733,380,6.714945181765724,1527.5147143681477,1574.4529717253317,1562.5614541257935,0.4218118869013272,0.8182342758222735,3977.00115406809,1.0375072129255634,-3.074924434542667,42.533179457588,49.504016005790454,-3.072614796178339,51.8138097527505,-2.4517360451650267,44.669748993630606,-9.66181375796178,274185.0,63990.0,265826.0,CVL -> GBR,0.0018395172461375976
2020-08-24,CVL,GBR,1240,394,6.858064516129033,1525.9306451612904,1573.550806451613,1556.2443548387096,0.5540322580645162,0.7379032258064516,4001.9411290322582,0.6537903225806451,-2.73022059742795,59.75,47.559862858651506,8.90618420389927,48.16355088464665,6.497585363931771,48.093503402112106,6.275351454914712,200860.0,29503.0,200792.0,CVL -> GBR,0.001275344908802554
2020-08-31,CVL,GBR,2147,468,5.76339077782953,1314.8835584536562,1379.2789939450397,1335.0950163018165,0.4694923148579413,0.8355845365626455,3627.674429436423,1.2475547275267784,-3.194824213595384,55.170004657661856,48.436143672308454,2.614753145745183,48.036031804889554,5.348351336624356,48.74447864692059,2.9327572477668156,595261.0,98631.0,587915.0,CVL -> GBR,0.002263877187562278
2020-09-07,CVL,GBR,849,331,7.1401648998822145,1645.8421672555949,1681.3604240282687,1663.5842167255594,0.5736160188457008,0.7750294464075382,4376.0518256772675,-0.07868080094228494,-2.229874643603464,58.85747938751472,47.23720259326111,-1.9312009145607727,48.83876087003609,-3.2370906089049343,47.343937133573974,-0.5408605102286429,150000.0,22812.0,149838.0,CVL -> GBR,0.0009441180002935773
2020-09-14,CVL,GBR,1048,407,6.591603053435114,1819.6240458015268,1817.7814885496184,1807.4332061068703,0.32633587786259544,0.6717557251908397,4118.484732824428,1.6979961832061072,-1.9827506740104455,48.89312977099237,47.98430991031823,-13.498630198649952,49.11704047733849,-15.067232047251679,48.47231935872711,-16.179190711668262,146027.0,31984.0,145019.0,CVL -> GBR,0.0011388481984899394
2020-09-21,CVL,GBR,1026,357,8.339181286549708,2070.4931773879143,2138.670565302144,2130.1442495126707,0.41325536062378165,0.6354775828460039,4090.09649122807,1.8534113060428838,-2.272427340144903,54.2495126705653,49.580673998037305,-2.7368963052011774,50.835783814524056,-3.000095635917566,50.0377574573111,-3.4072422090284586,155383.0,20665.0,147611.0,CVL -> GBR,0.0011289538141253468
2020-09-28,CVL,GBR,729,344,6.137174211248285,1611.4485596707818,1645.8628257887517,1644.875171467764,0.411522633744856,0.7023319615912208,4316.517146776406,1.224417009602196,-2.646313973630392,54.7599451303155,48.30804648603351,0.7468896787709486,50.13985315642457,-1.4895675460893854,48.37785318575419,1.5070704134078203,56357.0,7712.0,53172.0,CVL -> GBR,0.0009267746335807699
2020-10-05,CVL,GBR,516,280,6.290697674418604,1843.3100775193798,1878.2732558139535,1865.0290697674418,0.3798449612403101,0.75,4513.550387596899,1.5844961240310078,-1.883944512813773,45.116279069767444,51.529695336633665,-2.6133668376237633,51.666413728712875,-2.344421417821782,51.54664714257426,-2.4860847980198035,13864.0,2901.0,13848.0,CVL -> GBR,0.0007295781737357513
2020-10-12,CVL,GBR,439,211,7.03872437357631,1963.895216400911,2133.986332574032,2157.223234624146,0.5330296127562643,0.6970387243735763,4306.833712984055,1.157630979498861,-2.251190878835491,50.82004555808656,50.306944045977005,-3.3745706091954033,51.740024935632185,-2.28909695402299,50.4635614275862,-0.28287453793103523,48046.0,7704.0,43188.0,CVL -> GBR,0.0008826923927599116
2020-10-19,CVL,GBR,552,251,6.0018115942028984,1689.606884057971,1761.4927536231885,1750.1884057971015,0.3170289855072464,0.7155797101449275,4115.760869565217,1.415398550724638,-1.7883523250615943,44.81884057971015,44.594881085981314,9.78865500373832,43.94536917383177,8.446870786915891,44.62852788037384,8.327141229906546,17464.0,4424.0,17212.0,CVL -> GBR,0.0011838989739542227
2020-10-26,CVL,GBR,530,199,7.8226415094339625,2208.9962264150945,2241.0150943396225,2267.6490566037737,0.37735849056603776,0.8037735849056604,4048.690566037736,0.3162264150943399,-2.790306463188344,48.9622641509434,49.825281806083645,-2.450933231939164,51.120727832699615,-2.3513989011406844,50.80190140684409,-1.8768032129277565,54277.0,9919.0,54240.0,CVL -> GBR,0.0014181247039999143
2020-11-02,CVL,GBR,207,115,5.304347826086956,1192.0966183574878,1384.487922705314,1388.2415458937198,0.4492753623188406,0.7777777777777778,3913.4106280193237,1.4961352657004834,-2.9478353265376662,55.893719806763286,49.99685189655174,0.4136831182266028,50.8548418226601,-0.8384778965517243,50.53216497536946,-1.835784463054187,17063.0,1811.0,13331.0,CVL -> GBR,0.0005981932828962958
2020-11-09,CVL,GBR,222,163,7.9774774774774775,2167.873873873874,2227.4864864864867,2194.972972972973,0.49099099099099097,0.527027027027027,4559.671171171171,1.7657657657657657,-1.8800850219095782,53.78378378378378,50.55021255707762,1.9395008949771688,51.78688356164384,-4.536588881278538,51.51572716894977,0.10271418721461101,4273.0,587.0,4246.0,CVL -> GBR,0.000864169657524115
2020-11-16,CVL,GBR,442,249,8.332579185520363,2558.391402714932,2270.522624434389,2605.0950226244345,0.5226244343891403,0.6493212669683258,4738.848416289593,2.369683257918552,-1.7213763465964071,51.380090497737555,48.25825454214123,2.773595384965831,50.442520216400915,-0.006103259681094312,49.25779388154898,1.8915242482915715,10735.0,2039.0,10663.0,CVL -> GBR,0.0006666324803856213
2020-11-23,CVL,GBR,1623,317,10.556993222427604,2522.8810844115833,2557.752310536044,2539.404189772027,0.4670363524337646,0.6894639556377079,4733.921133703019,2.8757855822551033,-3.798943256094009,50.036968576709796,44.74801371720291,6.246592077351485,47.85737094183146,5.007061412128717,44.50565906064363,5.7311196868811844,596945.0,110500.0,594250.0,CVL -> GBR,0.002250578244687637
2020-11-30,CVL,GBR,459,265,9.350762527233115,2577.8169934640523,2606.636165577342,2611.984749455338,0.5555555555555556,0.49455337690631807,4666.474945533769,1.5516339869281048,-1.066833302041236,59.694989106753816,49.85398442128602,-2.172027048780488,50.784855310421264,-3.1015529977827048,50.14085587583147,-3.344154960088692,45736.0,4784.0,45724.0,CVL -> GBR,0.0005983956738209063
2020-12-07,CVL,GBR,537,219,6.476722532588455,1724.0130353817506,1757.5940409683426,1740.1806331471137,0.515828677839851,0.7616387337057728,3917.1769087523276,1.1931098696461826,-1.4687707957644942,56.33147113594041,50.76225705152671,-3.7941607805343556,51.4611163167939,-4.07330089503817,51.316765696564886,-4.570557658396949,50319.0,9281.0,50251.0,CVL -> GBR,0.0006566606421823145
2020-12-14,CVL,GBR,546,265,8.106227106227106,2293.421245421245,2349.2875457875457,2318.576923076923,0.5824175824175825,0.6117216117216118,4516.4322344322345,1.1082417582417585,-1.9129566268473617,64.01098901098901,50.37165517286244,-5.35615530669145,52.055351951672854,-3.663371135687732,50.96981350557619,-4.597917146840149,92301.0,8756.0,89391.0,CVL -> GBR,0.0006738386464975817
2020-12-21,CVL,GBR,1499,462,10.084723148765844,2646.601067378252,2675.6397598398935,2685.00266844563,0.5917278185456971,0.5743829219479654,5427.604402935291,1.8180120080053366,-2.852762271049125,54.716477651767846,43.50539614497638,-0.3049752097100455,49.4742540391099,-4.304636989885367,44.19137120498987,0.3410647208361521,281920.0,30804.0,281873.0,CVL -> GBR,0.0021382578405164912
2020-12-28,CVL,GBR,869,297,8.712313003452245,2380.746835443038,2387.2082853855004,2387.428078250863,0.475258918296893,0.6605293440736478,4656.9677790563865,1.666052934407366,-1.1540890334202338,49.20598388952819,48.99061415151515,-14.625949539627042,50.48876004312355,-4.218818945221447,49.713507517482526,-3.5302921002331016,84370.0,17321.0,84328.0,CVL -> GBR,0.001417770918239158
2021-01-04,CVL,GBR,836,359,6.0490430622009566,1779.8672248803828,1823.267942583732,1821.4533492822966,0.5394736842105263,0.757177033492823,4158.549043062201,2.4458133971291875,-2.0483013450241097,49.79665071770335,37.694291373025514,-1.3895442673147003,44.08983298298905,-1.4387978772782508,44.27454033292831,-0.8980832575941667,58601.0,7245.0,58130.0,CVL -> GBR,0.0007843954103485774
2021-01-11,CVL,GBR,1126,385,6.840142095914742,1897.285079928952,1920.3872113676732,1921.7095914742451,0.5905861456483126,0.8330373001776199,5030.218472468917,0.9147424511545299,-2.3045494912457554,58.02841918294849,44.858738297661866,7.307078881294969,47.62035456564747,2.1544514784172644,48.07609065377698,1.451184241007194,356912.0,31147.0,355295.0,CVL -> GBR,0.0012208979563512717
2021-01-18,CVL,GBR,1518,353,9.769433465085639,2437.907114624506,2490.3715415019765,2469.4044795783925,0.2938076416337286,0.47101449275362317,4879.95652173913,2.890843214756257,-3.3634866930316574,45.355731225296445,49.77230173722628,1.7504099960185835,51.042535325149295,-3.000666285335096,50.184331055739854,-1.8445814054412746,463788.0,93462.0,462866.0,CVL -> GBR,0.0017160938628730214
2021-01-25,CVL,GBR,924,400,7.079004329004329,1878.0411255411254,1914.1872294372295,1917.219696969697,0.5941558441558441,0.8041125541125541,4441.05735930736,0.8553030303030311,-2.50567832052349,52.45670995670996,45.850740661129564,2.3742029235880397,48.271683599557505,1.508379150442478,46.811170546460176,1.9999272997787612,84531.0,17639.0,84100.0,CVL -> GBR,0.001142900964662838
2021-02-01,CVL,GBR,1040,361,6.295192307692307,1611.8413461538462,1630.5942307692308,1607.8298076923077,0.40192307692307694,0.7817307692307692,4292.369230769231,0.30567307692307666,-2.1339402260227893,42.10576923076923,46.76087497187195,-2.1233507575169748,48.493582080504346,-2.173840730358876,47.39571350242481,-1.1479145392822507,132486.0,25805.0,131804.0,CVL -> GBR,0.001255955220365797
2021-02-08,CVL,GBR,1437,430,11.096033402922755,2813.5915100904663,2842.9401530967293,2839.435629784273,0.47529575504523314,0.6026443980514962,5213.135003479471,2.030271398747389,-2.2075004605828794,43.49338900487126,49.585246356442596,-3.7474172577030824,49.6485295812325,-2.2402871750700295,49.45379706372551,-2.223114123949581,166398.0,41000.0,166378.0,CVL -> GBR,0.0018171954490445498
2021-02-15,CVL,GBR,771,288,9.752269779507134,3377.7211413748378,3416.6952010376135,3418.8080415045397,0.364461738002594,0.5538261997405967,5895.4889753566795,0.3913099870298313,-1.3780264920436271,41.9325551232166,46.80172332156861,-2.991883491503273,48.51320031503267,-2.3579064065359487,47.521010772549,-6.60474348496732,30846.0,8623.0,30646.0,CVL -> GBR,0.0010166460963954556
2021-02-22,CVL,GBR,600,263,7.113333333333333,1944.2883333333334,1975.4366666666667,1906.6116666666667,0.3283333333333333,0.6666666666666666,4300.416666666667,0.6521666666666662,-0.9981721512034962,40.333333333333336,50.99455192967408,2.685788411663809,52.04560861921097,-3.3291588576329363,51.06710614751285,-3.5992769742710133,23132.0,8516.0,23088.0,CVL -> GBR,0.000768648370273293
2021-03-01,CVL,GBR,522,261,9.21647509578544,2966.9444444444443,2985.5383141762454,2975.396551724138,0.4157088122605364,0.4540229885057471,5579.36398467433,0.3783524904214566,-1.5483611830520596,46.666666666666664,47.524470271844656,11.398842943689317,50.878858881553384,11.516430104854365,49.514987667961165,11.471297302912614,32853.0,7915.0,32709.0,CVL -> GBR,0.000687101576516395
2021-03-08,CVL,GBR,732,283,6.326502732240437,1681.3224043715848,1710.1653005464482,1704.7978142076502,0.5491803278688525,0.7226775956284153,4696.234972677596,0.8505464480874328,-0.12941881706444816,43.224043715846996,48.56442006415621,2.280845249651326,49.130697977684804,1.7563416066945619,48.716845071129725,2.0866792119944226,84464.0,19718.0,84454.0,CVL -> GBR,0.0009569565643690557
2021-03-15,CVL,GBR,484,275,8.442148760330578,2378.3636363636365,2416.0537190082646,2403.4752066115702,0.4359504132231405,0.609504132231405,5290.630165289256,0.43512396694214855,-2.2591459540966743,44.586776859504134,46.01752218018019,-7.959832484234235,48.92609691891892,-10.330991445945948,47.91570218018019,-13.386901628378382,11724.0,2056.0,11724.0,CVL -> GBR,0.000540707209280502
2021-03-22,CVL,GBR,577,284,7.337954939341421,2108.376083188908,2174.0935875216637,2150.3639514731367,0.48180242634315423,0.6741767764298093,4565.42287694974,0.007625649913345956,-1.2536340285866914,43.483535528596185,46.95639649473682,-11.261312984210532,48.953103570175436,-17.538059670175432,47.20718158245614,-14.59566093333334,41582.0,11084.0,41506.0,CVL -> GBR,0.0006764035960756869
2021-03-29,CVL,GBR,659,274,7.477996965098634,2238.679817905918,2283.9666160849774,2290.955993930197,0.2716236722306525,0.7905918057663126,4752.057663125948,0.32534142640364333,-2.2605283128380247,51.107738998482546,48.47605136544345,-7.92789438990825,50.09328798929668,-10.445320576452591,49.06628418501533,-9.147526423547395,123455.0,17128.0,122265.0,CVL -> GBR,0.0009513497906741735
2021-04-05,CVL,GBR,599,283,6.776293823038397,2283.4641068447413,2316.4290484140233,2330.921535893155,0.3806343906510851,0.7178631051752922,4635.355592654424,1.6651085141903177,-0.7729153138548784,41.8864774624374,44.652908390492364,3.2914402088285195,47.364748217317484,1.6284904278438026,46.45084866213922,1.956701422750423,26173.0,9436.0,26017.0,CVL -> GBR,0.0008021995535002819
2021-04-12,CVL,GBR,446,230,6.26457399103139,1889.042600896861,1908.5470852017938,1903.2757847533633,0.40582959641255606,0.6883408071748879,4564.715246636772,0.41973094170403574,-0.9001288788923009,47.10762331838565,48.083783160183074,3.2091355400457653,50.30500535926774,-1.8388975926773465,49.28023716475973,-0.6485884393592687,18197.0,4017.0,18181.0,CVL -> GBR,0.0005215416584323112
2021-04-19,CVL,GBR,1033,313,12.228460793804453,3553.898354307841,3577.098741529526,3557.0658276863505,0.5440464666021297,0.44240077444336884,5273.239109390126,2.6653436592449182,-3.414542370913428,53.09777347531462,45.75676535867443,-25.552900295321567,49.18761164814813,-13.163076859649124,48.27482381384014,-12.817974633528268,281959.0,45500.0,281351.0,CVL -> GBR,0.0012441391171550283
2021-04-26,CVL,GBR,627,249,6.0015948963317385,1412.9377990430621,1496.5454545454545,1508.2854864433812,0.580542264752791,0.8022328548644339,4171.548644338118,1.0232854864433811,-2.0988379396579266,44.91228070175438,50.18703576045015,-2.749994472668812,50.8874188778135,-3.761960409967848,50.43028203536977,-2.880773003215436,91397.0,26572.0,91393.0,CVL -> GBR,0.0007997469381299442
2021-05-03,CVL,GBR,1305,381,7.299616858237548,1669.3854406130267,1686.6107279693488,1676.0206896551724,0.40153256704980844,0.7716475095785441,3829.7846743295017,0.28475095785440624,-1.6013657435921935,41.57854406130268,48.977938014671814,4.372067067953675,49.36084241389961,4.3431444138996245,47.12644567567567,10.771004376061764,257193.0,49181.0,257114.0,CVL -> GBR,0.0018103527205231573
2021-05-10,CVL,GBR,684,289,8.967836257309942,2252.4429824561403,2299.3070175438597,2252.377192982456,0.2997076023391813,0.43128654970760233,4264.283625730995,-2.081140350877192,-3.0584282025793437,37.98245614035088,51.42655111911767,-2.5026565338235263,52.33437724264707,-3.4459117573529396,51.11498697205883,-1.8546925191176455,59657.0,26988.0,59399.0,CVL -> GBR,0.000767412350626664
2021-05-17,CVL,GBR,741,251,7.709851551956815,1910.8097165991903,1942.6626180836706,1929.3481781376518,0.5519568151147098,0.5991902834008097,3933.8151147098515,1.9341430499325245,-0.9170963335668297,54.96626180836707,49.52607613881017,-2.361420536827196,50.205038114730854,-4.8842650184136,49.8242089362606,-3.0836089050991524,125499.0,19792.0,125464.0,CVL -> GBR,0.0007793002703887983
2021-05-24,CVL,GBR,567,294,7.319223985890653,2017.6613756613756,2032.2222222222222,2042.7777777777778,0.400352733686067,0.7195767195767195,4554.0,0.14074074074074036,-2.9701404220008634,45.74955908289242,50.776876078571426,-3.637315710714286,51.096062051785715,-3.908361658928572,50.760337064285714,-3.6662503357142864,36739.0,6696.0,26898.0,CVL -> GBR,0.0007498333703621418
2021-05-31,CVL,GBR,1605,316,9.71214953271028,2424.494704049844,2372.158878504673,2352.042990654206,0.6024922118380063,0.5165109034267913,4036.1906542056076,2.065856697819307,-1.1899052998004065,54.161993769470406,48.16088989806133,2.776074872420271,45.90421055659798,9.775080416510328,42.11730615822399,19.52878277736084,792990.0,107617.0,792951.0,CVL -> GBR,0.0023869471912100855
2021-06-07,CVL,GBR,1353,332,8.57280118255728,2058.142645971914,2066.3732446415374,2049.7147080561713,0.37767923133776793,0.565410199556541,4719.1463414634145,1.4705099778270483,-1.231538798987099,47.664449371766445,50.352964118146716,-3.794997521235523,51.04785305019305,-3.998525497297301,49.74867227799228,3.0920501559845506,190908.0,35574.0,184666.0,CVL -> GBR,0.0017146050642311587
2021-06-14,CVL,GBR,469,262,6.53091684434968,1788.134328358209,1792.1535181236675,1799.2835820895523,0.31982942430703626,0.7164179104477612,4819.311300639659,-0.38678038379530927,-1.740593232179476,47.995735607675904,48.154394022123896,1.8332930243362815,49.67513115486725,0.13547421238937907,47.86345204424779,2.934845035398228,28715.0,6065.0,28489.0,CVL -> GBR,0.0006747783950057766
2021-06-21,CVL,GBR,761,306,6.353482260183968,1664.119579500657,1687.676741130092,1688.2023653088042,0.5676741130091985,0.6990801576872536,3878.1392904073587,2.283311432325889,-1.3544024022170336,55.09855453350854,48.4566341401869,0.7454215740988005,49.497353805073416,-0.8845021882509999,49.17373599732975,0.0008915847797086375,133458.0,19347.0,132698.0,CVL -> GBR,0.0010702708024218218
2021-06-28,CVL,GBR,980,341,7.6204081632653065,2275.661224489796,2300.7316326530613,2287.873469387755,0.4275510204081633,0.7061224489795919,4795.926530612245,-0.4385714285714284,-1.7134707523611825,41.857142857142854,48.19636291555098,-7.359466745623069,50.5549256900103,-11.80808552523172,46.216911081359434,0.007220403707531071,93159.0,26689.0,93019.0,CVL -> GBR,0.0014442093101395283
2021-07-05,CVL,GBR,389,257,8.483290488431876,2394.832904884319,2443.586118251928,2437.4370179948587,0.442159383033419,0.6015424164524421,5568.401028277635,0.7876606683804626,-1.9347052375645908,48.81748071979435,46.92225160052219,-2.935070221932114,48.69868260574412,-2.853742117493473,47.92247611749347,-3.6844946214099217,6307.0,1006.0,6242.0,CVL -> GBR,0.0007694361753681525
2021-07-12,CVL,GBR,1232,332,10.590909090909092,2580.413961038961,2532.9180194805194,2521.0397727272725,0.5551948051948052,0.4212662337662338,4288.36525974026,1.6359577922077864,-1.1586320357469408,39.78084415584416,47.701924957620214,1.467149506112463,44.15466597147515,12.010692162999208,43.90190606356968,12.148692333333354,397393.0,102853.0,397356.0,CVL -> GBR,0.0017512612065791698
2021-07-19,CVL,GBR,528,268,5.8977272727272725,1527.2765151515152,1574.4299242424242,1555.5189393939395,0.625,0.7310606060606061,3853.155303030303,1.316287878787879,-2.848107221092989,61.628787878787875,47.30779608477842,-5.255195593448945,49.3835572504817,-4.557628448940271,48.436235366088624,-5.981976845857419,37274.0,3884.0,36064.0,CVL -> GBR,0.0008618621118559906
2021-07-26,CVL,GBR,509,275,8.0,2191.705304518664,2254.265225933202,2245.974459724951,0.33398821218074654,0.6719056974459725,4573.876227897839,1.0905697445972493,-1.5314908199410975,45.049115913555994,48.81691126653308,-6.108293328657314,49.79108158116234,-3.541891775551103,48.93349150701403,-5.829875344689379,27318.0,6868.0,27281.0,CVL -> GBR,0.0008549405992646503
2021-08-02,CVL,GBR,967,293,9.840744570837643,2612.352637021717,2666.002068252327,2642.6535677352636,0.610134436401241,0.7921406411582212,5346.749741468459,2.0983453981385694,-1.535893953949338,60.55842812823165,46.644931996875016,3.8708721812499904,48.17978049687501,3.549085259374995,46.77405098125001,4.107567503124991,176272.0,20472.0,176054.0,CVL -> GBR,0.0017745235670309303
2021-08-09,CVL,GBR,532,257,7.633458646616542,2041.701127819549,2052.6973684210525,2053.09022556391,0.5112781954887218,0.5244360902255639,4144.394736842105,2.664849624060149,-2.30351452100068,48.7406015037594,49.634100121212136,4.3033676282828255,50.49001111111112,0.28126869090909173,50.46143325252527,-1.1142433252525248,24496.0,4741.0,24455.0,CVL -> GBR,0.0010271420352085754
2021-08-16,CVL,GBR,384,207,8.005208333333334,2079.1536458333335,2104.390625,2066.5807291666665,0.6041666666666666,0.546875,3790.0234375,0.6716145833333331,-0.8291744091784242,62.161458333333336,48.56410245811519,3.0145677146596848,50.60643990052356,1.7605248743455482,49.48274894502618,1.309300044502616,67602.0,6916.0,66232.0,CVL -> GBR,0.0006371656746904187
2021-08-23,CVL,GBR,600,259,6.473333333333334,1890.4483333333333,1924.055,1935.4583333333333,0.54,0.6816666666666666,4612.151666666667,1.2741666666666671,-1.647720047647159,58.3,49.945895594276095,2.9595952441077436,51.53463975252525,0.8112679023569016,43.059402708754206,20.79766551178451,153162.0,16460.0,147911.0,CVL -> GBR,0.0007263447668070126
2021-08-30,CVL,GBR,482,171,16.15560165975104,4238.244813278008,4315.1410788381745,4269.580912863071,0.7240663900414938,0.8360995850622407,5987.616182572614,2.167842323651452,-3.216683221792703,52.821576763485474,50.656750802521,-1.3540754768907561,51.14927704831932,-0.6899023214285712,50.991422111344534,-2.117492021008403,189427.0,32674.0,189419.0,CVL -> GBR,0.0006817519610977055
2021-09-06,CVL,GBR,951,281,11.123028391167193,2603.5688748685593,2669.796004206099,2650.286014721346,0.4679284963196635,0.3922187171398528,4994.592008412198,1.2846477392218694,-1.5205146226495547,47.69716088328076,49.01819031784583,4.650822971488918,49.88163086800423,4.690631100316795,49.4824223938754,4.699440261879626,301162.0,36104.0,212268.0,CVL -> GBR,0.0014017327834492355
2021-09-13,CVL,GBR,940,347,7.802127659574468,2204.7531914893616,2229.022340425532,2243.45,0.4340425531914894,0.7202127659574468,5353.157446808511,1.3160638297872331,-1.1143801575706762,49.5,43.70908484439608,10.391833249183899,43.89466944940152,6.985933508161047,41.840630058759494,7.417979235038084,128239.0,18846.0,127317.0,CVL -> GBR,0.001228204273889553
2021-09-20,CVL,GBR,1782,311,13.751964085297418,2764.27721661055,2775.6980920314254,2032.2912457912457,0.3945005611672278,0.36363636363636365,3999.3731762065095,1.8368125701459375,-1.6990281463423194,35.87542087542087,50.049928909450855,-0.15070587209960526,50.693886143746084,-0.18554527730616885,50.223051282399226,0.371808238256932,556086.0,141323.0,556060.0,CVL -> GBR,0.00214985788257095
2021-09-27,CVL,GBR,492,279,7.5894308943089435,2099.89837398374,2055.4695121951218,2098.317073170732,0.38414634146341464,0.6341463414634146,4843.272357723577,2.2071138211382118,-2.0330111274127685,47.25609756097561,46.033796191268195,1.9641247837837843,48.298712058212054,-0.725046746361747,46.217901517671535,3.2552366652806684,20762.0,4882.0,20754.0,CVL -> GBR,0.0007015092429546087
2021-10-04,CVL,GBR,605,322,6.67603305785124,1865.2578512396694,1887.7140495867768,1887.0280991735538,0.5685950413223141,0.7933884297520661,4191.631404958678,2.248429752066116,-0.5001243848611675,54.87603305785124,44.970604130136984,-5.889124441780824,48.711332220890405,-0.5237062414383572,47.21305388184932,-4.075609494863015,21197.0,3357.0,21003.0,CVL -> GBR,0.0009261130194652118
2021-10-11,CVL,GBR,1510,392,6.34635761589404,1484.6245033112582,1341.7384105960266,1496.3629139072848,0.2589403973509934,0.8794701986754967,4128.421192052981,1.4044370860927151,-4.268232706108803,46.258278145695364,50.65991519369966,-0.6440831306970516,51.020431235254634,-0.013025203753352428,50.88196924329752,-0.3913634302949075,379196.0,70737.0,375052.0,CVL -> GBR,0.002336954839508466
2021-10-18,CVL,GBR,1096,379,5.382299270072993,1110.3302919708028,1274.22901459854,1296.6605839416059,0.35583941605839414,0.8421532846715328,3636.506386861314,-0.5660583941605839,-3.7764012331569075,50.0,50.07893814940423,0.7431693629697507,51.31361626764439,-0.859935985334556,50.35209970394135,0.5680805912007326,373482.0,13071.0,367429.0,CVL -> GBR,0.0016090151828786691
2021-10-25,CVL,GBR,425,250,5.92235294117647,1592.4070588235295,1644.6729411764707,1612.5176470588235,0.4682352941176471,0.731764705882353,3720.04,1.264235294117647,-1.3224865520113027,56.423529411764704,48.36719403241896,-5.7437371745635915,49.59723081047382,-6.47814275311721,48.78932748129676,-6.326037431421449,21773.0,3358.0,21237.0,CVL -> GBR,0.0006216194869664677
2021-11-01,CVL,GBR,1179,350,6.886344359626802,1683.9770992366412,1727.6005089058524,1728.1136556403733,0.40966921119592875,0.8363019508057676,3910.9414758269722,-0.07659033078880403,-1.542385717728063,40.9245122985581,47.03820743261804,1.0608855862660904,50.70154125922748,-2.14971472446352,47.02016923519314,1.5739608137339065,224447.0,50139.0,224379.0,CVL -> GBR,0.0017173571054011536
2021-11-08,CVL,GBR,1168,360,10.675513698630137,2660.358732876712,2656.1472602739727,2640.785102739726,0.3938356164383562,0.574486301369863,5101.964897260274,1.9690924657534243,-1.2549983547156078,41.78938356164384,49.39148730596372,-3.400753252376836,51.274464213483164,-4.886615688850478,51.16114429991358,-3.174674461538463,193652.0,45846.0,193494.0,CVL -> GBR,0.0017268067528788736
2021-11-15,CVL,GBR,807,356,8.486988847583643,2088.4039653035934,2098.2044609665427,2111.9045848822802,0.45848822800495664,0.6232961586121437,4484.089219330855,0.013506815365552278,-2.6104481111049713,47.52168525402726,43.461588340823965,2.932274248439449,44.850328196004995,1.7182746441947583,43.92097019725343,7.693737756554307,40243.0,7502.0,39893.0,CVL -> GBR,0.0012305280749478511
2021-11-22,CVL,GBR,1382,463,7.064399421128799,1915.908104196816,1935.2235890014472,1955.9905933429811,0.33719247467438496,0.622286541244573,4733.952966714906,0.3133140376266283,-4.023272506994784,41.519536903039075,47.13091372586594,1.0683654392041262,51.62735280103175,-0.8040042247604999,47.538462748710444,0.978596280766396,76264.0,21623.0,75800.0,CVL -> GBR,0.0024755046841134216
2021-11-29,CVL,GBR,1726,439,8.64774044032445,2179.9768250289685,2272.205098493627,2292.6529548088065,0.3899188876013905,0.6819235225955967,4654.181923522596,1.434878331402085,-1.5789904571191533,52.78099652375435,50.65243377144572,-1.273197607678463,51.333100731253744,-1.8842632081583681,50.874274428314344,-1.2019458908218352,402056.0,76748.0,395957.0,CVL -> GBR,0.0025100671726551015
2021-12-06,CVL,GBR,1668,382,6.369304556354916,1673.1061151079136,1671.5809352517986,1659.2745803357313,0.42206235011990406,0.7242206235011991,4359.124700239809,2.0221822541966405,-2.1784221677246713,45.44364508393286,38.0033023140097,3.1269752572463765,43.37198937016909,1.8287799100241542,42.40654523671498,2.268232799516907,392789.0,80587.0,387625.0,CVL -> GBR,0.0024409803726446297
2021-12-13,CVL,GBR,830,298,7.17710843373494,1892.3987951807228,1935.4506024096386,1923.6614457831324,0.6409638554216868,0.7819277108433735,4455.413253012048,1.4378313253012054,-3.078140073421016,59.34939759036145,42.74172436707316,4.645442326829267,45.459797348780484,1.0833514073170685,44.351500318292686,1.7273537865853628,319289.0,31660.0,318729.0,CVL -> GBR,0.0013419194621974821
2021-12-20,CVL,GBR,787,288,6.16010165184244,1796.2134688691233,1782.1905972045743,1816.3684879288437,0.4777636594663278,0.7865311308767471,4187.606099110546,2.9002541296060973,-2.111052383615461,33.95171537484117,40.49253857307692,12.079478817948718,44.68901541025641,12.715702380769226,40.88514182051282,33.32271100256416,37198.0,18994.0,37168.0,CVL -> GBR,0.0016015563790580732
2021-12-27,CVL,GBR,367,161,5.53133514986376,1272.675749318801,1368.032697547684,1362.850136239782,0.2779291553133515,0.779291553133515,4141.228882833788,2.946866485013624,-2.144766277135469,60.2724795640327,50.68238959128065,-2.395879596730245,51.276616555858304,-0.6816079782016349,51.39866897547683,-1.6540862397820164,140809.0,18056.0,140769.0,CVL -> GBR,0.0008226375508264481
2022-01-03,CVL,GBR,463,203,7.630669546436285,2265.390928725702,2283.172786177106,2268.2138228941685,0.39956803455723544,0.6609071274298056,4395.22030237581,0.39438444924406024,-2.005037447982892,47.81857451403888,47.50406233695652,2.9278554195652156,48.31532610434783,1.3314337326086951,48.69173625,0.09547547173913096,26690.0,7000.0,25346.0,CVL -> GBR,0.0008429139699791548
2022-01-10,CVL,GBR,407,220,4.466830466830467,1226.4176904176904,1256.2899262899264,1239.8452088452088,0.47174447174447176,0.7395577395577395,3653.142506142506,1.3083538083538084,-1.8283840023039377,55.92137592137592,48.7521016372796,3.627365476070526,51.90059224181361,-5.036662579345089,50.3763801511335,-0.4097528841309844,20884.0,3850.0,20814.0,CVL -> GBR,0.0006676826817548735
2022-01-17,CVL,GBR,1635,260,14.184097859327217,3056.474617737003,3074.9400611620795,3043.930886850153,0.4648318042813456,0.5596330275229358,5805.611009174312,2.0320489296635946,-3.3386007328046787,46.5565749235474,49.773500440220765,-9.719518297363592,51.118741166155765,-2.594373171673824,47.93447709932565,-25.385321009809932,1451595.0,231142.0,1451551.0,CVL -> GBR,0.0023650715813866695
2022-01-24,CVL,GBR,700,259,7.867142857142857,2354.7157142857145,2424.9871428571428,1992.3114285714287,0.3,0.6971428571428572,4414.6,0.5678571428571393,-2.2290801380553744,39.84285714285714,50.76047140173413,5.015894125722542,52.734810497118204,-2.4199653083573485,52.96023021676305,-3.5294945867052023,77911.0,26704.0,77757.0,CVL -> GBR,0.0010369970934452895
2022-01-31,CVL,GBR,1314,298,10.589802130898022,2528.486301369863,2595.6004566210045,2610.0487062404873,0.16666666666666666,0.3089802130898021,3520.55098934551,-0.175646879756469,-2.802275481315748,31.484018264840184,50.40188550000032,-0.26514312960122755,51.02765591794511,-1.238019788343559,50.59179362269971,-0.19995348619631925,619978.0,235982.0,614137.0,CVL -> GBR,0.0020060058042877227
2022-02-07,CVL,GBR,432,251,7.590277777777778,1955.0439814814815,2029.4212962962963,1949.3287037037037,0.45601851851851855,0.6620370370370371,4206.0162037037035,1.2208333333333334,-1.9150730698444631,43.657407407407405,47.86405409154929,8.946495563380278,49.91460839436619,-0.1549763028169018,49.377893603286395,1.4770624389671358,8479.0,2312.0,8392.0,CVL -> GBR,0.0005728622425435083
2022-02-14,CVL,GBR,739,209,10.113667117726658,2745.5020297699593,2753.369418132612,2732.763193504736,0.16508795669824086,0.5493910690121786,4359.499323410014,1.6159675236806499,-0.9368267336784201,46.11637347767253,50.72239363911849,-5.225347417355371,52.16676634848489,-3.753712836088155,51.986603703856794,-2.6048788622589507,161353.0,35154.0,161347.0,CVL -> GBR,0.0010035470431348692
2022-02-21,CVL,GBR,349,240,7.9684813753581665,2251.5530085959886,2267.8739255014325,2173.3323782234957,0.3553008595988539,0.5873925501432665,4956.034383954155,0.9363896848137533,-1.0564230787432445,40.5730659025788,46.2995481143695,8.240364240469209,48.271358357771255,-3.426020821114368,46.36956148680352,6.072842111436952,3608.0,916.0,3514.0,CVL -> GBR,0.0003201635127349853
2022-02-28,CVL,GBR,343,219,6.594752186588921,1727.2507288629738,1769.5189504373177,1743.9591836734694,0.358600583090379,0.673469387755102,4085.9650145772594,1.0265306122448985,-1.5473720830753839,51.34110787172012,49.342710606060606,4.3276329333333345,49.80690004848485,0.5740572545454541,49.996714545454545,1.290970833333334,17404.0,2986.0,17340.0,CVL -> GBR,0.000354715545020952
2022-03-07,CVL,GBR,236,177,8.432203389830509,2325.1949152542375,2372.6525423728813,2368.135593220339,0.3728813559322034,0.614406779661017,5321.635593220339,1.1707627118644066,-0.9254452234089391,50.42372881355932,50.646127898678415,4.033380378854626,51.50536460792951,-1.578323607929515,50.673150806167406,3.720170511013216,3182.0,484.0,3151.0,CVL -> GBR,0.00024994519210300284
2022-03-14,CVL,GBR,491,190,8.74949083503055,2080.957230142566,2046.0244399185335,2060.753564154786,0.29124236252545826,0.3258655804480652,3589.1283095723015,0.8097759674134436,-1.1644619929148274,46.80244399185336,50.780484611344534,-1.403252649159664,51.70251395378151,-3.0375696722689085,51.50990344957984,-3.2659055672268917,121490.0,28966.0,121490.0,CVL -> GBR,0.0005553324926059345
2022-03-21,CVL,GBR,277,194,6.0324909747292415,1551.5884476534295,1569.1480144404331,1607.8555956678701,0.3935018050541516,0.6353790613718412,4031.707581227437,1.5101083032490974,-2.8063092789810007,49.35018050541516,48.792044022304836,2.8518555910780656,50.498967237918215,-0.3980455204460968,49.531664966542756,1.9157469182156137,5811.0,945.0,5769.0,CVL -> GBR,0.00034108133866421714
2022-03-28,CVL,GBR,303,170,6.465346534653466,1930.5181518151815,1975.019801980198,1954.4257425742574,0.26732673267326734,0.6633663366336634,4613.8250825082505,1.6491749174917492,-0.4127780640113432,39.10891089108911,44.50962014383562,7.69332525,46.899288428082194,3.4278518664383566,45.683937866438356,2.7011133116438346,6428.0,948.0,6333.0,CVL -> GBR,0.0003565763026214831
2022-04-04,CVL,GBR,401,213,5.224438902743142,1657.6683291770573,1655.488778054863,1662.0324189526184,0.4014962593516209,0.7481296758104738,4498.0,2.3299251870324196,-0.5913067929276974,41.17206982543641,32.505232312020446,10.123182529411764,32.920590112531954,10.112386631713553,32.793109805626585,10.338055759590793,16106.0,3382.0,16090.0,CVL -> GBR,0.0005208732485474651
2022-04-11,CVL,GBR,1088,279,8.149816176470589,2156.1020220588234,2202.495404411765,2185.6001838235293,0.5137867647058824,0.7068014705882353,4281.734375,1.7134191176470555,-2.893782478630958,55.505514705882355,46.12549166697409,4.116267342250924,48.460315619926114,2.4076510064575625,46.18808614114385,2.836038412361624,439579.0,52316.0,385059.0,CVL -> GBR,0.0015133580274045771
2022-04-18,CVL,GBR,473,227,7.369978858350952,2014.0084566596195,2065.2346723044398,2035.1818181818182,0.4904862579281184,0.773784355179704,5162.608879492601,1.078012684989429,-1.5078097886035606,51.69133192389006,43.86785938709675,4.975355733333334,43.7392020408602,9.638243236559147,44.17964262150535,4.705498729032258,56090.0,6184.0,55966.0,CVL -> GBR,0.0006625884093255466
2022-04-25,CVL,GBR,284,184,5.154929577464789,1441.8591549295775,1490.3978873239437,1428.8133802816901,0.352112676056338,0.7535211267605634,4500.12323943662,1.317605633802817,-0.4553199113263682,48.59154929577465,46.34637251811594,3.327217079710145,46.79564271739131,3.3578338115942032,46.5256470652174,4.495172619565219,4149.0,492.0,4125.0,CVL -> GBR,0.0003544842254519674
2022-05-02,CVL,GBR,865,260,4.413872832369942,1137.3306358381503,1149.0774566473988,1143.2624277456648,0.4092485549132948,0.8624277456647399,5267.15838150289,-0.07433526011560689,-1.3918831943187584,56.67052023121387,50.009775511709606,-1.1343733009367685,50.4856486088993,-1.9862950210772836,50.201375043325534,-1.3695007997658084,526348.0,57650.0,526288.0,CVL -> GBR,0.0012742850745125307
2022-05-09,CVL,GBR,798,214,9.335839598997493,2467.339598997494,2491.2944862155387,2493.154135338346,0.3057644110275689,0.44360902255639095,3981.219298245614,1.7922305764411,-3.3159190233593523,37.4937343358396,34.88201774714103,7.601361448538765,43.19172312579417,2.395390942820834,43.1572771423126,2.4749991905972006,139576.0,41317.0,139440.0,CVL -> GBR,0.0010933274145683823
2022-05-16,CVL,GBR,499,218,5.789579158316633,1587.372745490982,1584.6112224448898,1597.7715430861724,0.37074148296593185,0.751503006012024,4383.032064128257,2.188977955911824,-0.7259848109423743,45.47094188376754,46.44469070987655,2.0026616049382717,47.6935463271605,-0.3040630658436208,46.692103528806584,1.6967920185185184,20720.0,4049.0,20701.0,CVL -> GBR,0.0007012938097821351
2022-05-23,CVL,GBR,441,207,4.761904761904762,1377.7120181405896,1425.7619047619048,1413.233560090703,0.30612244897959184,0.8140589569160998,4181.46485260771,2.1136054421768713,-0.9706606489929237,43.197278911564624,48.99188531147541,1.9786586440281027,49.90053645433255,0.7645983302107731,49.01446978688525,2.6380571030444964,36570.0,8559.0,36458.0,CVL -> GBR,0.0005861049274014021
2022-05-30,CVL,GBR,1275,248,7.918431372549019,2210.238431372549,2156.9749019607843,2202.725490196078,0.12627450980392158,0.4682352941176471,3965.5513725490196,2.6368627450980444,1.9308021234579256,39.1921568627451,46.346975821625676,-8.894782809786838,51.9455277616415,-1.7172678895027618,48.8445711752168,-5.082417378847661,327754.0,71778.0,327740.0,CVL -> GBR,0.001972130318371438
2022-06-06,CVL,GBR,966,254,8.70600414078675,2377.868530020704,2418.18115942029,2400.935817805383,0.18426501035196688,0.36438923395445133,4286.207039337474,2.7188405797101445,0.7509910737904494,32.857142857142854,49.056060112383115,-2.6070399209157116,51.3752372705516,-1.0609883038501562,48.968060300728496,-2.7778087731529664,133635.0,60317.0,133579.0,CVL -> GBR,0.0015076129773327423
2022-06-13,CVL,GBR,735,277,8.145578231292516,2015.0149659863946,1970.7469387755102,1997.4149659863945,0.3673469387755102,0.4340136054421769,4872.824489795918,2.2195918367346934,-2.400278103821273,49.51020408163265,45.580453268758546,-0.15464874351978264,50.30731338881312,-0.9643519754433849,46.166397768076415,0.5504579631650729,164488.0,20768.0,164429.0,CVL -> GBR,0.0012225345553134512
2022-06-20,CVL,GBR,1208,247,6.701986754966887,1817.6158940397352,1780.1208609271523,1784.2210264900662,0.16473509933774835,0.5637417218543046,4233.945364238411,1.7339403973509921,-3.044969592777822,31.423841059602648,42.011236848132675,1.5529106755186735,46.4810106655601,0.4000626240663842,46.66296249958499,0.023319185062235025,178204.0,64741.0,178114.0,CVL -> GBR,0.001982173564893212
2022-06-27,CVL,GBR,566,286,8.084805653710248,2318.1837455830387,2356.7438162544167,2350.0565371024736,0.2950530035335689,0.4823321554770318,5008.595406360424,0.959187279151943,-0.8628840509851522,34.92932862190813,47.34900267321429,-8.095922208928574,48.65220200178572,-7.548840519642861,47.83253658392858,-7.596954392857148,15933.0,11802.0,15918.0,CVL -> GBR,0.0008925375346725601
2022-07-04,CVL,GBR,467,195,9.029978586723768,2543.316916488223,2552.8265524625267,2547.576017130621,0.284796573875803,0.43683083511777304,5699.847965738758,0.5922912205567451,-2.4607027590846613,42.569593147751604,49.68253424782609,-2.5762705065217393,50.51439369347827,0.7788833434782608,50.136710258695665,-1.8462819173913045,23028.0,5654.0,22977.0,CVL -> GBR,0.0008053293141594827
2022-07-11,CVL,GBR,669,210,5.889387144992527,1165.0478325859492,1189.8834080717488,1170.982062780269,0.5754857997010463,0.5979073243647235,3470.831091180867,0.4491778774289987,-2.696145865331301,56.33781763826607,50.946209322239,-4.443148544629351,51.08873042057486,-2.7859576475037824,50.90845739485626,-3.4262697806354017,167006.0,25127.0,166962.0,CVL -> GBR,0.001033108901105689
2022-07-18,CVL,GBR,891,292,6.744107744107744,1825.5656565656566,1811.4197530864199,1832.641975308642,0.3557800224466891,0.5937149270482603,4310.556677890011,-0.772951739618405,-2.2597425626607444,38.978675645342314,46.87828307918554,-4.639557394796381,49.23602174434388,-4.4707364479638025,47.49400893325794,-3.8526543733031686,125962.0,37116.0,125088.0,CVL -> GBR,0.001493800977425331
2022-07-25,CVL,GBR,1023,229,5.211143695014663,1226.4193548387098,1249.1006842619745,1223.9843597262952,0.5180840664711632,0.7761485826001955,2506.8924731182797,2.4613880742912944,1.0666215250922284,46.38318670576735,51.487420287005705,-13.861016842937856,51.71266232090395,-13.112725357062152,51.88929746214701,-12.484215404519773,462913.0,17163.0,462912.0,CVL -> GBR,0.0019092374994401063
2022-08-01,CVL,GBR,484,209,9.088842975206612,2442.3264462809916,2466.9173553719006,2444.6838842975208,0.3140495867768595,0.6033057851239669,5532.873966942148,0.9743801652892573,-1.7479555172892984,43.14049586776859,49.02577445397489,-1.2614870732217573,49.0678100711297,-3.264624746861925,49.350346002092046,-0.840759782426778,64631.0,14252.0,64611.0,CVL -> GBR,0.0007293638259653522
2022-08-08,CVL,GBR,348,211,5.681034482758621,1491.278735632184,1515.7155172413793,1507.5114942528735,0.3333333333333333,0.7729885057471264,4500.077586206897,-0.15718390804597707,-1.5484575044122855,42.95977011494253,50.27151124483776,-8.558468743362834,50.37961880530973,-5.696173333333332,50.275575256637175,-5.2240516194690265,8220.0,1975.0,8170.0,CVL -> GBR,0.0006109121550452917
2022-08-15,CVL,GBR,268,185,5.817164179104478,1801.4067164179105,1795.69776119403,1819.339552238806,0.35074626865671643,0.7238805970149254,4203.876865671642,0.9402985074626864,-1.7771683516547874,41.56716417910448,47.63835018702291,0.15255941603053377,48.39650235114504,-2.4857136832061077,48.25283174045802,-2.4014696068702297,2567.0,521.0,2498.0,CVL -> GBR,0.0005089396773550329
2022-08-22,CVL,GBR,1292,284,4.914086687306502,1289.157894736842,1282.2275541795666,1298.905572755418,0.24148606811145512,0.8606811145510835,4009.890866873065,0.23614551083590868,-2.742427459577384,28.4984520123839,44.305312272222224,1.7691035436507931,38.69027713968254,5.227384630952381,39.91536028730159,4.56900189126984,196860.0,82033.0,195619.0,CVL -> GBR,0.0024318901357868066
2022-08-29,CVL,GBR,507,180,20.238658777120314,5588.785009861933,5680.307692307692,5638.337278106509,0.3234714003944773,0.32741617357001973,7444.566074950691,0.5013806706114399,-1.306041433743189,38.599605522682445,46.131248597194514,21.541954623246465,47.20445265531062,-5.057761274549073,51.295711623246525,44.29444285971949,67103.0,18419.0,67075.0,CVL -> GBR,0.0009747244528950469
2022-09-05,CVL,GBR,688,266,9.963662790697674,2697.4970930232557,2744.030523255814,2720.7761627906975,0.1816860465116279,0.5174418604651163,4803.704941860465,2.086191860465113,0.5692933098576358,39.76744186046512,52.444651348529355,-6.065749913235289,53.36077812499992,-5.490467933823525,52.991766838235215,-6.519510429411757,65016.0,18573.0,64990.0,CVL -> GBR,0.0010429725931664071
2022-09-12,CVL,GBR,481,219,4.713097713097713,1354.918918918919,1381.0582120582121,1372.6860706860707,0.5613305613305614,0.7858627858627859,4206.968814968815,2.033679833679833,-0.33360062476845975,55.21829521829522,49.4210811864407,-0.8055558199152547,50.59574186440679,-1.1934664004237294,51.148259025423734,-1.6418084512711866,58133.0,7521.0,56374.0,CVL -> GBR,0.0007196892618172678
2022-09-19,CVL,GBR,324,184,5.145061728395062,1559.7623456790122,1555.9876543209878,1565.6604938271605,0.29012345679012347,0.7376543209876543,4050.8796296296296,2.3182098765432113,-0.8752899783229305,42.34567901234568,47.94759569278997,-3.02953335109718,49.40467329467086,-1.5340739843260203,49.155033357366776,-1.427268288401255,18135.0,4401.0,18129.0,CVL -> GBR,0.0005247065530018397
2022-09-26,CVL,GBR,447,156,11.01565995525727,2722.876957494407,2712.82774049217,2767.572706935123,0.5794183445190156,0.6442953020134228,4571.357941834452,1.395302013422821,0.8395064974466807,51.096196868008946,52.648041255760376,-4.916345156682027,52.96571781105991,-4.1334487557603685,52.82472787096775,-4.609625642857143,99899.0,19560.0,99880.0,CVL -> GBR,0.0007786249170424795
2022-10-03,CVL,GBR,391,182,6.580562659846548,1526.854219948849,1547.7953964194373,1553.0613810741688,0.43478260869565216,0.7544757033248082,4461.076726342711,-1.2974424552429666,-3.2596050426347123,55.60102301790281,42.177404099216716,2.4695357127937325,42.419393198433426,2.235405979112271,42.42129091383812,2.7854460913838115,60423.0,10538.0,60405.0,CVL -> GBR,0.0006352022249948014
2022-10-10,CVL,GBR,514,186,6.924124513618677,1716.4669260700389,1691.7548638132296,1716.2879377431907,0.4066147859922179,0.5408560311284046,3574.2101167315177,0.4809338521400777,-1.714183532172722,46.011673151750976,44.49254535177868,3.273295096837946,44.54749515415022,2.7213730790513835,44.14072716996049,3.837204120553361,95554.0,22931.0,95497.0,CVL -> GBR,0.0009112570383082531
2022-10-17,CVL,GBR,405,187,7.911111111111111,1387.8123456790124,2161.2641975308643,2139.3333333333335,0.37777777777777777,0.5876543209876544,4001.4,0.6683950617283951,-2.181872581974947,43.50617283950617,50.83272213383837,-0.970827,51.81625454545453,-2.36976429040404,50.86140729797978,-1.4239719772727266,34534.0,7221.0,34492.0,CVL -> GBR,0.0007251657585681468
2022-10-24,CVL,GBR,572,220,6.865384615384615,1925.131118881119,1975.6083916083917,1902.9248251748252,0.49475524475524474,0.34615384615384615,3625.097902097902,1.6840909090909042,-1.4816029145784015,37.56993006993007,48.89757882092205,1.167356246453914,49.82926144503553,-0.6296746808510505,49.6856191223405,-0.31804179078012823,101492.0,38883.0,101480.0,CVL -> GBR,0.0010332537920594808
2022-10-31,CVL,GBR,1047,309,8.693409742120345,2052.4832855778413,2105.9140401146133,2084.726838586437,0.35148042024832854,0.6790830945558739,4612.853868194842,1.0269340974212031,-3.451448312852596,44.68958930276982,50.28399855834139,0.8409468881388624,50.94275700771458,0.1366968302796527,50.22117941176471,0.11490112921890083,195201.0,42978.0,194521.0,CVL -> GBR,0.0019400601103629228
2022-11-07,CVL,GBR,557,122,6.3195691202872535,1631.7971274685817,1617.931777378815,1607.3734290843806,0.4272890484739677,0.7630161579892281,3800.0107719928187,2.0043087971274716,-1.9629065323822328,53.949730700179536,47.28043906375228,3.168313457194899,49.53631068488161,2.887932160291438,49.022168668488156,2.854498322404371,164073.0,30870.0,164063.0,CVL -> GBR,0.0014661830280759572
2022-11-14,CVL,GBR,1068,213,4.805243445692884,960.5758426966293,904.8071161048689,945.6676029962547,0.45131086142322097,0.9157303370786517,2158.604868913858,4.6444756554307105,-2.8038392724748213,43.99812734082397,51.16550806679207,0.4748825512699884,51.86702624553152,0.3552858494825958,48.764444484477885,2.2935133603010334,343149.0,40067.0,343123.0,CVL -> GBR,0.001735693529828576
2022-11-21,CVL,GBR,533,186,7.718574108818011,2103.9155722326454,2116.9943714821766,2114.924953095685,0.6060037523452158,0.7110694183864915,4000.7073170731705,2.5116322701688563,-1.1238720223122352,69.04315196998124,49.773239818763315,-0.47244019829424394,50.69534834754797,-0.3659870724946706,50.566205980810224,-0.8644881535181248,288951.0,24480.0,221101.0,CVL -> GBR,0.0012373939045001207
2022-11-28,CVL,GBR,465,208,6.673118279569892,1813.7483870967742,1965.1849462365592,1956.9247311827958,0.2924731182795699,0.5440860215053763,3970.374193548387,1.5494623655913973,-2.4557665594973463,44.946236559139784,45.39630098237888,14.235701592511019,48.41250524449344,7.0996753612334835,47.37857154405291,10.03476706167401,52571.0,12673.0,52049.0,CVL -> GBR,0.0009237168777972232
2022-12-05,CVL,GBR,310,223,6.574193548387097,1777.541935483871,1827.1354838709678,1779.1612903225807,0.4806451612903226,0.7258064516129032,3893.2419354838707,1.5674193548387094,-0.28021241475165554,52.193548387096776,48.47330371335505,0.49526847557003206,50.14205439739415,-0.029998563517915248,49.194325977198694,0.9593658697068391,24662.0,2658.0,24644.0,CVL -> GBR,0.0005880221779203362
2022-12-12,CVL,GBR,1076,238,7.033457249070632,1676.9656133828996,1683.2063197026023,1694.3698884758364,0.395910780669145,0.758364312267658,3229.433085501859,1.6725836431226748,-2.3164871124343844,53.113382899628256,52.199068375117776,-0.43857152874646627,52.81446831950986,-1.5696648256361923,52.435888835061235,-0.9152954674835065,372078.0,53456.0,371875.0,CVL -> GBR,0.0021240559203123703
2022-12-19,CVL,GBR,338,149,5.828402366863905,1571.594674556213,1582.0739644970415,1583.4289940828403,0.40236686390532544,0.6686390532544378,3654.7041420118344,1.726331360946747,-1.3139235138599215,45.05917159763314,41.99395319207316,-0.04230245426828937,43.33495219512193,-1.8851912164634133,42.521151621951205,-1.2472584634146333,27319.0,6377.0,27319.0,CVL -> GBR,0.0006623788415033256
2022-12-26,CVL,GBR,452,145,2.997787610619469,658.9247787610619,756.1504424778761,731.1061946902655,0.6128318584070797,0.8539823008849557,3498.157079646018,2.565265486725664,-2.20083805769431,62.10176991150443,45.945595820224796,53.193895442696586,46.48737426966301,51.40780234157303,43.80819941573051,71.15295185393241,208243.0,26662.0,208243.0,CVL -> GBR,0.0010608759737409726
2023-01-02,CVL,GBR,317,174,6.406940063091483,1897.6561514195585,1963.1577287066245,1957.0283911671925,0.45110410094637227,0.6908517350157729,3954.697160883281,0.7208201892744492,-1.914574208127653,47.69716088328076,48.579128453074425,10.083620113268607,43.63272586407767,5.6668707119741075,48.51076405177993,6.423781190938508,11892.0,2374.0,11864.0,CVL -> GBR,0.0005990400241883669
2023-01-09,CVL,GBR,443,205,5.6343115124153496,1438.7494356659142,1409.981941309255,1436.2686230248307,0.45372460496614,0.672686230248307,3973.5237020316026,-0.24176072234762985,-1.605182041798634,48.21670428893905,49.284276648837206,3.4331987209302306,50.71640914883721,-0.0988217255813959,49.397416125581394,2.1703119302325566,44237.0,7723.0,44227.0,CVL -> GBR,0.0006872212526662789
2023-01-16,CVL,GBR,322,186,5.226708074534161,1453.2857142857142,1478.6304347826087,1434.3695652173913,0.5062111801242236,0.8074534161490683,3667.6242236024846,0.6335403726708074,-2.4749491251126963,48.94409937888199,50.671460737341754,-7.710101879746835,51.212684281645544,-8.967340879746837,51.035611496835415,-7.686841490506328,18226.0,5165.0,18161.0,CVL -> GBR,0.0005586979907693376
2023-01-23,CVL,GBR,499,145,7.935871743486974,1934.436873747495,1930.633266533066,1929.7254509018037,0.34468937875751504,0.4969939879759519,4396.887775551102,1.9795591182364736,-2.9660819319155096,52.04408817635271,50.922410886639696,-1.0440542408906894,51.47535879554658,-1.4770062267206487,50.738499888663995,-0.3526714291497991,137811.0,23899.0,137799.0,CVL -> GBR,0.0007928424912731715
2023-01-30,CVL,GBR,400,174,4.91,1300.6075,1353.4875,1341.7175,0.4825,0.855,3568.1425,1.2565000000000004,-1.967220501907633,60.575,49.1679912468514,-2.1844236549118388,49.898421599496245,-0.004686987405541367,49.10864099496224,-0.19616592695214125,75526.0,10028.0,75516.0,CVL -> GBR,0.0006249550813535277
2023-02-06,CVL,GBR,313,196,10.172523961661343,3012.2715654952076,3139.1246006389774,3208.1533546325877,0.28753993610223644,0.46645367412140576,5424.485623003195,1.3118210862619812,-2.21956847937912,44.72843450479233,48.05317374025974,0.29354066883116786,49.54634898376624,3.876460954545454,48.957758561688316,3.5116722175324675,4840.0,2121.0,4833.0,CVL -> GBR,0.0005281149502087151
2023-02-13,CVL,GBR,200,167,7.88,2176.1,2206.745,2191.975,0.475,0.705,4686.64,0.4725,-0.8511382692984862,49.75,48.779261794871786,-0.6002707794871796,50.592252564102566,-2.621195061538461,49.43030794871795,-1.8208209333333338,1707.0,311.0,1688.0,CVL -> GBR,0.0003257769372732796
2023-02-20,CVL,GBR,298,182,6.177852348993288,1623.0771812080536,1654.6208053691275,1663.9161073825503,0.47651006711409394,0.7046979865771812,3872.412751677852,2.748322147651007,-1.1007489257539063,45.53691275167785,49.392138972318335,0.476668906574395,51.73288153287197,-1.7252344982698962,50.804732051903116,-1.5430983356401389,27087.0,4634.0,27072.0,CVL -> GBR,0.00045678478692062676
2023-02-27,CVL,GBR,498,176,7.325301204819277,1759.0562248995984,1737.0020080321285,1720.7510040160641,0.46184738955823296,0.5562248995983936,3989.75702811245,-0.07208835341365386,-1.6302161761301153,47.208835341365464,51.38383513934425,-4.514116645491805,52.09194379713115,-3.587121233606558,51.42972427868852,-4.07937718647541,106006.0,29388.0,105958.0,CVL -> GBR,0.0008321010551642898
2023-03-06,CVL,GBR,627,240,8.894736842105264,2129.846889952153,2167.5215311004786,2153.8197767145134,0.6251993620414673,0.5789473684210527,4326.666666666667,1.6047846889952138,-2.7477961047376844,62.07336523125997,50.917071347402604,-1.8136084642857146,51.8137705357143,-2.142686560064935,51.45142134577923,-1.226648058441559,135661.0,17776.0,135611.0,CVL -> GBR,0.0010248664976535951
2023-03-13,CVL,GBR,365,178,8.438356164383562,2112.780821917808,2137.8383561643836,2115.9205479452053,0.6575342465753424,0.3424657534246575,3783.495890410959,-2.8909589041095884,-3.659884093060742,68.21917808219177,49.29287186797753,-3.492358721910112,50.30284417134832,-3.391929502808988,49.49053188202247,-4.531270474719101,183549.0,18161.0,183517.0,CVL -> GBR,0.000582885522880253
2023-03-20,CVL,GBR,314,175,4.949044585987261,1338.7866242038217,1341.5445859872611,1375.312101910828,0.3248407643312102,0.7770700636942676,4527.207006369426,2.4111464968152867,-0.1742357430759366,44.87261146496815,48.6184468961039,-2.7141786525974037,50.82342799999999,-7.029553084415585,49.457113064935065,-5.25118247077922,16429.0,6559.0,16419.0,CVL -> GBR,0.000499111454448927
2023-03-27,CVL,GBR,493,329,8.095334685598377,2103.4989858012173,2347.8032454361055,2326.705882352941,0.3488843813387424,0.5354969574036511,4606.1460446247465,1.5758620689655172,-1.0932217832332598,49.53346855983773,49.53171470416666,-3.1635936229166695,50.549955677083325,-2.052753012499999,49.79004442708332,-2.644163372916666,26059.0,3559.0,26037.0,CVL -> GBR,0.0004094164113696515
2023-04-03,CVL,GBR,570,263,6.443859649122807,1677.322807017544,1707.8017543859648,1713.3894736842105,0.2824561403508772,0.743859649122807,3587.4052631578948,-1.1984210526315793,-1.498952236585438,48.36842105263158,49.09443847282607,-1.6443833894927526,50.20051813768115,-2.490494641304347,49.53653172463767,-3.2104015778985504,58456.0,18776.0,58400.0,CVL -> GBR,0.0004684791604853444
2023-04-10,CVL,GBR,1351,426,8.202812731310141,1904.3760177646188,1915.5114729829756,1964.4737231680238,0.4048852701702443,0.689859363434493,4483.464840858624,1.967135455218355,-0.4584968854183051,50.75499629903775,52.39938278986585,-6.183466533532042,52.970679106557384,-5.570722573025329,52.07597849776454,-4.280555600596122,233358.0,39437.0,228569.0,CVL -> GBR,0.0012456561085555644
2023-04-17,CVL,GBR,452,252,7.557522123893805,2005.6128318584072,2035.212389380531,2023.382743362832,0.4469026548672566,0.5530973451327433,4286.3561946902655,1.278097345132744,-0.4574926253305465,42.256637168141594,42.271726130136976,2.244015712328768,50.83489398401829,-1.6615027534246591,46.71050925799088,-0.7554011643835628,12260.0,3322.0,12242.0,CVL -> GBR,0.00046062755408806955
2023-04-24,CVL,GBR,686,347,11.763848396501457,3191.524781341108,3208.2740524781343,3193.8338192419824,0.6034985422740525,0.5408163265306123,5877.628279883382,1.1750728862973774,-2.283392697857635,56.31195335276968,47.41190632335328,2.8510233038922186,49.397407297904174,-1.2879786317365223,48.63165017365268,0.9636118083832378,89475.0,12413.0,89365.0,CVL -> GBR,0.0006907419434417274
2023-05-01,CVL,GBR,1997,390,7.1772658988482725,1843.3525287931898,1889.7871807711567,1847.4872308462693,0.16524787180771155,0.5488232348522785,4001.4692038057087,2.5777165748622957,1.3208078624659896,35.80871306960441,52.07900371026158,5.046196453722342,53.26125280181102,3.5725531971831015,52.56751752666003,4.2960437077464855,459193.0,117292.0,459055.0,CVL -> GBR,0.0019838076789350815
2023-05-08,CVL,GBR,928,339,7.314655172413793,2231.790948275862,2288.780172413793,2272.8512931034484,0.4375,0.5991379310344828,4007.957974137931,2.2737068965517206,-0.7998863612862798,45.797413793103445,44.902693784164896,5.976907399132334,39.01244167462041,17.001086601952316,45.25728130043386,6.151445306941444,190470.0,32878.0,173358.0,CVL -> GBR,0.0008858148398803768
2023-05-15,CVL,GBR,667,302,6.055472263868066,1397.6371814092954,1419.4182908545727,1404.2593703148425,0.27436281859070466,0.7376311844077961,3612.2038980509747,1.1137931034482758,-1.9883924276498535,43.733133433283356,49.76069211145037,-0.9090996854961827,51.1541671145038,-4.840808499236641,50.12142557251908,-3.097547636641221,69858.0,16000.0,68930.0,CVL -> GBR,0.0006403609831029186
2023-05-22,CVL,GBR,766,318,7.154046997389034,1706.1657963446476,1795.1514360313315,1747.360313315927,0.2689295039164491,0.660574412532637,4344.211488250653,1.676240208877284,-0.08945150714531648,34.268929503916446,49.6304575859788,-13.151467788359783,51.46385494179893,-2.6123384126984113,49.64963135185182,-12.523026185185179,32977.0,20925.0,32958.0,CVL -> GBR,0.0008475485819051697
2023-05-29,CVL,GBR,743,205,3.41049798115747,826.5908479138627,911.9623149394347,866.5921938088829,0.2234185733512786,0.8963660834454913,4307.792732166891,2.6390309555854636,-1.8402888641099653,56.3257065948856,54.520102684856894,-5.319521347885393,54.6893004338336,-5.377364673942699,54.71920855115977,-5.288283963165064,400125.0,71257.0,400101.0,CVL -> GBR,0.000856714252934794
2023-06-05,CVL,GBR,522,298,6.2011494252873565,1549.6877394636015,1547.1647509578545,1564.6168582375478,0.3620689655172414,0.7030651340996169,3611.795019157088,1.970498084291188,0.6594611312572758,45.24904214559387,49.66501561013645,-7.289351440545807,50.78904177972709,-7.750574955165692,49.429402257309945,-5.525518105263156,16078.0,4833.0,16048.0,CVL -> GBR,0.0005447282411330347
2023-06-12,CVL,GBR,393,272,6.865139949109415,1951.2951653944021,1943.3689567430026,1955.7430025445292,0.36895674300254455,0.7506361323155216,4159.358778625954,1.2641221374045795,-1.0312215618139522,47.55725190839695,48.37135476737968,-3.7245847299465233,50.39886205347595,-5.668758508021391,50.06270450000001,-3.750259414438504,5327.0,1515.0,5265.0,CVL -> GBR,0.00045201041119145575
2023-06-19,CVL,GBR,1404,385,6.925925925925926,1744.3055555555557,1777.7820512820513,1740.1616809116808,0.2813390313390313,0.7670940170940171,4151.499287749288,1.4964387464387472,-1.0073322171008428,37.82051282051282,51.52253365757354,-5.712642167264897,51.343847979181575,-6.563988095477391,51.82128979540558,-4.3725989956927505,136576.0,47392.0,136489.0,CVL -> GBR,0.001342515476220073
2023-06-26,CVL,GBR,585,263,6.5606837606837605,1871.808547008547,1866.6854700854701,1886.4752136752136,0.3333333333333333,0.6393162393162393,4289.17264957265,0.43794871794871765,-1.4150973039361745,38.78632478632478,50.82303894791667,-4.093204272569447,52.09428042534723,-4.573473958333337,51.70709136284724,-5.359060432291669,47890.0,14744.0,47873.0,CVL -> GBR,0.0006799558319288662
2023-07-03,CVL,GBR,697,236,5.055954088952654,1381.5595408895265,1399.6470588235295,1408.7474892395983,0.6571018651362984,0.8263988522238164,3464.7431850789094,1.0154949784791951,-1.5519880848401466,51.92252510760402,43.05294418970589,1.3548403514705858,44.21065571617648,2.941602172058821,43.14147295882353,-2.991975061764708,113701.0,21967.0,113492.0,CVL -> GBR,0.0008977805370968843
2023-07-10,CVL,GBR,1426,309,14.535063113604489,4191.539971949509,4215.333800841515,4152.680925666199,0.12833099579242638,0.4782608695652174,5798.43267882188,1.1590462833099546,-2.9128530855767125,33.03646563814867,50.033196393210794,-14.557817840169733,49.71366859971717,-3.8068546669024093,50.743386704384754,-25.47540151202264,200337.0,81904.0,200279.0,CVL -> GBR,0.0016358857816746377
2023-07-17,CVL,GBR,630,258,7.285714285714286,2007.0047619047618,2015.6142857142856,2034.0809523809523,0.24126984126984127,0.7174603174603175,3678.6809523809525,0.8649206349206354,-2.138088900885196,37.87301587301587,40.699445478330695,-4.424757961476728,49.38890605939006,-1.6203479582664502,50.06448672873197,-7.915469701444624,55277.0,23882.0,55224.0,CVL -> GBR,0.0006880703885085692
2023-07-24,CVL,GBR,1239,355,6.502824858757062,1537.1041162227602,1578.2397094430992,1594.266343825666,0.4826472962066182,0.7958030669895076,3522.861985472155,-1.2765133171912828,-3.9906803183777613,45.11702986279258,51.31527993322487,-3.6890223379478755,51.428734093648174,-3.1281979495114065,51.245593227198746,-3.4302390252443073,259102.0,83289.0,258897.0,CVL -> GBR,0.0015762556612895018
2023-07-31,CVL,GBR,896,283,5.496651785714286,1357.8247767857142,1303.3203125,1392.0970982142858,0.2734375,0.6953125,3032.691964285714,-0.7395089285714282,-2.6643768421719876,47.254464285714285,50.264248239057245,-0.9569648372615035,51.14724568574636,-0.7017574567901255,50.407980661055014,-0.3976401582491598,249510.0,45242.0,247491.0,CVL -> GBR,0.0011343365966610499
2023-08-07,CVL,GBR,762,368,6.803149606299213,1784.7900262467192,1842.0695538057744,1833.0433070866143,0.47506561679790027,0.6194225721784777,3646.5682414698163,1.1254593175853025,-2.6759713256576245,56.61417322834646,48.69421298940394,0.004560505960263329,50.29301572185428,0.4100821112582766,47.707480760264865,-1.615932252980135,57609.0,9049.0,56641.0,CVL -> GBR,0.0010234878370156061
2023-08-14,CVL,GBR,952,306,9.506302521008404,2836.926470588235,2847.24474789916,2821.998949579832,0.5409663865546218,0.36239495798319327,4401.856092436975,1.1445378151260508,-0.4098453363417053,55.51470588235294,50.76268150793641,-13.157530601058214,50.81464161375649,-0.5539782349206385,50.21743706349194,0.43095213121692766,336548.0,50561.0,336292.0,CVL -> GBR,0.0011873714564383097
2023-08-21,CVL,GBR,793,310,7.205548549810845,1972.8133669609078,1969.3707440100882,2001.638083228247,0.4501891551071879,0.7616645649432535,4699.9974779319045,0.06204287515762976,-2.007982506239431,63.45523329129887,51.97399515404366,-12.43240159563543,52.80984834146343,-11.000621776636711,51.81584431964059,-11.316886364569958,147520.0,17024.0,133569.0,CVL -> GBR,0.0009246012729882344
2023-08-28,CVL,GBR,519,294,6.6531791907514455,1867.2928709055877,1957.5626204238922,1972.8843930635837,0.42003853564547206,0.6859344894026975,4238.8497109826585,0.7150289017341043,-1.5159289255133097,56.22350674373796,51.30824110721245,-9.1835790994152,52.26681120857698,-7.2959735672514645,51.91640823586742,-7.0001928167641365,34910.0,4191.0,34884.0,CVL -> GBR,0.0006615189699168194
2023-09-04,CVL,GBR,784,337,6.7436224489795915,1639.1875,1692.468112244898,1697.5484693877552,0.43494897959183676,0.6352040816326531,3580.9119897959185,1.6818877551020421,-0.7131519253625579,52.308673469387756,51.95331487001288,-2.875162332046333,53.32198356370657,-4.345387862290862,52.63558646975547,-3.629372041184042,84614.0,12091.0,84170.0,CVL -> GBR,0.0009303539854513522
2023-09-11,CVL,GBR,802,282,6.9812967581047385,1707.3391521197007,1812.0760598503741,1803.785536159601,0.3229426433915212,0.6172069825436409,4182.506234413965,1.7729426433915219,-1.443447401365468,40.19950124688279,52.05922856423171,-3.6810341498740575,52.55921844206545,-1.998437304785896,52.478304445843804,-2.2931040214105805,74104.0,19800.0,73974.0,CVL -> GBR,0.0008964569829192529
2023-09-18,CVL,GBR,549,276,7.555555555555555,1931.183970856102,1955.3187613843352,1986.0455373406194,0.273224043715847,0.7686703096539163,4214.963570127505,2.0646630236794166,-1.1199662707915488,44.82695810564663,51.01259612592594,-7.725087725925933,51.14324916666668,-6.338734450000006,51.31518327777779,-6.457017459259264,85573.0,21014.0,85543.0,CVL -> GBR,0.0005539909040546281
2023-09-25,CVL,GBR,922,330,7.334056399132321,1858.5347071583515,1861.8590021691973,1880.7548806941431,0.37418655097613884,0.6420824295010846,4046.8731019522775,1.3783080260303686,-1.9711728461343612,51.57266811279826,50.429981828382786,5.266222640264025,52.738949878987874,-1.738304872387241,52.52649839383937,4.63566046424643,173223.0,32518.0,173199.0,CVL -> GBR,0.0010569564240481661
2023-10-02,CVL,GBR,631,303,8.399366085578446,2362.648177496038,2377.356576862124,2387.4690966719495,0.3438985736925515,0.43423137876386686,3994.179080824089,-0.12979397781299482,-0.9470009568281355,41.60063391442155,50.20750534094616,-1.5370688270799369,51.33038609298532,-2.6826284535073457,50.6195169233279,-1.693472014681898,44280.0,11070.0,44145.0,CVL -> GBR,0.0007218044424718427
2023-10-09,CVL,GBR,666,263,8.223723723723724,1945.0525525525525,2009.1396396396397,1988.1921921921921,0.5930930930930931,0.6006006006006006,4092.211711711712,-0.6217717717717717,-1.467029249949519,62.28228228228228,46.67675484178187,10.820434497695851,48.33856486482336,6.7238015053763425,47.767202384024586,9.428578182795695,189681.0,20227.0,189659.0,CVL -> GBR,0.0004846900530830217
2023-10-16,CVL,GBR,607,321,7.746293245469523,1935.1186161449752,2001.018121911038,1969.6392092257001,0.5502471169686985,0.6655683690280065,3858.9406919275125,2.5649093904448064,-1.8775912929394845,60.08237232289951,49.17307364915254,-1.9084786491525423,50.97863294067796,-2.818776011864407,49.78366186440678,-3.8527779796610173,184867.0,19006.0,184843.0,CVL -> GBR,0.00046687208012663234
2023-10-23,CVL,GBR,601,276,6.088186356073211,1507.9334442595673,1513.990016638935,1525.16306156406,0.3410981697171381,0.6672212978369384,3798.863560732113,1.1825291181364392,-2.4710378283682304,47.95341098169717,46.70869271379898,-1.0687492350936967,48.761553531516185,-0.10467200851788847,47.02643431005111,-1.832193717206133,66589.0,12285.0,66565.0,CVL -> GBR,0.000523131372127456
2023-10-30,CVL,GBR,525,244,6.081904761904762,1555.6019047619047,1553.6838095238095,1549.7733333333333,0.5904761904761905,0.7771428571428571,3775.12,0.3139047619047615,-1.7374310175119458,60.74285714285714,45.752688254004596,4.179903302059497,46.70991897482838,5.510313956521738,45.857214398169354,5.461099306636156,75096.0,9320.0,74992.0,CVL -> GBR,0.000474608877084437
2023-11-06,CVL,GBR,771,261,11.770428015564203,2996.0194552529183,3034.501945525292,3028.536964980545,0.6147859922178989,0.3761348897535668,4761.77691309987,-0.13631647211413744,-2.820265647567373,49.54604409857328,52.670640407557364,-5.747494869095816,53.46450307962215,-5.647942183535763,53.164343948717956,-5.0362324790823205,171007.0,33889.0,170494.0,CVL -> GBR,0.0007339984063380905
2023-11-13,CVL,GBR,458,291,12.408296943231441,3063.687772925764,3100.227074235808,3079.089519650655,0.36681222707423583,0.5829694323144105,4675.831877729258,0.1639737991266375,-2.2281549270990766,48.951965065502186,47.969596043879896,-2.0930588822170906,49.87538197228636,-3.5968536073903,47.87750142956121,-0.3544366812933022,15638.0,5697.0,15498.0,CVL -> GBR,0.00048779916307296434
2023-11-20,CVL,GBR,703,240,10.544807965860597,2583.778093883357,2590.4594594594596,2597.153627311522,0.5490753911806543,0.5206258890469416,4523.98719772404,0.12290184921763765,-3.2528779334848763,49.65860597439545,49.89336864491655,2.286088839150226,51.538975063732934,-2.3512254476479515,51.1583005417299,-1.758797408194234,109057.0,20021.0,89651.0,CVL -> GBR,0.0007528943056343911
2023-11-27,CVL,GBR,707,275,6.284299858557285,1599.3083451202262,1596.934936350778,1604.882602545969,0.3635077793493635,0.6619519094766619,3607.2602545968884,-0.4134370579915132,-2.5152489190013623,52.94200848656294,49.27793581433225,-3.551224719869707,50.01666187296418,-4.322676972312706,49.67800894136808,-3.524345907166123,144181.0,27784.0,144150.0,CVL -> GBR,0.0007039441783219046
2023-12-04,CVL,GBR,785,302,8.385987261146497,2205.2369426751593,2229.703184713376,2212.292993630573,0.33375796178343947,0.4267515923566879,4179.2025477707,3.044713375796179,-0.6723567246117179,39.46496815286624,45.31119416447369,-4.165471831578948,52.030305848684215,-6.987953190789477,46.9420956381579,-5.377640772368421,65080.0,23059.0,65074.0,CVL -> GBR,0.0008628032863462753
2023-12-11,CVL,GBR,525,245,6.36952380952381,1696.9295238095237,1748.1257142857144,1760.8019047619048,0.6514285714285715,0.7866666666666666,3450.862857142857,1.7405714285714298,-2.6063587744940246,66.4952380952381,50.341268228105946,2.5222570672097775,51.08096761710799,0.09865179633401258,50.96301120162938,0.32886437678207786,120912.0,12364.0,120248.0,CVL -> GBR,0.0005636427857481043
2023-12-18,CVL,GBR,311,223,7.163987138263666,2112.1639871382636,2141.913183279743,2116.7524115755627,0.4115755627009646,0.6334405144694534,4154.2926045016075,2.4797427652733117,-0.0953819131241445,50.964630225080384,50.75847849650351,-6.313706125874127,51.48470603146854,-7.199330353146853,50.72329152097902,-9.047441370629372,3355.0,527.0,3327.0,CVL -> GBR,0.00038712215135355826
2023-12-25,CVL,GBR,322,189,5.198757763975156,1463.5093167701864,1477.0683229813665,1494.6614906832299,0.5652173913043478,0.7391304347826086,4080.9596273291927,2.225465838509317,-0.6984214363255183,56.70807453416149,50.670654950495035,-2.9975716138613833,51.237700438943875,-2.9630263432343216,51.012434762376216,-2.4679906105610536,43356.0,5256.0,43336.0,CVL -> GBR,0.0005238838995184173
2024-01-01,CVL,GBR,625,277,6.1088,2253.6128,2289.1152,2333.1008,0.4624,0.8032,4414.3648,2.2785599999999997,-1.751960069288162,48.448,50.438519453507325,-2.6436321957585633,51.13867601957584,-4.45430852854812,50.97824049755299,-2.770753546492658,67262.0,13250.0,67194.0,CVL -> GBR,0.0008522103609690381
2024-01-08,CVL,GBR,629,277,6.659777424483307,1724.6820349761526,1715.362480127186,1688.2066772655007,0.3497615262321145,0.6979332273449921,4189.349761526232,1.173926868044516,-2.5490213851735137,39.570747217806044,45.56619524302134,2.595322802955666,46.534329909688,1.0954811970443368,45.812715050903115,2.3594762463054177,34923.0,8675.0,34898.0,CVL -> GBR,0.0007451626622565041
2024-01-15,CVL,GBR,1334,301,14.559220389805098,3390.328335832084,3447.421289355322,3440.848575712144,0.5149925037481259,0.6574212893553223,4537.724887556222,2.4067466266866555,-2.524736750252327,49.865067466266865,46.94963398698307,-0.3811882052067385,46.84636541883611,-0.4534474601837632,33.992618539050575,7.157217976263402,804078.0,97659.0,788114.0,CVL -> GBR,0.0016428935616799388
2024-01-22,CVL,GBR,582,275,10.474226804123711,2751.726804123711,2783.1701030927834,2667.6735395189003,0.506872852233677,0.48109965635738833,4498.109965635739,0.9883161512027488,-0.8561368137375087,44.34707903780069,50.446916438687396,-8.370373379965457,50.727287461139895,-8.68138593782383,50.455393618307426,-7.9347402625215855,53817.0,12345.0,53727.0,CVL -> GBR,0.0007289314391135593
2024-01-29,CVL,GBR,794,297,6.4294710327455915,1534.9685138539044,1546.6801007556676,1562.139798488665,0.5579345088161209,0.6309823677581864,3702.6801007556674,1.4855163727959708,-0.6912023814618425,61.72544080604534,50.92355124358975,-1.606452352564102,51.54337624358976,-0.797661108974359,50.92136472051281,-1.568059802564102,215142.0,26231.0,215106.0,CVL -> GBR,0.000988577817509033
2024-02-05,CVL,GBR,560,304,6.725,1739.5071428571428,1809.525,1820.8375,0.2642857142857143,0.7821428571428571,4472.498214285714,1.5523214285714275,-0.9061351086010813,36.55357142857143,50.363097469090924,-2.278024421818182,51.2572361509091,-3.213419914545456,50.32079276909093,-1.7737309272727282,64811.0,30999.0,64773.0,CVL -> GBR,0.0006429435794046801
2024-02-12,CVL,GBR,1032,295,9.484496124031008,2531.2470930232557,2564.6375968992247,2588.6317829457366,0.10949612403100775,0.33527131782945735,4134.859496124031,-1.0907945736434108,-2.529961812391453,28.430232558139537,49.10038179587829,0.32667205103040703,51.12540826300293,-0.218040065750738,50.84953996074583,-1.2858928626104045,194460.0,64597.0,194432.0,CVL -> GBR,0.0011671461918462624
2024-02-19,CVL,GBR,645,289,7.531782945736434,2125.6744186046512,2160.7147286821705,2150.6604651162793,0.3813953488372093,0.6403100775193798,4772.423255813954,-1.3472868217054246,-2.1153493010077082,46.41860465116279,48.46400111004786,-3.6769873492822986,50.76877716586923,-1.4267542551834134,49.12375010047848,-4.619588371610847,33713.0,6918.0,33701.0,CVL -> GBR,0.0007041384783840404
2024-02-26,CVL,GBR,986,296,5.982758620689655,1737.5425963488844,1737.3793103448277,1689.9310344827586,0.5933062880324543,0.8154158215010142,4088.8793103448274,3.409736308316431,-3.3449764465386775,51.48073022312373,49.715680005170654,-0.7132546473629832,50.096058247156165,-0.8772311499482981,49.46825808169593,-0.14782246328852877,379117.0,68771.0,379100.0,CVL -> GBR,0.001106757167824122
2024-03-04,CVL,GBR,629,292,5.077901430842608,1373.8823529411766,1403.5484896661367,1402.1462639109698,0.604133545310016,0.7503974562798092,3856.0254372019076,0.855961844197139,-1.860171354404922,62.289348171701114,45.154838061389334,-3.774339882067851,43.147996558966085,-2.5880095751211623,45.47744793214862,-3.284222886914377,227921.0,21926.0,227045.0,CVL -> GBR,0.0007331301393413484
2024-03-11,CVL,GBR,1015,259,7.952709359605912,1894.31921182266,1924.72118226601,1862.2866995073891,0.3310344827586207,0.6492610837438424,3971.5093596059114,0.32896551724138084,-4.648373035403637,41.142857142857146,50.621961804195855,-0.49049947352647383,50.657037003996074,0.18834562037962102,50.47125380219788,0.4347334515484516,193617.0,54232.0,193587.0,CVL -> GBR,0.0012201865743412194
2024-03-18,CVL,GBR,708,227,7.65819209039548,1931.9110169491526,1943.6920903954801,1952.3728813559321,0.5240112994350282,0.7358757062146892,3475.1045197740114,1.1572033898305096,-4.257793378858303,65.15536723163842,44.02985854310348,6.682904708333332,48.91759515948279,-1.269318011494253,43.884486280172446,7.267971790229886,392691.0,33998.0,389796.0,CVL -> GBR,0.0007921164276891682
2024-03-25,CVL,GBR,826,307,5.148910411622276,1366.3922518159807,1351.7615012106537,1381.1513317191284,0.6852300242130751,0.8171912832929782,4799.657384987893,0.7460048426150124,-0.9242512991328321,58.619854721549636,51.22283305501215,-4.145015568459662,51.624040267726066,-4.411122000000004,51.126486447432676,-2.7601744437652864,378913.0,52952.0,378880.0,CVL -> GBR,0.001080685044417987
2024-04-01,CVL,GBR,698,272,4.551575931232092,1052.1661891117478,1089.3252148997135,1077.0988538681947,0.3151862464183381,0.7994269340974212,3716.720630372493,0.33638968481375475,-0.9769897088080901,44.183381088825215,48.246578631964816,-7.726776900293251,48.9352182727273,-7.157131391495599,48.66261469501468,-7.117130114369497,61090.0,18721.0,61076.0,CVL -> GBR,0.0008822376985982785
2024-04-08,CVL,GBR,476,239,8.11344537815126,2306.1890756302523,2290.703781512605,2292.7247899159665,0.20798319327731093,0.5252100840336135,4236.14705882353,0.49621848739495783,0.8254830260892316,42.05882352941177,50.97070417748916,-2.3272832489177477,51.71275508658007,-3.156988199134198,51.75385181818179,-3.6260323419913405,41729.0,10871.0,41711.0,CVL -> GBR,0.0005402981855742654
2024-04-15,CVL,GBR,893,265,14.473684210526315,3028.032474804031,2993.6170212765956,2985.1019036954085,0.22956326987681971,0.3303471444568869,4587.556550951847,0.9311310190369544,-1.271629756001522,44.02015677491601,52.11492551141553,-3.6780023949771703,52.709159606164384,-4.065262599315069,52.59812924086758,-3.8162858995433786,212814.0,47150.0,212795.0,CVL -> GBR,0.0010229434883862122
2024-04-22,CVL,GBR,930,312,7.101075268817205,1661.0806451612902,1716.5043010752688,1715.0698924731182,0.4774193548387097,0.821505376344086,4309.564516129032,0.5681720430107531,-3.6252728404644206,54.89247311827957,48.63965125136017,0.8671195810663783,50.67590423286181,-0.03160856909684278,49.92387443960824,-0.38123804570184844,134021.0,19962.0,133514.0,CVL -> GBR,0.0009947662459768123
2024-04-29,CVL,GBR,764,396,7.018324607329843,1779.0052356020942,1810.8952879581152,1805.485602094241,0.46727748691099474,0.6295811518324608,3850.9096858638745,1.3134816753926708,-2.010565933146726,52.73560209424084,44.31714523694779,0.7058988165997309,44.80006320615796,0.8716436854082981,44.16255265060241,0.492234170013386,67024.0,7946.0,66926.0,CVL -> GBR,0.0008752464494665464
2024-05-06,CVL,GBR,1110,281,7.822522522522522,1487.972972972973,1845.045945945946,1811.9198198198198,0.5621621621621622,0.6126126126126126,4057.591891891892,2.018288288288291,-2.75499871613895,48.73873873873874,46.682021618313705,-7.266305430643703,47.86706760199457,-0.3901567153218499,43.669365728014526,13.107788320036247,320974.0,65014.0,320806.0,CVL -> GBR,0.0013089622641509434
2024-05-13,CVL,GBR,1156,314,8.764705882352942,1989.0328719723184,2036.6851211072665,2043.1029411764705,0.2897923875432526,0.666955017301038,3948.8287197231834,1.3575259515570917,-4.042371576731823,45.173010380622834,50.02363595789474,-5.073916372807022,51.73236639035085,-2.5356886166666683,50.44457665350876,-6.033786885964918,231925.0,48705.0,231865.0,CVL -> GBR,0.0014328796294345207
2024-05-20,CVL,GBR,808,303,5.446782178217822,1432.299504950495,1458.9294554455446,1436.5532178217823,0.3032178217821782,0.8168316831683168,3390.9987623762377,1.9349009900990097,-1.3048834610681526,43.81188118811881,50.185968828535685,-0.9997319824780977,51.35069324155194,-3.6087119899874844,50.49527788986233,-3.7975309036295366,103650.0,26955.0,102560.0,CVL -> GBR,0.0010432766116234959
2024-05-27,CVL,GBR,941,299,8.931987247608927,2310.1785334750266,2341.912858660999,2319.8384697130714,0.6195536663124336,0.5164718384697131,4504.646121147715,2.1323060573857595,-0.6622007403509013,66.47183846971308,47.49856472926831,-1.3269983512195134,52.74388490853664,-3.0033346292683,51.891761707317116,-4.221284769512202,324409.0,36638.0,324371.0,CVL -> GBR,0.001189856003398866
2024-06-03,CVL,GBR,977,338,8.470829068577277,2122.028659160696,2195.3449334698057,2189.809621289662,0.37461617195496416,0.5250767656090072,3585.6100307062434,-0.6309109518935532,-2.9239774112169528,51.01330603889458,49.16153479750771,-0.6713133977154747,49.44740663032182,-1.3780817061266875,49.232442689511885,-0.7540006645898246,248979.0,47416.0,215859.0,CVL -> GBR,0.0011339302812773836
2024-06-10,CVL,GBR,484,277,8.394628099173554,2043.7747933884298,2036.2231404958677,2046.9173553719008,0.21074380165289255,0.5392561983471075,4380.2231404958675,-0.6010330578512396,-0.5846029006638049,40.14462809917355,50.23647001052631,-0.9541905831578953,50.488902743157894,0.6766604652631582,49.50340002736842,1.491871410526316,15267.0,4388.0,15233.0,CVL -> GBR,0.0005909689204072313
2024-06-17,CVL,GBR,557,312,6.764811490125673,1716.718132854578,1751.7001795332137,1758.980251346499,0.4254937163375224,0.7163375224416517,3676.0179533213645,1.3759425493716346,-1.4747963802709654,49.91023339317774,50.206469773722645,1.372411144160583,43.18029529927008,4.326304326642338,46.4348315948905,4.79177598722628,33470.0,5300.0,33290.0,CVL -> GBR,0.0007813069849124993
2024-06-24,CVL,GBR,539,393,7.166975881261595,1873.4712430426716,1903.4192949907235,1901.0797773654917,0.36363636363636365,0.6493506493506493,4253.628942486085,1.126530612244898,-0.7211209309042541,46.808905380333954,48.646492406072106,-2.3032951916508546,50.47264725426945,-2.7029219259962054,48.88951485958254,-0.4297341897533211,6950.0,1146.0,6910.0,CVL -> GBR,0.0006994095893077272
2024-07-01,CVL,GBR,1525,537,8.37311475409836,2245.751475409836,2287.40131147541,2280.5711475409835,0.4242622950819672,0.7475409836065574,5453.7068852459015,1.3758032786885246,-0.8803698645407119,47.02295081967213,51.33342800396039,-5.935430023762366,52.285651707590745,-4.656158017161707,51.632319186798675,-6.259147245544544,229554.0,37433.0,224520.0,CVL -> GBR,0.002257807572612572
2024-07-08,CVL,GBR,1478,334,12.217185385656292,2997.7855209742897,3030.9052774018946,2968.891069012179,0.14276048714479025,0.4215155615696888,4475.528416779432,1.9152909336941797,-0.3103526258552403,28.34235453315291,51.068237272727266,-8.121759248803833,51.92343863978132,-7.907595866028711,51.76257708133974,-5.91340322693096,258889.0,99263.0,258353.0,CVL -> GBR,0.0019163844386471725
2024-07-15,CVL,GBR,421,270,6.432304038004751,1677.334916864608,1752.3159144893111,1746.7030878859857,0.39667458432304037,0.7078384798099763,4830.002375296912,1.8327790973871738,-0.8658324217442721,50.142517814726844,49.616313763681596,-6.830410560794044,51.47120117866005,-5.263544722084367,50.01186293300249,-7.289053449131513,16365.0,3730.0,16363.0,CVL -> GBR,0.0005575627224953382
2024-07-22,CVL,GBR,409,232,6.657701711491443,1812.3740831295843,1841.5867970660147,1854.1051344743275,0.4718826405867971,0.7408312958435208,3846.669926650367,1.9068459657701713,-1.9060124776102503,51.90709046454768,49.67893824873095,-3.629314368020305,50.82678017766497,-1.5881000964467011,50.15768618020304,-2.746301484771574,27560.0,4340.0,27527.0,CVL -> GBR,0.0004883500454917768
2024-07-29,CVL,GBR,710,298,9.597183098591549,1767.36338028169,2361.016901408451,2392.8802816901407,0.22253521126760564,0.38873239436619716,4507.078873239437,-1.2433802816901405,-3.1784012451475507,49.45070422535211,52.64886727631585,-6.166226071637427,52.875161769005906,-5.943000364035085,52.850733211988356,-5.714102122807016,222466.0,34357.0,222415.0,CVL -> GBR,0.0009062352816540963
2024-08-05,CVL,GBR,1299,447,7.929946112394149,1760.7036181678213,1729.0739030023094,1734.2078521939954,0.33410315627405696,0.6728252501924558,3813.966897613549,-0.12163202463433392,-4.3899698257171735,47.151655119322555,51.86543625586866,-0.17169879029734442,52.22200883020357,-1.4781856338028208,52.23214699530528,-1.030809398278564,178059.0,60186.0,177441.0,CVL -> GBR,0.0017339512731660695
2024-08-12,CVL,GBR,547,298,5.753199268738574,1575.8318098720292,1605.9853747714808,1567.6435100548447,0.33638025594149906,0.7367458866544789,3892.963436928702,1.0864716636197442,-1.5681663744923662,48.59232175502742,50.566045782363986,-1.9276339774859284,50.828810741088176,-3.0410593864915576,50.50610454971858,-2.088814382739211,21068.0,5401.0,19638.0,CVL -> GBR,0.0007099359889525135
2024-08-19,CVL,GBR,394,281,7.517766497461929,1888.2005076142132,1980.8705583756346,1993.7309644670052,0.29441624365482233,0.6802030456852792,4398.0482233502535,1.2246192893401016,-1.7266936499236483,43.65482233502538,50.85425785564305,-4.881253787401575,52.180106149606296,-5.223737530183726,51.27240396325459,-4.649208291338582,6102.0,1604.0,5794.0,CVL -> GBR,0.0004703528482013779
2024-08-26,CVL,GBR,548,262,5.093065693430657,1378.8193430656934,1395.684306569343,1373.2810218978102,0.6751824817518248,0.7956204379562044,3112.881386861314,1.5649635036496363,-1.976228553887907,67.66423357664233,51.138125861742424,-0.30268623106060566,51.943675909090906,-1.3349511761363637,51.44701536553029,-0.2983403882575757,131740.0,14177.0,130364.0,CVL -> GBR,0.0007463459013624899
2024-09-02,CVL,GBR,637,331,6.166405023547881,1704.0784929356357,1680.6169544740974,1691.5149136577709,0.38618524332810045,0.7299843014128728,3943.09262166405,1.208791208791209,-2.6367232521615502,46.9701726844584,50.86378195307443,-0.11059099352750783,51.33338941262135,-0.7611434902912619,51.11439523786407,-0.6787740954692557,29774.0,6135.0,29703.0,CVL -> GBR,0.0008785237491035472
2024-09-09,CVL,GBR,520,279,6.017307692307693,1779.1442307692307,1804.9192307692308,1810.326923076923,0.5596153846153846,0.7846153846153846,3700.007692307692,1.9701923076923085,0.24894921434590842,54.40384615384615,51.26874122396857,-2.91130101178782,52.17012452455795,-4.051457200392927,51.7387264891945,-4.509530218074657,34486.0,5107.0,34470.0,CVL -> GBR,0.0006732786078670016
2024-09-16,CVL,GBR,711,305,5.5639943741209565,1284.9338959212378,1315.1237693389592,1288.774964838256,0.41068917018284107,0.7046413502109705,4679.174402250352,1.6419127988748243,-1.6339273793125892,52.81293952180028,50.682062224928366,-3.299373270773636,51.07998808882519,-3.393002896848135,51.225974441260725,-3.0986408495701903,44875.0,7654.0,43846.0,CVL -> GBR,0.0009681913069765605
2024-09-23,CVL,GBR,572,275,22.935314685314687,4800.6555944055945,4790.458041958042,4805.676573426574,0.34615384615384615,0.6468531468531469,6899.251748251748,3.7041958041958036,-1.4033025655143307,45.54195804195804,45.64178030215826,-1.3573758309352524,48.228097841726616,-3.600851854316547,47.42874279496403,-4.924957965827339,63549.0,10698.0,63515.0,CVL -> GBR,0.000659136531144201
2024-09-30,CVL,GBR,603,296,7.749585406301824,2099.4842454394693,2065.063018242123,2113.0597014925374,0.40298507462686567,0.6318407960199005,4410.786069651741,1.6932006633499177,-0.6506433082811942,48.32504145936982,48.94706628330525,-0.8427156998313662,50.999421148397985,-1.9252557959527838,49.981585043844866,-1.795653551433391,29997.0,8152.0,29926.0,CVL -> GBR,0.000690255944156806
2024-10-07,CVL,GBR,397,253,7.400503778337532,2345.670025188917,2364.090680100756,2359.1637279596976,0.29974811083123426,0.5113350125944585,4908.48362720403,0.9848866498740553,0.28007478310183254,41.83879093198993,51.217888278820375,-0.6957583243967816,51.985420986595166,-1.405412227882037,51.51896030831099,-1.0905531045576402,6623.0,2854.0,6597.0,CVL -> GBR,0.0005282992755513209
2024-10-14,CVL,GBR,435,289,5.337931034482758,1436.3425287356322,1514.064367816092,1513.1379310344828,0.5218390804597701,0.7701149425287356,4038.6206896551726,1.5411494252873565,-0.5368548837912346,57.241379310344826,50.38834528103044,-2.912758105386416,51.02573862997657,-4.322852323185012,50.5080381615925,-3.1950436463700234,26832.0,4003.0,25456.0,CVL -> GBR,0.0005620924829498613
2024-10-21,CVL,GBR,385,267,8.703896103896104,2435.805194805195,2494.457142857143,2491.45974025974,0.42597402597402595,0.6441558441558441,4831.122077922078,0.4924675324675318,-1.0134486095285422,46.857142857142854,46.4283688219178,-7.190283668493153,48.01006153424657,-0.6631875479452062,46.77240509589041,0.2687116383561641,4081.0,1121.0,4064.0,CVL -> GBR,0.0004704140132058043
2024-10-28,CVL,GBR,549,265,5.116575591985428,1411.6520947176684,1421.5081967213114,1432.4116575591986,0.43169398907103823,0.7577413479052824,3458.8852459016393,1.3657559198542808,-2.217904175467256,46.12021857923497,46.584988162011165,-7.433276344506521,48.4502384227188,-5.483625404096836,47.99523411731843,-5.268980953445067,56064.0,10815.0,53492.0,CVL -> GBR,0.0007757842274164125
2024-11-04,CVL,GBR,663,344,7.117647058823529,1911.3484162895927,1915.9366515837105,1931.8853695324283,0.4343891402714932,0.6199095022624435,4218.838612368024,1.4784313725490208,-0.6882399435717156,48.05429864253394,47.23446707511736,-16.17731224413143,48.59965829890453,-15.576273175273853,48.05087817214395,-15.016620062597784,70827.0,14637.0,70767.0,CVL -> GBR,0.0008647777208215779
2024-11-11,CVL,GBR,587,286,7.804088586030664,1822.0511073253833,1890.7904599659284,1907.0357751277684,0.3645655877342419,0.5229982964224872,3944.228279386712,1.048211243611585,-2.260039543174654,42.0442930153322,48.82648883071553,4.298142731239094,50.038182839441525,1.963397397905759,48.85128708551483,4.418726546247822,27394.0,7284.0,27386.0,CVL -> GBR,0.0007759859450041444
2024-11-18,CVL,GBR,483,308,5.681159420289855,1583.9668737060042,1621.513457556936,1619.527950310559,0.37060041407867494,0.7432712215320911,3889.807453416149,1.5730848861283642,-0.8413047602662694,47.95031055900621,50.026410591397855,-1.9542720516129037,50.856775268817216,-3.2532015161290326,50.88639211612904,-4.020019249462367,18167.0,2709.0,18163.0,CVL -> GBR,0.0006486800100458105
2024-11-25,CVL,GBR,498,361,6.516064257028113,1784.5321285140562,1838.512048192771,1837.70281124498,0.37751004016064255,0.6967871485943775,4382.489959839358,1.6915662650602412,-0.4792965417828355,49.51807228915663,50.53384280705394,-7.007504788381744,51.44657227178422,-5.850446377593362,50.60423828423237,-6.61746284647303,8025.0,1324.0,7975.0,CVL -> GBR,0.0007083774883892947
2024-12-02,CVL,GBR,783,292,8.091954022988507,2587.899106002554,2648.5287356321837,2627.1954022988507,0.4061302681992337,0.7879948914431673,4881.9782886334615,1.5038314176245193,-1.6718342943906759,46.219667943805874,52.44151869879521,-5.980896713520757,53.28552321419012,-3.2021979718875544,52.63891441499333,-4.398709406961184,145571.0,24403.0,145492.0,CVL -> GBR,0.0009634539640039817
2024-12-09,CVL,GBR,975,267,6.442051282051282,1987.4964102564102,1969.9302564102563,1980.2348717948719,0.2676923076923077,0.637948717948718,3920.713846153846,-0.8721025641025635,-2.3154137927395393,31.91794871794872,48.95510506813406,-3.47198094654089,51.14229101467495,-7.560139779874212,49.92529162893072,-5.618417083857423,103471.0,40083.0,102930.0,CVL -> GBR,0.0012152970372927918
2024-12-16,CVL,GBR,872,284,7.13302752293578,2074.8727064220184,2095.737385321101,2085.0699541284403,0.45871559633027525,0.716743119266055,4186.002293577982,1.5287844036697242,-2.1282755559410256,47.60321100917431,47.66277090375586,-20.543927683098616,48.14720168427228,-21.717551007042278,47.94630529342721,-21.306077609154954,145546.0,27137.0,145480.0,CVL -> GBR,0.0011924933093193626
2024-12-23,CVL,GBR,307,166,10.609120521172638,3122.628664495114,3117.644951140065,3129.28338762215,0.2964169381107492,0.4169381107491857,6043.599348534202,2.1214983713355045,-0.41615206394672466,45.21172638436482,47.96501039464883,-7.250820214046825,48.517601331103684,-9.233640408026758,48.129297217391304,-8.470621187290972,21795.0,5263.0,21252.0,CVL -> GBR,0.0006498771160697465
2024-12-30,CVL,GBR,1074,255,7.567970204841713,1830.3761638733706,1851.2243947858474,1846.9627560521415,0.6415270018621974,0.8016759776536313,4539.430167597765,0.9189944134078166,-3.251891958338133,73.56610800744879,48.78781879087447,2.721815317490495,49.69090796958168,0.6672119410646414,49.235244392585486,1.2893352994296636,1830186.0,84285.0,963276.0,CVL -> GBR,0.002169894232809043
2025-01-06,CVL,GBR,601,285,6.705490848585691,1743.1181364392678,1795.973377703827,1777.396006655574,0.6289517470881864,0.6788685524126455,3810.943427620632,1.6249584026622306,-1.335234689626758,58.53577371048253,37.197686886632816,18.536422175972923,38.506988153976316,19.835383052453466,38.10691886632825,19.98994382233502,61661.0,8902.0,60108.0,CVL -> GBR,0.0008393467898825892
2025-01-13,CVL,GBR,506,312,6.6561264822134385,1749.9189723320158,1761.9486166007905,1750.1857707509882,0.3695652173913043,0.650197628458498,4238.272727272727,1.4537549407114627,-0.4059977494992545,49.34782608695652,49.815337542094454,-0.6985275523613972,50.93834019301847,-3.926397277207392,49.22711767351129,-1.1900619445585217,10832.0,2705.0,9787.0,CVL -> GBR,0.0006389929672888639
2025-01-20,CVL,GBR,514,322,6.727626459143969,1760.9260700389104,1808.603112840467,1805.2062256809338,0.45136186770428016,0.6206225680933852,3959.3093385214006,1.4305447470817119,-2.435376463938288,45.13618677042802,47.566910326,-7.496422109999999,50.44189077599999,-3.222023124,49.254276666,-7.862415010000003,11712.0,2541.0,11688.0,CVL -> GBR,0.0005688068115168993
2025-01-27,CVL,GBR,701,288,6.178316690442226,1866.6661911554922,1884.447931526391,1860.3409415121255,0.20684736091298145,0.6048502139800286,4940.877318116975,-0.15834522111269547,-1.3980967657115342,36.57631954350927,48.53604696475772,-26.9474964552129,50.16443345521293,-16.27584560058743,51.03369659765053,-7.109754433186475,56318.0,16508.0,56238.0,CVL -> GBR,0.0008577704087563553
2025-02-03,CVL,GBR,453,244,6.6092715231788075,1813.5540838852098,1915.6048565121412,1885.346578366446,0.30022075055187636,0.5474613686534217,3647.099337748344,0.86401766004415,0.10419948645980409,36.09271523178808,47.5912751818182,0.2680999500000008,49.399378068181825,-7.842823711363636,44.04157227272727,-4.779242824999998,6864.0,3626.0,6864.0,CVL -> GBR,0.0005247945134065883
2025-02-10,CVL,GBR,455,257,9.371428571428572,2335.2285714285713,2337.210989010989,2350.898901098901,0.3824175824175824,0.5582417582417583,4546.813186813187,0.9461538461538467,-0.8661443489338756,47.472527472527474,50.59771208715597,-1.7463419013761488,52.280721043577984,-3.548351917431195,51.38030865825688,-3.540802995412846,20662.0,5033.0,20656.0,CVL -> GBR,0.0005191811771149502
2025-02-17,CVL,GBR,528,203,4.742424242424242,1214.748106060606,1284.3125,1250.9753787878788,0.6458333333333334,0.7897727272727273,4150.662878787879,3.2043560606060613,-0.6706110927641766,72.91666666666667,50.94891085356455,-0.04624785741811179,51.38050314643545,-0.9061826204238919,50.8418478477842,0.06121981888246662,266168.0,27380.0,263225.0,CVL -> GBR,0.0005692133213166077
2025-02-24,CVL,GBR,458,267,7.502183406113537,2038.3449781659388,2038.8144104803494,2045.2248908296942,0.5262008733624454,0.648471615720524,3938.7532751091703,1.1589519650655027,-0.6434328336492737,47.81659388646288,51.379882630979495,-6.128215824601367,51.93790298177676,-4.760142829157174,51.66674337585422,-5.489122102505695,30213.0,6063.0,30200.0,CVL -> GBR,0.0004919314647098249
2025-03-03,CVL,GBR,662,276,8.545317220543806,2309.003021148036,2338.3519637462236,2332.6706948640485,0.43655589123867067,0.5241691842900302,4184.43504531722,1.155740181268883,-2.3637915200412203,49.95468277945619,49.61822796428572,-2.6690703913043485,50.4223629409938,-0.09217538819875741,49.95181218012423,-2.0575803136645963,92372.0,14651.0,92148.0,CVL -> GBR,0.0007410234855192593
2025-03-10,CVL,GBR,1063,277,12.328316086547508,2179.309501411101,2721.7375352775166,2737.6114769520227,0.41486359360301034,0.4666039510818438,3789.8635936030105,-3.994731890874883,-4.004049542162255,41.57102539981185,50.63960146520496,2.4047787492850388,49.866132764537646,4.27443557387989,50.80871618589131,2.1482248932316517,337584.0,63880.0,337577.0,CVL -> GBR,0.0011971758812419546
2025-03-17,CVL,GBR,1266,257,7.057661927330174,1620.8451816745655,1694.0560821484992,1696.065560821485,0.660347551342812,0.8909952606635071,4578.550552922591,0.4037914691943128,-1.9723504920321855,70.8214849921011,51.2668987532155,-3.1894964943729915,51.40049516720262,-3.2592829324758847,51.30372560691323,-3.45974209324759,932963.0,103319.0,925074.0,CVL -> GBR,0.001411349209711331
2025-03-24,CVL,GBR,378,230,6.050264550264551,1671.8783068783068,1693.537037037037,1690.8439153439153,0.34656084656084657,0.6349206349206349,3611.4523809523807,-0.8521164021164023,-0.21099787426160532,38.80952380952381,49.823034455525615,-4.077556514824797,50.927462353099735,-3.7052724501347707,50.33668122102426,-4.155259625336926,5439.0,3292.0,5410.0,CVL -> GBR,0.0004687284933602997
2025-03-31,CVL,GBR,969,313,5.395252837977297,1179.5211558307533,1237.0897832817338,1235.1238390092878,0.5180598555211559,0.8524251805985552,4337.242518059856,-1.4707946336429245,-1.9217426035101328,48.03921568627451,50.52274128331573,2.63710020146906,53.17941584679933,-3.64337703043023,51.8958307471142,-0.1135938782791134,264941.0,60819.0,264785.0,CVL -> GBR,0.0013417707496745964
2025-04-07,CVL,GBR,448,260,7.138392857142857,2368.808035714286,2400.535714285714,2373.6428571428573,0.32589285714285715,0.6852678571428571,5189.834821428572,-0.48303571428571435,0.3362667250828885,38.526785714285715,48.06763305176472,-9.598557959999999,48.69025794117648,-9.424799458823527,46.37154208000001,-22.94108145176469,8873.0,6178.0,8807.0,CVL -> GBR,0.0005785041793053043
2025-04-14,CVL,GBR,373,273,7.297587131367292,2079.739946380697,2037.3512064343163,2089.667560321716,0.3297587131367292,0.7024128686327078,4565.9597855227885,0.8753351206434322,-0.7537461562810788,43.029490616621985,48.99856264542936,-3.38255807202216,50.45138966759002,-4.737989756232686,49.568024692520765,-2.9565454210526316,5185.0,1721.0,5106.0,CVL -> GBR,0.0004486473223091986
2025-04-21,CVL,GBR,411,229,5.408759124087592,1603.8637469586374,1634.9026763990269,1638.4209245742093,0.25304136253041365,0.7445255474452555,3866.0924574209243,1.4927007299270072,-0.5129997370062437,44.40389294403893,50.76739721534655,-4.0099157821782185,52.03829870049506,-2.891243150990099,51.74989894801982,-2.063811405940594,53453.0,13206.0,53441.0,CVL -> GBR,0.0004394777165550507
2025-04-28,CVL,GBR,1217,354,8.559572719802794,1920.7206244864421,1965.8849630238292,1938.4379622021363,0.19063270336894,0.4059161873459326,4662.712407559573,0.21281840591618664,-3.4903159521782836,33.41824157764996,51.3153310280759,0.4718754384805947,51.54669512799337,-0.5521089454995872,51.10214936003297,0.5452381296449219,168762.0,72784.0,159806.0,CVL -> GBR,0.001570656978582537
2025-05-05,CVL,GBR,530,293,8.154716981132076,2354.7735849056603,2389.3396226415093,2383.669811320755,0.3,0.6679245283018868,4607.928301886793,-0.5337735849056601,0.005038116042339638,39.81132075471698,47.57145580115831,0.5251367162162162,50.121861389961396,-1.7588770694980709,46.423459820463336,0.6570216698841691,14063.0,3693.0,14050.0,CVL -> GBR,0.0006404036718088262
2025-05-12,CVL,GBR,692,298,6.527456647398844,1665.041907514451,1686.2673410404625,1676.599710982659,0.30491329479768786,0.7601156069364162,4226.53612716763,0.7121387283236991,-2.487531505984754,36.96531791907515,49.49749470588235,-6.174319183823513,50.10466798970587,-6.725130608823496,49.87643416617648,-8.415979419117628,44388.0,31487.0,43603.0,CVL -> GBR,0.0008584042364481912
2025-05-19,CVL,GBR,517,269,6.922630560928433,2065.092843326886,2118.073500967118,2121.4526112185686,0.390715667311412,0.6963249516441006,4130.208897485493,1.3404255319148939,-0.6311606188429273,51.295938104448744,49.90283343195266,1.014281930966469,50.38548591715975,0.9400912721893483,50.354089072978304,1.49146388954635,28959.0,4708.0,22182.0,CVL -> GBR,0.0006675912224021405
