week,a1c,a2c,mentions,events,avg_sentenceid,avg_a1co,avg_a2co,avg_actco,avg_raw_text,avg_root_event,avg_len,avg_goldstein,avg_tone,avg_confidence,avg_lat1,avg_lon1,avg_lat2,avg_lon2,avg_lata,avg_lona,total_num_mentions,total_num_sources,total_num_articles,pair,Relative_mentions
2016-01-11,GOV,AUS,4808,642,7.408069883527454,1764.7079866888519,1791.5035357737104,1610.4111896838601,0.38352745424292845,0.5611480865224625,3392.5287021630616,0.34346921797004903,-2.8162363804128634,40.413893510815306,-26.461463977079866,133.51139406791174,-29.23699666808159,141.247086161927,-26.41925897305334,133.8546388389561,1513524.0,298149.0,1512642.0,GOV -> AUS,0.0031374207243343912
2016-01-18,GOV,AUS,3460,692,6.094508670520232,1615.3734104046243,1655.5812138728324,1657.8124277456648,0.5355491329479769,0.6939306358381503,3266.2508670520233,0.20846820809248376,-1.0116747295565567,46.459537572254334,-15.956028674233535,100.32015453124993,-27.862751383549533,132.252925388856,-20.979445016509455,115.41420136232307,890379.0,172477.0,880567.0,GOV -> AUS,0.0023043101255116436
2016-01-25,GOV,AUS,3194,581,8.971195992485912,2193.761427676894,2226.271133375078,2221.5488415779587,0.5732623669380088,0.5410144020037571,3717.054164057608,1.3432999373825911,-0.9244990265020099,49.3894802755166,-23.28201996147675,123.48676173354733,-24.75982977535303,126.07260295250316,-24.498524231139655,125.6091264205457,854582.0,169497.0,853767.0,GOV -> AUS,0.002232320704949266
2016-02-01,GOV,AUS,5939,779,7.809900656676208,2064.5398215187743,2104.604984004041,2088.7800976595386,0.3963630240781276,0.6373126789021721,3756.423640343492,1.443542683953527,-2.6234642369832404,44.79205253409665,-27.93842173913038,135.55402007086604,-29.449058000684648,138.991924324204,-30.294145059910928,140.55023659568639,2411761.0,430914.0,2057304.0,GOV -> AUS,0.004048878326399995
2016-02-08,GOV,AUS,5017,871,7.433127366952362,1956.1777954953159,1987.8867849312337,1991.383296790911,0.4341239784731912,0.7091887582220451,4087.9621287622085,0.6823599760813219,-1.4697151656830247,44.59238588798087,-27.017829315068475,138.55269010858194,-28.408496897663174,140.96948004210327,-27.41063616841257,139.4000474736101,1681711.0,285710.0,1680316.0,GOV -> AUS,0.0031333905008990464
2016-02-15,GOV,AUS,3627,796,6.906534325889164,1792.8833746898263,1834.415494899366,1827.658395368073,0.4221119382409705,0.7529638819961401,4081.422111938241,1.3403363661428174,-1.276534526358743,42.74055693410532,-27.057768865228375,138.79407808349683,-27.43802109554498,137.86506984589525,-27.516010778929687,138.52824333987112,725354.0,156836.0,724000.0,GOV -> AUS,0.002200961699504101
2016-02-22,GOV,AUS,4426,723,7.30840488025305,1816.2094441934025,1867.6961138725712,1859.9907365567103,0.2706732941708089,0.6276547672842295,3578.9039765024854,0.4765702666064147,-2.3363386306368303,43.30772706732942,-28.351085258561255,135.06102174971272,-29.52677473224545,137.65954507308663,-28.616928568145255,135.3979079230062,1378307.0,252356.0,1377604.0,GOV -> AUS,0.0027831839347530127
2016-02-29,GOV,AUS,4597,728,7.429628018272787,1940.7737654992386,1961.4716119208178,1959.8901457472264,0.39395257776810966,0.6778333695888623,4564.482488579509,1.4854687839895575,-2.296086599423959,44.47683271698934,-30.982168581369212,143.355419225589,-31.077275474747438,143.61984051627368,-30.95805679461276,143.75291779124555,1264651.0,258588.0,1263193.0,GOV -> AUS,0.002989004987093376
2016-03-07,GOV,AUS,3528,792,6.315759637188209,1538.8579931972788,1556.783163265306,1575.8613945578231,0.39654195011337867,0.7936507936507936,3623.16014739229,0.1819160997732408,-1.4063035341208387,46.58163265306123,-22.719761661832944,137.09276604698363,-25.251586096287696,136.06320725057978,-24.759836360208816,136.611766789443,877982.0,149334.0,838582.0,GOV -> AUS,0.0022903617836776665
2016-03-14,GOV,AUS,2018,698,5.83597621407334,1533.2923686818633,1556.6407333994055,1570.4886025768087,0.4197224975222993,0.7670961347869177,3530.352329038652,1.3534192269573824,-0.7817158130230631,43.73637264618434,-21.69668514861462,123.99988880554163,-27.84663147607054,135.51850146901765,-26.921498629722937,133.99735327405548,191740.0,34535.0,190652.0,GOV -> AUS,0.0014069659455675692
2016-03-21,GOV,AUS,3141,732,8.092008914358484,2171.895256287806,2188.8927093282396,2199.9048073861827,0.3814071951607768,0.5988538681948424,4076.9210442534227,1.514422158548233,-0.7670711287394181,38.548233046800384,-18.52985034504999,120.56377062560479,-26.219896078684314,132.2845569148663,-22.063302815220908,127.88424612125138,348316.0,82501.0,346692.0,GOV -> AUS,0.0022047876391504584
2016-03-28,GOV,AUS,4982,763,8.748896025692494,2294.871938980329,2331.2384584504216,2325.882778000803,0.4490164592533119,0.6806503412284223,4442.903050983541,1.373063026896832,-1.227324322175178,44.96386993175432,-18.27968178012603,121.58321389270476,-24.08802243649676,133.93823141414384,-20.748070345458263,127.07397372200788,1860466.0,292719.0,1858224.0,GOV -> AUS,0.0034610705976425536
2016-04-04,GOV,AUS,3461,689,6.646056053163825,1795.3074255995377,1751.4900317827216,1792.2860444958105,0.31609361456226526,0.7142444380236925,4531.963883270731,1.7630742559953776,-0.8780574694589421,41.158624674949436,-25.476306201894626,134.05454244375343,-30.156788558318496,141.21839195944335,-27.835922164002348,137.63049118058007,617724.0,171020.0,615319.0,GOV -> AUS,0.0023123171475587048
2016-04-11,GOV,AUS,2733,743,5.373216245883644,1450.8243688254665,1482.8404683497988,1483.4109037687522,0.49542627149652396,0.7628979143798024,3137.794731064764,0.4995975118916933,-0.7418209393269135,51.30259787778997,-19.498463666416242,122.18012880127725,-23.544504583645942,126.31780535183799,-21.369811665416375,123.17763799624905,1169389.0,102205.0,1169189.0,GOV -> AUS,0.001929250916976561
2016-04-18,GOV,AUS,2533,755,6.287801026450849,1620.1227793130674,1671.1002763521517,1665.7718120805368,0.39518357678641924,0.703513620213186,3915.5554678247136,-0.19016975917883933,-1.9298480238274924,37.31543624161074,-8.341550853531297,104.09191998274484,-19.972931733547338,114.06543144221502,-14.544928330658118,106.53364677929375,249514.0,89476.0,248730.0,GOV -> AUS,0.002007935029469003
2016-04-25,GOV,AUS,2429,883,5.6191848497324,1487.6195965417867,1503.4503911074517,1510.8917249897077,0.4100452861259778,0.7748044462741869,3472.7641004528614,1.05508439687114,-1.4201697019869703,44.12103746397695,-20.276160062945877,119.8531889479648,-24.48059675618968,129.99274394586647,-22.888286911456145,125.57365073436841,169216.0,52567.0,168104.0,GOV -> AUS,0.0016597368609859342
2016-05-02,GOV,AUS,2816,899,6.062144886363637,1666.5426136363637,1704.028409090909,1697.7897727272727,0.5081676136363636,0.7879971590909091,4736.76171875,1.604296874999999,-1.8702620325667219,46.953125,-16.15546161949123,111.67860271372268,-20.895335471157317,120.622750420996,-18.342258115370853,116.5465088487997,365558.0,54239.0,364592.0,GOV -> AUS,0.001884074552080678
2016-05-09,GOV,AUS,2679,861,5.6715192235908924,1486.8458379992535,1490.7222844344906,1522.5897723030982,0.335946248600224,0.7961926091825308,3965.3755132512133,1.3516237402015658,-0.8807023358279094,40.283687943262414,-20.38466161132076,124.03486575735847,-22.00138364150946,126.1155739249056,-20.4282131283019,123.62334748981128,377825.0,71617.0,374127.0,GOV -> AUS,0.0017901160735584688
2016-05-16,GOV,AUS,1833,529,6.772504091653028,2105.59410801964,2136.6786688488814,2153.1702127659573,0.39279869067103107,0.662847790507365,3892.7774140752863,0.9713038734315319,-1.5511906929677188,43.12602291325695,-25.794687945585814,131.52325103886724,-16.861957401443643,126.43557668017759,-21.322283275957805,129.4605535385896,244211.0,53679.0,243935.0,GOV -> AUS,0.0014130739793951767
2016-05-23,GOV,AUS,2421,781,6.12845931433292,1977.4935976869062,2007.03180503924,2010.4584882280049,0.28872366790582404,0.7311028500619579,4081.292028087567,1.5646840148698888,-1.7734462326266678,41.800908715406855,-23.845667942041157,129.06059882234345,-25.52101102057959,131.18781996220068,-24.087716144477106,128.97760716757654,443568.0,94824.0,443341.0,GOV -> AUS,0.0014753639810085738
2016-05-30,GOV,AUS,1698,621,6.797997644287397,2037.665488810365,2078.1637220259126,2030.3457008244993,0.38987043580683156,0.7332155477031802,3781.60777385159,1.6103062426383974,-1.5910665390476453,38.45111896348646,-21.49237352062164,127.34221463419009,-25.452573550508067,132.79436903945006,-23.732450268977885,129.53860342677822,117205.0,37985.0,117035.0,GOV -> AUS,0.0014014202378947994
2016-06-06,GOV,AUS,2037,673,6.917525773195877,1961.572410407462,2015.8247422680413,1998.545409916544,0.4413352970054001,0.7353951890034365,3780.032891507118,1.5468826705940109,-1.0136655120136238,51.0505645557192,-23.728770850845745,123.70566255817536,-25.63520735007691,126.8190401081497,-24.465231927216838,124.88706689953872,390708.0,39885.0,389370.0,GOV -> AUS,0.0014463364446962693
2016-06-13,GOV,AUS,1923,705,5.457618304732189,1563.615704628185,1601.882475299012,1602.8710348413936,0.3494539781591264,0.8138325533021321,3992.816952678107,0.5327613104524175,-1.5426445113104355,44.253770150806034,-17.586678234966598,100.62813470489982,-19.12157166481069,107.08323013919829,-18.756509025612477,106.00618205066823,118385.0,16095.0,117707.0,GOV -> AUS,0.0011592577856548631
2016-06-20,GOV,AUS,2199,682,5.517053206002728,1390.392905866303,1406.8717598908595,1414.9181446111868,0.3569804456571169,0.7753524329240564,3313.6953160527514,0.8832651205093223,-2.17440956146968,43.38790359254207,-23.322550605504613,121.69843746834863,-25.601453380733982,126.04167719678897,-24.415849573394524,124.04313332981648,159644.0,37196.0,158509.0,GOV -> AUS,0.0014764869949628898
2016-06-27,GOV,AUS,3091,867,9.205111614364283,2519.9414428987384,2461.991588482692,2559.762212876092,0.4684568100938208,0.7421546425105144,4997.095761889356,1.4968942089938522,-1.6289167136065954,49.70236169524426,-24.67034080483813,130.3569402288327,-27.67867576005224,136.54850232363492,-24.969903916339803,132.74560325490174,807854.0,76992.0,641620.0,GOV -> AUS,0.001898021415527301
2016-07-04,GOV,AUS,2817,747,6.873979410720625,1849.2133475328365,1879.0209442669507,1886.6751863684772,0.35072772452964146,0.7461838835640753,4191.189563365282,0.303585374511892,-1.18905308608018,40.298189563365284,-25.864782836905192,130.04784496222283,-26.395044006538328,131.02644799200854,-25.889849019251727,130.16171493679607,413416.0,87370.0,413011.0,GOV -> AUS,0.001552255123075592
2016-07-11,GOV,AUS,1590,628,5.107547169811321,1329.3333333333333,1329.6276729559747,1365.3786163522013,0.3264150943396226,0.740880503144654,3257.133333333333,1.6523899371069182,-0.8575391656563812,39.314465408805034,-16.1501261474359,115.13164325576922,-19.59841528205128,120.04455350384615,-18.114000641025644,117.28868444358976,51610.0,13660.0,51538.0,GOV -> AUS,0.0007728557506057682
2016-07-18,GOV,AUS,3849,740,7.582229150428683,1903.5071447129123,1902.6596518576252,1915.2642244738893,0.3421667965705378,0.7511041829046505,9886.767472070667,1.5711093790594972,-3.170010927773036,39.059495972979995,-15.72089450105045,98.22881101470584,-28.125072576832267,138.79279903966417,-27.382467283950728,137.42012312424518,1351882.0,248760.0,1351020.0,GOV -> AUS,0.00207175294843978
2016-07-25,GOV,AUS,2880,815,6.553472222222222,1887.3451388888889,1922.1996527777778,1919.2440972222223,0.3579861111111111,0.7746527777777777,4221.721875,0.3500000000000004,-2.109103985224676,43.020833333333336,-17.168651329581436,120.43176832184315,-19.26305488568415,124.31481120823075,-18.146007259936695,119.96772585578616,480324.0,96982.0,479338.0,GOV -> AUS,0.0016915007958276313
2016-08-01,GOV,AUS,2172,702,6.3406998158379375,1868.8430018416207,1915.1965930018416,1914.8453038674033,0.35497237569060774,0.6740331491712708,3771.8632596685084,0.5058931860036839,-1.4249217577633522,38.60036832412523,-21.824240896358585,128.48320445144722,-23.453490368814233,130.703202117647,-23.031086615312834,130.5521529094304,222027.0,63384.0,221197.0,GOV -> AUS,0.001487508218277449
2016-08-08,GOV,AUS,2269,591,7.500661084178052,2191.74217717056,2238.2124283825474,2247.9048038783603,0.32745702952842665,0.5046275892463641,4094.625385632437,1.394579109739974,-2.523177213688251,35.20052886734244,-1.455495368139226,95.79650591521647,-13.041628464971007,110.59980295537692,-1.8542893306559631,93.82628869076309,460211.0,111069.0,458494.0,GOV -> AUS,0.0015301873113819904
2016-08-15,GOV,AUS,2024,666,6.0019762845849804,1438.0775691699605,1477.9599802371542,1463.2005928853755,0.39377470355731226,0.7875494071146245,3230.5311264822135,0.41951581027668017,-2.7090311308137207,41.98616600790514,-19.469001242424255,126.6785355656565,-22.230292070707083,128.90928960909088,-23.362264616161628,131.418053680303,116021.0,14795.0,115506.0,GOV -> AUS,0.001266772690033115
2016-08-22,GOV,AUS,1913,680,5.969681129116571,1582.058024046001,1621.8024046001046,1618.6764244641925,0.4610559330893884,0.8159958180867747,3486.9764767381075,0.7358076319916363,-1.48420420119687,42.20595922634605,-18.685608545258614,121.56401834105615,-21.298855409482766,126.88439371875008,-18.40394447198277,121.7846922640087,91700.0,19184.0,91123.0,GOV -> AUS,0.0010292377775996324
2016-08-29,GOV,AUS,2017,659,6.111551809618245,1797.1070897372335,1776.3232523549827,1835.4248884481904,0.3187902825979177,0.7595438770451165,3452.6851760039663,1.5112543381259285,-2.0747794436474805,40.99652949925632,-20.933823127551044,117.80317220051023,-23.78854029081634,122.95937621071427,-22.17489078061226,119.88825272602041,153239.0,33031.0,152004.0,GOV -> AUS,0.0012860985940908328
2016-09-05,GOV,AUS,2454,741,6.958027709861451,1756.0546047269763,1800.123879380603,1788.256316218419,0.39690301548492257,0.6731866340668297,3662.20619396903,0.5224531377343113,-1.1497481264280083,43.54523227383863,-14.5973503852527,114.96112233968509,-20.2499581980116,124.81614017854176,-15.58795935791218,116.93071975849205,156570.0,25806.0,156129.0,GOV -> AUS,0.001588582918008018
2016-09-12,GOV,AUS,2876,822,5.962447844228095,1602.3887343532683,1662.0650208623088,1652.1547287899862,0.3337969401947149,0.7899860917941586,3593.702016689847,0.7289986091794158,-0.7422482892568782,42.68776077885953,-20.963701266787652,113.74984456333928,-24.769171956442836,124.7780630921959,-23.914067546279494,122.93577139963693,372251.0,92694.0,371463.0,GOV -> AUS,0.0020002434232260532
2016-09-19,GOV,AUS,2485,711,5.676056338028169,1619.4060362173038,1659.0173038229377,1644.8631790744466,0.4362173038229376,0.7018108651911469,3692.322334004024,2.2354124748490922,-1.1474151611452248,39.48893360160966,-17.275225334702263,105.03688936427099,-26.411627355236153,128.29656995318263,-21.264267470225885,124.9634987338808,304717.0,88403.0,304678.0,GOV -> AUS,0.001368609872386079
2016-09-26,GOV,AUS,2775,687,5.83963963963964,1743.5293693693693,1774.2998198198197,1770.7686486486487,0.4818018018018018,0.8111711711711712,3543.8594594594597,1.825873873873872,-0.8139899774046017,50.90810810810811,-18.56937181585679,111.37992464157847,-19.353809440993814,114.59002823748621,-19.083631289733297,113.65739507416886,782455.0,105666.0,782221.0,GOV -> AUS,0.0016778604648912988
2016-10-03,GOV,AUS,2731,735,6.160380812889052,1849.6770413767852,1818.64591724643,1887.5404613694618,0.3665324057121933,0.7572317832295863,3926.7184181618454,2.1404979860856823,-1.371030629256184,43.26254119370194,-12.960411299704363,106.25730267405756,-14.175507723577242,114.81160875683656,-12.328333893939398,105.86941493939389,365257.0,90370.0,364589.0,GOV -> AUS,0.0017251039578849757
2016-10-10,GOV,AUS,2765,804,6.215189873417722,2324.146835443038,2353.6582278481014,2348.271247739602,0.26220614828209765,0.7605786618444846,4222.351898734178,0.6937793851717898,-1.5114551965882135,39.9746835443038,-25.96975662983425,132.48464744935535,-26.088432599410908,133.17806327982316,-26.173119539764354,132.9161784237849,323876.0,85476.0,323366.0,GOV -> AUS,0.0017942463419113232
2016-10-17,GOV,AUS,3741,763,6.184175354183373,1958.2170542635658,2003.1737503341353,2025.0596097300188,0.3421545041432772,0.6904570970328789,3423.855653568565,1.882544774124565,-1.6884536875547933,37.68511093290564,-19.541140591266583,111.53965138567901,-21.68606040141032,115.2470724906423,-21.321054396528304,114.56845278085117,771986.0,144506.0,771290.0,GOV -> AUS,0.00235721549902271
2016-10-24,GOV,AUS,2971,805,6.168293503870751,1954.5540222147424,1994.3517334230899,1988.7855940760687,0.4469875462807136,0.699091215079098,4094.0794345338268,2.071693032648941,-1.8966601264249296,44.180410636149446,-22.826279596933578,122.23386577649053,-22.986748100170384,124.56231085178871,-23.256893297103943,123.27299875775118,478759.0,91793.0,477539.0,GOV -> AUS,0.0019165676988350288
2016-10-31,GOV,AUS,3223,833,6.993484331368291,2008.33695314924,2039.8994725411108,2045.4948805460751,0.43592925845485575,0.6909711448960596,4050.8212845175303,1.3768848898541697,-1.92501156062984,48.147688488985416,-19.822679473344127,123.35966780193858,-24.71552685945077,132.04069068691444,-22.945652494345765,128.74385697027478,701016.0,132472.0,699726.0,GOV -> AUS,0.002070896229658087
2016-11-07,GOV,AUS,2807,846,6.764161026006413,1949.2358389739936,1972.5746348414677,1968.614891343071,0.36230851442821516,0.7335233345208407,4138.620235126469,0.8292483078019224,-0.7037651605284369,41.05450659066619,-18.54150180801155,117.06334101696147,-21.91750721761097,124.20504822013724,-19.838441656441717,120.62552673439201,187729.0,19923.0,187343.0,GOV -> AUS,0.0015065317031805155
2016-11-14,GOV,AUS,2065,731,7.376755447941888,2145.0305084745764,2179.2653753026634,2180.6358353510896,0.3845036319612591,0.6736077481840194,4196.3050847457625,0.9001937046004844,-2.0413689797576025,42.55690072639225,-23.65751659510734,123.64059573040446,-25.358294672990517,129.81169486819775,-24.5499838642037,124.74667646380433,91950.0,20913.0,90162.0,GOV -> AUS,0.0012550048255391354
2016-11-21,GOV,AUS,3302,839,6.867353119321623,1832.9996971532405,1874.908540278619,1859.820411871593,0.42671108419139914,0.8101150817686251,4693.187462144155,-0.5178073894609342,-2.1547355008487323,46.411265899454875,-25.14206219317132,130.65091910273748,-27.413853109812333,134.8262637680711,-24.208581900953515,126.78596408274353,647973.0,57682.0,618381.0,GOV -> AUS,0.002377539095829514
2016-11-28,GOV,AUS,2084,747,5.682821497120921,1650.2293666026872,1696.9568138195777,1687.0196737044146,0.4803262955854127,0.8147792706333973,3685.3613243761997,0.9256717850287909,-1.5903359264371804,49.299424184261035,-23.5767041683071,125.69453974803154,-24.80781927657481,127.81827555954729,-24.278540437992135,127.1655620088583,189104.0,25683.0,188212.0,GOV -> AUS,0.0013775852860142043
2016-12-05,GOV,AUS,2316,610,5.78713298791019,1888.5509499136442,1931.8976683937824,1927.5936960276338,0.23272884283246978,0.7992227979274611,3566.14378238342,1.45811744386874,-1.4065628019800467,36.21761658031088,-25.878202518648536,134.02571342694162,-27.393358595875384,136.80933842167613,-26.29942685827117,134.40876175076787,190488.0,62177.0,189066.0,GOV -> AUS,0.001486227369685582
2016-12-12,GOV,AUS,2113,713,5.3535257927117845,1336.2437292948414,1355.791292001893,1367.7387600567913,0.3369616658778987,0.8182678655939423,3364.9294841457645,0.3215333648840512,-1.7427032719451738,40.87553241836252,-23.08862010710808,128.98738445861738,-23.465772823758524,131.05423163972736,-21.497916514118792,129.1703639805258,89083.0,26702.0,87552.0,GOV -> AUS,0.0013681972172435585
2016-12-19,GOV,AUS,1621,426,5.434916718075262,1544.7698951264651,1586.9019123997532,1581.8001233806292,0.45589142504626773,0.8087600246761258,3445.3337446020973,0.8738433066008627,-2.2736928394817872,44.47871684145589,-25.97503369423558,124.10521385964913,-30.21351731829574,137.19039855451126,-27.027443418546348,126.72944855263155,249130.0,54499.0,249071.0,GOV -> AUS,0.0010349653564341516
2016-12-26,GOV,AUS,760,293,6.955263157894737,1760.7434210526317,1863.4355263157895,1865.1092105263158,0.4118421052631579,0.7236842105263158,4095.9697368421052,0.3790789473684214,-2.3855203606403212,50.46052631578947,-22.508563674715898,126.57938847443178,-24.42524002414775,128.549941078125,-23.34641834801135,127.9547942982954,32356.0,4152.0,32307.0,GOV -> AUS,0.0006232328069749591
2017-01-02,GOV,AUS,1138,403,5.986818980667838,1614.7249560632688,1647.4007029876977,1642.1502636203866,0.5087873462214412,0.7372583479789103,3306.1362038664324,0.40263620386643245,-0.9839464177963951,46.45869947275923,-15.877336714801435,111.1753601046932,-22.46921242896425,123.38253078460134,-19.368261854185416,116.6747038577858,132005.0,12372.0,131465.0,GOV -> AUS,0.0008577053292292108
2017-01-09,GOV,AUS,2207,648,6.921159945627549,2055.245129134572,2129.2283642954235,2122.7131853194383,0.2700498414136837,0.6311735387403715,4532.51789759855,0.6544177616674219,-0.8885401617447738,36.76483914816493,-23.334586550618454,126.00693725835995,-25.218900920751302,129.6478829436554,-24.323007613376124,127.91091555428301,216182.0,51914.0,215896.0,GOV -> AUS,0.0013878321018707751
2017-01-16,GOV,AUS,1988,767,6.120724346076459,1564.2157947686117,1596.3430583501006,1612.7711267605634,0.30482897384305835,0.7992957746478874,3377.25,0.9580482897384304,-1.1532058520226671,41.172032193158955,-21.173637751540042,122.82165337269002,-24.44413944558524,127.32812520687897,-22.204742012320338,125.53989378336763,56055.0,8735.0,53743.0,GOV -> AUS,0.0010386451219206367
2017-01-23,GOV,AUS,3134,815,6.715698787492023,1661.2109125717932,1712.9250159540522,1731.93363114231,0.3305679642629228,0.7058072750478621,3850.0143586470963,1.686279514996809,-0.9805679256558667,38.04084237396299,-18.52469340493746,117.27766912664302,-20.968674119910222,124.3489352577749,-20.01274728438601,120.69341607855077,293949.0,77921.0,292271.0,GOV -> AUS,0.0015365562117760805
2017-01-30,GOV,AUS,4903,1017,8.629818478482562,2291.0152967570875,2387.4011829492147,2399.939016928411,0.3202121150316133,0.6895778095043851,4700.4509483989395,0.4768713032837047,-1.9491637443827492,36.9834795023455,-13.492131096985858,97.77986551322529,-21.532436063153508,117.07585327844996,-18.895340344473993,112.93341015070743,1057501.0,231880.0,1057096.0,GOV -> AUS,0.0022334657256622616
2017-02-06,GOV,AUS,4165,829,5.682593037214886,1618.3709483793518,1667.9159663865546,1669.9193277310924,0.29939975990396156,0.7795918367346939,3729.953181272509,0.942881152460988,-2.8582341578460135,37.418967587034814,-16.527934817162322,118.7600778447102,-23.959757247684074,124.65426516552917,-20.72780764261331,124.6058137208681,800658.0,200546.0,800366.0,GOV -> AUS,0.002090719664360433
2017-02-13,GOV,AUS,4062,991,6.5211718365337275,1893.251846381093,1940.1334318069917,1926.4426390940423,0.3212703101920236,0.70630231413097,4324.1878385032005,0.9168389955686844,-2.380430523981617,39.16789758739537,-24.657717041656234,130.85770767099032,-26.073320543776465,134.49270876677483,-25.383167777500574,133.32185172187587,555841.0,112354.0,554673.0,GOV -> AUS,0.0018826177192239277
2017-02-20,GOV,AUS,4385,1015,6.288027366020525,1684.9534777651083,1732.241961231471,1699.861117445838,0.332497149372862,0.6709236031927024,3617.7176738882554,-0.46969213226909723,-0.6680779021270968,38.884834663625995,-21.112800186678967,122.75590035261553,-24.212769728047952,129.06509837981073,-22.58261721594839,125.66886416916309,878547.0,208960.0,877740.0,GOV -> AUS,0.0024902024588548703
2017-02-27,GOV,AUS,4176,885,6.918103448275862,2242.729885057471,2289.957614942529,2268.8139367816093,0.30627394636015326,0.7377873563218391,3685.77035440613,0.31309865900383227,-1.8985326948775894,38.66139846743295,-23.6443861731371,120.12721155292998,-26.554926993006873,127.24605752833392,-25.136981702435385,124.77338130696904,984875.0,213147.0,984180.0,GOV -> AUS,0.002118235696329406
2017-03-06,GOV,AUS,2818,775,5.461674946770759,1436.1568488289568,1450.8105039034776,1469.6011355571327,0.36053938963804116,0.7721788502484032,3588.6039744499644,0.5849538679914835,-1.2433526663388288,41.4833215046132,-24.599192767025123,124.41599608207868,-26.681027885304704,127.91934864874533,-25.675403118279608,126.13604183978477,501207.0,88819.0,500127.0,GOV -> AUS,0.0016290533396460596
2017-03-13,GOV,AUS,4285,826,6.991831971995333,2037.8746791131855,2090.27747957993,2080.835005834306,0.2779463243873979,0.6487747957992999,3905.2242707117853,1.0504784130688418,-1.5815793049880476,35.283547257876315,-9.25438575779039,105.93286288928239,-18.94190574126536,119.62310085151083,-12.65740178234185,114.17375463951839,592005.0,175949.0,591910.0,GOV -> AUS,0.002276131691614699
2017-03-20,GOV,AUS,2473,724,6.53538212697129,1943.7670845127375,1970.5762232106754,1966.6587141124141,0.29397492923574603,0.7990295188030732,3769.5103113627174,1.1466235341690252,-2.1456895557051427,34.57743631217145,-22.51359497534923,125.87749844823323,-24.458240628594908,129.18673006285934,-23.47344408381266,127.29793726417404,241350.0,96667.0,241014.0,GOV -> AUS,0.0014093304170318692
2017-03-27,GOV,AUS,2540,739,6.838188976377952,1967.4409448818897,1986.7291338582677,2005.6917322834645,0.3161417322834646,0.7374015748031496,4359.81220472441,0.5059448818897639,-3.0750749090332348,38.30708661417323,-25.120374593070128,135.67713746212712,-26.531094391619675,137.7627922707492,-24.76843578565676,133.83010320588218,262787.0,66552.0,261963.0,GOV -> AUS,0.0016249697717237346
2017-04-03,GOV,AUS,2874,866,6.495476687543493,1713.8935281837162,1768.2637439109255,1758.4488517745303,0.29679888656924147,0.7279053583855254,3951.813500347947,1.1979819067501731,-2.339582520351198,36.544885177453025,-21.62910660384071,124.23652799964434,-24.08392457325749,127.30953513584632,-20.135498890469435,122.62879285384061,208784.0,71499.0,207746.0,GOV -> AUS,0.0014483426958223325
2017-04-10,GOV,AUS,2072,677,6.5164092664092665,1727.3972007722007,1761.6954633204634,1753.1708494208494,0.35666023166023164,0.7591698841698842,4100.450289575289,1.7430984555984546,-1.297033000254198,38.92857142857143,-19.85306513349633,129.60780050464547,-25.37415295745721,132.2858407657702,-21.64417250757946,130.33093199608805,329514.0,65683.0,328730.0,GOV -> AUS,0.0012209925868307229
2017-04-17,GOV,AUS,6108,996,7.04011132940406,1843.036673215455,1869.1606090373282,1862.5640144073348,0.4111001964636542,0.8623117223313687,3889.1074001309757,1.7486902423051787,-0.6731374786749449,41.97282252783235,-20.3820792530916,125.03776297493847,-26.857083145919372,136.88595438466675,-22.96813437592759,125.965629218467,2131169.0,435701.0,2102755.0,GOV -> AUS,0.003968153424871123
2017-04-24,GOV,AUS,3597,960,6.1523491798721155,1511.4153461217682,1551.0314150681122,1554.565749235474,0.5209897136502641,0.7108701695857659,3952.371420628301,1.19063108145677,-1.0626284493022058,44.214623297192105,-16.4097974711349,105.22413178907348,-20.43508138552521,113.19178439397355,-18.55331655589976,110.11796254857785,455966.0,83014.0,453868.0,GOV -> AUS,0.001995779843899722
2017-05-01,GOV,AUS,3086,796,6.639338950097213,1425.2666882696046,1451.0657809462086,1454.342514581983,0.43324692158133504,0.7141931302657162,3632.0220349967594,1.7582631237848376,0.18974552906397435,43.379779650032404,-17.61090193474714,114.06365492756932,-21.571926632952696,114.88454275791177,-16.851261119086463,104.95271175203908,533182.0,100963.0,526603.0,GOV -> AUS,0.002557826692736717
2017-05-08,GOV,AUS,2797,820,5.485162674293886,1317.5870575616732,1347.7365033964963,1350.2277440114408,0.4318913121201287,0.8376832320343225,3696.0775831247765,2.2707901322845894,-1.6324399437771555,48.46978905970683,-25.108326021842032,131.45720854058962,-26.75061311612669,133.03881810338538,-24.740860591918477,129.61913424135412,449659.0,83125.0,448383.0,GOV -> AUS,0.0016508808928096081
2017-05-15,GOV,AUS,2773,688,7.479264334655608,1670.327443202308,1712.0472412549586,1708.1961774251713,0.36242336819329246,0.8077893977641544,3954.194734944104,1.1045077533357373,-1.5464470807454436,43.63505228993869,-17.38701221615721,133.87492494032023,-25.93314860989811,138.98563186535665,-25.369856979621545,137.75485376128097,881626.0,110823.0,880937.0,GOV -> AUS,0.0015314899856681697
2017-05-22,GOV,AUS,1965,639,5.601526717557252,1514.8045801526719,1554.6005089058524,1550.5272264631044,0.43256997455470736,0.8585241730279898,4292.1888040712465,1.2460559796437658,-0.8785214839336277,46.68193384223918,-22.48040619146722,126.98504586940697,-24.308160905306973,133.115094848075,-23.12205849115505,129.29332424609794,280390.0,39898.0,279892.0,GOV -> AUS,0.0011243219737715423
2017-05-29,GOV,AUS,2559,727,6.197342711996874,1809.6342321219227,1665.8413442751075,1856.4232121922626,0.4704962876123486,0.7753028526768269,3884.7924970691674,1.1298554122704159,-0.6603130198944593,43.180930050801095,-25.46971524713327,129.83849742704606,-26.05735051403717,134.57696776986933,-25.633504219058917,133.48996105970716,538869.0,93168.0,538839.0,GOV -> AUS,0.001781976343376187
2017-06-05,GOV,AUS,3426,834,6.729422066549913,1923.4550496205488,1937.9200233508466,1954.2060712200816,0.4153531815528313,0.6733800350262698,3889.5939871570345,1.4364856976065374,-3.022325366277116,47.06946876824285,-19.961830849056607,121.7807260784197,-23.612900601415088,128.79168260318377,-20.78703994103773,121.45691515595502,1263000.0,135503.0,1261298.0,GOV -> AUS,0.002114104893171676
2017-06-12,GOV,AUS,1694,658,5.9994096812278634,1585.8807556080283,1562.3600944510035,1626.2378984651712,0.3317591499409681,0.7396694214876033,3744.5773317591497,1.0216056670602138,-0.6740962977429594,41.08028335301063,-23.280113590714727,124.10322196823456,-22.669759596823468,119.97060828283443,-22.49254218326207,121.03317300061084,60497.0,12644.0,60236.0,GOV -> AUS,0.0011500003733767447
2017-06-19,GOV,AUS,1962,689,5.319062181447503,1526.0305810397554,1566.257900101937,1574.6472986748215,0.4260958205912334,0.7584097859327217,3415.0229357798166,1.0834862385321096,-1.36435749363908,43.323139653414884,-24.094141894682515,124.93761066649462,-24.078963784202394,127.15297461125454,-24.2974307279298,126.15887975529171,104672.0,21992.0,104548.0,GOV -> AUS,0.0013328867732387314
2017-06-26,GOV,AUS,1942,613,7.764675592173018,2254.1822863027805,2263.4938208032954,2276.2049433573634,0.46807415036045313,0.7028836251287333,3934.437693099897,1.0868177136972197,-2.1340585289863445,44.49536560247168,-19.151225422915413,116.44742118416315,-23.36531587282544,125.41062584823041,-19.944926850629873,117.33081278824234,334716.0,56206.0,331112.0,GOV -> AUS,0.0015307248478733802
2017-07-03,GOV,AUS,1581,552,5.873497786211258,1591.9203036053132,1618.3061353573687,1619.2561669829222,0.407337128399747,0.6780518659076534,3513.055028462998,1.1729285262492102,-0.9823222698603883,41.40417457305503,-19.906395184713393,126.46866754140129,-26.74177726114651,134.65070845605095,-20.795961554140145,126.97847857515926,123554.0,26389.0,123306.0,GOV -> AUS,0.0011026919353533775
2017-07-10,GOV,AUS,1350,562,5.62074074074074,1580.2585185185185,1633.1659259259259,1611.8177777777778,0.36074074074074075,0.8140740740740741,3880.257777777778,1.1552592592592574,-0.6154856461253438,41.370370370370374,-16.676081098484854,105.21479176590915,-19.1090731969697,108.36895850378794,-16.928818022727274,105.266718864394,131824.0,31468.0,131680.0,GOV -> AUS,0.0010050595441943293
2017-07-17,GOV,AUS,1884,610,7.652335456475583,1630.6220806794056,1661.247346072187,1663.395966029724,0.4278131634819533,0.6597664543524416,3788.6560509554142,0.5254777070063695,-1.5632381586841988,42.839702760084926,-13.859901441835063,97.59020649972692,-23.924577793555425,124.898276747679,-20.628550857454947,116.22068654178045,169426.0,33318.0,169316.0,GOV -> AUS,0.001790750261626332
2017-07-24,GOV,AUS,2182,709,5.266727772685609,1950.4129239230065,2000.3354720439963,1995.6118240146654,0.5059578368469294,0.7795600366636114,3485.493125572869,1.9910632447296075,-1.6867252593215076,47.09440879926673,-19.902313206751074,115.2997275128924,-15.119471336146264,102.53479961744021,-18.289565714955465,108.86817670792301,405940.0,58073.0,373091.0,GOV -> AUS,0.0015082507954260324
2017-07-31,GOV,AUS,2531,740,6.295535361517187,1622.9355985776374,1668.5764519952588,1652.7664954563413,0.5586724614776768,0.7542473330699329,3813.77716317661,1.1469774792572105,-1.9234371132243553,49.38759383642829,-21.13934556931685,116.122362682381,-23.222317886536185,121.59576902117443,-21.77966261286459,118.20138043587681,519129.0,76566.0,516750.0,GOV -> AUS,0.0018969998770810037
2017-08-07,GOV,AUS,2118,760,6.494334277620396,1677.8385269121814,1716.2110481586403,1715.192162417375,0.38526912181303113,0.6770538243626062,3770.817280453258,1.3654863078375823,-0.7470526838544205,40.4957507082153,-18.63896458582979,127.19949151212552,-25.668386649548285,132.61882229196388,-20.04947723442703,130.66312677603426,116252.0,31984.0,115126.0,GOV -> AUS,0.0018003575214228095
2017-08-14,GOV,AUS,2125,588,6.887529411764706,2086.3458823529413,2116.535529411765,2132.252705882353,0.3811764705882353,0.6103529411764705,4011.5223529411765,0.6252235294117638,-1.443636695844523,43.38823529411765,-20.603794581428577,121.10109519190463,-25.621373360000003,133.41983483238087,-24.897894861428572,132.6612848757142,316568.0,64834.0,316408.0,GOV -> AUS,0.0018355613448920432
2017-08-21,GOV,AUS,1324,440,6.645015105740181,2020.656344410876,2025.1457703927492,2048.6117824773414,0.4312688821752266,0.7061933534743202,4294.080060422961,1.4454682779456207,-1.2079231145816214,45.87613293051359,-18.870406686304513,116.31672396863043,-20.45577401530222,119.61835966182095,-20.02031894032135,118.13746912624329,178108.0,25965.0,178016.0,GOV -> AUS,0.0014446247194492968
2017-08-28,GOV,AUS,1970,660,6.212690355329949,1634.8314720812182,1639.2939086294416,1658.2852791878172,0.3446700507614213,0.7974619289340101,4122.927411167513,0.7465989847715725,-1.19295199856997,43.25888324873097,-22.965536246292395,132.52786315201266,-23.669341989406796,133.5841677409957,-23.302386855932227,133.27585688453385,135054.0,39664.0,134902.0,GOV -> AUS,0.0014990678385268044
2017-09-04,GOV,AUS,2696,691,6.123145400593472,1793.9591988130564,1858.130934718101,1812.7763353115727,0.2900593471810089,0.6298219584569733,4702.507789317508,0.7925445103857558,-1.1446070545449982,35.53412462908012,-19.87619277644859,130.14290320224293,-21.569018958504675,129.5867185715886,-21.535135346168214,130.56443816971955,259530.0,93173.0,258425.0,GOV -> AUS,0.002109673274524365
2017-09-11,GOV,AUS,1993,578,6.738083291520321,1802.4074259909685,1853.8645258404415,1843.8695434019066,0.45559458103361766,0.6678374310085299,3628.0396387355745,0.46041144004013945,-0.791322282423265,47.19016557952835,-19.082699961264034,112.36438408511735,-19.439151048419994,112.31543266360865,-19.028180575433243,112.0529497421,335272.0,52539.0,323436.0,GOV -> AUS,0.001760921157030343
2017-09-18,GOV,AUS,1804,601,7.411308203991131,1900.0731707317073,1908.1607538802662,1941.159645232816,0.34478935698447893,0.6829268292682927,3490.9368070953437,1.9776607538802655,-1.0647939907540656,39.76164079822616,-16.04239034476942,123.27953893363332,-19.427076582677195,125.83218600393698,-16.87181787120362,125.35710441169856,139909.0,32916.0,139773.0,GOV -> AUS,0.0013006863932629635
2017-09-25,GOV,AUS,2208,619,6.903985507246377,2185.200634057971,2205.480525362319,2181.268115942029,0.5330615942028986,0.7875905797101449,4130.742300724638,0.8664855072463766,-1.5528691133922075,52.658514492753625,-20.70750397072493,128.71590020724912,-23.572445150092964,133.7715623387547,-22.174834720260247,130.75877310176585,451922.0,63175.0,446651.0,GOV -> AUS,0.001795102978586405
2017-10-02,GOV,AUS,2621,615,8.2602060282335,2023.1640595192675,2047.2846241892407,2040.409767264403,0.38267836703548264,0.5349103395650515,3727.67684090042,1.6697443723769552,-2.2859265101097686,44.41816100724914,-15.06290562938633,116.98561775464184,-19.38888751062157,119.45450988198264,-19.0832157285602,125.2765626723051,387379.0,86695.0,386467.0,GOV -> AUS,0.002043430499584063
2017-10-09,GOV,AUS,1714,642,6.4515752625437575,1761.7246207701285,1801.4130688448074,1799.1114352392065,0.4159859976662777,0.6569428238039673,3386.494749124854,1.2414235705950982,-0.7501277692021716,46.429404900816806,-16.452120577380956,118.11319565714275,-17.282746157142856,119.06810399107133,-17.518383969642862,119.37335101130942,145441.0,20901.0,145439.0,GOV -> AUS,0.0012585959385681819
2017-10-16,GOV,AUS,2487,756,7.76357056694813,2098.2191395255327,2115.741053478086,2118.02854845195,0.40651387213510254,0.742259750703659,3782.02372336148,1.1540812223562529,-1.2628934165629133,41.92199437072779,-15.832610491163193,111.9420853830662,-21.944881268392948,120.63301333703251,-19.563791593916992,115.59374030415128,161126.0,36152.0,155232.0,GOV -> AUS,0.0018269502712510606
2017-10-23,GOV,AUS,2003,736,6.072391412880679,1639.212181727409,1674.2616075886172,1671.7279081377933,0.32451323015476785,0.7738392411382926,3835.2825761357963,0.6246630054917626,-1.3927097274514864,39.9900149775337,-21.38940003031837,128.5129108938859,-24.738362270843893,131.61879344820625,-22.617742159676634,128.00915405053067,89768.0,23312.0,89622.0,GOV -> AUS,0.0014939488730866938
2017-10-30,GOV,AUS,2988,877,7.450468540829987,1925.574297188755,1959.9022757697458,1959.8072289156626,0.4538152610441767,0.713855421686747,3678.418340026774,1.0215194109772414,-1.7722797332789677,42.74431057563588,-14.39447655936229,117.00934277170953,-17.848006614993228,120.55652038025768,-15.26042077204886,116.80736960074611,202609.0,40206.0,202408.0,GOV -> AUS,0.0019916415045291846
2017-11-06,GOV,AUS,1252,583,6.771565495207668,1829.555910543131,1877.9376996805113,1874.9608626198083,0.4424920127795527,0.7396166134185304,4074.070287539936,1.3424121405750802,-0.8247208116910961,42.33226837060703,-15.784351851634533,116.07871063453481,-19.639263999999994,121.83166980804697,-16.976361974015088,117.03405420871755,37936.0,8382.0,37846.0,GOV -> AUS,0.0008660488113964276
2017-11-13,GOV,AUS,2000,667,8.561,2206.2955,2256.87,2255.5615,0.5575,0.583,4235.313,0.9577500000000001,0.6274471172004558,44.39,-21.612720747979818,124.83045070606072,-24.253576421717195,132.4410989348486,-22.328132427777795,127.80869419444458,558491.0,102204.0,558417.0,GOV -> AUS,0.0013589827742138455
2017-11-20,GOV,AUS,1978,701,8.066734074823053,2183.5176946410515,2237.8159757330636,2171.9115267947423,0.3619817997977755,0.6380182002022244,4358.900404448938,1.1020222446916077,-0.9755828110970665,45.409504550050556,-25.25685530213209,126.61933582579307,-26.486872996359853,130.46626763702554,-25.608506840873634,128.03615004004166,108772.0,19184.0,108565.0,GOV -> AUS,0.0017274596212863548
2017-11-27,GOV,AUS,2131,647,6.397935241670577,1708.9873298920695,1717.827780384796,1657.2979821679962,0.44298451431252933,0.7592679493195683,3697.9544814641013,2.1427498826841873,-0.852712886256436,47.315814171750354,-25.095091563601706,132.27431813101472,-26.084296787041442,134.17258833063357,-25.74928702382086,133.7184240266793,207282.0,33044.0,203537.0,GOV -> AUS,0.0014456415704375456
2017-12-04,GOV,AUS,3753,711,6.592326139088729,1940.386624034106,1977.9413802291501,1978.5736743938182,0.4838795630162537,0.6474820143884892,4210.002131628031,2.0859046096456146,0.764716776034987,55.651478816946444,-28.372681381248192,137.41458680140482,-28.482799541745344,138.36901950797065,-28.899616928938,138.80397259092118,2584695.0,339381.0,2583683.0,GOV -> AUS,0.002296547774068163
2017-12-11,GOV,AUS,1509,524,7.825049701789265,2328.1749502982107,2240.369781312127,2232.044400265076,0.39893969516235916,0.7415506958250497,4457.035785288271,1.173691186216037,-1.324878274334132,45.52683896620278,-17.178377760402686,116.13643207583902,-23.584511726174505,131.08108888120816,-19.513620087248327,122.39062078926183,155230.0,23633.0,155060.0,GOV -> AUS,0.0012041587765938347
2017-12-18,GOV,AUS,2032,570,5.44488188976378,1431.2687007874015,1417.9655511811025,1449.7893700787401,0.37893700787401574,0.8021653543307087,3205.2081692913384,1.4595472440944985,-2.0545253289491456,39.074803149606296,-13.597969827794568,112.40472421802622,-24.50860243454178,131.0781733504532,-13.109017209466277,128.50068236354468,242292.0,23539.0,239685.0,GOV -> AUS,0.001730980721542958
2017-12-25,GOV,AUS,534,217,5.228464419475656,1442.2191011235955,1464.0205992509364,1463.6348314606741,0.5299625468164794,0.7827715355805244,3452.224719101124,0.10168539325842678,-1.949653628587139,49.943820224719104,-18.172094369114873,111.30877450094162,-19.20372372316384,112.43130571186438,-18.523549868173255,110.50351291902074,43118.0,5832.0,42870.0,GOV -> AUS,0.0006635197111328419
2018-01-01,GOV,AUS,1620,504,7.148765432098766,1890.7845679012346,1936.4611111111112,1778.661111111111,0.4524691358024691,0.7141975308641976,3956.062345679012,1.251913580246913,-1.6071452315027357,43.074074074074076,-13.925372843905471,109.52051092723879,-18.557982358830838,118.95028422885574,-17.3664722300995,116.1043436573383,102026.0,18610.0,101890.0,GOV -> AUS,0.001501914941550477
2018-01-08,GOV,AUS,1212,471,6.905940594059406,1918.8044554455446,1911.8242574257426,1956.8036303630363,0.36303630363036304,0.6905940594059405,3640.8242574257424,0.7394389438943891,-2.051751800265117,41.320132013201324,-20.134604940975194,123.40139959195895,-20.110531444824638,121.41151333618483,-19.89221241146279,121.88357447048764,58597.0,11097.0,58205.0,GOV -> AUS,0.0009203907559962091
2018-01-15,GOV,AUS,2359,673,9.194997880457821,2255.194150063586,2210.581602373887,2289.919033488766,0.3348876642645189,0.5845697329376854,4065.757100466299,0.5049173378550238,-0.7183827908091972,44.480712166172104,-8.24113282489271,110.03006756695277,-18.37454171428574,124.80827127713427,-10.455758052789715,111.93089152145923,320833.0,37815.0,320592.0,GOV -> AUS,0.0016851504598624878
2018-01-22,GOV,AUS,2246,668,6.3023152270703475,1714.3762243989315,1717.4590382902938,1727.4915405164738,0.3806767586821015,0.686553873552983,3374.6558325912733,0.7895369545859318,-0.43783850241407424,41.357969723953694,-20.486023886311962,129.53934603819908,-25.376887306957737,138.37550051023183,-24.061020064120086,136.6599767671668,188462.0,27721.0,184875.0,GOV -> AUS,0.0016453947262388446
2018-01-29,GOV,AUS,2157,632,5.756606397774687,1466.9082058414465,1511.655076495132,1485.3671766342143,0.4617524339360223,0.789522484932777,3290.1316643486325,0.2907278627723686,-0.38164724950638995,41.88224385720908,-24.30853375878218,130.12769847540986,-24.47128837517563,131.53556730679162,-24.672830109133468,130.3464350154567,232442.0,48873.0,231530.0,GOV -> AUS,0.0016078153092044258
2018-02-05,GOV,AUS,2571,701,5.330221703617269,1168.6697782963827,1122.3434461299105,1179.2220925709842,0.40840140023337224,0.6962271489692726,2596.3893426682225,0.9347724620770127,-1.6479186934724037,44.58187475690393,-12.970032988386066,107.93455614457346,-20.676239259110957,124.16954837845402,-15.914672008410097,113.1133323147777,202475.0,43929.0,201853.0,GOV -> AUS,0.0019487887720659965
2018-02-12,GOV,AUS,2625,749,8.315428571428571,2026.039238095238,2075.233904761905,2069.8148571428574,0.30057142857142854,0.6872380952380952,4384.584,0.8666666666666665,-1.3918519404372858,40.76952380952381,-28.132437885780913,137.0200478737372,-29.725740505439028,138.6067605901319,-28.825604020202043,138.07430912548543,185359.0,35928.0,185131.0,GOV -> AUS,0.0018521275477337367
2018-02-19,GOV,AUS,4050,817,5.167407407407407,1127.3762962962962,1162.3071604938273,1163.0217283950617,0.2688888888888889,0.8508641975308642,2596.011111111111,1.5424197530864172,-2.2577902270096413,36.303703703703704,-14.626818391578468,96.12650227584477,-19.826112037569374,111.9510339445286,-18.007724468482145,106.909875728694,544631.0,146109.0,538474.0,GOV -> AUS,0.0026851386526040542
2018-02-26,GOV,AUS,3001,886,6.143952015994668,1418.9373542152616,1391.6697767410863,1448.1439520159947,0.2899033655448184,0.7240919693435521,3385.691102965678,1.2068310563145617,-1.5140560912419427,38.41719426857714,-16.146832249237047,114.91057636351302,-24.37499920040692,126.61631556866713,-24.21218139165819,125.83272530044063,207717.0,64740.0,207168.0,GOV -> AUS,0.0020547560653304247
2018-03-05,GOV,AUS,3353,784,7.32001192961527,1631.9734566060245,1627.1434536236206,1659.0536832687146,0.4091858037578288,0.7369519832985386,3203.990754548166,1.8222785565165525,-1.3708339689246836,44.62869072472413,-16.64912333173222,109.10890290153098,-22.698057307715406,124.92997589882913,-21.20355647883519,122.04526764905427,649187.0,100894.0,648569.0,GOV -> AUS,0.001954379547152831
2018-03-12,GOV,AUS,2280,684,6.3767543859649125,1580.061403508772,1560.9758771929824,1605.3350877192981,0.38903508771929823,0.7166666666666667,3189.7991228070177,1.416315789473684,-1.2555092724905277,41.30701754385965,-23.099369774164785,127.49053652605777,-24.579432100222693,131.71627955545637,-22.75225146948773,126.68862684677043,138196.0,28367.0,137892.0,GOV -> AUS,0.0014123418858480866
2018-03-19,GOV,AUS,2607,753,5.618718833908708,1468.6965861143076,1494.506329113924,1492.2316839278865,0.3156885308784043,0.825469888761028,3115.05945531262,1.4902186421173755,-0.885682087692665,40.893747602608364,-21.83323773936583,125.0102467324051,-25.371173323279198,123.25719235189459,-21.776715240912612,125.63283278731612,176915.0,42096.0,176529.0,GOV -> AUS,0.0017642532647482979
2018-03-26,GOV,AUS,1382,506,6.768451519536903,1587.1150506512301,1622.908104196816,1639.9153400868306,0.38060781476121563,0.7062228654124457,3190.0318379160635,1.8562952243125899,-1.6049820895174287,44.97105643994211,-12.13034248997773,113.56882273422426,-16.092543762435035,120.82156357683745,-12.323330366740905,114.78801271195255,69989.0,11775.0,69436.0,GOV -> AUS,0.000913076081965426
2018-04-02,GOV,AUS,3135,748,6.928867623604465,1595.096331738437,1449.613716108453,1626.6169059011165,0.39425837320574164,0.6414673046251994,3154.1732057416266,2.037926634768736,0.527663477787913,46.803827751196174,-19.162344423537036,121.11258724021984,-22.502773551244772,128.54376446686055,-22.251702430973182,127.7837963110248,383368.0,63077.0,374241.0,GOV -> AUS,0.002060756491547283
2018-04-09,GOV,AUS,2558,800,5.8944487881157155,1364.7806880375292,1419.6430805316654,1419.419077404222,0.32877247849882724,0.709147771696638,3161.219311962471,0.9344018764659889,-0.11250936400371257,42.26739640344019,-22.02058033241109,128.3308332367588,-22.73565840553362,128.3476009944663,-21.872474304743108,127.38976538300389,216025.0,55199.0,214760.0,GOV -> AUS,0.0012884605213782196
2018-04-16,GOV,AUS,2494,783,6.036888532477947,1398.0922213311949,1428.9021651964715,1430.5533279871693,0.35605453087409783,0.7365677626303128,3250.6371291098635,1.2650761828388128,-1.1809038660570466,38.73696872493986,-21.091678432497996,124.18958133306388,-25.706125448666143,131.63620579991917,-23.068497287793065,127.82066199191596,153437.0,36042.0,152375.0,GOV -> AUS,0.0015469477554681255
2018-04-23,GOV,AUS,3493,905,5.914972802748354,1367.0721442885772,1400.6973947895792,1430.584311480103,0.4340108789006585,0.7569424563412539,3151.466075007157,1.4208130546807891,0.48308020683659547,38.40538219295734,-18.638429333527135,124.62433501744701,-22.475557117475997,130.55150226170412,-17.527359260540823,122.0764207938354,532779.0,141858.0,483138.0,GOV -> AUS,0.0022140174624051216
2018-04-30,GOV,AUS,4694,900,5.56007669365147,1293.5134213890071,1351.6742650191734,1322.8510864933958,0.4092458457605454,0.8389433319130806,4075.262036642522,2.435832978270135,-0.8769239289819752,41.812952705581594,0.25742714147910295,99.4085145016077,-23.957952885744955,84.94882650503736,-12.283995049088988,78.75035289046077,2047277.0,415852.0,2046022.0,GOV -> AUS,0.003134139013153502
2018-05-07,GOV,AUS,2528,789,6.675632911392405,1602.6629746835442,1629.7270569620252,1634.445411392405,0.3852848101265823,0.7191455696202531,3855.1166930379745,0.950988924050632,-1.1083587589852544,44.92088607594937,-23.3467229920032,127.18527276009601,-24.804704099160347,130.97518480087973,-24.877838739304295,130.85784405477816,270123.0,40576.0,269775.0,GOV -> AUS,0.0013262808210769525
2018-05-14,GOV,AUS,2713,772,6.0423884998157025,1542.9395503133062,1577.669001105787,1573.9712495392555,0.4533726502027276,0.7405086619977884,5377.111684482124,1.9888315517876878,-0.561739801566428,45.10136380390711,-19.048611344415395,122.06485485356741,-23.621456415390355,128.8860458083675,-23.031878812850202,128.7060740395965,238818.0,42925.0,238520.0,GOV -> AUS,0.001562047485552644
2018-05-21,GOV,AUS,2271,772,5.557463672391017,1331.1721708498458,1376.2280933509467,1364.0092470277411,0.45090268604139144,0.7217084984588287,3294.211800968736,1.709379128137383,-1.400207043907447,44.78643769264641,-18.98228220825854,119.17018429667861,-22.57443842010774,123.75671522172351,-21.110831924147238,124.19689173563734,239067.0,37217.0,236126.0,GOV -> AUS,0.001431114612051989
2018-05-28,GOV,AUS,2402,673,6.991673605328892,1570.6398834304746,1565.7060782681099,1595.1736053288926,0.45503746877601997,0.6540383014154871,3254.8226477935054,1.9668193172356367,-2.0240190109373453,46.4029975020816,-21.340016822362884,131.5215551936708,-24.197441555274274,134.42458059662434,-22.327450789451493,132.00519646497878,270949.0,43960.0,270377.0,GOV -> AUS,0.0015303924991653564
2018-06-04,GOV,AUS,2718,683,5.87233259749816,1376.6552612214864,1415.7810890360558,1412.9142752023547,0.42200147167034585,0.7189109639440765,2729.7207505518763,2.254930095658567,-2.540711512273329,45.54083885209713,-13.237464399701711,113.82433481655482,-22.671506041014165,127.04433371476502,-18.02214922110366,120.5445299862043,532975.0,105148.0,527600.0,GOV -> AUS,0.0019115174199156484
2018-06-11,GOV,AUS,1940,717,5.1948453608247425,1330.0134020618557,1350.1309278350516,1337.6984536082475,0.4515463917525773,0.8268041237113402,2921.239175257732,1.7632474226804118,-0.8154584009425734,48.396907216494846,-18.053285261314674,115.03147912068967,-23.890011247844853,127.14744552101287,-22.26644623275865,124.01619794234907,132650.0,24235.0,132518.0,GOV -> AUS,0.0013366644297059201
2018-06-18,GOV,AUS,2252,589,5.658081705150977,1338.351243339254,1277.0821492007105,1372.6873889875667,0.37122557726465366,0.7606571936056838,2839.467140319716,1.7436944937833054,-1.3935948338252655,40.18650088809947,-24.6212262586129,132.1455521257272,-27.4184687619687,135.14715494093983,-23.684120255480934,126.2887430733781,255086.0,57319.0,254689.0,GOV -> AUS,0.0015692581492370075
2018-06-25,GOV,AUS,2363,636,7.300042319085907,1803.5044435040204,1716.3262801523488,1810.070672873466,0.38298772746508675,0.682606855691917,3533.4443504020314,1.4675835801946668,-1.4447886621263237,43.67329665679221,-18.991900278800863,124.92704924625264,-24.018743639400434,130.93021725353316,-20.269756808137046,124.90075168008562,280264.0,55775.0,280188.0,GOV -> AUS,0.0016019871963054637
2018-07-02,GOV,AUS,2273,700,6.364276286845579,1604.014518257809,1640.047514298284,1615.25208974923,0.3849538055433348,0.6841179058512978,3907.966124065112,0.5915970083589953,-1.775100505758339,41.55741311042675,-13.368873780542991,92.90657757330317,-19.508246382180015,112.63396075531433,-12.865462120759835,92.53965063862506,166376.0,37435.0,165983.0,GOV -> AUS,0.0018564467625299948
2018-07-09,GOV,AUS,1591,464,6.416090509113765,1464.5204274041482,1496.3192960402262,1509.2514142049026,0.32181018227529856,0.5826524198617222,3137.3689503456944,1.5145820238843488,-0.3160600133921518,42.313010685103706,-18.202281386170906,113.63974783692105,-27.996132159165015,134.32824733137625,-26.040327544683628,127.46873905414209,111969.0,28541.0,109540.0,GOV -> AUS,0.0010481192813762182
2018-07-16,GOV,AUS,3094,695,5.697478991596639,1207.4221073044603,1238.5471881060116,1232.9437621202328,0.2579185520361991,0.6948933419521655,2851.01454427925,1.3019715578539106,-1.87964509730482,41.881060116354234,-20.753419342345286,116.11504975016281,-26.08618683615631,130.12668312736142,-23.579347348208437,124.24905557003247,310661.0,68760.0,288802.0,GOV -> AUS,0.0021371639268280384
2018-07-23,GOV,AUS,3209,801,7.315051417887192,1862.469305079464,1872.9532564661888,1892.897787472733,0.35556248052352757,0.6229354939233406,3855.0221252726706,1.0432221875973844,-1.6714242099776226,41.19975070115301,-22.33804940714743,123.0746823165283,-26.620607741863424,130.84024401467758,-25.549254074345882,127.89909178430108,393065.0,75430.0,357939.0,GOV -> AUS,0.0022536014433162
2018-07-30,GOV,AUS,3827,743,7.428011497256336,1571.9401620067938,1600.5623203553698,1590.650640188137,0.48183956101384895,0.6187614319310165,3270.1518160438986,0.4780245623203544,-2.818925585171273,54.08675202508492,-17.400428496179213,124.27377590250296,-20.30837125479884,128.3615237517746,-19.219146788973887,127.08271828435733,2256225.0,256275.0,2242617.0,GOV -> AUS,0.002786409717995241
2018-08-06,GOV,AUS,3173,731,5.716041601008509,1361.9851875196975,1372.1601008509297,1398.1058934762054,0.42924676961865743,0.8241411913016073,3294.498581783801,1.2169240466435542,-1.2553378552050731,48.871730223763,-27.038447952824164,134.23826955744522,-27.374764545892194,135.58306498074435,-27.151514893774106,134.2858113035942,506427.0,85212.0,487921.0,GOV -> AUS,0.0022559593088360658
2018-08-13,GOV,AUS,2326,698,8.039982803095443,1837.4600171969046,1734.006018916595,1859.365864144454,0.3697334479793637,0.6526225279449699,3818.561478933792,0.4372312983662941,-2.014733713789982,42.467755803955285,-25.380067274382316,131.88910341699182,-26.525557947117473,134.68611099566533,-25.705914542696146,132.68560105288253,209868.0,38763.0,207071.0,GOV -> AUS,0.0017764241178213679
2018-08-20,GOV,AUS,4519,869,8.095153795087409,1933.0843106882053,1966.1591059969019,1957.6643062624476,0.41292321310024344,0.7652135428192078,4393.57313564948,0.8828280593051554,-1.375984807581654,46.47267094489931,-27.404084622980193,135.72449808191172,-28.98287954667855,140.01364864452395,-27.666202825852714,136.05081486018818,804465.0,137303.0,788470.0,GOV -> AUS,0.0029486437478508307
2018-08-27,GOV,AUS,4407,934,7.888586339913774,1817.1195824824144,1816.9605173587474,1822.975720444747,0.4141139096891309,0.685046516904924,3815.2384842296347,1.0176991150442458,-1.248676902641217,42.657136373950536,-23.606394046330266,131.48758504793565,-26.93923198944951,136.8178270963301,-26.077573165825665,134.72079361422004,668629.0,132810.0,631621.0,GOV -> AUS,0.002793636062817826
2018-09-03,GOV,AUS,4530,710,5.6359823399558495,1263.2185430463576,1303.683664459161,1301.3346578366445,0.3770419426048565,0.7682119205298014,2678.218543046358,0.6663134657836635,-1.9849263042142362,38.82119205298013,-19.631492298014766,120.36747172114511,-19.56327629224374,130.13788650138503,-20.92804900761769,126.45816514704535,1077029.0,261260.0,1037265.0,GOV -> AUS,0.0027658024704172086
2018-09-10,GOV,AUS,3791,686,6.183065154312846,1353.2181482458454,1391.1039303613823,1392.7515167501979,0.40358744394618834,0.7058823529411765,2815.1070957530997,1.718754945924557,-0.9317187183788269,40.87575837509892,-23.465406990149113,127.6002378887113,-26.55037236315231,135.5519109627261,-17.98265152502664,121.45160436022343,1048098.0,174623.0,1026950.0,GOV -> AUS,0.0024649391502689585
2018-09-17,GOV,AUS,4197,694,5.766023350011913,1300.2668572790087,1350.3485823207052,1339.487014534191,0.36406957350488445,0.7958065284727186,2961.3047414820107,0.5679294734334049,-2.5141339273673093,44.86061472480343,-27.189011316146168,132.37599827596208,-29.89950906826428,139.4488633459209,-28.758509134834128,136.8353389687725,1369243.0,234909.0,1141113.0,GOV -> AUS,0.0026375441240330732
2018-09-24,GOV,AUS,2733,740,6.441273326015367,1498.8847420417123,1531.5334796926454,1535.0779363336992,0.3340651298938895,0.7021587998536407,3140.5082327113064,1.0681668496158045,-0.6087353251209355,41.068422978412,-24.552962722711637,130.80269221447725,-27.032726609728112,135.79307039793179,-26.52429869666798,134.27353518575256,410600.0,87633.0,399377.0,GOV -> AUS,0.0017383295626062605
2018-10-01,GOV,AUS,2988,651,6.689424364123159,1565.5609103078982,1600.4210174029452,1597.9186746987953,0.27710843373493976,0.7988621151271754,2954.2466532797857,1.8795515394912974,-1.8565224814255716,35.63587684069612,-22.0121424536469,124.78322457191543,-25.49969629550101,131.40711364144502,-23.522977197341504,128.6294129706884,570881.0,168309.0,527649.0,GOV -> AUS,0.00197074615958427
2018-10-08,GOV,AUS,5240,731,6.382824427480916,1383.078244274809,1434.7580152671756,1427.91106870229,0.517557251908397,0.8219465648854962,2799.1912213740457,0.7832251908396928,-1.836896890207701,49.98091603053435,-29.667967065221568,140.74374434586602,-30.358038866871286,141.7359440128524,-30.068497201035875,140.94958882351807,3345825.0,352925.0,3164370.0,GOV -> AUS,0.0036339880522240145
2018-10-15,GOV,AUS,9342,1306,5.533504602868764,1214.5263326910726,1234.28013273389,1242.0137015628345,0.44401627060586596,0.8422179404838365,2943.892207236138,1.3074181117533736,0.9489228946584743,44.45193748661957,-18.782080314879643,121.22695788632413,-25.966022771881786,135.92519871772484,-23.911506044091848,131.21877119059118,4594390.0,448554.0,4166876.0,GOV -> AUS,0.005508004648373865
2018-10-22,GOV,AUS,5955,1000,6.674391267842149,1611.9748110831233,1586.417128463476,1642.054240134341,0.33299748110831234,0.8070528967254408,3548.095046179681,1.4969941225860617,-0.03666678098617326,39.75146935348447,-25.954739452585393,131.45749128499233,-29.01471149705227,141.53646794660597,-26.218326770422692,136.56453265066523,1492645.0,276798.0,1399222.0,GOV -> AUS,0.0037588076342613894
2018-10-29,GOV,AUS,5651,779,4.921960714917714,1122.46257299593,1161.9637232348257,1144.5614935409662,0.3024243496726243,0.8479915059281543,2633.513183507344,0.9945850291983735,-0.5509532229109024,38.88161387365068,-21.664463977517656,127.25697794314448,-27.549040038647387,135.2461176962102,-22.661253036046123,129.51506848587954,1547289.0,375115.0,1464032.0,GOV -> AUS,0.003568010021492667
2018-11-05,GOV,AUS,5451,833,6.420106402494955,1455.8077416987708,1498.6184186387818,1493.093377361952,0.34012107870115577,0.7534397358282884,3092.1504311135573,0.533204916529076,-1.165841737218612,40.36140157769216,-21.328808159741428,135.55680839556777,-23.41706185207754,139.74459244967667,-20.809724655401645,136.03636329159733,1333168.0,318926.0,1297564.0,GOV -> AUS,0.003322445431988
2018-11-12,GOV,AUS,6847,899,6.362640572513509,1288.527530305243,1292.2780779903608,1314.2682926829268,0.32379144150722944,0.7388637359427487,2629.8010807652986,1.8413465751424016,-1.6109251156157443,38.876880385570324,-14.088235196278246,125.61622142667285,-21.70122777447942,133.230446770049,-17.2630824565057,128.7656943670066,1840504.0,431661.0,1824132.0,GOV -> AUS,0.004292119913568352
2018-11-19,GOV,AUS,2518,784,6.922954725972994,1561.2049245432884,1592.5802223987291,1601.2644956314534,0.460285941223193,0.6977760127084988,3390.882049245433,0.862946783161239,-0.767520038162155,44.64257347100874,-18.86259461920129,124.71532184550225,-25.731689532472792,132.73580471359418,-22.228016395724087,128.4193105885438,143052.0,24897.0,140348.0,GOV -> AUS,0.0019017624156461121
2018-11-26,GOV,AUS,2813,814,10.920725204408106,2587.629221471738,2510.920369712051,2654.630643441166,0.3601137575542126,0.629576964095272,5652.326341983648,-0.12730181301102003,-1.7836072456687604,42.52399573409172,-19.504249444813585,126.61785864931718,-20.817277662236993,131.80067313584357,-20.625108940937615,128.89208747139176,268029.0,45479.0,267177.0,GOV -> AUS,0.00170538800759998
2018-12-03,GOV,AUS,1323,545,7.946334089191232,1965.6727135298563,1988.5653817082389,1997.5502645502645,0.3356009070294785,0.691609977324263,4181.381708238851,-1.1165532879818594,-1.88466708082063,39.50869236583522,-22.97662477332305,126.33714955358522,-23.797759811873554,128.94139834772557,-23.379205850424054,127.38758711102548,39566.0,10954.0,39108.0,GOV -> AUS,0.0009205002289074644
2018-12-10,GOV,AUS,1505,585,6.962790697674419,1894.6099667774085,1942.0897009966777,1926.9448504983388,0.46312292358803986,0.7401993355481727,4177.479069767442,1.1656478405315613,-1.4539971057018672,43.06312292358804,-17.804213287074823,117.4884578401361,-19.578989767346936,119.8994496306123,-18.723833331292514,118.22740017687082,67890.0,11805.0,67434.0,GOV -> AUS,0.0011458643433664352
2018-12-17,GOV,AUS,951,456,8.564668769716087,2205.499474237645,2222.2618296529968,2250.640378548896,0.4206098843322818,0.6519453207150369,4628.677181913775,1.0557308096740279,-1.1243163914761147,43.753943217665615,-20.534844609391673,120.44155219743867,-23.78319823265742,128.93992238207048,-23.00775237353255,126.00438597865528,18830.0,3485.0,18646.0,GOV -> AUS,0.0007410899711278829
2018-12-24,GOV,AUS,689,204,11.725689404934688,2927.7750362844704,2987.500725689405,2989.7634252539915,0.3033381712626996,0.795355587808418,5404.464441219158,-4.480116110304789,-2.701551910394274,42.177068214804066,-25.893924931851853,121.86076222666668,-26.214388051851863,135.3740783185185,-26.144287770370376,121.95073481185185,175767.0,66474.0,169953.0,GOV -> AUS,0.000793564868457121
2018-12-31,GOV,AUS,723,261,19.02213001383126,5069.282157676348,5091.482710926694,5118.803596127247,0.5242047026279392,0.5491009681881052,7598.428769017981,-1.191424619640387,-2.937598501824207,53.1673582295989,-23.438808983169707,102.87608772089767,-25.102968812061718,132.0922057685835,-25.309366848527365,105.21579899438996,43873.0,4457.0,35471.0,GOV -> AUS,0.0007412974448307575
2019-01-07,GOV,AUS,1203,426,14.088113050706568,3495.545303408146,3495.2294264339153,3531.194513715711,0.4679966749792186,0.5561097256857855,5576.3424771404825,0.7532003325020781,-2.4389330533490123,49.23524522028263,-21.39138715582192,112.2291720316781,-26.520438030821918,133.73161519948638,-24.956278748287673,117.48354742037671,70108.0,10371.0,63618.0,GOV -> AUS,0.0009764856096216707
2019-01-14,GOV,AUS,1496,545,14.434491978609625,3729.428475935829,3791.898395721925,3771.9926470588234,0.48128342245989303,0.6570855614973262,6982.469251336898,-0.032620320855614705,-1.6526231455114833,48.856951871657756,-23.832753885190222,111.40023628872287,-22.216249776494564,123.6846465489131,-24.00108642595109,112.18199528125005,100280.0,11179.0,84039.0,GOV -> AUS,0.001105407556229112
2019-01-21,GOV,AUS,1760,640,6.76875,1680.3210227272727,1684.8090909090909,1712.728409090909,0.3880681818181818,0.7085227272727272,3708.7568181818183,1.7451704545454592,-1.3311437790255496,44.50568181818182,-20.074268948850584,127.33419715344832,-29.336317287931003,139.81046666896552,-21.091669483333344,128.42887630689657,281942.0,45538.0,281729.0,GOV -> AUS,0.001424673235813371
2019-01-28,GOV,AUS,1380,557,9.944202898550724,2529.3644927536234,2544.6094202898553,2557.7021739130437,0.3644927536231884,0.5152173913043478,4815.91231884058,1.3267391304347824,-2.519383168566497,42.710144927536234,-21.78141539344262,111.41495880476904,-26.339169172876307,126.17629926154997,-24.56132155365127,122.32704975409837,37449.0,6445.0,36005.0,GOV -> AUS,0.0011179855520620757
2019-02-04,GOV,AUS,2102,652,7.98430066603235,2336.3568030447195,2288.9852521408184,2380.754519505233,0.35727878211227404,0.6008563273073264,4297.592768791627,1.0591817316841106,-2.9509797884164723,42.31684110371075,-21.472817990098996,132.72344632920792,-23.089954714851476,135.6168341910891,-22.477133655445535,134.73598376386138,140281.0,29795.0,138321.0,GOV -> AUS,0.0016425442400771417
2019-02-11,GOV,AUS,2644,625,14.501512859304084,2936.004916792738,2991.877080181543,2985.0968229954615,0.5313918305597579,0.5661875945537065,5141.304841149773,0.24300302571860796,-4.32978593950152,49.66717095310136,-21.880749032332535,135.1470151066204,-23.136298851039236,137.1939325565819,-22.206525932255552,135.77325338144718,731376.0,115436.0,681172.0,GOV -> AUS,0.0018585871082662138
2019-02-18,GOV,AUS,1599,626,6.200125078173858,1671.0569105691056,1640.2351469668542,1710.6466541588493,0.4978111319574734,0.7529706066291432,3777.944965603502,1.072545340838024,-1.5445143288189935,45.65978736710444,-22.68773073464219,126.7513068638379,-25.060007659911353,131.46495900823308,-23.046711455351506,127.60037386890437,103350.0,26724.0,103216.0,GOV -> AUS,0.001249235341406878
2019-02-25,GOV,AUS,1324,520,7.893504531722054,2124.415407854985,2083.9962235649546,2120.892749244713,0.3723564954682779,0.6419939577039275,4551.527190332326,1.420770392749245,-1.4571619231808361,41.170694864048336,-21.662272778996865,121.6865785415361,-24.941762669014082,128.42682435289518,-24.43507676682316,127.6561727613459,51521.0,9215.0,51198.0,GOV -> AUS,0.0009212517612677649
2019-03-04,GOV,AUS,1292,538,7.034829721362229,1885.5859133126935,1866.6764705882354,1906.3637770897833,0.4775541795665635,0.6594427244582043,4960.1153250774,0.5404798761609911,-2.2948866104554004,41.68730650154799,-10.957510031496062,94.28875045669297,-11.418263870078741,99.45359850551185,-10.878382337007874,93.58615685354333,40109.0,9684.0,39164.0,GOV -> AUS,0.0009807791576837822
2019-03-11,GOV,AUS,1291,586,7.549961270333075,1885.8621223857474,1926.7482571649884,1934.286599535244,0.3981409759876065,0.6816421378776143,4261.024786986832,0.49635941130906286,-2.0456535846881536,43.981409759876065,-23.17280624302789,130.59809238725106,-26.13401708924302,134.29643399840643,-23.37428669721115,130.77620690278889,42138.0,7497.0,41712.0,GOV -> AUS,0.0009504765635008164
2019-03-18,GOV,AUS,1656,580,8.708937198067632,1922.6092995169083,1975.1376811594203,1965.519927536232,0.4384057971014493,0.6443236714975845,4338.021135265701,0.13055555555555523,-3.062083489342272,42.421497584541065,-17.833471046200614,114.93471791185418,-19.45138505045593,116.52731357082075,-17.90507324620061,115.06242160182377,142024.0,20038.0,141557.0,GOV -> AUS,0.0012272120942641174
2019-03-25,GOV,AUS,1128,527,6.999113475177305,1687.4219858156027,1722.4583333333333,1750.5948581560283,0.4015957446808511,0.6622340425531915,3560.8590425531916,1.1782801418439715,-1.2644591138778432,43.58156028368794,-19.11012713496377,115.36621813586962,-20.694297418478264,118.70078290760875,-19.76870433876812,117.01334833152181,29475.0,5965.0,29347.0,GOV -> AUS,0.0007525599045689993
2019-04-01,GOV,AUS,1798,643,6.521134593993326,1633.8164627363738,1685.6579532814237,1667.428809788654,0.5050055617352615,0.7547274749721913,3671.451612903226,1.6000556173526133,-0.8481928534795568,47.96440489432703,-22.018733051123604,125.03494630056178,-24.81926313138686,129.96969981639523,-24.027081047191015,126.67573751629213,214247.0,31398.0,207897.0,GOV -> AUS,0.0014128156047762282
2019-04-08,GOV,AUS,2203,620,8.646391284611893,2207.655015887426,2238.552882433046,2252.3513390830685,0.4049024058102587,0.7090331366318656,4457.046754425783,0.8181116659101222,-2.030765196580078,39.9682251475261,-24.114416296939247,129.44903671082693,-25.005257800365474,132.5372357907721,-24.42360459890362,131.73803510461406,155156.0,34846.0,153828.0,GOV -> AUS,0.0016044081532774206
2019-04-15,GOV,AUS,1128,410,6.330673758865248,1656.7349290780141,1689.2748226950355,1683.0833333333333,0.39361702127659576,0.7943262411347518,4294.356382978724,1.2107269503546099,-1.2352877064012684,38.333333333333336,-1.731771830868785,89.03939636414054,-7.12243584842882,74.15069939186692,-6.073230795748614,84.85943222088727,148003.0,46422.0,147917.0,GOV -> AUS,0.0009002624169172716
2019-04-22,GOV,AUS,1249,545,7.935148118494796,1903.6244995996797,1923.2313851080864,1943.927942353883,0.3963170536429143,0.622898318654924,4571.390712570056,0.17630104083266634,-2.1380408940838254,41.24099279423539,-16.195497817666137,117.69187817990276,-23.14613644201136,126.97750080291974,-20.108535126418158,122.30016723905997,41493.0,7361.0,41160.0,GOV -> AUS,0.001001877819034716
2019-04-29,GOV,AUS,1296,471,5.908179012345679,1503.4560185185185,1545.5293209876543,1557.4899691358025,0.2908950617283951,0.7060185185185185,3210.6643518518517,0.03418209876543228,-1.8245901112196712,38.50308641975309,-20.26449691192515,118.18160874824613,-23.906471893219003,123.81320912782529,-21.844659235385794,120.44875014107545,123071.0,34909.0,100731.0,GOV -> AUS,0.0010050983926181106
2019-05-06,GOV,AUS,1146,480,9.529668411867364,2638.3141361256544,2665.80890052356,2673.6169284467715,0.37347294938917974,0.5636998254799301,4776.474694589878,1.4412739965095989,-0.038751401740141134,39.40663176265271,-12.31064471719858,111.5443020026596,-21.651085679078015,128.5567466019504,-19.603166999113473,125.82137048049651,42486.0,8345.0,41871.0,GOV -> AUS,0.0008039498773029375
2019-05-13,GOV,AUS,2030,572,8.265024630541872,2197.3556650246305,2184.6665024630543,2228.4502463054187,0.4379310344827586,0.7098522167487685,4396.953201970443,1.0884729064039393,-1.9736779456548987,43.783251231527096,-21.22898564794383,126.10014605967893,-24.794671750752258,131.93271829538608,-23.989764282848544,129.67871488164485,271555.0,64068.0,265705.0,GOV -> AUS,0.0015286190621056088
2019-05-20,GOV,AUS,1630,504,7.5625766871165645,1862.396319018405,1857.5269938650306,1874.0852760736195,0.47607361963190187,0.6711656441717792,3601.1159509202453,1.3828220858895706,-1.7011274979802098,41.02453987730061,-17.022042418444162,119.70998558030118,-19.317827676286072,123.77448142471778,-18.790740494981172,123.17396410978678,243220.0,47417.0,242122.0,GOV -> AUS,0.0012498936056823385
2019-05-27,GOV,AUS,1101,492,8.129881925522252,2073.784741144414,1786.2397820163487,2091.128973660309,0.36603088101725706,0.6003633060853769,4055.591280653951,0.3267938237965483,-1.2208369609227858,39.473206176203455,-19.8387643830571,119.1203168176796,-22.193760899631688,121.44208280662988,-20.686447877532242,118.85296871915293,25491.0,5814.0,25389.0,GOV -> AUS,0.0008716435587441049
2019-06-03,GOV,AUS,1404,500,6.539173789173789,1464.0021367521367,1498.2749287749289,1508.252849002849,0.4180911680911681,0.7264957264957265,3731.9009971509972,1.5930199430199437,-1.1269594485463574,38.425925925925924,-16.544782744219653,113.80500054841042,-15.146431932031813,106.0799568336949,-15.861120924855491,110.83506551517343,57564.0,18392.0,57115.0,GOV -> AUS,0.0010226259636283118
2019-06-10,GOV,AUS,1105,484,9.48235294117647,2249.6633484162894,2293.502262443439,2278.9719457013575,0.3945701357466063,0.465158371040724,4058.50407239819,2.093484162895927,-1.52898589194258,40.56108597285068,-10.334559830430791,108.08914276901922,-17.68369573693859,120.51568984326306,-11.179317149404215,109.47132724014664,28026.0,6816.0,27838.0,GOV -> AUS,0.0009058527927728523
2019-06-17,GOV,AUS,759,394,7.463768115942029,1922.7536231884058,1899.7154150197628,1948.9130434782608,0.4453227931488801,0.6561264822134387,4334.683794466403,1.467457180500659,-1.0880069613135908,44.70355731225296,-16.188541289508635,122.88053000265607,-22.199416245683928,127.98168521513942,-19.1477069123506,124.23925373837983,23160.0,4453.0,23056.0,GOV -> AUS,0.0005681767141869009
2019-06-24,GOV,AUS,1327,529,8.352675207234363,1892.6458176337603,1920.7829691032405,1906.6525998492841,0.426525998492841,0.6503391107761869,3441.4544084400904,1.7834966088922384,-1.0209614185846123,39.449886963074604,-9.790489200769231,105.44104083461542,-19.480511520769227,116.87079998769234,-13.494879408461538,110.78490539692311,48108.0,10254.0,48017.0,GOV -> AUS,0.0008822017948518506
2019-07-01,GOV,AUS,1071,432,7.372549019607843,1883.2857142857142,1910.2100840336134,1897.3548085901027,0.5452847805788982,0.6993464052287581,3919.3510737628385,2.190569561157796,-0.6784019267446679,54.024276377217554,-19.60780393939394,124.27099543939397,-26.426024921327016,131.99253886635077,-24.79283249242425,129.89357889393943,186674.0,20882.0,186291.0,GOV -> AUS,0.0009913802679226002
2019-07-08,GOV,AUS,999,494,6.656656656656657,1719.3843843843845,1750.5955955955956,1753.2812812812813,0.46546546546546547,0.6436436436436437,3750.4094094094094,0.8437437437437438,-1.0833193246117436,47.387387387387385,-15.633410677521008,113.62730926260504,-17.54922078571428,117.47058157773111,-16.74603121953781,115.3099676512605,38532.0,7461.0,38162.0,GOV -> AUS,0.0008261339494743423
2019-07-15,GOV,AUS,1200,420,5.439166666666667,1324.6766666666667,1397.5641666666668,1364.3466666666666,0.6008333333333333,0.7483333333333333,3097.1425,1.602416666666667,-2.2307272601272974,57.0,-20.588434202046017,129.0634773000853,-22.86329441858481,131.0274644467179,-21.83549474254048,130.37865467689693,912049.0,3671.0,911504.0,GOV -> AUS,0.0010168000793104061
2019-07-22,GOV,AUS,1510,493,7.093377483443708,1615.4867549668875,1308.4940397350992,1649.905298013245,0.34172185430463575,0.7649006622516556,3175.6258278145697,0.8156291390728477,-0.5723607765967884,40.52317880794702,-20.58202418750002,124.19160767527174,-24.0704963050272,128.80120156046198,-21.599566736413067,125.56103681589678,103852.0,20046.0,103380.0,GOV -> AUS,0.001232586652474234
2019-07-29,GOV,AUS,1279,521,7.010164190774042,1770.3424550430022,1810.1250977326035,1808.2353401094606,0.39483971853010164,0.7310398749022674,3774.4448788115715,1.3774824081313533,-1.4291591303611717,43.38545738858483,-18.34135666826539,125.61193926938454,-23.2241543197442,127.88424645323748,-19.40604190007993,126.43346718864913,53199.0,9607.0,52237.0,GOV -> AUS,0.0010074991335034817
2019-08-05,GOV,AUS,1053,418,6.055080721747388,1391.3760683760684,1426.1234567901236,1423.1253561253561,0.5432098765432098,0.7511870845204178,3668.9211775878443,2.6477682811016154,-1.2627821590437442,50.541310541310544,-18.291271945086745,121.68231576396911,-22.563151434489416,128.92618024662806,-20.046102087668626,124.61178435741802,179065.0,22412.0,178844.0,GOV -> AUS,0.0008077829464976127
2019-08-12,GOV,AUS,1041,461,8.346781940441883,1978.4937560038425,1994.6003842459174,2014.16618635927,0.3659942363112392,0.505283381364073,4089.7243035542747,0.5428434197886647,-2.996122849576747,40.47070124879923,-21.89215895294118,124.5152974196078,-24.031260406862746,127.3517700754902,-22.237815166666664,122.88053003431374,31128.0,7652.0,31054.0,GOV -> AUS,0.0009235633754333917
2019-08-19,GOV,AUS,1380,527,8.159420289855072,1924.9840579710144,1965.7463768115942,1957.322463768116,0.5369565217391304,0.6442028985507247,4396.860144927537,1.718188405797101,-2.2644741868632265,52.0,-22.986934335787957,129.67483617820332,-27.010118094992674,135.2070123092784,-24.142524608983837,131.7478329874817,249200.0,30850.0,248892.0,GOV -> AUS,0.0011169133048655334
2019-08-26,GOV,AUS,1606,468,8.601494396014944,1923.8181818181818,1982.3673723536738,1970.2291407222915,0.40971357409713577,0.537359900373599,4273.085305105853,0.9363013698630137,-1.4707642312917266,42.89539227895392,-4.447577722791299,103.89661100512164,-20.259213718950072,129.0688547541613,-16.00054175416134,124.7991987259923,451169.0,57237.0,327663.0,GOV -> AUS,0.0013972823467383114
2019-09-02,GOV,AUS,1469,498,9.466984343090537,2960.283185840708,2991.734513274336,2984.1061946902655,0.3886997957794418,0.6092579986385296,6784.310415248468,0.029067392784208095,-2.7577368015399744,39.877467665078285,-8.075337517955793,94.78548213950282,-18.06301201381215,118.24489889226528,-15.984543730662972,115.90978908908848,108621.0,28937.0,108384.0,GOV -> AUS,0.0013002738629906121
2019-09-09,GOV,AUS,1410,506,6.30354609929078,1535.7056737588653,1603.1326241134752,1568.8106382978724,0.3354609929078014,0.7198581560283688,3617.8893617021276,0.4386524822695037,-2.3862512166552983,52.695035460992905,-16.609952030129122,111.33012791822091,-18.990703365853655,114.35541553156379,-18.54294512769009,113.47288446915343,488676.0,7565.0,488317.0,GOV -> AUS,0.0012100729562425604
2019-09-16,GOV,AUS,1526,620,6.855176933158584,1583.4659239842726,1597.2555701179554,1614.6048492791613,0.4076015727391874,0.7051114023591087,3489.8879423328963,1.017889908256881,-1.5788442799295461,40.92398427260812,-8.625576376408217,85.32329635520216,-16.13021588137839,104.50138976408226,-12.048189495029819,95.76330680384366,76362.0,13958.0,76095.0,GOV -> AUS,0.0011671636927957853
2019-09-23,GOV,AUS,1464,529,5.562841530054645,1313.97131147541,1387.1181693989072,1364.2062841530055,0.6010928961748634,0.8128415300546448,2988.627732240437,1.9157786885245944,0.10249148623337394,54.07103825136612,-21.281301144050087,103.88469116283936,-22.62252788997214,110.41331809610038,-20.810301282533043,105.4730334126654,423925.0,58140.0,423649.0,GOV -> AUS,0.0010316673971961761
2019-09-30,GOV,AUS,2214,631,5.967931345980126,1323.148148148148,1358.3432700993676,1353.4751580849143,0.3956639566395664,0.7669376693766937,3689.088527551942,0.8925474254742543,-1.914391607128149,42.028003613369464,2.187530919744645,78.21167261012319,-6.5073539069767525,94.69845593388057,-4.819811402644773,92.26980412175108,574479.0,21632.0,573918.0,GOV -> AUS,0.0017887584529743966
2019-10-07,GOV,AUS,1403,498,6.258018531717748,1388.4326443335708,1298.7241625089096,1436.1275837491091,0.4668567355666429,0.7049180327868853,3330.601568068425,0.4493941553813244,-2.203894989608862,47.76193870277976,-0.554304810181826,99.58713361745448,-16.834156669818196,116.54596717527272,-10.259689029090914,110.62699504218179,129000.0,21588.0,124010.0,GOV -> AUS,0.0010645433465661458
2019-10-14,GOV,AUS,1004,425,6.749003984063745,1834.5009960159362,1880.343625498008,1877.5268924302788,0.3605577689243028,0.6772908366533864,4257.0139442231075,1.1711155378486058,-2.130780311127939,42.5,-15.908798395136776,122.49717106585616,-24.80039354913881,134.5613174954408,-20.88831984093212,129.58420858966568,38695.0,7808.0,38269.0,GOV -> AUS,0.0007289682847971632
2019-10-21,GOV,AUS,1081,429,7.654949121184089,1820.6475485661424,1858.8427382053653,1839.9195189639222,0.42738205365402404,0.6438482886216467,3851.7937095282145,1.1553191489361705,-2.091872468734272,47.65032377428307,-19.65192157343312,122.23659353133775,-21.83557368381666,125.16373489990652,-20.109936260056134,122.51640279232933,61197.0,10849.0,60962.0,GOV -> AUS,0.0008864637558509888
2019-10-28,GOV,AUS,1292,488,6.897058823529412,1751.1772445820434,1792.6292569659443,1774.5294117647059,0.3382352941176471,0.6857585139318886,3513.3010835913315,0.60061919504644,-2.2073258403224774,42.8405572755418,-20.74588915078126,123.29304495625001,-23.730768375781267,129.48214748437505,-21.746406689843763,124.67610777109378,43157.0,8831.0,42263.0,GOV -> AUS,0.001185042778943661
2019-11-04,GOV,AUS,1993,592,8.081284495735073,1925.3020572002008,1941.1113898645258,1929.368790767687,0.4862017059708981,0.6869041645760161,4558.064224786754,-1.797892624184646,-4.43197912337313,44.83692925238334,-21.93913132643797,132.03906047527738,-24.16955474217962,135.43263099344082,-22.750557798688202,132.69398264127128,632640.0,92675.0,628746.0,GOV -> AUS,0.0017999028251159145
2019-11-11,GOV,AUS,3054,844,7.471512770137524,1738.5370006548787,1741.0193189259987,1775.012115258677,0.4201047806155861,0.7056319580877538,4181.864440078585,-1.223215455140799,-4.39598767910992,43.78519973804846,-24.683637576567666,136.33477307656756,-26.344023506600674,139.69413271485135,-25.64851477953796,137.52336338151804,382791.0,82376.0,377802.0,GOV -> AUS,0.002603711525132125
2019-11-18,GOV,AUS,2378,670,6.392767031118587,1581.0832632464255,1551.3999158957106,1623.0100925147183,0.5542472666105971,0.7258200168208578,4034.2270815811607,-0.23355761143818232,-2.527684705289714,38.8645920941968,-11.15696237931035,89.78952450319292,-24.213129066411263,129.71070370072368,-8.298261937420174,98.93103634482765,200508.0,97301.0,200273.0,GOV -> AUS,0.0018585137985661776
2019-11-25,GOV,AUS,1598,567,7.444305381727159,1837.9962453066332,1880.200250312891,1874.6814768460576,0.3197747183979975,0.5994993742177722,3568.453066332916,-0.050750938673341836,-1.5387449459120517,40.500625782227786,-22.26771086306532,129.4412871972362,-24.772068625,133.27973672550252,-23.677884470477387,131.51202090829148,104096.0,29210.0,103916.0,GOV -> AUS,0.0017197977999933273
2019-12-02,GOV,AUS,2049,580,6.357247437774524,1506.9258174719375,1515.581747193753,1525.6442166910688,0.4055636896046852,0.7101024890190337,3625.275256222548,-1.3910200097608594,-2.384080818155575,38.21376281112738,-8.547089536381517,101.92428062536877,-18.44491979646018,120.15482981366769,-12.804906555555558,109.73101368534911,203520.0,64279.0,203250.0,GOV -> AUS,0.0017197821105730089
2019-12-09,GOV,AUS,1627,529,8.036877688998157,1887.9151813153042,1913.379840196681,1913.8506453595576,0.47203441917639827,0.6324523663183774,4210.535341118623,0.24947756607252633,-2.5321591911365746,47.154271665642284,-19.229152088819873,120.57909918198769,-22.546734340372677,127.10639157267087,-21.922732430434788,124.80422946459636,96865.0,17467.0,96625.0,GOV -> AUS,0.001499304256475944
2019-12-16,GOV,AUS,3996,872,7.3506006006006,1680.0022522522522,1697.2447447447448,1701.822822822823,0.5530530530530531,0.8013013013013013,3887.973973973974,-2.940465465465463,-4.1759496713174,54.97997997997998,-23.04533252845323,106.66694912409085,-24.53531383805462,112.33741285760799,-24.601901436450213,112.22802922035552,3172842.0,317859.0,2717898.0,GOV -> AUS,0.003659742828882295
2019-12-23,GOV,AUS,2480,551,7.313709677419355,1673.4100806451613,1706.0818548387097,1700.870564516129,0.3870967741935484,0.7169354838709677,4147.578225806452,-2.791209677419358,-2.5489348930500717,48.189516129032256,-28.003615242203367,124.47739676022634,-28.269844724584917,127.47567596881309,-28.984335803969284,129.1015998517616,612607.0,106866.0,609931.0,GOV -> AUS,0.00350968560009963
2019-12-30,GOV,AUS,5843,1164,8.947629642307033,2165.4550744480575,2151.987506417936,2196.504706486394,0.4009926407667294,0.6933082320725654,4629.625705972959,-1.6309943522163273,-4.575149229629727,47.12305322608249,-28.54643801274993,131.01337711629932,-31.23461888421788,137.4943270468644,-26.475655726051123,126.36369505806363,1651087.0,295354.0,1571789.0,GOV -> AUS,0.005877441809000745
2020-01-06,GOV,AUS,7541,1465,11.841798170003978,2515.6240551650976,2526.0545020554305,2549.834372099191,0.41625779074393315,0.6597268266808116,5064.680678955046,-0.6244264686381121,-3.9353768036621926,48.197851743800555,-20.385649017757054,115.77159745794404,-27.60923975060086,131.4896042188252,-21.374350763150915,117.77451246515373,2419737.0,524573.0,2398487.0,GOV -> AUS,0.004924667155585131
2020-01-13,GOV,AUS,2978,799,14.48757555406313,3541.6719274680995,3544.6282740094025,3574.8438549361986,0.4294828744123573,0.4650772330423103,5284.672263263936,1.625621222296848,-2.024218059143833,45.62122229684352,-2.5485157548125756,87.95716391489368,-11.406491193853446,107.01780894697738,-4.062114268828112,90.65169864539017,837364.0,144549.0,835927.0,GOV -> AUS,0.002477063457075601
2020-01-20,GOV,AUS,2801,714,9.657265262406284,2543.434844698322,2542.5715815780077,2574.4994644769727,0.46519100321313817,0.5248125669403785,5156.049625133881,0.034344876829702435,-2.331858127532543,46.387004641199574,-11.904307836206907,93.84888092923829,-13.067027394396565,91.09383489978426,-11.026422661637953,93.61362112356302,510488.0,101632.0,508565.0,GOV -> AUS,0.0022696904356168802
2020-01-27,GOV,AUS,1656,646,7.936594202898551,1921.2355072463768,1973.7028985507247,1957.762077294686,0.4335748792270531,0.5362318840579711,4719.445048309179,0.40018115942028987,-2.368190951283742,41.57608695652174,-13.216063374013373,128.3232010267154,-17.30704116332727,116.78755309350345,-13.021772262902266,128.03939778809973,133352.0,35439.0,133128.0,GOV -> AUS,0.0011541589798238234
2020-02-03,GOV,AUS,1842,689,5.697068403908795,1378.443539630836,1399.4467969598263,1413.6970684039088,0.4723127035830619,0.7236699239956569,3374.786102062975,-0.0789359391965257,-1.9155681069148742,46.813246471226925,-16.316660542635656,113.40533114507211,-22.869277782392036,128.94862933222606,-20.354344130675532,123.4086348482836,117374.0,20226.0,116461.0,GOV -> AUS,0.001446087321064358
2020-02-10,GOV,AUS,1907,622,7.690089145254326,1893.858940744625,1910.696381751442,1920.143156790771,0.5102254850550603,0.7110644992134242,3603.746722600944,0.07042475091767135,-1.5902188552873686,44.43628736234924,-17.180827381481468,121.8599302507937,-22.144064683597904,129.00261352433856,-20.51560907195768,126.51268000582002,160118.0,34470.0,159994.0,GOV -> AUS,0.0016618287436243552
2020-02-17,GOV,AUS,1411,637,7.498228206945429,1901.669029057406,1942.9404677533664,1940.1963146704466,0.4160170092133239,0.7200566973777462,3822.3699503897947,1.156980864635011,-1.2854304655225133,46.20836286321757,-20.830969383043147,125.2334898796367,-22.697868074943223,129.1328836813021,-20.445323752460265,127.31882571309617,57228.0,8764.0,56935.0,GOV -> AUS,0.0012887209969275283
2020-02-24,GOV,AUS,1616,587,8.370668316831683,2129.043316831683,2175.664603960396,2161.0767326732675,0.37004950495049505,0.5303217821782178,4266.892945544554,0.2988242574257429,-2.296383043440312,41.90594059405941,-18.316440447994985,124.44616388596499,-20.38761795989975,127.13036050062667,-18.035362568295735,123.10492326566424,75762.0,15512.0,75350.0,GOV -> AUS,0.0014085808373734152
2020-03-02,GOV,AUS,1720,589,7.681395348837209,2043.6726744186046,2054.952325581395,2083.1976744186045,0.44476744186046513,0.6412790697674419,4126.226744186047,1.4025581395348836,-1.9151957667350485,42.156976744186046,-18.96006284459057,122.53406041004187,-24.861890283323383,134.73816024387335,-21.991079278541555,129.31843267184703,85884.0,19517.0,85106.0,GOV -> AUS,0.0014214476618012385
2020-03-09,GOV,AUS,1878,572,7.017571884984026,1655.4632587859426,1679.622470713525,1640.8301384451545,0.38072417465388714,0.7577209797657082,3890.4350372736953,1.6682108626198082,-1.7835804221481237,42.215122470713524,-17.538708299561886,113.43861697371317,-19.94058094797372,118.2311088915664,-19.000551373493987,117.42211914238784,110155.0,26840.0,108782.0,GOV -> AUS,0.0017499736758485927
2020-03-16,GOV,AUS,2962,700,7.080351114112086,1765.1701553004727,1798.5901417960838,1772.8730587440918,0.5418636056718433,0.7434166103983795,5214.478730587441,0.5787643484132342,-2.3616001227742003,51.91424713031736,-24.88566721031067,132.74958564492982,-26.14900298053941,135.4556201696823,-25.430450665073373,133.25934026049828,258576.0,36816.0,245762.0,GOV -> AUS,0.0028851145815171494
2020-03-23,GOV,AUS,3497,855,8.956534172147554,2348.8347154704034,2329.2118959107806,2349.9453817557905,0.4852730912210466,0.701458392908207,5161.530168716043,1.3212753788961946,-1.3890179539382947,47.14326565627681,-16.39173620510591,111.60298298317355,-21.22264946475196,122.34124921496937,-20.2063763829417,121.28518203307205,333897.0,59675.0,332682.0,GOV -> AUS,0.003556051796126476
2020-03-30,GOV,AUS,2431,631,11.157136980666392,3046.390785684903,3079.0740436034553,3064.397367338544,0.5166598107774578,0.6400658165364048,6503.669271904566,1.14841628959276,-1.6931465602028144,51.25874125874126,-22.768759038593487,126.70827137006853,-22.555067963121797,128.44467943481982,-21.620699268867934,127.22703517066888,208582.0,30380.0,198340.0,GOV -> AUS,0.0026221749058616558
2020-04-06,GOV,AUS,2667,651,9.305961754780652,2419.02174728159,2446.7589051368577,2441.9797525309336,0.4394450693663292,0.7304086989126359,4941.333333333333,1.539295088113982,-2.337015203928602,39.34008248968879,-26.596450340384568,134.65400542269262,-27.65270856576918,138.01768296115412,-27.707488157692257,137.53905764076947,305964.0,90883.0,305443.0,GOV -> AUS,0.003118240596756656
2020-04-13,GOV,AUS,2214,616,10.772809394760614,2925.318428184282,2977.4399277326106,2980.956187895212,0.500903342366757,0.5311653116531165,6623.257452574526,1.35144534778681,-2.192340901034848,47.452574525745256,-24.237350313186784,125.30307844459682,-25.93699886584245,126.949440730769,-24.933292279761876,125.62611548626352,336421.0,42962.0,330494.0,GOV -> AUS,0.0026241928295768105
2020-04-20,GOV,AUS,2591,662,8.349285989965264,2262.9038981088383,2304.140100347356,2292.6812041682747,0.4465457352373601,0.6406792744114241,5088.216518718641,1.8426862215360849,-1.514322035095778,41.72520262446932,-19.064488846664066,120.45844096371437,-21.48619973897777,122.61479717908698,-20.446963033944606,120.91912149434253,231227.0,52928.0,230410.0,GOV -> AUS,0.0030024844950819977
2020-04-27,GOV,AUS,2295,688,10.715468409586057,2751.3185185185184,2795.098474945534,2755.6348583877993,0.5185185185185185,0.5568627450980392,5137.61394335512,1.241873638344225,-1.4194616080701032,50.27886710239651,-18.020708578034682,127.81165955402389,-26.38241543619386,136.79683868608257,-24.325272286794135,133.40605187638934,174938.0,29111.0,174436.0,GOV -> AUS,0.0027164649735810465
2020-05-04,GOV,AUS,1897,638,8.556668423827096,2071.0411175540326,2110.4090669478123,2114.510279388508,0.47337901950448075,0.6404849762783342,4801.173431734317,1.1519240906694785,-1.1720383884863643,46.15709014232999,-20.33199979626579,123.68146047775954,-24.069056921471727,128.7677497506865,-23.387093673256462,128.41305306370134,103635.0,19377.0,103321.0,GOV -> AUS,0.002143238855327423
2020-05-11,GOV,AUS,2093,641,7.577639751552795,1949.9254658385094,1973.76254180602,1984.5666507405638,0.5422838031533683,0.6846631629240325,4609.918776875299,1.1811753463927368,-1.919021076534255,53.58337314859054,-19.579370052342977,125.95030420338968,-22.972250511465596,128.47928550947145,-19.857159459621137,126.1354070947157,181054.0,25175.0,180660.0,GOV -> AUS,0.002389173948529454
2020-05-18,GOV,AUS,2124,546,8.282956685499059,1995.3323917137477,2042.2937853107344,2041.4778719397364,0.3926553672316384,0.6567796610169492,4733.325329566855,1.8077212806026366,-1.93882787064102,41.431261770244824,-15.518993081545068,124.48787873342874,-20.880180190271822,128.7731357353362,-18.35288794754411,127.0638378497854,118782.0,27787.0,118327.0,GOV -> AUS,0.002413307276280507
2020-05-25,GOV,AUS,1648,546,6.966019417475728,1743.6547330097087,1788.2172330097087,1774.5321601941748,0.41262135922330095,0.6535194174757282,3936.493932038835,0.6581917475728154,-1.7827265677536324,40.394417475728154,-13.782341728287857,112.61816072952843,-17.063488342431775,113.92697385918103,-20.56144908560795,124.77107720347388,75369.0,17882.0,75032.0,GOV -> AUS,0.0017608794139519776
2020-06-01,GOV,AUS,2243,697,9.595630851538118,2298.0249665626393,2382.0499331252786,2382.9946500222914,0.3704859563085154,0.623272403031654,4486.427552385198,1.4832367365135968,-1.962804902628185,39.55862683905484,-17.39453734900878,126.50933377086213,-23.632244711387756,133.75195250668506,-19.561423710926718,123.1534690728446,144308.0,43307.0,143702.0,GOV -> AUS,0.0017699617836606407
2020-06-08,GOV,AUS,2286,573,9.128608923884514,2193.8683289588803,2240.0231846019246,2230.175853018373,0.43919510061242345,0.6294838145231846,4461.724409448819,1.3384514435695527,-1.839162365820918,43.75328083989501,-16.991326569670345,118.20195331296696,-18.628304445714303,118.91107928527468,-18.167580851868145,118.4372593626373,223372.0,45872.0,219744.0,GOV -> AUS,0.002117570555579743
2020-06-15,GOV,AUS,2498,585,12.633706965572458,3007.875100080064,3049.3819055244194,3046.9819855884707,0.5344275420336269,0.6160928742994396,5274.148518815052,1.8508807045636588,-3.260170795845963,48.01040832666133,-19.875046933722366,127.04791694331026,-26.452005835764815,136.03145107211384,-25.4522431950812,134.59861705085498,1099049.0,126668.0,1098806.0,GOV -> AUS,0.0023496943422031628
2020-06-22,GOV,AUS,2472,585,7.89037216828479,1982.3588187702264,2024.4016990291261,2022.320792880259,0.502831715210356,0.6694983818770227,4666.972087378641,0.7221682847896443,-2.0833199437674264,48.02993527508091,-26.23860392740928,133.38075526950337,-27.440060095118916,134.63363724280333,-27.70718882519817,134.43921416270322,222629.0,39168.0,221816.0,GOV -> AUS,0.002644104780139265
2020-06-29,GOV,AUS,2687,675,6.750651283959806,1734.9188686267212,1801.453665798288,1784.5333085225159,0.46110904354298476,0.8299218459248232,3879.079270561965,0.15980647562337175,-2.499834279185731,39.371045775958315,-5.224805315967019,100.9788597657422,-15.238554726386818,119.75798943740635,-6.150262941154428,102.11672824362826,215992.0,77935.0,215518.0,GOV -> AUS,0.002866185306826897
2020-07-06,GOV,AUS,3112,815,8.558804627249357,2404.0591259640105,2432.1921593830334,2429.697300771208,0.4839331619537275,0.6349614395886889,5187.718187660668,0.4660347043701799,-3.0042567551352737,45.919023136246786,-18.06986354912734,119.27972951551371,-22.68294854492567,126.78118804007738,-18.370084083387205,118.97965234647683,280648.0,53699.0,279183.0,GOV -> AUS,0.003289515409561581
2020-07-13,GOV,AUS,2446,632,9.154129190515127,2645.959934587081,2682.4137367130006,2695.096484055601,0.37285363859362225,0.7146361406377759,5473.268192968111,0.6308667211774325,-2.580591059898597,39.300899427636956,-22.55755239839122,119.38893830397961,-24.08894137637597,123.25424849195593,-23.463911585097392,121.19070746782381,181745.0,54797.0,181469.0,GOV -> AUS,0.0026747411919985217
2020-07-20,GOV,AUS,1600,525,12.0475,3651.71125,3700.915,3686.8975,0.315625,0.6975,6173.430625,1.5238750000000012,-2.086170025767045,36.875,-26.438740794773768,133.10486806246024,-26.998975833014683,127.57779756532828,-26.6670483154876,130.59390093116644,83602.0,25495.0,83340.0,GOV -> AUS,0.00164617860214744
2020-07-27,GOV,AUS,3566,773,8.21228266965788,2093.713684800897,2141.3538979248456,2131.9767246214246,0.48401570386988224,0.6545148625911386,4224.8956814357825,0.6819685922602354,-2.604732025137068,46.629276500280426,-23.578591729338257,134.5275191471171,-24.895402268389663,134.472166892928,-24.22497315856776,134.40568047740817,354841.0,59244.0,349984.0,GOV -> AUS,0.0039719977500181
2020-08-03,GOV,AUS,2464,651,7.721185064935065,2171.4752435064934,2202.969155844156,2195.559253246753,0.3847402597402597,0.7666396103896104,4534.25,0.9314529220779205,-2.6120407794075566,41.943993506493506,-27.016730037720343,135.23119011439113,-28.67168106396059,137.15710236080352,-27.27478832144317,135.70364203526026,192797.0,46912.0,192654.0,GOV -> AUS,0.002804483987466324
2020-08-10,GOV,AUS,2083,694,7.207873259721556,2076.2890062409983,2084.3682189150263,2110.8454152664426,0.3874219875180029,0.701392222755641,4341.645223235718,0.030628900624100404,-2.7287473545273966,43.91742678828613,-24.920263463426625,132.8840348247422,-25.521438855179202,133.4580700240549,-25.193283688757994,133.2611365886106,129378.0,32395.0,121827.0,GOV -> AUS,0.002217920542437562
2020-08-17,GOV,AUS,2157,588,6.704682429299954,1946.4450625869263,1972.3736671302736,1980.7561427909134,0.3741307371349096,0.7681965693092258,4283.562818729717,1.712980992118683,-2.264488804219956,43.11543810848401,-10.94488392296652,87.65753724258379,-16.84350943827753,106.44812172631585,-10.684445135885184,90.68150178995221,236023.0,58697.0,232828.0,GOV -> AUS,0.002289578014956029
2020-08-24,GOV,AUS,1727,606,7.2912565141864505,1865.4006948465546,1905.9415170816444,1902.742906774754,0.3682686740011581,0.6218876664736538,4304.731325998842,1.2090330052113492,-2.2066201585156104,38.77243775332947,-23.12382462625075,129.5167622201295,-25.83745640670984,133.27439795350207,-25.684872033549162,133.44264609770457,57614.0,20050.0,57073.0,GOV -> AUS,0.00177622633669517
2020-08-31,GOV,AUS,2518,684,7.017474185861795,1781.1509134233518,1820.6636219221605,1807.6143764892772,0.39396346306592533,0.756155679110405,4347.220015885623,1.056354249404289,-2.074208625666562,42.11278792692613,-24.503162243364645,131.98481234340542,-26.67640199428339,135.12075840016328,-25.971731144957133,134.58805118905667,163599.0,42335.0,161622.0,GOV -> AUS,0.002655073478473132
2020-09-07,GOV,AUS,1926,654,7.754413291796469,2063.315160955348,2101.786604361371,2108.0410176531673,0.3603322949117342,0.7040498442367601,4552.418483904466,0.8893561786085149,-1.5063535619394468,39.49117341640706,-21.638161560126594,132.44882286392416,-25.13525677742617,134.4445796339663,-26.13859224525319,136.17868244725747,86504.0,20114.0,85201.0,GOV -> AUS,0.0021417800572030975
2020-09-14,GOV,AUS,1828,653,7.944748358862144,2051.417943107221,2091.699124726477,2088.7915754923415,0.49179431072210067,0.662472647702407,4339.483588621444,0.6875273522975924,-1.6965707601079318,45.91903719912472,-22.70106069816565,127.74982155808786,-24.55283831573097,130.67801397109506,-24.28955087826571,129.6882605947749,84026.0,16091.0,82856.0,GOV -> AUS,0.0019864642240835966
2020-09-21,GOV,AUS,1491,501,8.421193829644533,2159.050972501677,2196.5459423205903,2199.8484238765927,0.47753185781354796,0.682092555331992,4452.242790073776,0.7288397048960428,-2.0890505145351406,51.965124077800134,-25.647220897099444,128.69816915193374,-26.30081339779006,131.88056160151936,-26.555655110497238,131.5578009433702,197795.0,24942.0,197392.0,GOV -> AUS,0.0016406141684804018
2020-09-28,GOV,AUS,1613,503,6.935523868567886,1627.152510849349,1663.6236825790452,1660.3620582765034,0.47117172969621823,0.527588344699318,3537.220086794792,0.9368257904525731,-3.631855428448097,43.75077495350279,-14.10463935025379,87.70702935850252,-15.339260913705573,89.45058968210658,-12.70952313324871,85.85858074999999,239577.0,19250.0,239323.0,GOV -> AUS,0.002050600115179399
2020-10-05,GOV,AUS,1024,480,8.3056640625,2059.1240234375,2098.2626953125,2082.701171875,0.388671875,0.5849609375,4301.9404296875,1.814453125000001,-1.4763903139095271,42.275390625,-12.954454489898986,119.99672588989901,-23.365550681818192,128.83379134444445,-16.30766409090909,126.9899208727273,32740.0,6536.0,32313.0,GOV -> AUS,0.0014478450579562196
2020-10-12,GOV,AUS,678,347,6.275811209439528,1547.4277286135693,1605.0250737463127,1587.8230088495575,0.3023598820058997,0.6902654867256637,4459.210914454277,0.7471976401179946,-1.645660482892598,42.72861356932153,-24.972315802690566,130.24719814798206,-26.342534599402082,131.70805589088192,-24.827208926756338,129.72084223168912,17288.0,3849.0,17205.0,GOV -> AUS,0.0013632470211645106
2020-10-19,GOV,AUS,597,316,8.001675041876046,1985.5896147403685,2030.8743718592964,2017.8559463986599,0.3936348408710218,0.5946398659966499,4083.569514237856,1.3745393634840875,-0.9726261107354168,40.2177554438861,-24.32616437996546,132.19143843868738,-26.516802435233156,132.368114433506,-25.61074781692573,131.25819140414507,9126.0,2317.0,9038.0,GOV -> AUS,0.0012804124772657082
2020-10-26,GOV,AUS,728,332,8.813186813186814,2421.3296703296705,2395.8914835164837,2447.311813186813,0.36126373626373626,0.49725274725274726,4724.739010989011,1.5067307692307694,-0.6879003165697888,42.51373626373626,-24.08734420875912,131.17730403211687,-26.261564366423354,134.5731440817519,-23.96322602189781,130.8255255416059,21075.0,4539.0,20991.0,GOV -> AUS,0.0019479146877583728
2020-11-02,GOV,AUS,441,245,6.863945578231292,1738.312925170068,1769.936507936508,1772.9160997732426,0.39909297052154197,0.6507936507936508,4394.024943310657,1.3417233560090704,-0.690791016375516,43.53741496598639,-23.138690564920267,127.65151389521641,-24.78203718678815,132.21212100227788,-23.092045917995435,131.04377301366742,9060.0,1984.0,9032.0,GOV -> AUS,0.001274411776605152
2020-11-09,GOV,AUS,502,276,7.135458167330677,1730.5458167330678,1767.5876494023905,1756.6912350597609,0.4163346613545817,0.6832669322709163,3920.0856573705178,0.8264940239043826,-1.384066985135994,44.08366533864542,-22.40796674796748,131.1935993638212,-24.451653333333333,134.1157098638212,-22.360565121951215,132.49088242479678,12070.0,2280.0,12049.0,GOV -> AUS,0.0019541133697166925
2020-11-16,GOV,AUS,1339,497,8.563106796116505,2179.980582524272,2211.324869305452,2213.1187453323378,0.45182972367438384,0.6183719193427931,4677.182972367438,0.8130694548170282,-2.070711978662217,43.554891710231516,-17.230674741886798,118.77836728075474,-26.02953445886793,131.2582217343396,-22.639677515471703,125.31398175094338,58595.0,12712.0,58014.0,GOV -> AUS,0.0020195042788152644
2020-11-23,GOV,AUS,1309,555,8.056531703590528,1965.5912910618792,2009.590527119939,1991.4721161191749,0.4209320091673033,0.5790679908326967,3954.5233002291825,1.0033613445378156,-1.6275149372990425,42.88770053475936,-20.78821451806303,126.84656459646436,-25.46339283474251,134.2599163212914,-22.555610950807072,128.99189946195244,38713.0,7848.0,38577.0,GOV -> AUS,0.0018151613815749334
2020-11-30,GOV,AUS,1666,611,10.146458583433374,2655.331932773109,2682.015606242497,2685.8217286914764,0.43517406962785116,0.5822328931572629,4752.864345738295,0.9738295318127251,-2.692201376620456,41.752701080432175,-15.296543341183586,128.809440562198,-22.94453915036235,135.03587802173908,-17.555582755434802,130.84107717632847,80916.0,15974.0,80180.0,GOV -> AUS,0.0021719546679425487
2020-12-07,GOV,AUS,1481,575,9.202565833896017,2444.77245104659,2421.8744091829844,2545.407157326131,0.4287643484132343,0.5833896016205267,5019.96151249156,1.4118163403106003,-1.1391014837961355,46.65766374071573,-21.780953001368932,129.7663565934291,-24.851132612594114,132.91733617385344,-22.891402655715265,130.85631860164264,162787.0,23463.0,162650.0,GOV -> AUS,0.0018110138008789714
2020-12-14,GOV,AUS,1584,605,9.662247474747474,2443.3125,2502.9905303030305,2495.4002525252527,0.41414141414141414,0.61489898989899,5028.188762626262,1.097285353535354,-2.033715716106772,44.678030303030305,-19.120663539743607,130.16394363846166,-26.24839035897438,139.45813503333343,-22.669816039743605,134.1998675705129,56173.0,8710.0,56035.0,GOV -> AUS,0.001954872556872105
2020-12-21,GOV,AUS,1068,340,7.047752808988764,1781.3539325842696,1820.313670411985,1810.3913857677903,0.4438202247191011,0.6844569288389513,4183.62265917603,0.47865168539325853,-2.148424430461064,44.19475655430712,-18.947354594491948,126.243604208927,-25.855747975308667,132.4334697977209,-22.71352773029442,130.40073933428312,57007.0,10474.0,56785.0,GOV -> AUS,0.001523455219260582
2020-12-28,GOV,AUS,1370,350,6.86058394160584,2035.2737226277372,2068.93503649635,2063.6693430656933,0.554014598540146,0.7145985401459855,4429.486131386861,0.9065693430656939,-1.0360892135585589,54.284671532846716,-25.95022204099559,136.74067706368967,-28.21551165666178,138.77802840629585,-25.750695369692522,131.69184382796496,299278.0,34144.0,297864.0,GOV -> AUS,0.0022351509297901567
2021-01-04,GOV,AUS,1369,444,8.154857560262966,2118.902118334551,2162.8875091307523,2160.070124178232,0.4850255661066472,0.6720233747260774,4532.6260043827615,1.7281957633308986,-2.488499999518569,47.699050401753105,-13.088779851632045,114.77414508531156,-21.019805865727005,129.28895730415422,-16.94987159272997,121.84744842581597,70292.0,11643.0,69859.0,GOV -> AUS,0.001284494398046893
2021-01-11,GOV,AUS,1610,468,7.121739130434783,1762.2043478260869,1810.952795031056,1793.947204968944,0.5180124223602485,0.7267080745341615,4028.070186335404,1.5085093167701864,-1.8712332557742257,45.06832298136646,-5.4847514260317585,102.92809037968246,-12.098445978412702,114.4428154146031,-10.7887547720635,114.321881319365,130763.0,31139.0,130077.0,GOV -> AUS,0.0017456889073939141
2021-01-18,GOV,AUS,1176,455,7.895408163265306,2021.7278911564626,1975.3647959183672,2049.167517006803,0.42517006802721086,0.6437074829931972,4233.0731292517,1.366921768707483,-1.3994101414311573,45.00850340136054,-19.02250565974026,121.16747674199141,-24.66209567099567,130.97538740865804,-21.607135735930736,127.44130619134204,46939.0,8782.0,44988.0,GOV -> AUS,0.0013294640202494554
2021-01-25,GOV,AUS,1342,477,7.585692995529061,2015.9478390461998,2068.51043219076,2060.409836065574,0.4947839046199702,0.672876304023845,3920.134128166915,1.8381520119225034,-1.2072794659072394,48.14456035767511,-18.5949056928839,124.12326916853942,-22.25519905093634,130.70275285468176,-20.494481217977537,128.42610221872667,83871.0,14301.0,83335.0,GOV -> AUS,0.0016599275915341219
2021-02-01,GOV,AUS,2048,615,8.5908203125,2166.71533203125,2204.1396484375,2200.33349609375,0.4638671875,0.60205078125,4457.89599609375,-0.6291992187499998,-1.8898404845359575,46.4599609375,-23.068275079677274,127.82840050126076,-26.17468720373173,129.71078248613213,-25.236677029752915,130.66332495410995,198825.0,24062.0,191619.0,GOV -> AUS,0.0024732656647203388
2021-02-08,GOV,AUS,1458,480,7.5,1877.8545953360767,1899.8648834019205,1900.7565157750344,0.4279835390946502,0.7133058984910837,3712.386145404664,0.9182441700960218,-2.5108194918952096,43.161865569272976,-21.517858166782016,124.37447595501745,-27.821109201384093,136.1035355584776,-26.94660064429067,134.9136667003461,71219.0,22485.0,70592.0,GOV -> AUS,0.001843751541201777
2021-02-15,GOV,AUS,2233,665,10.845947156291984,2739.9099865651588,2784.653828929691,2774.576802507837,0.3685624720107479,0.5588893864755934,5518.5521719659655,1.021719659650694,-1.6350350295309035,36.48454993282579,-17.11272150769231,118.2225955348416,-21.20445099004525,128.0785255158371,-19.08779087375566,122.48126629909503,97539.0,34757.0,96569.0,GOV -> AUS,0.0029444497188729603
2021-02-22,GOV,AUS,1967,505,7.1230299949161155,1587.2506354855109,1654.3375699034061,1615.3207930859176,0.5856634468734113,0.7574987290289782,4372.202846975089,0.3332994407727495,-1.2778182663959499,41.88103711235384,-25.907772332821285,134.58939595750132,-26.306001510496657,136.2457004792627,-25.644345719918054,135.3715642273426,285656.0,78832.0,284219.0,GOV -> AUS,0.0025198855738792787
2021-03-01,GOV,AUS,1917,533,9.26186750130412,2263.207094418362,2302.6155451225873,2297.019300991132,0.297339593114241,0.576943140323422,4851.019300991132,1.2270735524256648,-2.2628645517495976,36.76056338028169,-24.063100887052332,133.94629945674916,-25.684174055096413,134.12773325564729,-25.462396865013766,136.2756187658401,90945.0,27951.0,90829.0,GOV -> AUS,0.0025233213068619332
2021-03-08,GOV,AUS,1935,654,8.659431524547804,2110.5850129198966,2153.9664082687336,2140.236175710594,0.38449612403100775,0.5689922480620155,4651.887338501292,1.110697674418605,-1.094218690359269,39.81395348837209,-12.980001843717552,116.68038393198337,-19.269798510903435,130.7738061261682,-14.395310761682252,122.28899563343718,84869.0,18265.0,83705.0,GOV -> AUS,0.002529659770565742
2021-03-15,GOV,AUS,2757,616,11.545157780195865,2650.715995647443,2715.9441421835327,2700.7305041712007,0.372506347479144,0.460645629307218,4997.89698948132,1.6183170112441092,-2.4439656029832153,38.32426550598477,-11.097288583545694,114.49887779941751,-17.85401904914453,120.54761468547498,-17.342892147797606,123.44381503130676,360902.0,111917.0,356179.0,GOV -> AUS,0.0030800201983188923
2021-03-22,GOV,AUS,1649,588,7.7689508793208,2029.961188599151,2029.3117040630684,2054.8714372346876,0.3395997574287447,0.7240751970891449,4607.45785324439,0.9069132807762286,-2.4945567690299333,40.855063674954515,-23.08328847388062,131.1715240186567,-25.682005265547268,132.9591980379353,-24.532223045398034,131.06533729975123,131070.0,24777.0,131011.0,GOV -> AUS,0.0019330841073289561
2021-03-29,GOV,AUS,1378,565,7.112481857764877,1920.4847605224963,1959.4078374455733,1944.4571843251088,0.38098693759071117,0.7307692307692307,4103.467343976778,0.6739477503628452,-1.5096246444720474,39.97822931785196,-23.21624702052788,131.47435627639288,-25.59287179105573,136.1452713892961,-25.68909751686219,135.43708211290317,47490.0,11328.0,47007.0,GOV -> AUS,0.001989317164717771
2021-04-05,GOV,AUS,1704,566,9.213615023474178,2484.7218309859154,2516.0399061032863,2510.1590375586857,0.3890845070422535,0.5580985915492958,4822.05985915493,1.8512910798122062,-0.75273844639242,43.051643192488264,-20.844658070796477,131.62585548967556,-24.001672762831873,133.85263813923308,-21.765637920353996,132.80698513923303,73890.0,14372.0,71840.0,GOV -> AUS,0.0022820501488555597
2021-04-12,GOV,AUS,1693,568,6.5156526875369165,1743.5050206733608,1771.2344949793267,1765.8848198464264,0.2758417011222682,0.7672770230360307,4082.3898405197874,1.5664500886001185,-1.4716232413254344,36.798582398109865,-21.000341035035632,128.02347898099774,-22.644373839073626,131.30235142814735,-21.304604096199522,128.8090472185274,65101.0,22322.0,63737.0,GOV -> AUS,0.0019797534253944015
2021-04-19,GOV,AUS,1365,576,10.712820512820512,3130.959706959707,3063.4710622710622,3149.6417582417585,0.4879120879120879,0.5692307692307692,6206.101098901099,1.5980219780219784,-1.6491521444759785,47.443223443223445,-18.36382453303638,127.62046844914629,-22.540483270972533,131.13387857906463,-22.31397289012621,130.50920282108393,50597.0,8676.0,50463.0,GOV -> AUS,0.0016439979621651634
2021-04-26,GOV,AUS,1084,535,8.449261992619926,2154.3311808118083,2195.2112546125463,2181.6291512915127,0.4732472324723247,0.7020295202952029,4625.296125461255,0.8609778597785984,-2.5440935963839593,46.079335793357934,-18.15485876168225,124.44093892803747,-24.088461799065428,132.87064318130845,-20.775930763551408,128.19299417757017,29887.0,5573.0,29293.0,GOV -> AUS,0.0013826565884096642
2021-05-03,GOV,AUS,1314,627,7.7343987823439875,1966.4132420091323,2016.8995433789955,2004.0342465753424,0.4436834094368341,0.6111111111111112,4269.11796042618,1.3912480974124815,-2.215310092342515,42.526636225266365,-15.359006696290566,121.39267474343131,-21.119617823802166,128.97975502163843,-16.808552109737253,127.03883984466776,30298.0,5297.0,30258.0,GOV -> AUS,0.001822837911699179
2021-05-10,GOV,AUS,1292,547,8.524767801857585,2123.1346749226004,2174.2569659442725,2165.12306501548,0.5170278637770898,0.628482972136223,4116.640866873065,1.7236068111455116,-1.4517194811051481,50.363777089783284,-16.539677405043346,121.96897486130817,-25.796233308116637,131.51521568006314,-22.162041282111904,125.84313225689527,42521.0,5676.0,41585.0,GOV -> AUS,0.0014495566622948098
2021-05-17,GOV,AUS,1175,462,6.2970212765957445,1882.0612765957446,1868.8255319148936,1923.1787234042554,0.33276595744680854,0.7429787234042553,3619.2051063829786,-0.36825531914893617,-1.2592625160108653,46.94468085106383,-16.05766153846152,119.73573987350434,-20.551131846153822,127.64336859145305,-18.729167829059815,124.59062798717954,202066.0,6403.0,201713.0,GOV -> AUS,0.001235732547512602
2021-05-24,GOV,AUS,1209,520,8.084367245657567,2168.7956989247314,2166.1290322580644,2189.9032258064517,0.5922249793217536,0.7427626137303557,4302.90570719603,1.0097601323407779,-3.6983460193721065,56.9313482216708,-23.162896736531987,129.34960243771044,-25.396896242424244,133.19366329629634,-24.12744571632997,132.21981758922564,113702.0,12615.0,113538.0,GOV -> AUS,0.001598851048973244
2021-05-31,GOV,AUS,1522,545,9.017082785808148,2356.775952693824,2394.1333771353484,2388.919185282523,0.4080157687253614,0.6044678055190539,4522.290407358739,0.6495400788436271,-3.2092351215210635,41.09724047306176,-24.66652976494023,130.75435755245684,-27.52846806042496,134.4485325418327,-26.33016970916334,132.53751607104917,66503.0,14415.0,65523.0,GOV -> AUS,0.0022635100467425233
2021-06-07,GOV,AUS,1102,461,7.58529945553539,2086.082577132486,1932.065335753176,2127.7758620689656,0.3856624319419238,0.5780399274047187,3899.7976406533576,0.10553539019963738,-1.7776368516158811,40.490018148820326,-12.880036627180898,103.72809287970618,-16.92960386868686,112.13375856657487,-10.89571761616161,98.86175809182738,43719.0,9722.0,41489.0,GOV -> AUS,0.0013965223804750457
2021-06-14,GOV,AUS,1209,528,8.028949545078577,2015.033912324235,2053.0454921422665,2057.3143093465674,0.3879239040529363,0.6674937965260546,4376.007444168735,1.566583953680728,-0.8186772828571911,41.546732837055416,-20.611790220910624,128.96660123608774,-22.101125297639122,130.66395666947727,-21.668358883642494,128.98588413069146,45815.0,9714.0,45511.0,GOV -> AUS,0.001739460724012759
2021-06-21,GOV,AUS,1408,580,7.8757102272727275,2133.7563920454545,2141.5504261363635,2169.958806818182,0.3913352272727273,0.7286931818181818,4500.745028409091,0.7173295454545456,-2.039018633723377,40.39772727272727,-24.686667489665016,136.17187589023516,-26.14136539700642,138.4285930812544,-26.34125874554527,137.327159985032,52243.0,16727.0,51777.0,GOV -> AUS,0.0019802119445596913
2021-06-28,GOV,AUS,1318,569,8.534142640364188,2527.0364188163885,2577.7746585735963,2570.4355083459786,0.4992412746585736,0.6942336874051593,5297.028072837633,0.06654021244309737,-2.618664966036027,50.43247344461305,-24.808434522467635,132.53505981111945,-26.325103004569694,135.78702556892594,-25.55722283168318,134.76850526428007,259095.0,27717.0,258792.0,GOV -> AUS,0.0019423141538407126
2021-07-05,GOV,AUS,925,407,7.045405405405406,1950.5794594594595,2001.3794594594594,1988.692972972973,0.4854054054054054,0.7697297297297298,4442.147027027027,1.3921081081081084,-2.0415616939928274,46.42162162162162,-18.934248604371575,129.417513537705,-21.95072195628415,132.43126436065577,-19.36062162841529,129.35201371256838,26286.0,4602.0,25828.0,GOV -> AUS,0.001829636149654347
2021-07-12,GOV,AUS,1169,475,6.5765611633875105,1946.1514114627887,1985.317365269461,1977.5919589392643,0.3866552609067579,0.7399486740804107,5317.623609923011,0.6143712574850303,-2.365659533739442,42.0786997433704,-20.793087094501722,124.29125371735404,-21.240082780927846,124.98807707560147,-20.574429285223367,121.34055289604817,40606.0,7625.0,40250.0,GOV -> AUS,0.0016617080766972805
2021-07-19,GOV,AUS,1684,493,7.403800475059382,2141.688836104513,2169.826009501188,2176.234560570071,0.4085510688836104,0.8081947743467933,4355.780878859858,0.8469714964370558,-3.847070422507376,47.179334916864605,-24.65674875625743,129.26894238915366,-21.680209650774724,124.06781329082219,-24.8191031168057,129.3469983688914,323272.0,62044.0,319093.0,GOV -> AUS,0.002748817796146758
2021-07-26,GOV,AUS,959,434,7.548488008342023,2104.5224191866528,2128.6225234619396,2132.7434827945776,0.47132429614181437,0.7632950990615224,4319.1491136600625,1.236809176225235,-2.4981021245875876,44.066736183524505,-26.156313330517417,130.32417060612465,-28.698521362196402,135.4610662682155,-27.024082843716997,132.87660424815212,43394.0,8291.0,42979.0,GOV -> AUS,0.0016107819935064825
2021-08-02,GOV,AUS,731,342,7.482900136798905,1905.8741450068399,1900.3693570451437,1983.1340629274966,0.4952120383036936,0.7332421340629275,4073.9890560875515,1.4265389876880985,-1.1259862895348705,44.51436388508892,-22.920265766949147,130.26032514825178,-25.817568513323977,134.56821973146856,-22.48241125910364,130.67397101538467,24442.0,3494.0,24435.0,GOV -> AUS,0.0013414443924504758
2021-08-09,GOV,AUS,1006,337,11.386679920477137,3509.3508946322067,3542.5765407554672,3562.9015904572566,0.5029821073558648,0.7037773359840954,6701.287276341948,-3.2698807157057646,-2.854973901109906,45.47713717693837,-23.73154456530411,122.24249045264219,-24.4260711196411,123.40370763509485,-23.612713126620164,122.03117131106693,377861.0,37274.0,377567.0,GOV -> AUS,0.0019423024199620807
2021-08-16,GOV,AUS,1277,397,12.562255285826154,3101.1558339859043,3159.213782302271,3148.2772122161314,0.3938919342208301,0.7274862960062647,4988.667971808927,1.8148003132341446,-4.031411579630651,38.144087705559905,-19.359938501574817,127.73128826692908,-24.185045222834656,131.24913438267706,-22.608492218110243,128.87983614094483,195406.0,45034.0,195333.0,GOV -> AUS,0.002118907725467877
2021-08-23,GOV,AUS,964,511,9.850622406639005,2549.1659751037346,2594.582987551867,2586.7759336099584,0.40352697095435686,0.6867219917012448,4745.317427385892,1.6539419087136933,-1.805583429219986,42.572614107883815,-17.458276145416228,121.65921902212858,-24.02134056375132,129.10494722655426,-21.623425320337198,125.6491846375132,17201.0,3006.0,16635.0,GOV -> AUS,0.0011669939253366002
2021-08-30,GOV,AUS,1557,553,8.308285163776493,2213.962106615286,2259.9299935773925,2209.560051380861,0.5003211303789339,0.6326268464996788,4736.541425818882,1.3369299935773917,-1.9444677400260175,41.26525369299936,-11.150038174967241,108.77614352031462,-15.23808022214942,115.26441572018358,-12.380793683486246,109.82801923001318,140939.0,28179.0,140229.0,GOV -> AUS,0.0022022568535874014
2021-09-06,GOV,AUS,1092,463,7.032967032967033,1640.952380952381,1653.7673992673992,1677.0173992673992,0.3974358974358974,0.674908424908425,3677.04304029304,0.8236263736263739,-0.740641758757401,40.879120879120876,-22.857175937969924,129.63556034944244,-24.688373965581395,132.73314073513015,-23.039633033676328,128.9509798708179,30034.0,5667.0,29044.0,GOV -> AUS,0.0016095606724779864
2021-09-13,GOV,AUS,2400,676,8.794166666666667,2275.7716666666665,2331.5545833333335,2296.3733333333334,0.4558333333333333,0.6291666666666667,4677.9575,2.689291666666666,-1.624423603316291,42.5,0.49155633054742,88.49977301922286,-17.02282973464272,116.78671988466364,-5.630095591725868,97.76048982741345,418400.0,72989.0,409465.0,GOV -> AUS,0.003135840699292476
2021-09-20,GOV,AUS,3160,771,9.947784810126583,2316.429113924051,2393.112025316456,2352.2449367088607,0.40443037974683543,0.6199367088607595,5143.196518987342,1.5159493670886037,-0.3196286669697012,37.84493670886076,9.048164374681935,78.39218875477079,-11.435091611959306,115.27880413867673,3.5836537732188227,93.49112499045778,359684.0,92683.0,357362.0,GOV -> AUS,0.003812318130709429
2021-09-27,GOV,AUS,1721,570,9.704241719930273,2690.4253341080766,2717.2295177222545,2721.495642068565,0.5705984892504358,0.7234166182452063,5839.6199883788495,3.432423009877978,-1.6425076560003313,53.85822196397444,-24.792019958600577,131.96662045072893,-28.174076496793017,137.31962536618082,-25.47152888746355,133.31006636268228,1273512.0,96400.0,1269065.0,GOV -> AUS,0.002453856518546507
2021-10-04,GOV,AUS,1388,527,8.136167146974064,2068.956772334294,2110.278818443804,2095.4531700288185,0.5367435158501441,0.7118155619596542,4803.993515850144,1.1701729106628245,-1.2209507410761093,50.43948126801153,-7.35914962364033,109.1910327664975,-18.088706856417712,126.13488188614915,-9.244808976069628,115.2261648520667,155598.0,20496.0,152119.0,GOV -> AUS,0.002124702266144982
2021-10-11,GOV,AUS,1125,433,8.36,2362.014222222222,2392.928888888889,2395.4977777777776,0.40444444444444444,0.7182222222222222,4456.583111111111,2.491822222222223,-1.0785047356189446,42.702222222222225,-25.23402628430497,133.31652177219732,-27.062919626009005,134.97325454349775,-26.278133639461924,135.83777979910312,106321.0,24219.0,102103.0,GOV -> AUS,0.0017411087380443866
2021-10-18,GOV,AUS,800,455,8.48875,2259.15625,2207.56,2303.48375,0.32625,0.6925,4695.40875,2.1717500000000007,-0.4361784157290833,39.35,-13.33246376388889,111.30553587752524,-18.79511835732323,118.64655566414145,-16.07732555429293,113.91214185732326,13616.0,3957.0,13363.0,GOV -> AUS,0.0011744636371377147
2021-10-25,GOV,AUS,1052,479,8.288973384030419,2115.838403041825,2157.1045627376425,2147.7186311787073,0.5247148288973384,0.6397338403041825,4200.578897338403,1.4222433460076047,-0.2413382109050725,41.93916349809886,-15.451452632437624,114.03812464779274,-18.504289689059505,120.97182210844532,-16.334099710172747,118.90769098752402,35724.0,7009.0,35499.0,GOV -> AUS,0.0015386910595028799
2021-11-01,GOV,AUS,1402,504,8.577032810271042,2294.60485021398,2326.4115549215408,2328.773894436519,0.4079885877318117,0.5920114122681883,4217.880884450785,1.0858773181169759,-0.9180157668933051,42.0756062767475,-10.773177647653426,90.04549223971122,-23.094637431768998,128.73294139277976,-19.61645468158845,119.43343141588447,120141.0,23733.0,119999.0,GOV -> AUS,0.0020421837674066304
2021-11-08,GOV,AUS,768,371,8.690104166666666,2432.2330729166665,2487.08984375,2478.90234375,0.5807291666666666,0.5390625,4541.61328125,2.0437499999999997,-0.9451679150667917,54.635416666666664,-21.752725015894047,124.07180924768215,-23.810708736423855,128.42581920132452,-20.951101822516563,123.49924017086096,69776.0,8305.0,69747.0,GOV -> AUS,0.0011354345772354238
2021-11-15,GOV,AUS,876,419,6.6826484018264845,1566.1050228310503,1576.0171232876712,1594.1187214611873,0.4143835616438356,0.7294520547945206,3526.937214611872,0.6075342465753426,-0.8364401375230859,39.31506849315068,-13.275131574052807,121.4398150654421,-16.364176171067736,124.7528236119404,-15.220317949483347,123.47875555453514,41932.0,14188.0,41792.0,GOV -> AUS,0.0013357405125827976
2021-11-22,GOV,AUS,1202,505,10.940099833610649,2636.6763727121465,2667.2196339434277,2671.41846921797,0.46089850249584025,0.5174708818635607,4882.454242928453,1.098003327787021,-1.9298733898727582,46.813643926788686,-14.792109441624367,119.34016665313023,-19.309076727580383,125.42902202368856,-16.60291204653131,121.70404583671733,93978.0,16278.0,92653.0,GOV -> AUS,0.002153080050871442
2021-11-29,GOV,AUS,950,519,8.98,2340.081052631579,2382.654736842105,2381.976842105263,0.44,0.6926315789473684,4803.021052631579,1.1930526315789478,-1.7897967207444727,47.43157894736842,-19.966914391906286,127.95630492332273,-22.31357391267306,130.65783136954212,-21.02257646432375,128.38284014909485,20049.0,3487.0,19953.0,GOV -> AUS,0.0013815549328055308
2021-12-06,GOV,AUS,1141,422,5.452234881682735,1368.8895705521472,1435.1262050832604,1386.0666082383873,0.3032427695004382,0.8238387379491674,3945.8308501314636,2.44829097283085,-1.9629605610092775,45.07449605609115,-9.822975429464295,103.95825269017855,-13.596519396428578,110.45759750267851,-1.5464583776785539,89.17157378839283,177130.0,43329.0,177092.0,GOV -> AUS,0.001669759355628011
2021-12-13,GOV,AUS,1251,499,5.928856914468425,1523.2837729816147,1579.4164668265387,1572.4092725819344,0.43005595523581136,0.812150279776179,4035.2629896083135,0.6577937649880095,0.1400053500713515,43.58912869704237,-4.024276662348182,88.11605437732797,-7.175670071255063,106.08510311740892,-3.571283455870449,96.87092405910933,78718.0,14785.0,78474.0,GOV -> AUS,0.0020225798159145183
2021-12-20,GOV,AUS,1036,363,10.68918918918919,3223.746138996139,3237.2220077220077,3246.411196911197,0.3503861003861004,0.7808880308880309,5432.657335907336,2.3543436293436293,-1.3269008368305684,43.3011583011583,-24.957017895813042,129.93990708471287,-26.688608818889968,133.34253829406046,-26.111062282375848,132.19077738656293,157402.0,26924.0,154699.0,GOV -> AUS,0.002108274979293728
2021-12-27,GOV,AUS,585,291,7.911111111111111,2048.17264957265,2082.769230769231,2083.808547008547,0.4256410256410256,0.6752136752136753,4197.54358974359,1.0512820512820513,-1.9930580592657827,45.65811965811966,-22.342853795532644,125.75235256013751,-24.492558374570443,129.0096919072165,-22.854066453608244,125.68174958247427,15544.0,2308.0,15475.0,GOV -> AUS,0.0013112887390557824
2022-01-03,GOV,AUS,570,271,5.701754385964913,1557.9877192982456,1581.9228070175438,1597.5070175438595,0.4192982456140351,0.7578947368421053,3975.0175438596493,1.0698245614035087,-2.070172065148217,45.19298245614035,-23.407974576719575,125.23563113580249,-23.645011472663136,122.2517899664903,-23.160133871252203,121.47752104761908,19854.0,2814.0,18854.0,GOV -> AUS,0.0010377126628253093
2022-01-10,GOV,AUS,658,271,7.161094224924012,1776.7325227963527,1933.981762917933,1931.6565349544073,0.3373860182370821,0.6337386018237082,4169.785714285715,0.024772036474164063,-1.5446214986094429,45.62310030395137,-14.80741408549618,121.28207589770997,-18.190915648854954,121.16777219389319,-17.084740363358776,119.51883318015274,62524.0,9230.0,62496.0,GOV -> AUS,0.0010794476771368716
2022-01-17,GOV,AUS,823,388,6.767922235722965,1736.0328068043743,1778.8153098420414,1774.1652490887,0.45443499392466585,0.6719319562575942,3644.5188335358444,1.1165249088699885,-2.0670688484918927,45.96597812879708,-21.11492975305623,108.97854347310516,-22.098670052567236,117.94463367726166,-21.881005260391195,117.54018033618584,35528.0,4817.0,35463.0,GOV -> AUS,0.001190491688979345
2022-01-24,GOV,AUS,861,441,7.781649245063879,1973.8466898954705,2006.5807200929153,2009.8199767711963,0.4413472706155633,0.6724738675958188,4278.743321718932,1.2271777003484325,-0.8310363770357977,44.40185830429733,-15.903172844079727,113.13172025322395,-21.431304146541624,122.82025353341153,-20.08735955920282,119.7406858898007,17044.0,2880.0,15925.0,GOV -> AUS,0.0012755064249377062
2022-01-31,GOV,AUS,1046,493,6.562141491395794,1522.633843212237,1548.5812619502867,1550.0611854684512,0.5066921606118547,0.719885277246654,3555.257170172084,2.082887189292543,-1.1346257544855576,50.1434034416826,-18.367615129683,125.38189797694534,-22.913506347742562,129.25171831027868,-21.701004138328532,126.46633121421719,42894.0,5974.0,41519.0,GOV -> AUS,0.0015968661120890093
2022-02-07,GOV,AUS,2092,777,7.497609942638623,1721.1018164435945,1759.8116634799235,1766.4550669216062,0.4321223709369025,0.7452198852772467,4109.0841300191205,2.161376673040152,-1.1594779067399255,43.7906309751434,-7.13131912032599,108.60694172674982,-20.16842701677855,122.41182101725798,-16.869357365771826,119.42307451198475,166627.0,40035.0,162871.0,GOV -> AUS,0.002774138452317175
2022-02-14,GOV,AUS,811,448,8.293464858199753,1935.5166461159063,1952.0505548705303,1972.4562268803945,0.5092478421701603,0.6448828606658447,4217.305795314427,1.8165228113440208,-1.5681070494125195,44.254007398273735,-9.556831263613862,108.46250271905944,-17.583970174504948,120.9338829566832,-16.44401094183168,118.40867361633666,23486.0,5006.0,23440.0,GOV -> AUS,0.0011013215859030838
2022-02-21,GOV,AUS,906,461,9.939293598233995,2468.562913907285,2458.146799116998,2493.1545253863133,0.5496688741721855,0.6721854304635762,5417.048565121413,1.885540838852097,-1.3960487357968825,47.439293598233995,-8.263150041387023,106.28783095190157,-14.157003853467558,117.0369769205817,-10.967184465324383,114.79507822595083,93455.0,15005.0,93289.0,GOV -> AUS,0.000831140809564174
2022-02-28,GOV,AUS,1403,502,9.0,2361.4511760513187,2409.6756949394157,2397.305060584462,0.5210263720598717,0.7120456165359943,4634.12045616536,2.0334283677833196,-3.8251236781964546,47.234497505345686,-18.845458726752508,129.5718939048639,-20.986564525035767,132.712739421316,-20.14805408297569,132.05007676037178,316907.0,58995.0,316669.0,GOV -> AUS,0.001450921019429725
2022-03-07,GOV,AUS,827,484,11.673518742442564,3266.7859733978235,3273.03869407497,3300.7968561064085,0.4365175332527207,0.6166868198307134,6865.577992744861,1.3060459492140273,-2.341647068712663,43.833131801692865,-21.182490019777507,130.43102564153278,-23.25565156983931,127.12334952286776,-23.74004276019778,131.78783209394317,13995.0,2906.0,13697.0,GOV -> AUS,0.0008758672621575565
2022-03-14,GOV,AUS,784,351,6.357142857142857,1636.5561224489795,1642.232142857143,1656.7742346938776,0.32142857142857145,0.6530612244897959,3571.9477040816328,1.489540816326531,-0.13739763793308135,36.607142857142854,-19.225729469072164,121.94174498711337,-21.980474059278347,116.3657650902062,-10.40130267525773,96.39317153350515,29748.0,9992.0,29599.0,GOV -> AUS,0.0008867223507190481
2022-03-21,GOV,AUS,987,508,9.29888551165147,2236.354609929078,2262.4913880445797,2254.1337386018236,0.36271529888551163,0.5927051671732523,4181.9949341438705,1.7273556231003042,-0.5031600199085093,38.490374873353595,-13.909387958677684,122.04187364256198,-18.130118528925625,125.20180642561982,-14.694819048553722,122.15672243698344,30662.0,5344.0,30216.0,GOV -> AUS,0.0012153331453486726
2022-03-28,GOV,AUS,836,451,10.314593301435407,2582.372009569378,2601.870813397129,2607.436602870813,0.3660287081339713,0.6076555023923444,5457.007177033493,2.5163875598086096,-0.2871591761081092,39.3421052631579,-10.587087279855245,112.77375617008452,-20.557645645355862,125.85657768275038,-16.538910271411346,119.92246718697231,34006.0,7837.0,33902.0,GOV -> AUS,0.0009838210857807256
2022-04-04,GOV,AUS,718,409,8.24791086350975,2320.598885793872,2351.338440111421,2346.850974930362,0.3467966573816156,0.637883008356546,5025.473537604456,1.9991643454039,-0.02508380970685189,41.211699164345404,-19.454533295874832,124.33091141678521,-23.56098050497867,128.7346926571835,-22.535473009957336,127.31553845519205,13098.0,3313.0,13003.0,GOV -> AUS,0.0009326358914141644
2022-04-11,GOV,AUS,591,334,7.473773265651438,1990.8527918781726,2016.5786802030457,2028.4010152284263,0.3688663282571912,0.6971235194585449,4310.717428087986,1.580710659898478,-0.2535921975311668,36.80203045685279,-16.657962988034182,114.67232084957264,-21.35675362905983,124.68575190256418,-20.89748077777778,124.3387558341881,8428.0,2893.0,8258.0,GOV -> AUS,0.0008220538549596554
2022-04-18,GOV,AUS,630,339,9.380952380952381,2588.820634920635,2587.8079365079366,2623.779365079365,0.34444444444444444,0.6682539682539682,5032.68253968254,2.861111111111112,-1.4382754055926081,34.42857142857143,-11.529314745980706,113.05350792604503,-7.388473392282956,103.34928392765272,-7.24927447749196,102.835980755627,13775.0,9770.0,13747.0,GOV -> AUS,0.000882517331659819
2022-04-25,GOV,AUS,569,300,8.585237258347979,2346.982425307557,2383.1810193321617,2385.562390158172,0.5500878734622144,0.6467486818980668,6183.9173989455185,2.2504393673110723,-0.34247545844137806,47.24077328646749,-9.945550323214288,94.08732781071433,-14.55181904107143,123.26396482857147,-18.269970207142848,127.89161066428574,59955.0,7339.0,59911.0,GOV -> AUS,0.0007102166347963712
2022-05-02,GOV,AUS,476,315,7.369747899159663,1932.2626050420167,1933.2289915966387,1977.6302521008404,0.41596638655462187,0.6197478991596639,4040.0861344537816,1.4100840336134453,0.4265358104088359,41.63865546218487,-9.192862948164144,114.03504167602588,-15.85636819098712,119.30178965450644,-12.466447084233259,117.84589547300213,4658.0,1004.0,4632.0,GOV -> AUS,0.0007012250814658551
2022-05-09,GOV,AUS,533,332,7.371482176360225,1908.5741088180112,1957.1050656660414,1950.2045028142588,0.41275797373358347,0.6772983114446529,3912.249530956848,1.9975609756097565,-0.5439610976375069,41.44465290806754,-17.540315061420344,119.77017210940498,-21.27439882533589,123.79614422264872,-20.2445680403071,123.89993858733202,6087.0,1386.0,5991.0,GOV -> AUS,0.0007302550275249972
2022-05-16,GOV,AUS,989,441,7.9413549039433775,1984.8119312436804,2032.499494438827,2012.6006066734076,0.44388270980788674,0.5753286147623863,4113.763397371082,0.630232558139535,0.25195026681410687,44.96461071789687,-10.717617407558748,118.86493115423909,-21.17359219713995,130.4680851889684,-15.396012351378971,123.30454495403478,59717.0,11037.0,59665.0,GOV -> AUS,0.0013899390338166966
2022-05-23,GOV,AUS,794,429,9.295969773299747,2425.860201511335,2469.303526448363,2459.667506297229,0.4748110831234257,0.6486146095717884,4808.444584382872,1.5629722921914357,0.3724372702814167,41.58690176322418,-9.455507319745221,112.41746899108287,-16.794521685350322,118.80024505605101,-10.214352870063694,116.86266631719751,19895.0,4259.0,19634.0,GOV -> AUS,0.0010552546765458352
2022-05-30,GOV,AUS,875,358,5.548571428571429,1348.3325714285713,1391.2914285714285,1398.3074285714285,0.672,0.7725714285714286,4156.416,0.37508571428571436,-2.2830508452650293,49.50857142857143,7.0425604936562465,88.0514119319495,1.9401811084198255,93.3438925640141,5.190180576701237,89.01741395386416,222822.0,41049.0,222748.0,GOV -> AUS,0.0013534227675098104
2022-06-06,GOV,AUS,876,410,17.364155251141554,4985.192922374429,4714.666666666667,5039.973744292238,0.4452054794520548,0.5068493150684932,9363.166666666666,1.2437214611872136,-0.7033409564872009,40.593607305936075,-18.248501989643266,123.15621525546611,-21.86810391484466,128.52927687571926,-18.829555188722676,126.79134027502882,30954.0,5043.0,30790.0,GOV -> AUS,0.0013671521409352818
2022-06-13,GOV,AUS,647,382,6.041731066460588,1460.9335394126738,1499.6429675425038,1484.7650695517775,0.5023183925811437,0.7619783616692427,4050.1746522411127,1.3001545595054098,-0.34246090608813806,47.310664605873264,-18.10011148899372,127.72598360062902,-21.10096090408805,129.0083485487422,-18.22723779402516,131.01555929874223,17121.0,3000.0,16893.0,GOV -> AUS,0.0010761630711398679
2022-06-20,GOV,AUS,594,356,7.414141414141414,1846.9478114478115,1877.9309764309764,1879.8636363636363,0.4595959595959596,0.6296296296296297,3767.715488215488,2.0104377104377105,0.49177140991051416,45.67340067340067,-12.62058788135593,114.36082995084747,-19.860600323728814,122.82560847796607,-14.556239964406776,116.41395073898306,9759.0,1778.0,9719.0,GOV -> AUS,0.0009746780608829205
2022-06-27,GOV,AUS,643,330,8.940902021772938,2089.367029548989,2115.306376360809,2113.760497667185,0.5303265940902022,0.6345256609642301,4418.799377916019,1.1737169517884916,-0.8630388390107588,44.96111975116641,-7.473466040688575,91.88800105320814,-15.907575159624416,109.2505797026604,-13.133457017214399,106.09119173239436,49888.0,10329.0,49770.0,GOV -> AUS,0.0010139604855025728
2022-07-04,GOV,AUS,794,414,10.836272040302267,2788.0843828715365,2828.7544080604534,2814.913098236776,0.4156171284634761,0.5604534005037783,6103.303526448362,1.5997481108312346,-1.3439026453184588,42.41813602015113,-16.243713432397964,119.63075423852042,-23.29787021556122,129.15489042602042,-17.951198848214286,120.82628395918371,13978.0,2803.0,13664.0,GOV -> AUS,0.001369232281461733
2022-07-11,GOV,AUS,641,391,10.205928237129486,2538.433697347894,2562.015600624025,2513.3322932917317,0.44461778471138846,0.6146645865834633,4837.78783151326,1.7260530421216846,-0.9832072025100639,45.33541341653666,-12.266089793048973,113.3239934170616,-17.674296526066353,117.4708165876777,-14.942047371248025,115.95269763033176,8058.0,1335.0,7785.0,GOV -> AUS,0.0009898696645870653
2022-07-18,GOV,AUS,629,319,7.801271860095389,1847.3211446740859,1875.6963434022257,1883.6184419713832,0.6120826709062003,0.5310015898251192,3521.7551669316376,-0.6491255961844196,-0.5604544273210346,57.8060413354531,-15.984727651200007,109.13152190560007,-21.401432436800008,117.64106904320005,-16.266842038400007,112.71718008160006,167685.0,17505.0,167570.0,GOV -> AUS,0.0010545463690241673
2022-07-25,GOV,AUS,385,259,10.072727272727272,2692.2805194805196,2727.9324675324674,2727.4207792207794,0.4649350649350649,0.6,5389.161038961039,2.0038961038961043,-0.7522060538554977,45.35064935064935,-18.61643669496021,125.39631512997343,-22.62791936074271,130.5820038992042,-19.285293265251987,125.17034889389917,3754.0,717.0,3709.0,GOV -> AUS,0.0007185302417247712
2022-08-01,GOV,AUS,653,315,9.872894333843798,2338.5482388973965,2375.5053598774884,2362.1424196018374,0.4349157733537519,0.5298621745788668,3984.4119448698316,1.6978560490045946,-0.8556778998576963,47.733537519142416,-11.706514930232554,123.2583259891473,-19.24774572868217,130.16716950387598,-12.880474426356587,122.00487058914732,18451.0,4246.0,18444.0,GOV -> AUS,0.0009840383850317665
2022-08-08,GOV,AUS,421,256,6.973871733966746,1660.456057007126,1691.6698337292162,1670.9263657957245,0.4821852731591449,0.6912114014251781,3690.66270783848,1.5710213776722093,-0.5483073334222586,47.52969121140143,-13.552554940047964,108.03630332374098,-16.302155067146284,113.23833130215829,-14.283203340527582,110.65114583453236,12077.0,1634.0,12051.0,GOV -> AUS,0.0007390632680289305
2022-08-15,GOV,AUS,651,355,7.703533026113671,2090.0906298003074,2137.1351766513058,2106.019969278034,0.36098310291858676,0.6390168970814132,4405.804915514593,1.1231950844854077,-1.2924849520300639,41.1520737327189,-26.043234092331765,135.2570225821596,-28.424089280125198,138.47660911737094,-27.38592531298905,137.9344859577465,18261.0,3947.0,18130.0,GOV -> AUS,0.0012362676490974866
2022-08-22,GOV,AUS,501,274,6.972055888223553,1878.9660678642715,1904.7664670658683,1902.9301397205588,0.28542914171656686,0.656686626746507,4136.562874251497,1.1604790419161677,0.4858008681562671,38.70259481037924,-17.910064738430577,115.66649377263579,-20.64755581488933,119.14170021327966,-19.591938712273635,117.42354305633802,9275.0,2513.0,9253.0,GOV -> AUS,0.0009430162213848221
2022-08-29,GOV,AUS,542,285,5.612546125461255,1567.6771217712178,1613.0571955719556,1603.5682656826568,0.34686346863468637,0.7601476014760148,3972.940959409594,2.3254612546125455,0.40817875993113123,36.56826568265683,-1.3157327003816768,87.80331676145033,-4.1029294980916005,94.08643101145036,-12.745962576335879,108.22791877290078,12157.0,9020.0,12121.0,GOV -> AUS,0.0010420131232132454
2022-09-05,GOV,AUS,1098,533,8.166666666666666,2190.9253187613845,2218.315118397086,2237.5810564663025,0.5373406193078324,0.6429872495446266,5569.6120218579235,2.292622950819672,0.1199494523805596,43.40619307832423,-13.567371144967696,108.7634036398893,-19.216684428439542,119.57671229547566,-14.853253204062808,112.71421173037871,63048.0,15982.0,62960.0,GOV -> AUS,0.0016645114931638301
2022-09-12,GOV,AUS,1448,426,10.161602209944752,2571.8895027624308,2585.524861878453,2570.582182320442,0.5642265193370166,0.4516574585635359,4714.955801104972,0.994267955801101,0.2604241202208463,52.67955801104972,-17.694926991655045,114.1952362141861,-27.51465942141865,132.95930547844188,-25.418387446453384,126.63433512586886,519140.0,76828.0,496767.0,GOV -> AUS,0.002166548962809571
2022-09-19,GOV,AUS,986,306,5.589249492900609,1478.4705882352941,1534.4959432048681,1527.606490872211,0.29107505070993916,0.8529411764705882,3340.2718052738337,0.926470588235293,-1.483884847150953,34.401622718052735,-21.862770520939733,128.936835764045,-23.448874662921362,130.77237566292138,-13.248662221654763,111.7908623493361,121409.0,52020.0,121313.0,GOV -> AUS,0.0015967921643821419
2022-09-26,GOV,AUS,615,341,7.9105691056910565,1914.8650406504064,1946.409756097561,1956.9349593495936,0.38699186991869916,0.5951219512195122,4011.611382113821,0.9336585365853658,-2.236985999182751,40.146341463414636,-16.962548232172473,123.45820831674963,-22.833063766169154,129.76430544278608,-18.317926948590383,125.30168548922059,10940.0,2546.0,10752.0,GOV -> AUS,0.0010712624697564316
2022-10-03,GOV,AUS,755,303,8.0158940397351,1777.041059602649,1797.0344370860928,1785.9231788079471,0.3708609271523179,0.6291390728476821,3233.078145695364,1.6670198675496688,-1.2302927171765567,40.58278145695364,-22.305929636118595,126.76402434097035,-26.763477088948793,134.33242359973045,-26.571297607816707,134.78554925202155,43939.0,4817.0,43905.0,GOV -> AUS,0.0012265413807444375
2022-10-10,GOV,AUS,739,353,8.40595399188092,2022.8809201623817,2029.0933694181326,2002.657645466847,0.5047361299052774,0.5899864682002707,3701.6292286874154,1.789309878213803,-0.37869727178872764,51.393775372124495,-15.341476460624081,108.5790754517088,-17.394431591381885,112.74147184546813,-15.900541848439829,108.86127050074302,70458.0,7246.0,70399.0,GOV -> AUS,0.0013101536017700371
2022-10-17,GOV,AUS,729,419,7.500685871056241,1960.5816186556926,1994.3045267489713,1988.5212620027435,0.4924554183813443,0.588477366255144,3845.9245541838136,1.6700960219478735,-0.25147935900559576,41.906721536351164,-13.814716525210088,113.49724467647059,-25.488098131652663,132.7890519131653,-23.303553453781515,129.10025275350145,24107.0,6431.0,24046.0,GOV -> AUS,0.0013052983654226642
2022-10-24,GOV,AUS,485,283,6.410309278350516,1634.5835051546392,1644.7773195876289,1688.2329896907218,0.5567010309278351,0.7752577319587629,4201.79175257732,1.4381443298969074,-1.164779022291584,42.63917525773196,-11.455955880252098,104.78218172058824,-13.575030951680668,107.76192732563025,-11.932001346638659,104.92945209243697,10075.0,5227.0,10003.0,GOV -> AUS,0.0008760980579525317
2022-10-31,GOV,AUS,424,289,6.15566037735849,1624.1509433962265,1665.0754716981132,1660.801886792453,0.38443396226415094,0.6886792452830188,3595.9245283018868,1.4176886792452834,-1.1443474500928024,42.735849056603776,-23.145090980676322,126.27185869565216,-25.568535024154585,130.74470120772943,-24.22428691545893,128.94308574879224,4371.0,984.0,4322.0,GOV -> AUS,0.0007856594907295886
2022-11-07,GOV,AUS,327,190,7.681957186544342,2086.4250764525996,2042.8929663608562,2126.5749235474004,0.41284403669724773,0.6422018348623854,4044.1926605504586,0.7207951070336392,-1.9142450552312746,39.9388379204893,-18.430865905537463,119.70461056351793,-20.752447338762217,123.87096626384364,-20.046999456026057,121.49848830293162,14405.0,3393.0,14396.0,GOV -> AUS,0.0008607573611864237
2022-11-14,GOV,AUS,932,411,9.96351931330472,2637.5858369098714,2693.511802575107,2689.3830472103004,0.3165236051502146,0.4388412017167382,4977.609442060086,1.202896995708154,-0.6587900385189831,35.997854077253216,-1.7916364262472952,101.76094693058569,-18.850846317787415,127.0489862819957,-16.319617575921907,125.59782738828636,41038.0,17552.0,40958.0,GOV -> AUS,0.0015146688855807422
2022-11-21,GOV,AUS,602,338,6.799003322259137,1786.637873754153,1782.2308970099668,1816.6843853820599,0.3770764119601329,0.6827242524916943,4088.767441860465,1.6838870431893695,-0.013663481567154023,41.029900332225914,-19.369382627749587,124.405458461929,-24.260620162436553,134.22510826903556,-21.62623431979696,128.84717506768195,13377.0,3818.0,13023.0,GOV -> AUS,0.00139758185836599
2022-11-28,GOV,AUS,427,316,6.3676814988290396,1566.9391100702576,1600.9929742388758,1600.0070257611242,0.40749414519906324,0.6721311475409836,3694.526932084309,1.6807962529274008,-1.73261190796455,45.40983606557377,-17.606430529691213,119.02104241092638,-24.136988334916865,129.23089640142516,-21.173379285035633,125.82071642517812,4204.0,829.0,4144.0,GOV -> AUS,0.0008482303372460523
2022-12-05,GOV,AUS,507,270,7.191321499013807,1916.5384615384614,1944.4970414201184,1946.2702169625247,0.5877712031558185,0.7021696252465484,3774.542406311637,2.0911242603550306,0.12660700180495868,47.77120315581854,-8.824494258517031,102.78335968336673,-12.289554378757513,110.38022567935869,-10.778484368737475,108.20108165731462,20821.0,4243.0,20681.0,GOV -> AUS,0.0009617007877600339
2022-12-12,GOV,AUS,353,254,8.30028328611898,2248.045325779037,2297.175637393768,2285.2237960339944,0.45609065155807366,0.5410764872521246,4814.067988668555,1.308498583569405,-0.8457294364995198,45.86402266288952,-22.044803,124.90118619827585,-23.485482803468205,128.5168661810345,-22.841295054913296,124.50634223275864,3424.0,621.0,3334.0,GOV -> AUS,0.0006968324719983891
2022-12-19,GOV,AUS,395,259,11.164556962025317,3067.179746835443,3148.5291139240508,3121.4050632911394,0.4860759493670886,0.4860759493670886,5490.367088607595,1.2891139240506326,0.5466053200081722,49.063291139240505,-7.9591493857868025,110.82839102791878,-19.757756322335023,127.88589864467008,-17.452151586294416,125.12444965736043,8945.0,1684.0,8667.0,GOV -> AUS,0.0007740817822302178
2022-12-26,GOV,AUS,175,128,6.308571428571429,1770.36,1816.1542857142856,1802.1542857142856,0.44,0.6685714285714286,3563.0342857142855,1.9200000000000004,-0.3634428122366508,43.65714285714286,-11.245646086705202,116.82638112138729,-21.395594641618498,126.17499402890176,-12.495398832369942,114.68496127167631,1496.0,381.0,1457.0,GOV -> AUS,0.0004107373792138721
2023-01-02,GOV,AUS,321,190,7.1433021806853585,1889.6822429906542,1881.5981308411215,1896.056074766355,0.5264797507788161,0.6573208722741433,3943.9532710280373,0.6875389408099688,-1.1090830594057661,42.64797507788162,-17.25636025705329,115.33842865830722,-22.57183784326019,124.19180818808779,-21.51908658934169,121.14584622257055,5558.0,1040.0,5546.0,GOV -> AUS,0.0006065988888468951
2023-01-09,GOV,AUS,495,296,10.82020202020202,2940.4828282828285,2717.018181818182,2974.369696969697,0.3717171717171717,0.5474747474747474,5669.642424242425,1.0426262626262626,-0.8962152239839244,41.09090909090909,-12.223282231083843,101.5919079570552,-21.6445006196319,120.46866417995906,-17.385019112474442,113.81455893865026,8274.0,2031.0,8207.0,GOV -> AUS,0.0007678883071553229
2023-01-16,GOV,AUS,403,244,7.851116625310174,1875.818858560794,1902.6426799007445,1900.7965260545905,0.4094292803970223,0.6401985111662531,3991.667493796526,1.3387096774193552,-1.1505323254271551,40.049627791563275,-11.236167244949495,107.36940243434346,-17.57545592171717,116.57904642929296,-14.737188136363637,111.71664631818183,5153.0,1705.0,5086.0,GOV -> AUS,0.0006992400319255995
2023-01-23,GOV,AUS,509,300,7.033398821218075,1757.0609037328095,1788.7642436149313,1802.0373280943027,0.550098231827112,0.6974459724950884,3913.267190569745,0.45638506876227886,-1.5716141728846271,49.882121807465616,-18.632213821138212,120.21473766260165,-20.51558658536586,122.99400453252035,-19.79649817073171,121.37064328658539,13539.0,2353.0,13494.0,GOV -> AUS,0.0008087311183527943
2023-01-30,GOV,AUS,1150,399,7.380869565217392,1842.4469565217391,1825.0182608695652,1829.62,0.2573913043478261,0.6052173913043478,3652.2834782608697,1.9946956521739134,0.8388207138497998,33.17391304347826,-4.0121798626421805,96.41791036657935,-15.50376875153106,106.59551973928258,3.9050840918635474,82.32089535958005,90616.0,45790.0,90576.0,GOV -> AUS,0.0017967458588913922
2023-02-06,GOV,AUS,561,302,6.64349376114082,1629.4313725490197,1646.4955436720143,1650.2566844919786,0.39037433155080214,0.6809269162210339,3182.1247771836006,1.8960784313725483,-1.6210831191035313,41.42602495543672,-8.437875791741465,80.45150735368041,-11.12112838061041,84.6424771382406,-9.637864436265701,83.14068628725315,25819.0,1079.0,25569.0,GOV -> AUS,0.0009465574666680165
2023-02-13,GOV,AUS,514,289,6.056420233463035,1554.739299610895,1546.9902723735408,1577.6439688715952,0.4961089494163424,0.6964980544747081,3775.2509727626457,1.7313229571984436,-0.21737174760831984,46.38132295719844,-16.927235666011786,120.78101116895881,-20.23718095088407,125.44024731827122,-10.46248816110019,112.72863441650301,9935.0,2029.0,9833.0,GOV -> AUS,0.0008372467287923286
2023-02-20,GOV,AUS,607,353,6.909390444810544,1648.8945634266886,1508.0378912685337,1677.7347611202636,0.36902800658978585,0.6243822075782537,3643.95881383855,1.195551894563427,-1.3830240887879757,42.57001647446458,-13.051692121575337,118.39578673287672,-19.311224085616438,122.53165922260276,-13.551826654109586,118.15573547773973,8404.0,1986.0,8156.0,GOV -> AUS,0.0009304307572510753
2023-02-27,GOV,AUS,642,381,7.554517133956386,1865.9205607476636,1912.8956386292834,1835.4532710280373,0.4423676012461059,0.5903426791277259,4041.878504672897,1.536292834890966,0.33527014128643695,43.30218068535826,-8.510674015748032,115.70515768346455,-17.381646464566924,125.45142959527556,-10.642837889763776,118.57041647716532,10841.0,2144.0,10729.0,GOV -> AUS,0.001072708589187699
2023-03-06,GOV,AUS,1113,445,8.411500449236298,1806.8230008984726,1842.837376460018,1830.9308176100628,0.33153638814016173,0.5624438454627134,4167.247079964061,1.5973944294699003,1.320510020660022,35.59748427672956,-8.81040450772026,109.08258900363316,-15.628859246139875,120.53532858310633,-11.827691734786557,114.06142155949142,32222.0,9715.0,31625.0,GOV -> AUS,0.0018192606250214535
2023-03-13,GOV,AUS,685,322,8.510948905109489,1891.112408759124,1979.5372262773722,1967.2715328467152,0.47737226277372263,0.6204379562043796,4109.881751824818,2.360729927007299,-0.5304071963879647,45.416058394160586,-0.8117561742983687,57.64391377400306,-20.47190432791729,124.9466704579025,-9.190069955686855,81.83424151846378,71098.0,14389.0,71048.0,GOV -> AUS,0.0010939084470492418
2023-03-20,GOV,AUS,2878,474,5.383599722029187,1364.909659485754,1426.189020152884,1398.4047949965254,0.5006949270326616,0.7845726198749131,4089.67616400278,2.359520500347482,-0.09020237269223136,37.546907574704655,-29.94159359592015,142.55827622011552,-31.347330171797008,141.9724589713682,-30.74411653400172,142.6317707455271,1257543.0,168038.0,1255298.0,GOV -> AUS,0.004574658490140164
2023-03-27,GOV,AUS,2748,616,7.3846433770014555,1796.4748908296942,1841.0342066957787,1840.533478893741,0.22016011644832606,0.5877001455604076,3673.6532023289665,0.995669577874817,-1.001406065227754,42.998544395924306,-26.86168265166485,134.66946247293333,-28.97364819319431,138.14569105084112,-28.483311292352738,136.9833579861008,493616.0,71875.0,340502.0,GOV -> AUS,0.0022821020252409784
2023-04-03,GOV,AUS,3623,665,7.092464808170025,1659.6839635661054,1666.9930996411813,1682.707424786089,0.5600331217223296,0.7228815898426718,3719.349434170577,-0.3048302511730618,-1.5786839404876858,54.747446867237095,-11.125915530036313,107.75427667197543,-19.776589706063135,127.6198187778707,-16.477715352891888,125.2385445356243,1743888.0,162307.0,1679966.0,GOV -> AUS,0.0029777192955059697
2023-04-10,GOV,AUS,2814,588,9.041222459132907,2512.144278606965,2574.3383084577113,2559.1353944562898,0.35216773276474767,0.6098081023454158,4280.74235963042,1.6113006396588496,-1.9540251949537282,41.49609097370291,-1.204717436181639,72.96222257168394,-12.234965080085829,96.88350938791561,-1.8183091140507839,71.8427552552735,749401.0,122301.0,747545.0,GOV -> AUS,0.0025945790447634036
2023-04-17,GOV,AUS,1927,554,8.051894135962636,2038.2937208095486,2048.4587441619096,2063.001037882719,0.5531914893617021,0.5454073689673067,4299.543331603529,1.8443694862480535,-0.5262357804413298,50.78360145303581,-17.06605875470655,122.68140256035437,-19.883172076965696,125.45402572702099,-17.66436906866004,122.4319505293466,525566.0,50077.0,515608.0,GOV -> AUS,0.001963781629928562
2023-04-24,GOV,AUS,3016,720,7.780172413793103,1957.217175066313,1989.9751326259948,1988.1584880636606,0.3696949602122016,0.6800397877984085,4250.300397877984,2.2432692307692292,-0.4582730023380773,45.185676392572944,-23.37049325533332,130.9886640383333,-26.33717477399998,137.17122806699993,-24.378019754666667,134.07034831266662,433355.0,70444.0,428198.0,GOV -> AUS,0.0030368479612540088
2023-05-01,GOV,AUS,2695,793,7.067161410018553,1728.477551020408,1739.1899814471244,1744.8037105751391,0.22820037105751392,0.6823747680890538,3812.0296846011133,2.6582189239332084,0.8392178127779505,38.54545454545455,-16.68139368909774,113.67079603383449,-20.549863262781958,122.29199690526293,-17.01379221541353,115.3695502323306,538323.0,75783.0,418245.0,GOV -> AUS,0.002677196642328515
2023-05-08,GOV,AUS,1866,696,5.621650589496249,1336.2293676312968,1381.9056806002143,1373.0664523043945,0.4265809217577706,0.7127545551982851,4053.8660235798498,2.1993569131832804,-1.2081372886961073,44.158628081457664,-10.780483381056081,126.20867441262918,-18.99544608056617,131.08306991507885,-16.034326569406666,128.2645621328252,221714.0,42671.0,203875.0,GOV -> AUS,0.0017811750982939473
2023-05-15,GOV,AUS,5291,980,7.07994707994708,1430.3961443961443,1489.3840483840484,1455.1702891702892,0.4515214515214515,0.7301077301077301,3791.040257040257,2.123322623322623,-1.095138818459139,48.077868077868075,-11.42611643277476,126.59565297057635,-23.136201913094283,135.971792448363,-15.702153681410753,130.3679096993371,1385104.0,153642.0,1354489.0,GOV -> AUS,0.00507968509984639
2023-05-22,GOV,AUS,4630,1010,7.383153347732182,1765.3475161987042,1806.7652267818576,1795.0019438444924,0.4034557235421166,0.767170626349892,3766.770626349892,1.073261339092873,0.14329567672643312,43.42548596112311,-16.839575009341743,129.92537752683003,-21.88614063480339,134.13231061329546,-16.52881146469694,129.8608722246358,1248893.0,130748.0,971791.0,GOV -> AUS,0.005122911141280595
2023-05-29,GOV,AUS,3031,620,7.6483008907951175,2048.3048498845264,2083.470471791488,2089.004948861762,0.349059716265259,0.5760475090729132,4161.541735400858,1.22335862751567,-1.5446737299460025,37.792807654239525,-25.119196993366476,131.66601566500816,-27.919097026865636,134.90031716915405,-23.320708093532318,130.47686514029832,634614.0,102882.0,632248.0,GOV -> AUS,0.0034948868110973898
2023-06-05,GOV,AUS,2429,708,8.577192260189378,2017.156031288596,2021.811856731165,2033.2235487855085,0.3565253190613421,0.6352408398517908,4373.47673939893,1.846891724989707,-0.44327239832359105,39.44009880609304,-12.391277416735702,114.13131246188901,-17.074852569179807,121.59365229536033,-15.199913121789574,117.03567078748964,267320.0,45894.0,235188.0,GOV -> AUS,0.0025347603404447154
2023-06-12,GOV,AUS,3890,722,6.116709511568123,1670.1670951156811,1696.9557840616967,1702.5460154241646,0.38303341902313626,0.837789203084833,4230.65706940874,1.4920308483290528,-3.1385447777665254,47.44473007712082,-27.98122703081303,137.8165878234074,-28.47011632573794,138.3100104699636,-28.42834992490936,138.34552456084919,1034129.0,140413.0,946648.0,GOV -> AUS,0.0044740979631927805
2023-06-19,GOV,AUS,1874,497,7.1328708644610455,1902.0138740661687,1924.8447171824973,1920.3676627534685,0.3255069370330843,0.6360725720384205,4046.5832443970116,-0.768303094983992,-1.4357642346222148,36.40875133404482,-16.66243815244232,115.62727594632324,-19.310080342995192,119.91386850617292,-18.37552125818575,118.39763994686,262076.0,52918.0,261579.0,GOV -> AUS,0.0017919330501683882
2023-06-26,GOV,AUS,1626,569,6.083025830258302,1554.8179581795819,1578.4883148831489,1584.5153751537516,0.36961869618696186,0.7355473554735548,3804.7533825338255,0.8789667896678971,-0.6921629530697606,47.32472324723247,-23.684365497210198,130.50038336329823,-26.164310380657177,134.0463546850589,-25.37454887104775,132.65000367761937,251075.0,23038.0,246208.0,GOV -> AUS,0.0018899285174638228
2023-07-03,GOV,AUS,2169,468,6.393268787459659,1613.9511295527893,1648.6164130935915,1653.2383586906408,0.425541724296911,0.6703550023052097,3453.6897187644076,0.8717842323651461,-2.4055896952316234,42.95527893038266,-15.085083527777776,108.68864272314813,-19.069120189726988,121.82931276908835,-16.208406804166664,113.50351789675922,529841.0,83874.0,528456.0,GOV -> AUS,0.0027938105953560144
2023-07-10,GOV,AUS,2489,489,6.807553234230615,1441.075130574528,1474.5134592205704,1467.4913619927681,0.44877460827641624,0.7730012053033347,3554.974286862194,0.6425873844917614,0.5234068957903008,49.4535958216151,-12.80870828265265,108.64227137727445,-19.775298536999596,114.27789417306906,-16.888352062676912,112.8104847327132,410052.0,70096.0,389861.0,GOV -> AUS,0.0028553434155597288
2023-07-17,GOV,AUS,1819,538,6.665750412314458,1761.7982407916438,1780.9461242440902,1793.756459593183,0.3963716327652556,0.6250687190764156,3907.8977460142937,2.746124244090159,-0.7566475307792921,46.71797691039033,-19.747918580411806,105.27417857707296,-20.554195742904856,113.17665587256545,-17.525732721202004,93.08119554980527,249908.0,48677.0,249534.0,GOV -> AUS,0.0019866667249160115
2023-07-24,GOV,AUS,3072,750,7.550130208333333,1881.7574869791667,1922.4768880208333,1944.3212890625,0.4205729166666667,0.6901041666666666,4403.0654296875,1.7985026041666654,-1.2835067740892379,43.658854166666664,-20.49575811839944,118.0266428720892,-23.360034159724453,122.65344089242375,-20.929386674647397,115.22573046375852,456138.0,64266.0,452900.0,GOV -> AUS,0.003908198056078571
2023-07-31,GOV,AUS,2152,545,5.974442379182156,1518.921003717472,1550.0864312267659,1531.028810408922,0.32481412639405205,0.7109665427509294,3729.7894981412637,1.633736059479554,-0.9536351712288391,46.18959107806691,-25.745668888312927,135.67954585485364,-28.45792969651274,138.01441925824668,-26.255097273798313,135.46186358953796,338169.0,60997.0,282765.0,GOV -> AUS,0.002724433433051986
2023-08-07,GOV,AUS,1983,580,7.513363590519415,2072.221381744831,2107.153807362582,2082.3444276348964,0.3363590519415028,0.4987392839132627,4316.118003025718,2.069137670196676,-0.7758829303170777,42.60716086737267,-25.172490778684345,134.75266424426314,-27.557987385007653,138.62755025650176,-27.058828843447223,138.38709821162672,169589.0,31276.0,169320.0,GOV -> AUS,0.00266348606404455
2023-08-14,GOV,AUS,1785,472,9.186554621848739,2125.4022408963588,2053.1719887955182,2155.9927170868345,0.4526610644257703,0.5887955182072829,3761.0504201680674,1.392941176470587,-1.261183638333996,53.92717086834734,-20.728840975042544,126.51227935677817,-22.925094104934775,130.68843747475887,-21.857481488372095,128.87359328474187,440363.0,43594.0,431004.0,GOV -> AUS,0.0022263214808218306
2023-08-21,GOV,AUS,2362,548,6.848856900931414,1813.7121083827265,1840.5207451312447,1844.1392887383574,0.3399661303979678,0.7146486028789162,4073.179085520745,1.9200254022015242,-0.9000625384776785,50.977984758679085,-29.094222949978658,137.2023279264642,-31.20620861564776,140.46760252330043,-30.265634149209095,138.62191314023073,628379.0,77254.0,624960.0,GOV -> AUS,0.0027539826063029123
2023-08-28,GOV,AUS,1736,556,9.13536866359447,2620.1290322580644,2607.0599078341015,2651.832949308756,0.4671658986175115,0.6405529953917051,5003.337557603687,1.0693548387096772,-0.6496426347490516,50.28801843317972,-24.005534885496196,131.77741876805626,-25.730495866118623,134.05259410921892,-25.788721908396962,133.77762477980022,213194.0,25708.0,207082.0,GOV -> AUS,0.002212710851205392
2023-09-04,GOV,AUS,2736,577,10.216374269005849,2899.220760233918,2939.7401315789475,2933.5252192982457,0.3092105263157895,0.4228801169590643,4450.937134502924,1.2015716374268992,-0.39231577537966283,32.869152046783626,-11.99785288995211,118.62407999190287,-24.81724670408538,132.588183978653,-24.938584867500882,132.22298905704835,461486.0,118126.0,439735.0,GOV -> AUS,0.003246745541064923
2023-09-11,GOV,AUS,1662,482,7.176293622141998,1676.5776173285199,1675.8953068592057,1675.719614921781,0.2605294825511432,0.7069795427196149,4050.4205776173285,1.3749097472924179,-0.4558097823227208,34.41034897713598,-22.424263628746147,134.9357397608562,-26.104859300917433,137.18183105259934,-24.561518641590208,135.93143384587154,132802.0,34110.0,130424.0,GOV -> AUS,0.0018577450194660827
2023-09-18,GOV,AUS,2682,581,7.597315436241611,1988.0227442207308,2034.6700223713647,2030.9914243102162,0.49105145413870244,0.5973154362416108,3883.520134228188,0.40156599552572625,-1.0533709610341024,47.73303504847129,-25.41560749686029,108.71803199725261,-29.114144828100475,119.88111838657755,-24.46154372919938,106.77123772723692,523604.0,74248.0,521993.0,GOV -> AUS,0.0027063817935783475
2023-09-25,GOV,AUS,2314,626,7.546240276577355,1967.5535868625757,1989.4360414866032,1978.9170267934312,0.30639585133967157,0.6538461538461539,4162.746758859118,2.2157735522904063,-0.7382371219088825,42.45030250648228,-22.85424920236012,127.4310414278844,-25.995115611888096,132.84235847945786,-23.274730722465016,128.065448383304,348535.0,62612.0,346183.0,GOV -> AUS,0.002652708422177284
2023-10-02,GOV,AUS,3132,743,7.699872286079183,1663.749361430396,1712.3202426564496,1699.2535121328224,0.37388250319284805,0.626117496807152,3918.1069604086847,-0.488888888888884,-3.023708943331824,46.657088122605366,-28.95457063791433,135.97784534599273,-30.506204941422524,141.45993145220456,-29.865270746057227,139.39313662310897,616816.0,82850.0,616563.0,GOV -> AUS,0.0035827123832358346
2023-10-09,GOV,AUS,3146,610,7.637635092180547,1841.864589955499,1856.8947870311506,1880.865861411316,0.47361729179911,0.6398601398601399,3975.093769866497,0.8518118245390945,-2.562890318113559,39.955499046408136,-17.672900934588398,120.52249204148033,-19.841935067326116,123.57306888544974,-19.19718483790685,123.35336076068901,548614.0,104526.0,546888.0,GOV -> AUS,0.0022895419024011807
2023-10-16,GOV,AUS,2686,614,6.449739389426656,1376.7148175725986,1389.066269545793,1408.6470588235295,0.3432613551749814,0.6653015636634401,3143.1846612062545,-0.3354058078927788,-3.137682220688506,48.63737900223381,-21.059353751251436,126.40943200616105,-24.569175343088176,131.06571863342327,-22.431516427801306,128.71530175548722,567549.0,81324.0,555865.0,GOV -> AUS,0.0020659281832292164
2023-10-23,GOV,AUS,2371,602,9.56010122311261,2296.4495993251794,2252.684943061999,2340.71657528469,0.3121045972163644,0.4386334879797554,4388.240404892451,-1.4231126107127794,-2.558087431364709,41.66174609869253,-17.789802841812758,119.07978835485258,-21.43572361094485,126.20135924412145,-18.859998268490823,120.63873547242416,272333.0,53555.0,271398.0,GOV -> AUS,0.0020638011369620603
2023-10-30,GOV,AUS,3158,545,7.170994300189994,1446.606713109563,1496.495250158328,1394.5180493983535,0.48036732108929703,0.6082963901203293,3584.9490183660546,-1.171152628245724,-2.413285090533431,47.4889170360988,-13.955806594542546,130.1753729383627,-21.74288600866772,138.47865170786505,-19.131984901123584,135.65400070722296,819659.0,122650.0,797267.0,GOV -> AUS,0.00285488539777648
2023-11-06,GOV,AUS,2123,504,8.934055581723975,1975.4663212435232,2024.7258596325953,2004.3796514366463,0.442769665567593,0.45690061234102686,3785.1455487517665,-0.1966556759302876,-2.3012906426844824,47.36693358455017,-19.572416970014302,132.93813401237497,-26.256406046168518,138.87721397572585,-20.965134091385078,136.82676777915276,351507.0,51202.0,350034.0,GOV -> AUS,0.0020211136402798523
2023-11-13,GOV,AUS,2864,686,6.870810055865922,1629.9200418994412,1665.8215782122904,1667.8886173184358,0.4137569832402235,0.8072625698324022,3327.1784217877093,1.1263617318435735,-1.6630430544322612,49.951117318435756,-15.157214377170293,103.71173276062056,-17.34738871555227,109.39333097857401,-17.023123496490577,109.2073938736608,584595.0,69266.0,561944.0,GOV -> AUS,0.003050342364718275
2023-11-20,GOV,AUS,2346,580,6.201619778346121,1494.5613810741688,1523.152600170503,1529.390451832907,0.4339300937766411,0.7250639386189258,3828.107843137255,0.5040920716112529,-1.008057285004619,46.909633418584825,-14.725777488202496,106.60106074731861,-15.47475210510512,107.03402858386944,-14.46556313127414,105.70617386615172,462930.0,58436.0,457228.0,GOV -> AUS,0.002512503614535251
2023-11-27,GOV,AUS,2306,499,6.893321769297485,1582.0398959236772,1643.7705984388551,1645.020381613183,0.6782307025151778,0.6149176062445794,3635.2168256721598,1.1831743278404174,-1.4769120946403538,56.06244579358196,-26.937252018724834,131.19665903566633,-26.867421811413266,132.39399443468557,-26.621219411502437,132.2890333259027,680217.0,77289.0,677159.0,GOV -> AUS,0.00229603292108955
2023-12-04,GOV,AUS,2271,553,8.256274768824307,2072.518273888155,2098.9643328929988,2104.2523117569353,0.45090268604139144,0.7305151915455746,3664.585204755614,0.4367239101717299,-1.2374353283391828,44.90973139586085,-28.402492101014783,137.74203530073802,-29.57034975968635,140.96818691928047,-28.54893114160519,138.29813228321038,366364.0,63039.0,365668.0,GOV -> AUS,0.0024960844118374413
2023-12-11,GOV,AUS,1543,408,6.084251458198315,1488.8826960466624,1539.9423201555412,1521.2222942320157,0.48347375243033053,0.7543745949449125,3317.0641607258585,1.565262475696694,-0.8594946590031015,46.26053143227479,-20.30762392894739,124.64216373486848,-22.302915718421087,128.3305981861842,-21.81111202105266,127.30231761381583,302807.0,37810.0,302129.0,GOV -> AUS,0.001656572987446333
2023-12-18,GOV,AUS,2019,454,6.757800891530461,1705.4834076275383,1709.3947498761763,1740.3254086181278,0.48588410104011887,0.5844477464091135,3180.4309063893015,-0.949232293214464,-1.6018794523297792,54.26448736998514,-21.827566642068362,126.30432667620465,-22.54266504066273,127.09068905823273,-22.079628738955904,126.24175767068255,477843.0,68134.0,475126.0,GOV -> AUS,0.0025131820693981804
2023-12-25,GOV,AUS,598,181,7.384615384615385,1762.576923076923,1788.4598662207359,1785.3344481605352,0.49498327759197325,0.580267558528428,3180.777591973244,-0.7951505016722404,-3.0651425860857717,46.40468227424749,-14.010679227350423,114.42304220341883,-21.74521695555555,131.0666377777778,-22.744602418803407,125.03361593846157,51867.0,7658.0,48791.0,GOV -> AUS,0.000972927241962775
2024-01-01,GOV,AUS,1108,305,5.972021660649819,1640.9702166064983,1648.1895306859205,1655.0153429602888,0.6335740072202166,0.6660649819494585,3324.7707581227437,0.43285198555956733,-1.3630408077852985,56.81407942238267,-6.230852493647925,100.24772481941926,-9.59697504809438,107.37470782577135,-7.907011176043565,102.56479980399277,315142.0,31332.0,314581.0,GOV -> AUS,0.001510798527925911
2024-01-08,GOV,AUS,1342,362,7.485842026825633,1561.6140089418777,1580.0253353204173,1605.6795827123697,0.37481371087928467,0.5305514157973175,3013.0298062593147,0.34597615499254825,-2.8517747370513087,47.3397913561848,-14.772712947169815,124.21093259622637,-20.991581879245302,131.20557330566038,-14.608657505660387,125.12143038188674,154625.0,25187.0,153053.0,GOV -> AUS,0.0015898383032563253
2024-01-15,GOV,AUS,2001,388,5.8120939530234885,1435.6701649175413,1495.953023488256,1467.446776611694,0.33683158420789605,0.7381309345327336,3650.3163418290856,1.2115942028985487,0.5535331743516438,41.07446276861569,9.536429643145258,57.81825918800407,-10.387898678427431,107.92276223941568,0.49444463407262634,79.80116942439523,487543.0,85979.0,487493.0,GOV -> AUS,0.002464340342519908
2024-01-22,GOV,AUS,1753,416,6.437535653166001,1893.7569880205363,1926.8476896748432,1930.9207073588134,0.226468910439247,0.6719908727895038,3895.652595550485,1.4177410154021635,0.08472301366339939,37.47860810039931,-28.835464859965178,139.70627033759442,-29.660995268448623,142.4384912638001,-28.894261920395163,140.92469303021497,241241.0,47364.0,240723.0,GOV -> AUS,0.0021955615339623183
2024-01-29,GOV,AUS,1592,432,6.7462311557788945,1676.3467336683418,1698.6777638190954,1684.0301507537688,0.3398241206030151,0.6394472361809045,3659.916457286432,1.6695351758793961,-0.7317400072018823,43.64321608040201,-24.823635840506338,129.36553525696203,-25.53837186898735,130.75376544493676,-23.42173664746836,126.03098029683544,186727.0,27275.0,174084.0,GOV -> AUS,0.001982135875912318
2024-02-05,GOV,AUS,1975,569,7.501772151898734,1729.4156962025315,1699.8962025316455,1749.2830379746836,0.3032911392405063,0.649620253164557,4108.721012658228,2.5870886075949335,0.4709115908808447,41.89873417721519,-25.661816707888068,121.56509594300233,-29.41880614503818,126.31829075419826,-27.544778029516582,123.98844569923641,181423.0,34670.0,125849.0,GOV -> AUS,0.0022675242309361486
2024-02-12,GOV,AUS,2014,558,6.649453823237339,1873.8033763654419,1876.5769612711024,1898.7750744786495,0.23932472691161866,0.6847070506454817,3661.9200595829197,0.33008937437934405,-1.7841198425298224,39.47864945382324,-26.580849278033764,133.67146380849965,-28.13224438095237,136.56498478187402,-28.29655054582691,137.01913764464913,204619.0,43136.0,198329.0,GOV -> AUS,0.0022777446030798182
2024-02-19,GOV,AUS,1659,553,6.365883062085594,1502.0940325497288,1540.317661241712,1527.502712477396,0.5189873417721519,0.7540687160940326,3562.9403254972876,-0.34647377938517343,-1.899066621921353,56.22061482820976,-24.905256454719417,126.71904993813769,-29.07057458381138,132.60230585340972,-25.425859557680077,127.74114925302734,327980.0,27208.0,249658.0,GOV -> AUS,0.001811109667657555
2024-02-26,GOV,AUS,2338,617,8.306244653550042,2259.826775021386,2291.494867408041,2279.2865697177076,0.4846022241231822,0.6295979469632165,4310.688195038494,-0.29401197604790724,-1.5690171222524951,53.058169375534646,-23.105777586520965,131.31891713387955,-27.06677782468121,132.93370937386138,-25.290874579234952,129.52061135428036,507543.0,48075.0,357802.0,GOV -> AUS,0.002624339004434886
2024-03-04,GOV,AUS,2472,757,8.48584142394822,2311.991909385113,2493.010517799353,2493.8094660194174,0.5004045307443366,0.7281553398058253,4432.429611650486,1.8571601941747549,0.701622484666918,50.153721682847895,-24.692378399585053,131.1634759879667,-27.094318174688787,133.7561159315352,-25.609115395020737,131.77664033112026,602917.0,66581.0,590639.0,GOV -> AUS,0.002881236414072835
2024-03-11,GOV,AUS,1777,564,5.972988182329769,1393.885762521103,1449.7574563871694,1421.8159819921216,0.5109735509285313,0.8227349465391108,3408.235790658413,2.5929656724817107,-1.1113868666076863,51.4518851997749,-21.064397847428573,128.54538200171424,-22.880609313714285,130.7371858885714,-22.16193275257144,130.00064529771424,288914.0,30867.0,288106.0,GOV -> AUS,0.0021362281207924602
2024-03-18,GOV,AUS,2192,614,6.035583941605839,1418.0579379562043,1437.02098540146,1442.9808394160584,0.6072080291970803,0.7687043795620438,3933.4215328467153,0.05314781021897713,-0.6737790268972038,57.42700729927007,-19.245174656965645,121.3290361779578,-21.16991800524808,123.12441623282422,-20.460107385973277,122.52544056488529,659202.0,66018.0,632557.0,GOV -> AUS,0.0024524282619981025
2024-03-25,GOV,AUS,2068,524,6.914893617021277,1744.9526112185686,1700.674081237911,1770.8128626692458,0.47195357833655704,0.5657640232108317,3318.76499032882,1.9004352030947782,-0.20037082839570974,48.56866537717602,-28.79043651435511,129.72768270559578,-31.254699690997448,133.69998437615538,-29.783257338686013,131.8211523844279,618408.0,61277.0,615415.0,GOV -> AUS,0.0027056376172595606
2024-04-01,GOV,AUS,1675,449,16.133731343283582,3477.451343283582,3463.2507462686567,3511.572537313433,0.4256716417910448,0.5367164179104478,6568.965373134329,0.7988059701492536,-1.8010917732507858,45.002985074626864,-14.69211099276236,110.28841215560918,-24.72920652834743,128.52010846743076,-23.461182842581447,125.97149369420997,259937.0,46391.0,258609.0,GOV -> AUS,0.00211711768646435
2024-04-08,GOV,AUS,2186,509,11.658737419945105,3014.268526989936,3036.9007319304665,3039.624428179323,0.2785910338517841,0.4441903019213175,4509.9391582799635,0.7124428179322948,-1.9800612030984428,36.372369624885636,-24.891714764786794,132.01835277854144,-27.45504605181108,136.84573180971972,-26.847934633654283,135.32499326455698,546165.0,74629.0,522665.0,GOV -> AUS,0.00248128536484316
2024-04-15,GOV,AUS,2427,518,15.287597857437165,3836.338277709106,3879.731355583024,3871.478368355995,0.3757725587144623,0.6081582200247219,5956.783271528636,1.335887927482486,-3.4869919689072053,38.195302843016066,-25.347675564166675,140.9144692279166,-29.616793180416675,144.5793990041665,-28.700228786666674,143.3419517024999,442177.0,90648.0,421352.0,GOV -> AUS,0.002780161082097802
2024-04-22,GOV,AUS,2323,574,5.796814464055101,1324.4954799827808,1385.201033146793,1373.282393456737,0.6340938441670254,0.6805854498493328,3452.5553164012053,2.5272922944468452,-0.817283172426248,57.12010331467929,-6.692434202537183,101.09854717541576,-21.262970534995585,121.76311140726189,-14.223307369203857,111.38919487051648,791356.0,55623.0,787977.0,GOV -> AUS,0.0024847763326926184
2024-04-29,GOV,AUS,2606,593,7.075594781273983,2030.1707597851114,1908.0825019186493,2049.843054489639,0.3085188027628549,0.6116653875671527,4287.241749808135,0.9489255564082901,-2.875191551704646,44.558710667689944,-25.55356867658426,125.67136426275098,-27.508491904559502,131.9469208620554,-25.97508771483773,126.83775005950524,523918.0,66485.0,503809.0,GOV -> AUS,0.002985461056688246
2024-05-06,GOV,AUS,1760,533,7.507954545454545,2075.2568181818183,2053.5664772727273,2124.239772727273,0.2721590909090909,0.5852272727272727,3686.9107954545457,0.7268749999999996,-1.3629894480091278,31.852272727272727,-29.21385873950547,138.14930644335814,-31.222713120759057,139.64175106727993,-30.189526039677983,138.95779435422645,168932.0,54455.0,168862.0,GOV -> AUS,0.0020754716981132076
2024-05-13,GOV,AUS,1867,498,8.354043920728442,2123.1462238885915,2153.7241564006426,2142.1162292447775,0.42153186930905195,0.49062667380824854,4369.4059989287625,0.7287091590787355,-0.906318106117925,46.679164434922335,-25.72284996354736,137.77831253155617,-29.739363384113197,141.38629564744303,-23.96593569096846,121.99835083242667,357514.0,39615.0,343714.0,GOV -> AUS,0.0023141749724517736
2024-05-20,GOV,AUS,2232,625,7.858422939068101,2098.1321684587815,2106.482974910394,2098.2759856630823,0.3974014336917563,0.4874551971326165,4114.347222222223,0.9939068100358415,-1.105683018008178,48.53942652329749,-24.665156691263007,133.17217991217737,-27.674006473970106,136.1138201910366,-26.202208104572197,134.73501336939785,288260.0,40625.0,262671.0,GOV -> AUS,0.00288192252121738
2024-05-27,GOV,AUS,1834,467,8.585059978189749,2102.080697928026,2140.4629225736094,2062.941657579062,0.24863685932388221,0.554525627044711,3887.273173391494,1.961395856052341,-1.7642313197031156,34.14394765539804,-26.453620085164847,137.57958201703292,-26.923738214285727,138.42861361043953,-25.757490211538475,136.32663435384612,163084.0,45852.0,162850.0,GOV -> AUS,0.0023190179704925826
2024-06-03,GOV,AUS,1676,499,7.778639618138425,2100.7434367541764,2142.7291169451073,2165.285202863962,0.4182577565632458,0.45167064439140814,4043.582338902148,0.14761336515513204,-1.7317294675214236,41.63484486873509,-21.366784410810833,121.44630385105089,-23.062583112312318,123.48328952072056,-21.619724908708733,121.77364228528513,266874.0,40116.0,264431.0,GOV -> AUS,0.0019452069103591554
2024-06-10,GOV,AUS,1851,492,9.721231766612641,2315.180983252296,2333.8346839546193,2350.2749864937873,0.3749324689357104,0.3824959481361426,3977.0615883306323,1.2381955699621832,-0.7118534922025641,42.355483522420315,-16.53438047608578,125.98309352886182,-25.171818613523886,134.8614724881803,-24.012737156129756,132.47742772347434,238177.0,37772.0,221626.0,GOV -> AUS,0.0022600898175078204
2024-06-17,GOV,AUS,1969,655,7.734382935500254,2017.9730827831386,2024.4982224479431,2046.0477399695276,0.44743524631792786,0.7059421025901473,4707.7475876079225,0.7381411884205173,-0.7918497495610207,44.74860335195531,-14.34960899845362,114.71656998144309,-19.666443621134032,115.85097681340184,-15.364575890206181,116.03378363711316,252012.0,43207.0,250624.0,GOV -> AUS,0.002761927205193377
2024-06-24,GOV,AUS,3041,588,12.299572509043077,2988.7339690891154,3036.708977310095,3074.4968760276224,0.2670174284774745,0.6330154554422888,5052.356132851036,3.4642880631371367,-0.4488442403008073,40.927326537323246,-20.673947654599647,116.67007850846942,-21.904929403852403,112.99532295649327,-24.30361867651928,121.76963328960534,973152.0,168164.0,968797.0,GOV -> AUS,0.0039460195938493476
2024-07-01,GOV,AUS,1554,435,6.442728442728443,1924.5173745173745,1965.6885456885457,1953.30694980695,0.3088803088803089,0.6853281853281853,4638.969111969112,1.156241956241959,0.11426919556991416,44.01544401544402,-25.74828532764501,128.1877503993172,-26.853054025255943,130.22732218430014,-25.94160127781567,128.58090958020455,212253.0,43514.0,201504.0,GOV -> AUS,0.002300742929731106
2024-07-08,GOV,AUS,1940,593,6.346391752577319,1553.1237113402062,1578.1922680412372,1585.9896907216496,0.3345360824742268,0.6675257731958762,3541.706701030928,1.505051546391752,-2.1667841573656275,38.829896907216494,-27.47686337198319,136.80398594963268,-28.87045473504721,139.68005572297994,-27.297576268100723,137.2897374554039,153380.0,32507.0,130919.0,GOV -> AUS,0.0025154166515395904
2024-07-15,GOV,AUS,2179,558,8.436897659476823,1926.8797613584213,1934.3717301514457,1965.884809545663,0.3492427719137219,0.5332721431849472,3677.81459385039,0.6078017439192284,-1.837937051944998,43.607159247361174,-27.47805722758943,131.44999744821158,-28.206887731537417,134.5526408857406,-27.80494521458433,133.56525439758454,286988.0,45830.0,282736.0,GOV -> AUS,0.0028858175114426176
2024-07-22,GOV,AUS,2839,622,5.81437125748503,1459.7953504755196,1484.9383585769638,1501.469883761888,0.4216273335681578,0.8133145473758365,3853.9802747446283,2.077668193025719,-0.9632938938171366,47.0059880239521,-14.43426060085382,107.54253979366783,-12.975378286374976,104.73334794485957,-14.105805853432956,108.24963436748497,843816.0,104848.0,840900.0,GOV -> AUS,0.0033897940810541675
2024-07-29,GOV,AUS,1580,463,7.3018987341772155,1912.1784810126583,1937.3784810126583,1938.0145569620254,0.4550632911392405,0.7107594936708861,4665.058860759494,2.3655063291139204,-0.6704730722836955,44.69620253164557,-27.1053103553719,138.34668181754583,-27.86371711506675,139.3780767527016,-27.20148896312778,138.6943369396056,304454.0,37472.0,283888.0,GOV -> AUS,0.0020166925986105245
2024-08-05,GOV,AUS,1317,496,6.290053151100987,1792.7296886864085,1805.2126044039483,1801.2331055429006,0.5193621867881549,0.7015945330296127,4484.820045558086,1.8277145026575554,-1.7639124015146121,51.73880030372058,-27.417690364823372,132.56955931106,-28.282795408602173,134.67765272119826,-27.27283127649772,133.00209335867908,161965.0,17059.0,154970.0,GOV -> AUS,0.001757978311593313
2024-08-12,GOV,AUS,1865,471,8.388739946380698,2233.576943699732,2276.3501340482576,2270.0890080428953,0.37211796246648793,0.5126005361930295,4068.4348525469168,1.9061126005361921,-1.9667557499484836,44.90616621983914,-24.859237511087088,126.25949123850741,-24.61821944726881,132.2048258285561,-23.500541888588437,127.33248815359663,276054.0,38842.0,272631.0,GOV -> AUS,0.0024205312968856264
2024-08-19,GOV,AUS,2037,498,7.97987236131566,2528.8419243986255,2559.8463426607755,2545.919980363279,0.3490427098674521,0.5709376534118802,4665.222385861561,1.1793323514972995,-0.3282233082086067,45.085910652920965,-16.3672047603802,119.52788586543281,-20.230177110555292,128.94209975787905,-13.591999698849444,118.54515957128571,216925.0,38014.0,213892.0,GOV -> AUS,0.00243174810098022
2024-08-26,GOV,AUS,2341,478,6.800512601452371,1952.7317385732592,1967.4164886800513,1988.9602733874412,0.3844510892780863,0.6954293037163606,4144.272960273387,1.238573259290905,-1.4395224665182345,45.762494660401536,-29.302179521030027,142.4477826639486,-30.26897429356222,142.80381303175974,-30.975971715450658,143.0456626583692,628199.0,88572.0,621728.0,GOV -> AUS,0.0031883134216963297
2024-09-02,GOV,AUS,1663,464,8.048105832832231,2320.2886349969936,2356.8683102826217,2352.2609741431147,0.4455802766085388,0.5135297654840649,4965.374624173181,0.9564642212868295,-1.145516386405986,41.76788935658448,-27.69851390999382,133.24413155679707,-28.950737229671034,134.8944437237741,-28.345842685909403,133.97964213097458,242771.0,49710.0,240180.0,GOV -> AUS,0.0022935400231698573
2024-09-09,GOV,AUS,1630,538,6.921472392638036,1804.8552147239263,1861.2638036809815,1840.1042944785277,0.47914110429447854,0.7288343558282209,3859.2779141104293,1.3393865030674843,-0.570877997928362,52.31288343558282,-21.554829099502506,116.01285351865671,-25.134078452736322,131.27444985074627,-24.47466792226369,129.48981486815924,328216.0,28428.0,237146.0,GOV -> AUS,0.002110469482352332
2024-09-16,GOV,AUS,2027,500,6.410952146028614,1607.0064134188456,1492.9684262456833,1690.553527380365,0.3256043413912186,0.6753823384311791,4206.18105574741,1.6234829797730626,-0.7493040847698065,39.639861864824866,-23.82390639910094,132.74716516783204,-27.7758672652348,135.64742930369619,-24.93036448451552,134.59675386263726,329602.0,61939.0,317606.0,GOV -> AUS,0.002760230350550616
2024-09-23,GOV,AUS,1356,454,6.977876106194691,2035.7949852507375,2064.202064896755,2027.2426253687315,0.4351032448377581,0.6836283185840708,4095.40191740413,1.4386430678466076,-1.0503013235023313,51.31268436578171,-22.90040243151228,126.43288589311169,-27.326356931116393,131.60631288677752,-24.866948353919245,129.17483465162317,164549.0,18371.0,152849.0,GOV -> AUS,0.001562568419985204
2024-09-30,GOV,AUS,2236,476,7.596601073345259,1943.8076923076924,1980.339892665474,1970.5317531305902,0.4288908765652952,0.6757602862254025,4284.742397137746,0.9753577817531351,-2.2943054940781584,46.887298747763865,-19.141463798538133,119.32770837460026,-27.543444768387396,136.58407757925988,-25.830801319780726,132.0535827820923,523482.0,68601.0,474245.0,GOV -> AUS,0.0025595560383658675
2024-10-07,GOV,AUS,3218,601,6.612181479179615,1834.455873213176,1787.7712865133624,1885.058732131759,0.48663766314481044,0.6774394033561218,4227.8890615289,1.4104412678682499,-1.3938601736970273,50.39465506525792,-15.854278662921342,121.51906129119821,-18.627998955368273,121.62499282365768,-19.287037911360798,115.65337542727794,1481631.0,136846.0,1481454.0,GOV -> AUS,0.004282284807869397
2024-10-14,GOV,AUS,6099,887,7.8170191834727,1786.3292343007051,1886.7368421052631,1882.1449417937367,0.5245122151172323,0.6929004754877849,3939.5100836202655,2.3361534677816187,0.3734190210331648,53.45958353828497,-27.243225286208176,119.84886479591923,-30.489244284068683,133.0174346904225,-28.579873122613726,131.90497197449085,3562498.0,361688.0,2994436.0,GOV -> AUS,0.007880924260945298
2024-10-21,GOV,AUS,6185,968,9.467259498787389,2166.7089733225544,2186.131123686338,2191.9409862570737,0.42489894907033143,0.718997574777688,4082.126596604689,2.305109135004053,-0.28604401611593383,45.506871463217465,-23.64209664129187,110.24168273169951,-30.99499066271712,133.64188141048584,-29.276501498945006,127.37280323405336,2235130.0,342922.0,2034175.0,GOV -> AUS,0.007557170575786752
2024-10-28,GOV,AUS,1501,516,7.183877415056629,2033.4890073284478,2072.1632245169885,2067.244503664224,0.2978014656895403,0.6868754163890739,4118.974683544304,0.25696202531645634,-0.9836510368263331,41.65889407061959,-21.253765310182064,122.07241184828045,-24.14556119420095,126.01671295886713,-24.76783172016184,130.01184707417394,92564.0,18149.0,91837.0,GOV -> AUS,0.0021210421226813027
2024-11-04,GOV,AUS,1761,546,7.304372515616127,2038.1345826235095,2071.587734241908,2062.8171493469617,0.4145371947756956,0.6819988642816581,3658.2248722316867,1.9629187961385566,0.4335577722966188,43.79897785349233,-16.15585104719765,96.77247270029495,-25.13953663480827,120.2987418896755,-23.91181476696165,113.42244380884954,171151.0,31813.0,154925.0,GOV -> AUS,0.0022969435390147795
2024-11-11,GOV,AUS,2391,485,7.547051442910916,3470.719364282727,3532.1522375575073,3518.9485570890843,0.589711417816813,0.45713090757005437,5238.235884567127,1.9579255541614473,1.520695373506008,44.165621079046424,-22.1887640874686,119.40019039823348,-26.575763224138072,125.11949086122758,-24.97574043229619,123.95187002102574,1661496.0,88698.0,1653590.0,GOV -> AUS,0.0031607877248805948
2024-11-18,GOV,AUS,1951,477,6.855971296770886,1681.8180420297283,1700.1281394156842,1715.1076371091747,0.5412608918503332,0.7216811891337775,3409.61609431061,2.5068682726806752,-1.6028327418918198,52.967708867247566,-21.096518784079105,125.25257809261178,-27.53723595317381,129.95562511134221,-25.088780190946963,125.72751160093648,420037.0,50418.0,415695.0,GOV -> AUS,0.002620237473290634
2024-11-25,GOV,AUS,1245,408,6.25140562248996,1644.375903614458,1681.663453815261,1677.0706827309236,0.38795180722891565,0.714859437751004,3756.404016064257,0.6011244979919664,-1.532925077086395,48.0722891566265,-25.887846168831175,131.29236987012993,-27.129258208603904,133.3425722727273,-26.875788784902603,133.25444974107148,128571.0,13430.0,108019.0,GOV -> AUS,0.0017709437209732367
2024-12-02,GOV,AUS,1851,471,7.612101566720692,1796.6850351161534,1821.4511075094545,1831.416531604538,0.3041599135602377,0.5953538627768774,4049.7585089141003,1.099513776337115,-1.3993247615667623,41.82603997839006,-25.109461861096058,131.58492000868145,-28.356154211611514,134.43726186272374,-27.619508887140544,133.624893672816,164601.0,37498.0,149384.0,GOV -> AUS,0.0022775904053274204
2024-12-09,GOV,AUS,1768,516,9.007352941176471,2600.518665158371,2634.381787330317,2636.5096153846152,0.4145927601809955,0.6781674208144797,5024.752262443439,1.366968325791855,-2.5994099499282153,52.51131221719457,-22.598500632151023,128.88610161956512,-24.30672039073225,131.43073184954224,-23.406504237986262,130.23382032723106,353038.0,43181.0,294890.0,GOV -> AUS,0.0022037386276242627
2024-12-16,GOV,AUS,1678,433,7.856376638855781,2021.0357568533968,2047.5846245530392,2034.7800953516091,0.3831942789034565,0.5941597139451729,3770.8408820023838,1.4042908224076298,-2.148989019841606,48.17640047675805,-19.40493822302155,106.34934319604297,-27.737238482613883,131.52387796882465,-27.575254270983194,131.5051381798558,328062.0,47265.0,327140.0,GOV -> AUS,0.0022947290975205165
2024-12-23,GOV,AUS,1690,215,10.584023668639054,2628.47100591716,2677.857396449704,2661.6863905325445,0.42071005917159765,0.29763313609467457,3907.185207100592,-1.4315976331360905,-2.46115225916312,55.0887573964497,-29.501101014827878,121.37027049466155,-32.72847482918134,139.56725727046225,-31.820976924673637,136.86900548101968,872491.0,103958.0,813188.0,GOV -> AUS,0.003577499433738995
2024-12-30,GOV,AUS,1592,265,8.807788944723619,2205.234296482412,2251.343592964824,2233.616206030151,0.36746231155778897,0.5119346733668342,4768.50879396985,0.028957286432162888,-2.5894741488937796,48.9321608040201,-24.422904743670852,128.7519370550629,-25.879926033544265,130.96616905822748,-24.588457742405033,129.37382545063255,848983.0,64089.0,535443.0,GOV -> AUS,0.003216454021072623
2025-01-06,GOV,AUS,1384,272,6.85043352601156,1689.6943641618498,1737.7348265895953,1721.7803468208092,0.3374277456647399,0.5643063583815029,4256.806358381503,-1.080419075144507,-3.1559633490850643,47.695086705202314,-27.13785905094615,139.31248118995643,-28.85891446433771,138.6215124956332,-28.09148026637555,138.11496896288213,378685.0,44897.0,314609.0,GOV -> AUS,0.001932871808980871
2025-01-13,GOV,AUS,2154,484,8.74280408542247,2508.726555246054,2502.6044568245125,2538.948932219127,0.3268337975858867,0.41875580315691735,4620.360724233983,1.1887186629526412,-1.8800968123970074,42.54410399257196,-22.3651244894909,115.68412304904217,-23.155157445119094,116.64825135917762,-22.63113851004204,116.8877776375522,683599.0,68305.0,462598.0,GOV -> AUS,0.002720140022806745
2025-01-20,GOV,AUS,2292,517,7.456806282722513,1793.2578534031413,2009.1924083769634,1975.6208551483421,0.4236474694589878,0.3830715532286213,5033.876527050611,0.3627835951134382,-1.5954146937382274,44.69022687609075,-12.165967618879566,111.69592120732256,-25.923479364799327,135.28746738332578,-6.88285347948831,105.4065117560654,507742.0,59095.0,451242.0,GOV -> AUS,0.002536391463028664
2025-01-27,GOV,AUS,2716,448,6.338733431516936,1973.39911634757,2029.3917525773195,2011.6450662739323,0.4223122238586156,0.7161266568483063,5327.264727540501,-0.04002209131075427,-2.409515835042606,45.85419734904271,-18.568722930232536,117.2761765629386,-19.057191741232902,116.47640564488746,-17.50536411886302,114.99125240900725,629592.0,84597.0,629109.0,GOV -> AUS,0.0033234014695895306
2025-02-03,GOV,AUS,2387,610,6.798072894847088,1774.446585672392,1838.3271889400921,1825.8315877670716,0.35944700460829493,0.7105152911604524,3881.893171344784,1.552534562211987,-2.0261524044612127,42.819438625890236,-23.688147291401968,129.42890199237604,-24.501662732740378,130.17535212071147,-23.86613237187633,129.0523146552308,305945.0,42153.0,281397.0,GOV -> AUS,0.0027653079547495063
2025-02-10,GOV,AUS,2743,524,8.214728399562523,2158.619394823186,2171.565074735691,2196.2599343784177,0.44440393729493255,0.5949690120306234,4729.668975574189,0.8893182646737153,-0.7864757174894887,40.22602989427634,-22.12711619193784,122.74200170303247,-24.50608786205618,126.1886142167159,-24.15268119045855,126.19668739275139,770356.0,78205.0,755768.0,GOV -> AUS,0.003129920810607271
2025-02-17,GOV,AUS,2846,530,7.090653548840478,1819.2666900913564,1850.7020379479973,1839.5976809557274,0.34855938158819394,0.5260014054813774,4331.238580463809,1.0888966971187688,-1.4034294512344891,36.84820801124385,-18.900747345448146,125.46022294495438,-27.948547505998498,136.50913914008515,-22.146636070924377,123.2579709703602,446000.0,95776.0,407701.0,GOV -> AUS,0.003068146046339139
2025-02-24,GOV,AUS,1676,431,7.233890214797136,1943.5554892601433,1952.2780429594272,1971.0208830548927,0.2350835322195704,0.5596658711217184,4122.419451073985,0.38609785202863806,-1.6057182795340772,38.41885441527446,-16.534382357572106,128.18253679627398,-25.68698249158653,132.54847127163458,-16.253317445312486,127.28861093509607,258930.0,47881.0,233251.0,GOV -> AUS,0.0018001684167110621
2025-03-03,GOV,AUS,2224,483,8.382194244604317,2372.0400179856115,2405.8920863309354,2405.0346223021584,0.3745503597122302,0.5296762589928058,4326.356115107914,1.2425809352517978,-1.0468025796650162,43.884892086330936,-24.94571610411949,126.30221744952465,-28.37754892123131,137.56104505387057,-25.77290388909007,127.5528859121775,463040.0,74619.0,455881.0,GOV -> AUS,0.0024894807126810163
2025-03-10,GOV,AUS,1843,543,7.336950623982637,2152.710797612588,2182.1161150298426,2173.2832338578405,0.5659251220835594,0.7151383613673359,4519.086814975583,2.1238741182854004,-0.6738450740273916,52.5122083559414,-21.788054464052266,117.05295235076247,-24.81830321459694,122.049661171024,-23.50455394498909,120.00321716557735,450065.0,44254.0,423480.0,GOV -> AUS,0.002075630431918083
2025-03-17,GOV,AUS,1323,422,5.91156462585034,1665.4066515495088,1681.5049130763416,1712.3265306122448,0.45351473922902497,0.7724867724867724,4722.881330309901,0.7457294028722603,-2.325066361045365,52.7437641723356,-24.86494471428572,128.48120114746553,-25.865841475422418,130.35935297081423,-25.259224578341,129.47205369354845,341022.0,34869.0,322853.0,GOV -> AUS,0.00147489336844241
2025-03-24,GOV,AUS,1390,432,9.410791366906475,2498.1942446043167,2527.9244604316546,2523.748920863309,0.44100719424460433,0.5741007194244604,4914.526618705036,2.208992805755392,-0.5477591911188646,40.510791366906474,-20.53258520379842,125.5449076040907,-22.27476033966401,128.08175096785988,-21.194735195032894,126.36662744631133,169531.0,32312.0,157133.0,GOV -> AUS,0.0017236312321979273
2025-03-31,GOV,AUS,2160,498,8.399537037037037,2165.4930555555557,2199.161574074074,2192.1125,0.38935185185185184,0.475,4323.6412037037035,2.345092592592595,-2.246748013934185,50.092592592592595,-25.91261012605436,132.518625706654,-27.145116444236184,135.71217530412355,-26.863667627460167,136.37422128959687,460361.0,57362.0,452177.0,GOV -> AUS,0.0029909440859619487
2025-04-07,GOV,AUS,2211,443,8.396200814111262,2432.005879692447,2493.360470375396,2472.801899592944,0.4468566259611036,0.6562641338760742,4176.775667118951,2.8908638625056584,-0.04834249086258021,44.65400271370421,-3.065000721386244,53.725231118558966,-10.677966763793883,93.68645897036009,-8.834245756497943,62.31698745371627,489316.0,115046.0,488246.0,GOV -> AUS,0.0028550730813482763
2025-04-14,GOV,AUS,2404,325,6.680948419301164,1816.9205490848585,1764.7737104825292,1850.8685524126456,0.512063227953411,0.7450083194675541,3799.740432612313,0.8103993344425959,-1.1956362557744267,53.36522462562396,-28.89606284050098,140.8069464250518,-30.994914553235873,143.73732598079292,-29.2252959949895,141.55146196158623,1297796.0,108914.0,1290311.0,GOV -> AUS,0.002891550034400304
2025-04-21,GOV,AUS,2816,368,13.326704545454545,3323.36328125,3384.823153409091,3362.251775568182,0.3757102272727273,0.4129971590909091,5337.569247159091,1.5288707386363596,-1.6647633211090047,44.86150568181818,-28.82090670802141,133.28361860178248,-29.79485294973266,135.03895697575754,-25.24276540641711,130.49182597967885,823871.0,126523.0,723628.0,GOV -> AUS,0.0030111173961533404
2025-04-28,GOV,AUS,1185,400,8.048101265822785,2365.4244725738395,2398.418565400844,2394.376371308017,0.43628691983122364,0.5375527426160338,4823.80253164557,1.1360337552742623,-0.38397150268430824,43.90717299578059,-20.028894312123835,114.9543997231299,-21.587901315563222,117.18004023731734,-16.9051898839209,109.25442536715398,128056.0,24155.0,127309.0,GOV -> AUS,0.0015293578632870224
2025-05-05,GOV,AUS,1158,338,7.927461139896373,2113.1709844559587,2133.677029360967,2135.4948186528495,0.46545768566493956,0.6580310880829016,4186.853195164076,1.4255613126079447,-0.6461120277085504,49.47322970639033,-15.764373162911628,114.0720154454073,-19.227327019064145,120.23411723570193,-19.25274177209707,118.84372750519931,187894.0,26909.0,186409.0,GOV -> AUS,0.0013992216074615487
2025-05-12,GOV,AUS,1170,432,6.207692307692308,1760.2102564102563,1782.1222222222223,1802.6188034188035,0.294017094017094,0.6538461538461539,4224.17094017094,1.6559829059829063,-1.0539443803400221,39.162393162393165,-23.41323043142361,127.1708141892361,-24.466041989583335,129.34062812673608,-23.281178775173608,127.21990242708333,80050.0,20238.0,66662.0,GOV -> AUS,0.0014513482032433292
2025-05-19,GOV,AUS,1485,421,6.81077441077441,1946.6282828282829,1971.1555555555556,1976.6626262626262,0.29494949494949496,0.7063973063973064,4946.074074074074,1.9932659932659929,-1.439094405280454,33.26599326599327,-21.887443139077316,136.67745680936216,-23.464843521709604,139.07310203867016,-25.599212607869713,138.5344785651288,106889.0,36131.0,105916.0,GOV -> AUS,0.0019175492558359353
