week,a1c,a2c,mentions,events,avg_sentenceid,avg_a1co,avg_a2co,avg_actco,avg_raw_text,avg_root_event,avg_len,avg_goldstein,avg_tone,avg_confidence,avg_lat1,avg_lon1,avg_lat2,avg_lon2,avg_lata,avg_lona,total_num_mentions,total_num_sources,total_num_articles,pair,Relative_mentions
2016-01-11,GOV,COP,2820,1142,7.3,1557.4304964539008,1601.5102836879432,1590.068085106383,0.8088652482269504,0.6421985815602836,3359.4698581560283,-2.4737588652482274,-5.476797677663613,58.705673758865245,30.164229500399017,-5.635966793695138,28.3780003047467,-1.6277761838851346,30.002779231444517,-4.554616561053478,265542.0,49972.0,263013.0,GOV -> COP,0.0018401677293309034
2016-01-18,GOV,COP,3481,1070,9.4409652398736,2300.910083309394,2354.075553002011,2338.1275495547256,0.8081011203677104,0.5656420568802069,4566.799195633439,-2.0139615053145676,-5.339767234756173,59.18701522550991,28.423888039065037,17.621554936599413,27.46124013000324,20.953682314121014,28.21025435991038,18.674429172910656,832922.0,108129.0,829442.0,GOV -> COP,0.0023182958228052113
2016-01-25,GOV,COP,3203,1245,6.9659694036840465,1589.4564470808616,1626.1070871058382,1621.5778957227599,0.7876990321573525,0.7343115828910397,3278.920387137059,-1.5613799562909771,-4.563201225508534,55.969403684046206,29.61729931693789,-7.520871901257398,29.410571996671617,-7.269944169748525,29.501165120562153,-7.784703369822494,323090.0,52038.0,319562.0,GOV -> COP,0.002238610901049624
2016-02-01,GOV,COP,3669,1135,7.56909239574816,1621.2810029980922,1676.528209321341,1661.9065140365221,0.8108476424093759,0.7162714636140638,3115.985009539384,-0.7158353774870548,-5.152068374790381,66.399563913873,32.61160420319708,-24.497290294497397,32.56299613372276,-24.65090516138949,32.629381473409204,-24.73302995849985,1199367.0,116938.0,1197634.0,GOV -> COP,0.0025013191748714573
2016-02-08,GOV,COP,4963,1261,8.485794882127745,1814.341527302035,1846.053999597018,1828.2907515615555,0.7283900866411445,0.6709651420511787,3758.0316340922827,-1.9960910739472097,-5.02785161923194,56.731815434213175,30.215407876667406,-42.588287394052045,30.449541605504592,-42.82216159895151,30.475221944019264,-42.76410523070194,1235843.0,209694.0,1219177.0,GOV -> COP,0.0030996645517165572
2016-02-15,GOV,COP,3795,1315,9.059815546772068,2084.451910408432,2113.426086956522,2113.39209486166,0.7747035573122529,0.5978919631093544,3774.109090909091,-1.822766798418973,-5.311621922595342,58.96179183135705,21.772001032699098,8.863725346313885,20.59099215457783,11.775385878418513,21.391437599286498,9.466473595422087,891065.0,101923.0,885702.0,GOV -> COP,0.0023029086434017266
2016-02-22,GOV,COP,3356,1267,7.601311084624553,1624.7711561382598,1675.3367103694875,1662.7142431466032,0.7288438617401669,0.7097735399284862,4933.042908224076,-2.8489868891537546,-5.312098918497753,58.52502979737783,30.77595474317293,-17.248630749024727,30.204442827473958,-17.22317458333336,30.66925281924575,-17.273580727243186,400203.0,52734.0,399193.0,GOV -> COP,0.0021103401005492795
2016-02-29,GOV,COP,3718,1371,7.637170521785906,1819.4620763851533,1851.5785368477675,1853.5796126949974,0.7759548144163528,0.6866594943518021,3886.811188811189,-3.0873050026896185,-4.695873131359311,57.751479289940825,27.70901705515588,-17.13300338639089,27.29079679934014,-16.084578143071386,27.43848482183564,-16.92718458158368,528188.0,74017.0,514543.0,GOV -> COP,0.0024174723824261853
2016-03-07,GOV,COP,2601,1171,7.268742791234141,1600.0907343329488,1626.1803152633602,1626.3748558246828,0.7993079584775087,0.7308727412533641,3440.459823144944,-1.952479815455595,-5.298986753485462,60.53825451749327,27.30152997241087,-8.112235339983027,27.04558974745332,-7.811188011460106,26.923724204159594,-7.559899294567066,249386.0,30087.0,247058.0,GOV -> COP,0.0016885575394970554
2016-03-14,GOV,COP,4960,1268,8.426209677419354,1899.1046370967742,1919.3570564516128,1921.5618951612903,0.8231854838709678,0.7969758064516129,3504.6709677419353,-2.1425201612903226,-5.803276800697718,58.266129032258064,30.80169317658861,-29.87960741003343,31.06094511638794,-29.7804144245262,30.98080074403567,-28.962559310367897,2016021.0,229423.0,1992634.0,GOV -> COP,0.003458152175428713
2016-03-21,GOV,COP,3101,1146,7.751048049016446,1852.6965495001612,1897.2054176072236,1896.7929700096743,0.7778136085133828,0.6997742663656885,3647.2150919058367,-2.344405030635279,-5.4995921369689365,58.98419864559819,28.495650551699438,-12.378812409302338,28.69776271270123,-12.554741518783562,28.49943878870216,-12.192461933857722,371500.0,57388.0,332738.0,GOV -> COP,0.0021767101142965845
2016-03-28,GOV,COP,4228,1320,6.239356669820246,1287.5927152317881,1304.1591769157994,1310.5229422894986,0.7142857142857143,0.7816934720908231,2852.8176442762538,-2.5880321665089885,-5.63597713496799,49.5600756859035,32.18887353182427,-21.78897450492672,32.12343173422107,-22.353342674833534,32.09926814167778,-21.969892532623124,474884.0,118111.0,469640.0,GOV -> COP,0.0029372554168672657
2016-04-04,GOV,COP,1934,938,7.965873836608067,1944.3371251292658,1977.7874870734229,1972.7275077559461,0.8495346432264737,0.6907962771458118,3912.8903826266805,-0.9853671147880042,-4.285404994872163,64.34850051706309,24.569382460023878,-2.3650085411694506,24.410004631264922,-2.1264524158711215,24.40148932577566,-2.099873326372318,182127.0,20484.0,180361.0,GOV -> COP,0.0012921182789305216
2016-04-11,GOV,COP,3544,1077,9.723194130925508,2477.5476862302485,2516.8363431151242,2505.2079571106096,0.768058690744921,0.5459932279909706,4031.704288939052,-1.6579853273137701,-4.918447920629338,56.580135440180584,31.41020034196562,29.31677017472693,31.397331452730054,28.61836609360368,31.48464579282365,27.862161575662956,688909.0,122520.0,670762.0,GOV -> COP,0.002501743596694084
2016-04-18,GOV,COP,2530,903,10.589328063241107,2338.993280632411,2379.605138339921,2373.058893280632,0.8225296442687747,0.6225296442687747,4487.23280632411,-0.6654545454545455,-3.516806857255215,65.0909090909091,31.5810363782687,-13.800503391794434,31.78294749458971,-13.994868772768285,31.78997905906222,-13.949272192966648,1010247.0,82599.0,1010066.0,GOV -> COP,0.002005556898759012
2016-04-25,GOV,COP,3219,1161,6.686237962100031,1616.0372786579683,1664.7374961168064,1549.8729419074248,0.7909288598943771,0.6915191053122087,3625.667909288599,-0.614103758931346,-4.820652439675937,55.33706119913016,31.342687687803192,-25.500723506583498,31.112450258835764,-21.143631732501724,31.320134330214845,-21.84165777200276,358079.0,68076.0,357118.0,GOV -> COP,0.002199544238581195
2016-05-02,GOV,COP,4676,1241,7.769033361847733,1759.7949101796407,1765.9525235243798,1783.5248075278016,0.8107356715141146,0.8000427715996579,4234.497219846022,-3.3135585970915304,-5.350642854030831,51.71300256629598,32.258201111295236,-29.809728108216973,31.689560662691644,-30.274806611341,32.03569659199617,-29.176980741179328,1092952.0,268555.0,1086511.0,GOV -> COP,0.0031285272036680575
2016-05-09,GOV,COP,3936,1195,6.650406504065041,1604.7728658536585,1649.4761178861788,1638.6895325203252,0.8498475609756098,0.7301829268292683,3471.213668699187,-2.28706808943089,-4.600802398383507,61.9385162601626,31.67951799153977,-21.219793338409552,32.504716250635056,-23.087799410386754,31.73758523011844,-21.536170267343557,1792558.0,210802.0,1749631.0,GOV -> COP,0.002630047355552868
2016-05-16,GOV,COP,3633,1024,8.494907789705477,2005.431048720066,2051.875034406826,2042.1717588769611,0.8656757500688137,0.5207817230938618,3433.3713184695844,-1.4377098816405172,-6.070074172411623,65.93173685659235,29.216995663847126,-15.832953879110502,29.15219720332081,-16.081621800187847,29.201340632518797,-16.097476122768498,1157711.0,136952.0,1063427.0,GOV -> COP,0.002800708001714499
2016-05-23,GOV,COP,3629,1163,6.4188481675392675,1362.138605676495,1383.5643427941582,1399.5191512813446,0.8721410856985395,0.6585836318545054,2740.351612014329,-0.9018462386332323,-4.338691150907618,64.05070267291265,31.28158622583926,-28.097750328474557,31.260982547489824,-28.82505679755849,31.2602462529671,-28.366158217627103,1533755.0,92826.0,1531778.0,GOV -> COP,0.002211522464717106
2016-05-30,GOV,COP,2548,991,7.0388540031397175,1519.3916797488225,1570.793956043956,1559.4132653061224,0.7119309262166404,0.6373626373626373,3295.0624018838303,-2.5805729984301418,-4.684064836696402,58.01412872841444,29.78192125022343,13.844308121482802,30.09808608042895,12.976900765520345,29.72804068722074,13.075178613666834,303885.0,44953.0,303133.0,GOV -> COP,0.002102955692671348
2016-06-06,GOV,COP,2584,908,8.525541795665635,2131.3645510835913,2188.612616099071,2176.503482972136,0.8154024767801857,0.6520897832817337,3666.0882352941176,-3.160448916408668,-5.059690493766465,61.9891640866873,24.08152497320171,14.91109563657733,22.98660216745062,15.838141791627477,23.291501136812418,15.5290391109544,562165.0,66567.0,542063.0,GOV -> COP,0.0018347242872337555
2016-06-13,GOV,COP,4325,1269,11.626589595375723,2349.663352601156,2381.4658959537574,2385.3634682080924,0.7690173410404624,0.7264739884393063,4168.590751445086,-2.6968786127167603,-6.137030563820595,60.4393063583815,29.543209780278147,-40.6669856614412,30.16939693426046,-36.94428749582807,29.904551659924177,-38.258068439443754,2098220.0,210196.0,1996436.0,GOV -> COP,0.002607275050939825
2016-06-20,GOV,COP,3483,1085,7.334481768590296,1582.5538329026701,1626.5073212747632,1605.9242032730406,0.8162503588860178,0.7103072064312375,3319.99052540913,-0.8120011484352573,-5.305071400566503,58.82285386161355,26.95420315989603,-27.864647649333754,26.985550075723115,-27.790066993175163,26.839501093922667,-27.822246113097165,699698.0,113120.0,693541.0,GOV -> COP,0.0023386103699207573
2016-06-27,GOV,COP,3349,1155,7.461630337414153,1673.960286652732,1705.6401911018215,1696.6694535682293,0.8148701104807405,0.7148402508211407,3416.3371155568825,-1.6140340400119446,-5.23002964021156,64.0728575694237,30.04604043364299,17.740234738481973,29.642147649303233,18.10413994197616,30.15179815422884,17.865308625455786,938213.0,111468.0,935599.0,GOV -> COP,0.002056445720026183
2016-07-04,GOV,COP,9157,1633,12.021295184012232,2521.643332969313,2578.510647592006,2558.544719886426,0.7025226602599105,0.5661242765097739,4590.218848968003,-1.9730151796439888,-5.39009737141231,50.35819591569291,28.015769227153804,-46.082301706223696,29.119016392625593,-44.954211893958366,29.056529445999892,-44.61686513061781,3666121.0,653070.0,3648035.0,GOV -> COP,0.005045793454740219
2016-07-11,GOV,COP,5371,1707,8.973747905417985,1920.1221374045801,1992.8692980822939,1976.1152485570658,0.7592627071308881,0.5354682554459133,4143.229380003724,-0.7139824986036125,-4.878406234478256,53.88940606963322,31.708593107490564,-34.63908233578384,31.700059077106516,-35.002965942368846,31.784814269077902,-34.748220496025446,1211930.0,194756.0,1210519.0,GOV -> COP,0.0026106970040903027
2016-07-18,GOV,COP,6370,1806,14.839246467817896,2959.4427001569857,2998.437990580848,2983.341601255887,0.7901098901098901,0.7720565149136578,4938.667032967033,-3.1854003139717437,-5.380964561438727,58.65463108320251,33.351048416917436,-26.719675410397777,33.44222216298899,-28.221109920595065,33.38606813908394,-28.27064497743224,3404763.0,385323.0,3392731.0,GOV -> COP,0.0034286999952095084
2016-07-25,GOV,COP,7056,1530,8.350056689342404,1764.9166666666667,1814.5358560090704,1805.8659297052154,0.8125,0.7371031746031746,3829.3351757369614,-0.7816893424036292,-5.527303790967021,52.79195011337868,31.845812378418977,-35.85836061782376,31.69641541118121,-34.795044730688176,32.246687746618505,-35.91299253967526,2322767.0,390762.0,2314997.0,GOV -> COP,0.004144176949777697
2016-08-01,GOV,COP,3794,1344,6.3479177648919345,1445.8278861360043,1493.3381655245123,1481.0424354243542,0.8186610437532946,0.7633104902477597,3684.3745387453873,-1.4051924090669476,-5.340133682584321,62.53294675803901,29.90843096171373,-12.085498063506547,30.102882535703394,-10.98331081434217,30.12602578091762,-10.851563972956576,653711.0,89778.0,643637.0,GOV -> COP,0.002598345386806925
2016-08-08,GOV,COP,5369,1364,9.409573477370088,1904.5200223505308,1859.6656733097411,1913.5569007263923,0.7137269510150867,0.7366362451108214,3425.46265598808,-1.6881355932203421,-5.2834927160173075,51.92214565095921,30.246231194981057,-41.73299743966533,29.893764688844595,-41.128299455595254,30.120815907986433,-41.893357129231255,2625055.0,376058.0,2611101.0,GOV -> COP,0.003620791394803837
2016-08-15,GOV,COP,4838,1224,9.072550640760644,1852.753823894171,1891.455766845804,1889.5190161223645,0.7387350144687888,0.6794129805704837,3512.4729226953286,-2.732988838362958,-6.066384542188078,53.61719718892104,29.885939666666705,-44.87091866191781,29.822275532338317,-43.08379344029856,29.78489559158755,-44.60340725983722,2206287.0,322661.0,2204237.0,GOV -> COP,0.003027987289713543
2016-08-22,GOV,COP,5224,1271,9.730091883614088,2384.6944869831545,2426.259188361409,2437.281010719755,0.7859877488514548,0.6150459418070444,4351.007848392037,-1.5954441041347625,-4.756298255164245,54.004594180704444,31.926410955569136,-9.16178458333333,30.702987096622262,6.827503798976412,30.81562926637996,7.046985986691195,2027433.0,340248.0,2026754.0,GOV -> COP,0.0028106315474022373
2016-08-29,GOV,COP,3487,1241,9.003728133065673,2119.7634069400633,2150.219673071408,2143.7734442213937,0.8497275595067393,0.6042443361055349,3929.1256094063665,-1.1771149985661011,-5.13174059557327,64.67737310008603,26.377078797472816,-4.217265938618014,27.098975671578966,-4.296374515959303,27.079100727974744,-4.298880616625734,1351122.0,128487.0,1346801.0,GOV -> COP,0.002223413880810478
2016-09-05,GOV,COP,3748,1291,7.868729989327641,1976.3778014941302,1849.9821237993597,2012.74386339381,0.6886339381003201,0.6390074706510138,4114.564300960512,-0.5516008537886881,-4.893025344200092,54.30896478121665,31.369858902286843,-33.477856756459566,31.38434444431245,-32.81379017285414,31.346709422037357,-33.51659935432117,1009445.0,160251.0,1006753.0,GOV -> COP,0.0024262464452705994
2016-09-12,GOV,COP,3560,1202,6.962359550561798,1539.7837078651685,1588.3769662921347,1576.443820224719,0.8297752808988764,0.7452247191011236,3193.0148876404496,-0.3108146067415738,-5.483944920183655,55.58988764044944,31.377260547945216,-44.65170441064033,31.572506486142085,-44.4794738235107,31.502023615801225,-44.388189586492516,648477.0,123691.0,647567.0,GOV -> COP,0.0024759619564272426
2016-09-19,GOV,COP,6986,1491,10.249355854566275,2275.232751216719,2316.545949040939,2318.0316346979675,0.8123389636415689,0.6172344689378757,4726.249642141425,-2.6257228743200636,-5.601481980282238,50.06727741196679,33.101883133866615,-52.18072969664949,32.69754824430362,-49.677319393390704,32.62161193465139,-50.00445595985513,2259875.0,440692.0,2259283.0,GOV -> COP,0.003847528598989597
2016-09-26,GOV,COP,3505,1171,8.687303851640513,2004.1594864479316,2059.8921540656206,2039.7081312410842,0.8365192582025678,0.62339514978602,4018.967760342368,-2.2221112696148366,-4.846629416000334,53.0641940085592,33.67390063225604,-41.4371606822459,33.341005393910855,-41.82008671110413,32.20800987919673,-35.25927814554579,526667.0,116948.0,526195.0,GOV -> COP,0.0021192435781780187
2016-10-03,GOV,COP,3496,1258,6.752574370709382,1584.4270594965676,1567.6853546910754,1619.504004576659,0.8037757437070938,0.6690503432494279,3273.371567505721,-1.8774313501144178,-4.68127299383792,59.5766590389016,28.708844291666672,-1.2786140287769692,28.04745037167576,-0.6068407338961713,28.049554820512828,-0.04875122614950482,810185.0,93057.0,808531.0,GOV -> COP,0.0022083352020380357
2016-10-10,GOV,COP,2661,1024,6.482525366403608,1482.9943630214204,1521.6366027809095,1516.5065764750093,0.8485531754979331,0.8121007140172868,3109.5595640736565,-0.8015407741450505,-5.2230517699103896,60.251785043216834,27.049713232376885,-17.11799152663917,26.923382707786732,-17.738250765983455,26.924404826639194,-16.868676970901486,656517.0,114941.0,654682.0,GOV -> COP,0.00172675931856276
2016-10-17,GOV,COP,3191,1144,7.513945471638984,1655.9435913506738,1691.8141648386086,1687.2403635224068,0.7784393607019743,0.5941711062362895,3240.4591037292384,-1.0121591977436535,-4.589856418869623,59.28549044186775,31.391100227334686,-12.800546064076327,30.75090200306642,-11.95074773356046,31.118022653833037,-12.591928748892656,670862.0,107901.0,670093.0,GOV -> COP,0.002010658823143937
2016-10-24,GOV,COP,4243,1365,6.516615602168277,1501.4039594626443,1526.2861183125146,1532.3398538769738,0.8060334668866368,0.7970775394767853,3300.637284939901,-3.050176761725191,-5.939125769177096,61.520150836672165,28.261566101999502,13.434726159453277,28.147607010377126,13.191491921791929,28.222091833712987,13.265077914958217,1043552.0,127547.0,1042421.0,GOV -> COP,0.0027371244517526176
2016-10-31,GOV,COP,6189,1358,19.53562772661173,3741.4963645176927,3776.681208595896,3760.298432703183,0.7083535304572629,0.6988204879625142,5420.507836484085,-5.228356761997088,-6.653438363816542,52.11665858781709,30.974748887204974,-6.716667862258941,30.46777899087615,-6.486792437865732,30.74296506076764,-6.848426183132521,3996109.0,518576.0,3994002.0,GOV -> COP,0.003976660491887651
2016-11-07,GOV,COP,2939,1082,7.446750595440626,1668.54950663491,1691.762164001361,1696.260973120109,0.8336168764886016,0.6515821708063967,3227.2235454236134,-0.9158217080639682,-5.229894318652858,56.161959850289215,34.55953305928708,-12.857260770356488,34.66120653658539,-13.45877407016887,34.57995829155724,-13.097007272420273,366042.0,59889.0,360542.0,GOV -> COP,0.00157737679930443
2016-11-14,GOV,COP,2976,1147,6.385752688172043,1346.0987903225807,1391.4153225806451,1394.2409274193549,0.8471102150537635,0.7557123655913979,2739.6952284946237,-2.3484543010752694,-5.743501352866873,58.32661290322581,29.690090541308415,-7.610271262429905,29.622870682990662,-9.395165182803735,29.562037273644858,-8.24930361644859,242531.0,38277.0,241638.0,GOV -> COP,0.0018086655500263763
2016-11-21,GOV,COP,3583,1159,20.813564052469996,3770.5514931621547,3800.54228300307,3793.2634663689646,0.8121685738208205,0.6020094892548145,5938.149595311192,-2.458889198995254,-5.247090999404558,60.655874965113036,30.782984434646657,-16.39489214562501,30.906448261956875,-15.98810129562499,30.842713023757444,-16.101205844375,821761.0,118332.0,814877.0,GOV -> COP,0.0025798675288786037
2016-11-28,GOV,COP,2961,1064,6.70854441067207,1508.4447821681865,1551.3367105707532,1547.67747382641,0.8335021952043229,0.7399527186761229,3265.857818304627,-2.639783856805134,-4.443654150809116,64.67071935157041,28.686012725472555,-18.867847662466254,28.743064684968502,-19.325903823582358,28.731984654815495,-18.930865322232226,774505.0,84821.0,769784.0,GOV -> COP,0.001957308076721717
2016-12-05,GOV,COP,3108,1068,10.747425997425998,2253.4012226512227,2300.9932432432433,2296.0135135135133,0.8822393822393823,0.6991634491634492,4126.435971685972,-2.5330759330759327,-4.785416467730383,56.02316602316602,23.742774598482132,4.449057085982666,23.60322971511211,4.869439809971103,23.8219094947597,4.765443052745674,355615.0,72706.0,354707.0,GOV -> COP,0.0019944709261583717
2016-12-12,GOV,COP,2228,1067,11.22935368043088,2274.990574506284,2315.867594254937,2306.7212746858168,0.8572710951526032,0.6669658886894075,4356.964991023339,-1.5916068222621187,-4.171245659446278,59.54219030520646,27.529774362928343,-6.308173293720805,26.700117293873312,-5.9189581453035816,27.290405785454546,-6.010527817757009,166341.0,27597.0,166024.0,GOV -> COP,0.0014426613346041877
2016-12-19,GOV,COP,4093,1098,8.716589298802834,1768.4285365257758,1791.0561935010994,1806.99804544344,0.8030784265819693,0.6525775714634742,3506.3266552650866,-0.6043977522599565,-4.920228226429539,61.336428047886635,22.57667076153225,12.288499027515531,23.26629253385489,12.919877816293484,23.757138446992222,12.271048251686011,1457723.0,161229.0,1441330.0,GOV -> COP,0.002613271563161618
2016-12-26,GOV,COP,2000,817,5.1325,1149.7225,1187.6895,1186.395,0.826,0.8165,2839.904,-1.1077000000000006,-4.63016314202861,55.595,32.704196311985896,-28.77888073913045,32.66663102348795,-28.484137412800948,32.59789619447709,-28.52087431668626,174090.0,29037.0,169251.0,GOV -> COP,0.0016400863341446293
2017-01-02,GOV,COP,3926,1088,8.496434029546613,1989.4656138563423,2013.31049414162,2018.386398369842,0.7228731533367295,0.5962812022414672,4058.6721854304637,-0.9068517575140101,-5.425539999855537,52.35099337748344,23.642667038837583,-13.404004511406834,24.887544550516022,-14.115346040467106,24.68638770749593,-14.340022398424745,554935.0,103672.0,554426.0,GOV -> COP,0.002959008016303938
2017-01-09,GOV,COP,4215,1280,6.9871886120996445,1754.0801897983392,1793.2192170818505,1790.8967971530249,0.8519572953736655,0.7473309608540926,3992.7190984578883,-2.0768446026097256,-4.459916401902703,59.45195729537367,32.49104137054809,-22.761599991416322,32.3434080782828,-22.807967365564263,32.52614585248798,-22.858304844988652,891797.0,121253.0,887961.0,GOV -> COP,0.0026505266467536552
2017-01-16,GOV,COP,4898,1196,5.955287872601062,1394.084524295631,1443.2619436504697,1444.5830951408739,0.791547570436913,0.7786851776235199,3242.0873826051447,-2.0374234381380143,-6.04876454346737,48.85871784401797,29.525574433549608,-29.51076630761829,29.572756007690508,-28.38881592141312,29.663553462629213,-28.396703553472715,2434341.0,188926.0,2418241.0,GOV -> COP,0.00255899587885678
2017-01-23,GOV,COP,3305,1249,7.555219364599092,1672.8568835098336,1713.4656580937972,1685.2671709531014,0.7521936459909229,0.6874432677760969,3846.7624810892585,-0.3602118003025726,-4.266244013146145,50.468986384266266,30.7483618676422,-18.97702760758227,30.614337893581677,-19.78555643165943,30.34171124908551,-19.280924910542044,375817.0,96493.0,372375.0,GOV -> COP,0.0016203951116528226
2017-01-30,GOV,COP,4691,1166,10.58686847154125,2439.7501598806225,2490.5834576849284,2498.78043061181,0.7098699637603922,0.5911319548070774,4433.755915583031,-1.5144745256874796,-5.430380714103067,56.171392027286295,34.62997277257988,-27.461829499537078,34.27008478860847,-16.30961438981487,34.20582837740217,-17.113765879861166,2045684.0,283235.0,2044022.0,GOV -> COP,0.002136893273318717
2017-02-06,GOV,COP,2953,1129,6.8296647477141885,1594.1500169319336,1615.5662038604808,1615.0870301388418,0.8276329156789706,0.7077548256010836,3065.927192685405,0.2913985777175759,-5.658146149340368,64.66305452082628,20.348203569662928,16.588382956570573,20.50093384537627,16.228932623362034,20.619777544365412,16.143388961812057,554464.0,58978.0,554235.0,GOV -> COP,0.0014823277716341798
2017-02-13,GOV,COP,4125,1199,7.181090909090909,1712.8790303030303,1744.2441212121212,1749.1083636363637,0.8724848484848485,0.7250909090909091,4326.334787878788,0.6737696969696977,-3.9387637838974485,63.64363636363636,33.369230082744174,-11.003656344674225,33.54788208959917,-11.257979461135882,33.56941109143307,-11.428393741952425,2278742.0,313468.0,2265853.0,GOV -> COP,0.0019118163692266623
2017-02-20,GOV,COP,3918,1191,10.156712608473711,2431.8098519652885,2482.302960694232,2455.091373149566,0.8144461459928535,0.7608473711077081,4715.015313935682,0.23050025523226053,-4.464234650705059,63.25676365492598,33.14456296725305,-35.716366360562766,33.23593115669825,-36.721260161752895,33.220912480108254,-36.21832484582108,2192056.0,204174.0,2189884.0,GOV -> COP,0.0022249973167145685
2017-02-27,GOV,COP,2388,1129,6.876046901172529,1556.320351758794,1584.5489949748744,1569.3170016750419,0.7680067001675042,0.698073701842546,3331.711055276382,-0.6243299832495813,-4.436471980157129,54.74036850921273,30.402344265020954,16.98586718910107,29.054024185840714,16.569984648812287,29.84602062738705,17.03922446902655,106458.0,23146.0,105756.0,GOV -> COP,0.0012112899527860683
2017-03-06,GOV,COP,3516,1158,6.131683731513083,1491.1203071672355,1539.7525597269625,1527.8122866894198,0.8171217292377702,0.7810011376564278,3099.3933447098975,-1.0269055745164957,-4.523667723796494,59.12116040955632,25.894496406911937,15.786316269044939,25.776514859212476,16.74268266084696,27.56860544242199,16.32504818350666,1260758.0,55982.0,1255719.0,GOV -> COP,0.0020325590994306406
2017-03-13,GOV,COP,3457,1073,6.443448076366792,1494.4506797801562,1530.7706103557998,1520.8669366502747,0.7587503615851895,0.6864333236910616,3224.063638993347,-0.6605148973098066,-3.809203036026723,60.37604859704946,32.159485858169326,-15.073794158650887,31.409462741402553,-16.59624864374794,32.0828368544205,-14.905817169269255,933855.0,138736.0,919751.0,GOV -> COP,0.0018363097451369929
2017-03-20,GOV,COP,3138,1299,6.621414913957935,1550.8521351179095,1595.7007648183555,1592.6073932441045,0.7536647546207775,0.7055449330783938,3540.940407903123,-0.7271829190567239,-4.424077390343361,60.10834926704908,27.708420152040453,-1.985598268231045,27.761800278339358,-0.19557875315769666,27.987306916215246,-2.226636733574004,361134.0,52003.0,340324.0,GOV -> COP,0.0017883052360072808
2017-03-27,GOV,COP,3552,1174,4.86936936936937,1015.9954954954954,1053.8158783783783,1050.3645833333333,0.8296734234234234,0.7970157657657657,2355.3043355855857,-1.0565878378378373,-4.01309297842715,56.39358108108108,30.88493815311909,-30.56240376874604,30.855683228733454,-30.837480123818512,30.61952014429741,-29.887617265280387,742928.0,46950.0,742007.0,GOV -> COP,0.002272398672898703
2017-04-03,GOV,COP,4112,1166,9.368920233463035,2213.1070038910507,2251.5649319066147,2251.8976167315177,0.7979085603112841,0.6152723735408561,4157.632052529183,-0.37996108949416324,-5.09842297873581,55.313715953307394,31.472320051446925,-36.690286698017175,30.90620489067522,-37.63350245284034,30.92866414844585,-36.4013342508039,811419.0,166841.0,810825.0,GOV -> COP,0.0020722286587409296
2017-04-10,GOV,COP,3551,1082,10.209800056322162,2116.996057448606,2162.8783441284145,2163.2109264995775,0.8549704308645452,0.7496479864826809,4693.825964517037,-1.2156857223317377,-5.3627177043204,65.66319346662912,29.547767865492684,-9.645585161048698,29.463865568752336,-9.291230482022478,29.367538449981264,-9.055709873033713,1986582.0,178815.0,1974352.0,GOV -> COP,0.0020925408667161662
2017-04-17,GOV,COP,3331,1207,7.665565896127289,1922.6712698889223,1954.3578504953468,1948.7271089762835,0.7871510057039928,0.6025217652356649,4203.326928850195,-0.33800660462323673,-4.476009265473045,57.0909636745722,33.0351176766031,-28.585728497053672,32.42292904542302,-28.259563299930594,32.55159908388214,-28.44062037019059,407698.0,64725.0,406057.0,GOV -> COP,0.0021640338995163244
2017-04-24,GOV,COP,4475,1163,9.299217877094971,1964.2277094972067,2013.0341899441341,2012.99843575419,0.7591061452513966,0.5441340782122905,3717.1801117318437,0.39856983240223454,-5.613650912987203,62.18100558659218,33.41032209228787,-37.4028796604114,33.25101474267346,-37.03362303753225,33.313336439331565,-37.302162664781605,2729900.0,351715.0,2726992.0,GOV -> COP,0.002482934334570824
2017-05-01,GOV,COP,4355,900,12.18438576349024,3024.075315729047,3096.9494833524686,3070.0445464982777,0.7313432835820896,0.5634902411021814,4816.47233065442,-3.5917566016073468,-4.715145436510089,45.54535017221584,31.890493838006297,-60.53869974287088,31.97471447543741,-60.72699917325669,31.942691192427585,-60.838260802060915,3138873.0,604620.0,3137604.0,GOV -> COP,0.0036096355304174993
2017-05-08,GOV,COP,4860,1221,8.125102880658437,1681.1166666666666,1738.8913580246913,1719.8652263374486,0.8333333333333334,0.598559670781893,3472.6390946502056,-1.6865432098765403,-6.088017694986109,56.18930041152263,33.10201562143028,-52.063346180832134,32.87714335097442,-53.11379762726868,32.92042694378052,-53.01617970185921,1296179.0,201640.0,1293015.0,GOV -> COP,0.002868530975707792
2017-05-15,GOV,COP,3645,1226,7.958299039780521,2183.631001371742,2243.0304526748973,2222.440877914952,0.8567901234567902,0.5857338820301783,3559.484499314129,-0.7786282578875177,-4.341038837705892,49.84636488340192,23.46260123459359,6.656036425595249,23.037687979154242,8.489146375892828,23.41927369058961,6.956808477976166,653225.0,139077.0,651730.0,GOV -> COP,0.0020130836630942945
2017-05-22,GOV,COP,2616,1127,8.20565749235474,1714.9827981651376,1740.2866972477063,1746.9690366972477,0.8061926605504587,0.6123853211009175,3735.1498470948013,-0.11739296636085611,-4.848086564074123,60.091743119266056,27.932192855195908,2.465042558347567,27.643737339880452,3.0298512472246237,27.853677727853494,3.0157570340715885,329487.0,54345.0,329044.0,GOV -> COP,0.0014968072688989083
2017-05-29,GOV,COP,3197,1099,6.903659680950891,1498.478573662809,1522.1729746637473,1522.0631842352204,0.7397560212699406,0.7172349077259931,3487.91210509853,-1.4124491710979041,-4.973983426270996,56.47482014388489,23.58466863861216,-12.366574851063811,22.819000410432402,-14.193877390603555,23.827939085135604,-14.804072637174196,347519.0,53023.0,345951.0,GOV -> COP,0.002226251805304287
2017-06-05,GOV,COP,4588,1134,6.542066259808196,1418.4071490845683,1475.9173931996513,1453.154097646033,0.7288578901482128,0.6434176111595467,3308.6423278116827,-1.2712074978204029,-5.6463350946693325,57.4128160418483,30.769040974495685,8.443272471147187,31.92903901784883,5.324472630822763,31.432300383259882,4.265776444264206,5037444.0,380527.0,5029219.0,GOV -> COP,0.0028311480589234233
2017-06-12,GOV,COP,2534,943,6.954222573007104,1667.4388318863457,1675.5043409629045,1692.8338595106552,0.8492501973164956,0.670481452249408,2970.9060773480664,-2.5649960536700873,-4.005141018616374,63.46093133385951,31.42863593556812,-28.05976210535474,31.25546205659554,-27.935359722246343,31.320906414453624,-27.892835430996882,774247.0,32442.0,772996.0,GOV -> COP,0.0017202484924065352
2017-06-19,GOV,COP,3453,1181,8.01419055893426,1812.4995655951348,1854.287286417608,1841.0373588184189,0.8268172603533159,0.6177237185056472,4888.900376484216,-0.89105125977411,-4.810993259945058,66.89545322907617,31.494899639333095,-9.600849997278857,30.44091832255869,-6.827752907823073,31.215381310861417,-7.2577061051019855,561301.0,67163.0,558689.0,GOV -> COP,0.0023457991987733636
2017-06-26,GOV,COP,2199,913,7.531605275125057,1724.6175534333788,1763.1959981809914,1742.1850841291496,0.8440200090950432,0.6607548885857207,3448.668030923147,-1.389176898590269,-4.77671344020611,60.91405184174625,27.53910994858611,-5.39436652956298,27.391461614395883,-5.728594944473009,27.40355657069408,-5.722486582005141,138125.0,23243.0,137646.0,GOV -> COP,0.0017332976006557998
2017-07-03,GOV,COP,3179,1038,6.874174268637937,1502.6813463353255,1561.6077382824787,1537.3013526266122,0.8414595784837999,0.6778861277131173,3321.385655866625,-1.1939918213274612,-5.410083847007325,67.29160113243158,28.43267105711245,-19.570576521431096,28.394002631205684,-19.24431379489904,28.958046931536014,-18.709788590152318,844116.0,92133.0,840471.0,GOV -> COP,0.0022172407732374364
2017-07-10,GOV,COP,2524,1110,7.015847860538828,1492.0625990491283,1525.2286053882726,1527.9833597464342,0.8137876386687797,0.6897781299524565,3354.635499207607,-1.9422741679873226,-5.138292475520021,63.45879556259905,31.136317372311826,-3.9671522969099797,30.766633946636773,-3.1585266173835054,30.728924678619453,-3.4012715553067587,356339.0,43230.0,354137.0,GOV -> COP,0.0018790891033677684
2017-07-17,GOV,COP,1922,850,7.246097814776275,1582.9136316337149,1593.0665972944848,1624.1399583766909,0.7944849115504683,0.5926118626430801,3162.321019771072,-1.515088449531739,-5.119969216028458,53.6264308012487,25.255802742160274,1.2725802891986062,25.31262526248548,1.6489637839721307,25.75593502439024,1.105268259581885,119302.0,24850.0,116967.0,GOV -> COP,0.0018268694282621073
2017-07-24,GOV,COP,3972,1235,8.206445115810675,2105.727844914401,2144.245720040282,2096.797583081571,0.8418932527693856,0.5561430010070494,3851.7943101711985,-1.0502014098690844,-3.9140008633508967,61.12537764350453,35.618901786703546,-41.26093368337953,35.23439084764537,-41.80605409916897,35.20477504432127,-40.324280765650954,3035714.0,393031.0,3020118.0,GOV -> COP,0.0027455417779249317
2017-07-31,GOV,COP,4179,1266,11.669059583632448,2730.0815984685332,2749.0890165111273,2762.0536013400333,0.8322565206987318,0.6666666666666666,4329.963866953816,-2.0437903804737987,-5.491850150927392,63.69705671213209,27.21436351474889,-30.96449679729009,27.653093613074677,-31.09093087805524,27.15795185649749,-31.847142224229522,3607288.0,185467.0,1975808.0,GOV -> COP,0.00313218588949882
2017-08-07,GOV,COP,3530,1002,8.103682719546741,1879.028328611898,1927.2045325779036,1917.5815864022663,0.8110481586402266,0.5645892351274787,3596.938243626062,-1.580226628895184,-5.3354557809157495,61.31161473087819,32.500555351728515,-29.632136417697424,32.672478786167495,-29.08154307897238,32.5882944397208,-29.983018241357428,1216198.0,155495.0,1213622.0,GOV -> COP,0.0030005958690380156
2017-08-14,GOV,COP,4100,931,9.14609756097561,1883.8236585365853,1935.2112195121952,1932.6026829268292,0.6917073170731707,0.771219512195122,4037.8531707317075,-4.03519512195122,-4.9713090567643965,57.265853658536585,23.76852408749679,-28.25763922366019,23.751722345845206,-28.36562347890225,23.953982429459003,-28.143079769867793,3137927.0,362568.0,3131602.0,GOV -> COP,0.0035415536536740596
2017-08-21,GOV,COP,1788,620,10.095637583892618,2390.0453020134228,2428.1985458612976,2421.460850111857,0.8288590604026845,0.6666666666666666,4043.584451901566,-0.9755033557046993,-4.6087145737432165,59.07158836689038,32.146962266808195,-26.722206665488038,31.979337177762027,-26.71905206152765,32.01562402195466,-26.43702410537488,397261.0,42924.0,393704.0,GOV -> COP,0.001950898035026694
2017-08-28,GOV,COP,3290,958,9.035562310030395,2052.2537993920973,2102.788753799392,2090.268996960486,0.7635258358662614,0.49544072948328266,3763.5689969604864,-0.06267477203647492,-5.080351705187043,54.97568389057751,31.235684576897473,-42.393474217043874,31.53324669660679,-45.80487661809706,31.449554539920157,-44.03090418396534,539184.0,108782.0,535271.0,GOV -> COP,0.002503519385153902
2017-09-04,GOV,COP,2433,984,8.801890669954789,2221.376900945335,2257.186189889026,2245.772708590218,0.8257295519934238,0.6929716399506781,4244.006576243321,-2.1096177558569664,-4.607185797339302,61.6563912864776,29.31644201269681,11.333779216353479,29.13652957106601,12.39004935888324,29.24428298934012,12.072266801015221,444519.0,61337.0,443932.0,GOV -> COP,0.0019038705774917582
2017-09-11,GOV,COP,2152,843,9.33875464684015,2065.377788104089,2112.4117100371745,2105.1333643122675,0.8671003717472119,0.5,3973.021375464684,-1.2671933085501883,-4.864082913549386,57.04925650557621,32.91916980901178,-29.576085527635716,32.948685105828226,-29.315521533469685,32.90266972392639,-28.88443834287183,302349.0,68195.0,300352.0,GOV -> COP,0.001901406086266582
2017-09-18,GOV,COP,2138,1038,7.311973807296539,1963.4008419083254,2010.1524789522919,1996.1178671655753,0.8465855940130963,0.6407857811038353,3679.813376987839,-0.43578110383536,-3.890624414501424,66.71188026192704,30.522851055982436,-10.396782784302957,30.95817497535597,-12.308258619386628,30.463857635216673,-10.016046399890278,129069.0,10934.0,128417.0,GOV -> COP,0.001541500836361539
2017-09-25,GOV,COP,2588,980,6.5683925811437405,1592.6116692426585,1624.8732612055642,1623.9833848531684,0.8187789799072643,0.6947449768160742,3087.719860896445,-1.842890262751159,-4.428372571342197,61.646058732612055,28.81575460681115,-2.7108652684652674,28.91131163511721,-2.784001969040234,28.962236367094217,-3.0061805258734933,336657.0,28306.0,335300.0,GOV -> COP,0.0021040428027996453
2017-10-02,GOV,COP,4886,1139,10.779574293900941,2701.548096602538,2701.5206713057714,2711.8907081457223,0.7058943921408105,0.44965206713057715,4909.9725747032335,0.21086778550961735,-5.53116342233095,50.10437986082685,30.763129696351918,-37.260707532189045,31.840933145922673,-48.99611418991444,31.35433081974246,-43.94345365772555,1702157.0,336626.0,1698943.0,GOV -> COP,0.0038093099660311837
2017-10-09,GOV,COP,1900,853,9.73842105263158,2461.732105263158,2497.7994736842106,2481.958947368421,0.8531578947368421,0.608421052631579,4095.257894736842,-1.2872631578947369,-4.557413491674127,64.13684210526316,25.768965311373528,0.41675539232672726,25.72078445869838,-0.03917299438903246,26.090810970807453,1.095643728960394,192500.0,21210.0,191119.0,GOV -> COP,0.0013951763613066193
2017-10-16,GOV,COP,3112,924,7.5038560411311055,1434.8907455012854,1460.2901670951157,1460.6401028277635,0.7741002570694088,0.7332904884318766,3567.067802056555,-3.3611503856041125,-5.752460725561307,57.9659383033419,31.946946327050963,-37.27638796563197,31.42071287564571,-36.50089152103324,31.90594946199258,-36.997398745018494,662246.0,99848.0,661328.0,GOV -> COP,0.002286075289156936
2017-10-23,GOV,COP,2655,1048,6.995856873822976,1606.5276836158191,1654.6323917137477,1638.476459510358,0.8297551789077213,0.7412429378531074,3828.942372881356,-1.3337853107344633,-4.302675789437648,58.80225988700565,24.677977539267033,-9.964618671365294,24.69441677325817,-9.887620728956916,24.80468653201773,-9.315394070076524,285713.0,50364.0,285230.0,GOV -> COP,0.0019802467588842594
2017-10-30,GOV,COP,3220,1174,9.768944099378881,2633.291304347826,2677.5431677018632,2667.3832298136645,0.8350931677018634,0.6972049689440993,5321.57701863354,-1.9870807453416146,-4.662118749981351,59.475155279503106,32.61347420765584,-10.41451732317072,32.497498250677516,-8.75867528895663,32.72344252100271,-8.737488796070451,804013.0,96589.0,803293.0,GOV -> COP,0.0021462803362061497
2017-11-06,GOV,COP,2145,941,10.136596736596736,2814.1575757575756,2820.888111888112,2848.432634032634,0.8699300699300699,0.6494172494172494,5619.145920745921,-1.3189743589743594,-4.513352496767762,64.23310023310023,28.71772175013522,3.0266806522444654,28.94327779232019,2.55337069767443,29.083780483504608,1.94988539967551,161089.0,17025.0,160800.0,GOV -> COP,0.0014837657351799817
2017-11-13,GOV,COP,3181,933,8.572461490097453,1909.6560829927696,1931.8198679660484,1938.806978937441,0.7148695378811695,0.6846903489468721,3970.521534108771,-0.17387613957874937,-4.696132473257162,58.13580635020434,26.768534578210343,-68.74775407786879,26.85149683196718,-68.81953275478133,26.795677094262256,-68.95151558572397,2464198.0,252748.0,2463900.0,GOV -> COP,0.002161462102387121
2017-11-20,GOV,COP,2862,949,8.93780573025856,1996.2459818308876,2036.7739343116702,2014.201607267645,0.7955974842767296,0.5213137665967854,3658.1062194269743,0.009014675052409455,-5.345045568222533,51.701607267645,22.059370010752684,-3.7898988073675732,21.798934118122354,-6.746575905950052,21.714052858131485,-4.57338519654506,446731.0,95528.0,443661.0,GOV -> COP,0.002499489098140317
2017-11-27,GOV,COP,1809,858,7.1393034825870645,2237.6804864566056,2264.964068546158,2257.8137092316197,0.8236594803758983,0.6909894969596462,3171.425649530127,-0.8281370923161966,-4.286352278186321,57.24709784411277,31.057239994587288,-19.573759830966864,30.70339138617887,-18.258396594996615,31.092403358158432,-19.731579011494244,148815.0,25660.0,147509.0,GOV -> COP,0.0012272011266642516
2017-12-04,GOV,COP,2503,888,6.767479025169796,1699.776667998402,1741.2712744706353,1727.071114662405,0.8665601278465841,0.787055533359968,4945.914902117459,-0.45641230523372023,-3.8993223757112148,56.97562924490611,32.96527723669201,-3.2573539296911918,32.76501448811786,-1.4889539467933293,32.18802604895436,2.1450788826603477,539819.0,81387.0,539662.0,GOV -> COP,0.0015316437725799662
2017-12-11,GOV,COP,2327,829,7.804899011602922,1947.3016759776535,1973.236355822948,1974.1882251826387,0.7417275461968199,0.7133648474430597,4067.899871078642,-0.2550923936398796,-4.193708281497089,54.76149548775247,30.927186397448015,-11.188752586956552,30.98458240548204,-12.096547719754295,30.933244034499058,-11.545128061436706,322379.0,55824.0,321752.0,GOV -> COP,0.0018569101876301213
2017-12-18,GOV,COP,2553,981,6.370936153544849,1915.132784958872,1962.786133960047,1950.511946729338,0.8378378378378378,0.654132393262828,3303.368585977282,-0.7666274970622798,-4.5047782606672016,59.334116725421076,33.93622212869957,-30.165445981614333,33.69768479372199,-29.07197753542598,33.79037542376683,-29.3075600591928,386901.0,51569.0,381041.0,GOV -> COP,0.0021748000896157343
2017-12-25,GOV,COP,2174,746,7.532198712051518,1641.2428702851887,1693.6283348666054,1696.057497700092,0.8643054277828887,0.5979760809567617,3172.5501379944803,0.006715731370745115,-5.024945864862258,56.3017479300828,33.698061953524075,-45.74428564114338,33.71436415482889,-45.96759268147008,33.55893895097044,-45.49584799081158,423744.0,40164.0,423183.0,GOV -> COP,0.002701295603001495
2018-01-01,GOV,COP,2277,893,6.277558190601669,1402.4567413263067,1266.5454545454545,1435.721563460694,0.7839262187088274,0.7075098814229249,3020.3399209486165,-0.8749670619235839,-4.873025493996516,55.059288537549406,32.0569588733167,-19.851779982080682,32.37898035928143,-20.70746588247016,32.319401025436406,-20.60174604878053,201321.0,38572.0,182982.0,GOV -> COP,0.00211102489006817
2018-01-08,GOV,COP,2660,1001,7.383458646616542,1559.8097744360903,1606.8492481203007,1600.3718045112782,0.8526315789473684,0.631203007518797,3490.2845864661654,-1.178345864661655,-4.7543280724033306,61.6578947368421,31.006688001711595,-11.873712639709012,30.071461162173733,-9.6134528117244,30.992069293110834,-12.033933857509611,479139.0,72726.0,476606.0,GOV -> COP,0.0020199995139850795
2018-01-15,GOV,COP,2309,1010,8.010827197921177,1788.8068427890862,1843.8791684711996,1835.413598960589,0.7605023819835427,0.6743178865309658,5830.747942832395,-1.4401905586834132,-4.577707510632483,55.998267648332614,29.955180242800395,-40.33209769116186,30.254231344091362,-41.52965809980138,30.143956837140017,-40.45313852830188,157386.0,20007.0,154920.0,GOV -> COP,0.0016494329850879543
2018-01-22,GOV,COP,2345,990,9.49680170575693,2276.851172707889,2330.147974413646,2318.6098081023456,0.8217484008528785,0.652452025586354,5102.868656716418,-0.6086993603411515,-4.512442191394887,57.91044776119403,28.66717711719129,-18.701224839709443,29.234963654721554,-18.636256042130746,28.949361102179182,-18.687738692978208,160252.0,23665.0,159095.0,GOV -> COP,0.0017179210298442077
2018-01-29,GOV,COP,4104,1022,12.944688109161794,3321.2161306042885,3377.601364522417,3367.514863547758,0.830896686159844,0.6242690058479532,6515.537768031189,-0.7123050682261206,-4.418365567341066,60.687134502923975,33.52301665066877,-4.127488662123203,33.268552319611956,-8.24357823145479,33.62359020508786,-3.9810967103538712,1694045.0,200759.0,1690841.0,GOV -> COP,0.0030590978344807434
2018-02-05,GOV,COP,3376,1103,10.84686018957346,2914.621741706161,2946.315758293839,2969.7307464454975,0.8299763033175356,0.7011255924170616,4820.1706161137445,-1.7962973933649287,-5.435208460590482,53.60781990521327,28.953236814323585,-42.47246476823606,28.729705710683454,-42.22876448905834,28.712025110411115,-41.18581834714853,389873.0,103342.0,381627.0,GOV -> COP,0.0025589696205736306
2018-02-12,GOV,COP,4308,1199,9.230269266480965,2114.3841689879296,2169.388811513463,2167.604224698236,0.8635097493036211,0.6634168987929434,4434.157149489322,-0.7825673166202424,-4.043036942611594,60.74048282265552,31.419172522055106,2.5526253101202507,31.354320399649186,2.805370183116246,31.36729651528819,2.9077919183366863,1431756.0,172165.0,1286614.0,GOV -> COP,0.003039605895480738
2018-02-19,GOV,COP,3503,1097,6.821296031972595,1436.6999714530402,1439.5238367113902,1471.88181558664,0.8133028832429346,0.7704824436197545,3421.6188980873535,-1.1851555809306304,-4.903907241016022,67.00542392235226,30.765875505095547,-11.98876616401274,30.62555753887827,-11.894031682919058,30.644514109942644,-11.756700851179097,1444776.0,123264.0,1442968.0,GOV -> COP,0.0023224791852029633
2018-02-26,GOV,COP,3867,1111,6.786397724334109,1456.8513059219033,1491.3891905870184,1477.565554693561,0.7005430566330488,0.7623480734419447,2811.662011895526,-0.8038272562710086,-4.629703489386033,53.66433928109646,28.805157695061045,-22.924786248498346,26.729301993452403,-24.121001101695143,27.54366617976192,-23.323628983348296,1143057.0,95795.0,1142187.0,GOV -> COP,0.002647698002210181
2018-03-05,GOV,COP,3690,1195,7.695663956639566,1833.390514905149,1876.9430894308944,1870.2081300813009,0.8032520325203252,0.5636856368563685,3760.356910569106,-0.3227371273712751,-4.755383416935631,56.422764227642276,32.601120676557,-16.43871253538911,30.935203787371535,-16.244966656975034,31.053132031718082,-16.632703313950067,838186.0,113039.0,836983.0,GOV -> COP,0.0021508083892018926
2018-03-12,GOV,COP,4111,1178,6.87545609340793,1568.0158112381416,1566.4052541960593,1587.41814643639,0.7720749209438093,0.6830454877158842,3505.5988810508393,0.4733641449768907,-2.488441874187297,57.737776696667474,32.227049725462344,-9.26508732603128,32.03683398947372,-10.311935650355606,31.963384353342843,-9.817835037553326,967810.0,120003.0,966244.0,GOV -> COP,0.0025465515318953877
2018-03-19,GOV,COP,2571,1068,7.639439906651108,1794.9646052119797,1841.2808245818749,1839.8603656164917,0.8055231427460132,0.691948658109685,3782.8778685336447,0.1283936211590823,-4.197961416361092,54.379618825359785,33.40146739267675,-36.185273035774415,33.49841846254207,-36.786859570707065,33.33170535563971,-36.39090565151514,258019.0,45987.0,256759.0,GOV -> COP,0.0017398907340498173
2018-03-26,GOV,COP,2546,1029,6.808326787117046,1558.1107619795757,1471.4728986645719,1602.5655930871956,0.6956009426551453,0.6543597800471328,3082.730557737628,-1.5537313432835824,-4.820510255641308,49.21052631578947,28.156564038918674,-11.839454977524584,26.61079884231457,-15.765497890840035,27.410150549686936,-11.381004959168163,159974.0,35578.0,158755.0,GOV -> COP,0.0016821213492648152
2018-04-02,GOV,COP,3431,1147,7.625473622850481,1708.5368697172835,1745.5724278635967,1749.0460507140776,0.8079277178665112,0.6336345088895365,3952.33197318566,-0.05155931215389089,-4.448240527887489,53.313902652287965,31.658906227667973,-38.14794618030301,31.908578564624488,-37.63130417239788,31.86970024578392,-36.73367698563898,390720.0,72309.0,387537.0,GOV -> COP,0.002255328715310599
2018-04-09,GOV,COP,2828,1079,7.9582743988684586,1703.1545261669023,1754.173974540311,1739.4055869872702,0.7429278642149929,0.7259547383309759,3265.2874823196607,-1.389851485148515,-5.146338644094313,55.48444130127299,31.557910192058326,-8.839653692868726,31.321937182739052,-1.3552297025932154,31.543892857374377,-6.478716366693696,471707.0,64724.0,468626.0,GOV -> COP,0.001424459090874748
2018-04-16,GOV,COP,2671,967,6.122426057656308,1336.6686634219393,1425.9311119430924,1427.8202920254587,0.7787345563459378,0.6641707225758143,3247.7192062897793,-0.9251216772744291,-4.763544523002868,57.89591913141145,27.81880441498063,-22.267425253551426,28.147032927249253,-17.53120026431338,27.747039227722777,-22.520384482996118,484187.0,60220.0,482958.0,GOV -> COP,0.0016567351462932489
2018-04-23,GOV,COP,2580,990,6.656976744186046,1446.3321705426356,1501.4162790697674,1491.9945736434108,0.8430232558139535,0.7903100775193799,3506.829457364341,-1.5793798449612415,-4.973382746549552,58.01162790697674,32.907556697207674,-42.87399092452004,32.96585986381492,-45.2661775981675,32.96994072862129,-43.69118391012213,815998.0,99481.0,815651.0,GOV -> COP,0.0016353177935886669
2018-04-30,GOV,COP,2426,923,6.429513602638087,1544.8371805441054,1582.6368507831821,1577.2988458367684,0.7934872217642209,0.5762572135201979,3667.8751030502885,-0.8807502061005769,-4.618460661065443,59.847485572959606,28.800213525806438,6.288697736405518,28.448520349308737,6.7207864419354655,28.3689007410138,7.056689717972336,417411.0,54611.0,415331.0,GOV -> COP,0.0016198170528143154
2018-05-07,GOV,COP,5007,1127,10.941481925304574,2540.557819053325,2155.7858997403637,2586.8847613341322,0.7970840822848013,0.6101457958857599,3497.189135210705,-0.006371080487319156,-3.7824865925270075,58.12861993209507,35.253456928462334,-21.316839731079632,35.54526980479817,-6.571840376444964,35.56535305561606,-6.593686447764474,2902426.0,361783.0,2899146.0,GOV -> COP,0.0026268544585175244
2018-05-14,GOV,COP,3326,1098,7.693926638604931,1604.3349368610943,1644.5844858689115,1631.818099819603,0.8271196632591702,0.6313890559230306,3285.5841852074564,-1.0665664461816,-3.9549742906420793,68.48767288033675,33.42294494196268,-28.96350535811996,33.184592813904466,-28.709051296387234,33.185889897751196,-28.654623537004568,1780216.0,125331.0,1779134.0,GOV -> COP,0.0019149907618680776
2018-05-21,GOV,COP,2334,1063,6.983718937446444,1780.9605826906597,1872.6109682947729,1852.033847472151,0.8316195372750642,0.7506426735218509,3482.5895458440446,-0.3736075407026564,-4.086245060849667,59.90145672664953,28.642519682798543,-10.115735720673312,28.166503701209905,-10.221183107311925,28.47219098264073,-10.791139765386623,385242.0,24409.0,381133.0,GOV -> COP,0.0014708152816069319
2018-05-28,GOV,COP,5716,1061,8.904128761371588,1845.0825752274318,1879.148355493352,1861.9702589223234,0.8343247025892232,0.7538488453463961,3926.286214135759,-0.7258747375787258,-4.198525645015666,52.660951714485655,34.53831388799416,-11.936708191434809,35.62095757448753,-12.82756469857244,35.624283106698414,-12.878280487005807,3684496.0,481168.0,3623972.0,GOV -> COP,0.0036418499272394575
2018-06-04,GOV,COP,2646,1106,6.883597883597884,1695.0990173847317,1727.530612244898,1734.7108843537414,0.7883597883597884,0.7600151171579743,3660.312925170068,-0.937226001511716,-4.006582506222628,56.3718820861678,29.941499991883806,-16.504662696710817,30.448638455360943,-16.628732465185834,29.114693780008544,-16.861269410935492,340572.0,54598.0,337692.0,GOV -> COP,0.0018608811968715254
2018-06-11,GOV,COP,2668,967,7.245877061469265,1782.8628185907046,1810.2443778110944,1817.2856071964018,0.823088455772114,0.7368815592203898,3317.779235382309,-0.02140179910045033,-4.2824055660215,62.72113943028486,31.002569167688968,-10.359383942289433,31.385065199394724,-8.886020708344166,30.849576780415042,-9.784670724902735,341863.0,46418.0,334705.0,GOV -> COP,0.0018382580919873168
2018-06-18,GOV,COP,3255,1007,7.703533026113671,1776.4285714285713,1819.6746543778802,1819.2976958525346,0.8178187403993855,0.6516129032258065,3852.1115207373273,-2.143072196620583,-4.882345800204599,59.21966205837174,32.21423244160721,-36.923998058205015,32.412889707097285,-36.80834343297031,32.26066765490051,-37.14359182688694,1077399.0,107752.0,1076362.0,GOV -> COP,0.0022681772982977174
2018-06-25,GOV,COP,2286,936,7.342957130358705,1593.9496937882764,1625.6994750656168,1620.1789151356081,0.836832895888014,0.6447944006999126,3481.685039370079,-1.4022309711286096,-4.803784012510197,61.98600174978128,29.743533603715157,-34.267793308603814,29.691805576585853,-34.35688984801649,29.77942356214543,-34.13693759350852,366526.0,39352.0,276621.0,GOV -> COP,0.0015497853282921243
2018-07-02,GOV,COP,2345,952,7.321961620469083,1630.8660980810234,1670.0422174840085,1671.0494669509594,0.805543710021322,0.5658848614072495,3338.6162046908316,-0.5498933901918989,-4.503256736521597,54.908315565031984,28.621064275105056,-7.067088960765951,28.402110086875265,-7.375880823914019,28.140846385801,-7.8061519934609525,198945.0,41656.0,198404.0,GOV -> COP,0.001915251939345727
2018-07-09,GOV,COP,3899,1130,8.46755578353424,2135.074634521672,2199.977686586304,2171.5870736086176,0.7232623749679405,0.5837394203641959,3620.098999743524,-0.8259040779687103,-5.646263107095468,57.15311618363683,34.20454454550507,-33.10115180826806,34.39702476331863,-32.697333316037216,34.289827395949025,-33.62900120393954,1629469.0,67972.0,1628877.0,GOV -> COP,0.0025685839585706314
2018-07-16,GOV,COP,2431,1007,7.943644590703414,1784.0666392431099,1823.0723981900453,1814.6232003290827,0.786096256684492,0.6384204031262855,3362.6532291238173,-2.4073632250102843,-5.1610522365378495,54.53311394487865,31.624510167517396,-15.50026085025498,31.92299135975892,-17.581474235975882,31.673650019953595,-16.140007895688466,177984.0,45294.0,176507.0,GOV -> COP,0.0016792002282220303
2018-07-23,GOV,COP,3347,1108,9.311622348371676,2159.060651329549,2147.9483119211236,2203.671945025396,0.7714371078577831,0.5951598446369883,3723.236629817747,0.3484613086345971,-4.304381989759166,57.72632207947416,33.42180072721243,-44.31447492906861,33.29922652270467,-33.64937086708653,33.157424732184275,-38.66226504673517,697809.0,95984.0,694209.0,GOV -> COP,0.0023505154349577197
2018-07-30,GOV,COP,2429,1034,8.060518731988473,1784.8587896253603,1828.4582132564842,1816.7006998764923,0.7809798270893372,0.6965829559489501,4041.521613832853,-0.46599423631123865,-4.662582236701559,58.913132976533554,20.256996079654495,-10.211708474088296,19.680535148752387,-10.340173864203454,20.082558136276376,-10.339756680902113,410989.0,64899.0,408754.0,GOV -> COP,0.0017685365050981031
2018-08-06,GOV,COP,3020,1085,6.766556291390729,1570.3781456953643,1620.9735099337747,1601.5099337748345,0.8314569536423841,0.678476821192053,3596.71821192053,-1.2886754966887417,-4.964268296505144,58.04635761589404,28.813032383033402,-18.812574458318057,29.530244398603962,-18.208480453911147,30.193391414616197,-18.157152154976156,324873.0,56740.0,322442.0,GOV -> COP,0.002147178415595625
2018-08-13,GOV,COP,3147,932,9.098506514140452,2437.990149348586,2451.10962821735,2485.7219574197647,0.7645376549094376,0.5061963775023832,4173.125516364792,-3.163520813473149,-4.22905538994862,56.68891007308548,26.208704534078997,3.5458765162531023,26.098740235581968,3.568635934638281,26.321145522195035,3.8475401300245102,1501998.0,253262.0,1501087.0,GOV -> COP,0.0024034422608700963
2018-08-20,GOV,COP,2592,1076,7.1234567901234565,1665.273148148148,1700.9479166666667,1695.6350308641975,0.8668981481481481,0.6944444444444444,3693.956790123457,0.06331018518518518,-5.2171606909092745,61.10725308641975,29.739852545147688,-8.866936312236282,29.73852060464136,-8.618836139240507,29.65767885991562,-9.226913323628693,491568.0,68167.0,488053.0,GOV -> COP,0.0016912778478489386
2018-08-27,GOV,COP,2988,1024,7.396586345381526,1726.3892235609103,1769.0548862115127,1753.5050200803212,0.857429718875502,0.678380187416332,4457.027108433735,-0.829250334672023,-5.409081926004713,64.80254350736278,31.113327826005968,-4.793737201564838,31.535290366616994,-5.875174788375569,31.100124000745154,-5.055069435543972,653274.0,73877.0,623859.0,GOV -> COP,0.0018941194816654559
2018-09-03,GOV,COP,3340,894,9.48622754491018,2028.294610778443,2072.6640718562876,2071.1934131736525,0.7955089820359281,0.5413173652694611,3134.7110778443116,-0.0642514970059881,-4.037124006899364,57.964071856287426,34.555611986936654,-30.708855591770043,34.69438107870674,-30.778252436969293,34.632217913455264,-31.066083902024808,1332509.0,176714.0,1329272.0,GOV -> COP,0.0020392450885636814
2018-09-10,GOV,COP,2583,916,7.3643050716221445,1678.9852884243128,1690.890824622532,1683.1548586914441,0.8253968253968254,0.6794425087108014,3348.849787069299,-1.1957026713124277,-4.928838951759307,62.01316298877274,24.590062214254292,-7.339525911130663,24.554660801143868,-7.24113084909811,24.618239903651567,-7.316184815662118,699230.0,94614.0,698809.0,GOV -> COP,0.0016794876879833078
2018-09-17,GOV,COP,4367,1057,6.535607968857339,1354.0563315777422,1404.8900847263567,1386.6734600412183,0.6839935882757041,0.8014655369819098,4247.4687428440575,-4.9128463476070525,-5.910029316103933,49.864895809480196,33.08736545230463,-54.1018655230465,32.71761163322661,-52.41242340276061,32.93217906236139,-53.54933183263486,1584657.0,356516.0,1555991.0,GOV -> COP,0.002744378172421356
2018-09-24,GOV,COP,2623,1008,7.398017537171178,1720.9180327868853,1768.906976744186,1769.9828440716738,0.8025162028211971,0.670224933282501,3815.269157453298,-1.1843690430804428,-4.645123276455009,55.63476934807473,32.25565578177964,-22.771220023305055,32.05559659872879,-21.959084511864376,31.834531461016933,-21.864655036016917,265570.0,53120.0,265428.0,GOV -> COP,0.0016683638648797004
2018-10-01,GOV,COP,3418,1064,8.600643651258046,1815.4634289057929,1875.3791691047395,1858.816559391457,0.7428320655354008,0.6831480397893505,3422.5149210064365,-2.7692217671152712,-5.720862569434119,57.03042715038034,27.694411820554635,-6.479816122022863,28.09909967928221,-15.982598172267545,27.705725501794443,-11.716384984013068,543299.0,100453.0,541119.0,GOV -> COP,0.002254354207984952
2018-10-08,GOV,COP,2837,962,6.343320408882622,1467.0539302079662,1504.5435318998943,1495.726471624956,0.7722946774762073,0.7994360239689813,3605.26436376454,-0.48234050052872773,-4.125892430735386,56.972153683468456,26.126025028274544,-12.25798182458825,25.96022878082356,-10.006408797529437,26.101078321215702,-8.80074693164709,408115.0,74389.0,406988.0,GOV -> COP,0.001967485516060979
2018-10-15,GOV,COP,4158,1103,6.563492063492063,1621.6474266474268,1654.2984607984608,1650.977392977393,0.7878787878787878,0.7691197691197691,3912.2698412698414,-1.351274651274651,-4.172181359214306,52.62866762866763,32.59797844543728,-25.362791178619766,34.34362293528292,-26.846524961840284,33.14439356024909,-26.769407328281442,770319.0,151871.0,767987.0,GOV -> COP,0.0024515396411837432
2018-10-22,GOV,COP,4542,1078,7.424262439453985,1656.178775869661,1714.9616908850726,1687.2247908410393,0.7556142668428005,0.7593571114046676,3619.6036988110964,-2.749845882870983,-6.215098123837957,52.118009687362395,29.082724383756112,-58.35364701535952,29.17319886455668,-58.44687424319289,29.158499950895976,-58.50175515057013,1736616.0,289774.0,1730376.0,GOV -> COP,0.002866919273688536
2018-10-29,GOV,COP,4893,970,8.94011853668506,1928.062538320049,1975.3026772940937,1965.4909053750255,0.6797465767422849,0.6672797874514613,3817.2154097690577,-1.2801348865726543,-5.890792024340293,55.71632945023503,32.44101829966403,-31.76016595117578,33.22872527525194,-30.13437955834262,32.86206570324745,-31.633942851735664,2445759.0,401677.0,2442642.0,GOV -> COP,0.0030894130304660447
2018-11-05,GOV,COP,2793,856,12.297887576083065,2897.1335481561046,2934.280701754386,2923.5370569280344,0.8388829215896885,0.5470819906910133,5220.186895810956,0.07919799498746616,-4.201230965604399,63.17937701396348,30.70200229248696,-58.05777348573727,31.14429200883889,-59.382401073523496,31.102420561269582,-59.846869836480515,965615.0,130757.0,959638.0,GOV -> COP,0.001702364720517792
2018-11-12,GOV,COP,3365,868,9.094205052005943,2027.3411589895989,2068.216047548291,2061.6621099554236,0.8662704309063893,0.5848439821693908,3736.2282317979198,-0.953283803863298,-4.805422353844396,60.27637444279346,34.47400938410164,-17.184097342448357,34.52170310111277,-17.206774150079518,34.40017953672493,-17.19299989570751,1576584.0,277788.0,1563408.0,GOV -> COP,0.002109388565672193
2018-11-19,GOV,COP,2661,998,7.425028184892898,1722.707252912439,1766.2581736189402,1764.5155956407366,0.8012025554302894,0.5896279594137542,3610.708380308155,-1.8456595264937998,-4.48079581000084,66.7380683953401,29.83771178938283,7.389385892533437,30.181613231333625,5.667715615019405,30.173990886108722,5.310787828731654,323559.0,36206.0,322445.0,GOV -> COP,0.002009765602873036
2018-11-26,GOV,COP,2876,1082,8.166203059805285,1689.1585535465924,1735.7385257301808,1732.6175243393602,0.7976356050069541,0.5737134909596662,3514.5358136300415,-0.8996522948539647,-5.025861155404446,55.285118219749656,29.019236601834166,-15.00683297325181,28.568201505158576,-11.823059511654563,28.478432852502877,-12.065579528849826,274605.0,48706.0,268849.0,GOV -> COP,0.0017435819089433142
2018-12-03,GOV,COP,3402,1130,8.815402704291593,1891.0805408583187,1950.1431510875955,1928.453262786596,0.7868900646678424,0.7733686067019401,3897.0714285714284,-0.20523221634332847,-5.238994919293445,58.492063492063494,35.054145943951816,-5.052588756251994,34.76453592519804,-4.959413342196911,34.83358023984766,-5.211418175055412,1219255.0,119705.0,1170562.0,GOV -> COP,0.002367000588619194
2018-12-10,GOV,COP,3864,1058,8.235766045548655,1797.3693064182194,1846.347049689441,1837.0310559006211,0.776656314699793,0.7497412008281573,4435.328157349896,-1.5766563146997938,-5.496614859988332,48.2712215320911,39.39009167604437,-7.938070782324513,39.7319581204888,-7.296529336459214,39.41271993610957,-7.839719197090697,809148.0,134440.0,803335.0,GOV -> COP,0.0029419400815733593
2018-12-17,GOV,COP,2533,916,10.003553099091986,2843.6549545992893,2902.433083300434,2888.02763521516,0.6956178444532175,0.7986577181208053,5373.57797078563,-0.8972759573628113,-3.3208082274708914,54.31898934070272,33.623347111690535,-32.586047937852975,33.251460573229,-33.322077569752295,33.05934814254668,-33.112583060408525,835260.0,196753.0,833948.0,GOV -> COP,0.0019739020997549183
2018-12-24,GOV,COP,3021,820,5.749089705395565,1215.319430652102,1288.442237669646,1267.130420390599,0.8722277391592188,0.7676266137040715,2861.930817610063,-1.9957629923866278,-5.673962531943474,57.38497186362132,33.7203293060089,-42.83555590022245,35.89956640382455,-46.54969769816265,34.41913992838396,-45.05754037570291,917057.0,80261.0,914233.0,GOV -> COP,0.003479476730927377
2018-12-31,GOV,COP,2197,781,7.025489303595813,1489.3222576240328,1555.0978607191626,1455.2480655439235,0.7860719162494311,0.7441966317705963,3180.6431497496587,-1.3739189804278562,-4.367740167576939,59.74055530268548,34.08266731404128,-26.258128094615028,32.88990300603927,-26.576373625566198,33.04343073427279,-26.39403519224964,339908.0,53158.0,339517.0,GOV -> COP,0.00225260094922984
2019-01-07,GOV,COP,3472,993,7.741647465437788,1670.4124423963133,1694.4637096774193,1703.3096198156682,0.8381336405529954,0.6949884792626728,3377.5861175115206,-2.1101094470046116,-4.157560928402085,55.56163594470046,32.028451479186565,-30.459288128058486,31.659191631077253,-29.967070310772186,31.734831942484945,-30.236460727041642,771236.0,90806.0,770933.0,GOV -> COP,0.0028182527320086788
2019-01-14,GOV,COP,2663,910,8.788584303417199,1959.6162223056704,1977.6451370634622,1988.7484040555764,0.8715734134434848,0.6012016522718738,3418.125422455877,-1.0865189635749166,-5.560296284617592,63.71761171610965,23.575824246376815,-17.345056738277943,23.66269216497462,-15.249108612098164,23.52019556091371,-16.537585530456873,587403.0,65260.0,586531.0,GOV -> COP,0.0019677141191431317
2019-01-21,GOV,COP,2036,942,6.899803536345776,1546.262278978389,1593.6409626719058,1574.8339882121807,0.8172888015717092,0.7053045186640472,3102.7853634577605,-0.9442534381139488,-5.274511708086293,64.57269155206286,25.54638394876543,-1.8440595186246391,25.49105476358024,-3.6844423914040134,25.825761318912235,-3.760052750716333,218217.0,27219.0,216058.0,GOV -> COP,0.0016480879023386497
2019-01-28,GOV,COP,1962,816,7.255351681957187,1638.8409785932722,1693.7487257900102,1674.459225280326,0.8027522935779816,0.6717635066258919,3599.579510703364,-0.27553516819571827,-4.5647624865289345,56.69724770642202,28.917036932947966,-35.602230049132906,27.365579472286356,-33.98178206062353,28.089560115540127,-35.413250937030575,224505.0,47706.0,224272.0,GOV -> COP,0.001589483806627386
2019-02-04,GOV,COP,1936,937,7.104855371900826,1560.161673553719,1603.8223140495868,1600.9581611570247,0.7742768595041323,0.6864669421487604,3599.6725206611573,-0.6977789256198346,-4.530827699328354,59.13223140495868,27.967368352870817,2.117476834928237,28.26547793839713,0.7543744784689077,28.226149722488042,0.5949893528708223,94892.0,18537.0,94093.0,GOV -> COP,0.0015128285674544941
2019-02-11,GOV,COP,3641,1084,8.10821202966218,1840.5105740181268,1875.302389453447,1870.3974182916782,0.7401812688821753,0.6772864597638012,3696.1463883548477,-1.2765723702279594,-5.538410166087057,59.332600933809395,30.71622916398712,-26.303632611809384,30.97882175358082,-25.808485014323278,30.676188656533178,-26.134800485530537,1081401.0,141343.0,1080853.0,GOV -> COP,0.0025594234724649334
2019-02-18,GOV,COP,2302,1028,5.873588184187663,1202.4821894005213,1242.5742832319722,1226.221980886186,0.7858384013900955,0.7298001737619462,3205.2602085143353,-0.6871850564726323,-4.536436998083774,61.4509122502172,32.71598614537224,3.5812880271629814,32.65559933249496,2.4367057489939654,32.61432133249497,3.83593528219316,253530.0,36972.0,253012.0,GOV -> COP,0.0017984613858152804
2019-02-25,GOV,COP,2314,972,7.653414001728608,1718.786084701815,1773.2800345721694,1755.937337942956,0.7026793431287813,0.6469317199654279,3495.687554019015,-0.3615384615384622,-4.497200225906335,57.394122731201385,32.64051635888325,-17.578357764467004,33.10004851472081,-22.260121579187814,33.109724131979696,-22.247948217766492,187147.0,30009.0,185019.0,GOV -> COP,0.0016101031537565016
2019-03-04,GOV,COP,2823,956,6.412327311370882,1519.4916755224938,1567.7392844491676,1553.4466879206518,0.8126106978391782,0.7144881331916401,2990.6967764789233,-0.11278781438186315,-5.175368224360241,59.985830676585195,36.18937484915322,-23.732697026388298,36.31320880937377,-21.238431322174034,36.35149517802286,-21.558350856242573,596394.0,101036.0,595850.0,GOV -> COP,0.002142987277199162
2019-03-11,GOV,COP,2627,920,8.063570612866387,1680.5340692805482,1728.00761324705,1735.7278264179672,0.7925390178911306,0.6676817662733155,3700.533688618196,-1.7826798629615528,-5.822357163833612,56.04111153406928,32.98023804896257,-8.302769796764808,33.08183456431526,-8.927380962256315,32.994664910788295,-8.569764114475312,579125.0,105615.0,577073.0,GOV -> COP,0.0019340836036534817
2019-03-18,GOV,COP,2213,853,6.187980117487573,1413.5124265702666,1427.69588793493,1438.6136466335292,0.8436511522819702,0.7591504744690465,3809.1224582015366,-1.6032083145051959,-5.554543648589865,56.723904202440124,28.760785086232957,-25.01888650579932,28.684603710393517,-25.294556609989943,28.685280261856693,-25.378492800706407,326094.0,56221.0,325302.0,GOV -> COP,0.0016399881428783164
2019-03-25,GOV,COP,2271,850,6.291941875825628,1378.6979304271247,1399.7441655658301,1407.9903126376046,0.7538529282254514,0.7388815499779833,2756.0673712021135,-1.7241303390576839,-5.993812382690884,57.04975781594011,31.97024045363409,-37.455692017543804,31.620356313283207,-34.23412087167913,31.887885612531328,-37.15251864862149,326821.0,60354.0,314908.0,GOV -> COP,0.00151512725467748
2019-04-01,GOV,COP,6566,1071,9.371459031373744,1846.828662808407,1906.6174230886384,1894.0790435577217,0.8457203777033201,0.7021017362168748,3807.9517209869023,-0.3824398416082876,-4.611157753221557,70.48888212001218,32.21295914056677,-44.151821488469125,31.907825847353497,-43.65974057500547,32.17452719437744,-44.11182076982208,9287905.0,785713.0,9088783.0,GOV -> COP,0.005159370000534324
2019-04-08,GOV,COP,3252,1044,9.534440344403444,2090.156826568266,2122.839790897909,2106.0750307503076,0.7730627306273062,0.525830258302583,3509.608856088561,-0.11251537515375166,-4.509098692391805,57.02644526445265,33.21681046992352,-28.446475812022616,32.34815135992021,-29.247611654599826,32.212427566633394,-29.83798900431753,897891.0,114735.0,897128.0,GOV -> COP,0.0023683773556323977
2019-04-15,GOV,COP,3049,851,6.278123975073795,1264.4483437192523,1288.6982617251558,1284.672679567071,0.7651689078386357,0.7750081994096425,2978.334535913414,-3.411347982945227,-6.377757935753082,60.44276812069531,35.611285185185196,-54.070148515282355,35.56039939194539,-53.875709132685884,35.73350426285512,-54.28324440273276,1027636.0,49708.0,1026773.0,GOV -> COP,0.0024334220826070577
2019-04-22,GOV,COP,3164,931,8.443426042983566,1995.1567635903918,2040.7721238938052,2030.969658659924,0.797724399494311,0.6880530973451328,4271.22977243995,-0.8731984829329963,-5.7284281402888695,50.96396965865993,32.315853177671876,-38.30140748706605,32.30254400136148,-37.260664639550754,32.36935195439074,-37.70398660108918,522695.0,101846.0,522125.0,GOV -> COP,0.00253798352235856
2019-04-29,GOV,COP,3097,1027,7.18695511785599,1510.6864707781724,1567.0707135938005,1534.4704552793025,0.7952857604133032,0.6606393283823054,3883.5657087504037,-0.8850823377462054,-5.299937186239802,54.99192767194059,30.930425285564052,-7.959236231442603,32.28270330658719,-11.025378149159694,30.98796604239658,-8.292066310924401,529217.0,98845.0,528904.0,GOV -> COP,0.0024018439212486796
2019-05-06,GOV,COP,3227,969,9.685156492097924,2094.8339014564613,2135.9033157731637,2134.9603346761696,0.8190269600247908,0.5140997830802603,4030.6557173845677,-0.5562441896498311,-3.668477341424738,59.27486829872947,30.014932593674803,-1.833345295977997,29.13084523410106,-0.1574533121347498,29.47681920075628,0.23425424750773313,521683.0,93628.0,520669.0,GOV -> COP,0.00226382744682075
2019-05-13,GOV,COP,3245,939,10.632973805855162,2142.3075500770415,2206.4739599383665,2191.581510015408,0.8184899845916795,0.5312788906009245,4574.405546995377,0.6505392912172573,-4.501465297024001,57.25731895223421,29.93532136795048,-18.62517739339749,30.453264966655173,-19.46039544757639,30.234955089721524,-19.40699006256436,1726740.0,224900.0,1710449.0,GOV -> COP,0.0024435314564200494
2019-05-20,GOV,COP,2895,931,8.745423143350605,1921.3689119170986,1863.3782383419689,1966.5917098445595,0.7481865284974093,0.6625215889464594,3648.724352331606,0.047426597582036725,-4.7192424244516324,53.8272884283247,29.43964631065672,-29.396946502162766,29.063116998427063,-23.565763948092783,29.189314395202537,-28.93386446283917,651396.0,107178.0,651196.0,GOV -> COP,0.0022199030603989997
2019-05-27,GOV,COP,2974,859,9.268661735036988,2107.3066577000673,2120.2642905178213,2127.812710154674,0.8059852051109617,0.49361129791526565,4599.856086079354,0.17918628110289142,-4.376359958199739,64.66039004707464,33.07684394491059,-13.313183128055437,32.052174982129834,-13.64182676695841,32.58345190952204,-13.428546940532634,3394256.0,297356.0,3394110.0,GOV -> COP,0.0023544667971888904
2019-06-03,GOV,COP,2499,839,11.136854741896759,2684.7923169267706,2710.5522208883554,2714.7995198079234,0.858343337334934,0.6414565826330533,4665.725490196079,-0.08099239695878446,-4.962209302194638,67.5390156062425,25.639098977053713,-5.059403050894076,24.15893006103719,-5.353230085281975,25.81230535337313,-4.715236414947261,923688.0,24917.0,922881.0,GOV -> COP,0.00182018681132988
2019-06-10,GOV,COP,3951,972,8.151607188053656,1814.0217666413566,1863.0531511009872,1904.5512528473805,0.5808656036446469,0.7051379397620855,3771.7572766388257,-0.6261705897241205,-5.1794084510918,46.145279676031386,34.33781240534515,-49.288054064848204,34.326262136452215,-49.32456064820476,34.45065475723832,-49.00467494572775,860148.0,256674.0,859861.0,GOV -> COP,0.0032389360943398545
2019-06-17,GOV,COP,3239,970,8.652361840074096,1843.912318616857,1883.4893485643718,1875.8993516517444,0.8292682926829268,0.5365853658536586,4275.664711330658,0.7738727609635583,-4.691806885269859,65.8351343007101,30.976352725741275,-44.47725755031963,30.984725211519056,-44.58857327431828,31.017301807822015,-44.61460390339939,1964496.0,193173.0,1964066.0,GOV -> COP,0.002424669798750161
2019-06-24,GOV,COP,3200,989,10.78875,2362.7178125,2362.48625,2406.1521875,0.7634375,0.40375,4258.475625,-2.105562499999999,-5.352503407453604,54.965625,31.837597550977648,-44.284637790956445,32.572344634576275,-44.24769498480238,32.1186947247075,-44.35301588207056,1029090.0,136612.0,1028423.0,GOV -> COP,0.0021273894073292553
2019-07-01,GOV,COP,2331,859,9.938223938223938,2245.3783783783783,2273.895752895753,2257.767910767911,0.8172458172458172,0.7185757185757186,4001.902187902188,-2.2887601887601887,-5.468630854997209,68.77305877305878,27.79917045753168,34.920095194092895,27.903051630689816,34.80494757149561,27.711195872829666,34.8349532784811,752785.0,83531.0,752658.0,GOV -> COP,0.002157709994890365
2019-07-08,GOV,COP,2150,911,7.517209302325582,1595.599069767442,1636.4116279069767,1626.2581395348836,0.8655813953488372,0.6432558139534884,3608.386511627907,-0.4397674418604651,-4.682901250267136,56.032558139534885,33.94309496750903,-23.48421334450747,34.13526276895308,-21.592553834450737,33.92285807735948,-23.275009190820004,219348.0,40725.0,214737.0,GOV -> COP,0.0017779659573271631
2019-07-15,GOV,COP,2375,1027,8.54357894736842,1947.3343157894737,1989.3427368421053,1974.5284210526315,0.872,0.6096842105263158,3641.1431578947368,-1.531494736842105,-5.569218663670903,59.734736842105264,30.39353273251415,-24.35573955707547,30.245084585066138,-25.127632562264154,30.385664228733432,-24.63960766603774,254021.0,42689.0,253781.0,GOV -> COP,0.002012416823635179
2019-07-22,GOV,COP,2118,914,7.182719546742209,1612.3843248347498,1642.5481586402266,1636.9891406987724,0.8630783758262511,0.732766761095373,3332.492445703494,-0.7465533522190748,-4.273404979741641,70.97733711048159,33.64437089876267,-21.677713398200186,33.57332913723287,-21.19476401462313,33.25129452024748,-20.150398146231684,567856.0,60051.0,567482.0,GOV -> COP,0.0017288864436691574
2019-07-29,GOV,COP,3302,975,7.732283464566929,1441.1977589339795,1490.286190187765,1489.5423985463356,0.7783161720169595,0.5941853422168383,2838.4306480920654,-2.8493640218049645,-5.733499486539321,61.002422774076315,29.131629367865333,-18.26574076938305,30.133295567469432,-20.90868242197298,29.261086867370448,-18.034964364566143,1720465.0,66299.0,1720190.0,GOV -> COP,0.0026010650029933517
2019-08-05,GOV,COP,3068,1076,7.704693611473273,1611.1926336375489,1663.6069100391135,1639.6756844850065,0.7995436766623207,0.6124511082138201,3515.822359843546,-1.557203389830509,-4.9323604975405555,51.20599739243807,32.589056279524755,-36.39508414849756,32.65417297903559,-37.434022408106216,32.57573037351498,-36.71239769531796,434372.0,99794.0,433574.0,GOV -> COP,0.0023535404367090937
2019-08-12,GOV,COP,3265,1154,9.053292496171515,2189.353751914242,2245.2226646248087,2224.941194486983,0.7901990811638591,0.5672281776416539,3987.509647779479,-1.4300153139356815,-5.693211970975903,54.848392036753445,30.420107375249525,-25.705366367265476,30.575505924484382,-24.51623086194279,30.652219319361294,-24.756852788090494,490276.0,93164.0,465569.0,GOV -> COP,0.002896670913342962
2019-08-19,GOV,COP,2998,936,8.957971981320881,1906.7304869913276,1935.63509006004,1927.1430953969314,0.8248832555036691,0.6747831887925283,3536.80086724483,-0.7566711140760508,-4.1917911033316875,60.91060707138092,33.43946384918278,-32.95301082503712,33.54025193016347,-33.23518557355124,33.452559918647864,-33.00801335846952,1230587.0,156922.0,1228571.0,GOV -> COP,0.0024264536869470065
2019-08-26,GOV,COP,1919,891,7.687337154768108,1753.5049504950496,1792.9364252214696,1786.588327253778,0.8212610734757686,0.699843668577384,3577.7076602397083,-0.7805627931214172,-4.811869347345457,59.54663887441376,25.584298306264518,-8.148579854166652,24.723836201159433,-7.435552240162026,24.904649528695664,-7.989012100694437,166157.0,25774.0,165963.0,GOV -> COP,0.0016696044977526896
2019-09-02,GOV,COP,2716,917,7.248895434462445,1495.2205449189985,1545.5132547864507,1532.8582474226805,0.8541973490427098,0.634020618556701,3369.9926362297497,-2.149815905743742,-5.67431450005726,54.591310751104565,27.72039621135516,-15.714328925434945,27.377380949854945,-15.077484285004132,27.628424401408452,-15.742536438690946,461535.0,65646.0,461330.0,GOV -> COP,0.0024040461619349914
2019-09-09,GOV,COP,1590,868,6.289937106918239,1474.2792452830188,1513.7786163522012,1517.4440251572328,0.8119496855345912,0.7113207547169811,3167.2622641509433,-1.1749685534591199,-4.0873829235302805,61.742138364779876,27.514839335793344,-1.4971083512915158,27.505749267158663,-3.6534048354243547,27.430562695940953,-2.915419464206646,59598.0,8393.0,59137.0,GOV -> COP,0.0013645503549118234
2019-09-16,GOV,COP,2146,842,5.6761416589002796,1169.9366262814538,1208.7996272134203,1203.8923578751164,0.8373718546132339,0.8145386766076421,2854.0754892823857,-1.2978098788443608,-5.169923717631051,61.164958061509786,30.2650247883023,-23.150332964803304,29.685496151656334,-21.417884101449253,29.30260383022776,-18.87123824016559,300958.0,48111.0,300785.0,GOV -> COP,0.0016413717462252656
2019-09-23,GOV,COP,1652,719,8.529661016949152,1901.554479418886,1907.8250605326878,1920.5811138014528,0.7294188861985472,0.6301452784503632,3636.049636803874,1.0539951573849882,-4.721925305506413,56.997578692493946,30.967850927668536,-4.756672236657308,35.204071097612356,-0.727881961376412,25.788638707162907,-9.672439743679783,144078.0,28093.0,143762.0,GOV -> COP,0.0011641492760710948
2019-09-30,GOV,COP,2542,846,7.39417781274587,1570.3693941778126,1608.365066876475,1590.824154209284,0.8123524783634933,0.6243115656963021,3195.2753737214794,-0.9611329661683713,-5.13280163311136,54.114870180959876,30.330320166813042,7.409572860210412,30.767730713784065,7.577774055214801,30.348266906935947,7.678999888255996,495231.0,49089.0,494717.0,GOV -> COP,0.0020537597052669
2019-10-07,GOV,COP,1640,829,7.248780487804878,1608.6189024390244,1655.4079268292683,1620.8902439024391,0.8298780487804878,0.6573170731707317,3348.9896341463414,0.012256097560975928,-4.345535652897075,60.86585365853659,30.118506069534035,-19.20216294412608,29.848669354375893,-18.737156618911186,29.975875900286933,-19.048007505730666,75293.0,11583.0,75082.0,GOV -> COP,0.0012443699845819524
2019-10-14,GOV,COP,3365,892,7.131946508172363,1424.4160475482913,1481.3233283803863,1465.819910846954,0.850222882615156,0.7985141158989599,3027.0609212481427,-2.4453194650817243,-5.0414407675502675,57.57206537890045,35.12890377536716,-43.205887408878496,35.318700887182914,-43.489618857810385,35.16479236849133,-42.870116891522,757022.0,105268.0,755047.0,GOV -> COP,0.0024432054565163884
2019-10-21,GOV,COP,3065,909,6.821533442088091,1509.732137030995,1536.1353996737357,1533.336704730832,0.8427406199021207,0.7295269168026101,3510.779771615008,-0.9453181076672106,-5.42261210558458,54.25122349102773,33.73435901731446,-6.016858091872811,33.806664880254296,-5.852568372306633,33.42069355759714,-5.512373278798606,1081977.0,274169.0,1081278.0,GOV -> COP,0.0025134240626117307
2019-10-28,GOV,COP,3047,928,6.67870036101083,1492.0889399409255,1541.0315063997375,1541.1988841483426,0.7784706268460782,0.697735477518871,3516.9875287167706,2.1608795536593357,-4.7274441753609855,51.99868723334427,34.34544083684032,-31.065263079283064,34.36642754554868,-31.41943806241385,34.47549728709457,-31.047571581724192,652796.0,78261.0,652080.0,GOV -> COP,0.002794756460867906
2019-11-04,GOV,COP,3123,966,7.692603266090297,1755.5738072366314,1800.367595260967,1793.2728146013449,0.7806596221581812,0.6186359269932757,3711.279218699968,-0.6003842459173871,-4.0199648320028984,62.39193083573487,29.834288637906145,-22.529730042960246,29.584580824548752,-22.491632503610067,29.724332194945863,-22.580241781227397,683906.0,97080.0,683081.0,GOV -> COP,0.0028204197304751637
2019-11-11,GOV,COP,1810,863,7.678453038674033,1784.657458563536,1827.3745856353592,1809.3397790055249,0.7309392265193371,0.5005524861878453,3440.483425414365,-1.015027624309392,-4.924765302867385,54.15469613259668,30.77264722977146,4.67701310747375,29.92343533600987,3.9444374539839555,30.50686146757256,3.41057756516369,143150.0,25668.0,142807.0,GOV -> COP,0.0015431296203304344
2019-11-18,GOV,COP,2926,1020,12.802802460697198,3093.5844155844156,3120.7088174982914,3113.5786056049214,0.7781954887218046,0.6035543403964456,5210.237867395762,-0.17170198222829774,-5.021860626611943,52.908407382091596,33.0018287215846,0.5636917512953228,33.09732628296298,-3.0966976236121413,32.87328921748798,-4.294963623612136,394606.0,67021.0,394343.0,GOV -> COP,0.0022868004098421514
2019-11-25,GOV,COP,2051,885,8.055095075572892,1787.7752315943442,1821.7879083373964,1814.6913700633838,0.8522671867381765,0.5782545099951243,3690.400780107265,-0.8408093612871768,-4.52545317282083,61.19453924914676,27.46332937573805,12.735913004291849,27.268462643086806,12.527512886984468,27.512971287935652,12.88744079099679,199069.0,27908.0,198455.0,GOV -> COP,0.0022073249610677814
2019-12-02,GOV,COP,3178,1038,9.489930774071743,2060.2920075519196,2105.0906230333544,2099.8143486469476,0.7208936438011327,0.5106985525487728,4145.145374449339,0.23993077407174462,-4.829714309266688,51.72120830711139,33.1738145483002,8.132106362167622,34.30078603904406,4.460540666105683,34.41438141871421,4.480397593402884,760010.0,143208.0,759626.0,GOV -> COP,0.0026673828928262676
2019-12-09,GOV,COP,3021,875,8.731876861966237,1960.5057927838463,2000.7189672293941,1991.340284673949,0.7907977490897053,0.45249917245945054,3497.616021185038,-3.3505461767626583,-5.962789450696663,59.98675935120821,34.62086157137793,-19.43202412291884,34.7055615731491,-20.93943076797728,34.592535616011304,-20.94655538434285,1197963.0,71464.0,1197666.0,GOV -> COP,0.0027838956108259534
2019-12-16,GOV,COP,2421,985,8.53490293267245,1916.4646840148698,1940.9442379182155,1943.4795539033457,0.7967781908302355,0.647666253614209,3867.3663775299465,-0.7705080545229243,-5.679119748263534,65.34902932672449,26.55436302340019,19.42009699380074,26.49046016658711,18.428040528850808,26.44648305826171,19.421640341917087,629324.0,62443.0,628662.0,GOV -> COP,0.0022172766238048136
2019-12-23,GOV,COP,1688,766,7.405805687203792,1703.470971563981,1752.029028436019,1735.0545023696682,0.7932464454976303,0.6427725118483413,3426.1759478672984,-0.7761255924170616,-4.6571942857482815,59.90521327014218,26.05129345632332,17.247445329641707,26.670568055410673,17.005075149185675,26.631101692959565,17.34874664755701,146971.0,20112.0,146712.0,GOV -> COP,0.002388850521358135
2019-12-30,GOV,COP,2073,720,18.749638205499277,5051.179450072359,5067.04679208876,5061.135069946937,0.7539797395079595,0.4182344428364689,7415.269657501206,-0.12947419199228308,-4.522876528624371,51.476121562952244,32.11384088217052,9.000786868217062,31.53540689612402,9.168987674935405,31.77766638863048,9.122713487338507,358213.0,63313.0,358121.0,GOV -> COP,0.0020852193855996136
2020-01-06,GOV,COP,1961,936,9.814380418154004,2164.46608873024,2193.4859765425804,2185.727180010199,0.744518103008669,0.5461499235084141,4309.258031616522,0.28918918918918957,-4.29447607877244,56.6700662927078,27.759120463524134,-7.782027355780049,27.74234329910214,-7.400888364758725,27.72191780246914,-7.932391816498339,108902.0,26435.0,108492.0,GOV -> COP,0.0012806354982233712
2020-01-13,GOV,COP,2717,963,8.32131026867869,1778.4567537725432,1822.9017298490983,1818.1582627898417,0.7714390872285609,0.6216415163783585,3681.297754876702,-0.08233345601766763,-3.5729092299824017,60.6993006993007,32.533015274570296,1.3183111494050335,33.10526864565886,-1.94750178889379,33.07681352666372,-1.4673197311591062,407974.0,55488.0,407818.0,GOV -> COP,0.00225996689485373
2020-01-20,GOV,COP,2899,981,7.450155225939979,1513.045532942394,1560.153501207313,1533.8661607450845,0.7606071058985857,0.7523283890996896,3469.628837530183,0.10910658847878518,-4.7294065488148025,51.92135219041049,31.840202676568836,-43.59352865280359,31.75270579502409,-43.03429812439662,31.86623655625691,-43.622989154845925,510876.0,109942.0,510651.0,GOV -> COP,0.0023491012398619547
2020-01-27,GOV,COP,2114,834,7.2544938505203405,1878.3032166508988,1918.697729422895,1896.5591296121097,0.8349101229895932,0.7034058656575213,4030.0061494796596,-1.1769157994323571,-4.154645622359819,57.000946073793756,34.35797538168723,-42.07482409053502,34.364605949588444,-42.39186731944448,34.28842611471191,-42.235599021604976,216911.0,42471.0,216117.0,GOV -> COP,0.0014733647846301707
2020-02-03,GOV,COP,1637,775,7.439218081857056,1648.9914477703117,1699.759926695174,1682.0891875381797,0.8613317043372022,0.6395846059865608,3636.9920586438607,0.6383017715332922,-5.3364446373902,67.0494807574832,31.430552460845465,-22.547766092862126,31.23857572834374,-22.26485064241167,31.505431966042984,-21.793925667359694,232833.0,26069.0,232666.0,GOV -> COP,0.0012851492641598012
2020-02-10,GOV,COP,2058,880,7.484936831875608,1553.1656948493683,1597.5199222546162,1587.6185617103984,0.8668610301263362,0.7536443148688047,3252.6205053449953,-1.2890184645286686,-4.478317910134432,62.968901846452866,33.33746974477695,-24.619227311900715,33.35946591417279,-24.975439294416223,33.390245702992665,-24.69592283812745,386106.0,44886.0,385479.0,GOV -> COP,0.0017934156027157437
2020-02-17,GOV,COP,3001,1043,9.970343218927024,2292.749083638787,2339.465511496168,2323.6311229590137,0.842052649116961,0.6137954015328224,4076.431856047984,-0.8187937354215254,-4.777209589445124,52.80239920026658,28.743908458600995,-12.110695988940444,28.436915504996414,-10.987799782019282,28.841840071734467,-12.03133713628258,330514.0,66419.0,330333.0,GOV -> COP,0.0027409296327282158
2020-02-24,GOV,COP,3025,946,6.839669421487604,1651.5933884297522,1693.9781818181818,1685.9606611570248,0.7616528925619834,0.7176859504132231,3973.259173553719,-0.30667768595041417,-5.327004397050843,53.127272727272725,36.40971334994659,-14.362612592025611,36.06486328444285,-13.388442235315043,35.98692284656461,-13.715977748664992,471253.0,58579.0,464395.0,GOV -> COP,0.0026367308372862506
2020-03-02,GOV,COP,1668,689,8.416666666666666,2027.0893285371703,2061.021582733813,2050.7134292565947,0.8633093525179856,0.5227817745803357,3841.3213429256593,2.1458633093525155,-4.960034055064199,69.77817745803357,32.62013820536297,-22.365641479398246,32.40128747285807,-21.317195218443374,32.67790425506866,-21.845963128188306,468358.0,31332.0,468184.0,GOV -> COP,0.0013784736627235267
2020-03-09,GOV,COP,911,565,7.054884742041712,1651.7837541163556,1686.020856201976,1677.5477497255763,0.814489571899012,0.6586169045005489,3579.0,0.09374313940724487,-4.6641729151623705,58.71569703622393,27.945455675,6.890619062499997,27.84850988375,6.945126299999996,28.244951607500003,6.558560874999999,24976.0,3696.0,24935.0,GOV -> COP,0.0008488956436091949
2020-03-16,GOV,COP,852,552,7.190140845070423,1774.9859154929577,1813.8509389671362,1804.219483568075,0.8415492957746479,0.6338028169014085,3545.299295774648,-0.18474178403755878,-4.1655929751297665,60.84507042253521,31.538065865512657,6.845956814913453,31.42213271105193,5.590087051930761,31.20898682556591,5.456610850865515,35115.0,4041.0,35115.0,GOV -> COP,0.0008298844103486196
2020-03-23,GOV,COP,2018,799,10.411298315163528,2671.515361744301,2708.546085232904,2699.188800792864,0.8805748265609514,0.734390485629336,4956.49603567889,-0.7983151635282457,-4.45563942895618,68.54311199207136,22.667886671995625,5.115310316136102,22.611477135863623,4.543440449506024,22.61300112072771,4.235476181119636,732563.0,55956.0,732446.0,GOV -> COP,0.0020520767871270314
2020-03-30,GOV,COP,2070,948,7.963285024154589,1968.9628019323673,2010.6719806763285,2010.4357487922705,0.7966183574879228,0.644927536231884,4192.612560386473,0.27685990338164235,-4.296118328951294,57.009661835748794,27.229709662317315,4.422668818893527,27.23150082150312,4.452608307411272,27.257226915448843,4.447297487995825,141687.0,24429.0,141594.0,GOV -> COP,0.0022327857075827343
2020-04-06,GOV,COP,1624,829,6.860837438423645,1724.232142857143,1761.4778325123152,1758.073275862069,0.8405172413793104,0.6502463054187192,3823.408251231527,0.20320197044334987,-4.757663024718905,64.38423645320196,30.707923523682435,-23.525003617745206,30.72761579719812,-22.823870330220192,30.61809791661107,-23.50340209339564,447463.0,8707.0,447311.0,GOV -> COP,0.001898771177027675
2020-04-13,GOV,COP,1906,710,7.724029380902413,1892.196222455404,1952.9958027282266,1956.0136411332635,0.8441762854144806,0.6458551941238195,3990.341552990556,0.2617523609653726,-3.9262941842583663,63.163693599160545,28.07127431466332,-19.28597967337942,28.450487404657025,-18.674207086217677,28.45022408181247,-18.599419269981055,273677.0,43449.0,273441.0,GOV -> COP,0.002259128967106324
2020-04-20,GOV,COP,2125,752,7.6635294117647055,1725.2169411764705,1770.9788235294118,1766.2875294117648,0.8861176470588236,0.7171764705882353,3999.874823529412,-1.9723294117647063,-4.679803248198142,56.19294117647059,31.12491769043949,-20.85897806253219,31.320440077002804,-20.968360663565782,31.227944623772828,-20.97722562790686,921479.0,180882.0,921060.0,GOV -> COP,0.00246247763490901
2020-04-27,GOV,COP,1437,713,8.858733472512178,2354.7480862908837,2396.829505915101,2384.893528183716,0.8107167710508003,0.5977731384829506,4536.044537230341,0.16784968684759927,-4.324743837336074,61.47529575504523,29.378237264285705,-21.308381010301105,28.904042305126115,-19.631561029244512,29.597351269841262,-20.99449915213945,83956.0,13142.0,83815.0,GOV -> COP,0.0017008976762683938
2020-05-04,GOV,COP,1734,685,9.66320645905421,2481.246828143022,2511.571510957324,2502.7283737024222,0.698961937716263,0.39158016147635527,4429.274509803921,0.7838523644752006,-3.9910068052224186,54.05997693194925,31.430958183974372,-20.127477607051308,31.35249717115386,-19.128821114743634,31.416520107692328,-19.347806598076957,296923.0,60944.0,296915.0,GOV -> COP,0.0019590807459872175
2020-05-11,GOV,COP,1340,620,8.884328358208956,2204.5089552238805,2257.1649253731343,2235.9582089552237,0.8402985074626865,0.7022388059701492,4450.102985074627,0.8264179104477615,-4.588274570706287,57.8134328358209,32.19026770822942,-35.76289514131334,32.389140098088106,-37.303745765585994,32.366185401496246,-37.65048389193678,128756.0,22824.0,127937.0,GOV -> COP,0.0015296192503724167
2020-05-18,GOV,COP,1680,708,5.951190476190476,1421.6803571428572,1451.857142857143,1453.5416666666667,0.7892857142857143,0.7410714285714286,3147.2761904761905,0.7354166666666662,-3.2789342951348153,54.607142857142854,28.89167158349968,-1.1508561875000105,28.732985337990673,-0.1788652852393681,28.688917691949428,-0.5226767892287308,178942.0,5685.0,178771.0,GOV -> COP,0.0019088306140071809
2020-05-25,GOV,COP,1658,815,11.165862484921592,2581.379372738239,2636.735223160434,2612.045838359469,0.7985524728588661,0.5687575392038601,5884.882388419783,0.5902895054282269,-5.459463606110233,57.09288299155609,32.02110501460823,-33.511183640106225,31.68404060557768,-32.89375926626825,31.741744868525902,-32.60301750066399,162988.0,18273.0,162758.0,GOV -> COP,0.0017715643618521717
2020-06-01,GOV,COP,5560,1901,9.254856115107915,2148.931474820144,2201.206654676259,2196.423741007194,0.7841726618705036,0.6613309352517985,4606.159172661871,-1.7267266187050367,-5.266628137092384,55.84172661870504,36.906526049684686,-58.09620820084081,36.79409281100707,-58.22740138276323,36.65449522453659,-58.11535706860307,977529.0,129849.0,976998.0,GOV -> COP,0.004387421987139172
2020-06-08,GOV,COP,7377,1844,10.437982919886133,2520.749220550359,2587.919886132574,2570.342822285482,0.7550494781076318,0.6121729700420225,5500.693100176223,-1.5394604852921243,-4.513329785786367,51.61718855903484,34.95041629441122,-65.06020272412292,34.81338911876253,-65.49269229512379,34.92833561248934,-65.68275927758741,2175577.0,500064.0,2173795.0,GOV -> COP,0.006833472435919407
2020-06-15,GOV,COP,3758,1396,8.818786588610964,2054.0007982969664,2103.117881852049,2104.602980308675,0.7876530069185738,0.6665779670037254,5381.202235231506,-1.5290846194784455,-4.406007170446869,53.57104843001596,35.053279719287815,-58.21705274807112,35.45403085845697,-60.87390401335305,35.48192499584568,-60.437736071810015,412183.0,101127.0,410422.0,GOV -> COP,0.00353488844595656
2020-06-22,GOV,COP,2425,1022,7.955051546391752,1877.2032989690722,1922.9055670103094,1887.697319587629,0.8107216494845361,0.5835051546391753,4165.326597938144,-0.39723711340206164,-4.497386601430091,54.94020618556701,36.072516112431444,-54.52423652650825,35.8556080406764,-52.33269610146252,35.45434236197441,-53.2729168985375,203582.0,44628.0,203058.0,GOV -> COP,0.0025938325614230247
2020-06-29,GOV,COP,2232,1076,7.584229390681004,1745.1783154121863,1793.114247311828,1781.7867383512544,0.8373655913978495,0.6339605734767025,3639.304211469534,-0.18324372759856655,-4.664057758320963,67.8673835125448,31.749657124861884,-18.90974084917125,31.751192061878445,-19.187257212707163,31.69525728602982,-18.250871396466025,522907.0,26657.0,510408.0,GOV -> COP,0.0023808431726228636
2020-07-06,GOV,COP,3276,1252,7.41941391941392,1848.2115384615386,1904.6926129426129,1890.8968253968253,0.7200854700854701,0.7484737484737485,4199.913308913309,-0.5699328449328442,-4.413967283735737,53.30891330891331,38.72095745753337,-5.37954634982101,38.517418146436704,-11.985306612105422,38.71909677416206,-7.448500060852578,343340.0,63138.0,339509.0,GOV -> COP,0.0034628703347441324
2020-07-13,GOV,COP,1597,931,9.14715090795241,2263.296180338134,2302.3212273011895,2293.0294301815907,0.8296806512210394,0.5597996242955542,4436.4182842830305,0.1788353162179087,-4.587318300964873,61.89104571070758,31.624639685734962,-19.086525157132506,31.551857265749444,-19.559706427226633,31.69749525054307,-19.632834063721926,67698.0,8691.0,67384.0,GOV -> COP,0.0017463457414642841
2020-07-20,GOV,COP,3431,1087,10.88516467502186,2697.129699795978,2740.1052171378606,2722.03439230545,0.7965607694549693,0.5324978140483824,5369.1311570970565,1.6579131448557307,-5.331999889624702,48.19877586709414,34.39932651244561,-61.035888401991286,34.995876696950894,-62.563821726509055,34.947526799004386,-59.79386634100812,433166.0,180417.0,433012.0,GOV -> COP,0.0035300242399799167
2020-07-27,GOV,COP,1858,991,9.632400430570506,2345.74434876211,2395.682454251884,2381.5597416576966,0.798708288482239,0.5769644779332616,4676.28471474704,-0.8058665231431649,-4.420039668648542,61.59849300322928,28.566035655048083,-18.28648109555288,28.452393173677894,-16.68783394771634,28.83588722896635,-18.133267751802876,95010.0,12148.0,94417.0,GOV -> COP,0.0020695378069359592
2020-08-03,GOV,COP,1349,864,8.123795404002966,1950.4010378057822,1995.0896960711639,1979.015567086731,0.7946627131208303,0.609340252038547,3938.22090437361,0.20378057820607878,-4.3883052939441995,59.822090437361005,28.342594333061886,2.248495972312704,28.410023657980457,0.5349636864820867,28.404840060260586,0.6416526229641701,29082.0,4154.0,28470.0,GOV -> COP,0.0015354094558003536
2020-08-10,GOV,COP,2579,948,9.923613803799922,2090.839860411012,2141.786351298953,2148.1326095385807,0.6521907716169058,0.5168670027142304,4337.489724699496,-1.5844125630089183,-4.810727050663411,45.82396277626987,38.75724025281129,-23.42725310745525,39.09558137557313,-22.998130536890404,38.27657966930447,-17.809464623906727,303068.0,71779.0,302788.0,GOV -> COP,0.0027460475655047873
2020-08-17,GOV,COP,1594,869,8.677540777917189,1966.2032622333752,2009.0533249686323,1998.7597239648683,0.773525721455458,0.581555834378921,3878.311794228356,-0.9622961104140527,-4.342846938278021,57.2961104140527,31.3860221144663,-4.7467571341292105,30.922167639044954,-4.304037410814601,31.0177331797753,-4.52761726123595,90673.0,12996.0,90540.0,GOV -> COP,0.0016919737393787252
2020-08-24,GOV,COP,3342,996,11.742070616397367,2967.4488330341114,3033.4715739078397,3013.915619389587,0.7501496110113705,0.5272292040694195,4986.166666666667,-1.800538599640929,-4.919173092500042,41.56493117893477,36.69289271996216,-45.1941828000631,36.50400061620938,-44.597779312835115,36.543895843897815,-44.70649924566387,389458.0,180518.0,384667.0,GOV -> COP,0.003437260230014625
2020-08-31,GOV,COP,2767,1060,7.655583664618721,1678.5511384170582,1742.0299963859775,1718.1402240693892,0.724611492591254,0.7340079508492953,4308.71882905674,-2.6947958077340077,-5.162125113474987,52.443079147090714,36.170923101871104,-61.80772413929311,35.875537543677204,-59.94458943635608,35.86576483575883,-60.402111335135146,240363.0,56835.0,236543.0,GOV -> COP,0.002917628401483383
2020-09-07,GOV,COP,2670,972,9.783520599250936,2360.559925093633,2395.4861423220973,2380.245692883895,0.7704119850187265,0.6370786516853932,4001.7498127340823,-2.0128464419475662,-5.39682341352342,61.28838951310861,34.02443551558078,-47.346743065911845,33.99108017961169,-47.15510842256369,33.95157194415221,-47.40671726041245,1106664.0,125958.0,1105853.0,GOV -> COP,0.002969134347213017
2020-09-14,GOV,COP,2190,864,7.006392694063927,1564.6570776255708,1612.6602739726027,1595.5493150684931,0.7812785388127854,0.6940639269406392,3599.9246575342468,-1.3298173515981735,-5.931505482110223,61.342465753424655,37.29268008608164,-27.47497422067039,37.170598653631274,-28.02201818379889,37.149590704863044,-27.65633349999999,252062.0,38682.0,251959.0,GOV -> COP,0.0023798449949360375
2020-09-21,GOV,COP,2065,882,8.842130750605326,2076.93607748184,2075.4697336561744,2103.3414043583534,0.7917675544794189,0.7012106537530266,4157.2765133171915,-0.908958837772397,-4.76924394577217,54.16464891041162,31.09321467293233,-31.784955775093934,31.38955534353194,-31.963277907188814,31.175648564143852,-31.49897936983359,164196.0,28453.0,163709.0,GOV -> COP,0.0022722121112756736
2020-09-28,GOV,COP,2356,724,13.420203735144312,3833.1782682512735,3880.609507640068,3877.2105263157896,0.7058573853989814,0.5275891341256367,6388.406196943973,-0.006536502546690501,-4.0998864520391045,43.01358234295416,35.94966272297296,-28.60496348018004,35.91024443783786,-28.32180402927914,35.78656596486489,-28.49659607882869,283131.0,98515.0,280315.0,GOV -> COP,0.0029951728898714594
2020-10-05,GOV,COP,1260,653,7.978571428571429,1847.1277777777777,1885.929365079365,1877.0920634920635,0.7944444444444444,0.6634920634920635,4135.188888888889,-1.4148412698412698,-5.073363432596465,58.74603174603175,32.96579943868738,-19.71702442622946,33.49314523488773,-20.78382625021565,33.397066809153706,-20.63301091803274,88731.0,16107.0,87883.0,GOV -> COP,0.0017815280986570672
2020-10-12,GOV,COP,1178,682,7.797962648556876,1740.3616298811544,1789.9660441426147,1769.6477079796264,0.8140916808149405,0.534804753820034,3660.0178268251275,-0.780390492359932,-3.9683429192642308,60.26315789473684,29.86608115317073,-13.4544227717073,29.886174226341456,-13.138940722926806,29.87944502146341,-13.180027064390222,49568.0,12242.0,48408.0,GOV -> COP,0.0023685914320527926
2020-10-19,GOV,COP,1114,595,8.5,1910.6059245960503,1944.2594254937164,1955.214542190305,0.8500897666068222,0.6166965888689407,3969.505385996409,-0.9857271095152597,-5.512956354295116,63.28545780969479,21.470508370332997,3.7442727245206826,21.795385038345106,3.259631265388493,21.879085213925325,3.448969616548936,48458.0,7150.0,48348.0,GOV -> COP,0.0023892453930887754
2020-10-26,GOV,COP,967,449,9.923474663908998,2061.571871768356,2134.5863495346434,2094.7166494312305,0.9234746639089969,0.5222337125129266,4571.743536711479,-0.8418821096173731,-5.088937499101152,59.88624612202689,33.43026916158191,-22.523398369491535,33.44001215819209,-22.164305341242947,33.33598776045197,-21.680659475706225,111278.0,20068.0,111244.0,GOV -> COP,0.002587408658052674
2020-11-02,GOV,COP,589,314,8.913412563667233,1843.830220713073,1835.3259762308999,1880.095076400679,0.8081494057724957,0.5246179966044142,3865.772495755518,0.027164685908319223,-4.497532126771777,57.36842105263158,31.23719623149904,2.7041945313093008,31.059590645161276,2.134604808349148,31.75622552941175,0.3984802125237207,21906.0,2872.0,21877.0,GOV -> COP,0.00170210552476289
2020-11-09,GOV,COP,422,223,7.184834123222749,1648.281990521327,1718.8341232227488,1688.3056872037914,0.7843601895734598,0.7109004739336493,3610.4028436018957,-0.6862559241706153,-4.342023354164021,55.355450236966824,23.634224516574587,28.31695174585636,12.416433254847648,41.97104815469613,17.943984240331492,35.64143019889502,14022.0,3619.0,14004.0,GOV -> COP,0.0016427008805188132
2020-11-16,GOV,COP,1280,627,6.684375,1593.36953125,1647.8078125,1641.084375,0.859375,0.7015625,3807.303125,0.26320312500000015,-4.210648098008581,60.3359375,31.1425057153716,-14.528430186655413,30.848352826858076,-13.628625000844606,30.80965476942565,-13.200824783783792,257043.0,30396.0,256987.0,GOV -> COP,0.0019305194002117538
2020-11-23,GOV,COP,1420,640,8.188732394366196,1940.9267605633802,1995.180985915493,1982.3218309859155,0.8352112676056338,0.5767605633802817,3680.2894366197183,-0.3971830985915496,-4.531743476230385,65.76760563380282,30.89123539198742,4.204552118524325,30.682153225274714,3.705326580392147,30.855265034564013,3.7718534819466174,317762.0,36037.0,316872.0,GOV -> COP,0.001969082629363182
2020-11-30,GOV,COP,1346,705,8.00148588410104,1924.245913818722,1954.4383358098069,1951.9130757800892,0.7778603268945022,0.512630014858841,3740.8268945022287,-0.2653789004457651,-4.1523784597123505,59.22734026745914,31.856637347190073,-6.207986898925613,31.10625131826446,-9.706948069999994,31.57562802239669,-7.316428381570245,64491.0,9129.0,64115.0,GOV -> COP,0.0017547724988299343
2020-12-07,GOV,COP,1545,682,9.026537216828478,1962.4084142394822,2005.535275080906,1995.8666666666666,0.8550161812297734,0.5469255663430421,3923.938511326861,-0.32673139158576014,-4.819060659842862,60.200647249190936,33.5314848241206,-11.677833669059606,33.445794213926774,-11.035944223977056,33.589898592964815,-11.814089094041666,134477.0,22290.0,133986.0,GOV -> COP,0.0018892750319770499
2020-12-14,GOV,COP,1340,646,8.090298507462686,1951.097014925373,1991.1910447761195,1979.4902985074627,0.8567164179104477,0.6432835820895523,3910.417910447761,0.16850746268656763,-4.289565838453179,66.29850746268657,27.56890351092435,-2.797634103361364,27.57285163865543,-3.2626440084033765,27.725738708403338,-3.5339016865546373,106776.0,12816.0,106620.0,GOV -> COP,0.0016537431983640284
2020-12-21,GOV,COP,1528,575,12.481675392670157,2725.717277486911,2791.8141361256544,2775.0,0.6845549738219895,0.39790575916230364,5392.969240837696,-1.9082460732984297,-4.586473375788387,54.954188481675395,36.569038700141455,14.183830391089082,36.17152192998588,9.421944299151331,36.113500621640746,9.028457852192348,372602.0,60554.0,372261.0,GOV -> COP,0.0021796250702529676
2020-12-28,GOV,COP,1258,500,8.631955484896661,2375.929252782194,2419.470588235294,2413.4817170111287,0.8879173290937997,0.4737678855325914,3955.1303656597775,-1.3802861685214618,-3.916031344168373,61.54213036565978,32.59738198607244,-29.444262532961982,32.573672812442,-29.204717314763286,32.55864434447541,-29.433027366759575,220670.0,32032.0,220553.0,GOV -> COP,0.0020524232625372387
2021-01-04,GOV,COP,2299,821,20.010439321444107,4161.239234449761,4244.007394519356,4232.87211831231,0.789908655937364,0.6924749891257068,7253.730317529361,-2.4565028273162244,-4.5752860863358205,59.612875163114396,35.51442115427768,-43.134326037400754,35.34394994343148,-42.406302012622824,35.37742084572226,-42.44963655820487,543814.0,71994.0,542318.0,GOV -> COP,0.002157087378458588
2021-01-11,GOV,COP,2047,787,8.956033219345384,2334.211040547142,2339.4592085979484,2360.1079628724965,0.7972642892037127,0.537371763556424,4373.42940889106,-0.13575964826575504,-3.9433926562357504,59.956033219345386,37.11682693215809,-32.22068385363244,37.372472184294864,-31.35328858707262,37.167727883546995,-32.25317405876063,246768.0,39699.0,240580.0,GOV -> COP,0.002219518753686548
2021-01-18,GOV,COP,1992,783,8.284136546184738,2085.2836345381525,2145.9071285140562,2113.5813253012047,0.8313253012048193,0.7108433734939759,5584.282630522089,0.6764558232931721,-3.292319550034733,52.1636546184739,37.174425300534715,-48.508269698395715,36.63026569625665,-46.175489045989366,36.90113903315504,-48.3535533989305,265029.0,46889.0,264942.0,GOV -> COP,0.0022519492587898936
2021-01-25,GOV,COP,1455,724,7.149140893470791,1648.9938144329897,1700.1958762886597,1690.7594501718213,0.813745704467354,0.6584192439862543,3799.902405498282,-0.43058419243986246,-4.366066269739344,61.63573883161512,32.9870081996916,-11.899741867386277,33.13623040632229,-13.372615831919818,33.23305188897457,-12.811893997686974,95357.0,13410.0,95287.0,GOV -> COP,0.0017996979476021962
2021-02-01,GOV,COP,2925,761,6.276239316239316,1471.3593162393163,1511.6550427350428,1497.097094017094,0.7606837606837606,0.8020512820512821,3417.617094017094,-0.9709401709401722,-5.06373705323007,58.01709401709402,34.92968195636499,-31.494467314100188,34.919346284168796,-31.808612487919127,34.868701337540614,-31.760264095203677,1119774.0,167308.0,1111853.0,GOV -> COP,0.003532374057278804
2021-02-08,GOV,COP,1020,598,7.303921568627451,1697.2107843137255,1747.5480392156862,1734.9656862745098,0.846078431372549,0.6235294117647059,3540.940196078431,-0.5231372549019608,-4.418161909379295,58.61764705882353,30.62701385780347,-19.510773023121384,30.150186077456656,-19.10816079537572,30.210919233526017,-18.951965157225434,25341.0,4469.0,25171.0,GOV -> COP,0.0012898673333510374
2021-02-15,GOV,COP,1439,656,9.193189715079917,2061.5086865879084,2112.2265462126475,2104.1188325225853,0.8325225851285615,0.5830437804030577,4121.267546907575,-0.9341904100069494,-5.074578165277644,58.888116747741485,28.84544022382397,11.904727092564508,28.94964901365705,11.820933411987875,28.90519965098634,11.865949841426419,137349.0,24005.0,137240.0,GOV -> COP,0.0018974756585124002
2021-02-22,GOV,COP,1511,686,8.624090006618134,2128.3825281270683,2192.186631369954,2182.094639311714,0.8365320979483786,0.6472534745201853,4257.686962276638,0.7291859695565852,-4.958586004695378,52.9053606882859,30.822449216395857,-14.645688176600439,31.013323036954908,-15.880372690949224,30.860064164697185,-15.020982558498892,110064.0,23354.0,109827.0,GOV -> COP,0.001935712812471576
2021-03-01,GOV,COP,1606,712,10.072851805728519,2330.846201743462,2368.40099626401,2346.4981320049815,0.8499377334993773,0.5442092154420921,4312.928393524284,-0.7441469489414693,-4.504515276097852,63.38107098381071,15.841654011064996,30.522195211180126,15.867055377593354,31.02909931884058,15.53869722614107,30.677847436853007,207240.0,24390.0,207068.0,GOV -> COP,0.0021139561913512076
2021-03-08,GOV,COP,1864,729,8.137875536480687,2036.8412017167382,2095.4554721030045,2071.43669527897,0.8444206008583691,0.64431330472103,3665.453862660944,0.2535407725321885,-4.077916023878583,65.90665236051503,33.53175618264565,-23.813711280946592,33.10577578519419,-23.998409913834934,33.12833677851943,-24.41439542111649,243902.0,31531.0,242923.0,GOV -> COP,0.002436840213092787
2021-03-15,GOV,COP,1988,782,7.176559356136821,1553.4647887323943,1575.7429577464789,1569.8863179074447,0.8616700201207244,0.6529175050301811,3911.13430583501,0.25603621730382325,-3.9907838498737442,63.49094567404426,37.49269018241395,-13.43711740851993,37.275493576734,-13.301493768432543,37.52181198361549,-13.297084139814302,508747.0,41965.0,508716.0,GOV -> COP,0.0022209213472099954
2021-03-22,GOV,COP,3802,763,13.252761704366122,2989.2745923198318,3016.08100999474,2998.7075223566544,0.7283008942661757,0.5620725933719095,4816.364544976328,-1.2484744871120441,-4.20031171659358,47.8616517622304,34.1073963341977,-72.68824358703401,34.31797207423018,-72.37959167812006,34.027358200648266,-72.46118422495947,1530463.0,205953.0,1528894.0,GOV -> COP,0.00445699561920236
2021-03-29,GOV,COP,2169,710,7.484555094513601,1728.6320885200553,1774.4416781927155,1756.1078838174274,0.8483171968649147,0.6505301982480406,3743.053480866759,-0.5083448593822036,-5.21960063767081,69.8662978331028,36.8040441913822,-31.383813348069413,37.36851732624509,-30.352302855064366,36.96410802574145,-30.760854000000016,494690.0,58198.0,483769.0,GOV -> COP,0.003131225638804677
2021-04-05,GOV,COP,2335,819,7.507494646680942,1675.9541755888652,1704.4436830835118,1701.889079229122,0.7910064239828694,0.6668094218415418,3635.3730192719486,-1.7251391862955028,-5.824870458172184,54.05139186295503,33.015577619640396,-31.888555195942832,32.97939664084832,-34.74138811572153,33.11820234716459,-34.68636179621945,290748.0,42339.0,286350.0,GOV -> COP,0.003127105104212284
2021-04-12,GOV,COP,2043,717,8.930494371023006,2077.376896720509,2145.039158100832,2129.7958883994124,0.7905041605482134,0.6451297112090064,4764.847772883015,-0.9811062163485069,-4.79366820768401,48.71757219774841,38.47311969194309,-60.15323874512898,38.33738400210634,-60.31429341969459,38.35272979726168,-60.136580342285455,192869.0,38038.0,191551.0,GOV -> COP,0.0023890349959130312
2021-04-19,GOV,COP,2595,919,10.326011560693642,2269.7052023121387,2324.796146435453,2312.9637764932563,0.7533718689788054,0.4396917148362235,4641.784200385357,-1.204932562620424,-4.820036616565065,53.795761078998076,37.92503273933446,-42.57537524232079,37.95743326900336,-41.36607318749999,37.846087192406145,-40.956967327645025,352151.0,65962.0,352018.0,GOV -> COP,0.0031254027192810247
2021-04-26,GOV,COP,2210,755,12.260180995475114,2990.4153846153845,3048.7837104072396,3025.318552036199,0.814027149321267,0.4402714932126697,4731.6638009049775,-1.0957918552036205,-4.648169912683812,65.36199095022624,32.39856362873675,-30.009971876084794,32.28221228495663,-29.47658543587264,32.28667660511091,-29.57244331099318,837532.0,82948.0,837344.0,GOV -> COP,0.0028188847420529133
2021-05-03,GOV,COP,2095,710,7.05727923627685,1727.7408114558473,1752.3952267303102,1766.8658711217183,0.8105011933174224,0.6983293556085919,3798.075894988067,-1.2727923627684965,-4.365569578997427,55.279236276849645,31.350294858768752,-49.39340903103985,30.675266783238495,-37.655147908432504,30.442485033626486,-38.838721058458354,641325.0,112555.0,641267.0,GOV -> COP,0.0029062750570850687
2021-05-10,GOV,COP,1721,776,9.58977338756537,2229.938988959907,2265.518884369553,2258.4689134224286,0.8448576409064498,0.5671121441022661,4672.582800697269,-1.9171411969785,-4.839280928364933,59.38407902382336,29.48399947609287,-13.459508093915348,29.29263956245731,-13.402374330687831,29.45813240040925,-13.681779249338623,221203.0,35490.0,220736.0,GOV -> COP,0.0019308723032580245
2021-05-17,GOV,COP,1259,696,9.227164416203337,2341.4749801429707,2383.64416203336,2373.45194598888,0.8610007942811755,0.5687053216838761,4379.823669579031,0.186973788721207,-4.200382147102126,61.65210484511517,29.221758516833482,-28.04878690809826,29.14537272702456,-27.042123210191075,29.460329426751585,-28.11742261601455,52407.0,7583.0,52180.0,GOV -> COP,0.0013240742785688218
2021-05-24,GOV,COP,1373,660,7.784413692643845,1849.8259286234522,1895.1704297159504,1888.3889293517843,0.8018936635105608,0.6067006554989075,4411.221412964312,-1.243554260742899,-4.234227547575746,56.117989803350326,33.61711211692561,-34.121445342600154,34.09119936713002,-34.279580169255915,32.50678630989371,-36.631391387571526,92324.0,16171.0,91519.0,GOV -> COP,0.0018157340696776378
2021-05-31,GOV,COP,1004,521,7.26195219123506,1806.1503984063745,1853.8187250996016,1838.9252988047808,0.8665338645418327,0.6942231075697212,3862.441235059761,-0.17549800796812765,-4.719709363938224,60.2589641434263,31.085869910935727,-32.234181125000006,31.369696210822987,-31.894764601351362,31.442046414881613,-32.27673533333334,52720.0,9016.0,52660.0,GOV -> COP,0.0014931432897040036
2021-06-07,GOV,COP,1539,565,8.994152046783626,2227.1669915529565,2272.311241065627,2263.9655620532812,0.8973359324236517,0.530214424951267,4302.777777777777,0.1719948018193627,-3.865030197642417,63.14489928525016,35.50546961319336,-24.02694596701642,35.32336327265913,-23.891524963295815,35.443782492883855,-23.984815328838884,264977.0,41511.0,264910.0,GOV -> COP,0.0019503157382496329
2021-06-14,GOV,COP,1213,631,8.434460016488046,1949.5622423742786,1969.4954657873043,1986.1319043693322,0.8458367683429514,0.5688375927452597,3869.9793899422916,-1.465952184666117,-4.148401112818115,55.83676834295136,30.535233949248124,-2.3979075506566487,30.795493313909777,-2.981402715759839,30.830187893796992,-3.425945204502803,61026.0,12819.0,60930.0,GOV -> COP,0.001745215763629013
2021-06-21,GOV,COP,1822,733,8.403402854006586,2057.4753018660813,2099.4434687156972,2092.2892425905598,0.818880351262349,0.7069154774972558,4058.506586169045,-0.6451701427003286,-4.402958402147135,60.48847420417124,32.463910404046594,-22.028782142244,32.757617055794,-22.255839153893298,32.571868740649904,-22.562840827099926,268161.0,43125.0,267931.0,GOV -> COP,0.002562461763485623
2021-06-28,GOV,COP,1369,709,9.242512783053323,2275.188458728999,2310.329437545654,2303.307523739956,0.7910883856829802,0.5609934258582907,4415.095690284879,-0.78699780861943,-4.093179777610922,56.56683710737765,29.565320081566075,-23.17282309135398,29.845559274061998,-23.15665539477976,29.704368960032635,-23.710673806688405,68202.0,13476.0,68034.0,GOV -> COP,0.002017471985286749
2021-07-05,GOV,COP,1777,578,8.647720877884074,2137.8559369724253,2174.6741699493527,2183.1091727630837,0.8306133933595948,0.5306696679797411,4200.849184018008,-1.1171637591446268,-4.007697067263851,64.63702870005628,30.344499815884486,12.334200064981973,30.35520644344165,12.00131328941037,30.281382427196164,11.991605145006035,563668.0,69532.0,563534.0,GOV -> COP,0.003514879392363
2021-07-12,GOV,COP,1521,679,8.358316896778435,2003.541748849441,2031.7126890203813,2030.111111111111,0.7495069033530573,0.5266272189349113,3771.347140039448,-0.354372123602893,-4.414247444362658,54.72715318869165,25.695479009193775,-32.008497538896734,25.444752944837344,-32.683140013437054,25.737371675388964,-32.25374099858556,159384.0,29921.0,159170.0,GOV -> COP,0.0021620684214341862
2021-07-19,GOV,COP,1072,595,7.414179104477612,1732.4738805970148,1767.7434701492537,1759.9524253731342,0.871268656716418,0.644589552238806,3760.257462686567,-1.3333955223880594,-4.828195633934269,69.44962686567165,26.986666547762997,-25.634230507246382,26.42326961594203,-24.933744182367153,26.637321816425114,-25.01160814009663,96483.0,10159.0,96238.0,GOV -> COP,0.001749841257404587
2021-07-26,GOV,COP,1464,576,8.282103825136613,2001.1666666666667,2026.5040983606557,2017.3060109289618,0.8920765027322405,0.6366120218579235,3564.218579234973,-0.8864754098360655,-3.790878863085382,70.8879781420765,33.14253874043716,-12.083307081967224,33.00263072859745,-11.926990733151195,33.068667714025494,-11.870941225865216,535688.0,60482.0,534014.0,GOV -> COP,0.0024590040026000945
2021-08-02,GOV,COP,1718,599,7.894062863795111,2114.0960419091966,2147.499417927823,2158.125145518044,0.7520372526193247,0.7118742724097789,3932.9353899883586,0.10413271245634324,-4.410724473231197,50.87310826542491,27.962104580665848,-1.5292453348157506,28.453168055591092,-3.107114006988533,27.962804506377584,-2.1878258176619845,223470.0,44347.0,223262.0,GOV -> COP,0.0031526695844458514
2021-08-09,GOV,COP,848,514,9.10377358490566,2447.0908018867926,2493.260613207547,2484.1084905660377,0.7865566037735849,0.589622641509434,4599.971698113208,0.15931603773584913,-4.0670142918140515,53.87971698113208,31.84463516087517,-13.884819469755465,31.711514899613906,-13.302476839124838,31.714670707850708,-12.794118783783782,16651.0,3090.0,16642.0,GOV -> COP,0.001637248958377579
2021-08-16,GOV,COP,1489,465,6.620550705171256,1438.8643384822028,1472.2968435191403,1468.3089321692412,0.7669576897246474,0.6863666890530558,3249.7239758226997,-2.938683680322364,-5.964454965028118,46.756212222968436,28.42048708274784,19.092080202185848,28.42547088056203,17.52095682435599,28.345095049180305,18.419053259953195,190228.0,46512.0,190051.0,GOV -> COP,0.002470676275036546
2021-08-23,GOV,COP,1913,534,12.042341871406169,2861.139048614741,2854.405122843701,2880.576581285938,0.7098797699947726,0.6210141139571353,7457.338734971249,1.5163094615786732,-4.192580231705037,55.9749085206482,35.60914795731706,-26.129496782150653,35.534332486141885,-24.515309134146232,35.33496706485585,-23.10338402161851,989444.0,108532.0,989367.0,GOV -> COP,0.0023158292315030252
2021-08-30,GOV,COP,857,541,7.147024504084014,1632.5425904317385,1665.7246207701285,1671.8261376896148,0.7607934655775963,0.5950991831971996,3476.425904317386,-0.1081680280046677,-4.069023379181428,59.64994165694282,23.67539716893734,-9.64045232970027,23.07303471662126,-7.082743068119888,23.209874422343326,-7.510052237057217,24442.0,3255.0,23674.0,GOV -> COP,0.0012121606445243437
2021-09-06,GOV,COP,2098,695,9.988560533841754,2704.395138226883,3066.289799809342,3055.6882745471876,0.611534795042898,0.4652049571020019,5989.183031458532,-0.4812678741658713,-3.552616452958265,43.38417540514776,29.130601456202537,-0.4112251154430303,31.19726090217942,8.149774013670893,30.139460607396146,-28.616467047088552,356354.0,77677.0,356199.0,GOV -> COP,0.0030923610722150326
2021-09-13,GOV,COP,1318,607,6.576631259484067,1594.4226100151745,1571.113808801214,1628.206373292868,0.8444613050075872,0.7465857359635811,4260.864946889226,0.9877086494688923,-3.6594029545341558,60.220030349013655,32.56828214710882,-27.223860087510594,32.49432106462583,-27.37586537807984,32.52909146003398,-27.76680322005095,173506.0,26528.0,173386.0,GOV -> COP,0.001722099184028118
2021-09-20,GOV,COP,1426,616,8.842215988779804,1969.8387096774193,1967.3015427769985,1984.2847124824684,0.847124824684432,0.6388499298737728,3804.208976157083,-1.7898316970546992,-4.069981083334374,55.750350631136044,34.324134209876526,-25.88950480478394,34.24651538657406,-25.865969726851844,34.216673623456764,-26.18739726466049,208618.0,39746.0,208512.0,GOV -> COP,0.0017203688779720398
2021-09-27,GOV,COP,1824,789,6.5964912280701755,1525.435855263158,1571.0444078947369,1564.1178728070176,0.7028508771929824,0.7719298245614035,3794.1365131578946,-0.847697368421054,-4.25609091443573,51.5296052631579,31.356300747298906,-9.74515252927123,31.687409877945612,-10.100434871565135,30.95373306090739,-9.80836832944071,202788.0,39371.0,202715.0,GOV -> COP,0.0026007171933926953
2021-10-04,GOV,COP,1534,713,7.018252933507171,1668.2601043024772,1683.735332464146,1688.8448500651891,0.8585397653194263,0.651890482398957,3584.072359843546,-0.2583441981747065,-4.479065395913481,59.21773142112125,33.29703185954644,-23.455073412280697,33.379850219458646,-22.997785040204665,33.357482546852104,-23.02111857937088,206509.0,34441.0,206317.0,GOV -> COP,0.002348194003073777
2021-10-11,GOV,COP,1540,732,8.351948051948051,1780.3090909090909,1821.0097402597403,1814.898051948052,0.7480519480519481,0.6077922077922078,4795.21038961039,-2.33357142857143,-4.500737119323997,50.6948051948052,33.845878970503584,-18.47187262544931,33.23106069352518,-17.159303062544918,32.66049745936139,-17.50979745177664,58346.0,14746.0,57541.0,GOV -> COP,0.002383384405856316
2021-10-18,GOV,COP,1931,714,6.66235111341274,1497.7094769549456,1514.073537027447,1530.1553599171414,0.7270844122216468,0.753495598135681,3550.7229414810977,-3.026514759192127,-4.545499935891779,56.05903676851372,35.099549518497746,-24.923965127731105,34.87995585257841,-23.88677591036423,34.90364538733177,-24.053437938375424,491729.0,35692.0,491554.0,GOV -> COP,0.0028348616041411587
2021-10-25,GOV,COP,1199,582,7.883236030025021,1967.929107589658,2000.29941618015,1986.3185988323603,0.8523769808173478,0.7247706422018348,4013.3185988323603,0.30825688073394386,-3.7682312317845144,69.0325271059216,31.59789708440366,-13.195460448717942,31.39830164403668,-11.4243039102564,30.184205488073374,-12.447895244505489,275328.0,28924.0,274201.0,GOV -> COP,0.0017536982702889288
2021-11-01,GOV,COP,1639,537,7.583892617449664,1962.4136668700428,1990.2977425259305,1988.1598535692494,0.9029896278218426,0.6162294081757169,3587.1025015253203,1.637095790115923,-3.7659605798508555,58.712629652226966,20.645752835652754,-4.792231986083413,20.794684438038438,-5.154226633532057,20.57178929025845,-5.339105750165586,490750.0,45099.0,490562.0,GOV -> COP,0.0023874031346501194
2021-11-08,GOV,COP,1942,582,17.055097837281153,3951.850154479918,3988.46035015448,3954.3213182286304,0.708032955715757,0.4243048403707518,5197.355303810505,1.5579299691040258,-3.3262510649506014,54.90216271884655,30.561773673098784,-48.160537263754826,30.73249046481275,-48.23028515371512,30.580199633371198,-48.53331099376051,926281.0,130811.0,925954.0,GOV -> COP,0.0028711119127489493
2021-11-15,GOV,COP,1033,595,7.20135527589545,1637.4540174249757,1681.6243949661182,1662.2120038722169,0.8073572120038722,0.6408518877057116,3665.895450145208,-0.3755082284607938,-4.48094316452104,55.38238141335915,26.469304186800898,-10.794911615384613,26.73762605245536,-10.36878495652174,26.582047436383938,-10.434798299888516,23087.0,4020.0,22853.0,GOV -> COP,0.001575136928650719
2021-11-22,GOV,COP,1779,586,9.487914558740865,2533.124227093873,2558.7121978639684,2080.435637998876,0.582911748173131,0.4092186621697583,4387.64586846543,-0.027880831928049448,-5.2205602371142765,47.425519955030914,4.35242918064518,43.940914491495285,10.099328233431079,48.992284550732826,6.340442706744868,46.024287389442506,223074.0,54701.0,222878.0,GOV -> COP,0.0031866301252082324
2021-11-29,GOV,COP,1143,595,8.31408573928259,2569.4943132108488,2608.48031496063,2601.1014873140857,0.8127734033245845,0.4479440069991251,5166.139107611549,-0.7504811898512684,-5.218553765691697,48.71391076115486,28.59357971469741,-26.66072838040351,28.73500852257445,-26.464109670509178,28.597893864553313,-26.50775490393857,33929.0,17543.0,33675.0,GOV -> COP,0.0016622287244176018
2021-12-06,GOV,COP,1112,538,7.598920863309353,1580.021582733813,1614.2410071942445,1614.538669064748,0.8489208633093526,0.6025179856115108,3545.4136690647483,-0.5008093525179856,-4.962817557126386,64.69424460431655,31.094495191562157,-23.667452826681895,30.61136220752567,-23.672515953249746,30.957206152793624,-24.096788216647695,140363.0,16394.0,140324.0,GOV -> COP,0.0016273202484297531
2021-12-13,GOV,COP,1367,524,5.53474762253109,1363.2809070958303,1253.7337234820775,1373.2443306510606,0.803218727139722,0.7483540599853694,2679.623994147769,-0.36466715435259694,-3.8062447570898605,54.90855888807608,34.61053876079137,-29.17110104856115,35.598457465827344,-19.645671829136692,34.63363543345324,-28.8957496205036,357923.0,25102.0,357823.0,GOV -> COP,0.002210125186534889
2021-12-20,GOV,COP,668,427,6.971556886227545,1769.0479041916167,1809.7604790419161,1806.254491017964,0.8083832335329342,0.657185628742515,3543.9640718562873,-0.22035928143712577,-3.792395318238721,60.224550898203596,30.30056573571428,-16.76013804999999,29.674989598214278,-15.978319751785714,30.10867348214285,-16.465475466071425,13828.0,2788.0,13665.0,GOV -> COP,0.0013593896584635234
2021-12-27,GOV,COP,739,446,7.087956698240866,1598.1542625169147,1646.595399188092,1619.9391069012179,0.7699594046008119,0.652232746955345,3385.5453315290933,-0.5243572395128552,-4.512698217364539,59.45872801082544,29.869500420886077,-8.192372518987339,29.710847636075954,-8.761195509493673,29.848045484177213,-8.01155557278481,16756.0,3438.0,16735.0,GOV -> COP,0.001656482697713202
2022-01-03,GOV,COP,1782,655,8.415824915824915,2094.485409652076,2133.4635241301908,2127.3361391694725,0.8445566778900112,0.5364758698092031,4451.319304152637,-1.0536475869809194,-5.308582032926177,62.61503928170595,32.49791380380134,25.403335507965682,32.71208925444512,25.636643520220588,32.35594248252606,25.3319898627451,426271.0,59923.0,423904.0,GOV -> COP,0.0032442174827275456
2022-01-10,GOV,COP,1226,615,6.774877650897227,1696.0660685154976,1720.5676998368679,1720.9298531810766,0.8817292006525286,0.7079934747145188,4122.02365415987,-0.5184339314845026,-3.5086252697625064,61.508972267536706,29.403109895117545,-25.95587375316454,29.42272961844485,-25.87917143309221,29.55105559493671,-26.359677820072317,111154.0,19936.0,110939.0,GOV -> COP,0.002011250535212469
2022-01-17,GOV,COP,1575,578,7.6768253968253966,1687.7701587301588,1763.4857142857143,1734.8596825396826,0.7752380952380953,0.6412698412698413,3877.4088888888887,-0.30812698412698414,-3.861621178052124,56.85079365079365,37.753376126153825,-12.731512658461515,37.56946050692306,-13.453236639230747,37.586370283846136,-12.37537587076921,391084.0,65907.0,390905.0,GOV -> COP,0.002278279963721104
2022-01-24,GOV,COP,1148,614,6.4973867595818815,1541.7613240418118,1577.6994773519164,1566.904181184669,0.8527874564459931,0.6655052264808362,3678.182926829268,-1.4157665505226482,-4.533151372079434,63.292682926829265,35.04773953444443,-36.34313235626259,35.08980538292927,-37.14023377646461,35.10909384848483,-37.027144264646424,76876.0,11571.0,76766.0,GOV -> COP,0.0017006752332502748
2022-01-31,GOV,COP,1873,724,7.828617191671116,1815.3096636412174,1874.2391884676988,1845.3059263214095,0.8200747463961559,0.5376401494927923,3779.429257875067,-0.43598505072076915,-3.162963451458209,60.640683395622,33.85649385696821,-13.577631248777585,33.827506951100226,-12.938596463936511,34.047378443154024,-12.822886668704239,298781.0,51470.0,298518.0,GOV -> COP,0.002859397923463398
2022-02-07,GOV,COP,1318,660,7.798179059180576,1819.9157814871016,1875.1289833080425,1861.9066767830045,0.838391502276176,0.5462822458270106,3728.5804248861914,-0.8088770864946894,-4.278301809211709,59.83308042488619,35.44354225587245,-24.398540282718113,35.7098047961409,-24.27420770805368,35.96061027432883,-24.262388850671137,112259.0,17570.0,112081.0,GOV -> COP,0.0017477602677600556
2022-02-14,GOV,COP,1493,645,7.163429336905559,1521.7387809778968,1588.4387139986604,1573.096450100469,0.78231748158071,0.681178834561286,3992.57669122572,0.6604152712659075,-3.4968774951478774,51.185532484929674,33.70667596586785,-27.899545372548996,33.939961355119834,-27.722959899055905,33.74343288090053,-27.52383405373999,156668.0,12572.0,156463.0,GOV -> COP,0.002027463782679783
2022-02-21,GOV,COP,1161,553,6.516795865633075,1577.1998277347116,1607.9181739879414,1614.9000861326442,0.8975021533161068,0.719207579672696,3691.8931955211024,0.07114556416882095,-3.7661931217520137,70.2842377260982,33.81786576510067,-13.100206248322133,33.6743041689038,-13.050732823266205,33.60068773796193,-12.89530938409853,241949.0,28741.0,241887.0,GOV -> COP,0.0010650711698719712
2022-02-28,GOV,COP,760,520,7.618421052631579,1622.8355263157894,1751.536842105263,1743.0236842105264,0.7973684210526316,0.6065789473684211,3654.1473684210528,-0.356315789473684,-3.7969361536580304,58.421052631578945,29.70286608456973,-20.995570942136492,30.238149853115726,-21.555652029673585,30.342556077151333,-22.585670609792285,18607.0,2908.0,18474.0,GOV -> COP,0.0007859586420289316
2022-03-07,GOV,COP,951,515,7.502628811777077,1995.4521556256573,2051.429022082019,2033.2250262881178,0.8170347003154574,0.6382754994742377,4156.849631966351,0.07791798107255518,-3.151434369082952,58.40168243953733,32.473264991576414,-21.689093785800235,32.2449932322503,-21.47256460649819,32.34816703730446,-21.404769933814677,43055.0,6365.0,43017.0,GOV -> COP,0.0010071943969913377
2022-03-14,GOV,COP,1334,581,6.958770614692654,1659.8133433283358,1719.2188905547227,1706.1791604197902,0.7871064467766117,0.6806596701649176,4433.787856071964,0.21784107946026954,-3.6113382738829642,61.574212893553224,36.27656613790184,9.599369702199677,36.38419749492384,9.91955365313031,36.77667896700507,10.657846894247047,211997.0,30516.0,211863.0,GOV -> COP,0.001508785224310217
2022-03-21,GOV,COP,691,479,7.379160636758321,1766.4587554269176,1803.946454413893,1802.9276410998552,0.8596237337192475,0.6367583212735166,3596.2011577424023,0.49406657018813327,-3.476957361798564,60.34732272069465,27.798345591071424,1.291729585714285,29.073254807142852,-0.4089111428571438,28.195662322003578,1.0308542593917702,15890.0,2577.0,15812.0,GOV -> COP,0.0008508563358013503
2022-03-28,GOV,COP,919,521,7.3460282916213275,1683.9717083786725,1724.114254624592,1708.3852013057672,0.794341675734494,0.6626768226332971,3744.545157780196,0.6292709466811747,-5.331181623386928,51.27312295973885,33.10588717430027,-2.1720226094147446,32.99191335114506,-2.2268547455470693,33.14416478880409,-4.323899996183193,29248.0,9537.0,27528.0,GOV -> COP,0.0010814971026704388
2022-04-04,GOV,COP,931,490,8.369495166487647,1769.5972073039743,1801.4908700322235,1806.3673469387754,0.8399570354457573,0.6874328678839957,4110.280343716434,-0.3006444683136411,-5.410830404489749,57.67991407089151,34.16615505232559,-26.838190033430248,33.793523337209315,-27.92661783866281,33.740463395348854,-27.479766094476755,110454.0,19380.0,100376.0,GOV -> COP,0.0012093092129618205
2022-04-11,GOV,COP,1255,643,10.221513944223108,2132.614342629482,2179.19203187251,2165.989641434263,0.7426294820717132,0.6677290836653387,4436.643824701196,-0.6147410358565744,-4.901612317306985,58.35856573705179,36.174392127737235,-18.344479511861298,36.6546658759124,-16.736975120437947,36.463955086678844,-18.07313908029196,90191.0,19372.0,89849.0,GOV -> COP,0.0017456473569786252
2022-04-18,GOV,COP,1768,590,5.860859728506787,1255.7285067873304,1293.954185520362,1295.472850678733,0.829185520361991,0.753393665158371,4089.4010180995474,0.13399321266968062,-3.290117523802848,58.03733031674208,24.416439990074448,-15.126311450992583,24.084617624689827,-15.142081620967765,24.345891129652607,-15.647629538461562,579954.0,81808.0,579519.0,GOV -> COP,0.0024766518132929524
2022-04-25,GOV,COP,964,574,6.559128630705394,1639.6732365145228,1669.3589211618257,1666.622406639004,0.8029045643153527,0.6950207468879668,3882.5165975103732,-0.42811203319502056,-4.232475057537502,51.711618257261414,30.52462636100115,-19.229860733372092,30.880976780093114,-16.343203097325578,30.42137793259603,-18.46781891127907,16108.0,4266.0,15824.0,GOV -> COP,0.0012032492723087907
2022-05-02,GOV,COP,736,479,6.911684782608695,1706.9891304347825,1731.6671195652175,1724.2432065217392,0.7459239130434783,0.6331521739130435,3912.063858695652,-0.11127717391304347,-4.207914303607231,53.16576086956522,30.322626323751894,-8.272694704992434,29.955162499243578,-6.7099774901664135,30.151347201210285,-7.463185880484114,12674.0,2424.0,12639.0,GOV -> COP,0.0010842471847875405
2022-05-09,GOV,COP,1554,634,7.086229086229086,1562.52574002574,1608.7818532818533,1587.6402831402831,0.8635778635778636,0.6351351351351351,3510.814671814672,-0.6359716859716861,-4.571686363190482,55.37966537966538,29.029340327243865,-14.268212968228744,29.13326457347101,-13.96830286735504,28.856934489277208,-13.618820351072278,145059.0,24970.0,144661.0,GOV -> COP,0.0021291112810015865
2022-05-16,GOV,COP,1052,535,8.435361216730039,2009.295627376426,2043.3032319391634,2024.898288973384,0.873574144486692,0.48098859315589354,3611.2747148288972,-1.423384030418251,-3.9706843809706425,69.63878326996198,35.72545200559281,-14.152852643176747,35.58458610961966,-14.958439789709182,35.56182393959728,-14.734724795302022,279048.0,27093.0,278900.0,GOV -> COP,0.0014784791340497119
2022-05-23,GOV,COP,1195,605,8.606694560669457,1897.278661087866,1943.8585774058577,1927.2836820083683,0.7690376569037657,0.6100418410041841,4606.509623430962,-1.8586610878661092,-4.051680494595099,52.88702928870293,25.837477183653853,-34.30370201826922,26.005777091434073,-35.2917929201923,25.97552420673077,-35.44758798365385,88469.0,15350.0,88375.0,GOV -> COP,0.0015881981592849785
2022-05-30,GOV,COP,1284,525,6.8847352024922115,1498.9914330218069,1564.9563862928348,1546.5241433021806,0.7819314641744548,0.6954828660436138,3426.764797507788,-0.35802180685358237,-2.9390037617776934,57.74922118380062,39.8770772262837,-13.584832091383785,39.76960037684942,-13.224201853785871,39.91567057702348,-13.72009593820711,150914.0,33504.0,150345.0,GOV -> COP,0.0019860512382658246
2022-06-06,GOV,COP,1297,583,6.288357748650732,1592.2883577486507,1637.0501156515036,1626.3423284502699,0.7409406322282189,0.6353122590593677,3847.0200462606012,0.2092521202775635,-4.3527316365362685,56.376252891287585,27.016902690969346,-24.369354097763036,27.154913281690146,-23.797074760563373,26.886978802816905,-24.325394589063784,131294.0,24057.0,131216.0,GOV -> COP,0.0020241967200834024
2022-06-13,GOV,COP,2559,582,9.532629933567799,2633.6748729972646,2671.73544353263,2659.3599062133644,0.5025400547088706,0.3313794450957405,4356.391559202813,-1.2477139507620167,-4.802079269213156,37.14341539663931,16.176282795115906,-44.90889043129147,13.404681275662266,-47.8975009279802,16.127325649834447,-44.94305900455306,347843.0,137116.0,347777.0,GOV -> COP,0.0042564162272749955
2022-06-20,GOV,COP,712,446,7.904494382022472,1901.0407303370787,1944.5912921348315,1922.4662921348315,0.8539325842696629,0.6544943820224719,3497.6137640449438,-0.4512640449438204,-4.432530688599685,61.91011235955056,32.3363779500832,-10.875879983361061,32.49332821630615,-10.3270798968386,32.25282272545757,-10.918427534109814,27200.0,3667.0,27148.0,GOV -> COP,0.0011683009753344097
2022-06-27,GOV,COP,1054,607,7.785578747628083,1787.0018975332068,1816.3548387096773,1807.3681214421251,0.7922201138519924,0.6015180265654649,4405.34724857685,0.15910815939278958,-3.3269886492505973,54.18406072106262,29.437826775442478,-5.722639508849558,29.552386742256633,-3.3059089767699175,29.560430890486725,-4.460380271017703,41254.0,9308.0,41173.0,GOV -> COP,0.0016620751970757568
2022-07-04,GOV,COP,1400,672,7.0685714285714285,1535.0685714285714,1575.0921428571428,1566.0135714285714,0.8221428571428572,0.715,4322.875,-0.9060714285714294,-4.707192592254233,57.81428571428572,32.709297567353424,-6.088217034072881,32.59980564025359,-5.848064595087141,32.93542053882729,-5.603049138668761,172428.0,26197.0,172258.0,GOV -> COP,0.0024142634685723253
2022-07-11,GOV,COP,1615,528,8.363467492260062,2176.3300309597525,2241.066253869969,2221.3696594427242,0.74984520123839,0.5281733746130031,3887.0848297213624,-2.278018575851393,-5.065551789376042,56.297213622291025,26.84059361439774,-8.829725535994298,24.97232540769779,-11.264327911617967,27.288254886671425,-8.812665486101194,424113.0,35397.0,424021.0,GOV -> COP,0.0024939773920563345
2022-07-18,GOV,COP,1314,525,7.117199391171994,1581.8424657534247,1620.03500761035,1629.2526636225266,0.8576864535768646,0.7450532724505328,3188.433789954338,0.4169710806697105,-4.879849390510977,68.09741248097413,30.655211671476135,-18.649617914539384,31.07264066703662,-18.96611049500552,30.796109762486125,-19.32586814095448,563744.0,48815.0,563553.0,GOV -> COP,0.0022029792192333163
2022-07-25,GOV,COP,785,467,7.782165605095542,1747.6547770700638,1798.3566878980891,1789.0662420382166,0.8114649681528663,0.6127388535031847,3517.115923566879,0.3275159235668789,-4.509813248482069,61.63057324840764,31.135998100151742,-4.383745907435506,30.571605204855846,-1.6020856691957506,30.830115342943845,-2.7372125068285276,22267.0,3204.0,22223.0,GOV -> COP,0.001465055168192066
2022-08-01,GOV,COP,913,576,6.549835706462212,1522.4129244249725,1555.7404162102957,1540.158817086528,0.7907995618838992,0.6582694414019715,3410.591456736035,-0.7709748083242057,-4.794400588635833,59.989047097480835,29.457470952000005,-19.43091170533333,30.19073313866667,-22.263965571999996,29.765482748,-20.77743574933333,18282.0,2763.0,18159.0,GOV -> COP,0.0013758453989800962
2022-08-08,GOV,COP,1024,563,7.16015625,1689.6591796875,1728.8115234375,1712.2412109375,0.8212890625,0.7099609375,3521.4384765625,-1.235546875,-3.913214847113653,55.0,29.76903044211686,-22.47077989746418,29.876514041896364,-23.266806711135626,30.00399764829107,-23.12235544762956,33206.0,7779.0,31038.0,GOV -> COP,0.001797626571167755
2022-08-15,GOV,COP,1278,600,6.197965571205008,1334.1924882629107,1368.5727699530516,1352.284820031299,0.865414710485133,0.741001564945227,2873.6111111111113,-0.6685446009389683,-4.041661012931522,63.25508607198748,28.676001557155715,-8.423915549054914,28.581960637263727,-9.266292411341132,28.51735155445545,-7.954429470747086,190411.0,9563.0,190133.0,GOV -> COP,0.002426958610670642
2022-08-22,GOV,COP,840,503,6.394047619047619,1471.179761904762,1518.9869047619047,1502.222619047619,0.7892857142857143,0.7273809523809524,3082.8761904761905,-0.641547619047619,-4.245172161757111,54.333333333333336,28.62406548579161,-7.32976236621622,28.445157377537214,-7.7603998527027045,28.99498428281461,-7.029052258108108,17385.0,3998.0,17206.0,GOV -> COP,0.0015811050418428156
2022-08-29,GOV,COP,886,501,5.913092550790068,1319.1715575620767,1338.0191873589165,1344.0135440180586,0.8487584650112867,0.6794582392776524,2900.226862302483,-0.014785553047403992,-4.06450154670475,62.8216704288939,32.40359111977716,-18.349983406685226,32.75660694846797,-19.132687252089127,32.57668973816156,-19.093439541782722,95443.0,10150.0,95377.0,GOV -> COP,0.0017033646257692537
2022-09-05,GOV,COP,1101,539,6.645776566757493,1540.7302452316076,1600.0317892824705,1578.993642143506,0.8110808356039964,0.737511353315168,3543.983651226158,-2.0108991825613076,-4.442410744404886,57.37511353315168,29.405700017489718,-31.25000125617284,30.04223790329218,-33.816697762345676,29.912579590534975,-34.183498440329224,46649.0,9164.0,46520.0,GOV -> COP,0.0016690593387735672
2022-09-12,GOV,COP,1194,495,7.626465661641541,2062.2336683417084,2135.5854271356784,2099.427135678392,0.8082077051926299,0.5787269681742043,3974.0510887772193,1.5295644891122233,-1.5420011660106463,55.2177554438861,43.21758424638987,-21.462203451263516,42.26378177797833,-13.600383940433227,42.75760514891696,-17.032895462093894,259581.0,45941.0,259546.0,GOV -> COP,0.0017865051530349641
2022-09-19,GOV,COP,1240,499,8.103225806451613,1895.575,1901.9233870967741,1910.8524193548387,0.6024193548387097,0.475,4114.901612903226,-0.825080645161292,-5.058601867778181,44.04838709677419,33.09715744675323,-19.357325808657887,31.210973148917727,26.917237079653713,32.07938596190474,4.853714046753244,75405.0,34684.0,75315.0,GOV -> COP,0.002008136190500868
2022-09-26,GOV,COP,750,507,7.669333333333333,1771.54,1805.2253333333333,1810.2973333333334,0.8,0.5586666666666666,3316.845333333333,-0.9395999999999999,-4.316842154200368,57.12,32.131533174242435,4.523927434848489,32.02537118636364,3.9859007090909135,32.07011805303031,3.966201004545459,57903.0,1148.0,57842.0,GOV -> COP,0.0013064176460444287
2022-10-03,GOV,COP,1346,523,8.98959881129272,2091.0237741456167,2134.3662704309063,2128.908618127786,0.8202080237741456,0.5534918276374443,4258.344725111441,-0.488187221396731,-4.632120816338208,55.86924219910847,33.4730659609839,-22.067372796437677,33.98135703477524,-22.01953120186601,33.99090655470739,-21.719011897370674,165600.0,31265.0,165444.0,GOV -> COP,0.0021866552297775004
2022-10-10,GOV,COP,1101,549,7.905540417801999,1752.2488646684833,1762.2397820163487,1730.9227974568573,0.7874659400544959,0.6058128973660308,3873.954586739328,0.2206176203451409,-3.857296756429655,52.15258855585831,32.78890615789474,-16.155747214736845,33.490683255789484,-16.80898587052632,33.55529221894737,-17.184549133684214,60248.0,14634.0,60002.0,GOV -> COP,0.0019519338505396627
2022-10-17,GOV,COP,1002,532,8.300399201596806,1693.9950099800399,1743.0159680638722,1718.9720558882236,0.7744510978043913,0.5229540918163673,3700.7145708582834,-1.6118762475049904,-4.254959950279902,53.43313373253493,30.62202491451991,-4.478881529274001,31.55880135597189,-3.6660988770491794,31.129277925058542,-4.035630173302105,28842.0,6930.0,28702.0,GOV -> COP,0.0017941138026797113
2022-10-24,GOV,COP,1159,515,6.655737704918033,1555.751509922347,1600.5703192407248,1584.4547023295945,0.7463330457290768,0.6712683347713546,3629.0483175150994,0.029163071613459643,-3.8648018932609594,52.26056945642795,30.63571637904763,-9.981330753333333,29.501736706666666,-5.715919910476197,29.360385558095242,-6.267407934285719,65130.0,18767.0,65062.0,GOV -> COP,0.0020936034003442975
2022-10-31,GOV,COP,1220,532,8.459016393442623,1662.3303278688525,1624.8122950819672,1701.5180327868852,0.7229508196721312,0.5188524590163934,3628.695081967213,-0.3720491803278689,-4.678084834169645,51.30327868852459,30.58180297111911,-2.6442642012635993,31.57524798014439,-0.33462276714806727,31.79038220126353,0.09362770306854756,121182.0,27339.0,121074.0,GOV -> COP,0.002260624006344571
2022-11-07,GOV,COP,723,336,10.717842323651452,2576.1396957123097,2610.7206085753805,2608.46887966805,0.8105117565698479,0.4854771784232365,3842.941908713693,-0.30096818810511755,-4.344317044989374,54.6058091286307,34.87933698466261,6.833734394171779,35.72954364110432,6.345087538343563,35.72691327300616,5.599732917177916,63542.0,12513.0,63526.0,GOV -> COP,0.0019031424224397076
2022-11-14,GOV,COP,846,459,7.804964539007092,2028.5768321513003,2066.9066193853428,2050.645390070922,0.8014184397163121,0.5933806146572104,3729.017730496454,-0.7391252955082742,-4.868679505467191,54.751773049645394,32.112579843582886,-23.929108843582874,32.07500463101604,-26.865550185828862,31.950632227272727,-24.177184378342236,57671.0,11725.0,57656.0,GOV -> COP,0.0013749033017181416
2022-11-21,GOV,COP,1303,540,8.03914044512663,1752.2540291634689,1782.0046047582503,1764.5211051419801,0.7682271680736761,0.5042210283960092,4127.744435917114,-0.31350729086722895,-4.614131000583699,67.44435917114352,33.2305231380368,0.5032656952965189,32.17713371983639,-6.717560063394689,32.253107657464206,-4.136911500000001,336554.0,37728.0,336391.0,GOV -> COP,0.0030249986070612707
2022-11-28,GOV,COP,1411,537,8.598157335223245,1743.376328844791,1806.1176470588234,1810.1467044649185,0.7278525868178597,0.41105598866052445,3530.5542168674697,-2.9988660524450754,-5.075305613332025,48.37703756201276,34.331226410400006,-36.49726744320009,32.255386787830275,-28.610793317854135,33.34573343040001,-29.433460664799863,171183.0,17348.0,170040.0,GOV -> COP,0.0028029344399395314
2022-12-05,GOV,COP,908,519,9.068281938325992,2150.1993392070485,2180.340308370044,2166.0473568281936,0.8656387665198237,0.5418502202643172,4163.07268722467,-1.5589207048458156,-3.9957675041222362,69.41629955947137,25.13408179102564,-15.644529551282064,25.37395356923077,-15.684902194871807,25.383459780769233,-15.973733678205143,100946.0,9062.0,77249.0,GOV -> COP,0.0017223359275860173
2022-12-12,GOV,COP,973,550,6.83967112024666,1557.2117163412127,1618.8581706063721,1600.0483042137719,0.8211716341212744,0.6361767728674204,3305.188078108941,-1.278108941418294,-4.292094959037775,58.931140801644396,24.846021261025033,-12.099590135876044,24.370675495798324,-12.536968612244895,24.572313754156767,-11.933252760095014,38844.0,5894.0,38767.0,GOV -> COP,0.0019207308647434353
2022-12-19,GOV,COP,1392,583,11.40948275862069,2572.8793103448274,2520.0919540229884,2606.7313218390805,0.805316091954023,0.4583333333333333,4939.475574712644,1.1280890804597703,-4.789349429465067,59.375,31.560842581648497,-19.81058276689986,31.04790089813373,-19.97506902952611,31.224033207620515,-19.93744965112673,401550.0,48349.0,401465.0,GOV -> COP,0.0027279033945935777
2022-12-26,GOV,COP,897,405,8.153846153846153,2342.352285395764,2377.800445930881,2366.3010033444816,0.8472686733556298,0.5574136008918618,3791.49386845039,-0.309810479375697,-3.2073451673598776,57.01226309921962,34.865391057716415,-21.080798466501154,34.55907948869345,-23.69483471055892,34.82512033417084,-20.82654751801233,142503.0,25369.0,142345.0,GOV -> COP,0.0021053224523133905
2023-01-02,GOV,COP,1024,521,7.3212890625,1688.02734375,1710.7744140625,1718.33203125,0.8544921875,0.7060546875,3468.419921875,-1.0891601562499995,-4.780723988867575,54.74609375,32.08175534750267,-27.0514518522848,31.99133826992562,-25.83796687672688,32.19025833368758,-26.39081718490966,70846.0,4012.0,70706.0,GOV -> COP,0.001935069352583242
2023-01-09,GOV,COP,1297,674,9.25674633770239,2417.025443330763,2457.8388589051656,2446.964533538936,0.825751734772552,0.5034695451040864,4301.49267540478,-1.635003855050116,-4.839333335374653,61.95836545875096,24.237878073371807,-24.540277934872215,24.721174691103794,-24.316518317957154,24.109874425864913,-24.645006987644145,132773.0,15676.0,132714.0,GOV -> COP,0.0020120224936978864
2023-01-16,GOV,COP,1698,681,10.137809187279151,2399.4187279151943,2445.9028268551237,2454.841578327444,0.8969375736160189,0.516489988221437,4269.151354534747,-1.9244405182567734,-4.285537626492426,52.92108362779741,35.09120955255878,-23.791268606772643,33.708981383552164,-24.364211533839804,33.72335009543568,-24.607475248099547,266948.0,62940.0,266791.0,GOV -> COP,0.002946177603497935
2023-01-23,GOV,COP,1322,728,7.813918305597579,1751.0408472012102,1782.6656580937972,1792.0,0.7670196671709532,0.6618759455370651,3946.0408472012105,-1.230408472012103,-4.740646523618811,58.47957639939486,34.37067088058419,-18.19845591237112,34.37785289862543,-17.814683378006862,34.411958544673524,-17.31613069072164,31198.0,4781.0,30972.0,GOV -> COP,0.002100476499926118
2023-01-30,GOV,COP,1796,639,8.803452115812918,1742.6358574610244,1858.3390868596882,1842.228841870824,0.8669265033407573,0.5456570155902004,4331.283964365256,-0.56358574610245,-4.3860396998986975,61.98218262806236,34.08856824492307,-16.09946813292311,33.87041565538461,-16.041254504615416,33.722929552615376,-15.735986779076955,396104.0,56462.0,395933.0,GOV -> COP,0.0028060483152773396
2023-02-06,GOV,COP,1041,497,9.508165225744477,2120.576368876081,2174.9298751200768,2156.5081652257445,0.8318924111431316,0.5850144092219021,4485.712776176753,-0.15609990393852066,-3.4411267069521245,55.86935638808838,29.954090367436724,-10.784745900990107,30.025217380638036,-10.680746064906497,29.99130801320129,-10.786007012101217,153775.0,5012.0,153454.0,GOV -> COP,0.0017564462082021483
2023-02-13,GOV,COP,1649,500,6.16191631291692,1283.2662219526985,1361.340206185567,1343.6743480897514,0.9157064887810794,0.8126137052759248,2947.659793814433,1.2422680412371137,-6.065420994502168,63.984232868405094,26.74280861974789,24.88179085154045,27.010048525210063,24.211049570027853,26.862716497899147,24.465119345938216,673598.0,94775.0,673570.0,GOV -> COP,0.0026860308478181905
2023-02-20,GOV,COP,795,473,9.172327044025158,2230.518238993711,2281.766037735849,2259.8,0.7962264150943397,0.640251572327044,4369.14213836478,0.049559748427673016,-3.7066149970269167,55.0440251572327,31.978212355654758,-16.989618516369053,31.882415863095225,-16.211679882440478,31.926996165178565,-18.103039927083334,21285.0,4825.0,21241.0,GOV -> COP,0.0012186037100734841
2023-02-27,GOV,COP,965,511,7.499481865284974,1811.6839378238342,1840.3761658031087,1846.0,0.7844559585492228,0.5948186528497409,3652.676683937824,0.22466321243523346,-4.043166538492964,53.93782383419689,26.425893140979692,13.816616247311824,26.068953065710865,14.380703320191156,26.096975578255673,13.932223929510151,27711.0,6681.0,27587.0,GOV -> COP,0.0016124046550874292
2023-03-06,GOV,COP,927,589,9.052858683926646,2104.8101402373245,2148.2373247033443,2140.5922330097087,0.8435814455231931,0.5026968716289104,3958.464940668824,-1.1201725997842495,-4.1358196625063055,66.22437971952534,32.0028331430303,-12.597722077015648,32.05192828223845,-12.434739025270764,32.11305534386391,-12.39078786161252,99058.0,10052.0,99009.0,GOV -> COP,0.0015152332429423966
2023-03-13,GOV,COP,799,453,8.147684605757197,1958.5732165206507,1988.2390488110138,1982.9136420525658,0.8122653316645807,0.571964956195244,3546.500625782228,0.18710888610763476,-3.6796368566436204,60.72590738423029,30.981279296296297,-21.541081683760687,31.38522027635328,-19.62357376068376,31.33337576068377,-19.49293657977208,24244.0,3781.0,24174.0,GOV -> COP,0.0012759603637844442
2023-03-20,GOV,COP,1750,593,10.660571428571428,2252.401142857143,2327.2257142857143,2300.7794285714285,0.816,0.4662857142857143,3811.872,-0.7770857142857159,-4.390847876089539,60.61142857142857,39.92445155440732,-1.1064335953827396,39.67683446172542,-2.4994426630236735,39.72874962089917,-1.8500244256223357,531319.0,72491.0,530433.0,GOV -> COP,0.0027816721187440196
2023-03-27,GOV,COP,1990,900,8.968341708542713,2061.562311557789,2106.4040201005023,2096.571859296482,0.8195979899497488,0.5783919597989949,4066.9256281407033,-0.039849246231156876,-4.149381864262552,59.095477386934675,34.19749166856492,-14.232223965850878,33.725658749716864,-12.85221014883984,34.0178294509359,-13.49735219387755,137914.0,18586.0,137605.0,GOV -> COP,0.0016526139120194858
2023-04-03,GOV,COP,1977,830,6.765300961052099,1438.2761760242793,1485.5027819929185,1480.6838644410723,0.8502781992918563,0.7531613555892767,3394.653515427415,-0.3535660091047042,-4.829945491994046,69.3474962063733,31.730444059565514,3.895236632095308,31.77561504484933,3.4385810770847933,31.68705348002802,3.913489748423266,536595.0,57413.0,535892.0,GOV -> COP,0.0016248829829465367
2023-04-10,GOV,COP,2622,852,10.364988558352403,2294.3668954996187,2352.4202898550725,2322.537376048818,0.7852784134248665,0.4469870327993898,4309.955758962624,-0.5556445461479791,-4.78380584582327,67.20061022120518,21.40126055168833,5.987947647272765,22.725512380779243,6.224196033246782,24.120739542337674,2.273449589090926,725060.0,79965.0,722445.0,GOV -> COP,0.0024175501973595043
2023-04-17,GOV,COP,2782,840,12.717828900071892,2365.0352264557873,2419.491013659238,2404.258806613947,0.7030913012221424,0.3382458662832495,4077.421639108555,1.2911214953271029,-4.194459313486443,54.69446441409058,34.92417436909866,-52.44194158993366,34.72398693562228,-51.73465582208348,34.90434234906391,-52.00661531669266,476663.0,99206.0,476352.0,GOV -> COP,0.0028351014501615253
2023-04-24,GOV,COP,2354,833,10.838997451146984,2275.374681393373,2312.663551401869,2295.35683942226,0.7565845369583687,0.5675446049277825,4281.277400169924,0.4523364485981311,-4.582368255715844,57.3322005097706,32.5460282524498,-40.81790354783016,32.42117505599626,-41.10713769808687,32.65077133691084,-41.04777789454041,313807.0,53632.0,313522.0,GOV -> COP,0.0023702719167082017
2023-05-01,GOV,COP,2960,798,10.388513513513514,2457.5932432432433,2509.9077702702702,2498.3432432432433,0.7891891891891892,0.40844594594594597,4340.959459459459,-1.1577027027027025,-4.534394865239649,57.49662162162162,33.285286902877665,-35.67701868884892,33.22195384958614,-35.75764952033105,33.243136755755366,-35.82711708489208,1276972.0,208389.0,1276904.0,GOV -> COP,0.002940446033874733
2023-05-08,GOV,COP,2050,906,7.673170731707317,1682.8526829268292,1725.0024390243902,1716.3468292682926,0.78,0.6624390243902439,3858.6760975609754,0.193219512195122,-4.8063883343022775,56.15121951219512,33.55625731329118,-3.9369122020042133,33.7800069103376,-4.097222822784806,33.64959574050637,-3.7332569256329036,213933.0,31337.0,213741.0,GOV -> COP,0.0019568107993047116
2023-05-15,GOV,COP,1935,853,7.844444444444444,1828.9193798449612,1852.906976744186,1852.470284237726,0.807235142118863,0.620671834625323,3552.8459948320415,-0.5737984496124029,-4.996489003677791,64.17054263565892,19.17020167383292,23.739277364864865,19.093730831695336,23.496170399262905,19.1982943943489,23.554625079852585,292891.0,35382.0,283294.0,GOV -> COP,0.0018577188940092167
2023-05-22,GOV,COP,2011,723,7.884137245151666,1726.2322227747388,1778.36399801094,1761.4047737444057,0.7951268025857782,0.5678766782695176,3671.181004475385,0.12048731974142197,-3.8058315298081435,62.11834908005967,27.26808807239819,20.0338153535068,27.232844777840587,20.117847295647266,27.273057491515832,20.27162325622173,481301.0,56794.0,481178.0,GOV -> COP,0.0022250916425734938
2023-05-29,GOV,COP,1924,819,7.845114345114345,1637.4350311850312,1659.0914760914761,1660.972972972973,0.7011434511434511,0.5774428274428275,3490.963097713098,0.40270270270270314,-4.6773064660289485,53.352390852390855,24.120409895342135,16.722781335825207,24.52716237873561,16.498529956321864,24.623728057570506,16.398167534830186,231298.0,35642.0,231192.0,GOV -> COP,0.002218463287545819
2023-06-05,GOV,COP,1713,771,7.276123759486281,1695.1313485113835,1722.683596030356,1736.830122591944,0.8207822533566842,0.6077057793345009,3522.23292469352,-0.8946876824284877,-4.1793737757028815,58.92586106246351,31.922516264892277,-17.432104588719916,32.05520507984792,-16.08026800063373,32.22924252534856,-17.10205267997467,255314.0,15395.0,255092.0,GOV -> COP,0.0017875852050974876
2023-06-12,GOV,COP,1579,769,8.12349588347055,1889.6098796706776,1922.1076630778973,1917.1431285623812,0.8144395186827106,0.6193793540215327,4082.7466751108295,-0.3071564281190627,-4.474675875277562,60.93096896770108,28.91558050668648,-5.334627267062312,28.30894637961595,-6.817874268094532,28.427415238695325,-5.006412033333329,89325.0,9316.0,89222.0,GOV -> COP,0.001816092720792134
2023-06-19,GOV,COP,1435,781,7.678048780487805,1685.3094076655052,1731.6006968641116,1720.338675958188,0.824390243902439,0.6,3650.38606271777,-0.5974216027874568,-4.168983034542694,64.34146341463415,27.071971301556427,-3.8846007514563126,26.664321893203883,-3.594302338178294,27.090200262851607,-3.6804110067895244,262790.0,26889.0,262641.0,GOV -> COP,0.001372157911948579
2023-06-26,GOV,COP,1572,721,9.08969465648855,1961.453562340967,1993.9516539440203,1992.7468193384225,0.8543256997455471,0.6329516539440203,4177.935114503817,-0.37423664122137335,-5.39007014338536,63.74681933842239,35.59320997492399,-4.188908461305008,37.043146840151486,-5.827269834973505,36.58921876100149,-4.148246567424245,141475.0,15468.0,141113.0,GOV -> COP,0.0018271633637473121
2023-07-03,GOV,COP,1901,748,7.805365597054182,1719.9405576012625,1755.7143608627039,1747.0489216202,0.8179905312993162,0.6475539189900053,4037.70489216202,-0.7367175170962658,-5.297699063774496,57.82745923198317,30.884765455131923,13.273134926099747,30.707182356220617,11.719251014076287,30.95330395715958,12.430401893841685,308973.0,51910.0,308636.0,GOV -> COP,0.0024486094706186183
2023-07-10,GOV,COP,1848,784,10.311688311688311,2308.5719696969695,2370.387987012987,2350.027056277056,0.7938311688311688,0.4686147186147186,4472.88474025974,0.012229437229436759,-3.911015790861734,57.12662337662338,33.821318061824726,-9.41472438955583,33.91885970468186,-9.896762300720296,34.00514451860743,-9.841436792917177,212003.0,38862.0,211790.0,GOV -> COP,0.0021199978432922375
2023-07-17,GOV,COP,3095,902,9.265266558966074,1920.6012924071083,1957.1583198707592,1958.081098546042,0.8145395799676898,0.5537964458804523,3374.147334410339,-1.2524071082390957,-5.969774152748248,53.95153473344104,29.520715829549683,-8.179786190582163,29.56580800819061,-8.382998132789352,29.628611774804902,-8.702607112759676,642599.0,74818.0,642364.0,GOV -> COP,0.003380282305450828
2023-07-24,GOV,COP,1535,765,6.778501628664495,1523.0149837133552,1546.2214983713354,1551.3654723127036,0.8214983713355049,0.7035830618892508,3170.5296416938113,-0.21407166123778465,-3.866358673640785,60.20195439739414,26.507264649773074,-9.628186590015133,26.550030093797282,-9.821378662632382,26.879965560514375,-10.150032818456891,63350.0,10918.0,62187.0,GOV -> COP,0.0019528268281512392
2023-07-31,GOV,COP,1688,727,8.39691943127962,1855.470971563981,1896.2221563981043,1881.4289099526065,0.8554502369668247,0.6629146919431279,3453.173578199052,-1.0908175355450238,-5.439888590128939,63.572274881516584,13.966527014379073,12.975141578431401,14.106399700653586,12.996713292810503,13.755400246566374,12.845201529104026,300289.0,29157.0,300168.0,GOV -> COP,0.0021370091240667994
2023-08-07,GOV,COP,1721,741,6.936083672283556,1560.0796048808832,1615.5119116792562,1588.3986054619406,0.7600232423009878,0.5775711795467752,3436.032539221383,-1.5229517722254498,-4.146695065522767,56.31609529343405,21.6172934731475,-11.909051373895322,21.134801680489442,-12.918864535010206,21.016657906186254,-12.079852008157731,109107.0,25511.0,107048.0,GOV -> COP,0.002311578172577242
2023-08-14,GOV,COP,1936,711,9.194731404958677,2096.2685950413224,2129.8987603305786,2119.7737603305786,0.7701446280991735,0.5604338842975206,4448.209194214876,0.504803719008269,-4.670723617265223,55.54752066115702,15.684357953997816,3.028501912924422,15.78871004764513,1.9970165334063508,15.767606688937573,1.373983684008762,484608.0,65331.0,484335.0,GOV -> COP,0.0024146545584711842
2023-08-21,GOV,COP,2337,754,6.743688489516474,1655.3816859221224,1704.7774925117672,1683.9888746255883,0.8523748395378691,0.5768078733418913,4777.077877620882,-0.7169020111253757,-3.283541452078121,57.869062901155324,26.804513061156236,-6.616133654085037,26.544032457238416,-9.53499713855709,26.72465209746775,-8.934961921165785,481101.0,63155.0,480914.0,GOV -> COP,0.00272483376415322
2023-08-28,GOV,COP,2258,734,7.026129317980514,1611.137732506643,1664.3334809565988,1674.5801594331267,0.7971656333038086,0.7604074402125776,3688.468113374668,-1.8305580159433137,-5.667131440200884,60.54472984942427,24.029000780626756,-30.330854947768277,25.08109565669512,-30.800358835232664,24.04923568755933,-30.01546851424501,589683.0,74409.0,589302.0,GOV -> COP,0.0028780536301968754
2023-09-04,GOV,COP,1275,746,8.16156862745098,1892.6619607843138,1874.0101960784314,1926.7066666666667,0.7670588235294118,0.5623529411764706,3707.9074509803922,0.1684705882352948,-4.402182693138242,57.76470588235294,28.13336649329758,12.29060228418232,27.761975304736367,12.566827172475433,27.583176512957998,12.295586221626463,38547.0,5241.0,38379.0,GOV -> COP,0.0015130119023602985
2023-09-11,GOV,COP,2073,731,7.882296189097926,1638.858658948384,1680.21997105644,1693.8880849011096,0.7718282682103232,0.5586107091172214,3879.243125904486,-1.1918958031837914,-4.727844752307916,57.631452001929574,36.48967355386239,-8.761089475039403,36.12226641776149,-11.75289495323173,35.68365210352081,-14.627084026274282,773572.0,98822.0,773233.0,GOV -> COP,0.002317151278792533
2023-09-18,GOV,COP,1748,689,8.389016018306636,1786.4216247139589,1838.50057208238,1819.6241418764303,0.7431350114416476,0.5915331807780321,4134.653318077803,-1.2335240274599546,-4.986204491963764,50.69794050343249,30.669146188811144,-47.94292569612201,30.28674161665605,-47.53831200063566,30.347835569612187,-47.0122356134774,98744.0,26861.0,98489.0,GOV -> COP,0.0017638908930555372
2023-09-25,GOV,COP,1755,822,7.649002849002849,1772.2153846153847,1824.8472934472934,1809.7994301994302,0.8250712250712251,0.5823361823361823,3742.9356125356126,-0.631908831908832,-4.3792950417372145,55.27065527065527,30.696349960332718,1.0864912412028165,30.45617578589745,-0.4717468871794853,30.510865533290666,0.4531059731113961,95416.0,17877.0,95076.0,GOV -> COP,0.0020118856010895134
2023-10-02,GOV,COP,1813,803,6.588527302813017,1548.861555432984,1595.6271373414231,1593.0584666298953,0.8080529509100938,0.7065637065637066,3160.2752344180917,-0.6353557639271923,-4.359432471994529,61.55543298400441,27.864267455204224,-14.719928090909088,28.29883122529645,-13.083630600790517,27.978002515151527,-13.124253827404482,152017.0,22958.0,151388.0,GOV -> COP,0.0020739008782907306
2023-10-09,GOV,COP,1325,719,5.9743396226415095,1382.7132075471698,1399.7615094339624,1392.332075471698,0.84,0.7350943396226415,3166.096603773585,-0.06354716981132087,-3.111894094887176,60.78490566037736,23.223652578610608,-1.2501083711151675,23.581836493601468,-0.11787359414990277,23.59982495338209,-1.706158878427786,99570.0,9274.0,99253.0,GOV -> COP,0.0009642857662687745
2023-10-16,GOV,COP,1645,687,7.282674772036474,1595.8085106382978,1641.212765957447,1631.717933130699,0.7872340425531915,0.711854103343465,4169.363525835866,-2.3274164133738604,-4.769449265321359,60.3951367781155,30.966363050244244,-16.574357759944192,31.549882325191906,-16.583828200977003,31.08645208304257,-16.717002920446635,233872.0,36198.0,233672.0,GOV -> COP,0.0012652464115458157
2023-10-23,GOV,COP,1866,675,11.937834941050376,2516.469453376206,2552.702572347267,2552.0718113612006,0.8220793140407289,0.39228295819935693,5023.976420150054,-1.6689710610932484,-5.559215882757573,65.26795284030011,31.29725414194669,-30.38905685416667,31.43093287253764,-31.6217671759259,31.272896298957107,-31.19920384490738,678227.0,76031.0,678150.0,GOV -> COP,0.0016242315147917354
2023-10-30,GOV,COP,1571,754,9.700827498408657,2287.761298535964,2324.8357733927432,2317.928707829408,0.8224061107574793,0.5251432208784214,3867.604710375557,-0.3892425206874601,-4.496801172382311,62.98535964353915,23.16734475110456,-8.212238780559654,23.481308272459493,-8.98956074594993,23.365992394698083,-8.795575707658328,115187.0,16484.0,115007.0,GOV -> COP,0.0014202105636183819
2023-11-06,GOV,COP,1475,631,10.862372881355933,2516.9966101694913,2562.335593220339,2523.689491525424,0.7071186440677966,0.5294915254237288,4431.768813559322,-0.11084745762711816,-4.253853463101162,58.86101694915254,31.867582001490344,7.0374554038748025,31.40985979806262,6.531256058122193,31.50990070491806,7.309385488077486,221394.0,42482.0,208876.0,GOV -> COP,0.00140421225596457
2023-11-13,GOV,COP,1841,706,8.07876154263987,1860.3992395437263,1882.631721890277,1889.8604019554589,0.7474198804997284,0.5898967952199892,3880.8174904942966,-1.190222705051602,-4.553232034702712,49.90765888104291,27.900389144200613,-14.567443834482745,27.843394206896537,-13.903827055172405,27.903452862695907,-13.143265922884007,199198.0,47665.0,198806.0,GOV -> COP,0.0019607822253653435
2023-11-20,GOV,COP,1510,687,9.141059602649007,2185.5529801324506,2217.582119205298,2222.108609271523,0.823841059602649,0.5496688741721855,4230.691390728477,0.20913907284768216,-3.8433220637225425,56.01324503311258,28.08787258970477,-19.13680685768358,26.83000992959879,-18.72675640802422,28.16672172596518,-21.10234415064344,108421.0,19931.0,108350.0,GOV -> COP,0.001617169845672732
2023-11-27,GOV,COP,1487,609,8.132481506388702,1977.3934095494283,2006.3080026899797,2008.2468056489577,0.7720242098184263,0.6254203093476799,4717.6866173503695,-1.674445191661062,-4.940747822746159,60.41022192333558,31.84726415530302,-21.718980852272725,31.541111682094076,-20.21303047647951,31.54625777651514,-20.831523251515154,129390.0,22010.0,129147.0,GOV -> COP,0.0014805728333305123
2023-12-04,GOV,COP,1207,645,8.102734051367026,1765.9809444904722,1808.4879867439934,1803.9552609776306,0.7365368682684341,0.5103562551781275,3527.8392709196355,-1.2354598177299085,-4.7433694625969585,53.07373653686827,29.09193887360598,-19.570643752788133,29.02744196093027,-20.24271881488368,29.069476894981445,-19.355078372676545,54749.0,17885.0,54702.0,GOV -> COP,0.001326628747286566
2023-12-11,GOV,COP,1102,618,7.671506352087114,1770.2041742286751,1813.89110707804,1811.5508166969148,0.8121597096188747,0.6506352087114338,3804.558076225045,-0.0377495462794915,-4.495470305904146,55.027223230490016,28.47889685217391,-20.577274901086945,28.594986507608702,-21.73393967282608,28.563108278260877,-21.464256885869556,34299.0,6870.0,34266.0,GOV -> COP,0.0011831130474179257
2023-12-18,GOV,COP,1602,636,7.200998751560549,1394.6023720349563,1469.1697877652934,1445.6004993757804,0.8083645443196005,0.630461922596754,3323.1061173533085,-0.6327091136079908,-4.492754732297922,53.07116104868914,28.353873229942693,-4.169162081603357,28.467287159025783,-6.241093863994266,28.17504319842407,-5.333293319971366,355885.0,32209.0,355759.0,GOV -> COP,0.001994114747486818
2023-12-25,GOV,COP,1399,600,6.791279485346676,1603.7776983559686,1633.479628305933,1611.6190135811294,0.8620443173695497,0.7834167262330236,3179.9563974267335,-0.9438170121515406,-3.539911350218934,50.77197998570407,30.840702245393583,-18.180486768844318,31.991325874371803,-31.141700494974945,32.10324244053596,-31.006107326633245,272573.0,77877.0,272269.0,GOV -> COP,0.0022761291162306393
2024-01-01,GOV,COP,1523,615,9.37623112278398,2122.5653315824034,2150.520026263953,2134.402495075509,0.7957977675640184,0.541037426132633,4317.372948128694,1.150492449113593,-4.950367194273625,60.584372948128696,34.24436764912279,-50.43972508406426,34.31557175877192,-50.634256902046715,34.387659310672504,-50.59157380336249,555869.0,65149.0,555763.0,GOV -> COP,0.002076666207609352
2024-01-08,GOV,COP,1497,700,8.738810955243821,2197.548430193721,2232.2358049432196,2240.9639278557115,0.7307949231796927,0.5771543086172345,4477.559118236473,-1.470207080828323,-4.389300633389448,56.800267201068806,27.96171322294844,-15.885847387073342,29.044431140885987,-20.743555850399407,28.188049921568624,-15.84857601016702,110357.0,15221.0,110188.0,GOV -> COP,0.0017734634426041125
2024-01-15,GOV,COP,1836,653,8.588235294117647,1772.7581699346406,1809.5288671023966,1799.5152505446624,0.7472766884531591,0.5806100217864923,4014.2478213507625,-0.7772331154684102,-5.107174279390156,63.31699346405229,22.312721365201906,-27.26217257541567,22.66229251009503,-27.53956077672208,22.551544526128275,-27.50626612885985,313964.0,57780.0,313349.0,GOV -> COP,0.002261133867499526
2024-01-22,GOV,COP,1210,680,6.7669421487603305,1544.80826446281,1588.4413223140496,1592.8528925619835,0.7545454545454545,0.6991735537190082,3625.41652892562,0.5845454545454545,-3.82169853407187,58.553719008264466,30.57006833824975,-27.634911562438546,29.52388230088495,-26.034109347099317,29.83606395280235,-26.184370021632255,32087.0,5989.0,31254.0,GOV -> COP,0.001515476016026472
2024-01-29,GOV,COP,1750,757,8.371428571428572,1913.114857142857,1934.8114285714287,1945.7697142857144,0.7971428571428572,0.5737142857142857,3765.177142857143,0.6144571428571426,-3.5667165142386934,59.23428571428571,36.71936243570059,-8.684661655150347,36.231995681789144,-15.005180656230047,36.78442839475368,-9.856634661548302,315433.0,47558.0,315140.0,GOV -> COP,0.002178855391235274
2024-02-05,GOV,COP,2070,704,8.5487922705314,1985.3826086956522,2004.816425120773,2008.0806763285025,0.8570048309178744,0.6043478260869565,3924.9038647342995,0.7010144927536213,-3.4117896652352533,68.26570048309179,33.75505224761904,-6.617805943386229,33.815241494179894,-6.56050337301586,33.78829759576719,-6.61249707354496,638654.0,78524.0,637326.0,GOV -> COP,0.0023765950167280144
2024-02-12,GOV,COP,1636,721,9.00916870415648,2268.134474327628,2319.1454767726163,2306.380195599022,0.8777506112469438,0.523838630806846,4230.30195599022,-0.20501222493887516,-5.528468032773123,71.49144254278728,27.521164170583788,-9.204052726307815,27.562800050037907,-9.15388624412434,27.596654659590605,-9.061471111448071,376338.0,39997.0,375404.0,GOV -> COP,0.0018502433816477571
2024-02-19,GOV,COP,1537,715,7.950553025374106,1809.5634352635004,1844.0162654521796,1832.4033832140533,0.8588158750813273,0.5484710474951203,3571.4886141834745,0.5240078074170466,-4.139521599537098,58.17826935588809,33.798614615156005,-3.9101457429420456,33.155978525260025,-3.3428196589895918,32.89031559063892,-4.537038479940557,104659.0,21714.0,104253.0,GOV -> COP,0.0016779237849244497
2024-02-26,GOV,COP,2079,776,6.94997594997595,1531.0562770562772,1572.997594997595,1558.2905242905242,0.7402597402597403,0.7133237133237134,4609.134199134199,1.2068783068783067,-3.747584025046722,59.43241943241943,28.708108759173122,-15.856955486821697,28.192601813436692,-16.159087343669242,28.198709257881138,-16.238006635142117,337401.0,34215.0,303093.0,GOV -> COP,0.0023336188153208416
2024-03-04,GOV,COP,1626,781,7.02460024600246,1603.6580565805657,1633.7736777367775,1635.6943419434194,0.8610086100861009,0.6709717097170972,4640.360393603936,0.3642066420664208,-3.7079454476467637,66.8019680196802,31.754664466618806,-18.948127933237625,31.565170775305095,-18.195248804737982,31.529241420373026,-18.136959554519375,260746.0,28681.0,260574.0,GOV -> COP,0.0018951822044022775
2024-03-11,GOV,COP,1673,657,8.731619844590556,2194.4925283921098,2231.9444112372985,2224.1117752540345,0.8386132695756127,0.6072922893006575,3754.6084877465632,0.4254034668260622,-3.469313995779066,61.7931858936043,33.572512545058146,-27.073695023255834,32.95211355781818,-22.241839623272753,32.93678503052327,-21.82390129651165,350028.0,44216.0,347352.0,GOV -> COP,0.0020112040777072516
2024-03-18,GOV,COP,1836,693,7.151416122004357,1803.778322440087,1811.8039215686274,1806.2636165577342,0.809368191721133,0.6938997821350763,3664.906318082789,-0.3356753812636168,-4.0335936677528546,65.38671023965142,27.47988649623493,-15.950039368698276,27.124834807981927,-16.078169539503392,26.890331600150603,-17.7552944552295,521957.0,59486.0,521749.0,GOV -> COP,0.002054132431126148
2024-03-25,GOV,COP,1331,667,7.848985725018783,1744.1337340345606,1785.8294515401954,1783.3012772351615,0.7415477084898573,0.5987978963185575,3908.0255447032305,-1.7235161532682173,-4.077392257978945,64.14725770097671,25.630863851007877,12.075384461875549,26.021319111305864,11.028194082383873,25.975202064855374,11.115859481156887,214526.0,25580.0,213563.0,GOV -> COP,0.0017413944238745046
2024-04-01,GOV,COP,1435,705,6.910104529616725,1649.9003484320558,1680.1770034843205,1672.0411149825784,0.8738675958188153,0.6801393728222996,3720.3337979094076,0.2855052264808353,-4.831451394409075,62.857142857142854,35.429421177018625,-16.75848876475155,35.73378125776397,-16.69519746350932,35.723972488354036,-16.714923154503104,183545.0,24446.0,183318.0,GOV -> COP,0.0018137694806425926
2024-04-08,GOV,COP,2091,751,7.2625538020086085,1552.3328550932567,1607.2013390722143,1594.8512673362027,0.8010521281683405,0.6504065040650406,3298.7637494022,0.16657101865136295,-3.405141782961292,62.003825920612144,29.2184100967742,8.591250999402988,29.258531598566307,9.511629564179103,29.139589549581846,9.00871137731343,498590.0,54096.0,498477.0,GOV -> COP,0.002373452743772666
2024-04-15,GOV,COP,1743,719,7.358577165806081,1838.6391279403329,1841.1962134251291,1867.4113597246128,0.810671256454389,0.6219162363740677,4702.815834767642,0.43907056798623023,-4.21165348038389,62.7653471026965,31.910898794706235,-14.758253001924317,31.891879913436668,-16.562383593329074,31.757109206072332,-16.64309037716486,403834.0,59150.0,403737.0,GOV -> COP,0.0019966298995041072
2024-04-22,GOV,COP,1768,653,9.020361990950226,1797.060520361991,1845.1340497737556,1830.3608597285067,0.7828054298642534,0.5786199095022625,4162.276583710407,-0.4882918552036225,-3.6227074768730816,65.7975113122172,35.3888767591687,-16.0915671429444,35.89856360330073,-14.678729312767244,35.42021284535452,-13.214380490531454,498104.0,61964.0,497984.0,GOV -> COP,0.0018911255084806497
2024-04-29,GOV,COP,1557,803,9.303147077713552,2062.4444444444443,2113.7392421323057,2098.345536287733,0.7906229929351317,0.5786769428387926,4237.258831085421,-0.9188824662813102,-4.620131044521121,54.8747591522158,33.44122849217002,-24.603371169881285,33.42778890401785,-23.18165624035608,33.57740288607594,-23.728551136498513,55346.0,10563.0,55087.0,GOV -> COP,0.0017837156044756713
2024-05-06,GOV,COP,1417,705,8.273817925194072,2101.2942836979532,2127.707833450953,2128.7657021877208,0.8588567395906845,0.6153846153846154,4067.9160197600563,0.7705010585744532,-3.6159037355004826,57.57939308398024,29.75038660369775,-14.291206053012042,29.75584747588424,-13.268696140562247,29.77345105948553,-13.631526108433727,81468.0,13366.0,81253.0,GOV -> COP,0.0016709905660377358
2024-05-13,GOV,COP,2016,790,10.530257936507937,2195.247023809524,2225.2872023809523,2218.1121031746034,0.8010912698412699,0.5868055555555556,4641.788690476191,-0.6515376984126985,-5.006382085881108,59.742063492063494,34.850990449166204,1.3404138047210252,34.93489277299622,0.8425840584763934,34.94701129731181,0.9439840375536462,277929.0,42238.0,277695.0,GOV -> COP,0.0024988627447577803
2024-05-20,GOV,COP,1172,691,6.739761092150171,1633.8284982935154,1669.8225255972695,1654.6433447098975,0.8071672354948806,0.6979522184300341,3773.2807167235496,-1.058447098976109,-3.781601614374472,62.67918088737201,28.68183005098856,5.153191853430351,28.54022305619148,5.338402837837835,28.500217531737785,5.086110030145527,64791.0,8065.0,63887.0,GOV -> COP,0.0015132675604241797
2024-05-27,GOV,COP,1645,638,7.764133738601823,1882.7161094224923,1931.243161094225,1908.1215805471124,0.7683890577507598,0.764741641337386,3378.8717325227963,0.2521580547112455,-4.701058113806044,51.9209726443769,23.8685433939189,28.445983616475285,27.419057123648596,31.999618619176168,24.98303182635132,28.660186375421922,309202.0,67015.0,308917.0,GOV -> COP,0.002080035202541057
2024-06-03,GOV,COP,1122,601,6.994652406417113,1672.6007130124776,1704.7272727272727,1695.0811051693404,0.7887700534759359,0.6274509803921569,3502.831550802139,-0.6319964349376117,-3.94220728073922,55.42780748663102,30.359657080164443,-21.13618162384379,30.624435338129494,-21.57121234532375,30.625793035971224,-21.140078203494348,49703.0,8856.0,49562.0,GOV -> COP,0.0013022208552643032
2024-06-10,GOV,COP,1511,675,10.908007941760424,2625.1707478491066,2683.4586366644608,2669.1561879549968,0.8292521508934481,0.5413633355393779,4411.643282594308,-0.5849768365320975,-3.1818621195380854,68.79549966909332,32.78976721667908,6.837358930007459,32.419333206254635,4.717570938942673,33.22341534698436,4.75831483469845,354479.0,39375.0,354330.0,GOV -> COP,0.0018449463610234018
2024-06-17,GOV,COP,1271,635,9.051927616050355,2015.3131392604248,2042.1180173092052,2030.6561762391818,0.7797010228166797,0.7041699449252558,3674.7120377655388,0.09386309992132207,-4.83011593760516,58.55232100708104,26.667404251649394,-5.498579985862379,26.691713425070695,-6.459147497643717,26.557250526861463,-7.290865535344007,141288.0,12509.0,141124.0,GOV -> COP,0.0017828387393604786
2024-06-24,GOV,COP,1796,757,7.043429844097996,1525.8234966592427,1574.4621380846324,1557.791759465479,0.8273942093541202,0.7266146993318485,2891.4710467706013,-0.2798997772828514,-3.992131141710955,58.6804008908686,28.389387377487967,-12.161193605353475,27.663428398078228,-10.918427918325333,27.677717835964298,-10.962402632807148,292882.0,59737.0,292566.0,GOV -> COP,0.0023305002270810355
2024-07-01,GOV,COP,1562,617,5.793213828425096,1390.8533930857875,1414.7624839948783,1437.838028169014,0.853393085787452,0.7432778489116517,3585.673495518566,0.13053777208706727,-3.6951952100876673,57.816901408450704,34.613501937168806,-18.346537217851736,34.74733868508705,-18.423559086232984,34.83528968433005,-18.35443700605143,221202.0,33866.0,220960.0,GOV -> COP,0.0023125871661775982
2024-07-08,GOV,COP,1753,636,8.463205932686822,1905.4295493439818,1950.62749572162,1927.9115801483172,0.8214489446662864,0.5904164289788933,3419.4466628636624,0.5561893896177966,-4.506128834844622,55.81289218482601,33.355381683006534,-40.8862541214893,33.55468971830065,-41.04848684781195,33.43244735490196,-41.9379480261268,300818.0,39661.0,300196.0,GOV -> COP,0.0022729512320355167
2024-07-15,GOV,COP,1405,719,6.700355871886121,1475.176512455516,1418.9565836298932,1488.9416370106762,0.797864768683274,0.7345195729537367,3241.9060498220642,-1.20220640569395,-5.440707885668403,60.811387900355875,30.4516782186992,-4.099484323577254,29.76981883278959,-1.6535013164763492,29.67086631214347,-1.7822137310513455,144478.0,23418.0,144357.0,GOV -> COP,0.001860749703339549
2024-07-22,GOV,COP,1377,771,7.144517066085694,1619.5846042120552,1665.3514887436456,1645.6427015250545,0.7973856209150327,0.6710239651416122,3624.729121278141,-0.06485112563543917,-4.897857047303452,57.54538852578068,28.1105574543058,-14.854770212653767,28.357398657293494,-10.613680635325125,27.87911532776801,-14.045859665202098,43870.0,7681.0,43650.0,GOV -> COP,0.0016441516201520213
2024-07-29,GOV,COP,1833,808,8.951445717403164,1970.1423895253683,2010.9056192034916,1997.4953627932352,0.8112384069830878,0.6284779050736498,4137.764320785597,-1.1524277141298427,-6.2901263592708885,59.645390070921984,32.157422032175056,7.706392527027041,31.70397537572257,8.799078622350686,31.953836576576602,8.278120092664107,307898.0,39728.0,307372.0,GOV -> COP,0.002339618691932336
2024-08-05,GOV,COP,3063,986,8.778974861247143,1906.350963108064,1933.4273587985635,1923.6803787136794,0.8292523669604962,0.564152791380999,4382.427685275873,0.5348024812275549,-4.668667257927638,58.84100555011427,40.74875578624867,-14.046790968649805,40.84369899073744,-14.208025482721768,40.67964790951195,-14.208723399715,683473.0,99140.0,682595.0,GOV -> COP,0.004088601039035928
2024-08-12,GOV,COP,1947,671,9.717000513610683,2190.9774011299437,2234.2187981510015,2218.2018489984594,0.7057010785824345,0.4278376990241397,3809.041088854648,-2.3807395993836664,-5.738597934555024,45.91165896250642,24.3656663695031,-38.55289925242709,17.592516030268396,-39.19707581267846,17.74658411993144,-38.81001363849228,384308.0,126913.0,383922.0,GOV -> COP,0.0025269568016280507
2024-08-19,GOV,COP,1993,705,10.526342197691921,2083.647767185148,2130.466633216257,2094.844455594581,0.81685900652283,0.5459106874059207,4081.7676869041647,1.4786753637732055,-5.161384320191331,56.96939287506272,39.14667806154827,5.232330703680208,38.6953760945431,5.553886085659897,39.14395545368027,5.321618039974625,509327.0,91083.0,487828.0,GOV -> COP,0.0023792213869678835
2024-08-26,GOV,COP,2231,771,6.912595248767369,1500.893321380547,1547.069923800986,1543.6692066337964,0.707306140744061,0.7077543702375616,3939.144329896907,-2.4381891528462543,-5.321688429621322,52.30838189152846,30.077932599609408,-13.955014974609336,29.305582551269538,-14.01926246435548,29.43228008447266,-16.197283119140632,582172.0,132626.0,581402.0,GOV -> COP,0.0030384994633936404
2024-09-02,GOV,COP,1202,714,8.252911813643927,1856.5108153078204,1896.5607321131447,1890.7004991680533,0.7878535773710482,0.6023294509151415,3806.465058236273,-0.5097337770382695,-5.160407586169242,58.643926788685526,26.22903303530633,-10.506038785046732,26.281522765316712,-8.951842358255453,26.28040072274143,-9.608998444444447,47157.0,7266.0,47066.0,GOV -> COP,0.0016577481105533184
2024-09-09,GOV,COP,1745,793,7.312320916905444,1633.927793696275,1673.2177650429799,1673.268194842407,0.8177650429799427,0.6779369627507164,3781.272206303725,0.0015472779369620927,-4.184081234165276,59.61031518624642,30.881548871217444,0.5803949310344756,31.432556979591826,0.7472793068261729,31.247746790992256,0.9584769225897225,258346.0,47686.0,257889.0,GOV -> COP,0.0022593676360152266
2024-09-16,GOV,COP,1605,721,9.319003115264797,2151.968847352025,2180.5607476635514,2168.3806853582555,0.7601246105919003,0.5595015576323987,3997.856697819315,0.027102803738317634,-4.782600132577328,58.57943925233645,30.217103682222223,-4.5195042808573485,30.134847082222223,-3.4051424597191424,30.203924297037037,-3.9029184804138977,154743.0,31815.0,154281.0,GOV -> COP,0.002185579532626413
2024-09-23,GOV,COP,2034,695,13.073746312684365,3032.4700098328417,3082.0894788593905,3051.041789577188,0.7787610619469026,0.6637168141592921,4878.849065880039,-0.5847590953785651,-4.022305970249674,54.29203539823009,34.11528693571431,-24.79112744583323,34.28925330178575,-24.968833341666574,34.17933546428574,-24.69613273511895,581768.0,136406.0,578568.0,GOV -> COP,0.002343852629977806
2024-09-30,GOV,COP,1410,663,7.804964539007092,1912.9524822695034,1968.8290780141845,1955.6219858156028,0.8049645390070922,0.43829787234042555,4022.70780141844,1.2832624113475177,-4.263244739643787,67.01418439716312,34.32114435936189,-19.060910499580185,34.349360287993285,-19.478507186397984,34.39167135684299,-18.517133285474397,246977.0,28449.0,246869.0,GOV -> COP,0.0016140313122074569
2024-10-07,GOV,COP,1734,582,6.054209919261822,1317.7993079584776,1362.9440599769318,1349.457324106113,0.8125720876585929,0.7295271049596309,3096.337946943483,-0.8476355247981551,-4.185683203839888,53.51787773933103,1.9651279445495586,74.47817282167605,-0.6456175015752096,79.18764770006295,-1.1772307195966294,80.24461993320718,614539.0,58285.0,613350.0,GOV -> COP,0.0023074834856574066
2024-10-14,GOV,COP,1132,693,7.395759717314488,1668.172261484099,1723.1272084805653,1717.2765017667843,0.8127208480565371,0.6554770318021201,3873.4955830388694,0.10106007067137802,-3.6881653978299873,56.59893992932862,27.93825513157895,22.538014104251022,30.273407872469644,13.682896899797578,28.17311940283401,24.463601539473693,40989.0,5895.0,39587.0,GOV -> COP,0.0014627326222971106
2024-10-21,GOV,COP,1618,713,6.600123609394314,1474.1761433868974,1522.451174289246,1508.5321384425217,0.776885043263288,0.7138442521631644,3816.560568603214,-0.7975278121137206,-3.5966976889199476,54.93201483312732,18.569508800283284,17.942303546742256,18.78369845750708,17.594067038951888,18.74747117563739,18.504650366855568,196546.0,41495.0,196342.0,GOV -> COP,0.0019769607100441336
2024-10-28,GOV,COP,1207,605,6.487986743993372,1652.8293289146645,1664.8632974316488,1669.5965202982602,0.8227009113504556,0.7108533554266777,3624.0157415078706,1.2178127589063785,-3.5801516885921196,68.07787903893951,23.039002061185474,6.670418109837637,23.379788928160927,7.8654442712511985,23.82243176959848,7.787927586437449,181636.0,20703.0,181487.0,GOV -> COP,0.001705594831496557
2024-11-04,GOV,COP,1131,568,6.8364279398762156,1592.8603006189212,1618.6445623342174,1618.3324491600354,0.8390804597701149,0.713527851458886,3969.137931034483,-0.24491600353669243,-4.1854003331294996,58.85057471264368,36.17357338898128,-11.944093176763484,36.164094220249204,-11.774519305705391,33.37754979636173,-10.439680467531119,105046.0,17041.0,104986.0,GOV -> COP,0.0014752090531662213
2024-11-11,GOV,COP,1254,630,6.718500797448166,1601.7049441786285,1638.6977671451355,1637.6642743221691,0.9003189792663477,0.7248803827751196,3360.5342902711322,-0.8897926634768739,-3.982159346029373,66.75438596491227,28.565095027571573,-25.000042910922584,28.806726018027575,-25.50913826617179,28.757019733828205,-25.4152663223754,301641.0,36599.0,301504.0,GOV -> COP,0.0016577280664994837
2024-11-18,GOV,COP,1305,719,9.104980842911877,2335.1103448275862,2378.816091954023,2363.128735632184,0.8344827586206897,0.5593869731800766,4048.986973180077,-0.2946360153256702,-3.779071937921732,66.52107279693486,25.68889100543478,17.103988408968593,25.326866140807176,17.79121404125559,25.55130373721973,18.381895258295952,119560.0,12894.0,119334.0,GOV -> COP,0.0017526447476393016
2024-11-25,GOV,COP,1959,759,8.543134252169475,2068.2965798876976,2109.8009188361407,2102.63910158244,0.886676875957121,0.5395610005104645,3669.8836140888207,0.039765186319550075,-4.574333244196679,61.01582440020419,27.920470581666635,23.610243622787607,27.92352718409341,23.99047739491151,27.863263727474948,23.78326615597345,466265.0,46874.0,466214.0,GOV -> COP,0.0027865692766157195
2024-12-02,GOV,COP,2187,803,11.59304983996342,2492.87837219936,2546.8271604938273,2527.2501143118425,0.8920896204846822,0.46364883401920437,3946.5258344764516,1.0240054869684498,-3.7212974533251266,66.08139003200732,18.906939496461625,3.5596942689031366,19.07665114021739,2.4934767289670328,19.166094798045602,2.8741493471778936,779040.0,94351.0,778471.0,GOV -> COP,0.0026910265891145696
2024-12-09,GOV,COP,1824,736,10.712719298245615,2281.191337719298,2336.2565789473683,2300.9281798245615,0.8305921052631579,0.39144736842105265,3977.4172149122805,0.13645833333333346,-3.7268275243068265,60.0,30.82200444157441,-28.750491965137634,30.73336336793611,-28.45782619510705,30.777919852579842,-28.798518229969446,239276.0,44522.0,239067.0,GOV -> COP,0.0022735403036123615
2024-12-16,GOV,COP,1354,687,6.938700147710487,1530.1861152141803,1569.202363367799,1550.2038404726736,0.8389955686853766,0.6462333825701625,3649.466026587888,-0.9844903988183162,-4.643940098052743,52.134416543574595,27.771034284691144,-15.521682382273944,27.30587913595708,-14.80704296064402,27.47081696779965,-14.800569858676212,52500.0,14669.0,52125.0,GOV -> COP,0.0018516467211220377
2024-12-23,GOV,COP,1008,591,9.418650793650794,2354.46626984127,2389.1121031746034,2394.7261904761904,0.7123015873015873,0.5396825396825397,3994.249007936508,-0.8302579365079364,-4.285581155088985,54.43452380952381,24.378582526077093,26.352389335220835,24.169337039682542,27.373229609286515,24.275053909297053,26.84568176670441,24501.0,3181.0,24428.0,GOV -> COP,0.002133798478821838
2024-12-30,GOV,COP,2395,609,6.8388308977035495,1322.5528183716076,1349.4592901878914,1354.7661795407098,0.794572025052192,0.732776617954071,3247.802087682672,-4.81678496868476,-4.279090525054849,54.292275574112736,25.269120642923685,-37.561689457634714,25.24266897019099,-34.63788079273374,25.25045918054922,-36.17721963331729,1398209.0,241318.0,1248417.0,GOV -> COP,0.004838823731450334
2025-01-06,GOV,COP,1475,701,9.159322033898306,2231.4813559322033,2262.7437288135593,2271.5837288135594,0.8603389830508474,0.5166101694915254,4577.854915254237,-0.4664406779661022,-2.9003807808486717,68.25762711864407,32.42208488364777,-33.46186869889938,32.24749763915091,-33.03984472327046,32.34382228144652,-33.167122836478,491351.0,50426.0,490905.0,GOV -> COP,0.0020599609235887172
2025-01-13,GOV,COP,1506,698,7.648074369189907,1832.69588313413,1860.6978751660026,1863.9933598937582,0.8393094289508632,0.6075697211155379,3284.480743691899,-1.1577689243027889,-4.388668527931165,62.92828685258964,16.26088562166532,22.109031865539446,17.07603417366721,21.786901398550704,18.29371529886915,18.612273165861524,151540.0,18576.0,151279.0,GOV -> COP,0.0019018249184526268
2025-01-20,GOV,COP,1985,918,8.283627204030227,1890.2564231738036,1914.6256926952142,1920.0498740554156,0.8246851385390428,0.6397984886649875,4129.193450881612,-1.0611083123425697,-3.596073718236192,59.440806045340054,32.087695572727256,-14.219753422159092,32.449845161931805,-12.775858077272728,32.12544853238635,-14.038965923863636,171552.0,27123.0,169959.0,GOV -> COP,0.002196656655371683
2025-01-27,GOV,COP,1538,703,7.378413524057217,1797.6840052015605,1850.092977893368,1839.3699609882965,0.8667100130039012,0.6345903771131339,3938.2106631989595,-0.08537061118335557,-4.028963242230246,69.2262678803641,35.67701110590015,-13.217038186838117,35.22227434795765,-13.411816190620266,35.70339487518911,-13.571922894856272,310541.0,33873.0,309049.0,GOV -> COP,0.001881955618640905
2025-02-03,GOV,COP,1519,718,6.505595786701777,1392.258064516129,1414.6695194206716,1420.835418038183,0.8485845951283739,0.7221856484529295,3191.673469387755,-0.4601711652402899,-5.133940891847334,62.06714944042133,34.05416783507643,-8.43111266157555,34.15887378985507,-6.522997383440512,34.03583415539452,-8.261210756430861,352591.0,42012.0,350394.0,GOV -> COP,0.0017597414257496857
2025-02-10,GOV,COP,1445,655,8.798615916955017,2337.485813148789,2378.5750865051905,2367.715570934256,0.7508650519031141,0.4740484429065744,4473.753633217993,0.5462283737024218,-3.2907636622905114,55.06574394463668,23.515822526729547,-1.6033945377357641,24.444796895440227,1.5814193364780593,24.130655809748404,1.251884356132147,170033.0,28884.0,148960.0,GOV -> COP,0.001648828133914512
2025-02-17,GOV,COP,1105,693,8.349321266968326,2147.0117647058823,2185.650678733032,2176.4090497737557,0.8425339366515837,0.6226244343891403,4087.8760180995473,-0.057828054298642115,-3.842357072364372,59.49321266968326,29.879205576673865,-3.1059609902807725,30.229064968682508,-1.1230521814254821,30.159313785097186,-3.870177904967596,32316.0,6122.0,32103.0,GOV -> COP,0.001191251363740249
2025-02-24,GOV,COP,1712,724,7.094626168224299,1642.96261682243,1670.3598130841121,1683.7505841121495,0.7628504672897196,0.6501168224299065,3806.2482476635514,-0.3672897196261685,-3.8867480722907835,58.095794392523366,35.79118897674418,-27.71507004377562,35.832162051525415,-25.68526869423726,35.79119954477611,-24.788973415196715,262652.0,39288.0,260947.0,GOV -> COP,0.0018388355187406555
2025-03-03,GOV,COP,1673,703,11.216975493126121,2326.2815301852957,2371.520023909145,2355.777644949193,0.7674835624626419,0.4309623430962343,3838.525403466826,-1.6905558876270175,-5.323890423509555,64.87148834429169,29.29835936624414,7.329573657771891,29.71759296999996,6.418855126000034,29.70669856999997,6.419110903333374,502172.0,56181.0,500493.0,GOV -> COP,0.0018727073886309982
2025-03-10,GOV,COP,1881,773,8.452418926103137,2061.877192982456,2113.757575757576,2092.695374800638,0.784688995215311,0.6709197235513025,4207.9420520999465,0.442583732057415,-4.484490797798128,55.03455608718767,25.492249446280983,27.21316328189302,25.60331262186628,26.931034432338674,25.08483557421602,27.683519578764763,278412.0,46097.0,276944.0,GOV -> COP,0.002118426935668971
2025-03-17,GOV,COP,1279,752,8.60906958561376,2003.9765441751367,2040.1720093823299,2026.2314308053167,0.7458952306489445,0.5942142298670836,4076.608287724785,-0.5960125097732604,-4.15980871553799,54.26114151681001,28.799520640182642,-15.897361662100453,28.145092830136985,-16.27160615616438,28.182729419178074,-16.246973820091327,37865.0,6941.0,37203.0,GOV -> COP,0.0014258417371412263
2025-03-24,GOV,COP,1502,727,8.071238348868176,1859.9873501997338,1902.8442077230359,1883.081225033289,0.8668442077230359,0.6551264980026631,3772.280292942743,-0.1728362183754994,-3.995079886120653,62.709720372836216,30.75499890594854,-25.244089869774957,30.91458237299034,-24.72264811334409,30.888996673633425,-25.226003131832833,200931.0,25149.0,200797.0,GOV -> COP,0.0018625137487491273
2025-03-31,GOV,COP,1596,681,7.738721804511278,1788.451127819549,1820.0081453634086,1832.686090225564,0.8602756892230576,0.5513784461152882,3508.5845864661655,-0.3109649122807014,-4.552602063606751,59.899749373433586,32.834751987004076,-32.80550360533518,32.44832693086923,-33.40875427378511,33.010019388356135,-33.29738312945208,224024.0,36925.0,223416.0,GOV -> COP,0.0022099753524052177
2025-04-07,GOV,COP,1337,727,7.913986537023186,1843.686611817502,1885.9700822737473,1883.2528047868361,0.8167539267015707,0.6140613313388182,3580.4816753926702,0.6755422587883323,-3.3713127730450116,54.719521316379954,31.730084119047607,-14.761714871794865,31.58133908043875,-12.891491785191954,31.610532705397976,-11.897074527904845,95111.0,16561.0,94769.0,GOV -> COP,0.0017264734101142675
2025-04-14,GOV,COP,1797,735,8.369504730105731,1931.2476349471342,1989.8269337785198,1973.7473567056204,0.7206455203116305,0.5904284919309961,4348.884808013356,0.5618809126321648,-4.7545851488534945,51.22982749026155,33.278817643769,-41.41803820364742,32.325848785410344,-38.79590169422494,32.441593000000005,-39.4206332419453,169762.0,37837.0,158758.0,GOV -> COP,0.0021614456787925735
2025-04-21,GOV,COP,1513,713,10.413747521480502,2180.4976867151354,2226.331130204891,2211.1050892267017,0.6107072042300066,0.5915399867812293,4048.7191011235955,0.7624586913417054,-5.316814423108823,51.024454725710505,31.621301945548183,28.965903499999996,32.18196121927887,28.566737308823523,31.577893063328407,30.330948730147032,227344.0,33591.0,227305.0,GOV -> COP,0.001617834027123581
2025-04-28,GOV,COP,1598,772,8.772841051314142,2254.9780976220277,2306.9605757196496,2289.4142678347935,0.8322903629536921,0.5106382978723404,4070.2565707133917,-0.05713391739674578,-3.696183713630975,56.24530663329161,32.36675957961783,-31.68118959547383,32.98578154140126,-34.58930523833097,32.93011692847025,-35.06428034512022,115400.0,24754.0,115355.0,GOV -> COP,0.0020623745700697567
2025-05-05,GOV,COP,1663,743,7.1677690920024055,1488.683704149128,1537.598316295851,1522.7065544197235,0.778111846061335,0.6494287432351172,3750.8604930847864,0.1631389055923031,-4.693509749602525,49.2904389657246,31.279477351206435,-28.376205309651457,31.19244819101877,-24.01939397989276,31.07629519973189,-23.056275570375334,109099.0,16524.0,108985.0,GOV -> COP,0.002009417558902034
2025-05-12,GOV,COP,1101,647,7.248864668483197,1701.1961852861036,1635.5567665758401,1734.1934604904632,0.8247048138056312,0.695731153496821,3557.014532243415,-0.058401453224341544,-4.172593450883202,60.13623978201635,31.17922741463415,-7.578924461538462,31.260899947368422,-6.716389732051283,31.17716505006418,-7.262147211538461,82567.0,13187.0,82537.0,GOV -> COP,0.001365755873308466
2025-05-19,GOV,COP,1488,718,6.487231182795699,1483.252688172043,1489.2721774193549,1522.4227150537633,0.7291666666666666,0.6700268817204301,3750.192876344086,-0.11223118279569812,-4.096636749209447,54.670698924731184,34.3335512737003,-24.874028769877693,33.99911034480122,-24.940130209480134,34.15291853287461,-24.67023666743121,81622.0,17469.0,81388.0,GOV -> COP,0.0019214230927164118
