week,a1c,a2c,mentions,events,avg_sentenceid,avg_a1co,avg_a2co,avg_actco,avg_raw_text,avg_root_event,avg_len,avg_goldstein,avg_tone,avg_confidence,avg_lat1,avg_lon1,avg_lat2,avg_lon2,avg_lata,avg_lona,total_num_mentions,total_num_sources,total_num_articles,pair,Relative_mentions
2016-01-11,LEG,GOV,4983,1994,6.998595223760787,1693.3098535019064,1731.6771021473007,1724.837246638571,0.8153722657033915,0.7031908488862131,3741.6666666666665,0.780313064419024,-2.1466064383799295,64.20028095524785,26.847822962678848,1.3489248285299753,26.563023474087924,1.5790777338308506,26.677790053689915,1.7973132313432905,897279.0,115519.0,895164.0,LEG -> GOV,0.0032516155302325855
2016-01-18,LEG,GOV,6430,2118,9.945101088646968,2489.963763608087,2515.971695178849,2512.9664074650077,0.7311041990668741,0.5475894245723173,4447.634681181959,1.3295334370139968,-2.6096429939536603,61.01088646967341,29.751531984397545,6.380133674440955,30.127334208943196,8.111005949332425,29.654618715940128,6.763059235804979,1888439.0,237736.0,1884459.0,LEG -> GOV,0.004282287314173372
2016-01-25,LEG,GOV,4654,1863,7.361624409110442,1822.6630855178341,1847.3339063171466,1852.890846583584,0.7688010313708638,0.6437473141383756,3903.7649333906315,0.6737859905457673,-2.0072375708959345,63.420713364847444,22.840539951357467,9.92906238438913,21.327106238978068,12.44431016934205,23.30506893600181,9.416064654455003,579331.0,91296.0,569915.0,LEG -> GOV,0.003252730294562894
2016-02-01,LEG,GOV,4593,2086,8.247332897888091,2185.983888526018,2223.3069888961463,2216.8695841497934,0.8408447637709558,0.6684084476377096,4354.445895928587,1.1867842368822115,-1.710071864556403,67.58110167646419,20.02892243855589,13.720224594306881,20.137094775977786,13.218104850497575,19.87836303101134,13.948708211525116,453784.0,54043.0,444633.0,LEG -> GOV,0.00313125074139673
2016-02-08,LEG,GOV,4742,2095,7.236398144242935,1971.2083509067904,2008.5626318009279,2001.814424293547,0.8245466048080978,0.6710248840151835,3934.351750316322,1.1798397300716985,-1.4259346823675967,63.66090257275411,22.43866667930804,7.147262558438689,22.14054060257262,9.024390878021745,22.202941862275438,8.354416882679095,555502.0,74191.0,552922.0,LEG -> GOV,0.0029616379819141477
2016-02-15,LEG,GOV,5651,2318,8.139975225623784,2068.5680410546806,2111.2734029375333,2096.0897186338702,0.8055211466996992,0.631038754202796,4219.993275526455,0.2179614227570342,-1.5799221324191561,62.28809060343302,27.035652550786306,-5.065072454949119,27.609732583194514,-6.3613038473070525,27.0234529158031,-5.703885243153219,701665.0,94716.0,692062.0,LEG -> GOV,0.0034291796426516885
2016-02-22,LEG,GOV,6333,2467,6.409126796147166,1629.7615663982315,1663.811937470393,1656.8016737723037,0.8525185536080846,0.7651981683246487,4232.60318964156,0.6036949313121733,-1.9588173207963118,66.90825832938576,26.3551431010101,-2.6276532579124585,26.49548985411765,-2.37472023394958,26.485836165042016,-2.638333808739499,875333.0,119647.0,869677.0,LEG -> GOV,0.003982355142067517
2016-02-29,LEG,GOV,5575,2258,7.742780269058296,2024.9112107623318,2053.801793721973,2036.9544394618833,0.7273542600896861,0.6005381165919282,4157.726098654709,0.8391748878923799,-1.751131831279795,58.60448430493273,28.930197626839988,-10.752291215255152,28.921902345440675,-11.061620850888891,29.16245787019696,-10.562632674440783,805181.0,133055.0,799520.0,LEG -> GOV,0.003624908158156531
2016-03-07,LEG,GOV,4344,2141,7.811233885819521,2064.49332412523,2101.158379373849,2097.6491712707184,0.8098526703499079,0.632366482504604,4157.468692449355,0.9098987108655614,-1.961247808791084,62.978821362799266,22.6641906137931,2.7589871465517257,22.48584156146834,3.4600094597191435,22.400719325615764,3.204456462315276,424534.0,52596.0,420921.0,LEG -> GOV,0.0028201053254806644
2016-03-14,LEG,GOV,7312,2399,13.098605032822757,3076.1503008752734,3087.6539934354487,3078.78897702407,0.7159463894967177,0.599699124726477,5758.976750547046,1.0833014223194752,-1.5776369836550912,52.77215536105033,33.61672166661922,2.8327632286120488,32.10117957254737,2.5583547556599195,31.77957252854907,1.8787530029901045,1343431.0,213899.0,1338608.0,LEG -> GOV,0.005097985626357813
2016-03-21,LEG,GOV,4998,1947,9.06422569027611,2390.514805922369,2415.874949979992,2414.5678271308525,0.8201280512204882,0.5766306522609044,4427.8269307723085,1.0223889555822305,-1.7190329737421066,63.579431772709086,21.54311155071192,3.9385669901423848,21.633819228696588,3.714520364293529,21.53260733253011,3.9061216254107256,713972.0,103824.0,706209.0,LEG -> GOV,0.0035082867304915603
2016-03-28,LEG,GOV,6894,2237,8.657238178125906,2128.51029881056,2166.2449956483897,2152.4463301421524,0.8418914998549464,0.6861038584276182,3841.120684653322,1.0278648099796932,-2.068293439695685,69.51407020597621,11.454402335430402,35.789567013042806,11.089295715666701,37.880556859291055,11.451002875402782,37.090864907472735,3481272.0,353809.0,3201143.0,LEG -> GOV,0.004789365857115168
2016-04-04,LEG,GOV,5629,2235,8.09628708473974,2202.4048676496714,2231.911707230414,2229.5093267010125,0.8097352993426896,0.7416947948125777,4224.327056315509,1.3413927873512175,-2.5595361505988676,65.75235388168413,27.392290097094683,-11.570618623242718,27.588060438800404,-11.330364183505134,27.798551376007524,-11.176041738706632,1272960.0,145042.0,1250876.0,LEG -> GOV,0.0037607723847465904
2016-04-11,LEG,GOV,5010,2214,7.63812375249501,1910.3830339321357,1949.772255489022,1931.9938123752495,0.8193612774451098,0.6516966067864272,4149.474451097804,1.011996007984032,-2.221568228574931,63.92215568862275,27.44019078433426,-3.8755912461150643,27.449936917647,-3.7757771329831784,27.288657304703825,-5.032464815833666,976776.0,111588.0,972977.0,LEG -> GOV,0.003536607059660655
2016-04-18,LEG,GOV,4872,1808,7.96243842364532,2066.5786124794745,2103.4893267651887,2079.547003284072,0.8076765188834154,0.7013546798029556,4891.861247947455,0.43983990147783225,-1.7713941040236976,62.01354679802956,27.85762933091838,-15.433359968676747,28.169152191267283,-17.636424693503706,28.084065463783524,-17.113105800170406,986591.0,125254.0,976153.0,LEG -> GOV,0.0038620842730252595
2016-04-25,LEG,GOV,5002,2211,7.53078768492603,2009.5281887245103,2054.6763294682128,2052.935825669732,0.7141143542582967,0.6895241903238705,3831.18512594962,1.4100159936025585,-1.6483132128086684,58.540583766493405,31.52981441702738,-8.080269410636989,31.251084587216464,-6.829093480412356,31.300513776907188,-6.848738034845358,556613.0,86766.0,546269.0,LEG -> GOV,0.003417868990799359
2016-05-02,LEG,GOV,4934,2169,6.63295500608026,1667.784353465748,1703.4175111471422,1692.8331982164573,0.8496149169031212,0.720308066477503,3880.1489663558978,1.169010944466962,-2.0051680439699693,66.90312119983786,26.41974395467118,5.72982606065119,26.41904437901679,5.7748618459246535,26.47743605596933,5.732252190466045,826477.0,86599.0,824639.0,LEG -> GOV,0.003301144829533404
2016-05-09,LEG,GOV,5241,2255,7.843732112192329,2034.3386758252243,2068.5588628124406,2058.415760351078,0.8009921770654456,0.656172486166762,4478.336195382561,0.5000954016409078,-1.83366831429429,62.732302995611526,26.77665514463232,-2.568364433896933,26.93659751853362,-2.619013212219965,26.747668290427708,-2.3526745470468495,502371.0,74130.0,499375.0,LEG -> GOV,0.0035020523857857166
2016-05-16,LEG,GOV,4035,2004,8.171995043370508,2133.3368029739777,2167.458983890954,2166.1682775712516,0.7732342007434945,0.7080545229244114,4687.115737298637,1.0598760842627004,-1.7574540331602682,61.65551425030979,24.15295135157067,-2.762228685340306,24.067113790661065,-3.9850642114375585,24.48483794581151,-5.204171011518313,372194.0,40849.0,368341.0,LEG -> GOV,0.0031106129333658143
2016-05-23,LEG,GOV,4263,1935,8.526155289702087,2248.5721323011962,2290.757447806709,2277.732817264837,0.7719915552427867,0.5899601219798264,4471.854093361482,0.9967863007271867,-1.808716211140769,60.75299085151302,25.87295628081676,-5.342027914839992,25.470356761616152,-6.790449618314829,25.823692165866,-4.552676757644667,349039.0,50730.0,340737.0,LEG -> GOV,0.0025978837881204253
2016-05-30,LEG,GOV,3534,1645,6.589700056593095,1753.2676853423882,1799.383701188455,1792.2733446519524,0.7524052065647991,0.6689303904923599,3950.350311262026,1.8997453310696104,-0.9968560702099581,57.29202037351443,30.626358673925825,-15.392350115869753,30.77813346011185,-16.775953817194843,30.686316316656843,-16.766462732766215,319809.0,55282.0,318680.0,LEG -> GOV,0.0029167368202121444
2016-06-06,LEG,GOV,4071,1888,7.8919184475558835,1985.737902235323,2016.7479734708916,2016.1552444116924,0.7786784573814788,0.6556128715303365,4090.549005158438,1.6690493736182737,-1.6548738652591592,62.986981085728324,28.506709183076897,-4.582296635478084,28.73439433914378,-4.524613913099204,28.449192355037138,-5.688950050756213,575293.0,55645.0,573922.0,LEG -> GOV,0.0028905427915358432
2016-06-13,LEG,GOV,4016,1949,7.289342629482071,1831.331673306773,1840.6035856573706,1859.5448207171314,0.8025398406374502,0.6889940239043825,3899.9482071713146,0.7614292828685255,-2.472180879183688,60.059760956175296,28.928515786074936,-0.9584932009011363,28.63309807332624,1.2426542366047804,28.433567724687748,-0.2330935869565185,285546.0,37453.0,282868.0,LEG -> GOV,0.002420998058861118
2016-06-20,LEG,GOV,4062,1959,7.506646971935007,2026.3077301821763,2063.6216149679963,2052.911373707533,0.8023141309699655,0.6440177252584933,4578.33234859675,0.7799852289512553,-1.901795151633592,61.16937469226982,29.21338034202898,-9.395260238208161,29.126676881686432,-8.969693346772067,29.238388909617914,-9.112027471673253,366988.0,52080.0,365817.0,LEG -> GOV,0.002727371611432132
2016-06-27,LEG,GOV,5451,1873,7.962575674188223,1857.4478077416989,1911.7822417904972,1905.5098147128967,0.692716932672904,0.5437534397358282,4311.254999082737,2.054797284901855,-2.3093965578129017,56.809759677123466,26.19244998460054,-33.62241133929954,28.369214477272692,-37.08560794110861,28.78407853235743,-36.90432718706703,984609.0,166607.0,923161.0,LEG -> GOV,0.0033471739683077705
2016-07-04,LEG,GOV,4228,1560,15.667928098391675,3984.5946073793757,4029.120624408704,3998.484389782403,0.7854777672658467,0.630085146641438,6308.228240302744,1.7008751182592277,-1.654191802140267,65.15137180700094,29.1550988580965,-16.582633805088868,29.719030136217665,-16.930684279397177,29.101360512116816,-16.96863168527662,2424470.0,150978.0,2423728.0,LEG -> GOV,0.0023297602628198806
2016-07-11,LEG,GOV,5342,2065,10.047547734930738,2562.7360539123924,2602.094721078248,2607.1476974915763,0.6769000374391614,0.6336578060651441,5217.178210408087,0.7620179707974516,-1.4216173193912447,60.471733433171096,29.085842240634275,16.2950312831123,28.752434167128705,18.224897176994663,28.077185581220277,19.785782445852373,2096583.0,92306.0,2095380.0,LEG -> GOV,0.002596600892915732
2016-07-18,LEG,GOV,5485,2170,7.103919781221514,1881.3387420237011,1892.8333637192343,1915.5223336371923,0.6714676390154968,0.7216043755697357,4566.138559708295,-0.1815861440291704,-1.630680277740385,51.257976298997264,27.400486963622434,9.768774456650712,25.272765316101818,13.77141407272729,27.524125308443406,9.749660339330148,432454.0,94556.0,431500.0,LEG -> GOV,0.0029523421465815
2016-07-25,LEG,GOV,4834,1823,9.555854364915184,2677.849193214729,2712.6576334298716,2695.7800992966486,0.7513446421183285,0.5492345883326438,4935.403806371535,1.5378775341332234,-1.5510741443749039,54.37939594538685,28.19131191888962,1.1530571697744663,26.311759989156382,5.711303065047692,26.332812248752994,4.3448375069384,1378979.0,213237.0,1371823.0,LEG -> GOV,0.0028391370996634618
2016-08-01,LEG,GOV,4592,1817,11.025696864111499,2995.826655052265,3000.2020905923346,3018.264155052265,0.6977351916376306,0.5585801393728222,4905.4390243902435,1.6385017421602803,-1.6227012200495003,57.24303135888502,28.138024777171406,-2.513561904296416,27.970424641638296,-4.795738565286614,27.843561796271047,-3.6899187297112723,837340.0,96329.0,834705.0,LEG -> GOV,0.0031448608371685296
2016-08-08,LEG,GOV,2665,1378,8.11482176360225,2153.3279549718573,2190.7534709193246,2179.3208255159475,0.7482176360225141,0.6221388367729831,4323.669793621013,1.215046904315197,-1.9668778140307364,56.20637898686679,26.37657324850894,5.608571619293375,26.188929765314235,5.441512849483718,26.333890604133536,5.333282025406906,145219.0,24465.0,143893.0,LEG -> GOV,0.0017972451233287813
2016-08-15,LEG,GOV,3292,1579,6.582320777642771,1794.054070473876,1834.1406439854193,1829.2490886998785,0.7791616038882139,0.7308626974483596,3712.882746051033,0.8389125151883353,-1.8440827828643662,59.33778857837181,25.493618711575564,11.35670943876567,25.63803671125402,11.46976447026679,25.71860559871383,11.572468935069109,341547.0,24262.0,340925.0,LEG -> GOV,0.002060383248808802
2016-08-22,LEG,GOV,8017,1770,11.167893226892852,3539.3213172009478,3586.8803791942123,3570.4012722963703,0.736060870649869,0.48322315080454037,7463.770612448547,0.7062492204066354,-1.9940143765419736,61.73506299114382,30.75424731965678,-22.570987701662645,31.280680443133058,-21.88583287556985,30.879828769643368,-21.51360255524269,2197130.0,61762.0,2188369.0,LEG -> GOV,0.004313329463155386
2016-08-29,LEG,GOV,5419,1928,9.095405056283447,2625.588669496217,2666.3603985975274,2654.0442886141354,0.8031002029894815,0.5750138401919174,5054.389186196715,0.7408377929507279,-2.3881226595035665,65.00645875622808,25.444360464029504,-7.634738011634679,25.275830286988594,-7.911353918363409,24.983625104324258,-9.117590365716516,891958.0,83176.0,877929.0,LEG -> GOV,0.003455313971927726
2016-09-05,LEG,GOV,3992,1727,8.62875751503006,2245.8409318637273,2274.7432364729457,2270.4636773547095,0.8201402805611222,0.5889278557114228,4470.558617234469,1.531012024048095,-2.01801668255615,57.965931863727455,29.822160563011877,6.442985089540426,30.25202964359312,5.379753568938192,30.367755503566702,6.134757692815636,410649.0,69108.0,409199.0,LEG -> GOV,0.002584198455048088
2016-09-12,LEG,GOV,4858,1788,8.90037052284891,2414.0306710580485,2459.436187731577,2447.736311239193,0.7838616714697406,0.5835734870317003,6391.284273363524,0.8108069164265118,-2.1407168539353902,61.55413750514615,29.417310401586597,-16.24827473146165,29.421230067023522,-15.743467930864732,29.36409602592669,-15.60839159156137,1027632.0,134910.0,972066.0,LEG -> GOV,0.003378714377618973
2016-09-19,LEG,GOV,5155,2048,8.096799224054315,2012.2213385063046,2021.6836081474296,2037.7396702230844,0.8069835111542192,0.6302618816682832,4426.101260911736,0.8574199806013576,-2.6145319684078605,61.70126091173618,30.308186850221162,4.610993796139925,30.804935398398413,5.551910701701699,30.53611390363382,1.6452509873519452,1359703.0,156161.0,1359031.0,LEG -> GOV,0.0028391082060966752
2016-09-26,LEG,GOV,5712,2175,7.9585084033613445,1964.017331932773,2002.4443277310925,1995.9931722689075,0.7881652661064426,0.6663165266106442,4405.765231092437,0.9251750700280124,-2.5703785796529273,63.81652661064426,28.463273858852126,-21.843378469620507,28.57976017965976,-22.91323049654142,28.5974440433807,-23.06373825387924,988114.0,118955.0,982420.0,LEG -> GOV,0.0034536717028681436
2016-10-03,LEG,GOV,3697,1833,7.256965106843387,1893.6651338923452,1941.8371652691371,1925.3408168785502,0.7857722477684609,0.647822558831485,3955.5799296727077,1.4359480659994588,-2.100130888808295,60.48147146334866,25.975647499717986,12.922766021702367,25.622004244713835,14.166608773111617,25.49963541173153,14.768145200112752,188608.0,27142.0,185002.0,LEG -> GOV,0.0023353018426586435
2016-10-10,LEG,GOV,4742,1928,10.498312948123155,2629.189371573176,2665.2912273302404,2656.0799240826655,0.7477857444116407,0.5999578237030788,5772.512020244622,1.2188106284268243,-1.5615645394408066,56.086039645719104,20.241332780477123,23.870119104814034,20.627853138542356,24.083054388621473,20.573489506894294,24.17686754332607,650116.0,103586.0,649089.0,LEG -> GOV,0.0030771486992200708
2016-10-17,LEG,GOV,4597,1838,7.009136393299978,1871.8009571459647,1909.7742005655862,1896.9562758320644,0.7663693713291277,0.6595605829889059,4213.266043071569,0.9108549053730691,-1.8926292328711622,62.784424624755275,22.48167209941121,6.642731960597818,22.459292735114317,5.920792099841515,22.59336909216483,6.272469026268106,943871.0,111768.0,896279.0,LEG -> GOV,0.002896583707299492
2016-10-24,LEG,GOV,4394,1871,10.016385980883022,2524.2637687756032,2565.370277651343,2552.550523441056,0.7860719162494311,0.5789713245334547,4960.1240327719615,1.5416021847974501,-2.243284394150166,59.310423304506145,27.508346063124574,2.0931400029232656,27.717165800683112,0.9772154623262586,27.47359226590302,1.4143368246041392,816808.0,116212.0,814959.0,LEG -> GOV,0.002834533311572237
2016-10-31,LEG,GOV,5330,2251,8.190619136960601,2248.3403377110694,2274.5776735459663,2274.0200750469044,0.7617260787992496,0.6469043151969981,4395.151407129456,0.8555534709193233,-1.5079115162571093,60.99437148217636,24.125140599175975,14.327619692562324,24.27631172434765,13.245921684190048,24.279379700608192,13.721728785241451,792778.0,91491.0,789293.0,LEG -> GOV,0.0034247213478366748
2016-11-07,LEG,GOV,6618,2305,8.323511634935025,2222.889543668782,2243.3516168026595,2266.1092475067994,0.7520398912058024,0.6935630099728014,5213.76684799033,1.0626171048655177,-1.0233833269071289,57.13206406769417,31.99139559061865,-29.9984504197569,31.99830189654099,-31.782866361526445,32.075130701262275,-31.46891447686553,1540476.0,276677.0,1502483.0,LEG -> GOV,0.003551915501121714
2016-11-14,LEG,GOV,7514,2580,8.047378227309023,2144.6856534468993,2179.5127761511844,2157.65211605004,0.7805429864253394,0.708943305829119,4470.701357466063,1.2377295714665955,-1.4586294990245399,54.6420015970189,31.906463354512706,-22.04304152449486,32.02711173504981,-23.222300936894555,32.09038847120705,-21.499826500691952,1018703.0,184810.0,1012920.0,LEG -> GOV,0.004566637413608263
2016-11-21,LEG,GOV,4656,2136,7.4018470790378,1955.1567869415808,1992.135738831615,1978.9576890034364,0.8161512027491409,0.6447594501718213,4470.859106529209,1.190871993127147,-2.2451177315844495,62.93599656357388,25.626071077808472,15.069872974677724,25.80459799493555,14.371402628913453,25.686235400552494,14.796029250920819,346194.0,52317.0,340023.0,LEG -> GOV,0.003352459730521568
2016-11-28,LEG,GOV,8110,2266,11.753267570900123,2941.3837237977805,2982.173489519112,2970.6791615289767,0.7889025893958076,0.5653514180024661,5043.555610357584,1.3155733662145508,-1.1215294975530619,60.939580764488284,31.22517557358644,-24.927963421582586,31.058805696785935,-23.839118401006715,30.98470634559781,-24.407831598167046,2329086.0,334493.0,2309935.0,LEG -> GOV,0.005360948497876774
2016-12-05,LEG,GOV,6139,2336,7.197914969864799,1951.6209480371397,2005.8610522886463,1993.4432317967096,0.8239126893630885,0.7286202964652223,4556.978335233752,1.2444046261606112,-1.639562508914389,60.45772927186838,31.66778860817225,-14.830176508635311,31.92617549261835,-15.126348422790374,31.85815787427891,-15.20536493245305,993802.0,151306.0,975073.0,LEG -> GOV,0.003939529284326333
2016-12-12,LEG,GOV,7083,2438,9.504306084992235,2599.2127629535507,2633.6740081886205,2623.327403642524,0.7258223916419596,0.604263730057885,5428.868417337287,1.6403642524354132,-1.4071906698445371,52.969080897924606,31.842922171420227,-7.0075267718318495,32.457477579094444,-9.048283972655113,32.53329313672454,-6.869008902969755,1194036.0,246079.0,1191393.0,LEG -> GOV,0.004586342115350746
2016-12-19,LEG,GOV,4650,2027,8.324516129032258,2371.3113978494625,2409.94623655914,2391.4636559139785,0.8275268817204301,0.6741935483870968,4406.403010752688,0.014430107526881853,-2.2248039855954262,60.9741935483871,27.028027475956193,22.186772598032633,27.057286656676382,22.187022436648043,27.119616508952582,21.713322188687677,813482.0,118546.0,810988.0,LEG -> GOV,0.002968901238382977
2016-12-26,LEG,GOV,2824,1385,7.716359773371105,2203.0513456090653,2246.004957507082,2236.2393767705385,0.7577903682719547,0.6214589235127479,4390.802407932011,0.19585694050991503,-2.035580585012172,60.375354107648725,30.56590802435425,5.433183046108441,30.756015683277976,5.713596399999993,30.66918004649447,6.6785724754703,215431.0,33830.0,211640.0,LEG -> GOV,0.0023158019038122166
2017-01-02,LEG,GOV,5129,1974,10.040163774614935,2943.033924741665,2989.916747904075,2971.8453889647103,0.8046402807564828,0.5802300643400273,6188.773250146227,0.7195944628582562,-1.7612362506413495,59.35659972704231,34.07910649696109,-13.474162914349064,34.08951323312385,-12.916615622531255,34.065258378723385,-12.792899957275301,795752.0,105287.0,793958.0,LEG -> GOV,0.0038657035444785784
2017-01-09,LEG,GOV,7783,2756,8.219838108698445,2269.474752666067,2306.3965052036488,2300.554798920725,0.7520236412694333,0.6840549916484646,5845.837209302325,0.24061415906462777,-1.6696740937719767,56.59899781575228,33.56172127312544,-24.545070854357334,33.23783105734005,-25.635477644647814,33.46008478975313,-24.35127295781933,1244945.0,168567.0,1225696.0,LEG -> GOV,0.004894199025310486
2017-01-16,LEG,GOV,8402,2830,10.799452511306832,2846.1835277314926,2895.056058081409,2872.054748869317,0.7004284694120447,0.6073553915734349,5641.092477981433,0.8156867412520832,-0.9774862225887508,53.01832896929302,33.271092562538506,-14.071660162710623,33.2318569073915,-7.542549600664112,31.76693366338709,-8.950722460951908,1613374.0,262254.0,1608064.0,LEG -> GOV,0.00438968627483762
2017-01-23,LEG,GOV,12137,2967,11.151108181593475,2575.176649913488,2605.853752986735,2597.46428277169,0.7730905495591991,0.608881931284502,5314.306335997363,1.9553596440636192,-1.9471741285818465,57.467248908296945,37.217910207585675,-50.33087185247555,37.17394316559451,-50.564687506390065,37.141945060277884,-49.87397554972481,9881861.0,1005653.0,9873433.0,LEG -> GOV,0.005950600747391924
2017-01-30,LEG,GOV,10587,3199,7.6851799376593934,1969.6175498252574,2006.169075281005,1993.158779635402,0.7714177765183716,0.6896193444790781,4668.289505997922,0.39567393973741516,-2.167591081023905,58.70973835836403,33.467800400295,-34.984109637105576,33.35620224827926,-34.67254109979362,33.36949565807848,-35.35252421069715,3143217.0,339086.0,3137223.0,LEG -> GOV,0.004822700721514657
2017-02-06,LEG,GOV,12649,3431,7.41355047829868,1886.4778243339395,1934.1893430310697,1921.704087279627,0.7587951616728595,0.7636967349197565,4197.256462961499,0.2845837615621784,-2.572048168411395,57.07802988378528,32.389283652982456,-37.0494877007485,31.973949444746324,-34.01792321110648,32.02682611321391,-34.43424488483048,3555341.0,536335.0,3552239.0,LEG -> GOV,0.006349462913444206
2017-02-13,LEG,GOV,9836,2757,7.680967873119154,2014.5512403416024,2049.053172021147,2041.2402399349328,0.7327165514436763,0.7724684831232208,4539.533753558357,1.2382065880439208,-1.8536296949949145,51.71919479463197,33.40350406858055,-31.93714421205339,33.8692164122714,-29.083283009672456,33.57283838419823,-31.395321003401193,2946053.0,515376.0,2943893.0,LEG -> GOV,0.0045586971655062905
2017-02-20,LEG,GOV,7733,2779,7.845855424802793,2049.773309194362,2075.690288374499,2073.623819992241,0.7435665330402172,0.5892926419242208,4171.659381869908,1.351480667270142,-1.8324188483117485,56.411483253588514,32.402069677389036,-17.84674834652132,33.15256805314863,-20.096667481501395,32.77225421939745,-17.33085048217887,1462027.0,203604.0,1456689.0,LEG -> GOV,0.004391501850473139
2017-02-27,LEG,GOV,17408,3490,12.782973345588236,2975.965016084559,3010.3325482536766,2999.915900735294,0.7336282169117647,0.7517233455882353,5568.99258961397,0.8143324908088223,-1.2727398372951815,51.905445772058826,39.6260280166807,-24.227989840281527,39.99592154161557,-21.385638725953893,39.58905700604957,-25.485315811743636,24461300.0,2500074.0,24255246.0,LEG -> GOV,0.008830039990829094
2017-03-06,LEG,GOV,7189,2628,8.410488245931283,2199.0963972736126,2223.1072471831967,2230.3569342050355,0.8323828070663514,0.6622617888440673,4278.845875643344,1.2618723049102774,-1.5236726214556167,60.84295451384059,34.02684030047693,-28.798379039300666,34.45332388914579,-26.382269496893496,34.65232081847084,-25.75164427192601,2123342.0,242994.0,2122311.0,LEG -> GOV,0.004155878090388759
2017-03-13,LEG,GOV,7935,3030,8.010838059231254,1965.7141776937617,2003.386011342155,2000.3187145557656,0.8061751732829238,0.7039697542533081,4364.298550724638,1.017290485192185,-1.2693117670770162,60.981726528040326,31.78909916698506,-20.074915418404945,31.921050306139218,-20.176373566734863,31.789021471013562,-19.941731174369497,1772860.0,250978.0,1766637.0,LEG -> GOV,0.0042149603204113505
2017-03-20,LEG,GOV,8496,2525,9.807791902071562,2415.540607344633,2454.9433851224107,2443.858992467043,0.7665960451977402,0.6126412429378532,5171.143714689266,1.1984934086629009,-0.8095339152185437,57.67537664783428,35.576989332563635,-36.527840085176116,35.02238660138595,-32.24354091057103,35.67702416105516,-34.92426814228427,4238645.0,403233.0,3197179.0,LEG -> GOV,0.004841759491752026
2017-03-27,LEG,GOV,6437,2475,7.084511418362592,1814.9131583035576,1838.4898244523847,1851.3329190616746,0.7784682305421781,0.6753145875407799,4445.735125058257,1.4121640515768197,-1.3478538457061984,58.368805344104395,30.941550066492407,-26.598824350539093,30.68899489083184,-26.491381371834724,30.85531523316993,-27.231248930403584,959043.0,143708.0,951284.0,LEG -> GOV,0.0041180828427502675
2017-04-03,LEG,GOV,7688,2448,9.533298647242455,2305.001821019771,2351.6347554630593,2342.830124869927,0.8018990634755463,0.7380332986472424,4424.0686784599375,0.9402315296566073,-3.1496371630487467,59.87122788761707,32.51839129279825,-19.744965597812914,32.443281563624055,-19.80767249216854,32.654068744456474,-23.454695216446144,2737317.0,303943.0,2634413.0,LEG -> GOV,0.0038743419086576525
2017-04-10,LEG,GOV,4447,2059,7.386777602878345,1948.6622442095795,1980.662469080279,1977.9516527996402,0.8178547335282212,0.6833820553181921,4394.078030132674,1.089813357319541,-2.1785606295122024,62.415111310996174,32.05482054013574,-27.224784609864457,31.886262656213415,-26.255659169705503,31.965401451990612,-26.557873913684247,558837.0,78953.0,556413.0,LEG -> GOV,0.0026205376610213436
2017-04-17,LEG,GOV,4951,2072,6.514239547566148,1639.8402342961017,1681.7137951928903,1670.8612401535042,0.8006463340739245,0.7091496667339932,3843.179559684912,0.3258331650171681,-1.7118526407964194,60.474651585538275,32.929775409090944,-18.836697292621942,32.80742863969978,-18.22650423864112,33.061028987067196,-20.151707963109647,1227686.0,156694.0,1217181.0,LEG -> GOV,0.003216491094717899
2017-04-24,LEG,GOV,8268,2348,7.757619738751814,1858.4981857764876,1907.4408563134978,1887.547290759555,0.8238993710691824,0.7276245766811804,4133.926584421867,1.1510643444605726,-1.9657719438293506,59.92743105950653,34.20193253315067,-45.717448076376996,34.364990735111,-44.50488077625528,34.13622291751819,-45.184712263079454,2812650.0,291134.0,2795140.0,LEG -> GOV,0.004587463928096441
2017-05-01,LEG,GOV,6472,1717,7.118665018541409,1635.573238566131,1671.7676143386898,1661.143850432633,0.8056242274412856,0.7580346106304079,4159.997682323857,2.6642614338689694,-0.809021262499243,62.243510506798515,33.766661896443445,-54.89330136377158,33.49448797419363,-54.90361903655908,33.698724543259,-54.77550313796513,3127977.0,364332.0,3013802.0,LEG -> GOV,0.005364307957029174
2017-05-08,LEG,GOV,6314,2246,8.48669623059867,2119.3685460880583,2140.0334178017106,2136.3828001267025,0.7345581248020272,0.6853025023756731,4530.783813747228,0.720921761165662,-2.1183074331046927,53.97054165346848,35.178232305669,-16.44617819111402,35.44872930942656,-12.4317989870936,35.6350675711485,-11.317580872896585,1015569.0,159014.0,1014093.0,LEG -> GOV,0.0037267293375759262
2017-05-15,LEG,GOV,7062,2437,7.263664684225432,1915.5818465024072,1870.1110167091476,1953.070943075616,0.7431322571509488,0.6726139903709997,4329.1069102237325,0.9795666949872542,-2.5482483262617373,55.203908241291415,35.73268232337956,-15.641925256843296,35.74559955128215,-14.765459467384973,36.02722369026816,-12.787065114007008,1228901.0,165538.0,1225460.0,LEG -> GOV,0.003900246043558823
2017-05-22,LEG,GOV,5391,2073,7.622333518827676,1872.845483212762,1901.8004080875533,1902.4828417733258,0.7749953626414394,0.6486737154516787,3824.5401595251346,1.0130402522723048,-1.54234253642752,62.27416063810054,28.55571260644414,-19.567912834292265,28.6857208550057,-20.20166364844647,29.0291953396624,-21.22934627291904,1377166.0,101155.0,1355137.0,LEG -> GOV,0.0030845902089579567
2017-05-29,LEG,GOV,4460,2022,6.237443946188341,1612.289461883408,1651.9065022421526,1642.4275784753363,0.7905829596412556,0.752017937219731,3854.675784753363,1.7287443946188328,-1.3537496813767342,60.51569506726457,28.044505249419945,-4.661817754524339,28.70503383828306,-7.704709709512801,28.837687738979117,-7.263888189327151,400765.0,48077.0,392810.0,LEG -> GOV,0.003105750094356309
2017-06-05,LEG,GOV,9351,2428,7.496631376323388,2009.4793070259866,2058.9908031226605,2037.735322425409,0.6324457277296546,0.7696503047802374,4891.376109507005,0.11855416532991167,-1.4819212814401421,45.948026948989416,37.50650565200187,-31.13843363041559,38.208021526669064,-26.388353100505856,37.89300368840756,-28.992673246426214,2037249.0,492784.0,1962243.0,LEG -> GOV,0.005770284546423917
2017-06-12,LEG,GOV,7495,2388,8.54876584389593,2165.993595730487,2210.173849232822,2199.785323549033,0.7798532354903269,0.5835890593729153,4429.129419613076,0.7076851234156086,-1.763780705311835,57.8812541694463,34.450824421608104,-6.867867990840972,34.11526563984994,-4.3397966812942395,34.42737676568573,-1.5864295515470572,2899308.0,449011.0,2894764.0,LEG -> GOV,0.005088106728724145
2017-06-19,LEG,GOV,5490,2070,7.50983606557377,1925.8131147540983,1955.4642987249545,1953.7375227686703,0.7923497267759563,0.6081967213114754,3938.2214936247724,1.4922222222222203,-1.0426965056683457,57.8816029143898,33.88436343558747,-13.873688812275752,33.76039487200302,-14.005137501604707,33.69330564111762,-15.338398745705135,760274.0,93373.0,759291.0,LEG -> GOV,0.0037296373012643404
2017-06-26,LEG,GOV,8281,2118,7.684941432194179,1959.7212896993117,1987.0669001328342,1982.6074145634586,0.8460330877913296,0.7433884796522159,4680.740369520589,1.3288974761502241,-1.396500475938329,61.4152880086946,35.48119119916918,-32.17718072480188,35.305605337149444,-33.42741310650077,35.380115937224915,-32.797307995219604,3313314.0,429566.0,3293370.0,LEG -> GOV,0.006527256676230412
2017-07-03,LEG,GOV,4209,1637,8.475885008315514,2063.31789023521,2113.1827037301023,2098.5547636018055,0.7474459491565693,0.7493466381563316,5336.734378712284,0.18579234972677455,-2.602668310440008,58.03516274649561,31.58150834993714,-13.980628796831844,31.591562749937133,-14.198750369876862,31.21196244050316,-13.377771736484851,626353.0,111001.0,625323.0,LEG -> GOV,0.002935629573625785
2017-07-10,LEG,GOV,5552,1998,8.702809798270893,2085.3847262247837,2113.676152737752,2118.250900576369,0.7654899135446686,0.6201368876080692,4351.310878962536,1.6008285302593646,-1.9053716469516138,57.29106628242075,33.7525344855356,-14.791678710629167,33.70682359081138,-10.481137434825103,33.47046327345584,-13.219310253223917,1610886.0,189153.0,1605866.0,LEG -> GOV,0.004133400436568086
2017-07-17,LEG,GOV,4519,1869,7.585970347421996,1965.4027439699048,2008.4855056428414,1994.3082540385042,0.7711883159991149,0.634874972339013,4262.030316441691,0.9229032971896424,-1.617733001588423,59.30515600796637,32.10164868661231,-5.521233863329468,32.29357082669459,-4.086325696715582,31.869055061466792,-5.812315961816071,532128.0,81854.0,528749.0,LEG -> GOV,0.004295329316501802
2017-07-24,LEG,GOV,8013,2503,8.54149507051042,2128.8225383751405,2170.4840883564207,2160.1480094845874,0.7168351428927991,0.6229876450767503,4573.77636340946,0.6094970672656915,-1.9789233180541583,54.147011106951204,32.94369588578812,-14.403484216296485,33.87364735099508,-22.369537028807656,33.84936059974158,-23.268829821410144,1591773.0,252598.0,1588086.0,LEG -> GOV,0.005538778012717139
2017-07-31,LEG,GOV,6969,2320,8.589754627636676,2391.416272061989,2431.4928971157983,2431.6986655187256,0.7470225283397905,0.6259147653895825,4582.72549863682,1.510317118668395,-2.440773721108775,57.71416272061989,31.778752323063152,-10.003925210707402,31.119018468282498,-14.302139793717297,30.922051448533846,-15.780239105609605,1272417.0,217531.0,1269231.0,LEG -> GOV,0.005223307840133352
2017-08-07,LEG,GOV,5378,2010,11.023242841204908,2746.3956861286724,2797.4259947936034,2780.839717367051,0.8108962439568613,0.4903309780587579,4991.1392711045,0.475622908144291,-1.7539579657551874,57.81703235403496,29.803657565217396,-18.371595785063043,29.690857019604064,-19.109542725509222,29.429820983116652,-16.533062760473246,1480110.0,239346.0,1477428.0,LEG -> GOV,0.004571446057701544
2017-08-14,LEG,GOV,5399,1719,8.565475087979255,2170.086682719022,2217.857010557511,2209.9927764400813,0.7206890164845342,0.6008520096314133,4618.595480644563,-0.0941285423226527,-2.6417236505344346,53.38766438229302,25.64605399753973,-15.242467793566695,26.347472602046583,-26.739775266388815,26.299101287795615,-25.762235806280756,905520.0,149977.0,901648.0,LEG -> GOV,0.00466362150638689
2017-08-21,LEG,GOV,3682,1277,11.188484519282998,2652.961434003259,2728.526072786529,2718.9206952743075,0.6912004345464422,0.5654535578489951,5448.630363932645,0.8255024443237373,-2.9142746335002783,50.53503530689842,31.102277843821472,-28.399302529024876,31.015501818935896,-27.587608396911655,30.984768167048024,-27.591665199313717,669909.0,102029.0,669624.0,LEG -> GOV,0.004017453336112017
2017-08-28,LEG,GOV,4179,1632,8.622158411103134,2249.059105049055,2277.63005503709,2284.614740368509,0.8109595597032783,0.6520698731754008,4389.221344819335,2.0959320411581754,-1.501591030089274,62.39530988274707,29.61741011443529,-32.99991787504865,29.73858183984912,-32.8711393107838,29.723965705477166,-32.818575694182044,1658881.0,130004.0,1656435.0,LEG -> GOV,0.003180002282844424
2017-09-04,LEG,GOV,6890,2082,7.5355587808418,1879.9213352685051,1928.5017416545718,1915.6516690856313,0.7503628447024674,0.7406386066763425,4860.669375907111,1.2194920174165462,-2.33001921477973,58.73875181422351,33.3390214544775,-26.492939142528233,33.64849426016175,-26.48329240648066,33.326253170854976,-26.37104233023509,1166689.0,177893.0,1160232.0,LEG -> GOV,0.005391561150397951
2017-09-11,LEG,GOV,6321,1898,7.22844486631862,1864.4592627748773,1905.559246954596,1896.375573485208,0.8356272741654801,0.7484575225439013,4294.044771396931,1.0352634076886555,-1.6014498632838647,56.31703844328429,29.315812018551927,-29.597730692168817,29.34461788392708,-30.740965370875074,29.54375893465766,-30.32091830471189,1719058.0,237280.0,1699398.0,LEG -> GOV,0.005584938601901053
2017-09-18,LEG,GOV,4534,1926,7.903837670930746,2101.7609175121306,2127.1808557565064,2123.968901632113,0.749007498897221,0.6250551389501544,4720.837670930746,1.5530877812086434,-1.9003679398576105,54.19938244375827,31.409306076469264,-17.759394549682394,31.38865968944383,-20.361776359119794,31.604821481044286,-22.198274072595293,512246.0,92009.0,511153.0,LEG -> GOV,0.0032690200149968276
2017-09-25,LEG,GOV,5953,1925,9.75575340164623,2804.666050730724,2854.7453384847977,2833.7177893499074,0.7925415756761297,0.6736099445657652,4852.172518058122,0.6078783806484118,-1.7027037427964242,61.69830337644885,32.57495214498541,-28.309589644502047,32.28447858929514,-27.460467052121075,32.33425007344548,-27.90700582458861,3215949.0,431317.0,3185760.0,LEG -> GOV,0.004839786246161626
2017-10-02,LEG,GOV,3715,1617,8.259488559892329,2130.057065948856,2170.822880215343,2158.109825033647,0.8113055181695827,0.5135935397039031,4506.583310901749,1.2452489905787325,-2.2144253462400108,60.03230148048452,29.33169081743791,-28.781711568284468,29.14759345498164,-28.398209870448806,29.180396190691106,-28.719402638928102,693460.0,97596.0,692650.0,LEG -> GOV,0.00289635418006669
2017-10-09,LEG,GOV,6218,2106,12.639594724991959,3259.5612737214537,3282.0022515278224,3276.206497266002,0.7780636860726922,0.6034094564168543,6737.8148922483115,1.4049051141846252,-2.006360306453862,57.17111611450627,33.10993762423538,-10.872925901354932,33.11365492876032,-13.88278348917893,33.09370103025292,-14.342895940525365,1620106.0,189412.0,1598575.0,LEG -> GOV,0.004565898218212926
2017-10-16,LEG,GOV,4778,2009,8.208036835496024,2318.440142318962,2337.252406864797,2347.8658434491417,0.8256592716617832,0.6753871912934282,4443.372331519464,1.1244453746337362,-2.6631170366943877,58.35286730849728,30.090183871945882,-18.73763002639616,30.15864771254089,-20.184667900545268,30.08019935122163,-20.413869300610834,991478.0,79253.0,972887.0,LEG -> GOV,0.0035099189368868384
2017-10-23,LEG,GOV,8640,2639,7.87962962962963,2024.6938657407406,2046.2033564814815,2055.052777777778,0.695949074074074,0.6515046296296296,4012.972685185185,0.8943750000000013,-3.31671071493302,55.751157407407405,31.827460847872622,-27.103516578265957,31.581785996195915,-31.030547190187573,31.721526160803442,-26.967176729389323,2464076.0,309589.0,2460377.0,LEG -> GOV,0.006444192842470811
2017-10-30,LEG,GOV,5327,2198,9.327388774169327,2402.220198986296,2418.0091984231276,2427.965458982542,0.7685376384456543,0.6262436643514173,4749.408672798949,0.5000375445841934,-2.5310826452068573,57.91627557724798,32.334680970593986,3.5267918182709446,31.55915102960203,6.34267893138601,31.914538901587925,5.867497759458938,700913.0,91978.0,698727.0,LEG -> GOV,0.0035506942083758258
2017-11-06,LEG,GOV,4392,1764,8.2698087431694,2136.8410746812388,2172.094034608379,2164.2866575591984,0.7811930783242259,0.5844717668488161,4252.589025500911,0.47304189435336974,-2.2385131451045392,61.44581056466302,27.37477222810124,4.070964518855999,27.58658396151896,3.3508935778284146,27.470943930126555,3.3437909726651633,840393.0,57247.0,839061.0,LEG -> GOV,0.0030380881626622287
2017-11-13,LEG,GOV,9024,2003,10.999445921985815,2723.6054964539007,2729.101063829787,2745.6933732269504,0.7275044326241135,0.5510859929078015,4811.04765070922,0.6056294326241126,-2.6429143123114582,48.41755319148936,29.688286507180802,-32.94456210183092,29.35252373015155,-33.16099377156095,29.33017849722945,-32.01874259538876,4155489.0,845068.0,4145488.0,LEG -> GOV,0.006131730277252871
2017-11-20,LEG,GOV,3619,1599,7.402873722022658,1843.6465874550981,1888.9809339596575,1889.3119646311136,0.8214976512848853,0.7153909919867366,4370.072395689417,1.9274937828129302,-2.036097000839199,59.31472782536612,23.294041043666862,0.19202286209883204,23.19532596963563,0.28539717172589824,23.15508728629266,0.14675242873659655,420124.0,65183.0,419136.0,LEG -> GOV,0.0031606048379349432
2017-11-27,LEG,GOV,7699,2146,9.457851669047928,2238.012988699831,2328.2078191972982,2310.272243148461,0.7291856085205871,0.5865696843745941,4397.823483569295,1.4807767242498993,-2.172140219116341,53.401740485777374,34.630288573120524,-38.940310524664184,34.20005057205598,-38.816460012365255,34.57938272069203,-38.67420971240519,2800534.0,424199.0,2635116.0,LEG -> GOV,0.005222897442890035
2017-12-04,LEG,GOV,7337,2097,7.784244241515606,2026.4211530598336,2066.0865476352733,2060.9599291263457,0.7778383535504975,0.7471718686111489,4204.259642905819,1.3970287583481003,-1.62006546340054,55.45454545454545,32.776848737960385,-37.48550453229463,32.885950472655175,-38.07394739943344,32.822035960334375,-36.88026104447594,1918498.0,263396.0,1892636.0,LEG -> GOV,0.004489680527135122
2017-12-11,LEG,GOV,6129,2251,8.676293033121228,2355.2716593245227,2398.646434981237,2385.2152063958233,0.7691303638440202,0.6244085495186816,5137.608255832925,0.8750530265948753,-2.1787335273670805,55.73176700930005,32.02597649949325,-28.362442965540605,31.944190764864878,-28.439634128716282,32.00223595185812,-25.280696037669,651099.0,110379.0,650116.0,LEG -> GOV,0.004890847675111738
2017-12-18,LEG,GOV,6668,2053,9.36007798440312,2473.7443011397722,2516.5512897420517,2505.628824235153,0.7676964607078585,0.6963107378524295,5329.905068986202,0.9960407918416305,-1.5136312186147463,57.20155968806239,32.15910235763025,-18.278015004031683,32.09305460065134,-22.44526935214768,32.004149716501225,-21.880098833772735,1459313.0,154432.0,1458645.0,LEG -> GOV,0.005680206422858486
2017-12-25,LEG,GOV,2508,1135,15.74481658692185,4592.579346092504,4627.356858054227,4613.5829346092505,0.817384370015949,0.5594098883572568,7630.564593301436,0.5329744816586922,-2.5338567290615823,59.52950558213716,31.217635200507587,-7.9058529422428325,31.19903632120183,-8.24780101517707,31.149277739737588,-7.93093113153457,389539.0,46894.0,388968.0,LEG -> GOV,0.0031163060590284034
2018-01-01,LEG,GOV,6717,1634,12.69346434420128,3343.9059103766563,3371.0090814351647,3381.3138305791276,0.7216019056126247,0.46166443352687214,5714.116123269317,-0.43873753163614576,-2.580978853232615,54.28018460622302,34.92244227739399,-26.442402490266897,34.85287542621664,-20.937644398273182,35.405276603924555,-24.11323095777081,3491382.0,542701.0,3490321.0,LEG -> GOV,0.00622738435950281
2018-01-08,LEG,GOV,8628,2159,9.170723226703755,2187.9172461752432,2213.127839592026,2210.0853036624944,0.7703987019007882,0.722763096893834,4643.606977283263,1.104450625869265,-1.6518923935209406,58.5326842837274,34.10863858869044,-55.71198055767165,34.07543970726188,-55.85210227770497,34.45165013190473,-56.618111437924,3551739.0,424034.0,3533270.0,LEG -> GOV,0.006552088649121528
2018-01-15,LEG,GOV,12831,2758,9.694178162263269,2294.520380328891,2327.3104200763773,2321.2063751850988,0.7773361390382667,0.7491232172083236,5642.835476580158,2.094076845140662,-2.214734241967293,57.33146286337776,35.37266791499322,-55.808452995725766,34.894184260746925,-55.875241965080704,35.016510817243415,-57.95224026467746,17766387.0,1947491.0,17200331.0,LEG -> GOV,0.009165818376640772
2018-01-22,LEG,GOV,12307,2621,12.366214349557163,2920.425773949785,2953.4763955472495,2938.3370439587225,0.7176403672706589,0.6708377346225726,6697.283415942146,2.5497846753879854,-0.7143262731583089,55.51231006744129,35.37714158821549,-55.56533903935937,34.949986424007456,-49.40437215861771,34.97326908168259,-53.22733159544868,7357680.0,1119636.0,7316486.0,LEG -> GOV,0.009015971903749536
2018-01-29,LEG,GOV,8440,2291,10.314691943127961,2650.2979857819905,2691.724644549763,2683.0567535545024,0.7904028436018957,0.6174170616113744,4668.61883886256,-1.0754028436018914,-1.4560133873115422,65.1303317535545,35.620363564241934,-44.343526124414126,35.80692127607919,-44.684752720961605,35.81233993551198,-44.72095666905037,9093578.0,933707.0,9082859.0,LEG -> GOV,0.006291127125491587
2018-02-05,LEG,GOV,8457,2476,8.8356391155256,2178.9068227503844,2243.0786330850183,2206.675416814473,0.7817192857987466,0.6479839186472744,4244.184462575381,1.0099444247369074,-2.1408285548548003,61.07839659453707,30.515126986251083,-16.62706512371136,29.768536005033923,-15.844222333497022,30.522740092572295,-16.619087016938778,5511461.0,505977.0,5505709.0,LEG -> GOV,0.006410309858172747
2018-02-12,LEG,GOV,6650,2229,7.668571428571428,1858.1255639097744,1873.0145864661654,1875.3275187969925,0.7554887218045113,0.7369924812030075,3777.2606015037595,1.5397894736842106,-1.4596872260732248,56.99699248120301,28.60654723950248,-36.51396655225662,29.590434824195892,-36.07070822082344,28.96163797979722,-35.43990688194783,1638019.0,82555.0,1628944.0,LEG -> GOV,0.0046920564542588
2018-02-19,LEG,GOV,6052,2058,7.819398545935228,2040.4537343027098,2079.8307997356246,2077.123430270985,0.7405816259087905,0.5783212161269002,4042.1159947124916,1.036764705882354,-2.109930110081015,55.88070059484468,28.56524771428564,-24.650620518556384,29.726914738653864,-24.00335508190829,29.00186802227168,-22.53957928112169,1123177.0,155430.0,1122406.0,LEG -> GOV,0.004012459043348082
2018-02-26,LEG,GOV,6244,2107,8.1596732863549,1940.2146060217808,1965.4066303651505,1963.4415438821268,0.8516976297245356,0.7134849455477258,4007.752722613709,1.3588404868673922,-2.1204190703055636,62.35906470211403,31.077895373071527,-10.706135926730965,31.34894067443898,-9.939158110078909,31.358265651297334,-9.928681569675755,1589747.0,130024.0,1584312.0,LEG -> GOV,0.004275207221567202
2018-03-05,LEG,GOV,5303,2309,8.574957571186122,2315.01753724307,2351.527437299642,2357.7062040354517,0.7931359607769187,0.6309636055063171,4364.233075617575,1.102696586837639,-1.6899293895951082,61.195549688855365,31.78424715242445,-8.807366667527825,31.39379848946738,-9.119151931240072,31.171043980723343,-10.066655620230527,590234.0,80133.0,581102.0,LEG -> GOV,0.0030909856064871644
2018-03-12,LEG,GOV,4780,2177,8.526778242677825,2228.087238493724,2243.2138075313806,2266.3121338912133,0.7751046025104602,0.549581589958159,4489.454184100418,0.5710669456066945,-1.5619868997819273,58.67991631799163,28.983597057420468,6.031546974851098,29.145374834143094,4.629640980366202,29.35907596598939,4.691861391572913,441623.0,63022.0,440071.0,LEG -> GOV,0.0029609623747166025
2018-03-19,LEG,GOV,7192,2539,7.081340378197997,1735.4762235817575,1801.8560901001113,1787.4833147942159,0.7473581757508343,0.7253893214682982,4641.323136818687,1.6835372636262569,-2.215553342842923,57.91434927697441,30.173520747426533,-26.916088262570636,28.930443642795108,-27.665104340095645,29.964301571760046,-26.644712239095778,2719226.0,354981.0,2667160.0,LEG -> GOV,0.004867092243985331
2018-03-26,LEG,GOV,4748,1912,9.273378264532434,2308.9273378264534,2351.453243470935,2354.7464195450716,0.7735888795282224,0.5574978938500421,4197.540859309182,0.25834035383319015,-1.7152689177266758,55.362257792754846,31.058778889626165,-24.365476599955755,31.01635894789135,-23.598348302207487,31.027282829397446,-23.220348569726376,1009589.0,198027.0,1008510.0,LEG -> GOV,0.003136964715753866
2018-04-02,LEG,GOV,4197,1844,9.661663092685252,2786.718131999047,2818.7147962830595,2809.988801524899,0.7810340719561591,0.6414105313319037,4840.7014534191085,1.1608768167738857,-1.684976605401259,61.887062187276626,28.64212690423389,-14.896972025951131,28.404087449344775,-13.965983859410429,28.409144833165346,-14.837416344167304,868454.0,125387.0,866485.0,LEG -> GOV,0.0027588500781575587
2018-04-09,LEG,GOV,7650,2390,11.902222222222223,2866.0270588235294,2906.430980392157,2886.738431372549,0.7699346405228759,0.6278431372549019,5471.828758169934,0.3501568627450985,-2.058992034713064,57.413071895424835,33.169398210675716,-1.404770710117552,32.92642521389003,1.734475551803288,33.071918875675706,-1.0197933820073166,2423008.0,350368.0,2368325.0,LEG -> GOV,0.003853292802401634
2018-04-16,LEG,GOV,5419,2092,8.537737589961248,2379.234545119026,2411.069385495479,2408.58645506551,0.7920280494556191,0.6615611736482746,4605.50784277542,1.2664513747923951,-2.1938865327610646,52.81417235652334,34.6799233715264,-21.713743357536565,35.783736310692525,-10.990233781790545,34.547609001902906,-21.884160826615943,838398.0,239266.0,827087.0,LEG -> GOV,0.0033612309089341504
2018-04-23,LEG,GOV,5958,2044,8.981873111782477,2265.258643840215,2293.4090298757974,2288.050688150386,0.765525344075193,0.6260490097348104,4516.580396106076,1.3130077207116477,-1.5079180555871379,59.01309164149043,33.340352006635236,-27.45976906616623,33.23939190623361,-28.177680689595025,33.15047324393224,-27.03773342458105,1754226.0,159266.0,1745388.0,LEG -> GOV,0.003776443183798945
2018-04-30,LEG,GOV,4560,1872,7.3182017543859645,2020.413596491228,2065.013596491228,2049.6695175438595,0.8394736842105263,0.6769736842105263,3976.557894736842,0.7451096491228065,-2.0784834663381213,63.550438596491226,30.92376675627713,-5.4820268343771215,32.484173825085726,-5.535488888845692,32.30616264940527,-6.1682842707199805,916177.0,93024.0,913660.0,LEG -> GOV,0.003044668491687254
2018-05-07,LEG,GOV,5739,2215,9.157518731486322,2267.2902944763896,2308.2484753441368,2304.159609688099,0.7614566997734797,0.6663181738978916,5071.6016727652905,0.5211360864262059,-2.0443026305917087,49.818783760236975,27.01431931306549,-7.252493759363081,27.391458134117624,-7.993533665641361,27.19695647583707,-8.119672005427867,854156.0,142050.0,852803.0,LEG -> GOV,0.003010888303861009
2018-05-14,LEG,GOV,6559,2641,12.970117395944504,3425.9998475377342,3456.098490623571,3458.6798292422627,0.7565177618539412,0.6247903643848147,6566.640341515475,0.8681353864918411,-1.0302005033864625,56.080195151699954,27.801785718060263,-1.9453506479304126,27.941477342999843,-2.173837593332252,27.814538831319492,-3.479093222258003,554989.0,92170.0,550615.0,LEG -> GOV,0.0037764354801842212
2018-05-21,LEG,GOV,6866,2237,13.981648703757646,3331.910428196912,3369.3607631808914,3362.197349257209,0.7944946111272939,0.468977570637926,5598.229245557821,1.1005680163122622,-1.672816766286145,59.75677250218468,32.7283629403684,10.491578081648086,34.21896355954724,29.704640914880716,34.15858079547177,28.932068485813407,5005563.0,638532.0,4995726.0,LEG -> GOV,0.00432674281213076
2018-05-28,LEG,GOV,4720,1749,7.8940677966101696,1994.0334745762711,2044.3601694915253,2032.8563559322033,0.7951271186440678,0.5661016949152542,4193.565677966101,0.9621186440677971,-1.8531197333503595,61.67372881355932,29.661218827434578,-22.080879358946092,27.80784579014515,-21.827271727552027,27.77677824653615,-22.288563443688155,1136184.0,160596.0,1133927.0,LEG -> GOV,0.0030072658601417493
2018-06-04,LEG,GOV,6501,2075,8.240578372558067,2075.315489924627,2103.7228118750963,2101.4323950161515,0.6812798031072143,0.5549915397631133,4751.838794031687,-0.23819412398092552,-1.5370152829250094,53.205660667589605,32.37417038368964,-19.960166155502787,32.66534385178146,-18.094428635629495,32.53991205637372,-19.765652859065742,1319426.0,255513.0,1317766.0,LEG -> GOV,0.004572028972358952
2018-06-11,LEG,GOV,6815,1934,9.727366104181952,2568.8206896551724,2593.7219369038885,2587.777549523111,0.8073367571533382,0.5558327219369039,4963.09332355099,1.278958180484224,-2.098721572239684,58.62802641232575,36.6087554456506,-15.833030704083148,36.91945790532196,-24.10200458384809,36.86169569938195,-16.090216993370486,2530268.0,363420.0,2527558.0,LEG -> GOV,0.004695550561054559
2018-06-18,LEG,GOV,7102,2301,9.571669952126161,2429.712334553647,2463.795550549141,2461.5344973246974,0.7999155167558434,0.6413686285553365,5090.265136581244,1.530639256547451,-2.361661053572966,60.47029005913827,32.51240640288721,-40.3909990359953,32.26111386889315,-40.11885529641498,32.65209703733417,-40.07527580515881,1631730.0,258620.0,1622708.0,LEG -> GOV,0.00494887716513376
2018-06-25,LEG,GOV,6871,2026,8.034929413476933,2212.7409401833793,2254.3134914859556,2237.2194731480135,0.7803813127637899,0.7279871925483918,4634.971037694659,0.5955756076262545,-2.2689235265210486,55.974385096783585,33.3901031692118,-39.08605797532378,33.45792121209317,-36.265428177051135,33.4945971073577,-37.91389414913625,2208926.0,268365.0,2143934.0,LEG -> GOV,0.0046581692872682354
2018-07-02,LEG,GOV,5173,1658,8.92673497003673,2271.4637541078678,2311.70172047168,2303.2795283201235,0.7117726657645467,0.6091242992460855,4394.405953991881,0.6250338294993231,-1.3424256137770267,49.04504156195631,32.74088743193238,-31.510005288357164,32.743785417856365,-31.647010783832727,32.65184098351092,-32.281269170923025,1039561.0,257633.0,1037743.0,LEG -> GOV,0.004224988606496992
2018-07-09,LEG,GOV,4560,1766,8.533333333333333,2191.6247807017544,2236.477850877193,2220.289035087719,0.7820175438596492,0.6673245614035088,4255.769956140351,1.2087719298245612,-1.0364900524801102,61.05482456140351,36.37439545845664,-18.18754608306781,35.97276545003415,-18.630103165870292,36.22092202936491,-18.414720211831618,786300.0,75733.0,785145.0,LEG -> GOV,0.00300403766378099
2018-07-16,LEG,GOV,9439,2174,12.118974467634283,2872.2254476109756,2930.2332874245153,2915.1392096620407,0.7184023731327471,0.6250662146413815,5143.5360737366245,0.6953808666172258,-2.705644577840935,45.652081788325034,42.03927300632146,-0.13791555126946506,44.04463053073905,15.653345131756796,43.02024984501363,6.540166558679302,2987603.0,437190.0,2873092.0,LEG -> GOV,0.006519938689505448
2018-07-23,LEG,GOV,5325,2169,8.493708920187794,2355.3986854460095,2391.4706103286385,2389.979718309859,0.7633802816901408,0.6026291079812206,4594.688638497652,0.34170892018779303,-2.219982958307225,57.00469483568075,31.76256605396825,-9.33794267242063,31.869504580952366,-7.920025860317455,31.80141043710316,-8.562918099007934,638212.0,94049.0,628416.0,LEG -> GOV,0.003739615981819497
2018-07-30,LEG,GOV,6226,2127,10.635560552521683,2408.8715065852875,2439.716672020559,2427.6721811757147,0.7375522004497269,0.6217475104400899,5166.484580790235,1.3774654673947941,-2.1837574243261804,57.9007388371346,27.996075474057793,-4.938459623690425,28.226736466531417,-5.775680693425718,28.563526757350434,-5.240300097482679,1889877.0,207581.0,1880868.0,LEG -> GOV,0.004533103450284393
2018-08-06,LEG,GOV,4804,1769,6.885928393005829,1641.733139050791,1667.6852622814322,1670.6088676103248,0.8434637801831807,0.761865112406328,3706.355745212323,0.8945462114904235,-2.5058444513687474,62.549958368026644,21.74613171494811,15.617181234657835,21.822520129609174,15.900948672847674,21.73528071605209,15.572437256512139,937640.0,129365.0,930293.0,LEG -> GOV,0.0034155778505037693
2018-08-13,LEG,GOV,4178,1546,7.77932024892293,2398.3259932982287,2458.526089037817,2442.6438487314504,0.7673528003829584,0.6311632359980852,4733.012206797511,-0.07199617041646722,-2.0224428193450112,54.380086165629486,27.507324529588,-18.642042422971247,27.968626771728278,-19.79812674075921,27.793958319350793,-19.032594152559266,775707.0,166003.0,775158.0,LEG -> GOV,0.003190842632956868
2018-08-20,LEG,GOV,4446,1712,8.532838506522717,2224.7060278902386,2254.5434098065675,2248.9462438146647,0.8578497525865947,0.6711650922177238,4447.58636977058,1.4247413405308145,-2.3362516665394266,63.26135852451642,11.071018209971896,40.64501830383895,10.90307837570223,39.126015014981284,10.851308982677889,38.9095562834738,594411.0,80586.0,592004.0,LEG -> GOV,0.00290101130846311
2018-08-27,LEG,GOV,6830,2054,7.660614934114202,1919.784626647145,1936.5111273792095,1944.3295754026353,0.763103953147877,0.688579795021962,3949.695314787701,0.6527964860907745,-1.6709889172678343,55.51683748169839,30.260015922200562,-24.39112709862112,30.56705358404556,-26.649451587979655,30.897818583870475,-26.185562382194274,2263918.0,313206.0,2256525.0,LEG -> GOV,0.004329597074891253
2018-09-03,LEG,GOV,4934,1742,10.144507498986624,2620.8404945277666,2664.747061207945,2653.9752736116743,0.8153627888123227,0.6410620186461289,4995.7261856505875,0.24681799756789635,-1.998411950593979,57.223348196189704,32.47222450052198,-19.84633010000001,33.182958512740136,-21.782709545093944,32.6998000701754,-20.21314843611691,856050.0,135521.0,855458.0,LEG -> GOV,0.0030124656487943726
2018-09-10,LEG,GOV,5398,1856,8.144683216005928,2027.81048536495,2052.9316413486476,2068.6487587995553,0.7319377547239718,0.6469062615783624,4569.2549092256395,0.8712856613560582,-2.888904799504768,57.73990366802519,28.62705053763643,-13.721951901397686,29.190539152461167,-13.717198035994665,29.5240280291873,-14.086213054538547,1362663.0,189097.0,1362259.0,LEG -> GOV,0.003509823670047966
2018-09-17,LEG,GOV,6205,1908,8.112812248186946,2047.9369863013699,2098.343110394843,2081.0240128928285,0.7627719580983078,0.6902497985495568,4346.005962933118,0.5668493150684926,-1.9306292827753953,53.922643029814665,26.089357517160195,-9.528514885598911,25.716938326211295,-9.928656110868042,25.952615850100923,-8.871842450370059,1296453.0,256165.0,1260745.0,LEG -> GOV,0.0038994427661723182
2018-09-24,LEG,GOV,4949,1910,8.973934128106688,2176.3677510608204,2204.7161042634875,2188.084259446353,0.7951101232572236,0.6126490200040412,4323.303495655688,1.0875126288138994,-1.6914295368440095,56.93271367953122,31.83469123333331,-12.660851372008572,31.904575839102534,-15.0892529752137,31.61035848183758,-15.505598682478665,1156511.0,154463.0,1121064.0,LEG -> GOV,0.0031478203458976885
2018-10-01,LEG,GOV,5141,1765,11.588017895351099,3111.04648900992,3147.353822213577,3133.0972573429294,0.7741684497179537,0.5891849834662517,6068.869091616417,0.9979186928613111,-2.116429780438246,53.49153861116514,34.411875358953615,-39.74035889315889,34.1982555889335,-40.30766439758547,34.243306552515,-40.17957203299792,1257029.0,190015.0,1252586.0,LEG -> GOV,0.003390765062390473
2018-10-08,LEG,GOV,4487,1689,9.12435926008469,2095.071094272342,2140.1484287942944,2123.4827278805437,0.7608647203030978,0.5308669489636728,4304.505683084466,0.5071094272342318,-2.2261135529926848,57.88722977490528,29.01393896979402,4.715513552860461,29.76594241977564,1.2690918841840333,29.071535844164714,4.751683994736868,1121952.0,167844.0,1121549.0,LEG -> GOV,0.0031117756470093803
2018-10-15,LEG,GOV,5173,1838,8.233906823893292,2011.6008119079838,2052.5437850376957,2054.1393775372126,0.774018944519621,0.6628648753141311,4453.539725497777,0.02760487144790211,-2.352021075931083,57.15832205683356,27.612336540936315,0.09831951020409842,28.396445500665777,-1.4441596140195,27.792056455614738,-0.9162834505323654,1633271.0,224537.0,1582104.0,LEG -> GOV,0.0030499794525838154
2018-10-22,LEG,GOV,5021,1907,7.634136626170085,1918.9165504879506,1955.6562437761402,1949.5594503087034,0.8064130651264688,0.6184027086237801,4284.640509858594,1.352638916550486,-2.015000804089483,60.22505476996614,24.277096978187934,14.165629141181403,24.696883626048667,15.016178114788444,24.53486800377438,16.406933117930468,926359.0,145713.0,924239.0,LEG -> GOV,0.0031692650095090573
2018-10-29,LEG,GOV,5128,1834,9.383385335413417,2266.6735569422776,2296.516185647426,2285.7535101404055,0.7459048361934477,0.5633775351014041,4350.283346333853,0.395690327613104,-2.1878760748477646,55.84243369734789,22.17965204276986,11.678645468300578,21.12254938140765,10.359653640802279,22.114056387576372,10.783505230099232,962591.0,162548.0,961069.0,LEG -> GOV,0.003237790725573243
2018-11-05,LEG,GOV,7491,2248,11.17207315445201,3226.2790014684288,3247.457482312108,3236.6526498464823,0.7350153517554399,0.6240822320117474,6249.141903617675,0.7041516486450389,-1.448221888546083,54.86984381257509,29.78562226485358,-26.59060118254081,31.06477194114363,-26.284057830985912,30.963938597907934,-26.36074217305816,1974277.0,261992.0,1831951.0,LEG -> GOV,0.004565848235373713
2018-11-12,LEG,GOV,6927,1998,7.355998267648332,1828.4814494008951,1861.1598094413166,1848.2673596073337,0.8103074924209615,0.7115634473798181,4341.696982820846,0.7694239930705924,-2.1077769351722053,59.79067417352389,31.504226253129147,2.569652372993658,31.37943642247093,1.9267202170519695,31.626944469150352,2.1153109542040816,2472080.0,258655.0,2385821.0,LEG -> GOV,0.004342268824490722
2018-11-19,LEG,GOV,5083,1723,7.706472555577415,1835.745229195357,1870.7349990163289,1877.1375172142436,0.776116466653551,0.7300806610269526,4282.391894550462,0.41207948062167876,-2.411030414341772,57.322447373598266,33.23044166404146,-0.06431617981004556,32.31481347242951,2.469515222589318,32.53598721471503,2.2140788784063,916459.0,176945.0,910446.0,LEG -> GOV,0.0038390223823388356
2018-11-26,LEG,GOV,6385,2087,8.168989819890369,1945.6350822239624,1973.2250587314018,1991.7000783085357,0.8126859827721221,0.7149569303054033,4359.868441660141,0.6250274079874709,-2.1515636865239536,58.798747063429914,30.213807335054877,-9.269969517347096,30.76968831386155,-4.8668946050338935,30.74707005309878,-4.841513832015502,2493882.0,317396.0,2481444.0,LEG -> GOV,0.0038709215885267944
2018-12-03,LEG,GOV,6697,2281,8.464237718381364,2080.2477228609823,2114.588920412125,2108.826190831716,0.8096162460803344,0.6883679259369867,4219.751530536061,0.8268179781991928,-2.189980600107144,64.53785276989697,31.563074547486043,-4.577617866604614,31.934312142236713,-3.3452572900573783,31.779509785692127,-4.138539085621205,2145736.0,267795.0,2088213.0,LEG -> GOV,0.004659554068777996
2018-12-10,LEG,GOV,8525,2614,8.761642228739003,2242.8288563049855,2275.5558944281524,2270.777595307918,0.7711436950146627,0.6912609970674487,4715.646451612904,1.707143695014661,-1.4861072125041472,57.40527859237537,32.92813293069679,-7.915670170153582,32.92962780670149,-5.704762179707396,32.66741066311855,-8.50519965425078,2756175.0,395798.0,2746909.0,LEG -> GOV,0.00649069337355406
2018-12-17,LEG,GOV,17644,2611,9.674223532078894,2047.3552482430289,2080.602131036046,2070.723248696441,0.6887327136703695,0.744842439356155,4832.684198594423,3.026263885740201,-1.5959396559265353,56.73203355248243,35.84421194885774,-53.660316551460475,35.39554996748661,-58.30975738900742,35.773359673648,-56.51491895412162,28603989.0,3284628.0,25386936.0,LEG -> GOV,0.013749517823954116
2018-12-24,LEG,GOV,6047,1510,11.347445014056557,2977.0367124193817,2956.13775425831,2992.9550190176947,0.612535141392426,0.4301306432941955,5337.906069125186,1.9844220274516298,-2.723409721604987,46.12700512650901,30.23225417809391,-48.110551847617444,33.42213872574572,-40.948381480459304,31.101852797737376,-45.686055808021926,2700178.0,723918.0,2614023.0,LEG -> GOV,0.0069647122780264305
2018-12-31,LEG,GOV,10819,1963,7.4399667252056565,1800.229041501063,1804.3506793603844,1820.525094740734,0.6824105739902024,0.7952675848045105,4270.223310842037,-0.07046862002033218,-1.7853328203856407,49.242998428690264,35.059114379791914,-51.589850816747585,34.840052817990916,-50.565537671923956,34.92132682449127,-50.153751001337966,9445034.0,1379510.0,9400039.0,LEG -> GOV,0.011092803673062195
2019-01-07,LEG,GOV,7860,2508,8.823282442748091,2092.5832061068704,2124.0446564885497,2119.1919847328245,0.8081424936386769,0.6998727735368957,4328.363740458015,0.9477353689567424,-2.2840824068521317,61.600508905852415,33.88087439514035,-50.08489241150674,34.07925115320443,-49.65993633977743,33.87686354715305,-49.801398208249346,2270938.0,213323.0,2221719.0,LEG -> GOV,0.006380030666356053
2019-01-14,LEG,GOV,9664,2724,9.18605132450331,2154.1685637417218,2194.115894039735,2184.5143832781455,0.7982201986754967,0.6963990066225165,4848.742549668874,0.22335471854304664,-1.9633769865844704,55.37355132450331,37.32924503417087,-40.75165261347667,37.673815027142226,-41.31017140883446,37.55438773089218,-40.894651714072786,2986911.0,531167.0,2984779.0,LEG -> GOV,0.00714081458783298
2019-01-21,LEG,GOV,10080,2516,12.805059523809524,2937.343650793651,2975.035714285714,2963.8372023809525,0.7896825396825397,0.6531746031746032,5082.964484126984,2.3068055555555587,-2.1983128244736645,60.41468253968254,36.12782247938446,-58.76405412142142,35.61856605797286,-58.59077359801537,35.70040385078055,-59.27174532117335,8570405.0,1109486.0,8488097.0,LEG -> GOV,0.008159492168749307
2019-01-28,LEG,GOV,6071,2112,9.112996211497283,2063.2261571405043,2090.2992917147094,2084.916817657717,0.8123867567122385,0.6730357436995552,3868.699061110196,0.7364684565969369,-1.4287359457047262,63.71437983857684,36.797095407997155,-21.47352833345402,36.734662828478434,-15.730300896869949,36.61488913823056,-17.967227035643255,2264500.0,231046.0,2028788.0,LEG -> GOV,0.004918326294615118
2019-02-04,LEG,GOV,7746,2530,11.60844306738962,2854.5777175316293,2900.348437903434,2886.143428866512,0.7754970307255358,0.5315001290988898,6089.628453395301,1.7252388329460389,-1.9017620471781154,58.07642654273173,33.36252511579085,-31.974554284663633,33.378705646744216,-30.574394441101656,33.43487296577081,-30.43066818157498,2778130.0,335687.0,2777493.0,LEG -> GOV,0.006052877109247165
2019-02-11,LEG,GOV,8971,2632,8.519005684984952,2080.568498495151,2117.8720321034443,2110.1630810389033,0.7037119607624568,0.6619106008248802,4500.883179132761,0.8260617545424154,-1.7979105464828768,54.145580202875934,34.0264077844888,-40.7788926373355,33.424709578866874,-43.0624003160244,33.63986513120145,-42.45236686689377,2647040.0,417517.0,2568167.0,LEG -> GOV,0.006306121387388882
2019-02-18,LEG,GOV,4651,2053,6.849709739840894,1593.7310255858954,1622.4368952913353,1622.4801118039131,0.8002580090303161,0.6587830574070093,3610.004730165556,0.28473446570629957,-2.080451603755794,58.077832724145345,32.45300428517278,-22.67510398261254,32.53793287937568,-23.08126431988403,32.621425892976575,-22.264947218680298,559300.0,70338.0,558237.0,LEG -> GOV,0.0036336420093079362
2019-02-25,LEG,GOV,5521,2143,9.36786813982974,2361.2485057054882,2371.4716536859264,2383.0121354827024,0.8031153776489767,0.6004347038579967,4788.3309183119,1.2722695163919557,-2.4882236309544234,59.40952725955443,35.51869012563958,-34.79998788857302,35.458967958688675,-35.31290557077882,35.40660882452153,-35.27898143547468,2207112.0,263648.0,2203643.0,LEG -> GOV,0.0038415641797275905
2019-03-04,LEG,GOV,6910,2182,7.505209840810419,1730.002026049204,1763.1211287988422,1751.2536903039074,0.7078147612156295,0.7109985528219971,3784.416497829233,2.121041968162077,-2.344265376165196,46.37626628075253,34.242588926597385,-42.36668032853107,34.65018832288276,-42.08483564072471,34.28623389569109,-41.57998926689431,2503112.0,815976.0,2502341.0,LEG -> GOV,0.00524549843621899
2019-03-11,LEG,GOV,9015,2571,8.52689961175818,1951.0075429839158,1975.6358291735996,1974.8276206322796,0.7812534664448142,0.663006100942873,4211.543205768164,0.07931225734886309,-3.208339040397704,57.503050471436495,33.12482932655641,-38.231232767016905,33.603116894346215,-37.321647971333945,33.23014867481454,-38.47587951107811,3572522.0,532689.0,3567865.0,LEG -> GOV,0.006637138822587034
2019-03-18,LEG,GOV,6348,2219,9.048519218651544,2235.1691871455578,2256.8320730938876,2256.836483931947,0.7822936357908002,0.554820415879017,4455.162255828607,0.9602079395085067,-2.2134717249901485,59.89918084436043,30.3841006797524,3.11337511451378,31.043412088613795,5.2767556712819825,30.938216402508562,5.278005476136187,1439072.0,155980.0,1438204.0,LEG -> GOV,0.00470431302801245
2019-03-25,LEG,GOV,7741,2331,9.879989665417904,2503.65094948973,2521.4348275416614,2518.1936442320116,0.8022219351504973,0.5950135641390001,4837.175300348792,-0.6432373078413641,-2.2847347337345174,59.46647719932825,36.19336523259923,-23.891543376019573,36.30086231824361,-24.114906557368077,36.52060293569877,-24.269674692903706,3352463.0,477682.0,3198909.0,LEG -> GOV,0.005164509061408354
2019-04-01,LEG,GOV,5761,2263,8.752299947925707,2185.594167679222,2235.2044783891683,2221.3230341954522,0.7333796215934734,0.5662211421628189,4191.50234334317,0.9077069953133113,-1.8059318752456852,54.3134872417983,34.093984264394656,-29.90573117219728,33.87336563067263,-26.431585831569482,34.031714955336355,-28.090166749775754,837202.0,122778.0,836156.0,LEG -> GOV,0.004526824637995468
2019-04-08,LEG,GOV,5636,2135,7.660042583392477,1847.2178850248404,1878.5303406671399,1872.8953158268275,0.8058907026259758,0.6339602555003548,4206.522888573456,0.8609297374024124,-2.4326985896746316,66.06281050390348,29.78201048751612,-19.004227956722755,29.7988943906047,-19.4996408453856,29.868655090993098,-18.8500316382467,1427016.0,160334.0,1411304.0,LEG -> GOV,0.004104604789773737
2019-04-15,LEG,GOV,8031,1854,13.591209064873615,3755.380400946333,3797.0862906238326,3792.453741750716,0.6778732411903873,0.7525837380151912,7325.638650230358,0.38586726435064134,-3.0926684881337474,53.154028140953805,38.94296166359748,22.744509551049493,37.32873518368143,15.920651411764691,37.737544304799016,16.551731834542633,6772437.0,911714.0,6767948.0,LEG -> GOV,0.006409581090658341
2019-04-22,LEG,GOV,4219,1712,8.536383029153829,2206.7309789049536,2214.0208580232284,2229.7513628821994,0.7352453187959233,0.5451528798293435,4462.658212846646,1.7089594690684995,-2.3651748693586354,51.77767243422612,32.5117424389482,-26.617782991668875,32.20357403098153,-30.191704562874232,32.663120406925295,-28.179416913043475,536328.0,117592.0,535792.0,LEG -> GOV,0.0033842454111348815
2019-04-29,LEG,GOV,5452,1993,8.773110785033015,2207.329603815114,2241.8926999266323,2241.0984959647835,0.7505502567865003,0.6179383712399119,4383.362068965517,1.3509537784299332,-2.422610011220362,59.02604548789435,32.38459237211519,-28.815962783876547,32.667101714449096,-27.795081648179963,32.644545992183026,-28.229709614636977,907138.0,93356.0,904524.0,LEG -> GOV,0.004228237991168163
2019-05-06,LEG,GOV,5112,1985,8.09330985915493,2148.9904147104853,2182.027582159624,2164.4735915492956,0.7386541471048513,0.5755086071987481,4587.77093114241,0.5697378716744942,-2.2132071768211192,55.487089201877936,32.03832554255538,-22.68542271132738,32.02814230565332,-22.267480869952387,32.179149960240196,-20.86244852267548,604816.0,109980.0,603182.0,LEG -> GOV,0.0035862057354036797
2019-05-13,LEG,GOV,6818,2008,9.062334995599883,2355.9489586388972,2394.601936051628,2385.4819595189206,0.7214725726019361,0.5457612202992079,4796.335582282194,1.2925931358169545,-2.2187234266383467,53.238486359636255,34.572798189723486,-35.18947054682268,34.61576224323518,-32.09459667072044,34.587747073882795,-34.514786107479374,2243122.0,362490.0,2241211.0,LEG -> GOV,0.005134051608589182
2019-05-20,LEG,GOV,6838,2281,7.571219654869845,1856.9235156478503,1877.6152383737935,1878.2904357999414,0.746270839426733,0.6577946768060836,4192.180462123428,0.8519450131617429,-2.035922410285496,56.37905820415326,34.046690115402185,-24.082410704120424,33.531651986620055,-24.015826716588123,34.07489640307133,-24.79330031488521,1201832.0,214510.0,1170523.0,LEG -> GOV,0.005243418696721368
2019-05-27,LEG,GOV,9726,2213,8.652991980259099,2321.883096853794,2158.0529508533828,2342.703269586675,0.6255397902529303,0.6482623894715196,5400.071046679005,0.8737713345671394,-2.6404258898241784,48.376516553567754,31.367018316761392,-46.879839850639556,30.390441566394145,-41.53557918470727,32.42299959828013,-43.83933108716155,5167694.0,1044515.0,5166091.0,LEG -> GOV,0.007699913944001058
2019-06-03,LEG,GOV,4943,1798,10.089823993526199,2396.750758648594,2389.1056038842808,2428.3338053813472,0.7760469350596804,0.5235686829860409,4688.889945377301,0.5497471171353429,-2.523438037934429,59.52660327736193,31.593200445330506,-45.44893911432773,31.587479063798515,-42.405202740297945,31.709319220100685,-43.199056653450874,944890.0,156884.0,943589.0,LEG -> GOV,0.003600313488756941
2019-06-10,LEG,GOV,4008,1795,7.718313373253493,1867.6389720558882,1898.5266966067863,1908.8061377245508,0.7909181636726547,0.6117764471057884,4413.895708582834,1.0282435129740515,-2.0408117435755697,59.96506986027944,33.69309575542915,-7.18184517244054,33.59122135935883,-7.509619445708379,33.64907774198552,-7.492246660806622,370994.0,54162.0,369391.0,LEG -> GOV,0.003285663342473839
2019-06-17,LEG,GOV,6500,2117,10.281230769230769,2654.2432307692306,2702.262153846154,2689.866615384615,0.732,0.4916923076923077,4979.881846153846,0.2435846153846163,-2.1690633075482744,58.87384615384615,34.83794496793145,-26.204289280696216,34.910096362714064,-21.215414591772166,34.784843742739284,-22.457324801424054,2905494.0,347742.0,2905005.0,LEG -> GOV,0.0048658084877666085
2019-06-24,LEG,GOV,6290,1948,10.810492845786964,2633.803497615262,2686.675516693164,2671.401430842607,0.7360890302066773,0.5823529411764706,4774.643561208267,1.1878060413354503,-2.300948298360582,62.213036565977745,33.75987442478015,-17.060035102568328,33.56593602530591,-20.049869899917717,33.77982549603691,-16.90495122708574,2186756.0,230833.0,2185885.0,LEG -> GOV,0.004181649803781567
2019-07-01,LEG,GOV,3573,1651,8.683459277917716,2603.426812202631,2636.467954100196,2634.753708368318,0.7724601175482787,0.5452001119507417,4423.642877134061,1.3417016512734377,-2.3648349698485553,56.733837111670866,29.712350272172117,-4.326791665796358,29.371676366860438,-4.26744385726718,30.216968975007234,-4.325605293298545,648392.0,158567.0,646953.0,LEG -> GOV,0.0033073778686157334
2019-07-08,LEG,GOV,5985,2082,8.256808688387636,2118.9421888053466,2144.762573099415,2150.0696741854636,0.7478696741854637,0.679030910609858,3878.4329156223894,0.8786299081035917,-2.6917351703129064,57.29323308270677,32.97674851276304,-28.548662889118745,32.42122357460755,-17.90493692533195,32.778346691962746,-22.32382083859283,1811575.0,256622.0,1787999.0,LEG -> GOV,0.004949361048652591
2019-07-15,LEG,GOV,6979,2148,9.721450064479152,2774.8008310646223,2809.4085112480298,2803.3370110330993,0.7491044562258203,0.5646940822467402,4854.492047571285,0.1866169938386587,-2.8857623441650597,52.990399770740794,32.768920810882385,-28.428934263157913,32.73373027161768,-29.73810866245225,32.731379342647095,-29.6207515430756,1492149.0,264574.0,1488998.0,LEG -> GOV,0.005913539794589437
2019-07-22,LEG,GOV,5460,2221,9.498901098901099,2536.369413919414,2576.3139194139194,2570.963186813187,0.7183150183150183,0.6208791208791209,5224.002747252747,0.7436813186813179,-2.0911627452829546,56.15018315018315,31.878924643089267,-4.7752927113914545,31.669288755687244,-6.113809860282876,31.79443080787611,-4.751685273700324,435726.0,68882.0,431146.0,LEG -> GOV,0.004456902730138621
2019-07-29,LEG,GOV,5825,1943,10.711931330472103,2700.481373390558,2755.7256652360516,2733.2714163090127,0.8,0.6693562231759657,5425.010815450643,-0.5339570815450638,-2.7455461383575175,58.290128755364805,30.19677378700547,-31.583612816929286,30.131390068730894,-31.133094125984393,30.281240546805005,-32.31338896134588,1575211.0,230080.0,1572018.0,LEG -> GOV,0.004588492926237514
2019-08-05,LEG,GOV,4196,1687,9.449475691134413,2398.995471877979,2426.3779790276453,2421.8693994280266,0.7452335557673975,0.536463298379409,4608.893469971401,0.1998331744518587,-2.42246441438642,55.085795996186846,30.280781891845248,-12.840631950504815,29.783604805418687,-10.169399873707551,30.175907394088636,-11.79381900566226,540001.0,87427.0,539462.0,LEG -> GOV,0.003218857781105397
2019-08-12,LEG,GOV,2985,1350,8.899832495812396,2162.3005025125626,2169.604690117253,2196.6184254606364,0.7909547738693468,0.6073701842546063,4312.125963149078,0.2759798994974874,-2.2368888702357115,58.65661641541038,33.06265425958494,-13.957576230228463,32.76908379845233,-13.208111074165197,32.86548334435455,-13.832998639718797,331927.0,52379.0,331374.0,LEG -> GOV,0.0026482580938219733
2019-08-19,LEG,GOV,3025,1280,7.576859504132232,2076.974214876033,2082.2171900826447,2111.6403305785125,0.7593388429752066,0.6023140495867768,4022.8155371900825,1.0076694214876023,-1.8239792474270884,61.94710743801653,29.582963374913877,-21.696113976567833,29.689737637491408,-22.158003332873808,29.576795465012093,-21.544682391933744,679111.0,91091.0,678621.0,LEG -> GOV,0.0024483063385639407
2019-08-26,LEG,GOV,4979,1590,9.191403896364731,2069.3938541875877,2142.5838521791525,2133.7278569993973,0.7909218718618196,0.6127736493271742,4590.0361518377185,1.3231572604940767,-2.4551798031878094,57.72845953002611,40.35641310441506,-3.4494980939527036,40.5296441320359,-3.799484196484611,40.676059404896336,-4.145465989328303,856375.0,142872.0,855196.0,LEG -> GOV,0.004331923290417219
2019-09-02,LEG,GOV,4210,1542,8.685748218527316,2098.210213776722,2123.200950118765,2114.004513064133,0.8273159144893112,0.6427553444180523,4326.146318289786,1.185961995249405,-2.8075858663932376,62.3729216152019,35.85122825597439,-1.187118385235884,35.58487658284166,-0.37185409484234333,35.629312325541314,-0.1790049476900582,1169886.0,142453.0,1169294.0,LEG -> GOV,0.0037264485794353147
2019-09-09,LEG,GOV,5636,1902,8.574520936834634,2091.1321859474806,2128.5665365507452,2121.402767920511,0.7915188076650106,0.5935060326472675,4674.529276082328,1.1088892831795654,-2.6593740389761558,55.45777146912704,38.44684586186737,-23.08721898795399,38.7461681563756,-23.416385046906342,38.91463002558014,-23.169083104946147,1238794.0,221806.0,1238162.0,LEG -> GOV,0.0048368589938887025
2019-09-16,LEG,GOV,4355,1717,9.957749712973593,2566.2569460390355,2598.8477611940298,2601.140757749713,0.81699196326062,0.6420206659012629,5079.37543053961,0.7605051664753141,-1.6753115201522748,59.00344431687715,32.68878433482149,-7.560198890819453,32.38295721264103,-5.2329810643343455,32.579489550282005,-5.817898185019958,1340513.0,168393.0,1339366.0,LEG -> GOV,0.0033309291494925592
2019-09-23,LEG,GOV,10330,2441,10.930590513068731,2875.9601161665055,2917.433881897386,2906.9212003872217,0.7379477250726041,0.6689254598257502,5244.646853823814,0.6041819941916735,-3.657771625236163,57.063891577928366,38.37042091646088,-25.843868514423974,38.54643042912286,-17.898742010237317,38.640556706391074,-21.079079401585012,5189485.0,602570.0,5107506.0,LEG -> GOV,0.00727945642966974
2019-09-30,LEG,GOV,4481,1889,8.217139031466191,2105.631555456371,2144.524882838652,2136.960946217362,0.7391207319794688,0.596072305288998,4373.5360410622625,-0.02711448337424691,-3.0658720473058847,57.63668823923231,30.438010613385455,-20.648536416073483,29.328028325206986,-21.501651723076932,29.889260098666046,-21.7447662727899,410523.0,64493.0,409728.0,LEG -> GOV,0.003620337230252155
2019-10-07,LEG,GOV,6407,1953,9.47385671921336,2306.303262057125,2325.613079444358,2333.362103948806,0.7170282503511785,0.5742157015764008,5024.950835024192,0.20152957702512853,-2.4217080503879336,51.06133916029343,36.99137802154643,-26.732925163155375,37.00743015942957,-20.592364367136838,36.8019475943592,-23.19322976837775,5334869.0,763080.0,5334210.0,LEG -> GOV,0.0048613893239125424
2019-10-14,LEG,GOV,5749,1934,11.379718211862933,2563.905896677683,2593.2249086797706,2574.2410854061577,0.7336928161419377,0.44512089058966775,4710.0,0.1818055313967649,-2.5823833488922747,56.96468951121934,39.66475491945344,-2.622662169363559,39.73414526033804,-1.2242442873067434,39.6301033194894,-2.400265405969102,1329043.0,190566.0,1327326.0,LEG -> GOV,0.00417414210089531
2019-10-21,LEG,GOV,6301,2027,7.42818600222187,2013.1937787652753,2064.1358514521503,2042.1393429614347,0.7251229963497857,0.6481510871290271,4425.524361212506,0.7250753848595446,-2.731350534969816,55.056340263450245,36.11797337686136,-21.871859480013057,36.1431917594833,-22.0837745925926,36.10889940585156,-22.36352156061349,820327.0,155270.0,819453.0,LEG -> GOV,0.005167075046824311
2019-10-28,LEG,GOV,5025,1820,9.913034825870646,2257.1482587064675,2312.5054726368157,2290.494328358209,0.8137313432835821,0.7042786069651741,4343.396815920398,0.2245572139303481,-2.5246392368544615,61.46865671641791,38.4094422049918,1.321913652280628,38.37232255973812,3.36820109161554,38.48070414934532,2.928359792433538,1508799.0,178064.0,1508131.0,LEG -> GOV,0.004609009260210446
2019-11-04,LEG,GOV,4032,1778,9.73735119047619,2761.722718253968,2796.391617063492,2790.1125992063494,0.7586805555555556,0.5714285714285714,5137.0776289682535,0.7514880952380945,-2.0643885783831784,54.536210317460316,35.208459435061606,-11.265815981006163,34.85699645867556,-12.711012876283379,34.90010885241272,-12.621869214065713,367490.0,70645.0,361828.0,LEG -> GOV,0.003641348816290701
2019-11-11,LEG,GOV,5100,1948,9.889411764705882,2691.173333333333,2731.119411764706,2713.484901960784,0.7750980392156863,0.6209803921568627,5904.386078431373,0.29229411764705815,-2.2858876788222497,59.75686274509804,34.16229271380378,-9.929691904325335,34.715921425517365,-6.793822298985928,34.14316299153556,-8.851172103207778,736822.0,136307.0,733951.0,LEG -> GOV,0.004348044786566418
2019-11-18,LEG,GOV,5485,1996,10.794165907019144,2694.1223336371922,2710.428258887876,2718.008204193254,0.7815861440291705,0.659070191431176,5136.833910665451,1.1238650865998163,-1.846959109263144,57.29990884229717,34.627784813084105,-10.200986122714898,34.95206629069316,-6.1890280863477205,34.79538959579439,-8.226369960326718,659656.0,112405.0,652691.0,LEG -> GOV,0.0042867738373151745
2019-11-25,LEG,GOV,6727,1762,12.200832466181062,3234.360784896685,3281.616173628661,3271.8418314255982,0.6343094990337446,0.3375947673554333,5480.661513304593,-1.1207224617214204,-2.1511954105600055,48.35885238590754,36.68364148875302,2.1238428266523877,37.022799368783616,4.679432893512863,36.02701950068878,-4.253343480569206,3015947.0,620470.0,3013843.0,LEG -> GOV,0.00723972453101071
2019-12-02,LEG,GOV,7703,1968,10.35090224587823,2794.1673374010124,2889.115279761132,2878.116707776191,0.6372841749967545,0.5490068804361937,5333.593924445021,-0.6972997533428531,-2.3340356997884646,51.02167986498767,35.53662699311005,-14.588883851410468,36.009290577580686,-12.760375732750648,36.06287170690361,-11.138739696861311,5666198.0,1022067.0,5664245.0,LEG -> GOV,0.0064653399696163434
2019-12-09,LEG,GOV,5496,2176,8.56495633187773,2469.3244177583697,2512.474708879185,2504.9970887918485,0.8020378457059679,0.6213609898107715,5037.031113537118,0.14521470160116384,-2.7758827166567976,57.962154294032025,37.27117438099738,-7.857082873843252,37.079416636878925,-9.582083792595396,37.2219937225685,-8.512504647847436,1085386.0,78854.0,919880.0,LEG -> GOV,0.00506464424928813
2019-12-16,LEG,GOV,10616,2781,8.434532780708365,2144.7741145440846,2194.6000376789752,2172.8912961567444,0.7717596081386586,0.7483986435568952,4762.81857573474,0.7082328560663156,-3.9908609950713654,56.37528259231349,38.3162923513959,-42.39362555520132,38.17558269834847,-42.856476870182455,38.36697021761825,-43.50523141205437,3434319.0,488575.0,3254622.0,LEG -> GOV,0.009722680148001612
2019-12-23,LEG,GOV,3786,1211,6.8885367142102485,1758.59587955626,1808.1553090332804,1790.8024300052825,0.6178024300052826,0.8082408874801902,5189.088748019018,1.6668251452720628,-3.69754070015882,45.124141574220815,37.55618448686356,-18.431484691570784,36.41070693706867,-30.881117869444996,36.60120611651546,-29.391629523495265,810827.0,318002.0,809070.0,LEG -> GOV,0.005357931323377902
2019-12-30,LEG,GOV,2580,1326,8.920542635658915,2217.2077519379845,2234.6151162790698,2261.1023255813952,0.6821705426356589,0.5387596899224806,4637.718992248062,0.5909302325581396,-3.472030658458546,53.94186046511628,32.12651304983658,-6.049107028594768,31.915980948529395,-3.5322141809640484,31.991007997957503,-3.2948297495914964,148795.0,21131.0,148432.0,LEG -> GOV,0.0025952079184018346
2020-01-06,LEG,GOV,10228,2108,24.071666014861165,4866.125733281189,4912.66855690262,4902.236018771999,0.7667188111067658,0.6072545952287838,8107.996480250294,1.235412592882284,-4.400297237475909,58.337895971842,35.46743330161566,2.9937306239349857,35.45190438713836,4.334370230632099,35.57438267257957,1.3310960755894432,11215898.0,1175728.0,10992792.0,LEG -> GOV,0.006679418600626538
2020-01-13,LEG,GOV,12932,2347,13.020182493040519,3161.0806526446027,3180.2577327559543,3170.793612743582,0.6947107949273121,0.5675069594803588,6119.00007732756,0.07672440457779144,-3.5801894515609134,56.43210640272193,39.970379368799094,-26.808329449333673,40.304036211722305,-28.195361070814638,39.88755955699329,-29.778124851667858,7911079.0,1079404.0,7908059.0,LEG -> GOV,0.010756677174916613
2020-01-20,LEG,GOV,8095,2196,10.125015441630635,2794.9841877702283,2833.024830142063,2824.679802347128,0.6909203211859173,0.6548486720197653,5177.735392217418,-0.25986411365040163,-3.6843174624490405,52.51266213712168,36.862852943798835,-40.92452405209399,37.48620324227349,-39.62006518935135,37.098657560791985,-39.45016137627681,2466816.0,436177.0,2464757.0,LEG -> GOV,0.006559494493508977
2020-01-27,LEG,GOV,7336,2268,9.403080697928026,2399.6776172300983,2431.954743729553,2419.596646673937,0.7290076335877863,0.6845692475463467,6085.411395856052,-0.1501772082878956,-2.630127448266155,54.38522355507088,38.377529127853286,-32.78394688239418,38.649007614081846,-33.048271076492895,38.42926762200763,-33.06245373654045,1606775.0,271746.0,1600210.0,LEG -> GOV,0.005112868524147083
2020-02-03,LEG,GOV,9915,2644,11.627130610186587,2908.7827534039334,2937.6854261220374,2926.8109934442764,0.7388804841149773,0.7259707513867877,7141.1505799294,0.2985274836106907,-3.913572386026841,55.32829046898638,38.14379996705905,-44.511419511347164,37.93063629884345,-47.33505481937277,37.96764792358529,-46.9282723661027,2569544.0,419405.0,2509112.0,LEG -> GOV,0.007783906508335021
2020-02-10,LEG,GOV,6433,2310,8.13368568319602,2248.3848904088295,2290.003730763252,2287.2953520907818,0.7127312295973884,0.6522617752215141,5466.172858697342,0.6875019431058644,-2.097583041499967,49.623814705425154,35.49691257618443,-32.431243094089446,35.5960056477837,-35.146881081789154,35.615941906270045,-34.349706266773175,965753.0,213688.0,964798.0,LEG -> GOV,0.0056059487717543145
2020-02-17,LEG,GOV,4163,1602,13.446552966610618,3933.182560653375,3962.564736968532,3958.5058851789577,0.7869325006005284,0.5813115541676676,6606.662262791257,1.1753783329329808,-2.157737175635804,57.7732404515974,34.19635934460468,-21.69281825341616,34.291007174042775,-28.376860028074525,34.00029887422321,-20.234990649689447,767398.0,106461.0,766993.0,LEG -> GOV,0.0038022292772567686
2020-02-24,LEG,GOV,3555,1787,7.655133614627285,1940.0464135021098,1972.290857946554,1965.1651195499296,0.7966244725738396,0.6466947960618846,4183.344866385372,0.7403094233473979,-2.580797453521825,61.49929676511955,29.96796964248543,-2.806433533027535,30.498047992041606,-2.2578451776758537,30.77519198469542,-2.4411316706422155,184607.0,26712.0,184220.0,LEG -> GOV,0.003098703512909957
2020-03-02,LEG,GOV,4859,1819,7.934142827742334,2087.038896892365,2108.0473348425603,2110.666186458119,0.7201070179049187,0.6573369005968306,4659.211566165878,0.7719901214241621,-2.72463170876668,55.359127392467585,34.56777685841459,-30.06502924592245,33.944071054260306,-21.596821543952537,34.4302134694786,-30.19815848591397,683047.0,103640.0,681797.0,LEG -> GOV,0.004015589644588499
2020-03-09,LEG,GOV,4930,1761,9.062474645030425,2344.002028397566,2394.6858012170387,2380.5941176470587,0.765314401622718,0.6681541582150101,5141.490263691683,1.7630020283975656,-1.6106839722604123,53.56186612576065,33.870928833333316,-31.458148922596788,33.57204155523195,-30.326142635115506,33.54021960403663,-30.426441848106588,761365.0,127864.0,760755.0,LEG -> GOV,0.004593913856194655
2020-03-16,LEG,GOV,5590,1693,10.226475849731663,2621.3334525939176,2651.5908765652953,2641.6211091234345,0.865474060822898,0.6491949910554562,6058.440966010733,1.6892665474060828,-2.245141549623881,67.14132379248659,33.64706039562253,-32.47922858734834,33.65329316792343,-32.278369854726044,33.62894288247189,-32.4096912933064,1503664.0,147874.0,1500318.0,LEG -> GOV,0.005444898889493878
2020-03-23,LEG,GOV,4756,1376,8.84125315391085,2406.228763666947,2450.253574432296,2443.0979814970565,0.8118166526492852,0.6671572750210261,6442.32211942809,1.6190496215306975,-2.766228073850648,64.29142136248949,30.95300351040996,-32.413333450879556,30.860480325965646,-32.33259583869592,30.96384682868183,-32.35334660236061,3546978.0,401245.0,3546614.0,LEG -> GOV,0.004836311793645273
2020-03-30,LEG,GOV,2434,1283,10.091207888249794,2810.9281018898932,2862.44782251438,2849.5891536565323,0.8311421528348397,0.5377978635990139,5260.913722267872,1.2470419063270333,-2.781976907070207,63.681183237469185,28.342852602657526,-17.210578022288892,28.515872972567507,-17.52561505015001,28.51202356708102,-17.49644429318473,192470.0,25401.0,191937.0,LEG -> GOV,0.002625410827176993
2020-04-06,LEG,GOV,3368,1335,8.589370546318289,2379.2651425178146,2419.9714964370546,2412.0302850356293,0.8589667458432304,0.6181710213776722,4949.579572446556,1.6395190023752964,-2.190050383475377,65.03266033254157,32.397699588379176,-25.254407468501572,31.624654966666643,-19.033362323547426,31.680539299082547,-18.948331726911334,475429.0,57446.0,474346.0,LEG -> GOV,0.003937845642998281
2020-04-13,LEG,GOV,4239,1372,12.432649209719273,3180.502712903987,3217.728709601321,3210.619957537155,0.7454588346308092,0.4567114885586223,5516.343949044586,1.3908704883227156,-1.7862956796041911,59.08940787921679,35.635846193012156,-43.336084086264854,35.66054400313257,-42.497672586746745,35.51473354433742,-43.58914006192748,1349750.0,226050.0,1349341.0,LEG -> GOV,0.005024369198092186
2020-04-20,LEG,GOV,2889,1328,11.0619591554171,3152.331948771201,3181.151263412946,3175.608861197646,0.805122879889235,0.5482866043613707,6281.905849775008,1.9814468674281744,-1.928460973756363,62.149532710280376,32.65318763471971,-40.12488246384673,32.19733817902351,-38.56741336334057,32.45164836419529,-39.32196831923358,212162.0,31576.0,211564.0,LEG -> GOV,0.0033478107704715907
2020-04-27,LEG,GOV,3003,1309,8.368298368298369,2155.831834831835,2175.769563769564,2178.838161838162,0.7925407925407926,0.6736596736596736,4533.567432567433,0.8199800199800195,-2.0592687452074987,59.433899433899434,34.76110780905582,-27.51467572070179,34.79616610143911,-27.712911617894772,34.74946679887681,-27.72316056070179,273018.0,60813.0,272706.0,LEG -> GOV,0.003554485540594284
2020-05-04,LEG,GOV,5006,1493,8.883140231721933,2549.358769476628,2602.570515381542,2586.5962844586497,0.755892928485817,0.7131442269276868,5576.813224131043,1.66414302836596,-2.212933868422361,63.13823411905713,35.72408723773805,-49.87340439156878,35.35669490839071,-56.29365970308089,35.55180105877572,-51.30947059282539,2106840.0,264109.0,2106441.0,LEG -> GOV,0.0056558005850126936
2020-05-11,LEG,GOV,4164,1655,9.944284341978866,2810.4029779058596,2855.7038904899136,2845.3674351585014,0.7756964457252642,0.5336215177713737,5654.397214217099,1.1609269932756947,-2.3681689902210734,60.56676272814601,32.00412997254513,-42.0750013597034,32.05000212218649,-43.11161978368362,32.063343743139676,-42.3611075107541,407270.0,61680.0,405165.0,LEG -> GOV,0.0047532347451871215
2020-05-18,LEG,GOV,4530,1584,7.881456953642384,2033.1105960264902,2086.334216335541,2081.2205298013246,0.7938189845474614,0.6746136865342164,4812.051214128035,0.9975055187637962,-2.47893574315501,60.42163355408388,33.25840415435179,-11.215988927243881,33.19730737511335,-12.80525385040798,33.21696650135995,-11.631922210562102,794152.0,119326.0,787718.0,LEG -> GOV,0.005147025405626506
2020-05-25,LEG,GOV,2884,1180,11.067267683772538,2991.014216366158,3024.218099861304,3032.6116504854367,0.7146324549237171,0.388002773925104,5003.065533980583,1.0216712898751736,-2.462689447039056,52.212205270457694,32.70781603383191,-27.81181398931626,33.354199512820514,-22.215447828347596,32.793260683404554,-25.90641163639602,231897.0,47649.0,231752.0,LEG -> GOV,0.0030815389744159607
2020-06-01,LEG,GOV,2653,1205,10.06747078778741,2617.057293629853,2656.021485111195,2651.6223143611005,0.8462118356577459,0.5197889182058048,4962.865058424425,1.300829249905766,-3.1211111727955645,61.6622691292876,27.227716801383817,-22.434399566951562,27.18655112983314,-21.9516643992674,27.509242651607664,-23.400163601139592,292123.0,38660.0,291743.0,LEG -> GOV,0.0020934946999784576
2020-06-08,LEG,GOV,2649,1427,8.404681011702529,2366.5726689316725,2415.4594186485465,2401.0158550396377,0.8006795016987542,0.5530388825972065,4654.377500943752,0.8542846357115891,-2.165733073124566,62.03473008682522,28.636231939668768,-30.747842449132495,28.53920900473187,-29.767799411671913,28.651420174684553,-29.955154263012606,154721.0,23488.0,153146.0,LEG -> GOV,0.0024538251976074974
2020-06-15,LEG,GOV,2840,1279,7.456690140845071,1963.4478873239436,2011.986971830986,2003.9042253521127,0.7933098591549296,0.6165492957746479,4244.017253521127,0.5179225352112675,-1.8110823499453128,64.62323943661971,31.893301616463603,-21.8258685658915,32.45433765669985,-20.77592279734222,32.3382024186046,-20.69722338316725,380602.0,50197.0,348434.0,LEG -> GOV,0.0026713898846505136
2020-06-22,LEG,GOV,3814,1485,9.01232302045097,2422.5162558993184,2468.5802307288936,2453.5319874147876,0.7986366019926586,0.6284740429994756,5311.458573675931,1.8319087572102781,-1.6418991799516462,60.29365495542737,32.653759997343556,-27.38846943772139,31.70537670454545,-25.359402056965795,31.935945655844147,-26.779605286599814,667076.0,86050.0,665931.0,LEG -> GOV,0.004079537067739141
2020-06-29,LEG,GOV,3619,1355,8.891682785299807,2285.7010223818734,2328.868195634153,2314.022658192871,0.8173528599060514,0.7004697430229345,5012.9110251450675,0.7784194528875372,-1.3868352104384267,60.45869024592429,32.876989432785024,-11.653007173284175,32.621320524957454,-17.32527203573455,32.86688764634146,-14.758203670164486,596611.0,81099.0,595390.0,LEG -> GOV,0.0038603366674382364
2020-07-06,LEG,GOV,3884,1403,7.3589083419155505,1914.4642121524203,1966.1101956745624,1953.2484552008239,0.7602986611740473,0.6979917610710608,4743.2906797116375,0.4694129763130791,-2.4159099494159966,58.20803295571576,34.03360443418623,-34.53033630757061,33.69235852492746,-28.6538336829333,33.931089922447896,-31.860554040886363,969953.0,93279.0,956160.0,LEG -> GOV,0.004105552008591639
2020-07-13,LEG,GOV,3860,1451,7.86839378238342,2084.734455958549,2138.616839378238,2126.675129533679,0.788860103626943,0.6979274611398963,4689.034974093264,1.4213471502590682,-2.040003857156782,56.30051813471503,32.067839211241385,-31.977065987486746,31.437784640745697,-31.923713935569825,31.863148751465122,-32.63765646538878,735951.0,123755.0,728751.0,LEG -> GOV,0.004220973426457193
2020-07-20,LEG,GOV,4293,1571,9.032611227579782,2233.6722571628234,2250.365711623573,2232.7817377125552,0.7190775681341719,0.6212438853948288,4853.739343116702,2.0997903563941294,-2.8241660378495173,53.5406475658048,32.42232938166106,-43.61601010801735,32.3499270069611,-42.83084893302936,32.31917628084492,-43.57437611569857,947367.0,196753.0,943648.0,LEG -> GOV,0.00441690296188685
2020-07-27,LEG,GOV,4266,1526,7.838959212376934,2048.71354899203,2088.993670886076,2079.768166901078,0.8059071729957806,0.709563994374121,4526.737458977966,0.2723628691983125,-2.8580210005556514,62.02297233942804,32.52968875976416,-13.189836372144404,32.952554658314874,-13.957102814296237,32.61096357307783,-14.022785984033387,898963.0,112116.0,874275.0,LEG -> GOV,0.0047516944480025846
2020-08-03,LEG,GOV,3038,1284,7.395325872284397,2061.7215273206057,2093.50724160632,2088.2156023699804,0.7712310730743911,0.6675444371296906,4677.988150098749,0.7749177090190909,-1.981037435404105,53.13034891375905,28.20607732652368,-30.15674747871975,28.12622711270004,-26.38527368947905,30.244837407218256,-29.008677338100064,233699.0,52087.0,232495.0,LEG -> GOV,0.0034578012800010926
2020-08-10,LEG,GOV,3618,1370,10.359867330016584,2819.6307352128247,2834.3982863460474,2836.5309563294636,0.7059148700939746,0.6365395245992261,6028.199281370923,1.3197346600331707,-1.9302499016020647,50.65505804311775,30.281344556932876,-28.249239243297698,30.11193426714702,-26.984529663112312,30.188069366858834,-27.130682350720384,474945.0,144413.0,474039.0,LEG -> GOV,0.0038523459061637535
2020-08-17,LEG,GOV,3287,1240,10.775783389108609,3485.0842713720717,3491.4298752662003,3514.9884393063585,0.7140249467599635,0.5083662914511713,6590.602372984485,0.10194706419227109,-2.084723739702313,52.108305445695166,30.298939645982017,-21.763631400868757,32.37724987589204,-27.34823003971456,30.685369789016452,-21.173945789016454,435256.0,87352.0,434817.0,LEG -> GOV,0.003489032422420244
2020-08-24,LEG,GOV,2673,1258,9.677890011223344,2729.9887766554434,2755.872053872054,2746.2008978675644,0.7459783015338571,0.5600448933782267,5327.578750467639,0.47287691732136145,-2.0444410873860988,54.09652076318743,29.129975206747723,-28.40803307414673,29.061345825029402,-28.334125445664974,29.048997489211434,-28.36107313024716,123619.0,33827.0,123185.0,LEG -> GOV,0.0027491910816364734
2020-08-31,LEG,GOV,2544,1208,8.98309748427673,2241.6116352201257,2285.4701257861634,2282.9599056603774,0.8180031446540881,0.5687893081761006,4425.446540880504,1.261163522012578,-2.3124721965717208,62.7751572327044,30.07959583387356,-17.42435435899515,29.917355687196093,-17.96461956928688,29.961326854132885,-18.066894612236638,244245.0,31948.0,240669.0,LEG -> GOV,0.0026824888519601463
2020-09-07,LEG,GOV,2255,1068,10.267849223946785,2767.3658536585367,2797.8651884700666,2794.5237250554324,0.8093126385809313,0.5055432372505543,5453.736585365854,0.5005764966740573,-2.4493288212252655,57.2549889135255,27.84132756040893,-2.9378667973977697,28.258514873082287,-1.4505462975360321,27.947943316449816,-2.1414332058550203,213771.0,41227.0,213421.0,LEG -> GOV,0.002507639682758559
2020-09-14,LEG,GOV,3338,1524,12.32174955062912,3480.4200119832235,3507.7061114439784,3502.442480527262,0.7813061713600958,0.5044937088076693,6455.967944877172,0.008777711204314254,-2.1519173134792102,57.25584182144997,31.268248877352544,-16.880661293601,31.160520834378893,-16.14640557967377,31.26910358500625,-16.801808910288578,245938.0,61520.0,245736.0,LEG -> GOV,0.003627361914655933
2020-09-21,LEG,GOV,4003,1594,7.291781164126905,1975.0039970022483,2003.4456657506869,1987.669747689233,0.8521109168123907,0.723707219585311,4680.3534848863355,1.153235073694728,-1.3124043136365953,60.86934798900825,28.021759008645493,-23.736593176316507,28.09292149986897,-24.064401875032786,28.187932124705227,-23.897874394550723,923142.0,93649.0,922267.0,LEG -> GOV,0.004404680426845773
2020-09-28,LEG,GOV,3057,1347,8.46647039581289,2054.3385672227673,2087.2358521426236,2084.529277069022,0.7965325482499183,0.6414785737651292,4490.228982662741,1.0161269218187758,-2.3442114532853817,62.61367353614655,32.81974419185454,-28.837501069673593,32.85664245371923,-30.268201104342054,32.92789377953547,-30.409716680242425,754326.0,77466.0,748882.0,LEG -> GOV,0.003886351241229648
2020-10-05,LEG,GOV,2046,1026,8.080645161290322,2081.277126099707,2125.588954056696,2111.366568914956,0.8450635386119257,0.604594330400782,4571.418377321603,1.425366568914955,-1.8049051440497887,61.97947214076246,31.125195733812923,-14.822225434737952,31.161889707241887,-11.768485462249629,31.179429682425464,-13.97275724511821,130586.0,16852.0,129482.0,LEG -> GOV,0.0028928622935336184
2020-10-12,LEG,GOV,1997,943,7.8357536304456685,2105.8698047070607,2127.0620931397098,2123.809714571858,0.8172258387581373,0.6870305458187281,4282.861291937907,0.5332498748122182,-2.044596677188091,61.867801702553834,31.343205761929447,-19.47224190197091,31.08305939419086,-19.02135212085058,31.229512072095424,-19.664377752593317,196184.0,30807.0,196033.0,LEG -> GOV,0.004015345577087799
2020-10-19,LEG,GOV,1377,811,10.463326071169208,2632.2665214233843,2654.124183006536,2660.4517066085696,0.8242556281771968,0.5199709513435004,4558.214233841685,1.4039215686274507,-2.6889501772200077,63.64560639070443,24.68681876864537,4.4782200045662,24.61003685540336,4.328174286149156,24.50283173287672,4.281252537290705,140341.0,15063.0,140161.0,LEG -> GOV,0.0029533132013314575
2020-10-26,LEG,GOV,1040,606,9.033653846153847,2457.1528846153847,2467.6096153846156,2473.183653846154,0.8009615384615385,0.5384615384615384,4514.676923076923,1.543653846153846,-2.572638419185462,63.43269230769231,29.293392013742064,-7.1173234820295965,30.41040635132274,0.2040422878306856,29.59835422962962,-5.673238678306882,57283.0,8247.0,57078.0,LEG -> GOV,0.002782735268226247
2020-11-02,LEG,GOV,1300,573,11.142307692307693,3385.2846153846153,3682.78,3641.587692307692,0.7292307692307692,0.5115384615384615,6535.54,0.6781538461538467,-2.0792984815875544,53.73076923076923,31.261699149371047,-18.232960381475674,32.709157697327,-22.219083186028268,31.43036855660376,-19.592546694662488,168750.0,23841.0,168679.0,LEG -> GOV,0.0037567694094936452
2020-11-09,LEG,GOV,1538,699,8.56371911573472,2303.421976592978,2335.760078023407,2332.347854356307,0.7535760728218466,0.6749024707412223,5381.601430429128,1.6271131339401819,-2.3459928810868194,60.16254876462939,33.89730210040705,-21.01217298846675,33.24162425983716,-15.920495755766613,33.46541017367706,-16.711986255088192,150662.0,19073.0,145356.0,LEG -> GOV,0.005986905104829229
2020-11-16,LEG,GOV,4194,1316,10.811397234144016,2966.778731521221,3015.937052932761,3002.1900333810204,0.7751549833094897,0.5913209346685742,5511.482594182165,1.0152598950882228,-2.719543632688716,54.23938960419647,26.5403812642665,-26.726140104773535,26.328849607396535,-26.981408472460185,26.558426163605212,-27.44741303231331,815430.0,131445.0,812385.0,LEG -> GOV,0.006325467472256325
2020-11-23,LEG,GOV,3710,1110,10.865229110512129,3170.9269541778976,3184.1477088948786,3167.6849056603774,0.6964959568733153,0.4862533692722372,5773.533153638814,0.0258490566037736,-1.8911548890539178,49.22911051212938,33.19038517824003,-39.284663817261865,33.46337129350572,-41.634512999437874,33.269291588698295,-40.112171482710295,733607.0,185057.0,733185.0,LEG -> GOV,0.005144575038688314
2020-11-30,LEG,GOV,4099,1513,9.818980239082704,2609.278604537692,2629.7109050988047,2638.0,0.7977555501341791,0.5691632105391559,5286.190290314711,1.6648450841668687,-1.8637209949139053,59.05830690412296,32.62719089154505,-35.85000988223462,32.44978363924053,-36.987343050886174,32.7127973523642,-36.19221486770634,654519.0,101216.0,653844.0,LEG -> GOV,0.005343842847476896
2020-12-07,LEG,GOV,5347,1787,10.371049186459697,2515.0562932485504,2547.70432017954,2539.2150738732,0.7155414250981859,0.5156162334019077,5052.350476902936,2.380269309893401,-1.765822334115203,47.4452964279035,32.8107232598967,-38.48738697685984,32.743139243449995,-37.449134913367764,32.90944558194681,-38.01772407649648,703157.0,216219.0,700602.0,LEG -> GOV,0.0065384812918972725
2020-12-14,LEG,GOV,5013,1681,8.914821464193098,2283.1952922401756,2320.2228206662676,2315.463993616597,0.7903451027328945,0.6361460203470976,5374.00797925394,1.2945342110512659,-1.378450533284166,62.77877518452025,35.3993121790678,-47.163750705762176,34.99109507808661,-45.089400701879875,35.205528859975395,-45.454341146914615,964225.0,112688.0,954667.0,LEG -> GOV,0.006186727353282742
2020-12-21,LEG,GOV,5160,1370,7.667054263565891,1728.9075581395348,1768.4527131782945,1755.604457364341,0.8083333333333333,0.7511627906976744,4013.4131782945738,2.0974612403100825,-1.9449347767281602,56.560077519379846,36.14351099086384,-43.68313987311348,35.651355548162876,-21.40479836517078,35.85269686037736,-27.21022218943606,1750880.0,188790.0,1745761.0,LEG -> GOV,0.007360513980697194
2020-12-28,LEG,GOV,6709,1400,11.35251155164704,2821.353853033239,2777.391414517812,2861.932180652854,0.6731256521091071,0.4435832463854524,5384.630347294678,1.1307199284543172,-2.112914387916934,52.572663586227456,34.92889612774589,-55.326891222041745,34.55288398499708,-52.167744796070885,34.8214027198272,-54.143329648467706,3390678.0,555782.0,3381329.0,LEG -> GOV,0.010945713567855593
2021-01-04,LEG,GOV,10456,2554,12.310826319816373,3093.414977046672,3128.434391736802,2960.387337413925,0.7825172149961744,0.698928844682479,6851.421289211936,-0.37375669472073375,-3.851106334535726,58.748087222647285,36.44832657738749,-66.02982012896243,36.20571997889894,-63.99933957336322,36.218053832859084,-64.05385212601807,5578033.0,657350.0,5238910.0,LEG -> GOV,0.009810572261488907
2021-01-11,LEG,GOV,11488,2640,12.363770891364902,3172.489206128134,3208.948642061281,3194.462917827298,0.7514798050139275,0.6653899721448467,6287.9213091922,-0.7898763927576584,-5.045383939217899,60.983635097493035,37.132836263651264,-65.7037761211708,37.16156189808986,-67.24753464711675,37.19102643841799,-66.63246022972933,6843800.0,826491.0,6826444.0,LEG -> GOV,0.012456195135491482
2021-01-18,LEG,GOV,5603,1808,9.082634303051936,2451.287167588792,2496.202927003391,2485.783508834553,0.7920756737462074,0.6500089237908263,5806.454756380511,0.026842762805641653,-2.219068685577945,57.05871854363734,35.72442626969813,-44.86136273550515,35.62656487720916,-45.13640724627267,35.70347538567751,-45.151782101233096,964846.0,132160.0,960690.0,LEG -> GOV,0.0063341725386545054
2021-01-25,LEG,GOV,3996,1675,8.67117117117117,2303.960960960961,2363.237987987988,2357.585835835836,0.8268268268268268,0.6446446446446447,5104.923423423424,-0.622847847847848,-2.5200607718712997,64.12662662662663,33.738800400051645,-30.137753149276907,34.16433939436983,-30.81655912551658,34.12166558626032,-31.24554398347112,710714.0,62958.0,710371.0,LEG -> GOV,0.004942675600425001
2021-02-01,LEG,GOV,4685,1711,9.315048025613661,2341.4162219850587,2373.2164354322304,2369.7916755602987,0.8059765208110993,0.6115261472785486,5384.112700106723,1.392764140875133,-2.0689425541617776,59.6392742796158,34.02717577570296,-34.27571894157699,33.93878280733742,-34.071927719525604,33.95161580228469,-33.3934413591039,716389.0,75762.0,706631.0,LEG -> GOV,0.005657836737897845
2021-02-08,LEG,GOV,6664,1723,13.444027611044417,3649.200930372149,3690.765906362545,3671.0244597839137,0.693577430972389,0.5853841536614646,6786.869897959184,0.7259603841536614,-5.081204464231269,54.52280912364946,33.32381007862418,-34.449368958998775,33.6092185640357,-29.740869011670757,33.334903514127866,-33.195675861640055,1921119.0,299099.0,1916635.0,LEG -> GOV,0.008427133244560112
2021-02-15,LEG,GOV,3408,1584,10.479460093896714,3116.676056338028,3138.0228873239435,3143.006748826291,0.8039906103286385,0.5786384976525821,5595.216255868545,0.802992957746478,-2.4788331855247603,61.30281690140845,30.17239843101342,-23.271922074786318,30.521322462454194,-22.33156723137973,30.494289973443216,-22.669985058913312,344532.0,44136.0,333813.0,LEG -> GOV,0.004493813095351119
2021-02-22,LEG,GOV,4360,1708,7.676605504587156,1917.080733944954,1941.1713302752294,1937.0662844036697,0.7772935779816513,0.6279816513761468,4777.237614678899,0.8736009174311921,-2.0997225218184643,60.27064220183486,27.124336169238138,-15.768919487481908,22.72402113191586,-3.1521206538275846,22.539243481910198,-7.138281150216573,554785.0,100847.0,553191.0,LEG -> GOV,0.005585511490652595
2021-03-01,LEG,GOV,4391,1582,10.645866545206104,2659.9307674789343,2703.2785242541563,2690.0917786381233,0.8237303575495332,0.5345023912548394,4771.523343202004,1.0586654520610337,-1.9050764202608075,59.565019357777274,29.135580764608495,-26.16314328767438,29.061852701443122,-25.74801724059609,28.981974693636168,-25.025051769103307,766221.0,118652.0,765239.0,LEG -> GOV,0.005779814219317032
2021-03-08,LEG,GOV,3298,1504,9.366585809581565,2359.8110976349303,2393.7546998180715,2395.140994542147,0.8677986658580958,0.6385688295936931,5217.691631291692,1.1408126137052763,-2.573639696108538,66.04305639781685,32.56150943574179,-33.94371531128142,32.88051559910496,-34.05572337519961,32.74384650799243,-33.50756216171287,882296.0,118391.0,880318.0,LEG -> GOV,0.0043115338105042976
2021-03-15,LEG,GOV,2926,1382,7.575871496924129,1892.075871496924,1932.2467532467533,1924.2764866712234,0.8161312371838687,0.6110731373889269,4252.635680109364,0.6940874914559119,-2.3214110095556326,63.1578947368421,31.50835338307916,-38.19094647095134,31.24986074754814,-37.282640690519436,31.62883506790124,-38.13547857298475,189421.0,26178.0,187505.0,LEG -> GOV,0.0032688208561048523
2021-03-22,LEG,GOV,3756,1426,7.683439829605963,2009.008785942492,2036.2265708200214,2033.611821086262,0.7838125665601704,0.7100638977635783,4836.641373801917,0.7402555910543129,-2.3095209728719914,60.087859424920126,36.311216860599465,-37.208002157504126,36.2720523734874,-38.20730887245741,36.33197183933981,-38.585255473322334,886391.0,139776.0,879470.0,LEG -> GOV,0.004403070895771716
2021-03-29,LEG,GOV,2338,1181,8.19546621043627,2143.173224978614,2188.375962360992,2173.019247219846,0.830196749358426,0.5573139435414884,4606.576561163388,0.9095380667236956,-1.8181947575911483,64.0590248075278,27.972780892873566,-34.0862568103765,28.02475444393383,-33.705317953627194,27.939968400000005,-33.83140324701563,147496.0,22325.0,146560.0,LEG -> GOV,0.003375198498628555
2021-04-05,LEG,GOV,2512,1185,9.56767515923567,2463.7181528662422,2480.5676751592355,2494.5513535031846,0.7977707006369427,0.4609872611464968,5301.46775477707,1.5229697452229305,-1.7283307198194067,64.01671974522293,32.6327807785596,-32.69049424586102,32.53418271481789,-32.67019519826168,32.58322863120862,-32.07060800662261,516715.0,59507.0,516466.0,LEG -> GOV,0.0033641490457307316
2021-04-12,LEG,GOV,2733,1261,7.941456275155507,1950.2824734723747,1990.4324917672886,1973.8715697036223,0.7885107939992682,0.6201975850713501,4110.786681302598,1.2570801317233802,-2.1200917789711626,63.64068788876692,31.678220233069368,-32.75793473216443,32.31736062522624,-29.231781083974376,31.662855202903454,-32.97640735395931,179690.0,26854.0,177927.0,LEG -> GOV,0.003195904377792616
2021-04-19,LEG,GOV,3015,1290,10.218242122719735,2714.9164179104478,2732.92504145937,2731.6832504145937,0.814262023217247,0.49087893864013266,4950.521393034825,0.9922056384742954,-2.179600121056028,65.4195688225539,30.86751324273591,-14.912631490906033,30.977322499355065,-15.997943218425544,30.97783773391039,-16.176130224533452,476373.0,56161.0,475281.0,LEG -> GOV,0.003631248246101075
2021-04-26,LEG,GOV,3325,1388,11.174736842105263,2787.765112781955,2823.8171428571427,2815.637894736842,0.8009022556390978,0.5341353383458647,5615.254436090226,0.9188270676691722,-1.751842126331068,62.529323308270676,32.54625258491154,-44.54809388947536,32.20946484844722,-45.34560671211183,32.34821235683231,-45.517608101863374,796811.0,80733.0,789596.0,LEG -> GOV,0.004241082247658795
2021-05-03,LEG,GOV,2944,1177,8.368546195652174,2122.4735054347825,2162.853260869565,2163.4487092391305,0.7822690217391305,0.6742527173913043,4745.724864130435,0.20974864130434728,-1.9163659368114718,63.11141304347826,29.5680766423611,-37.60902002187505,30.362180732291645,-39.891899904513885,29.88386787986109,-40.03278829236111,663157.0,91161.0,662436.0,LEG -> GOV,0.004084044758023123
2021-05-10,LEG,GOV,2611,1156,10.507851397931827,2702.531980084259,2733.892761394102,2725.175411719648,0.7640750670241286,0.5898123324396782,5186.258138644198,1.5013787820758315,-1.5272429547330855,57.35733435465339,29.301840437747813,-27.15711238858048,29.10958930190174,-28.638893387083975,29.460747278526142,-28.35252750633912,255565.0,39468.0,253711.0,LEG -> GOV,0.002929405917377514
2021-05-17,LEG,GOV,3485,1259,9.680918220946916,2372.0332855093257,2410.70243902439,2408.4439024390244,0.7988522238163558,0.5190817790530846,4943.167288378766,1.6351506456241012,-1.8310791664974826,64.77474892395983,34.59041950975175,-29.806060690011922,34.30551427275412,-27.50920600916084,34.584653132978694,-28.02747209426723,2403560.0,201397.0,2402695.0,LEG -> GOV,0.003665130151558653
2021-05-24,LEG,GOV,3000,1126,9.568666666666667,2489.5063333333333,2535.217,2519.051,0.851,0.5666666666666667,5403.51,0.5564666666666668,-1.7121129460688211,64.21,33.1971315748112,-19.19691311256008,33.12129448043921,-20.45242833253262,33.28983557824292,-21.081257573781766,893896.0,106182.0,893599.0,LEG -> GOV,0.003967372329958422
2021-05-31,LEG,GOV,1879,1030,7.732304417243214,2022.9792442788716,2056.420968600319,2059.008515167642,0.7615753060138372,0.6391697711548696,4443.5194252261845,1.5375199574241623,-1.4860487715576385,54.21500798296967,32.16543584560438,-18.479394461834147,32.276909123076905,-18.61601867984623,32.21616839395603,-17.896135685886865,67205.0,14612.0,66981.0,LEG -> GOV,0.002794438487404206
2021-06-07,LEG,GOV,2757,1267,10.09285455204933,2748.416031918752,2774.4555676459922,2766.0351831701123,0.7656873413130214,0.5952121871599565,5411.853826623141,1.1828073993471162,-2.084741533364372,62.30322814653609,33.7926078155522,-32.941601226897106,33.60152481254695,-34.24977303756578,33.82853034184822,-34.14856871187081,352072.0,55217.0,351756.0,LEG -> GOV,0.003493840474564157
2021-06-14,LEG,GOV,2066,1220,9.273959341723137,2314.3407550822844,2349.441916747338,2344.9632139399805,0.776863504356244,0.5755082284607939,4479.876573088093,0.7543562439496613,-1.0588502759969443,59.42884801548887,31.436565202326747,-21.285806517956498,31.0412751988838,-20.791180858447483,31.072026010131705,-20.419388422492396,82723.0,14066.0,81120.0,LEG -> GOV,0.0029724779617951694
2021-06-21,LEG,GOV,3684,1132,10.710369163952226,2603.456026058632,2649.138165038002,2625.8794788273617,0.7263843648208469,0.4785559174809989,5349.161509229099,-0.07459283387622148,-2.241309863927726,58.98751357220413,35.11192999944214,-43.99888287001402,34.81803756290099,-44.876405671687685,35.17687481483549,-43.24521045426667,987321.0,176403.0,984793.0,LEG -> GOV,0.00518117954812351
2021-06-28,LEG,GOV,2013,1023,10.002980625931446,2619.840039741679,2654.1475409836066,2647.648782911078,0.8077496274217586,0.44361649279682064,4830.361649279682,0.8550919026328864,-1.68231353247095,64.13810233482364,25.662548405293204,-10.576114142189951,24.37949639958489,-15.769161364296881,25.15190958121434,-13.066618121951228,183106.0,23912.0,182866.0,LEG -> GOV,0.0029665238176641534
2021-07-05,LEG,GOV,1486,878,7.800134589502019,2034.3196500672948,2067.3243606998653,2055.819650067295,0.8465679676985195,0.5349932705248991,4061.726110363392,1.223755047106326,-1.274046405004583,63.344549125168236,28.68153344121814,-10.3751028463173,28.545393927762053,-10.132060319405118,28.540475856232305,-10.977238470963194,69323.0,9345.0,69177.0,LEG -> GOV,0.0029392857496068755
2021-07-12,LEG,GOV,2846,1133,9.506324666198173,2444.361911454673,2475.877723120169,2459.503162333099,0.7427969079409698,0.5685172171468728,4656.404427266339,1.0125790583274767,-2.1133630428211796,55.68868587491216,31.15269563027656,-41.125355542576415,30.273799897379913,-42.44670242940318,31.8773952208879,-40.853813665211064,282981.0,74987.0,281948.0,LEG -> GOV,0.00404552710545805
2021-07-19,LEG,GOV,1897,1099,9.377438060094887,2502.922509225092,2537.742224565103,2532.6457564575644,0.7343173431734318,0.5598313125988402,4762.144965735371,0.5091723774380599,-2.5854300679998383,58.724301528729576,32.92179843108182,-11.40094492476661,31.904724484349256,-16.598133313563977,32.60147821306973,-14.198122658429435,62024.0,10334.0,61926.0,LEG -> GOV,0.0030965008071795726
2021-07-26,LEG,GOV,2523,1157,7.5834324217201745,1905.9797859690843,1952.2778438367022,1944.8707887435592,0.8220372572334522,0.6254458977407847,4181.182718985335,0.9982164090368613,-2.613821883038406,63.44034879112168,29.13808073355534,-9.687840004575687,29.21336562100454,-7.752430387391098,29.32844339168397,-8.93699242417946,446495.0,50802.0,446166.0,LEG -> GOV,0.00423775075038254
2021-08-02,LEG,GOV,2002,900,9.075424575424575,2484.2562437562437,2525.9075924075923,2496.3641358641357,0.8211788211788211,0.6238761238761239,4649.902097902098,1.7082917082917077,-2.483178723771104,63.43156843156843,30.822011874408837,-24.26727215028901,30.872958300578038,-24.409010963741455,30.933914228586453,-23.971340037834995,254361.0,30418.0,254232.0,LEG -> GOV,0.0036738326589409744
2021-08-09,LEG,GOV,1665,763,10.117717717717717,2625.2456456456457,2660.8912912912915,2657.9303303303304,0.8558558558558559,0.5111111111111111,4451.828828828829,0.8975975975975966,-1.8157890222956525,67.85585585585585,32.48567013200499,-28.107187915317457,32.69220920734745,-27.64648249128259,32.67079292092155,-27.43284198007462,274374.0,29522.0,274191.0,LEG -> GOV,0.003214645655305034
2021-08-16,LEG,GOV,2298,882,11.218885987815492,2768.541775456919,2782.4791122715405,2776.5835509138383,0.7541340295909487,0.4495213228894691,4762.024804177546,0.5029590948651026,-2.4890152742915785,60.67014795474326,28.441534847216026,15.195856495322928,28.60310265038797,7.638453400273841,28.304892954894008,13.364755337691617,375552.0,52635.0,375268.0,LEG -> GOV,0.003813038334475475
2021-08-23,LEG,GOV,2286,1081,9.171478565179353,2299.5551181102364,2341.0516185476818,2335.647419072616,0.7226596675415573,0.5599300087489064,4535.089238845145,1.1911636045494312,-2.829329932868627,58.43832020997375,31.590240218396012,-18.66751671091977,31.08558214091528,-21.343630179429066,31.28478646443137,-20.408706729950133,116881.0,21457.0,116052.0,LEG -> GOV,0.002767373561534718
2021-08-30,LEG,GOV,1865,977,8.081501340482573,1979.9613941018767,2033.998927613941,2026.1946380697052,0.825201072386059,0.5973190348525469,4113.113672922252,0.20938337801608561,-1.785184574668702,65.07238605898124,30.954960379775283,3.944925984831466,30.895052692134836,-0.07042295337078133,30.791245968539325,-0.17853932977527773,180662.0,21120.0,180500.0,LEG -> GOV,0.002637899185575147
2021-09-06,LEG,GOV,1934,954,7.807135470527404,2060.96949327818,2090.3024819027924,2087.2528438469494,0.7916235780765254,0.5977249224405378,4378.588934850051,0.6191830403309206,-2.139701737554218,60.84281282316443,31.880523182953315,-10.310324364080294,31.96323375298589,-10.547804963646218,31.626772967969607,-10.237274390124785,121241.0,18292.0,120922.0,LEG -> GOV,0.002850632180011379
2021-09-13,LEG,GOV,2232,1114,7.80062724014337,2120.1106630824374,2145.9386200716845,2146.4148745519715,0.8243727598566308,0.5900537634408602,4578.6792114695345,0.678718637992831,-2.3600247289794143,62.23566308243728,30.535592663632,-10.103792352180177,30.894917013895537,-12.724912543363693,30.842368474365113,-12.121247187829436,154674.0,22418.0,153404.0,LEG -> GOV,0.0029163318503420024
2021-09-20,LEG,GOV,3069,1211,9.486803519061583,2444.4095796676443,2449.5536005213426,2463.639296187683,0.7999348321928967,0.6357119582926034,4997.297491039427,1.5471814923427814,-2.09860565290192,57.640925382860864,32.32602991219837,-43.80052069939679,32.72597155663538,-45.31987741957104,33.151020809316336,-40.71428992124665,430558.0,81643.0,429694.0,LEG -> GOV,0.003702533019983303
2021-09-27,LEG,GOV,4242,1389,7.476661951909477,1721.5120226308345,1753.1949552098067,1747.3196605374824,0.776991984912777,0.6793965110796794,3872.2821782178216,2.6837576614804353,-2.530416891247187,64.30928807166431,33.32972942922371,-25.421755615033586,33.74800319731541,-27.44099868089106,33.4734380502148,-25.916527155662934,1758925.0,117702.0,1540079.0,LEG -> GOV,0.006048378472791565
2021-10-04,LEG,GOV,2422,1154,7.0078447563996695,1750.1255161023946,1790.3724194880265,1781.454582989265,0.8179190751445087,0.6635012386457473,3834.175887696119,1.361312964492155,-2.553277123020908,63.57555739058629,33.31641861058109,-9.60850468917749,33.017291570251516,-9.227598825108227,33.2440156478751,-9.930420704329006,492833.0,31875.0,491950.0,LEG -> GOV,0.0037075136085037074
2021-10-11,LEG,GOV,1857,983,8.371028540656974,2009.6208939149165,2091.4221863220246,2087.6725901992463,0.7996768982229402,0.5358104469574583,4309.63112547119,1.75573505654281,-1.5347068735449438,57.06515885837372,32.04327278442669,-6.757499039123006,32.38664469749287,-8.379614910421415,32.1580418300739,-7.982647028222601,161288.0,28755.0,160982.0,LEG -> GOV,0.0028739901569319343
2021-10-18,LEG,GOV,1689,1015,7.613380698638247,1904.0207223209,1943.9550029603315,1947.0988750740082,0.7608052101835405,0.6660746003552398,4153.325044404974,0.847010065127295,-1.3123639851288007,55.93842510361161,33.05212996264009,-25.851293938356118,32.43495652398752,-24.84568040286425,32.68813787975077,-25.424595922789532,57136.0,12359.0,57007.0,LEG -> GOV,0.0024795863539070003
2021-10-25,LEG,GOV,2019,1050,8.573055968301139,2354.7746409113424,2392.65725606736,2375.234274393264,0.7582961862308073,0.5928677563150074,4953.538880633977,1.2568103021297667,-1.2543739852147164,56.89450222882615,32.35545333647121,-29.811558742644053,33.4830792963992,-29.953961379835395,32.74363678868315,-30.095566926646104,135916.0,23222.0,134780.0,LEG -> GOV,0.0029530582216124664
2021-11-01,LEG,GOV,1953,974,8.385048643113159,2192.6262160778288,2220.6671786994366,2222.2278545826935,0.8110599078341014,0.6799795186891961,5057.100870455709,1.189759344598054,-1.11034319502631,58.78136200716846,33.67347928283957,-27.115308944102832,33.453849272778086,-26.30263149748461,33.532405022917835,-27.503069121855766,121250.0,24545.0,121146.0,LEG -> GOV,0.0028447823807026744
2021-11-08,LEG,GOV,2506,1160,7.567837190742218,1898.6412609736633,1926.4353551476456,1930.5538707102953,0.795291300877893,0.6811652035115723,4571.339185953711,1.8347565841979248,-1.512906826299039,57.93695131683958,33.42739890425442,-21.06143981800912,33.38229152837668,-20.86801024386621,33.2962102214787,-21.015591758942623,237933.0,44242.0,234916.0,LEG -> GOV,0.0037049466804062133
2021-11-15,LEG,GOV,2000,1023,6.9925,1837.7575,1860.265,1855.51,0.842,0.6895,4200.796,1.3364500000000001,-1.7724184998738248,64.945,32.68337785289431,-24.3606963276686,32.49286239352097,-26.167582032926166,32.52682619543282,-26.13482956346255,313403.0,25116.0,313201.0,LEG -> GOV,0.003049635873476707
2021-11-22,LEG,GOV,2220,1080,6.15,1480.4554054054054,1526.9346846846847,1506.6495495495496,0.7603603603603604,0.6927927927927928,4133.621171171171,1.1101351351351354,-1.1867363905604922,57.1981981981982,26.536639211200765,19.955853852396697,26.9087567076412,18.46045997769338,26.35135272710015,20.100083617940165,127589.0,30096.0,126852.0,LEG -> GOV,0.003976570476651083
2021-11-29,LEG,GOV,2076,1108,6.381984585741812,1641.7288053949903,1677.546724470135,1671.6396917148363,0.8665703275529865,0.7259152215799615,3972.5236030828514,2.5824662813102095,-1.8125533072523665,71.88342967244701,28.91077247578498,-15.14236185098456,29.147155534858953,-16.361179771154863,28.792441913251714,-16.765071573177217,340746.0,15556.0,337732.0,LEG -> GOV,0.0030190610952676653
2021-12-06,LEG,GOV,2515,1114,6.489463220675944,1852.5836978131213,1864.7813121272366,1880.2667992047714,0.7677932405566601,0.7089463220675944,4578.058051689861,0.5332007952286283,-1.5302916491995981,59.94831013916501,33.273373624130855,-16.011308829108764,32.58688897300611,-22.59422343049879,32.53847718527606,-18.419423412510234,208606.0,32036.0,208537.0,LEG -> GOV,0.0036804949863316807
2021-12-13,LEG,GOV,2228,1112,8.350538599640933,2126.1840215439856,2161.9941651705567,2154.104578096948,0.8105924596050269,0.6202872531418312,4588.3864452423695,0.9508527827648117,-2.019167266589103,64.20556552962299,31.624696417910457,-15.715888754935003,31.548996261434766,-15.443979055368317,31.489731064516135,-15.615705395763117,145390.0,17187.0,144995.0,LEG -> GOV,0.003602164532260229
2021-12-20,LEG,GOV,1701,1023,9.011169900058789,2453.573192239859,2479.304526748971,2484.446208112875,0.8042328042328042,0.5967078189300411,5182.357436801881,1.2446796002351557,-1.5353107127064907,64.72075249853027,25.848257369785085,4.685218250316058,25.836848554643083,4.492268938092235,25.96850640492736,3.7748503512318403,52495.0,6537.0,51919.0,LEG -> GOV,0.003461559594380918
2021-12-27,LEG,GOV,1184,653,10.75760135135135,3165.5422297297296,3175.1182432432433,3185.6841216216217,0.8412162162162162,0.5684121621621622,6094.205236486487,1.7912162162162164,-1.4515207716731422,68.69087837837837,31.761052254658384,-7.795530886424134,31.584885478260865,-7.2036074170363795,31.19721335492458,-5.155382622892636,223487.0,23150.0,223447.0,LEG -> GOV,0.002653958747080421
2022-01-03,LEG,GOV,1954,930,9.12691914022518,2461.4790174002046,2498.580348004094,2491.523541453429,0.7528147389969294,0.4841351074718526,5263.547082906858,1.1266632548618216,-2.37188319816849,56.264073694984646,28.619573988770046,-40.75739303311969,28.782447521646183,-42.03758708707266,28.955955528594338,-42.438227616453005,113568.0,23296.0,112459.0,LEG -> GOV,0.003557351830106411
2022-01-10,LEG,GOV,2595,1134,8.129865125240848,2068.081310211946,2112.436994219653,2098.3579961464357,0.8173410404624277,0.6377649325626205,4779.923314065511,-0.36597302504816975,-2.2576533827455796,52.60886319845857,33.12816867049655,-42.875595096019445,32.96598426836279,-42.801731715223426,32.97579214197789,-42.661340803036325,217744.0,54370.0,217375.0,LEG -> GOV,0.004257092282933407
2022-01-17,LEG,GOV,1925,1161,8.354285714285714,2212.529350649351,2244.7428571428572,2238.909090909091,0.7688311688311689,0.6301298701298701,4764.491948051948,1.2591168831168833,-1.6277778409163413,54.95064935064935,31.17158913489896,-14.108097292190054,31.293247697433095,-14.051698725832873,31.189326184153,-13.61899167267759,50388.0,14068.0,50066.0,LEG -> GOV,0.002784564400103571
2022-01-24,LEG,GOV,2227,1106,8.05208801077683,2234.0925011225863,2271.6093399191736,2263.4692411315673,0.814099685675797,0.6434665469241132,4701.290525370454,0.9237988325101032,-1.612627965681258,61.356084418500224,31.993966690805134,-21.775648419723673,32.217660591710334,-21.973058704144826,32.23852698856597,-21.584361035254883,222438.0,33305.0,222154.0,LEG -> GOV,0.003299132181575228
2022-01-31,LEG,GOV,2539,1267,8.153997636864908,2054.9027176053564,2091.5360378101614,2079.135486411973,0.81094919259551,0.6632532493107522,4233.519102008665,1.1303269003544703,-1.9884928346763127,60.4293028751477,34.79575207734115,-13.416077481821983,33.59323145861204,-19.524848721688258,34.25313577331661,-14.915727723777682,229310.0,33245.0,228514.0,LEG -> GOV,0.003876140591390052
2022-02-07,LEG,GOV,2358,1295,7.150551314673452,1752.945292620865,1770.5046649703138,1768.1276505513147,0.8159457167090755,0.676420695504665,3986.535199321459,1.330873621713316,-2.024627396775393,61.06870229007634,27.71658632856482,-6.423272651130585,27.511845857406545,-6.838259951084441,27.505949706045214,-6.471443882787258,159376.0,22694.0,158545.0,LEG -> GOV,0.0031268730738833166
2022-02-14,LEG,GOV,2197,1150,9.012744651797906,2352.3568502503413,2394.786982248521,2380.7555757851615,0.8306781975421028,0.5949021392808375,4547.523896222121,2.067455621301774,-2.267562730179589,60.49613108784706,32.46305602669902,-23.07443963252427,32.21902440242717,-21.96936203398059,32.55904708834951,-23.196631349029133,155429.0,25213.0,155180.0,LEG -> GOV,0.0029834815341912143
2022-02-21,LEG,GOV,2224,1129,11.12410071942446,2854.390737410072,2901.172661870504,2888.335431654676,0.7688848920863309,0.5589028776978417,4972.95368705036,1.1824190647482018,-1.9823695810198534,60.74640287769784,34.442222177358474,-17.903414853301882,33.746931034905636,-23.36327339150943,34.489708099528286,-18.250535728301884,177319.0,27221.0,177088.0,LEG -> GOV,0.002040239691468789
2022-02-28,LEG,GOV,1938,1122,7.985036119711042,2062.014963880289,2103.812693498452,2097.447884416925,0.7765737874097007,0.5923632610939112,5005.458204334365,1.5280701754385957,-1.6797950030412427,61.578947368421055,33.3181883659711,-8.852332864098448,33.894194213483146,-5.219957278223644,33.99161204975922,-3.4579295837346153,106947.0,15189.0,106452.0,LEG -> GOV,0.0020041945371737755
2022-03-07,LEG,GOV,2966,1296,9.454484153742413,2154.6099123398517,2203.9996628455833,2191.766351989211,0.8081591368846932,0.6409305461901551,5413.363115306811,2.131389076196896,-1.8809929628883209,56.86446392447741,38.74920294074842,-3.3225361604296557,38.47125619993068,-1.4363061725571646,38.58859048579347,-2.7992085911295876,355678.0,68147.0,354829.0,LEG -> GOV,0.0031412603380402814
2022-03-14,LEG,GOV,3015,1284,8.446102819237147,2025.9257048092868,2052.2059701492535,2050.6321724709783,0.714759535655058,0.573134328358209,3946.442786069652,1.3800995024875597,-1.4491713804860302,55.39635157545605,37.124710208233296,-13.330270396569489,37.722772228473424,-8.989132112521457,37.66170273687822,-8.557550024699845,439055.0,78437.0,436983.0,LEG -> GOV,0.0034100355706861356
2022-03-21,LEG,GOV,2432,1130,9.72985197368421,2499.1862664473683,2532.6862664473683,2512.0731907894738,0.828125,0.49629934210526316,4621.8108552631575,1.1583881578947348,-1.6747665764075652,63.4703947368421,32.90514553359682,-26.35698823144487,32.89794868832308,-24.158513245829663,32.89878897980683,-25.50418241571553,445469.0,55776.0,445343.0,LEG -> GOV,0.0029946202730374584
2022-03-28,LEG,GOV,2106,1109,8.275403608736942,2052.1263057929723,2076.1756885090217,2074.801044634378,0.7943969610636278,0.6296296296296297,4255.7663817663815,1.0042735042735043,-1.6660309124827528,60.14719848053181,30.45879947675568,-17.425025255192878,30.408849707715127,-17.674013346191895,30.494305013847672,-16.72923852818991,78850.0,12451.0,78513.0,LEG -> GOV,0.002478381826141397
2022-04-04,LEG,GOV,2728,1111,8.082478005865102,2209.9222873900294,2226.4508797653957,2213.3064516129034,0.7140762463343109,0.5296920821114369,4007.0601173020527,1.1175586510263915,-1.1167700903136721,53.6400293255132,25.12304788947969,15.253046148499935,25.124286653247257,11.04919778655539,25.15677328256742,15.191021454234837,318843.0,78100.0,318668.0,LEG -> GOV,0.003543496813061059
2022-04-11,LEG,GOV,1693,989,8.94743059657413,2312.131718842292,2345.633195510927,2336.225044300059,0.7489663319551093,0.5392793857058477,4935.978145304194,0.5287064382752508,-2.150035219838474,60.49616066154755,27.61823923511167,-6.044924635856082,29.335241269851124,0.531289263647649,29.1384018480149,-2.7995376408188535,68132.0,9432.0,67751.0,LEG -> GOV,0.002354885239334512
2022-04-18,LEG,GOV,1849,993,8.248242293131423,2071.1076257436453,2079.0627366143863,2101.4115738236883,0.7798810167658193,0.5749053542455381,4865.585181179015,0.8975121687398594,-1.6254165066699124,60.75716603569497,30.94795965150653,-9.393126026151226,31.262383367822615,-8.619072554292218,31.195601829448535,-8.40489132689028,140679.0,23650.0,140504.0,LEG -> GOV,0.0025901183273635007
2022-04-25,LEG,GOV,2415,985,7.579710144927536,1854.2923395445134,1864.6091097308488,1865.7619047619048,0.8708074534161491,0.7163561076604554,3988.3097308488614,0.7091925465838512,-2.5763035307011566,74.27743271221532,31.96831808958068,-18.125663878653103,31.42780972709923,-14.05200826972009,31.527864085877866,-13.942917898218818,1063301.0,99618.0,1062262.0,LEG -> GOV,0.0030143641002341594
2022-05-02,LEG,GOV,1831,877,16.998907700709996,4153.0163844893505,4194.164937192791,4179.11250682687,0.7192790824685964,0.4538503549972693,7506.027853631895,1.127853631895138,-1.9474848613090072,53.57181867831786,35.57104296948762,-8.155158693724813,34.25742368111692,-8.930045828842832,35.59767545308003,-7.845347668969497,190155.0,38494.0,189867.0,LEG -> GOV,0.0026973595045461777
2022-05-09,LEG,GOV,2303,1010,9.048198002605297,2357.9396439426832,2377.3764654798088,2368.6699956578377,0.7685627442466348,0.597047329570126,4998.393399913157,1.8001736864958735,-0.737264422502304,61.31133304385584,36.779981515398546,-10.745681568840585,36.84524800498188,-11.272893129528988,36.87369444927536,-11.510582069293482,266116.0,46204.0,264029.0,LEG -> GOV,0.003155304556078928
2022-05-16,LEG,GOV,2106,1089,7.723171889838556,1899.067901234568,1929.982431149098,1925.1975308641975,0.8214624881291548,0.620607787274454,4671.0778727445395,0.8136277302943974,-1.663591841179361,60.218423551756885,30.202567369360438,-22.17448326524541,29.996687913733265,-22.758552692117007,30.142312831928603,-21.510978640555276,252040.0,34639.0,251884.0,LEG -> GOV,0.0029597690649322177
2022-05-23,LEG,GOV,2032,1064,8.476870078740157,2238.1875,2218.6087598425197,2261.7741141732286,0.8016732283464567,0.6117125984251969,4764.329232283465,1.714468503937007,-1.6013158350086452,58.031496062992126,27.34106213492474,0.06853142345616323,27.51325742916449,3.187656919564102,27.69148724753501,2.0492794218993327,120562.0,20629.0,120323.0,LEG -> GOV,0.002700601388842742
2022-05-30,LEG,GOV,1509,877,9.584493041749504,2509.4115308151095,2527.976143141153,2521.4976805831675,0.8184227965540093,0.5029821073558648,4769.40424121935,1.0214711729622274,-1.1963170885283796,61.14645460569914,26.32502691637872,6.452203002764341,26.73082861713892,5.6284410255701465,26.528142310297174,6.55865837456807,101182.0,11063.0,100293.0,LEG -> GOV,0.0023340742356254903
2022-06-06,LEG,GOV,2178,950,10.792929292929292,3086.7901744719925,3126.153351698806,3114.3305785123966,0.8011937557392103,0.4719926538108356,5050.861340679522,1.3024793388429747,-1.3882901642808851,56.73094582185491,34.697868692049795,-27.97088701293102,34.56928419208769,-28.362904414203996,34.641781901811235,-28.45029888369875,293525.0,46628.0,292866.0,LEG -> GOV,0.0033991522408185434
2022-06-13,LEG,GOV,1962,892,13.604485219164118,3717.0876656472988,3741.961773700306,3758.636085626911,0.8068297655453619,0.49898063200815496,8072.957186544342,1.3738022426095822,-1.7581041920786016,58.883792048929664,30.986085469270517,-19.228703509477334,30.819504387133815,-18.499397804709957,31.11563269959791,-18.6205340534176,139148.0,17882.0,139054.0,LEG -> GOV,0.0032634187721428455
2022-06-20,LEG,GOV,3021,1011,17.146640185369083,4660.469712015889,4705.200926845416,4681.80701754386,0.7540549486924859,0.4448857994041708,9089.944389275075,0.8919232042370104,-2.513581832765983,59.52333664349553,34.14119864895055,-6.757252182464382,34.259268516249136,-6.257173218686455,34.31074920853077,-6.334831726133983,667068.0,96881.0,666902.0,LEG -> GOV,0.004957074784389399
2022-06-27,LEG,GOV,1739,883,14.42840713053479,3801.3202990224268,3837.127659574468,3827.8941920644047,0.8142610695802185,0.6009200690051754,8803.548016101207,1.4120184013801025,-2.230806055574185,61.48936170212766,32.416275649521516,-34.88814331997605,32.180239426435385,-34.25481724102868,32.16539830203348,-34.19995110107652,212533.0,19695.0,212463.0,LEG -> GOV,0.0027422663830310636
2022-07-04,LEG,GOV,1497,733,8.034736138944556,2121.626586506346,2148.4716098864396,2146.7234468937877,0.8804275217100869,0.5865063460253841,5030.826319305277,1.9845023380093525,-2.279093380584193,63.914495657982634,32.747011166666674,8.100514233865372,32.52799488063846,8.275030310895215,32.57326871250002,8.06211953851492,278070.0,21376.0,277960.0,LEG -> GOV,0.002581537437466265
2022-07-11,LEG,GOV,2032,947,7.627952755905512,1915.2942913385828,1946.8371062992126,1938.0733267716535,0.7701771653543307,0.6712598425196851,4452.6363188976375,1.4200295275590553,-2.6693499484828775,59.753937007874015,25.69129442628865,17.583414602577296,25.402325400515462,17.78663722371131,25.415084627319576,18.1867365695876,232020.0,36330.0,231689.0,LEG -> GOV,0.0031379331644944097
2022-07-18,LEG,GOV,1630,914,7.075460122699386,1918.3429447852761,1936.8503067484662,1939.6386503067486,0.8349693251533742,0.658282208588957,4147.301226993865,1.4995705521472393,-1.7938210659602911,60.02453987730061,29.938164571057744,-4.412587408825445,29.80592254639844,-4.997556348475018,29.633057561972734,-4.908386263465282,64060.0,12892.0,63680.0,LEG -> GOV,0.002732767220205712
2022-07-25,LEG,GOV,1780,1035,7.11629213483146,1884.9949438202248,1908.3247191011235,1899.3887640449439,0.8067415730337079,0.599438202247191,4432.94606741573,0.7679213483146061,-2.030645702947254,62.056179775280896,26.891331063388627,4.7622794808033095,27.360676126409498,5.177388314235088,27.139350074183987,5.014321225634971,99686.0,14171.0,99383.0,LEG -> GOV,0.0033220359227794614
2022-08-01,LEG,GOV,1452,932,8.929752066115702,2088.460743801653,2136.090220385675,2114.8202479338843,0.7582644628099173,0.5544077134986226,4252.229338842975,1.2015151515151519,-1.5747351663833051,60.709366391184574,26.310971336683412,28.843264398420693,25.158867618808337,26.053533930366125,25.92527691672649,27.97568942713569,70701.0,9449.0,70440.0,LEG -> GOV,0.0021880914778960566
2022-08-08,LEG,GOV,1604,797,10.562967581047381,2789.456982543641,2822.488778054863,2814.073566084788,0.7437655860349127,0.45822942643391523,5072.875935162095,1.197443890274312,-2.2306699873005944,57.443890274314214,28.915925528164337,-15.15589773757456,29.296558106030478,-16.776894122597746,29.09485094764744,-15.144505879390323,238297.0,40912.0,238234.0,LEG -> GOV,0.0028158134962432413
2022-08-15,LEG,GOV,1144,684,7.136363636363637,2078.6826923076924,2124.1215034965035,2108.755244755245,0.7797202797202797,0.6722027972027972,4796.5874125874125,1.5540209790209787,-1.5358339381066233,52.85839160839161,26.05898317435424,-7.034949211254612,25.264455640221385,-10.401995758302581,25.5155942813653,-11.600841831180809,35073.0,9051.0,35027.0,LEG -> GOV,0.0021724887719931254
2022-08-22,LEG,GOV,1161,715,7.378983634797589,1931.669250645995,1962.399655469423,1960.0964685615847,0.7872523686477175,0.627906976744186,4142.940568475452,1.1552110249784675,-1.4475839938423534,61.40396210163652,26.449328364063984,8.41997653998119,26.191902667920996,6.83918572436501,26.16606836876765,7.212174623706494,27729.0,3622.0,27092.0,LEG -> GOV,0.0021853130399756057
2022-08-29,LEG,GOV,1603,733,10.673736743605739,2902.880848409233,2930.2988147223955,2922.0299438552715,0.8533998752339363,0.37616968184653776,4933.306924516532,0.9171553337492206,-2.2735386351772724,60.561447286338115,33.136666122878474,-18.499666183299404,33.074048960624566,-17.82132045756961,32.97973548404616,-18.790459160896162,188532.0,27406.0,188060.0,LEG -> GOV,0.0030818211005734916
2022-09-05,LEG,GOV,2415,855,8.98840579710145,2441.392960662526,2469.950724637681,2476.4202898550725,0.7631469979296066,0.5014492753623189,4642.932919254658,1.7199999999999989,-0.5771787456071366,61.67701863354037,35.90547125614928,11.07338747520135,37.39220778541135,10.851823376006779,36.929182537123474,11.716755204747768,476095.0,66810.0,475798.0,LEG -> GOV,0.003661015715838479
2022-09-12,LEG,GOV,2643,903,7.036322360953462,1952.0684827847144,1960.3246311010216,1979.213015512675,0.756337495270526,0.6988270904275444,4610.951570185395,1.7236095346197517,-0.4581007447627808,55.76617480136209,40.61247715085539,11.129882399300147,40.381546845256636,11.53929912091757,40.62885278654746,10.962080311041985,540917.0,106573.0,540472.0,LEG -> GOV,0.0039545503513160885
2022-09-19,LEG,GOV,1947,980,9.001540832049306,2356.357473035439,2249.7919876733436,2376.5053929121727,0.7503852080123267,0.5310734463276836,4577.485362095532,1.2335387776065745,-2.123787522016332,60.54956343091936,30.07886215335118,-2.450399780814579,29.39879473404823,13.554577632904605,29.672394274530802,6.01214449624866,108061.0,14006.0,107887.0,LEG -> GOV,0.0031530977120203148
2022-09-26,LEG,GOV,1733,937,6.861511829197923,1751.0075014425852,1705.99422965955,1783.2758222735142,0.7109059434506636,0.7334102712060011,4517.679169070975,0.9769763416041544,-1.7216606383455857,57.69186381996538,29.04756579842137,-3.350718180327865,28.292711760024314,-10.88143982817243,29.23153321385176,-10.596342571948993,58674.0,15500.0,57377.0,LEG -> GOV,0.003018695707459993
2022-10-03,LEG,GOV,1416,732,7.733050847457627,2015.2612994350281,2047.2676553672316,2033.2139830508474,0.7923728813559322,0.5642655367231638,4243.4766949152545,0.7242937853107342,-1.5602166091016578,60.48728813559322,32.43456169963101,-20.975080766789652,32.39062649372695,-20.70387757564574,32.41694177712178,-22.097186586715853,205586.0,26867.0,205274.0,LEG -> GOV,0.002300374298190892
2022-10-10,LEG,GOV,2658,878,11.291572610985703,3041.344620015049,3087.966139954853,3070.773513920241,0.7674943566591422,0.5458991723100075,5610.938675696012,1.7434161023325818,-2.6777057486753324,58.355906696764485,36.25224722165949,-27.094832096498095,36.159813758956346,-27.163259715175133,36.3201711768601,-27.476321836965017,689248.0,117748.0,688160.0,LEG -> GOV,0.004712298069695207
2022-10-17,LEG,GOV,2703,931,10.95338512763596,2729.1276359600442,2775.3196448390677,2772.7643359230483,0.6200517943026267,0.36477987421383645,5354.404365519793,0.09189789123196408,-2.2607736952265642,49.900110987791344,41.046682077394635,4.808883960919539,40.43825340153258,1.237519287739465,41.13254339578545,5.719720919540243,618721.0,123797.0,618101.0,LEG -> GOV,0.004839809988665927
2022-10-24,LEG,GOV,1419,881,7.635658914728682,2011.723044397463,2052.5757575757575,2043.938689217759,0.7695560253699789,0.6476391825229034,4328.188865398168,1.686046511627907,-1.277328538326173,60.47216349541931,31.310367908208953,-8.298683215671643,31.574600201492537,-7.5227290298507485,31.468067193283584,-8.117490022388061,80179.0,14576.0,78846.0,LEG -> GOV,0.002563264214916789
2022-10-31,LEG,GOV,1794,849,8.866220735785953,2183.980490523969,2205.8283166109254,2200.758082497213,0.8110367892976589,0.4793756967670011,4440.833890746934,1.9550724637681147,-2.285638283113328,58.72352285395764,31.13034134908445,-32.3969349007679,31.011821523331353,-32.18265007501481,31.51987836030712,-31.18845647784996,213633.0,34595.0,213398.0,LEG -> GOV,0.0033242290716247215
2022-11-07,LEG,GOV,1022,615,8.00293542074364,2169.839530332681,2224.486301369863,2211.688845401174,0.8365949119373777,0.62426614481409,5054.389432485323,1.6155577299412922,-1.5006967943045113,58.71819960861057,30.554510977366252,-20.663307768518514,30.137966194444445,-20.07577788683127,30.382013694444446,-20.814832037037032,40597.0,7040.0,40576.0,LEG -> GOV,0.0026901957893961013
2022-11-14,LEG,GOV,1787,882,10.926133184107442,2935.139339675434,2943.6922216004477,2960.6849468382766,0.7493005036373811,0.4532736429770565,5028.971460548405,0.849748181309458,-0.9362431073843654,54.59429210968103,32.38906925695678,-25.12684767673179,32.3542362776791,-27.615689807578438,32.49097795618709,-24.470464633510954,87984.0,18608.0,87965.0,LEG -> GOV,0.0029041988181682256
2022-11-21,LEG,GOV,1313,727,9.57044935262757,2247.959634424981,2257.5247524752476,2255.2901751713634,0.8453922315308454,0.4607768469154608,4190.6313785224675,1.289185072353388,-1.6260526262141588,60.01523229246001,28.448038307383598,-12.155266343499258,27.867026945425327,-13.291663602728793,28.669806511235922,-12.230462845104364,155310.0,24542.0,155148.0,LEG -> GOV,0.003048214252549078
2022-11-28,LEG,GOV,1535,879,8.128990228013029,2016.4390879478826,2069.4482084690553,2040.8482084690554,0.7517915309446254,0.5915309446254071,4555.553745928339,2.1036482084690555,-1.7305121643917187,59.153094462540714,29.47463782563749,-21.577109305995865,29.730811367332883,-21.465148003445897,29.453803129565827,-21.535707849069603,122659.0,20962.0,122601.0,LEG -> GOV,0.0030492589406854575
2022-12-05,LEG,GOV,2053,955,8.061373599610326,2180.1495372625427,2258.924013638578,2202.1212859230395,0.7525572333170969,0.5250852411105699,4583.671212859231,1.255041402825134,-2.0298596506466846,59.12323429128105,31.738157071686423,-13.935568763280031,31.996452305512648,-16.34282768624419,31.282067375966985,-15.074382149045906,185520.0,38068.0,184261.0,LEG -> GOV,0.0038942242944208076
2022-12-12,LEG,GOV,2248,1073,7.454626334519573,1809.758896797153,1829.9483985765125,1825.1209964412812,0.8265124555160143,0.6725978647686833,4113.05115658363,2.0840747330960845,-1.2133551153337372,68.98576512455516,31.391906683138064,-4.71378214111055,31.74556682619777,-5.618278658002039,31.575169013754472,-4.40131725980642,547205.0,45578.0,546835.0,LEG -> GOV,0.004437618688533651
2022-12-19,LEG,GOV,2682,971,8.19537658463833,2091.575316927666,2133.56711409396,2123.5462341536168,0.7975391498881432,0.5044742729306487,4607.363161819538,0.9670768083519742,-1.531237712121114,57.706935123042506,36.5166244717868,-25.347121534482767,36.40054256762051,-23.793420023902826,36.893232731869816,-17.24818604349531,558610.0,112903.0,556798.0,LEG -> GOV,0.005255917316307454
2022-12-26,LEG,GOV,1485,657,9.18922558922559,2068.9737373737375,2129.967003367003,2114.771043771044,0.6471380471380471,0.39124579124579123,4756.443771043771,3.5014141414141613,-1.2143961830429009,41.86531986531987,29.812579027581315,-34.05201900777938,35.40377409766457,-8.039235661004946,32.688885733899504,-19.878177546355325,135623.0,68873.0,135382.0,LEG -> GOV,0.0034854000464720008
2023-01-02,LEG,GOV,1230,714,8.947154471544716,2427.048780487805,2443.4951219512195,2453.9121951219513,0.8016260162601626,0.5357723577235772,5038.318699186992,1.8443902439024389,-1.1966099305566833,60.479674796747965,32.74793097989511,-23.53581516608391,32.470348409965034,-23.030550827797196,32.72930680157342,-23.843720670454537,47722.0,6246.0,47637.0,LEG -> GOV,0.002324350882497449
2023-01-09,LEG,GOV,2327,1012,8.835840137516115,2110.1332187365706,2139.639020197679,2130.1482595616676,0.7623549634722819,0.572840567253975,4307.381177481736,1.7517404383326158,-1.9948239695105767,55.65535023635582,26.560781446741572,-33.82137609525941,25.302717782062782,-33.44403997182471,26.050282051235957,-34.2841427249553,287328.0,38578.0,286860.0,LEG -> GOV,0.00360985068838472
2023-01-16,LEG,GOV,1996,992,10.713927855711423,2771.244488977956,2809.009519038076,2798.0360721442885,0.8191382765531062,0.5110220440881763,5266.130761523046,0.45966933867735416,-1.783066547536724,58.33667334669339,30.693817405263157,-21.01682770526317,30.6441727431579,-20.29564641789475,30.544257991578945,-20.276755021578964,233915.0,42344.0,233816.0,LEG -> GOV,0.0034632335079987507
2023-01-23,LEG,GOV,1796,1027,7.889755011135858,2145.488307349666,2187.655902004454,2174.62583518931,0.7889755011135857,0.5840757238307349,4517.861358574611,0.8577951002227169,-1.8352100502597264,63.09576837416481,31.023419870478417,-22.17080973162191,30.925532411901997,-21.05351909918317,31.0305118949825,-22.211025579346533,123029.0,18896.0,122935.0,LEG -> GOV,0.002853597423500233
2023-01-30,LEG,GOV,2877,1165,10.995133819951338,2433.1348627042057,2452.634341327772,2455.736878693083,0.7768508863399375,0.5064303093500174,4536.64824469934,0.3836635384080639,-2.647799670901713,60.667361835245046,33.359236077620594,-25.734809458832085,32.98427983786724,-13.705058412767526,33.09226792890823,-19.46864553717812,699048.0,98616.0,697952.0,LEG -> GOV,0.004494989422635248
2023-02-06,LEG,GOV,2964,1150,10.787112010796221,2793.528677462888,2838.4112685560053,2822.913967611336,0.7688933873144399,0.4470310391363023,5471.786437246964,0.664912280701753,-1.8612877669710317,63.00269905533064,34.09039227533618,14.988326329547025,34.30041348517339,11.27864670322007,34.310863328414726,14.935731058846399,473765.0,65331.0,472624.0,LEG -> GOV,0.005001062978973263
2023-02-13,LEG,GOV,2128,1117,9.365601503759398,2338.1785714285716,2374.4788533834585,2365.1640037593984,0.7777255639097744,0.549812030075188,4508.361372180451,0.8468515037593991,-1.7151549866675282,59.82612781954887,31.93567493421699,-21.51235979823269,31.89698054884635,-20.18763713156602,31.834439892979873,-20.959834857142855,170769.0,21924.0,170062.0,LEG -> GOV,0.003466266612587695
2023-02-20,LEG,GOV,1367,929,9.147768836869057,2428.9729334308704,2460.965618141917,2459.142648134601,0.7849305047549379,0.548646671543526,4844.874908558888,0.7814923189465985,-1.482130280192697,62.77249451353328,29.891046288888884,-5.479079881141041,30.21594511269841,-1.0087974643423092,29.930590459523806,-4.55400136053882,30508.0,4376.0,30305.0,LEG -> GOV,0.0020953852473842172
2023-02-27,LEG,GOV,2448,1152,8.83578431372549,2273.4599673202615,2290.1037581699347,2302.202205882353,0.8345588235294118,0.6491013071895425,4756.967320261438,1.6972222222222215,-1.9257740538934103,63.1985294117647,31.03395609238666,-0.008509582976904982,31.26910191616767,0.9690147651839188,31.1644066201882,0.5943883276304535,417531.0,54187.0,417438.0,LEG -> GOV,0.004090328078397955
2023-03-06,LEG,GOV,2125,1093,8.07529411764706,2098.3002352941176,2129.535058823529,2123.1976470588233,0.7967058823529412,0.5661176470588235,4476.174117647059,0.7158588235294115,-1.964219999682194,62.432941176470585,32.60474826886556,-17.646972236815913,32.58057637812186,-17.827898909950246,32.800293898101884,-18.179137272139297,215225.0,25204.0,213990.0,LEG -> GOV,0.003473431112462344
2023-03-13,LEG,GOV,3891,1283,9.415060395785146,2419.165510151632,2448.4430737599587,2443.3677717810333,0.8236957080442046,0.5615523001799023,4501.046003598047,1.1790799280390631,-2.111501583413413,65.16062708815214,37.6422641182253,-29.215205953846198,37.42312359765833,-26.38505335809022,37.694095275053314,-27.251116588328937,1476262.0,165074.0,1475754.0,LEG -> GOV,0.0062137193685672994
2023-03-20,LEG,GOV,2933,1282,9.127173542448006,2255.4994885782476,2300.7166723491305,2287.4858506648484,0.8124786907603136,0.518581657006478,4318.542448005455,0.9066143879986365,-2.116423979348527,62.13433344698261,24.069904640310625,12.412567053300398,24.1305276875,11.588887956583136,24.47698256638418,11.8839297532651,401322.0,56065.0,401013.0,LEG -> GOV,0.004662082471014977
2023-03-27,LEG,GOV,4866,2151,8.21311138512125,2021.3084669132759,2036.4338265515823,2047.2542129058775,0.8020961775585697,0.5850801479654747,4280.280928894369,1.4264899301274152,-1.0761804192022457,61.535141800246606,20.508153091930307,13.209369371991727,20.76791359445209,14.5971160763236,20.567340867721228,14.803170274352484,737830.0,86725.0,725029.0,LEG -> GOV,0.004041014721551165
2023-04-03,LEG,GOV,4398,1695,8.729649840836744,2227.817417007731,2160.5579809004093,2252.9170077307867,0.7053206002728513,0.6252842201000455,4391.689176898591,0.3877671668940429,-2.259442344710117,53.43792633015007,30.041334870785203,-12.094613951662396,31.856972702192888,-18.88052578118373,32.11608838788021,-19.17452878024056,486651.0,83521.0,486008.0,LEG -> GOV,0.0036146865751132363
2023-04-10,LEG,GOV,3885,1633,9.600772200772202,2501.9392535392535,2529.4561132561134,2522.9830115830114,0.7227799227799228,0.4296010296010296,4809.595366795367,0.2466924066924059,-1.6272059193665955,58.17503217503217,25.719484653518137,-13.13245174420463,25.125764954957354,-9.122268000799343,25.19013709032774,-13.581814634692241,415917.0,73791.0,415348.0,LEG -> GOV,0.0035820680841882812
2023-04-17,LEG,GOV,3121,1546,8.200897148349888,2075.582826017302,2083.0759371996155,2102.271707785966,0.7430310797821211,0.5770586350528677,4640.447933354694,1.1634732457545651,-1.2066722340230274,58.60942005767382,26.94830781360026,-8.119534841560215,25.522586305143243,-3.0771481863997074,26.129443597514655,-7.618536829133569,181983.0,24601.0,180712.0,LEG -> GOV,0.0031805721157275777
2023-04-24,LEG,GOV,2925,1580,9.177777777777777,2254.027692307692,2284.879658119658,2285.3928205128204,0.7446153846153846,0.5620512820512821,4571.249572649573,1.0269059829059832,-0.8991749439701853,57.432478632478634,28.3207922052744,-17.619477713216945,28.004719864575904,-15.238228377983596,28.677647983250168,-16.700930468471665,143646.0,22525.0,143007.0,LEG -> GOV,0.0029452189279403104
2023-05-01,LEG,GOV,3856,1722,9.586358921161827,2556.315093360996,2565.9253112033193,2560.0977697095436,0.7494813278008299,0.5316390041493776,4738.250518672199,1.3809647302904564,-1.5541881240225504,55.35529045643153,28.147243680249915,-18.04616031867536,27.894172046442144,-20.06398521009772,27.769796774789448,-19.978999209283394,318297.0,69289.0,317597.0,LEG -> GOV,0.0038305269954800577
2023-05-08,LEG,GOV,3519,1588,8.066211992043193,2004.181869849389,2038.812162546178,2029.918158567775,0.8138675760159136,0.6501847115657857,4590.205740267122,0.8052855924978687,-1.8002478513645601,61.83574879227053,27.310358459812193,-18.471871008982784,27.383834159029718,-18.314493420876367,27.285369234147094,-18.144531594272298,311245.0,40736.0,309678.0,LEG -> GOV,0.0033590327818308684
2023-05-15,LEG,GOV,3832,1749,8.147703549060543,2120.673016701461,2156.3168058455117,2144.1555323590815,0.816544885177453,0.6461377870563675,4405.268006263048,0.6207985386221293,-1.6439980587340544,64.30062630480167,25.814531635865077,-0.6319395087719429,25.727241000274184,-1.3369562754934283,25.6168428502879,0.030657896381568576,693064.0,72459.0,681177.0,LEG -> GOV,0.0036789554531490016
2023-05-22,LEG,GOV,3698,1712,6.840183883180098,1766.1652244456463,1811.1138453217955,1798.8204434829638,0.7971876690102758,0.6798269334775554,4053.1763115197405,0.6976473769605187,-1.2307741247045594,61.16008653326122,19.90679858047118,23.42963710928195,19.65999637581605,24.052781079193952,19.57522908089695,25.963764251774148,373100.0,51437.0,372144.0,LEG -> GOV,0.004091690151286315
2023-05-29,LEG,GOV,3443,1557,6.877142027301772,1687.8103398199246,1718.2198663955853,1718.929422015684,0.7853616032529771,0.7089747313389486,4204.91112401975,1.2899796688934058,-1.4147021209283865,63.915190241068835,24.82592692444717,-1.775104609643708,25.17086360749388,-2.868989370085978,25.111816694103183,-2.736970223894315,570317.0,78501.0,568780.0,LEG -> GOV,0.003969942359158137
2023-06-05,LEG,GOV,3446,1606,8.233023795705165,2061.2785838653513,2081.9390597794545,2072.4558908879862,0.8264654672083576,0.6511897852582704,4603.990423679628,1.1887115496227507,-1.736811170917275,62.50145095763204,29.322523797790726,-22.750943096596135,28.969003128260198,-19.947487453848513,29.2394096167536,-21.141172762036188,609383.0,73340.0,608178.0,LEG -> GOV,0.00359604122403149
2023-06-12,LEG,GOV,3413,1678,8.117491942572517,2072.0811602695576,2094.1687664811016,2092.7409903310872,0.7694110753003223,0.643715206563141,4732.290946381482,1.294579548784059,-1.1470852355240286,59.871081160269554,23.225548146679273,16.934277731822487,20.54568413377401,19.419403968838548,24.049761567516544,15.336001120554,309020.0,40712.0,307914.0,LEG -> GOV,0.003925474639685594
2023-06-19,LEG,GOV,3355,1599,8.35946348733234,2061.9353204172876,2098.464083457526,2091.078390461997,0.8172876304023845,0.6196721311475409,4315.260506706409,0.9003576751117729,-1.281858427585274,60.28315946348733,28.92024350736444,9.101242479323314,28.485339623510942,7.49951299216793,28.731937905672172,5.919998924498756,296773.0,44257.0,295465.0,LEG -> GOV,0.0032080765119076532
2023-06-26,LEG,GOV,2560,1314,8.4828125,2333.27734375,2349.206640625,2350.144140625,0.76484375,0.52421875,5213.00546875,0.8420703125000001,-1.1827886794539046,57.5390625,29.071283524335357,-6.400055143499589,28.055445424713575,-12.44517930621422,28.43481826298567,-11.192397343417804,217120.0,34816.0,215272.0,LEG -> GOV,0.002975533213227175
2023-07-03,LEG,GOV,2342,1278,6.821947053800171,1727.49658411614,1761.0922288642187,1754.8360375747225,0.802732707087959,0.6818958155422715,4011.975661827498,1.2375747224594367,-2.1707861166152216,62.45943637916311,26.842864770700647,12.39405520045454,26.767323728844417,13.42582037499999,26.77447487079164,13.195590788181812,128956.0,17810.0,127744.0,LEG -> GOV,0.0030166456497573934
2023-07-10,LEG,GOV,3100,1374,8.165161290322581,2021.9293548387097,2056.8932258064515,2048.2312903225807,0.7267741935483871,0.5632258064516129,4523.891290322581,1.15858064516129,-1.1430722550086179,59.274193548387096,30.523502431578954,-1.2762803884550014,31.084072352681606,1.5156243116089636,30.664620534283777,-0.13500273523421547,343794.0,59846.0,343349.0,LEG -> GOV,0.0035562734384231255
2023-07-17,LEG,GOV,3006,1490,8.367265469061877,2159.0289421157686,2195.581836327345,2116.1413838988688,0.7887558216899534,0.6097804391217565,4557.304391217564,1.3292747837658023,-2.0206566321688033,61.1643379906853,29.956533762020058,2.4640399785541467,30.11618496022137,6.2899189152542485,30.149133701487376,4.841654107575249,189237.0,32231.0,188834.0,LEG -> GOV,0.0032830787108837447
2023-07-24,LEG,GOV,3055,1552,6.661211129296236,1669.6945990180034,1724.7427168576105,1709.3342062193126,0.755810147299509,0.6517184942716857,4249.400327332242,0.845368248772503,-1.7679716389383509,61.55810147299509,25.982429101970265,8.723114810231595,27.122590445212573,9.355286271690286,27.080529455582433,8.077800179052888,249564.0,27350.0,248536.0,LEG -> GOV,0.003886570657981782
2023-07-31,LEG,GOV,2852,1550,7.635343618513324,1989.9856241234222,2027.694950911641,2010.0985273492286,0.7748948106591865,0.6532258064516129,4111.079242636746,1.5022440392706864,-1.8070384896120615,58.457223001402525,24.996875005223888,10.390025828358215,25.089553707089557,10.365771852985073,24.834718748507473,10.320761504104485,103561.0,17613.0,102175.0,LEG -> GOV,0.003610633899193431
2023-08-07,LEG,GOV,3092,1472,7.309184993531694,1777.0394566623545,1809.3699870633893,1802.2826649417852,0.7761966364812419,0.648771021992238,3785.935640362225,1.3150388098318244,-1.796681540783572,60.36869340232859,24.620277934454357,24.649805595058336,24.622106791352092,26.671897280027455,24.824125781743312,25.808595100892244,146764.0,31855.0,145331.0,LEG -> GOV,0.004153050383270675
2023-08-14,LEG,GOV,1869,1136,7.162118780096308,1835.5671482075977,1869.2905296950241,1863.6511503477795,0.7597645799892991,0.6399143927233815,4114.389513108615,1.6074371321562333,-1.0645781573722584,58.96201177100053,26.8192194704142,1.0612225124260342,26.11549377396449,12.226784488757401,26.262377628994077,8.731384549704137,65887.0,8707.0,65493.0,LEG -> GOV,0.0023310895505075637
2023-08-21,LEG,GOV,2047,1137,9.834391792867612,2649.3883732291156,2667.352711284807,2682.9706888128967,0.8236443575964827,0.5300439667806546,4651.4973131411825,0.48295065950171123,-1.5380592009448455,60.508060576453346,29.31361624071166,5.376973830978544,29.372044031397163,5.570530855049713,29.481542455259017,6.228471744636315,214419.0,37052.0,213948.0,LEG -> GOV,0.0023867071952167916
2023-08-28,LEG,GOV,2304,1293,7.60546875,2068.9939236111113,2106.0529513888887,2096.312065972222,0.7977430555555556,0.6015625,4609.246527777777,1.3332465277777776,-0.8455286044391684,59.36631944444444,26.012792669630322,5.389294604585872,26.510010125877393,4.244549761347689,26.15418889845578,4.423649277491818,168826.0,18199.0,168722.0,LEG -> GOV,0.0029366853693417183
2023-09-04,LEG,GOV,3955,1359,8.778508217446271,2155.766877370417,2182.6063211125156,2182.4733249051833,0.70897597977244,0.6316055625790139,5045.284702907712,1.3986599241466517,-1.6358786933246297,53.80278128950695,27.73102498316678,-5.541828959505691,26.60731233429778,5.653253270312925,26.99762770436616,4.397220570076265,623435.0,154993.0,621619.0,LEG -> GOV,0.004693303587321554
2023-09-11,LEG,GOV,3888,1672,8.087705761316872,2058.4593621399176,2103.582304526749,2089.309927983539,0.8034979423868313,0.6594650205761317,4568.1247427983535,0.23508230452674744,-2.261683366202849,60.650720164609055,32.398823329925364,-28.38077483448464,32.40933968554847,-28.281692977341798,32.54068999005248,-29.704541748272977,996962.0,144191.0,994813.0,LEG -> GOV,0.0043459161466210166
2023-09-18,LEG,GOV,5283,1897,9.638084421730078,2307.8898353208406,2338.246450880182,2332.7469240961573,0.7539276925989021,0.5741056218057922,5108.894378194208,1.9790270679538153,-1.9249292585817466,61.33068332386901,35.36550183494772,-9.963934046451936,35.09226938995463,-7.810710823808636,35.43595397983802,-8.773993812018254,1508521.0,132308.0,988534.0,LEG -> GOV,0.005331027224263389
2023-09-25,LEG,GOV,6892,1955,8.599825885084156,2044.17164828787,2092.1706326175276,2077.284677887406,0.7737957051654092,0.711839814277423,4916.3527278003485,3.327321532211273,-2.340886126637413,63.74347069065583,36.108224227449284,-34.303697814004174,36.56975539108844,-28.552604837758206,36.41078800015537,-31.296301468716152,3138835.0,317493.0,2497616.0,LEG -> GOV,0.007900806588438135
2023-10-02,LEG,GOV,4422,1628,10.096788783355947,2552.912935323383,2583.4780642243327,2584.76526458616,0.7103120759837178,0.5587969244685662,4785.918588873813,1.204500226142016,-2.3520219901851425,54.1044776119403,29.828689145009484,-8.622714734318832,29.76424132570957,-11.210193693874174,29.78742100570012,-10.368589301490061,807913.0,171009.0,801992.0,LEG -> GOV,0.005058350625373199
2023-10-09,LEG,GOV,2764,1187,7.679811866859624,1898.5361794500723,1933.0,1932.168958031838,0.6899421128798843,0.540520984081042,4088.4431982633864,1.7500361794500725,-2.10468748591779,55.62590448625181,28.53799448953976,6.933726408365013,28.510604687333593,5.009644304182461,28.738099815519217,6.211514011787037,218594.0,46366.0,216988.0,LEG -> GOV,0.0020115364965787867
2023-10-16,LEG,GOV,2510,1326,8.733067729083665,2077.076494023904,2104.6362549800797,2107.8314741035856,0.7450199203187251,0.5462151394422311,4074.7466135458167,1.3083665338645416,-2.133872024155059,54.354581673306775,29.691408225834035,-10.065721935208895,28.91095285017122,-9.0855476214834,29.389394851091144,-10.489650884057992,213131.0,50627.0,212800.0,LEG -> GOV,0.0019305583543951354
2023-10-23,LEG,GOV,3726,1319,8.332796564680622,2033.5633387010198,1885.719001610306,2090.8958668813743,0.6999463231347289,0.7160493827160493,5046.339237788513,2.5059044551798193,-1.83864031690369,57.68652710681696,29.839665740403177,-8.154010901132262,29.095177761668022,-5.677337506213751,29.63637461833745,-7.535026876829631,922176.0,148145.0,899756.0,LEG -> GOV,0.0032432404202111503
2023-10-30,LEG,GOV,2334,1292,7.925449871465296,2093.823907455013,2140.681233933162,2128.7883461868037,0.7660668380462725,0.68808911739503,4936.959725792631,1.2724507283633244,-1.5260295194696607,59.43016281062553,28.972606969472707,5.971279985661429,28.879791186401476,8.179103481498611,28.682709363089725,7.973402206290476,118296.0,16720.0,117900.0,LEG -> GOV,0.002109975464981097
2023-11-06,LEG,GOV,3437,1450,8.869071864998546,2339.985743380855,2352.5152749490835,2373.0546988652895,0.7500727378527786,0.662496363107361,4333.038114634856,0.869770148385219,-2.7957416767402266,56.05760837940064,29.210875954069,-6.083155726964543,29.22910678729958,-4.896419878890589,28.369183621146682,-2.629524505701077,567388.0,150977.0,567013.0,LEG -> GOV,0.0032720525584747306
2023-11-13,LEG,GOV,4459,1492,10.134335052702399,2346.998654406818,2372.4166853554607,2364.322493832698,0.7734918143081408,0.5516932047544293,4874.47387306571,3.1548104956268235,-2.0843798653895123,60.58757568961651,35.21082412593817,0.6782696597092085,35.37394020497188,0.4993353126172733,35.68524809474676,3.078511267354608,1834902.0,247552.0,1826190.0,LEG -> GOV,0.004749118926074995
2023-11-20,LEG,GOV,1973,1081,8.413583375570198,2325.31576279777,2350.2559553978713,2351.295995945261,0.8175367460719716,0.5666497719209326,4433.674607197162,1.3108464267612785,-0.6589235279829262,62.98023314749113,28.150904285094864,-0.6189121611681953,28.051069272333525,-1.2574546814494298,27.933020797399795,-0.8909109816116785,208798.0,25166.0,208282.0,LEG -> GOV,0.0021130305334518544
2023-11-27,LEG,GOV,2384,1320,8.276845637583893,2064.3984899328857,2097.0251677852348,2089.3435402684563,0.7961409395973155,0.5893456375838926,4307.3183724832215,1.4290268456375832,-1.3251313412459884,61.69463087248322,26.155335924044728,5.709443425442687,28.202524480428707,3.4735196602982317,28.194590200838768,4.5449314729729755,112649.0,17264.0,111057.0,LEG -> GOV,0.002373695786590411
2023-12-04,LEG,GOV,4022,1419,7.469418199900547,1776.1484336151168,1803.0290900049727,1802.8264545002487,0.8095474888115366,0.7297364495275982,4377.177523620089,1.6928393833913473,-2.0573666205899794,55.39781203381402,22.979663217908897,12.116162174689464,23.411508559523785,11.426436864906847,23.61817201345754,12.038239560559026,1272035.0,201503.0,1271366.0,LEG -> GOV,0.004420630340999643
2023-12-11,LEG,GOV,3915,1732,9.607918263090676,2314.116219667944,2328.6536398467433,2344.214559386973,0.7333333333333333,0.5936143039591315,4689.658237547893,-0.0738697318007672,-2.182415905260617,58.934865900383144,27.026584680983298,17.957426663936758,27.700982968917756,16.669425856820116,27.75159908703022,15.861642975430668,329833.0,49444.0,328875.0,LEG -> GOV,0.004203164773721578
2023-12-18,LEG,GOV,2461,1315,8.23811458756603,2166.269809020723,2194.7874847622916,2187.353921170256,0.7505079236082893,0.5745631856968711,4352.361641609102,0.5682649329540836,-2.2870084678190143,60.255993498577816,25.789304335200345,2.5286020939250213,26.19876427919,6.467533280051687,25.873862068935807,3.9622558914260972,145171.0,24164.0,144070.0,LEG -> GOV,0.0030633685353090257
2023-12-25,LEG,GOV,1202,726,7.434276206322795,2014.2803660565723,2046.126455906822,2044.9126455906821,0.7911813643926788,0.6447587354409318,4341.926788685524,0.6673876871880203,-1.9882780286633936,61.214642262895175,27.580334782152242,-11.910331431321078,27.250142157480322,-7.850263259842505,27.50302507961506,-9.295077494313206,57086.0,7132.0,56889.0,LEG -> GOV,0.0019556162957178186
2024-01-01,LEG,GOV,2181,993,6.893626776707932,1656.9362677670792,1686.1921137093077,1689.0142136634572,0.7771664374140302,0.6506189821182944,4029.3186611646033,1.2342961944062352,-1.7928007452655936,58.895002292526364,28.547423931665055,-13.59525240760339,29.625244578440793,-12.564148868623622,29.29218081231952,-11.850125286332963,302607.0,60534.0,302398.0,LEG -> GOV,0.0029738732756375555
2024-01-08,LEG,GOV,2431,1244,9.455779514603044,2089.141916906623,2360.260798025504,2364.6663924310983,0.7527766351295763,0.5298231180584122,4500.429864253394,1.447470176881941,-2.1166340718640457,58.8399835458659,30.07184739590748,-7.829595385676156,30.477548916814957,-8.69221228736654,30.061351676156587,-8.83765409030249,129764.0,24155.0,129404.0,LEG -> GOV,0.002879952991964327
2024-01-15,LEG,GOV,2854,1249,8.81499649614576,2080.2740014015417,2105.976874562018,2109.37456201822,0.673791170287316,0.5777855641205326,4498.309740714786,2.3157323055360926,-1.0875855945947792,52.11282410651717,31.0077862569956,-9.358711492268036,30.324078721281296,-8.128251080633285,30.35256834793815,-7.751646080265093,277674.0,80867.0,273047.0,LEG -> GOV,0.003514856240655581
2024-01-22,LEG,GOV,2539,1351,8.343836155966915,2095.959432847578,2133.7684127609296,2124.1071287908626,0.8223710122095313,0.6301693580149665,4500.261520283576,1.5659708546671918,-1.2228566180394809,59.48404883812525,26.25252845435597,7.626596508545222,26.18632214839515,7.259669318466022,25.94366849937472,5.597590060441844,306091.0,42505.0,305804.0,LEG -> GOV,0.0031799947146208367
2024-01-29,LEG,GOV,3694,1450,14.838115863562534,2882.411207363292,2909.2579859231187,2906.939090416892,0.6632376827287493,0.41093665403356794,5209.963183540877,0.43733080671359115,-2.512199392531973,50.32485110990796,29.289144321008976,-14.701332422515089,29.04454326311273,-14.797993056430816,29.767484239896923,-18.66557741764538,453249.0,149082.0,452364.0,LEG -> GOV,0.004599252465841773
2024-02-05,LEG,GOV,3216,1593,8.641169154228855,2175.1837686567164,2216.976368159204,2194.7904228855723,0.7643034825870647,0.5780472636815921,4380.41355721393,1.5009017412935328,-1.784244422191128,60.94838308457712,29.479728217103084,3.6811610440397278,29.645050280556475,3.487803696357613,29.76234303081511,5.443476053973505,476305.0,46521.0,475635.0,LEG -> GOV,0.0036923331274383063
2024-02-12,LEG,GOV,2650,1457,8.627169811320755,2164.81320754717,2195.573962264151,2197.746037735849,0.8128301886792453,0.5313207547169811,4541.991698113207,1.339849056603773,-1.7687358397113702,57.75471698113208,28.25631951668675,-9.463666654603935,29.501422127462785,-10.827301594290304,28.432964293124233,-8.474750075995175,142159.0,31077.0,141804.0,LEG -> GOV,0.002997032372473445
2024-02-19,LEG,GOV,2488,1315,7.114147909967846,1819.1153536977492,1838.8404340836014,1841.1712218649518,0.7664790996784566,0.5848070739549839,3941.43729903537,1.4633038585208997,-1.0054313123157979,57.331189710610936,31.978670591157897,-3.226022001684209,32.12080990357895,-2.7095910442105215,32.064265843789464,-2.6119208703157866,167802.0,34030.0,167121.0,LEG -> GOV,0.0027161186577046395
2024-02-26,LEG,GOV,4616,1789,7.7575823223570195,1759.9664211438476,1795.8934142114385,1784.2974436741767,0.7640814558058926,0.6055025996533796,4161.7918110918545,2.851494800693249,-1.4242769142436762,59.939341421143844,27.69956880696864,9.433279327061552,28.906307279907082,5.235579599999997,29.159927284785137,4.24699930987224,676398.0,107281.0,673095.0,LEG -> GOV,0.005181329702511306
2024-03-04,LEG,GOV,3187,1622,8.007216818324443,2080.1735174144965,2121.423595858174,2119.6821462190146,0.8318167555695011,0.6623784122999686,4945.5268277376845,2.2592092877314074,-1.3702914439868785,67.1666143708817,24.578251826693233,3.21011602224436,24.665571394754313,3.278304052788848,24.612674352257635,3.6236304883798187,336472.0,38172.0,333816.0,LEG -> GOV,0.0037146037425769118
2024-03-11,LEG,GOV,3785,1518,8.78124174372523,2129.2808454425362,2176.77463672391,2166.4694848084546,0.8029062087186262,0.5434610303830911,4480.531571994716,1.4695904887714657,-1.34784270817722,62.623513870541615,29.076239193484962,-0.9497186217354667,28.98293103762987,1.084542176916601,29.044212782645314,0.3284602653748964,569362.0,70980.0,560514.0,LEG -> GOV,0.004550153875745336
2024-03-18,LEG,GOV,3504,1686,7.566210045662101,1775.6372716894978,1819.564497716895,1805.1809360730595,0.7993721461187214,0.6886415525114156,4644.327340182648,2.1425513698630123,-1.764682568270426,65.06278538812785,29.767761421758113,-5.913381941762701,29.72964868744157,-6.707364525381509,29.671227716022443,-6.305030313609473,477306.0,44224.0,466853.0,LEG -> GOV,0.003920305031953171
2024-03-25,LEG,GOV,2343,1267,7.501493811352966,1957.1425522833974,1998.486982501067,1990.5659411011525,0.8096457533077251,0.6291079812206573,4000.67050789586,1.0256508749466497,-0.8012208437496344,60.96884336320956,21.88714779432943,18.037895407788703,21.993796724246508,18.43402639704564,21.922661829739432,18.672465085496853,231497.0,30917.0,225732.0,LEG -> GOV,0.003065429853597268
2024-04-01,LEG,GOV,1931,1166,8.158467115484205,2030.4298291040911,2060.57172449508,2064.658208182289,0.8125323666494044,0.5981356809943035,4511.066804764371,1.0582599689280172,-2.212128344637942,61.693423096841016,28.385070954118294,2.429386192711211,28.35012193093924,2.290802000552182,28.574808814364644,1.8601112009939282,169029.0,21727.0,168965.0,LEG -> GOV,0.0024406891060075584
2024-04-08,LEG,GOV,2049,1222,7.91800878477306,1967.4973157637871,1995.068326012689,1992.2947779404587,0.7940458760370913,0.5993167398731089,4250.318204001952,0.914787701317716,-1.459662841697472,62.25963884821864,28.861861612598414,14.792664146456707,28.974557004724403,17.75525698162731,28.913523253018365,16.844979198950142,246909.0,26457.0,246722.0,LEG -> GOV,0.00232577937445729
2024-04-15,LEG,GOV,2209,1309,7.625622453598914,1949.6410140334992,1986.5052059755546,1978.3191489361702,0.7722951561792666,0.6600271616115889,4843.4427342689,0.6217292892711638,-2.0793501350461203,59.2077863286555,28.49548258024691,-9.110486822580645,28.309755175213674,-9.610944115275139,28.291713390973865,-9.197953114380633,128032.0,15118.0,125767.0,LEG -> GOV,0.002530439155481683
2024-04-22,LEG,GOV,2669,1525,11.982390408392657,2997.185088047958,3030.9029599100786,3026.584488572499,0.7362307980517048,0.47583364556013485,5922.43162233046,1.0493443237167477,-2.169197020467065,58.60247283626826,28.807730915387634,-12.547457738805956,28.45206795701892,-12.603464296936364,28.20818385055204,-12.742246110761968,197587.0,28637.0,197363.0,LEG -> GOV,0.0028548721618409808
2024-04-29,LEG,GOV,2369,1216,7.24905023216547,1866.4221190375686,1884.7323765301815,1894.7112705783031,0.7116926973406501,0.6791895314478683,3928.6910088645,0.8230054875474876,-1.997802193405866,52.085268045588855,27.237039886363636,4.822119492522935,27.34596117351377,7.520041070429344,27.450520234042553,4.610750760250863,242351.0,30622.0,242199.0,LEG -> GOV,0.0027139513596678645
2024-05-06,LEG,GOV,2682,1462,8.090976882923192,2013.5891126025354,2055.830350484713,2048.3530947054437,0.819910514541387,0.5857568978374348,4446.799030574199,0.8563012677106636,-2.3184912092046943,63.19537658463833,28.10813211648176,11.85350933728747,27.322651291204423,12.339541071965208,27.42936576840853,12.394109683669441,404228.0,42766.0,403900.0,LEG -> GOV,0.003162735849056604
2024-05-13,LEG,GOV,2755,1454,7.385117967332123,1866.8617059891108,1880.186932849365,1880.410163339383,0.8148820326678766,0.652994555353902,4639.835208711434,0.3353176043557173,-1.7987981759524343,63.1578947368421,26.94760814772291,-9.826296051213982,26.85264076855393,-10.58760059446133,27.02691663747608,-10.621719490136591,415005.0,46607.0,393480.0,LEG -> GOV,0.0034148645147855576
2024-05-20,LEG,GOV,2096,1259,7.908396946564886,2003.4408396946565,2036.619751908397,2014.4394083969466,0.7972328244274809,0.5916030534351145,4421.965171755725,0.3961832061068703,-2.24752792280251,60.60591603053435,29.72519181076921,2.739450817718923,29.8814019364754,3.1091171257637273,29.801945173846143,2.9387192041751353,57958.0,11033.0,57522.0,LEG -> GOV,0.0027063215073797617
2024-05-27,LEG,GOV,2573,1334,7.992226972405752,1883.0275942479595,1909.9479207151185,1909.220365332297,0.7842984842596191,0.706956859696852,4129.46016323358,1.2794014768752417,-1.6970481457686406,54.566653711620674,27.91186399373695,3.2776153969930895,27.84835475344757,3.1757792381145804,28.056348400835077,3.3610280845184852,140015.0,29888.0,137599.0,LEG -> GOV,0.003253453237773945
2024-06-03,LEG,GOV,2806,1428,6.05880256593015,1584.059515324305,1614.7811831789024,1609.115823235923,0.7829650748396294,0.7248752672843906,4068.6764076977906,0.4222380612972201,-1.8469674874274367,61.46471846044191,19.99682700892193,28.072333694690272,19.879365226850126,28.66457509587021,19.764671350185868,28.723629046091435,576242.0,51102.0,575932.0,LEG -> GOV,0.0032567127628089438
2024-06-10,LEG,GOV,2098,1179,6.993326978074356,1802.4246901811248,1851.1725452812202,1833.5033365109628,0.8570066730219257,0.6763584366062917,4458.564823641564,0.4190181124880837,-1.1969822840644373,63.975214489990464,25.122768058168948,-4.114780256449165,24.458229721800713,-3.2861299802731407,24.56516008649469,-3.5340985503287796,157779.0,27009.0,157045.0,LEG -> GOV,0.0025616793285420892
2024-06-17,LEG,GOV,1920,1173,7.5046875,1936.4390625,1964.2,1958.7208333333333,0.8192708333333333,0.6286458333333333,4362.6953125,1.1236458333333332,-0.9713814537883252,65.30729166666667,25.87599420752566,15.327555665717538,25.758100384834677,15.469919633257396,26.004848183010274,14.998924333712981,141374.0,15786.0,139897.0,LEG -> GOV,0.002693194633809692
2024-06-24,LEG,GOV,2377,1312,8.567101388304586,2198.4812789230123,2219.8397139251156,2215.9478334034497,0.8186790071518721,0.5742532604122844,4221.569625578461,0.9766091712242323,-1.7886207815800992,63.6222128733698,24.67791290135311,7.586466187091153,24.638766600611078,8.039062108155255,24.636128931034474,7.790645703009158,180348.0,22623.0,179556.0,LEG -> GOV,0.003084409264906248
2024-07-01,LEG,GOV,2833,1453,9.927285563007413,2618.034239322273,2663.140487116131,2649.280268266855,0.7924461701376633,0.5047652665019414,4824.08718672785,1.0763501588422169,-1.882960192611183,62.27673843981645,26.260061104982878,10.069476144106464,26.212277468619245,10.00291941901141,26.28574447546595,10.135519371482893,242449.0,29694.0,242095.0,LEG -> GOV,0.0041943402316140434
2024-07-08,LEG,GOV,3650,1529,9.145753424657535,2105.622465753425,2124.5649315068495,2128.627397260274,0.7750684931506849,0.6536986301369863,4703.610136986302,0.39372602739725954,-1.6121881840939636,56.43561643835616,31.660671386075958,-19.878842294506754,31.61273756172662,-20.244155534656308,31.590079048331425,-20.72188559102674,685142.0,109547.0,683798.0,LEG -> GOV,0.004732613803154384
2024-07-15,LEG,GOV,2419,1361,8.30963207937164,2007.5332782141381,2047.3914840843324,2034.379082265399,0.8495245969408847,0.6275320380322448,4672.999173212071,1.403927242662257,-1.7118027431456384,64.5721372467962,30.22234212252092,-22.268843240193906,29.72374228250328,-22.345305340678706,29.957215005729367,-22.66370173159981,241309.0,15584.0,240896.0,LEG -> GOV,0.0032036679945753516
2024-07-22,LEG,GOV,3844,1827,10.15296566077003,2524.8249219562954,2560.7229448491157,2554.2203433922996,0.7814776274713839,0.6230489073881373,5083.267689906347,1.4737513007284062,-1.0739860736864377,56.433402705515086,28.37447006318382,-23.299238412199173,28.451710368708984,-24.128587533096333,28.462536046225395,-23.806962613512088,298913.0,46664.0,296451.0,LEG -> GOV,0.004589774021687996
2024-07-29,LEG,GOV,1964,1182,7.588085539714868,1970.6206720977598,2005.3060081466394,2000.3660896130345,0.8009164969450102,0.6715885947046843,4239.885437881874,0.679938900203666,-1.2621832888138158,66.17617107942974,27.33695867676211,-12.405660755641161,27.373274786305902,-12.80456609768211,27.403524663541088,-12.359742110253576,189309.0,19773.0,188880.0,LEG -> GOV,0.00250682548333612
2024-08-05,LEG,GOV,2679,1171,9.558044046285927,2376.1280328480775,2393.04217991788,2406.5879059350505,0.7230309817095931,0.49757372153788726,4746.553564762971,0.35311683463979,-2.3720038863102393,59.72377752892871,27.956955096484382,2.981663976562505,25.949814458593742,7.046048871093754,27.198570634375,4.207570202343758,397609.0,64703.0,397217.0,LEG -> GOV,0.0035760242192547347
2024-08-12,LEG,GOV,1782,909,8.163860830527497,1989.7087542087543,2041.9107744107744,2022.4792368125702,0.835016835016835,0.5830527497194163,3938.754208754209,1.3687991021324353,-1.6254468266619062,64.60157126823793,20.26359837850746,22.63071466089552,19.986009899104474,22.56408271940298,19.978250827462684,23.078999871641784,157416.0,23024.0,147199.0,LEG -> GOV,0.002312807920134148
2024-08-19,LEG,GOV,2599,1179,6.813005001923817,1765.4790303963064,1803.951135051943,1793.5148133897653,0.764524817237399,0.6918045402077723,4704.415159676799,1.8388611004232394,-1.3202106161540983,54.92112350904194,30.245939644704944,-4.405311345189955,30.636131128941006,-4.64453489369441,30.4716558900566,-4.792241177445424,301636.0,49506.0,300219.0,LEG -> GOV,0.003102657493592338
2024-08-26,LEG,GOV,1600,898,11.000625,2827.893125,2879.235,2867.97,0.735,0.4875,6547.226875,2.0564375000000004,-1.2430205963844239,53.4875,22.93860909813086,28.649315308205473,23.203966500000014,11.55562941627752,22.81619321576486,25.152791368491318,94863.0,23379.0,94579.0,LEG -> GOV,0.002179112120766394
2024-09-02,LEG,GOV,1900,1042,7.657368421052632,1937.0063157894738,1968.3157894736842,1967.7263157894736,0.8442105263157895,0.6478947368421053,4898.114210526316,1.4855789473684207,-1.3227864384643904,64.8,29.16028564980325,-0.3698099450672635,29.02621084991567,-2.232528308295964,28.958177999437876,-1.2316973806053821,191934.0,22183.0,191725.0,LEG -> GOV,0.0026204005075302034
2024-09-09,LEG,GOV,2693,1145,6.8837727441515035,1678.225399183067,1729.214259190494,1714.9428147047902,0.8963980690679539,0.7096175269216487,3913.7437801708134,1.1731526178982532,-2.058942744044281,66.79539546973635,30.23638668947985,-7.583856702776699,30.252010155260056,-7.159840970277672,30.217706099335157,-6.806494848650768,457407.0,58819.0,456721.0,LEG -> GOV,0.003486806328818914
2024-09-16,LEG,GOV,2276,1084,8.45298769771529,1977.7100175746925,2005.0685413005272,1999.9630931458698,0.781195079086116,0.5259226713532513,4045.8079964850617,-0.16133567662565887,-1.793524358140586,60.24165202108963,27.724126700956948,-1.3039881734985865,28.971578844646274,-3.1672261763584446,27.619651861788626,-1.6161963193517754,284420.0,45952.0,282279.0,LEG -> GOV,0.0030993015677618168
2024-09-23,LEG,GOV,2455,1223,6.514052953156823,1611.569450101833,1647.448065173116,1639.0570264765784,0.8415478615071283,0.7042769857433808,3812.281466395112,1.4076578411405298,-2.102719053914774,66.61507128309572,31.037170080323186,-6.164501972459637,30.683354197718625,-8.227300192782518,30.792203926806078,-6.904381597340923,370023.0,27238.0,316915.0,LEG -> GOV,0.002828986335592681
2024-09-30,LEG,GOV,2511,1157,7.573874950219036,1882.3639984070091,1907.7626443647948,1919.9095977698128,0.7427319792911191,0.6467542811628834,5010.94782954998,1.4750696933492626,-1.989274075558056,53.022700119474315,29.691839077355226,-21.38622741484898,29.94781207688983,-23.023598155201363,29.660443237332196,-22.18691454991608,310426.0,76505.0,310316.0,LEG -> GOV,0.002874349379399237
2024-10-07,LEG,GOV,2521,1241,9.743355811186037,2618.426814756049,2666.0757635858786,2486.8203094010314,0.738992463308211,0.44625148750495836,4726.028163427211,1.394168980563268,-1.7740124482388284,54.815549385164616,28.005699727882593,-0.3958849916177592,27.778416344234795,0.3956228256496302,28.01914221006289,-0.22191576571667138,261533.0,43550.0,250171.0,LEG -> GOV,0.0033547669361835768
2024-10-14,LEG,GOV,1969,1106,8.360589131538852,2491.6846114779078,2494.3468765871003,2506.8197054342304,0.7211782630777044,0.6348400203148806,5572.098527171152,0.6100558659217881,-2.119777638681787,54.09852717115287,22.63017556493151,-9.84210588846365,23.00255016912973,-10.699411276653922,22.616954237808216,-9.594464998906522,175049.0,34953.0,174532.0,LEG -> GOV,0.0025442760894902917
2024-10-21,LEG,GOV,1931,1197,8.798032107716208,2388.749352667012,2434.2237182806834,2415.95598135681,0.76954945624029,0.6079751424132573,4610.846711548421,1.8088037286380105,-1.233538341483575,57.02744691869498,18.50093225364274,11.991698976856833,19.24872443550998,15.83240099354144,20.05203713977334,14.084950566200215,46462.0,7532.0,45983.0,LEG -> GOV,0.0023594011935075534
2024-10-28,LEG,GOV,1935,1031,8.402583979328165,2439.5545219638243,2486.0046511627907,2465.684754521964,0.7421188630490956,0.5627906976744186,5230.087855297158,1.1699741602067184,-1.7589627503309266,56.84237726098191,24.631773734054665,5.099956455834219,23.759516966428187,6.793976205561616,24.286373527454245,9.31128479334788,119749.0,20014.0,103303.0,LEG -> GOV,0.002734321457287355
2024-11-04,LEG,GOV,2032,1112,9.326279527559056,2581.7780511811025,2613.0339566929133,2610.0433070866143,0.7878937007874016,0.5497047244094488,4881.520669291339,0.6926181102362203,-0.5036149639941135,55.585629921259844,26.894599773497692,-16.20973964971752,27.67619865690807,-18.876143594247566,26.706277012326662,-15.68058729429893,111148.0,18758.0,111009.0,LEG -> GOV,0.002650419801975032
2024-11-11,LEG,GOV,4527,1459,10.573669096531919,3152.069361608129,3202.8902142699358,3194.545836094544,0.6507620941020543,0.3825933289153965,5437.255798542081,0.889639938148884,-0.39521011547440554,52.12281864369339,25.66145731564499,-21.08166791359996,27.869179867337547,-25.778828954742785,25.82328352081422,-20.377220735771363,1269743.0,247477.0,1269304.0,LEG -> GOV,0.005984477637195505
2024-11-18,LEG,GOV,3716,1609,8.174650161463939,2121.9281485468246,2168.836114101184,2152.668191603875,0.8436490850376749,0.5847685683530678,4421.867061356297,0.6858180839612485,-2.151871769118538,62.94402583423035,25.534949159000927,-1.6414333780078976,24.639253617118502,-0.5530500965579986,25.39312859719685,-1.8421078163265057,500726.0,52463.0,497441.0,LEG -> GOV,0.00499067270668785
2024-11-25,LEG,GOV,2291,1181,8.389349628982977,2121.6294194674815,2147.1209079004802,2142.006983849847,0.8057616761239633,0.5997381056307289,4454.159755565255,0.8000872981230904,-1.825578914086705,62.889567874290705,20.807026449506814,21.435620455678695,21.643329181647058,20.181885559556807,21.70604817254349,20.313042675438616,324002.0,35746.0,322960.0,LEG -> GOV,0.003258820935541916
2024-12-02,LEG,GOV,3561,1563,8.722549845549002,2131.093793878124,2150.6411120471776,2162.0244313395115,0.7944397641112048,0.5888795282224094,4622.873631002527,1.0203032855939334,-2.2886626180211533,61.90676776186464,30.034441717087663,0.3816501942637568,30.35678783095237,1.303732747486703,29.68269358720238,0.5001340907747001,375148.0,66708.0,366811.0,LEG -> GOV,0.004381685269244162
2024-12-09,LEG,GOV,3373,1543,7.805810850874592,1859.6131040616663,1905.6516454195078,1897.520604802846,0.8520604802846131,0.6973021049510821,4572.3990512896535,0.1321375630002967,-1.9069834568708857,69.78654017195375,32.91043329878235,-10.67133484639208,32.85498239518897,-9.568893968411283,32.89039557589004,-9.473188222050176,514890.0,58112.0,511681.0,LEG -> GOV,0.004204304519783166
2024-12-16,LEG,GOV,5165,1865,7.280348499515973,1720.9107454017426,1742.8997095837367,1748.183155856728,0.7630203291384318,0.7614714424007745,4538.25440464666,2.676108422071644,-1.9962427360027224,63.653436592449175,33.3372879715216,-34.15580211275905,33.032004223148945,-33.55867708106462,33.325975348993325,-33.807341037180024,2072581.0,216928.0,1873344.0,LEG -> GOV,0.007063334796599206
2024-12-23,LEG,GOV,1782,864,8.698092031425364,2372.783950617284,2387.254208754209,2387.51290684624,0.7542087542087542,0.5718294051627385,4413.280583613917,1.1740740740740743,-2.2018407373982387,52.665544332211,32.845979326315764,12.74176815789473,31.82225935225276,12.385648188414274,31.599654507899334,12.045472590988876,129013.0,33706.0,128840.0,LEG -> GOV,0.0037722508822028928
2024-12-30,LEG,GOV,2210,961,8.53710407239819,2241.5800904977377,2209.5642533936652,2271.150678733032,0.685972850678733,0.6009049773755656,4364.218552036199,0.689592760180994,-1.3544474298105462,54.932126696832576,30.600390995687597,-31.780750274772625,30.016219452323906,-32.72421313451414,30.16207358361282,-32.787941272379165,357396.0,68734.0,357083.0,LEG -> GOV,0.004465052378499056
2025-01-06,LEG,GOV,3031,1370,8.020455295282085,1933.421643022105,1978.1481359287363,1964.9046519300562,0.7657538766083801,0.6552292972616298,4293.0498185417355,1.4425272187396885,-1.3856415552375612,57.34411085450346,34.81284147068964,-37.379940728714224,34.645586672990675,-37.72291988279904,34.62676474965516,-37.95550285970356,256563.0,31357.0,256190.0,LEG -> GOV,0.004233045125015188
2025-01-13,LEG,GOV,2464,1388,7.977678571428571,2022.6530032467533,2031.905844155844,2031.7577110389611,0.8624188311688312,0.606737012987013,4196.765016233766,2.044115259740259,-1.529375141347272,62.24837662337662,27.183728478111572,-7.3652809648068995,26.610041508154506,-5.231956748497879,27.055817513733892,-6.88212273819746,320037.0,48680.0,319909.0,LEG -> GOV,0.0031116179276675115
2025-01-20,LEG,GOV,4789,1570,8.522656086865734,2211.941115055335,2255.623512215494,2232.559406974316,0.6801002296930465,0.7300062643558154,5094.410106494049,1.5264147003549864,-1.1263028417532537,50.76216329087492,35.482080806098296,-35.38281058510404,35.636863423200865,-31.20064811633391,35.42254248743282,-36.85119994075976,1326735.0,242614.0,1325884.0,LEG -> GOV,0.005299641673841305
2025-01-27,LEG,GOV,2844,1337,10.068917018284107,2739.3618143459917,2757.450421940928,2758.5488748241914,0.810478199718706,0.5569620253164557,5096.457454289733,0.9766877637130796,-1.9497917230035167,60.5028129395218,32.17834368064394,-26.377866043190263,32.097204041487764,-27.001437509881615,32.128546536306416,-26.552470685307213,282430.0,42370.0,281036.0,LEG -> GOV,0.0034800271647690076
2025-02-03,LEG,GOV,4796,1697,8.743536280233528,2467.290658882402,2521.3438281901585,2505.960383653044,0.700583819849875,0.5498331943286072,4807.183486238532,0.5839449541284398,-2.1092026338109875,51.49082568807339,30.394899780650903,-31.745107407267106,30.099015169415974,-31.93905344650025,29.94254707601427,-31.440615780873845,681040.0,147888.0,679426.0,LEG -> GOV,0.0055561026187593765
2025-02-10,LEG,GOV,3027,1396,8.454905847373638,2441.7647836141396,2495.5543442352164,2488.8467129170795,0.7548728113643872,0.4922365378262306,4855.153947803105,1.5299636603898266,-1.714131380252676,56.22068054179055,28.61640045231212,-22.31337585776174,28.632974997471994,-22.478194141516255,27.917769167208384,-17.77680581913357,255568.0,44484.0,255126.0,LEG -> GOV,0.0034539811497295695
2025-02-17,LEG,GOV,2731,1566,7.6759428780666425,2057.4086415232514,2091.7107286708165,2090.087513731234,0.7865250823874039,0.6276089344562431,4347.575613328451,0.9170267301354812,-1.8975204517597788,58.077627242768216,25.356266172863158,-7.547156566117305,25.54168301954772,-5.1510558359524765,25.500904410118817,-6.573512124568811,156063.0,21688.0,152779.0,LEG -> GOV,0.0029441696600675292
2025-02-24,LEG,GOV,2778,1497,8.6414686825054,2171.4578833693304,2234.0763138948882,2225.6112311015117,0.8232541396688265,0.6169906407487401,4434.946724262059,0.9836213102951747,-1.724944264417231,61.21310295176386,27.63835174513618,-12.309852120233447,27.431609705312123,-14.866767966265975,27.28887008695651,-14.607361258540353,509838.0,26143.0,323066.0,LEG -> GOV,0.0029838113732836105
2025-03-03,LEG,GOV,4256,1815,6.84328007518797,1597.5897556390978,1637.6447368421052,1623.810620300752,0.8531484962406015,0.7041823308270677,3971.4772086466164,1.3102208646616553,-1.7859128820319736,61.59304511278196,35.238310820093446,-44.079731993509874,35.44501038411625,-44.2828801855697,35.37767021178301,-44.96796168102778,804219.0,76932.0,737285.0,LEG -> GOV,0.0047640422271449665
2025-03-10,LEG,GOV,3886,1659,7.416623777663407,1700.4449305198148,1755.2683993823985,1742.28486875965,0.7694287184765826,0.7354606278950078,4346.975295934122,2.3516212043232194,-2.045532842063314,61.98404529078744,32.949821056116726,-37.552816330995896,32.69488571041609,-38.98266023813522,32.87043119753086,-38.18232994474062,1059852.0,143713.0,1057634.0,LEG -> GOV,0.004376505620419789
2025-03-17,LEG,GOV,3283,1689,8.279926896131586,2072.122448979592,2114.8912579957355,2108.6570210173622,0.7590618336886994,0.6110265001522998,4046.8282059092294,1.7722509899482184,-2.165825800211371,53.53944562899787,30.576204281976732,-10.45538602648581,30.57795906944442,-10.364290658591752,30.405842767764838,-15.152596968023275,185695.0,48173.0,185167.0,LEG -> GOV,0.0036599205809496843
2025-03-24,LEG,GOV,3959,1620,10.673149785299318,2812.5819651427128,2861.722657236676,2856.9295276584994,0.8300075776711291,0.49734781510482445,5639.7906036878,0.01603940388987098,-2.038576700493948,57.83278605708512,31.198660361118446,-27.43065200685838,30.707950110524923,-22.925733586652633,31.224618224479034,-30.20439899050387,647642.0,107720.0,646305.0,LEG -> GOV,0.004909248955591076
2025-03-31,LEG,GOV,2706,1413,6.903547671840355,1717.9368070953437,1771.3725055432371,1754.9926090169993,0.8229859571322986,0.6736881005173688,4244.006651884701,1.1933111603843307,-2.3458380582358216,59.212860310421284,25.21103969067625,-9.194582868747522,25.46893420968386,-9.550789651860764,25.352692875150048,-10.758711350540235,245670.0,31125.0,208366.0,LEG -> GOV,0.0037469882854689967
2025-04-07,LEG,GOV,2963,1398,7.636517043536956,2072.8677016537295,2112.0472494093824,2108.7779277759028,0.7988525143435707,0.6297671279109011,4257.744178197772,1.067026662166723,-1.9585054772013728,58.420519743503206,31.790119347563135,-32.64287213625043,31.851050144788328,-33.753519676627526,31.770133908217712,-32.678482896478116,542156.0,82431.0,542021.0,LEG -> GOV,0.003826133668039323
2025-04-14,LEG,GOV,2374,1236,9.812973883740522,2553.4608256107836,2555.6760741364783,2578.811710193766,0.7986520640269588,0.476832350463353,6086.965459140691,0.43622577927548467,-2.159372153777168,55.98989048020219,34.81645168608413,-23.40252507859457,34.470940367545076,-22.65274002357837,34.72209271798427,-23.179049847434133,188858.0,46739.0,188255.0,LEG -> GOV,0.0028554657993620307
2025-04-21,LEG,GOV,2101,1126,7.128510233222275,1782.1280342693956,1799.516420752023,1801.2927177534507,0.7691575440266539,0.7025226082817706,4039.724892908139,0.8049500237981917,-1.73427519518407,60.37601142313184,35.1429243591549,-18.470349017102645,32.893731827464784,-32.64260685412473,33.807913605130764,-26.627133415995974,244820.0,36658.0,244674.0,LEG -> GOV,0.0022465758697862814
2025-04-28,LEG,GOV,3014,1354,8.481751824817518,2161.6413404114132,2201.0099535500995,2194.3019243530193,0.7495023224950232,0.4880557398805574,4331.492368944923,0.5853682813536835,-2.3214925718444976,56.38022561380225,29.907782243196667,-31.323789252841916,29.79054968136408,-31.010227510850864,29.829351606613823,-31.32248586014471,400041.0,72792.0,399978.0,LEG -> GOV,0.0038898604218962746
2025-05-05,LEG,GOV,2738,1307,7.922205989773557,1951.1135865595325,1989.6811541271002,1984.1555880204528,0.8371073776479182,0.6212563915266618,4516.536523009496,0.7893718042366686,-1.8668517529658857,60.0,29.293285263590125,-16.00166159273724,29.17173962768868,-16.157094112846565,29.285751911615158,-16.022765203045708,242114.0,44931.0,241836.0,LEG -> GOV,0.003308349534740691
2025-05-12,LEG,GOV,2837,1402,9.27458583010222,2388.0387733521325,2421.848783926683,2415.6140289037717,0.7849841381741276,0.5008812125484667,4752.625660909412,1.6435318998942545,-1.9511360302464735,62.65773704617554,30.545066728141055,-19.84086143717853,30.216720189199094,-24.333208898236556,30.047061080088145,-25.297202716017612,322764.0,46850.0,322518.0,LEG -> GOV,0.003519209275727628
2025-05-19,LEG,GOV,2585,1410,7.972920696324952,2215.833655705996,2251.635976789168,2249.5733075435205,0.7988394584139265,0.5949709864603482,4783.0893617021275,1.2521856866537708,-1.5900897051674618,57.34622823984526,30.503825807644358,-13.940446722891567,30.442096685916063,-14.572429486913176,30.245520024511833,-12.86643874241795,122155.0,19877.0,120442.0,LEG -> GOV,0.003337956112010702
