week,a1c,a2c,mentions,events,avg_sentenceid,avg_a1co,avg_a2co,avg_actco,avg_raw_text,avg_root_event,avg_len,avg_goldstein,avg_tone,avg_confidence,avg_lat1,avg_lon1,avg_lat2,avg_lon2,avg_lata,avg_lona,total_num_mentions,total_num_sources,total_num_articles,pair,Relative_mentions
2016-01-11,OPP,COP,802,314,10.884039900249377,2670.8528678304237,2704.1034912718205,2690.6733167082293,0.8291770573566085,0.6458852867830424,4709.665835411472,-4.4291770573566085,-6.206249125810908,67.41895261845387,27.428915436005628,-14.108321016877632,27.633469361462726,-12.92129049648382,27.607629008438813,-13.243469033755268,102259.0,9826.0,98788.0,OPP -> COP,0.000523338481887725
2016-01-18,OPP,COP,929,378,9.502691065662003,1868.9547900968785,1897.767491926803,1888.4445640473627,0.891280947255113,0.7308934337997847,3927.9429494079654,-4.5869752421959085,-6.937522511939802,71.89451022604952,30.60394948456057,-1.079184560570069,30.926439068883607,-2.4250547149643698,30.672985517814723,-1.3537561045130637,70836.0,8075.0,69780.0,OPP -> COP,0.0006187006088440222
2016-01-25,OPP,COP,937,413,8.979722518676628,2156.4375667022414,2208.7577374599787,2194.3521878335114,0.7662753468516542,0.6232657417289221,4307.60939167556,-5.81931696905016,-7.012126316206343,61.270010672358595,28.760476592244412,-8.466912172737954,29.01334254994124,-8.111739622796708,28.96515065804935,-8.056387448883662,56883.0,10413.0,55349.0,OPP -> COP,0.0006548793051150477
2016-02-01,OPP,COP,1184,349,9.175675675675675,1990.2398648648648,1996.6199324324325,1995.6410472972973,0.7331081081081081,0.5160472972972973,3974.4932432432433,-2.853800675675676,-6.227473071223057,64.62837837837837,33.72065219791668,-4.979076465277753,34.833141234375034,-5.059843652777758,33.997919272569476,-5.2199823159721905,214070.0,27868.0,212220.0,OPP -> COP,0.000807185037625458
2016-02-08,OPP,COP,1550,452,5.224516129032258,1104.0612903225806,1104.316129032258,1134.1729032258065,0.8129032258064516,0.7883870967741935,2727.349677419355,-4.960838709677421,-7.859178433863225,62.406451612903226,27.449765908910877,48.662450730033015,26.950323189438926,49.064872088448865,27.35947547986797,48.71190368712873,252841.0,27402.0,237897.0,OPP -> COP,0.0009680596524603392
2016-02-15,OPP,COP,2227,501,11.061966771441401,2383.399191737764,2418.248765154917,2406.936686124832,0.8697799730579254,0.8311629995509654,3767.1585092052087,-7.17198024247867,-6.928653438746454,77.79074988774136,24.3778023874644,30.159745466761677,24.350522173314346,30.199580224596414,24.395730957264966,29.927628610161474,1653206.0,124131.0,1652020.0,OPP -> COP,0.0013514038336905523
2016-02-22,OPP,COP,1228,488,6.666938110749186,1622.0912052117264,1617.964983713355,1590.1327361563517,0.7109120521172638,0.753257328990228,3506.9576547231272,-3.775407166123779,-7.446424167124359,56.32736156351792,32.63247093534094,-8.850356364924679,32.759039170212716,-8.570230909574427,32.887875656333,-8.666773636846711,99559.0,39132.0,98295.0,OPP -> COP,0.000772198344301107
2016-02-29,OPP,COP,1550,433,7.082580645161291,1558.5664516129032,1571.8116129032258,1570.8438709677419,0.8438709677419355,0.7625806451612903,2951.4129032258065,-3.6607741935483875,-8.434272889970178,74.76774193548387,27.723707076177288,17.043641421745154,28.356333806786697,16.369041744459835,28.264100566481993,17.38578291274238,526322.0,9091.0,525870.0,OPP -> COP,0.0010078219991287217
2016-03-07,OPP,COP,1037,397,7.922854387656702,1728.5834136933463,1747.2796528447445,1753.092574734812,0.7560270009643202,0.6914175506268081,4095.029893924783,-3.4632594021215044,-6.414189222225104,61.620057859209254,34.159264798780505,-18.298684825203235,33.936674483739836,-17.870633002032513,33.83609615040652,-18.087640359756087,133860.0,19796.0,133318.0,OPP -> COP,0.0006732157510413096
2016-03-14,OPP,COP,958,397,9.823590814196242,2305.029227557411,2316.19624217119,2315.161795407098,0.837160751565762,0.5427974947807933,4802.939457202505,-4.962212943632567,-6.124506318617938,70.69937369519833,29.410257812154704,-21.779760398895004,29.282089502762435,-19.659474255248607,29.240225303867415,-19.51019328287291,106817.0,11740.0,106596.0,OPP -> COP,0.0006679253596896587
2016-03-21,OPP,COP,882,348,8.930839002267573,2112.2233560090704,2173.87641723356,2157.62358276644,0.8786848072562359,0.608843537414966,4155.142857142857,-4.14013605442177,-6.152910924028368,58.956916099773245,35.26863268998795,-28.58893818817852,34.98814356280193,-28.31001755314009,35.19117581620316,-28.650938107617886,103741.0,19075.0,103609.0,OPP -> COP,0.0006191094230279224
2016-03-28,OPP,COP,1164,364,8.026632302405499,1702.0060137457044,1733.3797250859106,1716.044673539519,0.7981099656357389,0.6993127147766323,3857.189003436426,-5.650773195876288,-6.606405735606386,69.81958762886597,35.35628151075269,-3.5949333906810144,35.67436279211469,-5.375141688172052,35.58672677060931,-4.867269513440868,258589.0,27504.0,258024.0,OPP -> COP,0.0008086483692605244
2016-04-04,OPP,COP,1160,429,7.887931034482759,1754.1974137931034,1782.7163793103448,1792.9525862068965,0.7586206896551724,0.6887931034482758,3822.1163793103447,-5.3875,-5.720117004683951,59.66379310344828,16.82853718644068,49.63746883407678,16.74498787332739,49.57619723996439,16.77713246743979,49.79515552096349,188622.0,28038.0,187383.0,OPP -> COP,0.0007750037246946252
2016-04-11,OPP,COP,1184,406,7.3766891891891895,1599.6452702702702,1597.737331081081,1596.0261824324325,0.6883445945945946,0.71875,3719.558277027027,-4.219763513513511,-6.051542977149039,60.557432432432435,32.06718296028243,-8.331501043248052,30.15419376345984,-2.4105674969108635,29.75330513150927,-1.6433011632833285,176612.0,26951.0,175988.0,OPP -> COP,0.0008357969578120191
2016-04-18,OPP,COP,721,309,8.219140083217754,1982.859916782247,2011.0374479889042,1998.7184466019417,0.7212205270457698,0.636615811373093,5658.676837725381,-4.382801664355063,-6.501001758292359,60.027739251040224,17.500110474295187,31.738402381426212,20.44022203316749,31.48533986069653,18.197170905472635,31.551888451077946,47588.0,4566.0,46447.0,OPP -> COP,0.0005715440806344853
2016-04-25,OPP,COP,1661,446,5.1173991571342565,1054.4683925346178,1043.76760987357,1059.4166164960866,0.8687537627934979,0.8651414810355208,3243.447922937989,-4.4091511137868755,-6.489882491203791,70.15653220951233,31.96462207447485,-41.228565465945245,32.00043790515595,-41.20686312985358,31.987792831954167,-41.89263617886694,367997.0,45175.0,364407.0,OPP -> COP,0.0011349620939059848
2016-05-02,OPP,COP,1297,532,8.684656900539707,1918.3269082498073,1943.502698535081,1932.2737085582112,0.7910562837316885,0.5975327679259831,3616.1973785659216,-5.077178103315344,-6.463425477267678,62.120277563608326,28.80880202953953,11.068734672458742,28.601904305821023,12.275474636837545,28.673357322328403,12.03891440225892,111647.0,16732.0,111190.0,OPP -> COP,0.0008677715532843179
2016-05-09,OPP,COP,1197,380,6.289891395154553,1354.814536340852,1367.3224728487887,1367.3625730994152,0.9139515455304928,0.6858813700918964,3086.501253132832,-5.540768588137008,-6.815750320725999,78.68838763575606,17.34828053452915,10.594372304035875,17.90729560179372,11.070495075336325,18.043663530044842,10.684728115695073,364095.0,33701.0,364039.0,OPP -> COP,0.0007998390966963371
2016-05-16,OPP,COP,1195,380,9.215062761506276,2102.3037656903766,2102.0644351464434,2125.4066945606696,0.8485355648535565,0.5397489539748954,3839.599163179916,-4.170376569037657,-6.24559245610345,76.51882845188284,27.73610641782006,40.597859722318304,27.627165905709337,43.62053262024219,27.630489365916947,43.8234735371972,457892.0,42659.0,457253.0,OPP -> COP,0.0009212348092619946
2016-05-23,OPP,COP,4959,692,7.968743698326276,1907.1889493849567,1916.0112925993144,1906.7683000604961,0.6957047791893527,0.7739463601532567,3966.245210727969,-5.924803387779795,-5.2914999936184826,50.80258116555757,30.23355726612904,-69.1542285466893,30.811321704371863,-70.43763133106947,30.450026044567092,-69.51860764473672,1938478.0,321559.0,1923454.0,OPP -> COP,0.0030220280800584537
2016-05-30,OPP,COP,1076,356,6.212825278810409,1403.1273234200744,1425.2853159851302,1422.1031598513011,0.7881040892193308,0.6849442379182156,3253.702602230483,-5.381877323420074,-7.707548859231437,70.0278810408922,26.502067858114664,12.042389948493703,26.462240264591433,11.525995312925188,26.48536075996112,11.684584574344042,238363.0,28146.0,220696.0,OPP -> COP,0.0008880613521641956
2016-06-06,OPP,COP,1067,360,8.370196813495783,1917.0946579194,1946.8528584817245,1934.8744142455482,0.6813495782567948,0.6954076850984068,3841.7244611059045,-5.456419868791004,-5.1871515982553555,53.12089971883786,24.545385990196074,-17.953584794117617,24.701325148039214,-18.940706068627424,24.556601000980386,-18.1139065588235,98428.0,18712.0,98094.0,OPP -> COP,0.0007576048043647125
2016-06-13,OPP,COP,1105,369,8.1710407239819,1634.3303167420815,1667.4723981900452,1668.6190045248868,0.9294117647058824,0.6135746606334842,3340.724886877828,-1.9681447963800902,-6.6076642862007215,69.28506787330316,31.28487283365385,11.274545378119008,31.20957241323107,10.383064634707582,31.301533624760086,10.626813704697993,319840.0,34797.0,319561.0,OPP -> COP,0.0006661361690840477
2016-06-20,OPP,COP,1518,377,9.43939393939394,2381.094861660079,2437.17720685112,2407.544795783926,0.8992094861660079,0.6679841897233202,5290.766139657444,-2.38965744400527,-7.357291782350681,73.57707509881423,28.23863009176299,-49.899842139450826,28.507202902456623,-49.57431155635835,28.418794822254313,-49.77116107008668,694211.0,71423.0,694137.0,OPP -> COP,0.0010192393171230862
2016-06-27,OPP,COP,487,260,9.11088295687885,2045.6036960985625,2046.453798767967,2073.2854209445586,0.8583162217659137,0.6078028747433265,3913.874743326489,-4.841273100616016,-7.801291170252435,70.10266940451746,24.580778244552057,16.585006036319626,24.837812893462463,16.408293348668284,25.054206815980624,15.91892688377725,20143.0,2417.0,20063.0,OPP -> COP,0.00029904122593393584
2016-07-04,OPP,COP,6729,865,20.39634418189924,4070.643780650914,4035.1575271214147,4134.339574973993,0.7124386981720909,0.7216525486699361,6630.460692524893,-5.350735621934921,-6.651916646281106,56.76474959132115,29.156914750649833,-69.50791684941129,29.94620106971415,-69.63572109952612,29.246336128573688,-69.47683761275043,5523983.0,690806.0,5418830.0,OPP -> COP,0.0037078895005948384
2016-07-11,OPP,COP,10394,1346,19.66269001346931,3956.841928035405,3966.763902251299,3969.9826823167214,0.7088705022128151,0.5967866076582644,7743.551279584375,-4.126640369443908,-6.804318114313503,56.95401192995959,34.78421575385709,-76.56198561550791,34.53855009787628,-77.12845949579233,34.8203600245443,-76.76687055359639,9687878.0,1171916.0,9497933.0,OPP -> COP,0.005052240674085758
2016-07-18,OPP,COP,5578,951,13.465758336321262,2958.1063105055578,2975.728217999283,2970.2940121907495,0.815166726425242,0.5923269989243456,4816.26712083184,-4.382699892434564,-6.511140707457438,58.533524560774474,34.46604163580702,-34.24904528664196,33.99272029257884,-34.44856319202229,34.1183177879406,-34.198959442486114,2906173.0,525675.0,2888656.0,OPP -> COP,0.0030024000899966465
2016-07-25,OPP,COP,2656,615,10.300075301204819,2033.1765813253012,2065.2195030120483,2047.0244728915663,0.754894578313253,0.5436746987951807,3576.3027108433735,-3.372966867469879,-7.633995433739763,65.54969879518072,36.59071906778998,-45.68263240634793,37.052020835031364,-45.47068003173978,36.89324282562698,-44.8166404275078,1245666.0,96710.0,1240042.0,OPP -> COP,0.0015599396228188156
2016-08-01,OPP,COP,1788,587,9.795302013422818,2182.8154362416108,2050.501677852349,2184.959172259508,0.7678970917225951,0.5262863534675615,4132.875279642059,-5.195302013422819,-8.244998202014893,69.56375838926175,32.43962595446152,-23.316300287384593,31.529739320615377,-19.100417912615352,31.70828458215381,-19.29483871199997,341737.0,40493.0,339071.0,OPP -> COP,0.0012245233399079552
2016-08-08,OPP,COP,1260,462,8.764285714285714,2160.061111111111,2166.440476190476,2157.6738095238097,0.861904761904762,0.6904761904761905,4751.261111111111,-5.848095238095239,-6.390547636206501,66.5952380952381,28.306989805807635,14.028997600725958,28.00376986944697,11.601413362647335,28.195026442429743,12.511790833182236,458326.0,26715.0,447311.0,OPP -> COP,0.0008497294016488797
2016-08-15,OPP,COP,1983,642,15.032778618255168,3141.8865355521934,3169.0685829551185,3159.152294503278,0.8562783661119516,0.4664649520927887,4967.564296520423,-5.6290468986384266,-6.900662114919369,72.16338880484115,30.803020920718783,-17.71820908773786,31.11347248097248,-17.47987997198733,31.059822550739916,-17.613725768498963,633082.0,63450.0,632039.0,OPP -> COP,0.0012411117807982546
2016-08-22,OPP,COP,2199,490,8.014552069122328,1681.8240109140518,1719.869031377899,1705.0532060027285,0.8913142337426103,0.7562528422010004,3246.4838562983173,-6.051341518872213,-8.13967807832259,76.08458390177353,6.5956036228489445,-4.396913140535322,6.257561897227528,-4.6357980305926905,6.240767614244739,-4.440511308795361,2332331.0,171861.0,2331987.0,OPP -> COP,0.0011831123224995252
2016-08-29,OPP,COP,1359,463,7.790286975717439,1696.9506990434143,1726.5651214128036,1717.7174392935983,0.7564385577630611,0.5445180279617365,3418.885945548197,-3.758719646799117,-6.728288085011183,67.13760117733628,18.22033775767113,-14.230342260424866,18.317187572440954,-14.259076649606289,18.14634792289536,-14.304996836349332,316427.0,39673.0,316084.0,OPP -> COP,0.0008665384181306108
2016-09-05,OPP,COP,2106,477,7.8751187084520415,1811.741690408357,1847.7003798670464,1838.6718898385566,0.8361823361823362,0.6111111111111112,3647.2991452991455,-3.4603038936372275,-6.036307133873043,67.91073124406458,27.430785100148018,-7.762632787863845,27.090504291070566,-7.545792483966455,27.28328426147017,-7.444270051800696,551981.0,69459.0,549693.0,OPP -> COP,0.0013633071007843871
2016-09-12,OPP,COP,960,392,6.496875,1541.8739583333333,1548.9854166666667,1544.6083333333333,0.8052083333333333,0.6479166666666667,3879.5604166666667,-4.755729166666667,-5.827226107005502,66.65625,27.61490005324073,15.650315003472228,27.174098664351845,15.78680208333334,27.49983975231481,15.941504062500005,101154.0,14838.0,100657.0,OPP -> COP,0.0006676751343174587
2016-09-19,OPP,COP,5233,845,10.435887636155169,2201.357347601758,2244.508312631378,2242.05866615708,0.8387158417733613,0.6514427670552264,5400.716988343206,-5.6364991400726145,-6.635573312741453,65.78444486909994,32.70319867968754,-61.226576594550984,32.798273850130265,-62.1808929631333,32.76194690222403,-61.53806461691014,4011362.0,403283.0,3964823.0,OPP -> COP,0.00288206658438485
2016-09-26,OPP,COP,3283,773,9.62351507767286,2050.5674687785563,2096.350289369479,2085.048126713372,0.813889734998477,0.6859579652756626,3710.2787084983247,-3.795035028936948,-5.472385788184627,56.63722205300031,24.11627597254652,-39.66241213284934,25.705793436730797,-44.316935581886895,24.876232827705874,-43.54277609940029,1100647.0,93264.0,1100108.0,OPP -> COP,0.001985014740986715
2016-10-03,OPP,COP,2198,504,8.144676979071884,1683.0386715195632,1739.1869881710645,1734.5054595086442,0.8403093721565059,0.6005459508644222,3848.0127388535034,-6.717925386715196,-7.119760838094996,67.61601455868971,21.33877005114722,-30.34156192785477,21.32905260726229,-30.564931623029164,21.303154943621585,-30.596070752030595,1052230.0,104934.0,861073.0,OPP -> COP,0.0013884212740502295
2016-10-10,OPP,COP,2109,458,6.727833096254149,1662.8411569464201,1676.6870554765292,1678.3873873873874,0.8055950687529635,0.6235182550972025,3009.1650071123754,-3.814082503556189,-7.005050232623912,64.68942626837364,21.64394184958934,-5.259457119609838,18.10496258880904,10.864549203285362,22.512984888603697,-9.996792720225889,799518.0,105699.0,798052.0,OPP -> COP,0.0013685589638665393
2016-10-17,OPP,COP,2306,438,10.190372940156115,3645.472679965308,3688.798785776236,3683.5654813529923,0.6049436253252385,0.44362532523850823,5356.412836079792,-2.0377710320901996,-4.883549303249779,52.87944492627927,26.347925070918823,1.8756817105262928,25.849567550847446,-1.399977284567335,25.89247502631578,-2.368988182426389,588679.0,136066.0,588237.0,OPP -> COP,0.0014530176265026382
2016-10-24,OPP,COP,1937,502,12.196179659266907,3062.924109447599,3079.1621063500256,3074.949922560661,0.8286009292720702,0.5038719669592153,4992.141972121838,-3.698089829633454,-5.760606219781096,65.27620030975736,39.218803655135666,-55.31148142788718,38.98094047259176,-55.02035743799888,39.096122803618904,-55.14753881106968,472417.0,51780.0,409655.0,OPP -> COP,0.0012495427911960453
2016-10-31,OPP,COP,2325,736,8.933763440860215,2338.9286021505377,2337.6731182795697,2348.0843010752687,0.8008602150537635,0.6116129032258064,4593.00688172043,-5.031483870967745,-5.337833894641359,67.96989247311828,32.58535704673719,-13.892785035273352,32.33962456878304,-14.045286587301574,32.597329119047586,-14.071182619488521,578123.0,61226.0,576732.0,OPP -> COP,0.0014938981489156227
2016-11-07,OPP,COP,3849,685,11.467913743829566,2281.4359573915303,2033.3980254611588,2331.38217718888,0.6791374382956612,0.6237983891919979,4404.816835541699,-4.435411795271477,-6.247362951664897,43.07092751363991,38.569029116153295,-59.03043750351182,37.47293972393294,-62.403595897082674,38.28381073960019,-58.56899449972998,1447768.0,395094.0,1446567.0,OPP -> COP,0.0020657785983405072
2016-11-14,OPP,COP,1454,528,9.471801925722145,2118.57909215956,2089.74552957359,2129.856258596974,0.6932599724896836,0.4951856946354883,3725.6863823933977,-5.160866574965612,-6.493903696077514,59.649243466299865,34.829021678092396,-38.05545381520119,34.598525433681075,-37.03370513189269,34.70017975558867,-35.818763750372575,117944.0,18788.0,102148.0,OPP -> COP,0.0008836692573045535
2016-11-21,OPP,COP,1869,433,5.292134831460674,1128.4933119315142,1138.6912787586946,1132.9753879079722,0.7351524879614767,0.8373461744248261,3484.97645799893,-5.398608881754949,-7.394751031963414,60.08560727661851,38.609146021205284,-57.30684488504456,38.7590706305803,-56.81603076674099,38.66123784598208,-57.33596853459813,584461.0,106566.0,581837.0,OPP -> COP,0.0013457360902802429
2016-11-28,OPP,COP,2893,474,8.889388178361562,2016.7659868648461,1880.968199101279,2020.631524369167,0.8181818181818182,0.7715174559281023,4881.0760456273765,-8.181195990321466,-6.277385556067663,70.69132388524024,39.44340289810505,-69.20555063532353,39.44366715695381,-68.88129182230959,39.47446126492664,-69.06935324526276,6002017.0,418449.0,4122551.0,OPP -> COP,0.001912358076986129
2016-12-05,OPP,COP,1092,393,9.219780219780219,2154.191391941392,2168.4056776556777,2169.53663003663,0.9139194139194139,0.5705128205128205,4417.923992673993,-3.6495421245421245,-5.647683732308632,73.58974358974359,34.55756564307079,-10.968545849451635,34.6135258225324,-9.938514144566293,34.41430338983051,-10.540383346959116,430384.0,32321.0,283509.0,OPP -> COP,0.0007007600551367252
2016-12-12,OPP,COP,815,276,8.013496932515338,1899.676073619632,1908.1447852760737,1900.239263803681,0.9276073619631902,0.7349693251533742,3393.955828220859,-4.836196319018405,-5.956065470702604,81.8282208588957,14.395966323453607,12.630578046332053,14.552439082368082,11.978804476190481,14.505450086340204,12.466916531531538,431174.0,14628.0,428873.0,OPP -> COP,0.0005277239621644583
2016-12-19,OPP,COP,1000,286,8.024,1897.951,1868.122,1880.259,0.833,0.615,3882.004,-5.3591000000000015,-4.918824652716043,60.45,18.874402386483624,-5.019015348468847,19.38725154065469,-4.869683213305173,19.77583848891235,-5.422318763463563,143739.0,22256.0,143724.0,OPP -> COP,0.0006384733845984896
2016-12-26,OPP,COP,228,143,8.425438596491228,1976.0877192982457,2004.0657894736842,1983.1929824561403,0.8859649122807017,0.4605263157894737,3922.1929824561403,-2.419736842105263,-7.486529520369339,59.69298245614035,27.999382999999998,20.552434595000005,28.2943775,21.307329595000002,28.6855425,20.268351095,5175.0,1176.0,5165.0,OPP -> COP,0.00018696984209248775
2017-01-02,OPP,COP,665,325,6.1609022556390975,1792.8195488721803,1825.0992481203007,1812.4225563909774,0.8781954887218045,0.6691729323308271,3557.533834586466,-3.441804511278195,-6.261607263192511,73.18796992481202,27.814531531250005,-10.646879384375007,27.791655437500005,-10.559123046875007,27.7811438640625,-10.659253618750009,85007.0,8773.0,84889.0,OPP -> COP,0.0005012074199801628
2017-01-09,OPP,COP,1029,295,5.51603498542274,1280.0534499514092,1313.4227405247814,1290.4110787172012,0.8901846452866861,0.7414965986394558,3086.44120505345,-3.1266277939747327,-7.245410944573673,68.96987366375122,32.545713396414314,-37.999345671314735,32.65070412350594,-37.811810312749,32.7188809462151,-38.00543292231076,338160.0,33135.0,338060.0,OPP -> COP,0.0006470680710580097
2017-01-16,OPP,COP,5326,615,26.627300037551635,7024.853736387533,7081.95306045813,7084.256853173113,0.6353736387532858,0.7525347352609838,13381.94104393541,-7.844348479158841,-2.7197507507777763,57.51971460758543,36.48636740600095,-65.02785596505854,36.63575071401465,-64.3529931792628,36.69040782377538,-64.23495214052369,8494587.0,578367.0,7945699.0,OPP -> COP,0.0027826076053064945
2017-01-23,OPP,COP,2307,570,9.839185088859992,1961.275249241439,1998.6848721283052,1986.0312093628088,0.8075422626788037,0.5335934113567403,3655.4243606415257,-4.948851322063286,-6.70438829626811,61.47811009969658,34.148644750337375,-8.388720420602764,34.14314093567252,-8.36440937696804,34.03716227620333,-8.07288356950065,1500413.0,163767.0,1497993.0,OPP -> COP,0.0011310897193897312
2017-01-30,OPP,COP,2117,460,11.020311761927255,2467.7340576287197,2486.0368445914028,2477.520075578649,0.8238072744449693,0.5635333018422296,4045.722720831365,-7.725177137458668,-6.350654114426173,62.59329239489844,33.31380692723698,-8.94816225614554,35.08264264995086,-5.176372034906603,34.2384943608653,-6.955749054080644,1323009.0,164187.0,1319762.0,OPP -> COP,0.0009643579321286983
2017-02-06,OPP,COP,3555,390,9.986216596343178,2262.5476793248945,2270.4177215189875,2275.8616033755275,0.7631504922644163,0.4720112517580872,3879.95611814346,-5.561715893108299,-5.8578720298719675,72.85513361462729,30.775907028261624,-78.33068788095913,30.78915457893246,-78.29405897145294,30.93747677990305,-79.17607301941185,6870408.0,564621.0,6852298.0,OPP -> COP,0.0017845158239619063
2017-02-13,OPP,COP,2140,404,10.372429906542056,2343.3635514018692,2359.95,2351.6841121495327,0.7644859813084112,0.6579439252336449,3794.1191588785045,-4.954579439252337,-7.146063278793241,71.87383177570094,35.80684873656425,16.099040089731318,36.38054673560457,15.573292756238022,36.06506080950093,16.120077321497153,950683.0,101140.0,946469.0,OPP -> COP,0.0009918271588230442
2017-02-20,OPP,COP,1653,489,9.55232909860859,2267.4131881427707,2277.4845735027225,2269.748336358137,0.7773744706594071,0.588626739261948,4485.037507562009,-6.903085299455535,-6.686636809854959,67.43496672716273,35.62370216403777,-47.03778123028389,35.54439593690844,-47.19179380441639,35.68758035962138,-47.37349149526811,809842.0,95013.0,805827.0,OPP -> COP,0.0009387239827792704
2017-02-27,OPP,COP,1036,338,7.436293436293436,1579.1167953667953,1608.3233590733591,1608.3976833976833,0.8841698841698842,0.7857142857142857,3349.92277992278,-5.282239382239382,-6.323424009207453,63.67760617760618,28.012341977225713,16.083434546018616,27.889954482401688,15.972537327817996,27.855670527950345,16.133774525336094,344639.0,49972.0,344001.0,OPP -> COP,0.0005255010012924484
2017-03-06,OPP,COP,889,318,7.266591676040495,1652.8042744656918,1645.5275590551182,1653.3802024746906,0.843644544431946,0.7637795275590551,4176.618672665917,-5.514285714285715,-7.348858001820018,75.00562429696288,24.30964513423644,56.56385784359605,24.0136376096059,53.68472610714285,24.097943693349745,55.793447905172414,286136.0,26935.0,285984.0,OPP -> COP,0.0005139206596683275
2017-03-13,OPP,COP,1908,324,19.021488469601678,3908.4947589098533,3885.762578616352,3916.074423480084,0.6965408805031447,0.6472746331236897,5380.933438155136,-5.659591194968553,-5.5650285796075725,60.214884696016775,44.75666214761376,-2.080242568421032,44.336443603553604,-0.8741415850415246,44.594118729189795,-1.762785341274218,3403429.0,189055.0,3403401.0,OPP -> COP,0.0010135027462312358
2017-03-20,OPP,COP,863,279,7.682502896871379,1659.9212050984936,1674.345307068366,1665.6801853997683,0.8736964078794901,0.6836616454229433,3689.9571263035923,-5.714484356894552,-7.31031733790616,67.85631517960603,34.70242673469387,25.89254326410563,34.769462749099645,26.170741391356533,34.717796098439386,26.092856073229274,242030.0,30536.0,241685.0,OPP -> COP,0.0004918124342492936
2017-03-27,OPP,COP,1873,398,6.744260544580886,1436.0149492792311,1463.3539775760812,1451.2658836091832,0.8467698878804057,0.8398291510945008,3417.4789108382274,-6.541644420715429,-6.637514031426729,66.84997330485852,19.48863626733781,9.158847295302001,22.14932738590603,0.1915185257270755,19.85626529418346,2.6863733411633124,967308.0,123044.0,954310.0,OPP -> COP,0.0011982552686765964
2017-04-03,OPP,COP,950,332,6.522105263157894,1455.4063157894736,1492.1557894736843,1470.841052631579,0.8357894736842105,0.7347368421052631,3912.3473684210526,-1.5186315789473692,-3.7614183889163857,58.589473684210525,30.844118674684996,-35.90594105383733,31.474629854524622,-38.040649706758295,30.933875135166087,-36.049691592210756,220960.0,37019.0,220659.0,OPP -> COP,0.00047874932534141125
2017-04-10,OPP,COP,989,337,8.309403437815975,2086.88675429727,2095.9362992922142,2038.752275025278,0.7158746208291203,0.6329625884732053,5433.517694641052,-5.22669362992922,-5.835190904304153,58.05864509605662,28.037118428571436,9.790813043526773,29.046045102678583,1.6796261093749796,29.05109711160716,1.4170392377231968,135552.0,25108.0,133999.0,OPP -> COP,0.0005828000329997997
2017-04-17,OPP,COP,1192,365,8.16023489932886,1766.7776845637584,1783.131711409396,1788.746644295302,0.8540268456375839,0.5973154362416108,3898.2348993288592,-4.49748322147651,-5.414182663455441,73.31375838926175,34.35663484238646,4.492139450578805,34.166986730187,4.449687838824572,34.18976171682993,4.231694455031161,532687.0,52820.0,532369.0,OPP -> COP,0.0007744006028890599
2017-04-24,OPP,COP,3098,422,16.459651387992253,3919.056810845707,3905.6991607488703,3910.6755971594575,0.7433828276307295,0.7043253712072305,6425.47869593286,-6.353034215622981,-4.8408354684148875,59.89993544222079,34.47453410340314,-13.494100769960735,34.836923763089004,-9.277855160340325,34.64972968259163,-9.232987347185876,4162640.0,233194.0,4160325.0,OPP -> COP,0.001718911858882774
2017-05-01,OPP,COP,3511,363,11.133010538308174,3036.4975790373114,3046.853887781259,3039.2435203645687,0.8803759612645969,0.7288521788664198,6796.094559954429,-6.704101395613785,-5.425002110058572,66.75021361435489,41.104607016949146,-30.716772708991698,41.0458384446998,-25.136572051134745,41.08576533352484,-30.742891447859844,5556642.0,556421.0,5523627.0,OPP -> COP,0.0029100873357740162
2017-05-08,OPP,COP,2023,314,22.54572417202175,5060.9421651013345,5027.968858131488,5054.054869006426,0.6890756302521008,0.5936727632229363,8124.828472565497,-5.702768166089965,-3.314342166846254,60.568462679189324,38.793726767289265,1.4089821755802099,39.16001687834428,1.8596555827447006,39.03527780212016,3.9681943213925286,4267561.0,178391.0,4267079.0,OPP -> COP,0.0011940407744561448
2017-05-15,OPP,COP,1244,301,8.143086816720258,2079.6085209003218,2122.0530546623795,2141.023311897106,0.8384244372990354,0.6414790996784566,4126.018488745981,-2.7683279742765277,-6.3189233215305585,68.12700964630226,28.277945276264585,-0.7685907953368039,28.156510075226972,-0.19491247927462482,28.362100879377426,0.3480167564766672,653714.0,18719.0,653418.0,OPP -> COP,0.0006870441911904808
2017-05-22,OPP,COP,1535,379,9.015635179153094,2010.4084690553746,1999.5172638436482,2015.2241042345277,0.8221498371335505,0.7628664495114007,3645.366123778502,-4.653680781758958,-7.587679032024123,70.93159609120521,19.750800771180305,-10.867022669080338,20.194401393917452,-10.428927107892797,20.005675608254894,-10.67412660101372,484377.0,56271.0,482944.0,OPP -> COP,0.0008782871398164466
2017-05-29,OPP,COP,914,337,7.758205689277899,1673.4518599562364,1616.3741794310722,1685.2319474835886,0.8654266958424508,0.600656455142232,3472.0010940919037,-5.869912472647702,-6.986369011965232,71.29102844638949,28.079171480186485,-10.782219018648014,27.85733674825175,-10.1806004055944,27.90901390442891,-10.166047002330998,130415.0,14251.0,128734.0,OPP -> COP,0.0006364698623860239
2017-06-05,OPP,COP,1123,343,8.008904719501336,1585.5173642030277,1579.1024042742654,1583.4336598397151,0.8967052537845058,0.6242208370436332,4061.878005342832,-5.616206589492431,-7.795375319453852,78.80676758682101,34.4273965176023,-23.708504488106573,34.33315150333018,-22.819113857278786,34.346910076118,-23.226093431969556,709817.0,55439.0,692437.0,OPP -> COP,0.000692977173097429
2017-06-12,OPP,COP,2499,440,11.729091636654662,2364.7110844337735,2387.2921168467387,2395.5634253701483,0.64265706282513,0.5422168867547019,6860.452581032413,-4.716806722689076,-7.64864355622654,59.89195678271309,40.11841494360265,-43.43941871506721,40.120722153198614,-43.42565091203693,40.133285128787826,-43.46132999452849,1318240.0,120378.0,1255301.0,OPP -> COP,0.0016964881541136274
2017-06-19,OPP,COP,1172,314,8.895904436860068,2061.3959044368603,2082.538395904437,2055.0136518771333,0.8233788395904437,0.60580204778157,3473.9445392491466,-4.541382252559728,-5.343979015380173,74.94027303754267,31.64684433926895,3.482638351452703,31.247275267104,3.3548473701968433,31.583869100281134,3.902702759137802,513965.0,54221.0,511602.0,OPP -> COP,0.0007961994384484165
2017-06-26,OPP,COP,1831,358,6.237028945931185,1471.7160021845987,1499.7394866193338,1490.6630256690332,0.7285636264336428,0.849808847624249,2772.772801747679,-6.214472965592571,-5.182251644740848,58.83123975969416,28.74344665170454,73.30433395113646,30.20440928238637,75.0995020738636,29.827578146022738,75.63958427102268,690670.0,120322.0,688580.0,OPP -> COP,0.0014432323359712456
2017-07-03,OPP,COP,3665,510,12.062482946793997,2843.8952251023193,2850.081582537517,2862.8930422919507,0.6818553888130968,0.7072305593451569,5978.0482946794,-5.669740791268758,-4.938297830073425,62.084583901773534,47.725519817376856,18.36544204065267,48.30207967349202,28.16706604673666,47.89801254012182,29.56359396045346,3457589.0,343022.0,3400667.0,OPP -> COP,0.0025562086926439777
2017-07-10,OPP,COP,793,362,8.470365699873897,2041.1336696090793,2014.1790668348046,2049.954602774275,0.8575031525851198,0.6027742749054225,3922.916771752837,-4.856494325346786,-6.2300519080207,70.41614123581337,22.0116475862069,-26.656047446949604,21.984054456233427,-26.45791287533157,22.076019230769234,-24.82599625331565,97423.0,10148.0,97228.0,OPP -> COP,0.0005903794211452616
2017-07-17,OPP,COP,841,264,13.664684898929846,2917.179548156956,2938.2223543400714,2954.4791914387633,0.7966706302021404,0.5136741973840666,5530.54577883472,-5.154340071343638,-6.724369078304794,55.196195005945306,34.30598402005009,-1.5096077481202972,34.193791674185434,-1.6935542894736821,34.05327726315786,-1.7476474348370905,74880.0,17535.0,74154.0,OPP -> COP,0.0007993741879128159
2017-07-24,OPP,COP,1148,341,9.560975609756097,2533.661149825784,2544.925087108014,2529.9912891986064,0.9181184668989547,0.7587108013937283,5906.317944250871,-5.5946864111498265,-7.003215457479559,73.96341463414635,24.240768430530157,-33.40314073857403,24.145076894881164,-33.55958341499086,24.092343860146247,-33.342314270566725,669237.0,65490.0,663900.0,OPP -> COP,0.0007935251664294616
2017-07-31,OPP,COP,1411,330,5.029766123316796,1139.9206236711552,1163.4649184975194,1138.3742026931254,0.8759744861800142,0.8242381289865344,3099.462792345854,-6.787668320340183,-7.758029193794119,72.99787384833452,30.992174136904744,-37.44087226860116,31.28995748511903,-37.77516534226188,31.099266272321408,-38.15478837723211,565979.0,72421.0,550773.0,OPP -> COP,0.0010575530725252058
2017-08-07,OPP,COP,2500,349,11.12,2478.746,2494.8372,2485.7696,0.8544,0.8372,5370.2332,-7.009839999999995,-7.648044502205041,68.2,8.372358500406497,14.398292705284462,8.457551614227633,14.428926478861698,8.45982109796747,14.474952294715354,2055365.0,172814.0,1858769.0,OPP -> COP,0.0021250678959192745
2017-08-14,OPP,COP,1764,355,10.355442176870747,2375.9699546485263,2040.968820861678,2409.812925170068,0.721655328798186,0.45975056689342403,7745.738095238095,-4.809183673469385,-5.625154921149948,52.993197278911566,37.62916543434936,-54.138528237983664,37.225186993552164,-54.51640128839398,37.435407907971864,-54.394611621922685,402011.0,66201.0,400881.0,OPP -> COP,0.0015237318646539124
2017-08-21,OPP,COP,1169,286,7.0821214713430285,1667.3652694610778,1693.2976903336184,1681.8015397775878,0.7818648417450813,0.7459366980325064,4222.133447390933,-5.228656971770744,-6.782900009628118,63.627031650983746,31.13293550837441,-83.62612843448287,31.247479909359622,-80.71875431133012,30.975453899507414,-82.14035266995083,737747.0,60333.0,732912.0,OPP -> COP,0.0012755032454956404
2017-08-28,OPP,COP,420,265,9.673809523809524,3676.019047619048,3687.904761904762,3687.3190476190475,0.8142857142857143,0.49047619047619045,4622.454761904762,-3.214285714285715,-6.102024317622191,62.142857142857146,28.247038708229425,-3.89612188528678,28.101737937655855,-1.4779398004987494,28.178959124688276,-2.340230795511218,14164.0,2277.0,13920.0,OPP -> COP,0.00031959821938134917
2017-09-04,OPP,COP,726,307,6.833333333333333,1465.1170798898072,1482.129476584022,1482.8980716253443,0.731404958677686,0.8236914600550964,4209.190082644628,-4.989669421487603,-5.595792696354148,61.96969696969697,24.119371585329347,23.637515307922257,21.73166186227546,28.536637872944677,21.99479335928145,22.325417445440937,51518.0,7555.0,51305.0,OPP -> COP,0.0005681093461812644
2017-09-11,OPP,COP,2033,347,6.1170683718642405,1399.8411214953271,1445.2159370388588,1458.6266601082145,0.911460895228726,0.8440727988194786,5228.88883423512,-6.510477127397933,-7.394699067828914,64.39252336448598,37.51145953289913,-68.61728251115504,37.601700120668106,-68.85054791772356,37.58021732848237,-68.90973999020375,1291021.0,129501.0,1175103.0,OPP -> COP,0.001796263277592919
2017-09-18,OPP,COP,2783,589,9.027667984189723,2331.6927775781533,2358.7524254401724,2345.2623068630974,0.8232123607617678,0.7093065037729069,5298.213798059648,-3.8694214876033053,-6.748138290870338,69.37118217750628,35.03557992829459,-44.89882580736434,35.05853846162792,-44.7502464007752,35.031660313953495,-44.79558197170543,1019222.0,108341.0,1016339.0,OPP -> COP,0.0020065466920459133
2017-09-25,OPP,COP,1038,422,8.70616570327553,2750.8208092485547,2770.6030828516377,2765.380539499037,0.8092485549132948,0.5828516377649325,5114.766859344894,-5.192581888246629,-5.7469709284933845,59.3159922928709,31.712041446938777,-30.18772493877547,31.80039123877551,-29.47898905612241,31.706339569387755,-30.12972188061221,78672.0,13002.0,78411.0,OPP -> COP,0.0008438935198245872
2017-10-02,OPP,COP,1299,331,7.065434949961509,1519.3725943033103,1558.6728252501925,1563.3017705927637,0.8036951501154734,0.7059276366435719,4123.592763664357,-4.055581216320246,-6.392691584239273,64.30331023864511,35.32399850747515,-29.12316891445181,35.31003030897014,-29.659815068936883,35.41091675332229,-29.785501542358805,369915.0,44970.0,365722.0,OPP -> COP,0.0010127494158564281
2017-10-09,OPP,COP,1436,353,9.705431754874652,2206.1720055710307,2223.1204735376045,2203.7026462395543,0.841225626740947,0.6671309192200557,3647.116991643454,-6.228481894150417,-6.301461269914199,75.05571030640668,29.903406983223885,13.792221891793762,29.558180992721937,12.728280420479301,30.004884486880425,13.825857788671032,855070.0,78692.0,854255.0,OPP -> COP,0.0010544596078085819
2017-10-16,OPP,COP,949,381,7.780821917808219,1778.3466807165437,1781.218124341412,1784.09062170706,0.8840885142255005,0.6375131717597471,3507.0969441517386,-3.927291886195996,-5.840570144447442,68.4404636459431,23.338262467592603,1.1796864120370325,22.92178975810186,1.1874102141203664,23.351580677083344,0.7295047361111088,75178.0,8495.0,74211.0,OPP -> COP,0.0006971354271882817
2017-10-23,OPP,COP,1815,394,7.102479338842975,1470.852341597796,1491.492561983471,1484.7752066115702,0.7465564738292011,0.7933884297520661,3982.733333333333,-6.211515151515151,-5.448819024449204,62.21487603305785,13.798419062359557,22.412774521910112,14.117382814044948,21.610393792134815,14.247827718539329,21.54560389101121,501040.0,72252.0,500666.0,OPP -> COP,0.0013537280103107085
2017-10-30,OPP,COP,1391,314,9.135154565061107,2146.0948957584474,2228.411214953271,2221.7534148094896,0.7217828900071891,0.7872034507548527,4933.809489575845,-2.9186915887850464,-5.077027013050408,55.39899352983465,26.736915276470597,26.548638425735337,26.21947413455883,26.84274702352947,26.61093583602942,30.850949061029475,374336.0,53790.0,368826.0,OPP -> COP,0.0009271664433735261
2017-11-06,OPP,COP,393,198,8.099236641221374,2771.8880407124684,2829.4834605597966,2808.826972010178,0.8346055979643766,0.5648854961832062,3685.3027989821885,-4.4323155216284995,-5.967315618960697,70.55979643765903,19.587140292011018,36.10525952617078,19.563331338842975,34.70177501377409,19.42387190358127,35.299805556473814,35338.0,2841.0,35009.0,OPP -> COP,0.0002718507850469617
2017-11-13,OPP,COP,783,282,7.556832694763729,1764.4916985951468,1770.7854406130268,1766.8735632183907,0.8569604086845466,0.70242656449553,3790.2630906768836,-5.802298850574713,-5.817605537953393,67.01149425287356,24.854457995929444,-1.7602652116689101,24.953044698778825,-1.5466209782903484,24.872380507462683,-1.6844801370420424,94521.0,9502.0,94411.0,OPP -> COP,0.0005320417561047205
2017-11-20,OPP,COP,1338,304,10.050822122571002,2139.6420029895366,2128.373692077728,2138.470104633782,0.8602391629297459,0.7152466367713004,3568.3579970104634,-4.920403587443947,-7.377719618292795,67.07772795216741,26.640373408116403,18.7065599701607,26.612487719755002,18.209361013772025,27.089568814701394,18.9488639418516,526573.0,51428.0,525600.0,OPP -> COP,0.0011685242534282825
2017-11-27,OPP,COP,1584,373,7.33080808080808,1809.705808080808,1820.1881313131314,1812.165404040404,0.7323232323232324,0.7904040404040404,4869.448232323232,-7.500315656565657,-5.905830437512372,69.08459595959596,22.80205934059405,-42.38033071749171,19.999394800660067,-40.97558629768986,19.80273304818482,-40.458907089769056,1498521.0,118337.0,1479676.0,OPP -> COP,0.001074564170611484
2017-12-04,OPP,COP,817,275,7.068543451652387,1480.8531211750305,1509.0979192166462,1506.5973072215422,0.824969400244798,0.7184822521419829,3407.2729498164013,-6.191432068543452,-6.791848406406313,60.8812729498164,34.12660429044584,18.26046821019108,37.40346324585985,10.807878583439495,35.435819229299334,11.896767886624202,144889.0,20421.0,144369.0,OPP -> COP,0.0004999412553726857
2017-12-11,OPP,COP,455,233,12.054945054945055,2816.764835164835,2810.4703296703296,2813.9934065934067,0.6945054945054945,0.36923076923076925,4667.9758241758245,-5.743296703296703,-5.32295002162704,57.89010989010989,28.983210738498805,28.106470377723955,29.023873753026653,27.129482000000003,29.024614188862,27.400268198547202,34990.0,5846.0,34920.0,OPP -> COP,0.00036308299758130866
2017-12-18,OPP,COP,1299,263,7.64203233256351,1489.523479599692,1460.7090069284066,1487.3410315627407,0.6374133949191686,0.46728252501924555,3271.506543494996,-5.654734411085449,-5.582556813822297,52.99461123941494,20.730245071770327,-41.141994818326836,20.50388848405103,-41.12645683824716,20.523373141945754,-40.9327787099603,345386.0,77306.0,344033.0,OPP -> COP,0.0011065669081123536
2017-12-25,OPP,COP,650,211,7.6984615384615385,1508.303076923077,1512.9153846153847,1513.8753846153845,0.8107692307692308,0.7384615384615385,3478.076923076923,-5.312461538461538,-6.020536663229455,63.184615384615384,27.231800795199977,20.671008643200015,27.80430951519998,19.865458707200016,27.327610595199978,20.73568736320002,110898.0,16704.0,110799.0,OPP -> COP,0.0008076550790942832
2018-01-01,OPP,COP,1922,410,11.22996878251821,2012.6696149843913,2036.9469302809573,1997.9193548387098,0.8694068678459937,0.8407908428720083,3378.1326742976066,-6.037200832466189,-7.928814945277855,72.49219562955255,32.826349849307796,49.32138642705011,32.49535038658149,49.963530772630484,32.961752602236444,49.17646618690101,1469937.0,112874.0,1461811.0,OPP -> COP,0.0017819015541111214
2018-01-08,OPP,COP,783,347,6.985951468710089,1630.6947637292465,1649.8620689655172,1641.381864623244,0.8569604086845466,0.6794380587484036,3300.358876117497,-5.045849297573436,-8.519469276523099,67.2286079182631,25.84942941374663,12.493192439353106,25.370089925876016,11.504929123989223,25.68865313072777,12.26123490566038,50395.0,6014.0,49553.0,OPP -> COP,0.0005946088794926004
2018-01-15,OPP,COP,658,285,5.788753799392097,1226.4133738601824,1257.949848024316,1237.5562310030396,0.9148936170212766,0.776595744680851,3038.8480243161093,-4.836170212765956,-6.253028478785233,72.93313069908815,28.297012833904105,26.320406797945218,27.782161921232873,24.98386124828768,28.30901608732876,26.31334299143837,89395.0,10087.0,89201.0,OPP -> COP,0.00047004196803286007
2018-01-22,OPP,COP,1158,384,8.293609671848014,2175.373920552677,2180.1165803108806,2181.6796200345425,0.7158894645941278,0.5647668393782384,3629.2461139896373,-5.4976683937823845,-8.169114031974559,60.22452504317789,11.823458376404497,1.1279773801498132,13.034526664794011,1.654439307116097,12.356886548689138,1.5840349101123556,190119.0,27540.0,189413.0,OPP -> COP,0.0008483379755051567
2018-01-29,OPP,COP,1583,335,7.767530006317119,1616.4889450410612,1615.0448515476942,1629.05874921036,0.8673404927353127,0.658875552747947,3228.423246999368,-4.158117498420721,-7.401177666361064,69.7662665824384,18.12400008743521,41.012933926860846,17.44277614702071,43.69474383300973,17.864264821243506,43.50056665631068,569424.0,62023.0,568299.0,OPP -> COP,0.0011799590331342633
2018-02-05,OPP,COP,835,306,10.464670658682635,2572.432335329341,2596.3425149700597,2585.3497005988024,0.8215568862275449,0.4179640718562874,4257.675449101796,-5.401676646706586,-6.3491412151335,71.32934131736526,28.286149855329942,-23.460395887055803,28.203089928934002,-23.697453120558347,28.14295875888325,-23.432124130710626,291813.0,25845.0,291716.0,OPP -> COP,0.0006329205074582291
2018-02-12,OPP,COP,487,194,6.207392197125257,1790.041067761807,1812.700205338809,1800.7166324435318,0.8809034907597536,0.7782340862422998,3343.4620123203285,-5.321765913757702,-7.872826242206043,78.91170431211499,32.53236293891397,21.050096325791866,32.403203359728444,20.797648875565628,32.36138727828048,21.241659809954765,119230.0,11478.0,114239.0,OPP -> COP,0.0003436137583795542
2018-02-19,OPP,COP,847,250,10.266824085005902,2346.9752066115702,2342.497048406139,2336.403778040142,0.6186540731995277,0.5537190082644629,4103.30106257379,-6.702479338842976,-5.988256714931766,54.557260920897285,31.256133914945316,37.39768401579588,31.680343270959888,37.584145279465375,31.25638037910084,37.35032502430134,289226.0,54156.0,289191.0,OPP -> COP,0.0005615586268532429
2018-02-26,OPP,COP,674,207,8.70919881305638,1912.3575667655787,1948.2700296735904,1947.593471810089,0.6691394658753709,0.6172106824925816,3553.755192878338,-2.9201780415430263,-5.719841612503595,60.13353115727003,35.64870424844722,17.222099428571426,35.885916602484485,17.76646705745342,35.46214928105591,16.996224383540376,123283.0,14382.0,123184.0,OPP -> COP,0.0004614813688879395
2018-03-05,OPP,COP,820,262,6.323170731707317,1468.5890243902438,1510.9634146341464,1504.360975609756,0.748780487804878,0.7426829268292683,2946.9219512195123,-3.1108536585365854,-5.585167337273728,67.97560975609755,38.9426368875502,-28.111287792503344,39.1104774497992,-28.51936548326639,39.117358574297185,-28.422719429718867,174778.0,21599.0,171044.0,OPP -> COP,0.00047795741982264284
2018-03-12,OPP,COP,726,237,5.811294765840221,1293.7644628099174,1299.1446280991736,1308.0537190082644,0.8140495867768595,0.7920110192837465,3138.6969696969695,-3.054545454545455,-5.809806323850698,73.30578512396694,38.605340000000005,-15.384651237068963,38.40346343390805,-14.396035331896545,38.24444647988506,-14.09089037068965,249545.0,25380.0,249048.0,OPP -> COP,0.00044971938996741704
2018-03-19,OPP,COP,1101,299,10.174386920980927,2285.0744777475024,2222.3633060853767,2309.1344232515894,0.7048138056312443,0.6112624886466849,5072.518619436875,-5.217529518619437,-6.304912800204928,61.834695731153495,29.10808045797922,-20.412917550519314,29.200738290840455,-21.24707045514632,29.027966435316344,-20.41689695750704,215383.0,37417.0,214598.0,OPP -> COP,0.000745087397195196
2018-03-26,OPP,COP,2440,344,8.222131147540983,1708.2061475409837,1743.6061475409836,1749.6639344262296,0.6680327868852459,0.8479508196721312,3423.242213114754,-5.343647540983606,-7.096023273689757,42.459016393442624,40.269624301753026,-36.66045612103486,39.903790073658044,-36.845772266333555,40.234445340567724,-36.59848569657743,933985.0,89596.0,931602.0,OPP -> COP,0.0016120880173629809
2018-04-02,OPP,COP,1017,456,10.018682399213372,2091.2163225172076,2143.8672566371683,2131.582104228122,0.6764995083579154,0.6745329400196657,3802.07866273353,-5.275712881022614,-7.293168637392373,59.70501474926254,28.348435873706013,-0.349225720618549,28.216783235051558,-0.2507423525773049,28.12951641795667,-0.13718822886596696,149339.0,24193.0,149214.0,OPP -> COP,0.0006685133498895014
2018-04-09,OPP,COP,642,276,7.721183800623053,1670.031152647975,1702.7803738317757,1695.1931464174454,0.8800623052959502,0.7040498442367601,3858.4719626168226,-4.162305295950156,-6.501477603355671,74.82866043613707,31.827908171477084,36.08564353650255,32.08255121052632,35.60182677928693,31.84780880814942,36.11353611714771,139366.0,13671.0,139246.0,OPP -> COP,0.00032337437635841164
2018-04-16,OPP,COP,1709,415,6.760678759508484,1382.1217086015213,1372.739028671738,1389.7074312463428,0.8443534230544177,0.8162668227033353,3333.927442949093,-3.4273844353423057,-6.726775087076996,57.794031597425395,26.160465294955458,11.79870360356085,26.223516494361995,12.043634510385772,26.198332242729954,11.94035075252227,417126.0,83723.0,409824.0,OPP -> COP,0.0010600375758199785
2018-04-23,OPP,COP,823,275,5.863912515188336,1282.8177399756987,1307.3511543134873,1293.4362089914946,0.8007290400972054,0.8128797083839611,3389.9343863912513,-4.306561360874848,-6.659068668975673,68.80923450789794,23.09142240379747,-32.88678966329106,23.862341191139233,-33.70573182278473,23.023223163291135,-32.854506372151825,324624.0,35540.0,324442.0,OPP -> COP,0.0005216536992726639
2018-04-30,OPP,COP,1622,318,6.922934648581998,1774.132552404439,1775.9654747225647,1781.4704069050556,0.5554870530209618,0.812577065351418,6260.556103575832,-5.503884093711467,-3.695852020197032,49.901356350184955,38.8726486721519,11.324017584177291,34.88548327658231,33.898578913291075,35.585100540506346,25.253422113924078,419196.0,102900.0,418679.0,OPP -> COP,0.0010829939240168257
2018-05-07,OPP,COP,771,316,9.658884565499351,2007.431906614786,2039.1815823605707,2026.3605706874189,0.7250324254215305,0.4033722438391699,4002.792477302205,-3.4130998702983133,-5.479216403753137,58.858625162127105,26.69433461127596,51.01272674668633,27.26800157016248,26.771725665684844,26.877208732248516,39.955991007363785,71738.0,10567.0,71320.0,OPP -> COP,0.00040449466497244086
2018-05-14,OPP,COP,637,259,11.416012558869701,2718.4772370486658,2735.1805337519622,2735.524332810047,0.7519623233908949,0.543171114599686,5210.98273155416,-2.0700156985871265,-5.205850656155266,58.91679748822606,34.788697059113304,-0.3501396726677574,35.534716574468085,7.5971983725490215,34.74292036661211,-3.5166264150326776,50420.0,9453.0,50388.0,OPP -> COP,0.00036676161013528724
2018-05-21,OPP,COP,676,336,9.084319526627219,2027.5221893491125,2044.826923076923,2045.1745562130177,0.8106508875739645,0.6937869822485208,4203.738165680474,-2.528402366863905,-6.806597553035061,64.91124260355029,26.54228297468355,28.812815943037986,26.626256693037973,28.249899550632918,26.62862482753164,28.884918166139247,70117.0,8533.0,69982.0,OPP -> COP,0.00042599448601811737
2018-05-28,OPP,COP,712,295,5.148876404494382,1656.8033707865168,1691.9143258426966,1673.2429775280898,0.7823033707865169,0.7752808988764045,2674.75,-5.2626404494382015,-6.629818463814148,64.76123595505618,17.797215031390145,-5.165465895366172,17.566644506726462,-7.781716068759303,17.709133062780275,-6.7816095904334395,59516.0,8001.0,59296.0,OPP -> COP,0.000453638409411213
2018-06-04,OPP,COP,538,277,7.421933085501859,1592.7992565055763,1625.1914498141264,1612.6951672862454,0.7602230483271375,0.7174721189591078,3849.871747211896,-4.045539033457249,-6.23143423054756,57.52788104089219,26.896144874186547,1.2555801279826402,26.97699098481561,2.1495254924078013,27.163866392624726,0.3019104099783015,21827.0,3923.0,21776.0,OPP -> COP,0.0003783651110796979
2018-06-11,OPP,COP,957,316,9.09717868338558,1962.0344827586207,1980.3051201671892,1983.0365726227794,0.7857889237199582,0.6603970741901777,5115.66039707419,-6.162695924764891,-6.582484612651944,67.94148380355277,29.75433576731601,57.99405702597398,28.998271370129864,61.0695925963203,29.518873822510823,58.49123642748915,155107.0,16447.0,153657.0,OPP -> COP,0.0006593751851693637
2018-06-18,OPP,COP,887,344,6.81510710259301,1722.2130777903044,1763.8184892897407,1742.9943630214204,0.8218714768883878,0.6809470124013529,3579.640360766629,-5.607779030439684,-6.905761315876479,58.838782412626834,30.460280081463967,-5.210224144037791,30.96210900708381,-4.473580932703668,30.51595871192442,-5.437801948051958,114312.0,21744.0,114209.0,OPP -> COP,0.0006180870241444163
2018-06-25,OPP,COP,2103,391,13.709938183547314,3305.1583452211125,3325.924869234427,3319.2724679029957,0.6590584878744651,0.5782215882073228,6587.8421302900615,-4.5733713742272855,-5.743920252286821,56.61436043747028,33.33234153950342,-63.80612494018038,32.70447715067722,-64.10719002539487,32.86930060778784,-64.13705752934513,570352.0,75319.0,565912.0,OPP -> COP,0.001425721148468214
2018-07-02,OPP,COP,1064,311,11.493421052631579,3552.5714285714284,3583.4755639097743,3563.56015037594,0.775375939849624,0.5357142857142857,4987.537593984963,-5.591917293233082,-5.7951812547164545,68.52443609022556,34.379417943414616,-37.96127649902537,34.195738834146326,-36.190660933723215,33.85219455804877,-37.32512741520469,307210.0,35626.0,301366.0,OPP -> COP,0.0008690098351658225
2018-07-09,OPP,COP,1479,334,10.062204192021635,2332.022988505747,2358.7789046653143,2345.974306964165,0.828262339418526,0.5314401622718052,4110.850574712644,-6.704800540906017,-7.4925326305422875,72.69100743745774,37.09724761383062,-6.123318227661228,37.237572907536915,-5.3068668166278155,37.097497227661236,-6.045268932400931,636580.0,70253.0,634378.0,OPP -> COP,0.0009743359001605447
2018-07-16,OPP,COP,1724,397,10.786542923433874,2293.4849187935033,2335.2708816705335,2331.487819025522,0.8863109048723898,0.6351508120649652,4403.27030162413,-5.896113689095127,-5.142712420119839,75.0,33.14927750738342,-26.351032064973314,32.995526113408225,-25.746176057885307,33.1110367926758,-25.64198721972819,1790010.0,194128.0,1787485.0,OPP -> COP,0.001190843765304311
2018-07-23,OPP,COP,906,348,13.449227373068434,3604.727373068433,3604.8046357615895,3612.8189845474612,0.7406181015452539,0.33885209713024284,5467.115894039735,-5.994922737306844,-6.597666610719167,60.35320088300221,26.370733458864443,17.28203933951338,26.244164084588654,17.570906315179666,26.27180530127464,17.685712456546987,72864.0,11186.0,71140.0,OPP -> COP,0.0006362614233856271
2018-07-30,OPP,COP,1429,420,12.524142757172848,3043.221833449965,3084.3002099370187,3080.2680195941216,0.8180545836249126,0.7319804058782365,6369.442267319804,-5.877326801959413,-6.087786107167501,71.94541637508748,18.632925022075046,-16.237216807635832,22.00601866372332,-21.44586309471365,21.850764751287706,-22.281304135095443,277783.0,30676.0,265735.0,OPP -> COP,0.0010404440781330545
2018-08-06,OPP,COP,1240,430,10.525,2723.3024193548385,2735.7927419354837,2733.101612903226,0.6838709677419355,0.7064516129032258,6421.914516129033,-6.2505645161290335,-6.051926574610674,60.16935483870968,14.324570511666671,-25.081261681666692,14.455464325,-26.0841474891667,14.436660998333336,-25.61580165333336,513789.0,73261.0,513325.0,OPP -> COP,0.0008816229256087998
2018-08-13,OPP,COP,1237,322,12.099434114793857,3012.2118027485853,3015.7898140662896,3010.728375101051,0.814874696847211,0.5747776879547292,5596.109135004042,-5.104527081649151,-6.981431674668701,68.72271624898949,35.29304191023489,15.338780388795975,36.20944348322147,13.967809331939788,37.48425910822146,12.49885719397992,371948.0,45502.0,368156.0,OPP -> COP,0.0009447277015240894
2018-08-20,OPP,COP,745,276,9.006711409395972,2439.4308724832213,2478.779865771812,2458.557046979866,0.8067114093959732,0.7355704697986577,4723.840268456376,-3.804161073825503,-6.106556270820343,64.10738255033557,29.626964637606854,2.861428764102556,29.552018123076937,2.9793794820512725,29.40984429059831,2.7678147008546925,89939.0,13730.0,86649.0,OPP -> COP,0.0004861118814226309
2018-08-27,OPP,COP,1514,474,16.360634081902244,3958.4821664464994,3988.735138705416,3985.850066050198,0.690224570673712,0.39233817701453105,6756.128797886394,-4.354425363276089,-6.424758994766671,55.41611624834874,34.45437452832757,-10.574252083276624,34.52309772627978,-10.766024419795405,34.1861995583617,-10.123123174744212,244503.0,41572.0,244089.0,OPP -> COP,0.00095973791674749
2018-09-03,OPP,COP,2055,367,10.834063260340633,2217.524087591241,2243.771289537713,2228.036496350365,0.7771289537712895,0.6832116788321168,4257.179562043796,-6.459026763990267,-8.898280096745445,66.8905109489051,32.015221794480006,36.510789412025645,31.94460817275416,35.4957050532282,32.16397353208289,36.62308298866437,1085775.0,140884.0,1065968.0,OPP -> COP,0.0012546852266462172
2018-09-10,OPP,COP,1125,329,9.057777777777778,2172.0497777777778,2199.543111111111,2191.7724444444443,0.8408888888888889,0.6782222222222222,3895.5653333333335,-4.141422222222222,-7.044440542554396,69.49333333333334,20.901447290027466,-7.819674563586462,21.229909870082363,-7.591226686184826,20.95035833760295,-7.691233758462957,395791.0,35524.0,317874.0,OPP -> COP,0.0007314841846617194
2018-09-17,OPP,COP,898,313,8.073496659242762,1914.1603563474387,1931.9331848552338,1937.465478841871,0.8407572383073497,0.6592427616926503,3615.404231625835,-4.57249443207127,-7.692237638741301,67.40534521158129,30.01047316023392,-13.428964947368419,29.939108735672512,-13.78953991812865,29.992429327485382,-14.046274070175437,150210.0,18793.0,150036.0,OPP -> COP,0.0005643351497216344
2018-09-24,OPP,COP,826,278,10.535108958837773,2745.8317191283295,2774.1077481840193,2763.1162227602904,0.8389830508474576,0.7094430992736077,6943.222760290557,-2.479903147699758,-6.7129724564473445,69.7457627118644,20.482215764204547,14.837186653409072,20.447604353693183,14.915457230113615,20.51630392755682,15.116968934659072,135113.0,17511.0,130019.0,OPP -> COP,0.0005253787847467146
2018-10-01,OPP,COP,1807,391,10.265633646928611,2238.7022689540677,2273.865522966242,2266.0686220254565,0.7786386275594909,0.6104039845047039,3990.004427227449,-3.2941339236303264,-5.883242364619702,62.50138350857775,35.65314241531757,-50.84617742590289,35.59148703735992,-50.58328452926526,35.63452848816939,-50.674357847447105,653536.0,100363.0,652253.0,OPP -> COP,0.001191813356883794
2018-10-08,OPP,COP,424,227,8.67688679245283,1955.9080188679245,1987.2382075471698,1977.683962264151,0.8655660377358491,0.5849056603773585,3849.370283018868,-3.794811320754717,-5.735684250573342,65.09433962264151,27.443651681818174,4.128576553475938,27.05221501069518,5.41793245187166,27.452190318181813,4.134945029411767,15976.0,2021.0,15946.0,OPP -> COP,0.0002940478881952256
2018-10-15,OPP,COP,1480,325,11.852027027027027,2993.6608108108107,2990.868918918919,2981.1763513513515,0.8054054054054054,0.4804054054054054,4986.151351351351,-4.404932432432429,-5.1403718743376725,63.42567567567568,27.569471618129924,-13.932164977159092,27.12510199643114,-9.553422611705852,27.438000426124205,-13.40324099428972,400521.0,58637.0,382470.0,OPP -> COP,0.0008726018924848342
2018-10-22,OPP,COP,452,241,9.41150442477876,2210.537610619469,2234.738938053097,2228.5575221238937,0.8053097345132744,0.6526548672566371,4156.6438053097345,-4.6732300884955755,-6.526793532598077,73.1858407079646,18.690580316425123,-5.411424804347818,18.682523420289858,-5.385113910628013,18.83472512318841,-5.407467219806754,48738.0,4991.0,47880.0,OPP -> COP,0.00028530328307072175
2018-10-29,OPP,COP,1033,260,11.4027105517909,2782.6234269119072,2810.435624394966,2808.3117134559534,0.7754114230396902,0.5450145208131656,5818.7192642787995,-5.655759922555663,-6.250314314286095,69.61277831558567,30.99574999768786,17.350898283236987,31.24088240231214,16.432204383815023,31.225388529479773,17.13703143583814,469135.0,50285.0,467610.0,OPP -> COP,0.0006522304640244072
2018-11-05,OPP,COP,550,225,13.638181818181819,3827.6454545454544,3832.98,3817.870909090909,0.8,0.5418181818181819,7384.210909090909,-1.9180000000000001,-5.4894197834400495,63.43636363636364,30.642078579908674,-8.845636098173527,30.637144559360724,-7.213721226027406,30.631270757990865,-8.676238038812794,63701.0,8583.0,57141.0,OPP -> COP,0.0003352311479716382
2018-11-12,OPP,COP,777,251,8.23938223938224,2078.0823680823682,2078.738738738739,2083.7155727155728,0.851994851994852,0.703989703989704,4576.075933075933,-3.337837837837836,-6.458317179347724,63.61647361647362,36.514269057795694,6.792936431451608,36.504127999999994,6.6905129704301025,36.42127143279569,6.477993974462359,226288.0,28784.0,225068.0,OPP -> COP,0.00048707129733351973
2018-11-19,OPP,COP,1934,267,6.380558428128231,1229.8986556359876,1250.9219234746638,1229.1685625646328,0.9669079627714581,0.7766287487073423,3640.904343329886,-5.031230610134436,-8.408198378524915,82.20785935884177,38.40134695459516,-10.815589285010935,38.37586188894964,-10.865885408096272,38.36057540098466,-10.835831502188174,1393350.0,130002.0,1391872.0,OPP -> COP,0.0014606864622158779
2018-11-26,OPP,COP,2032,369,8.53740157480315,1909.7372047244094,1944.8858267716535,1928.9699803149606,0.7849409448818898,0.6313976377952756,4194.585137795276,-5.9209645669291335,-7.086004655207299,66.14665354330708,42.477956642749525,-29.540732615153104,42.43088911741084,-29.620981007024653,42.425922422980335,-29.347624809332732,937347.0,112821.0,925054.0,OPP -> COP,0.0012319048814230927
2018-12-03,OPP,COP,1163,325,12.124677558039552,2779.0447119518485,2820.3602751504727,2802.347377472055,0.9226139294926913,0.6276870163370594,6090.489251934652,-7.443164230438522,-7.262986027079833,69.31212381771282,36.691098222816365,6.779322057932261,36.29086092602491,7.056084647950086,36.433149054367156,6.906060548128339,332725.0,43802.0,326043.0,OPP -> COP,0.0008091774499012707
2018-12-10,OPP,COP,1228,287,8.846905537459284,1764.3322475570033,1768.2198697068404,1761.1335504885994,0.8371335504885994,0.7060260586319218,3771.1962540716613,-6.011482084690554,-6.955150259562217,68.35504885993485,39.95124534278565,-14.95929634945797,40.06598249958298,-14.940235849874984,39.545040753961636,-14.948509952460471,732671.0,62464.0,719508.0,OPP -> COP,0.0009349643944544734
2018-12-17,OPP,COP,950,290,8.673684210526316,2028.8305263157895,2034.9284210526316,2039.4515789473685,0.9347368421052632,0.7526315789473684,4896.642105263158,-4.826315789473684,-6.816276752740635,85.94736842105263,37.43618322039477,8.351738144880175,37.4893806100767,8.214217891067538,37.495849614207685,8.05597199019608,332991.0,31050.0,318692.0,OPP -> COP,0.0007403106967102931
2018-12-24,OPP,COP,609,247,7.6600985221674875,1592.0114942528735,1605.2101806239737,1599.1494252873563,0.8144499178981938,0.7635467980295566,4169.916256157636,-5.876354679802955,-6.553881604184015,65.25451559934318,26.74500486046512,36.06005684257606,26.74324132442068,35.07096992335118,26.75993458318426,36.32934546332739,38440.0,5263.0,37934.0,OPP -> COP,0.0007014238097102854
2018-12-31,OPP,COP,966,315,10.443064182194616,2169.432712215321,2185.049689440994,2181.8426501035196,0.6614906832298136,0.6811594202898551,4818.767080745341,-4.907142857142858,-5.56636735469296,58.22981366459627,28.594153858500533,37.99010634599157,28.71279889440335,37.265693243670896,28.77757026187961,37.836010727848105,104634.0,17319.0,103669.0,OPP -> COP,0.0009904472084460744
2019-01-07,OPP,COP,1252,363,13.26038338658147,3126.3777955271566,3137.0551118210865,3114.714057507987,0.8466453674121406,0.6285942492012779,4881.433706070287,-4.697683706070286,-6.217553325590619,73.3226837060703,34.17003531725266,24.154268875715456,33.99810065658217,23.231739644317255,33.8531171316435,23.92682978168438,277176.0,29429.0,276286.0,OPP -> COP,0.0010162593376943738
2019-01-14,OPP,COP,608,317,13.59703947368421,3264.2648026315787,3271.7697368421054,3270.6694078947367,0.8470394736842105,0.555921052631579,5500.088815789473,-5.634046052631578,-6.257298029013144,68.8157894736842,25.41153315384616,21.577153726495727,25.432496846153853,20.675941832478628,25.314424700854705,21.24717787350427,22524.0,3046.0,22210.0,OPP -> COP,0.00044925654691664444
2019-01-21,OPP,COP,1136,375,9.72975352112676,2208.603873239437,2242.62588028169,2221.3732394366198,0.7367957746478874,0.6390845070422535,4350.720950704225,-5.998855633802816,-6.786832671746626,54.25176056338028,33.673089171480136,-12.549911990072186,33.82109939350179,-11.529159095667861,33.6316965406137,-9.300439380866424,132953.0,19386.0,131995.0,OPP -> COP,0.0009195618158431758
2019-01-28,OPP,COP,749,297,8.514018691588785,1718.6915887850466,1753.1869158878505,1741.3898531375166,0.794392523364486,0.5834445927903872,4170.515353805074,-4.330707610146863,-6.157733774721048,58.771695594125504,25.537127934265744,-12.664205544055958,26.066192874125885,-12.798112257342673,26.4380331902098,-12.586955194405606,64443.0,11001.0,60397.0,OPP -> COP,0.0006067907090539817
2019-02-04,OPP,COP,933,313,8.683815648445874,2142.635584137192,2156.042872454448,2152.273311897106,0.8317256162915327,0.6430868167202572,4458.48231511254,-5.286173633440514,-7.097769627859717,75.7449088960343,36.99178652449889,-9.467378045657025,36.91208833407573,-9.053969226057916,37.08483934298442,-8.832163654788426,528615.0,51604.0,527377.0,OPP -> COP,0.0007290645937164478
2019-02-11,OPP,COP,606,269,8.661716171617162,1751.0478547854786,1768.7491749174917,1755.0841584158416,0.7904290429042904,0.6468646864686468,3780.40099009901,-4.049834983498349,-6.418298857135924,64.60396039603961,30.75164125000001,1.2108299859155178,31.05747373239437,3.190826059859179,31.156338741197192,2.418911325704252,68914.0,7630.0,68308.0,OPP -> COP,0.0004259847910776572
2019-02-18,OPP,COP,586,271,9.546075085324231,2031.2423208191126,2031.4931740614334,2043.334470989761,0.8242320819112628,0.4778156996587031,3765.2184300341296,-4.316894197952218,-6.325264030978283,68.54948805460751,21.885345252707573,3.9994684530685998,22.54741673285198,3.737372803249106,22.437230415162446,5.348320817689537,111924.0,11925.0,111656.0,OPP -> COP,0.000457818580403021
2019-02-25,OPP,COP,472,243,8.07415254237288,1806.1334745762713,1818.7203389830509,1808.2415254237287,0.826271186440678,0.565677966101695,3754.258474576271,-4.532838983050847,-6.233102976903244,65.72033898305085,31.088195613691926,-12.853677711491445,30.585075320293395,-12.282274215158928,30.981409305623473,-12.697722381418096,19051.0,2037.0,18791.0,OPP -> COP,0.000328422078035034
2019-03-04,OPP,COP,1614,285,11.059479553903346,2053.0043370508056,2044.6164807930606,2044.0340768277572,0.7137546468401487,0.5830235439900867,4526.509913258984,-3.8584262701363072,-4.814399950407157,66.35687732342008,40.067646346991026,-36.34702154929573,39.95935741165172,-36.52187168822019,39.99057031177975,-36.48998619526243,1055740.0,122175.0,1055277.0,OPP -> COP,0.0012252148301096165
2019-03-11,OPP,COP,806,240,7.36848635235732,1484.8523573200991,1490.0818858560795,1477.4280397022333,0.7382133995037221,0.6538461538461539,3836.3709677419356,-3.8715880893300287,-6.9695374665791086,61.86104218362283,29.846445803548765,17.781985693282646,30.260554950570313,18.809121539923968,30.247312850443567,18.836574425855527,94895.0,14252.0,92498.0,OPP -> COP,0.0005934036484753354
2019-03-18,OPP,COP,762,266,10.009186351706036,2354.3674540682414,2360.3530183727034,2364.9343832020995,0.7729658792650919,0.4330708661417323,4481.816272965879,-5.351049868766404,-5.374299005007374,59.54068241469816,24.94254369958846,25.42394120273972,24.787059424657517,23.820150763337885,24.832501710562408,24.504511928767116,58037.0,12318.0,57478.0,OPP -> COP,0.0005646954201867497
2019-03-25,OPP,COP,478,191,8.048117154811715,1676.175732217573,1713.0899581589958,1727.3556485355648,0.9225941422594143,0.6317991631799164,3330.723849372385,-4.350836820083682,-5.76995411565627,73.13807531380753,36.51014084633028,0.5889775458715552,36.20198066055046,1.7436172247706365,36.47938473165137,0.7011360321100875,110856.0,13529.0,109130.0,OPP -> COP,0.0003189039311914731
2019-04-01,OPP,COP,576,260,10.026041666666666,2185.2291666666665,2206.078125,2199.765625,0.9201388888888888,0.4236111111111111,4253.581597222223,-3.7057291666666665,-6.287746179044007,70.13888888888889,30.98720999386503,0.12905117995910959,31.009511936605314,0.17103506543968292,30.980085474437626,0.12939919631902885,49134.0,5878.0,48575.0,OPP -> COP,0.00045260388673587737
2019-04-08,OPP,COP,1429,338,7.12036389083275,1523.6417074877536,1535.7627711686494,1533.6745976207137,0.8096571028691393,0.543037088873338,3739.1315605318405,-4.318474457662702,-6.479134605429129,64.37368789363191,28.280629972340417,4.329194907801481,27.640569000709235,3.6481985085106916,28.323351036170212,4.440143836879518,454750.0,62411.0,454042.0,OPP -> COP,0.0010407168638372373
2019-04-15,OPP,COP,961,356,8.420395421436004,1873.8761706555672,1866.8074921956295,1879.6982310093651,0.8407908428720083,0.5691987513007284,4342.181061394381,-3.8967741935483873,-6.812788519600826,68.70967741935483,37.338593536853665,-11.32932055225523,37.89598637733773,-3.9330077689769007,37.320204749174906,-6.480927037403741,95336.0,13443.0,94458.0,OPP -> COP,0.0007669788853346614
2019-04-22,OPP,COP,587,258,8.427597955706984,1803.1465076660988,1843.2998296422488,1819.436115843271,0.8415672913117547,0.4804088586030664,3540.33730834753,-3.7763202725724025,-6.817232765251232,69.50596252129472,38.85747340117416,-5.683274475538162,39.49441782387475,-6.075307387475537,39.41347379256359,-5.156791639921721,71730.0,7762.0,71560.0,OPP -> COP,0.0004708585106272044
2019-04-29,OPP,COP,2989,404,10.054867848778855,2257.383405821345,2268.009367681499,2266.3278688524592,0.7601204416192706,0.49079959852793575,5486.288056206089,-6.363499498159921,-3.8932551624361302,61.91033790565407,40.10435396604404,-2.175817501526984,39.97600344787766,-2.3619251774686196,40.09699389541586,-2.5891440322361787,1558773.0,190475.0,1554887.0,OPP -> COP,0.002318085721863837
2019-05-06,OPP,COP,730,248,10.152054794520549,2409.7602739726026,2444.794520547945,2423.731506849315,0.8890410958904109,0.5589041095890411,4719.831506849315,-5.416986301369863,-6.310535871637044,74.3013698630137,31.640415222047245,-9.352898437795266,32.0188056535433,-8.034917566929128,31.97889553543308,-8.636077970078732,108318.0,12967.0,106714.0,OPP -> COP,0.0005121146687880842
2019-05-13,OPP,COP,1225,291,10.779591836734694,2178.3893877551022,2191.884081632653,2138.3763265306125,0.6228571428571429,0.46448979591836737,3955.925714285714,-6.110122448979593,-6.846630219938922,50.310204081632655,29.83890047129391,-18.316925131105403,30.146021485861183,-24.651266742930588,30.05977080119966,-18.52483232904885,131800.0,33794.0,131760.0,OPP -> COP,0.0009224425374775225
2019-05-20,OPP,COP,845,313,7.442603550295858,1396.8449704142013,1423.666272189349,1420.3704142011834,0.8071005917159764,0.6189349112426036,3486.044970414201,-4.293372781065089,-7.572889486627425,63.15976331360947,23.11767371132764,33.55213526309378,23.570769487210715,35.254223654080384,23.715077355663823,35.14557789403167,95517.0,12710.0,94576.0,OPP -> COP,0.0006479509796328686
2019-05-27,OPP,COP,663,234,11.283559577677226,2677.1478129713423,2645.993966817496,2667.1116138763196,0.7692307692307693,0.28355957767722473,5586.116138763197,-4.484615384615386,-7.786658299332431,62.98642533936651,18.50621798430141,-4.489653996860285,15.759177634222917,-15.162810029827329,15.214509392464677,-13.845038758241772,94931.0,11213.0,94931.0,OPP -> COP,0.000524886175701491
2019-06-03,OPP,COP,1088,271,17.975183823529413,3408.296875,3426.609375,3422.171875,0.8336397058823529,0.5606617647058824,6773.275735294118,-4.53639705882353,-6.782576127823422,57.748161764705884,24.26262001910218,22.961926307545387,23.228187951289375,24.783419561604603,22.871012378223483,24.458382158548254,289576.0,39164.0,289210.0,OPP -> COP,0.0007924622852048457
2019-06-10,OPP,COP,3034,661,9.873434410019776,2069.8938694792355,2078.389584706658,2081.3961766644693,0.8174027686222808,0.7465392221489783,4791.607119314436,-5.378872775214239,-7.753321644194666,73.36519446275544,31.116691664122165,56.30306989512114,31.927554050116186,53.43992954397613,31.48871155194162,54.152490254231694,1036887.0,98360.0,1004998.0,OPP -> COP,0.002487201242780845
2019-06-17,OPP,COP,2330,594,9.248497854077254,1833.4570815450643,1848.7270386266096,1853.3678111587983,0.7304721030042919,0.7390557939914163,4630.682832618026,-2.922274678111588,-8.083005062229216,57.1931330472103,32.08403146981982,80.757687044483,31.069222850813727,82.21549642782365,30.911112436059636,82.68930056563438,505870.0,79719.0,497049.0,OPP -> COP,0.0017442051963840305
2019-06-24,OPP,COP,1441,401,8.990978487161692,1684.113115891742,1710.1575294934073,1702.7876474670368,0.8376127689104789,0.6870229007633588,3678.8417765440668,-5.6377515614156835,-8.135018265915512,75.43372657876475,33.58139717913048,9.831443909324216,33.03714599294536,10.55377701454235,33.10749632038838,8.899874675791267,731770.0,62624.0,731253.0,OPP -> COP,0.0009579900424879554
2019-07-01,OPP,COP,2438,589,10.155865463494667,2139.121410992617,2156.759228876128,2150.2990155865464,0.7551271534044298,0.6066447908121411,4633.319934372436,-5.039622641509434,-6.548496217655887,65.03281378178835,28.359953350906114,56.751861556013196,27.624070165156525,55.16138322652392,27.579617378088987,56.488962068780914,586028.0,69583.0,552798.0,OPP -> COP,0.0022567554558312786
2019-07-08,OPP,COP,868,391,9.941244239631336,2075.4055299539173,2091.1739631336404,2083.0564516129034,0.7788018433179723,0.5,4053.1370967741937,-4.882834101382489,-8.12116032881718,68.3410138248848,29.115481147659054,59.555700268817255,28.18926694550063,58.50774337753887,29.408411628605766,58.98653747670256,71113.0,8300.0,63058.0,OPP -> COP,0.0007178020702139431
2019-07-15,OPP,COP,1201,416,7.99916736053289,1558.2198168193172,1582.3946711074104,1579.3655287260617,0.7318900915903414,0.6319733555370525,3797.5661948376355,-4.16128226477935,-7.361025475971701,66.6278101582015,29.535548434688348,22.515654608415424,30.694003630426884,22.555221250044777,30.20654175211902,22.580927057564928,206760.0,30939.0,204502.0,OPP -> COP,0.0010176474127098316
2019-07-22,OPP,COP,2814,556,7.826936744847193,1558.9776119402984,1584.490760483298,1579.7363184079602,0.7782515991471215,0.6567164179104478,3976.373489694385,-5.442857142857139,-8.180392625853353,67.93532338308458,31.05691826385889,62.84873822082606,30.83660239992804,63.24757097486562,30.96317674883054,62.98939792603258,1124983.0,149434.0,1117864.0,OPP -> COP,0.0022970190993791355
2019-07-29,OPP,COP,3592,754,9.47271714922049,2057.596881959911,2093.2163140311804,2079.435968819599,0.7978841870824054,0.4869153674832962,4235.480512249444,-5.16762249443207,-8.850323762962343,63.26280623608018,22.270738573917928,49.37981548384382,23.727320470207964,47.689788490868274,22.979666282462055,48.81124519837037,1210421.0,156461.0,1204360.0,OPP -> COP,0.0028295049941708416
2019-08-05,OPP,COP,3334,728,13.229154169166167,2953.5794841031793,2967.6493701259747,2959.7096580683865,0.8125374925014996,0.5140971805638872,6052.477204559088,-6.118326334733051,-7.836034967831249,68.89622075584883,30.391447691076905,52.89909531569216,32.04852349046147,53.52443943384608,30.34358269815381,52.97680681599987,1115258.0,139673.0,1083185.0,OPP -> COP,0.0025575957679231155
2019-08-12,OPP,COP,6022,1153,11.671205579541681,2680.8316174028564,2712.9551643972104,2696.70823646629,0.7882763201594155,0.68349385586184,5425.979907007639,-5.1367651942876105,-7.736055520894951,71.05944868814348,27.508614474140856,80.78187183633626,27.649985061561594,79.56315238154814,27.727444247747798,79.49871906072734,4403500.0,412587.0,4251060.0,OPP -> COP,0.005342649996983559
2019-08-19,OPP,COP,2042,676,9.288932419196867,2083.0763956904993,2105.8310479921647,2107.4838393731634,0.791380999020568,0.5421155729676788,4383.535749265426,-5.669343780607248,-6.685200287202164,64.37316356513222,28.285282762830104,54.97836162929753,28.110870822620836,54.38697032785258,28.12873639461884,54.18275996013957,227360.0,26476.0,196745.0,OPP -> COP,0.0016527079482140717
2019-08-26,OPP,COP,2452,550,19.29363784665579,3945.1663947797715,3962.2862969004896,3959.8796900489397,0.7654975530179445,0.6468189233278956,5912.382137030995,-5.6510603588907005,-7.6319932415932366,67.86704730831974,29.50968512695794,79.84131671145919,29.202017800082427,81.63818378689199,28.972354125309135,79.93504195094805,883038.0,102708.0,768835.0,OPP -> COP,0.0021333351894161517
2019-09-02,OPP,COP,2446,613,12.270237121831562,2693.8156173344237,2720.1557645134912,2686.5621422730987,0.7424366312346689,0.6107931316434996,5103.181929681112,-4.932502044153721,-7.77245775960296,59.97547015535568,27.145217569588706,86.95801544306421,28.101906634815116,77.08939433126291,27.36876642625676,89.99285306997928,380716.0,53519.0,371166.0,OPP -> COP,0.002165057773230114
2019-09-09,OPP,COP,1119,383,7.9848078641644324,1660.0509383378017,1717.62109025916,1687.798927613941,0.7774798927613941,0.5942806076854334,3911.830205540661,-4.419928507596069,-5.984499194292427,58.53440571939232,30.270158090573,74.40023326962145,30.41500248428834,74.11421877469994,30.137694469010164,74.45422798430292,141925.0,25657.0,141829.0,OPP -> COP,0.0009603344950605852
2019-09-16,OPP,COP,2391,448,8.52404851526558,1575.7038895859473,1587.7386030949394,1592.232538686742,0.8122124634044333,0.5156838143036386,3985.4240903387704,-4.013258051024675,-7.399129891517553,60.853199498117945,31.693049536864276,77.04858531088531,31.348478442372787,75.86899756967405,31.658052529237157,75.71426227657781,944541.0,140544.0,941336.0,OPP -> COP,0.0018287604124998184
2019-09-23,OPP,COP,1082,468,10.11645101663586,2229.859519408503,2266.2005545286506,2244.9796672828097,0.7486136783733827,0.43715341959334564,3966.1469500924213,-5.593160813308689,-7.5844477864325475,63.03142329020333,24.57661477724665,72.32757096940726,24.833919629063097,72.48657551912044,24.662071804015294,72.30370743403441,58779.0,8530.0,57740.0,OPP -> COP,0.0007624754943758624
2019-09-30,OPP,COP,6395,941,10.034714620797498,1968.7002345582487,1962.1899921813917,1974.8096950742768,0.8589523064894449,0.6709929632525411,4375.004065676309,-6.792462861610631,-8.514294854344108,73.44800625488664,27.268501031534363,90.74828251945402,27.738019057263894,89.84286304832136,27.43376758942581,90.34320554455599,4706236.0,444541.0,4640031.0,OPP -> COP,0.005166716489056579
2019-10-07,OPP,COP,1924,621,10.028066528066528,2178.431392931393,2193.3591476091474,2185.43762993763,0.8097713097713097,0.5046777546777547,4009.355509355509,-5.045997920997921,-8.152781732952349,70.9095634095634,31.92902673054525,49.42631194070942,31.55484881577554,49.04482194070943,31.898798518793,49.51475229168878,422222.0,51793.0,420358.0,OPP -> COP,0.001459858445326632
2019-10-14,OPP,COP,1416,527,9.764830508474576,2104.6504237288136,2131.483757062147,2134.771892655367,0.7888418079096046,0.5374293785310734,4472.166666666667,-6.736723163841807,-7.285715324148215,66.89971751412429,32.23138302325582,21.556779055232557,32.16141167514536,20.72918178125,32.28843745639535,19.8664022434593,101631.0,12553.0,99583.0,OPP -> COP,0.0010281066646143256
2019-10-21,OPP,COP,2511,559,12.691358024691358,2652.5463958582236,2674.0625248904817,2666.2441258462763,0.8152130625248905,0.36200716845878134,4928.572281959378,-6.433731581043411,-7.987238825346697,65.35643170051772,30.264107118473962,23.890115734751117,24.404320972712615,20.571829257624337,30.274648846586413,23.966249369181288,893611.0,121328.0,890379.0,OPP -> COP,0.0020591216382440636
2019-10-28,OPP,COP,1961,557,8.184599694033656,1677.0356960734318,1696.1570627231004,1688.374298827129,0.8760836308006119,0.6425293217746048,3448.912799592045,-6.036053034166243,-7.640101019548664,71.55022947475777,19.07142820539422,53.31270496161828,18.277934077800836,53.632809625000085,18.655188959543583,53.75103240715772,430877.0,52584.0,422443.0,OPP -> COP,0.001798660131198544
2019-11-04,OPP,COP,3176,570,12.313287153652393,2824.4600125944585,2858.097292191436,2825.809823677582,0.779911838790932,0.5824937027707808,4402.9641057934505,-3.17251259445844,-8.265618439254224,70.41246851385391,26.289298346031735,29.894837395939067,24.746402238095236,28.010211826142115,25.176304455555545,28.543049622779183,2064071.0,216953.0,2057088.0,OPP -> COP,0.002868284682673429
2019-11-11,OPP,COP,3961,836,9.323655642514517,1881.7503155768745,1909.4988639232517,1905.5337036101994,0.8487755617268367,0.6831608179752587,4412.754354960868,-7.039383993940923,-8.072407146921284,73.48396869477405,25.26663460015306,78.45076833860696,25.662019308241863,76.44640129420792,25.537139826741473,76.35302210334287,1335561.0,145083.0,1311960.0,OPP -> COP,0.0033769814508999175
2019-11-18,OPP,COP,4941,854,9.940497874924105,2006.5253997166565,2031.5193280712406,2017.7939688322201,0.8931390406800243,0.6721311475409836,4187.753288807934,-6.952013762396277,-8.824789982929373,78.75126492612831,26.056865866365975,70.84384330963509,25.580458640599293,71.01451621409635,25.526698478625466,70.96291033672827,4819363.0,425708.0,4595116.0,OPP -> COP,0.003861613405683551
2019-11-25,OPP,COP,4288,689,10.354477611940299,2038.6473880597016,2069.0102611940297,2075.366604477612,0.7952425373134329,0.48367537313432835,3935.626865671642,-5.434258395522389,-7.1580326025581,66.6581156716418,25.446115946310297,51.75707797914724,24.12415567878216,52.221026482192954,24.01797016784702,51.55918669400177,2266166.0,265101.0,2256645.0,OPP -> COP,0.004614826637278716
2019-12-02,OPP,COP,1454,490,13.322558459422284,2669.273727647868,2705.601788170564,2688.0935350756536,0.827372764786795,0.3342503438789546,4622.79779917469,-4.949174690508941,-7.352683511113422,62.585969738652,30.393124291899436,44.009404451882844,30.322839463687156,43.399808534170155,30.386870956005584,43.05474387866108,198697.0,33327.0,198339.0,OPP -> COP,0.0012203822297575182
2019-12-09,OPP,COP,1791,483,7.435510887772194,1664.7883863763261,1703.1580122836403,1711.4014517029593,0.8190954773869347,0.6560580681183696,3357.5248464544948,-5.835566722501396,-7.120492894886501,68.8107202680067,29.585150532062375,57.5605935870189,29.7738268255613,56.805778089029225,29.63987764067013,57.20247257955193,555185.0,53567.0,463037.0,OPP -> COP,0.0016504326511053568
2019-12-16,OPP,COP,5586,1089,7.44969566774078,1519.1997851772287,1527.8544575725027,1527.502327246688,0.7123165055495883,0.7773003938417472,3889.0526315789475,-7.180397422126745,-8.283612538215833,65.49051199427139,27.690478448961223,78.31192233610128,27.485619896209407,78.59702769476549,27.746090609646025,78.71101299296048,3403175.0,370289.0,3360726.0,OPP -> COP,0.005115946807341466
2019-12-23,OPP,COP,2549,648,8.388779913691645,1781.4448803452335,1788.7359748921147,1796.3785798352294,0.7685366810513927,0.6488819144762652,3706.165555119655,-6.691212240094158,-7.399789807107,70.36484896037662,26.404861226176397,91.85596954958508,25.797083915843583,91.42934820505724,25.116093847765956,91.33686907625442,645352.0,69591.0,624619.0,OPP -> COP,0.003607334110747563
2019-12-30,OPP,COP,1894,406,8.899155227032734,2106.013727560718,2113.053854276663,2110.193241816262,0.7877507919746568,0.6420274551214361,4124.912354804646,-5.870538542766627,-6.508295730639805,63.722280887011614,30.661804329392776,60.35342796618358,30.490012049568943,60.397976435883635,27.02227699570122,69.86562286205042,733027.0,70663.0,729889.0,OPP -> COP,0.0019051642625787112
2020-01-06,OPP,COP,761,297,10.097240473061762,2313.8370565045993,2346.3745072273323,2333.277266754271,0.6859395532194481,0.4704336399474376,4486.206307490144,-5.302890932982916,-6.387235976090268,59.08015768725361,29.643910128808855,38.94155593914249,29.6908461452282,38.45679305255881,28.563577349030457,42.68030399170128,77781.0,12674.0,77750.0,OPP -> COP,0.0004969727762100895
2020-01-13,OPP,COP,1167,403,9.024850042844902,2096.892030848329,2132.5141388174807,2122.4807197943446,0.6615252784918595,0.7275064267352185,4015.6992287917737,-3.3538131962296487,-5.266135522459234,55.70694087403599,33.65566678521124,12.131255226514499,33.23828676031606,13.437962952589999,33.368733299295755,12.177063332748032,125544.0,34671.0,124615.0,OPP -> COP,0.000970696123038021
2020-01-20,OPP,COP,1061,352,9.045240339302545,1881.163053722903,1908.3553251649387,1898.4439208294061,0.8331762488218661,0.590951932139491,3869.5051837888786,-4.463053722902922,-7.449688663908292,68.60508953817154,31.976629463199224,33.98499028137256,32.19976502747793,33.48160403725491,32.08413546908736,33.73553771960784,85840.0,10499.0,85361.0,OPP -> COP,0.0008597435031022884
2020-01-27,OPP,COP,798,325,13.172932330827068,2748.9448621553884,2763.527568922306,2754.6203007518798,0.7706766917293233,0.42105263157894735,4633.701754385965,-6.334085213032582,-7.692631688232544,55.664160401002505,31.11141355341055,28.190477283140297,31.19427028828828,26.293522842985862,31.196090011583014,27.39779736036038,67759.0,13805.0,66833.0,OPP -> COP,0.0005561708127411904
2020-02-03,OPP,COP,511,237,9.336594911937377,2072.526418786693,2106.4716242661448,2096.1996086105673,0.8082191780821918,0.4461839530332681,3839.7769080234834,-3.634637964774951,-4.882978856653759,58.806262230919764,27.166254096566522,25.8335726330472,27.15256993991416,26.532114334763932,27.226244581545064,25.801261401287537,42174.0,6897.0,42072.0,OPP -> COP,0.00040116754672306565
2020-02-10,OPP,COP,721,323,7.723994452149792,1632.3814147018031,1677.01386962552,1670.5131761442442,0.7503467406380028,0.6643550624133149,3634.640776699029,-5.351595006934813,-6.294986914484975,67.47572815533981,33.1376684941349,6.858055082132565,33.04792243128655,16.66702270461094,32.895670901903365,19.62043870317001,72754.0,11753.0,72255.0,OPP -> COP,0.0006283054662575564
2020-02-17,OPP,COP,1217,394,10.593262119967132,2315.9687756778962,2297.699260476582,2300.5349219391946,0.695152013147083,0.666392769104355,4219.953163516845,-4.177321281840591,-5.670650985405531,59.465899753492195,39.05455886192111,-9.917503728130376,38.21825936363637,-8.517503102058322,38.25927981389367,-8.659236652658667,165265.0,24379.0,165162.0,OPP -> COP,0.0011115332765845513
2020-02-24,OPP,COP,936,426,10.837606837606838,2572.530982905983,2591.287393162393,2590.32905982906,0.7446581196581197,0.5918803418803419,4829.084401709401,-5.128739316239316,-6.396984726135081,64.8931623931624,32.57641043902441,38.409695956762754,32.599474670731716,38.44492227272727,32.68405674833705,39.45263653325942,44315.0,5204.0,43620.0,OPP -> COP,0.0008158611780826216
2020-03-02,OPP,COP,740,269,10.235135135135135,2331.281081081081,2365.6675675675674,2346.8635135135137,0.7297297297297297,0.4689189189189189,4769.62972972973,-4.2136486486486495,-5.1030753114462835,57.87837837837838,30.14370772879,-6.24943199170118,30.724794376912396,-6.8664577648685405,30.537253532684293,-7.426229964038664,91420.0,15739.0,90542.0,OPP -> COP,0.0006115530637982073
2020-03-09,OPP,COP,535,184,9.198130841121495,2292.138317757009,2337.1233644859813,2315.2056074766356,0.8093457943925234,0.41495327102803736,5744.641121495327,-6.70785046728972,-6.061175849070074,59.10280373831776,10.811711705426356,-9.012227244186048,11.149887674418608,-9.112533833333336,11.571890000000002,-9.56653441472868,87714.0,19082.0,87681.0,OPP -> COP,0.0004985281770921178
2020-03-16,OPP,COP,254,167,9.622047244094489,2243.244094488189,2256.3818897637793,2248.767716535433,0.8307086614173228,0.38976377952755903,4614.251968503937,-2.898818897637795,-6.652460572905164,66.81102362204724,27.87790048484848,14.860823190476188,28.06563858008658,15.035973839826836,28.0023849004329,14.970706597402593,5108.0,721.0,5079.0,OPP -> COP,0.00024740685472834434
2020-03-23,OPP,COP,290,157,9.079310344827586,2278.244827586207,2308.9275862068966,2296.4758620689654,0.8827586206896552,0.6517241379310345,4092.493103448276,-1.8313793103448273,-7.576369820357429,58.689655172413794,28.159463293478254,30.457059043478264,28.382641336956517,31.463506869565222,28.451298583333326,31.00380324637682,12271.0,2313.0,12178.0,OPP -> COP,0.00029489706058812644
2020-03-30,OPP,COP,435,183,16.701149425287355,4352.747126436781,4405.885057471264,4393.618390804598,0.7080459770114943,0.37471264367816093,7480.388505747126,-2.109655172413793,-7.287969681108346,43.88505747126437,33.490974468235315,-16.9621112117647,33.10698811529413,-17.19540596470588,32.38094214823531,-3.4617855835294162,28314.0,8943.0,28269.0,OPP -> COP,0.000469208590723908
2020-04-06,OPP,COP,313,113,15.670926517571885,4230.309904153354,4258.808306709265,4242.769968051118,0.7731629392971247,0.18849840255591055,6265.277955271566,-1.74888178913738,-7.129734558212222,56.23003194888179,32.88246708910891,-19.839671528052826,33.47033845874587,-24.64530156105613,32.68838458085808,-23.251730603960418,31720.0,5682.0,31720.0,OPP -> COP,0.0003659577453261467
2020-04-13,OPP,COP,351,185,12.005698005698006,2952.4957264957266,3002.293447293447,2979.3675213675215,0.8518518518518519,0.47293447293447294,5465.176638176638,-0.9740740740740739,-6.643767072172717,70.31339031339031,30.400528713864304,-3.4832723451327436,30.077831752212386,-2.440517867256637,30.096339333333333,-3.0837703746312712,12377.0,1577.0,12364.0,OPP -> COP,0.00041603057054266505
2020-04-20,OPP,COP,516,231,10.209302325581396,2506.2306201550387,2548.7906976744184,2530.1647286821703,0.8294573643410853,0.5232558139534884,5275.28488372093,-1.2718992248062015,-6.705293836464127,62.01550387596899,25.235272230303035,10.739714008080806,25.123232351515153,10.865512997979797,25.16535063434344,10.964428755555558,24506.0,3407.0,24438.0,OPP -> COP,0.0005979475104061408
2020-04-27,OPP,COP,675,226,8.312592592592592,1870.7614814814815,1870.28,1871.4888888888888,0.92,0.6311111111111111,3806.5244444444443,-3.757037037037037,-8.427886027724428,65.42222222222222,23.067918265553875,44.10014366160853,22.825977933232174,43.94213689377848,22.987931271623676,44.32615717450686,182842.0,21514.0,139110.0,OPP -> COP,0.0007989602863473666
2020-05-04,OPP,COP,377,186,8.198938992042441,2016.9336870026525,2052.079575596817,2051.4031830238728,0.7824933687002652,0.5888594164456233,4090.657824933687,-3.5726790450928374,-7.056910019546184,68.19628647214854,28.552998921568626,53.831680885154064,27.416610406162466,45.73636923249298,28.08139808123249,48.04268883193276,16112.0,1731.0,15998.0,OPP -> COP,0.0004259362406212116
2020-05-11,OPP,COP,758,249,7.53957783641161,1526.377308707124,1529.6094986807389,1526.6451187335092,0.8707124010554089,0.6358839050131926,3772.093667546174,-5.2891820580474995,-7.497372864348912,66.50395778364116,26.68519388235296,27.701903983957195,26.47290443983957,27.38031678074863,26.653470322192515,27.967118600267344,90104.0,14000.0,89684.0,OPP -> COP,0.000865262232673352
2020-05-18,OPP,COP,803,249,7.530510585305106,2012.7845579078455,2007.3748443337483,2050.27397260274,0.8082191780821918,0.6662515566625156,3865.7671232876714,-2.75653798256538,-6.309142507299005,62.976338729763384,28.544674340153446,42.70866552107281,29.185987486555685,44.02704852618135,27.982887835038355,46.211782072796936,151759.0,15590.0,151634.0,OPP -> COP,0.0009123755851474799
2020-05-25,OPP,COP,7122,1226,15.377702892445942,3496.8107273237856,3539.4410278011796,3527.3657680426845,0.7273237854535243,0.5998315080033698,7985.748806515024,-5.0948609941027705,-7.546162169713718,58.81774782364504,39.25981997743708,-73.65870828550769,39.389526092565866,-71.80517411267003,39.47543985377495,-73.89755163306342,2739293.0,281808.0,2665158.0,OPP -> COP,0.007609819894518194
2020-06-01,OPP,COP,16423,3898,10.771479023320952,2525.619862388114,2562.7245935578153,2519.323996833709,0.7065091639773489,0.5844242830177191,5575.799671192839,-4.435809535407659,-6.318569116303709,53.243621749984776,37.58399596885125,-67.28810141597381,37.85346377428166,-69.47170119177795,37.67270462672093,-67.11260177148988,4483470.0,734252.0,4430275.0,OPP -> COP,0.01295946606021342
2020-06-08,OPP,COP,10838,2073,13.179092083410223,3099.195515777819,3172.022605646798,3173.083687027127,0.7100018453589223,0.5816571323122347,6436.434028418527,-3.784203727625021,-5.498959216888375,58.67964569108692,39.846641410464706,-72.32641375839847,39.179013721335785,-71.55371018848483,39.24508999821615,-72.01866450421161,5725387.0,785960.0,5695109.0,OPP -> COP,0.010039470551781825
2020-06-15,OPP,COP,3856,1208,11.327022821576763,2763.96862033195,2789.7059128630704,2775.6807572614107,0.7564834024896265,0.5650933609958506,5817.433609958506,-4.2710580912863065,-5.21700954024377,61.29668049792531,40.596420043307106,-51.37050137204717,40.346746897356624,-50.57144559392574,40.418195394544455,-51.321744747187786,1005904.0,145789.0,1002356.0,OPP -> COP,0.003627070209581824
2020-06-22,OPP,COP,2783,863,8.95400646784046,2066.269134028027,2089.775062881782,2081.9414301113907,0.799496945742005,0.5673733381243262,4581.668343514193,-2.677685950413225,-5.796830999181555,62.472152353575275,38.88176254523423,-52.39212500726977,38.59138575666936,-53.137128410670954,38.84462197332254,-52.37467178172998,541131.0,77346.0,535818.0,OPP -> COP,0.0029767571210063
2020-06-29,OPP,COP,2615,916,9.991586998087953,2437.37017208413,2447.8982791587,2447.2585086042063,0.8038240917782027,0.5808795411089867,5369.017208413002,-3.0815296367112808,-5.657367128701027,68.34416826003824,35.222167364624084,-10.294855982181632,35.315471508039984,-10.988852355062987,35.557672642764025,-11.418256648413697,592484.0,48511.0,581018.0,OPP -> COP,0.0027893839141616434
2020-07-06,OPP,COP,1823,656,10.317608337904552,2748.6862314865607,2785.3609434997256,2766.038946791004,0.7805814591332968,0.6182117388919364,5580.258365331871,-4.409215578716401,-6.43321748249847,64.3664289632474,36.738545790181135,-26.14822250905902,36.80641562244296,-25.339299733489185,36.8799333401519,-25.91006926300409,228974.0,31540.0,226927.0,OPP -> COP,0.0019269879793157977
2020-07-13,OPP,COP,1914,685,10.83019853709509,2955.1760710553813,2967.702194357367,2959.282131661442,0.7763845350052246,0.5851619644723093,6459.728840125392,-4.133960292580981,-5.862047636751494,58.89237199582027,37.357933760021936,-63.46836879022514,37.260166164195475,-64.03424223174079,37.119152521691355,-63.77693195881383,305517.0,57025.0,304626.0,OPP -> COP,0.0020929904503210017
2020-07-20,OPP,COP,2386,716,11.169321039396479,2928.8901927912825,2935.9748533109805,2925.29589270746,0.6521374685666387,0.49874266554903607,5852.221709974853,-2.4645431684828196,-5.576025798628102,53.03855825649623,38.30933022664955,-71.81569910882607,38.186493398457614,-71.77647443059126,38.617265574978624,-71.87073993658963,388595.0,101043.0,386939.0,OPP -> COP,0.00245486384045237
2020-07-27,OPP,COP,1996,756,9.441382765531062,2173.117735470942,2225.7610220440883,2220.0330661322646,0.7685370741482966,0.6037074148296593,5583.769038076152,-3.27134268537074,-6.054635210471242,60.666332665330664,34.49249043128966,-60.98999360412262,34.515428777484175,-63.66686603224099,34.56517194978862,-63.286747709302304,248646.0,36734.0,244606.0,OPP -> COP,0.002223249441681472
2020-08-03,OPP,COP,2718,549,11.526122148638706,2775.3318616629876,2782.2847682119204,2797.647167034584,0.7737306843267108,0.3620309050772627,4631.961000735835,-0.9515820456217783,-7.006773480512876,69.29359823399558,38.74322738620153,-60.75761021034851,38.59934783239575,-60.510262538807545,38.62445106824127,-60.616111735282935,2598383.0,286951.0,2596975.0,OPP -> COP,0.0030935825803301417
2020-08-10,OPP,COP,5492,808,9.464493809176984,1909.6292789512017,1948.6757101238165,1959.7924253459578,0.7461762563729061,0.732884195193008,5357.542971595048,-4.652621995630004,-7.285333639702129,61.04879825200291,47.30818397801596,6.021391290781504,47.04026371420665,4.079580953630046,47.172923584149345,5.0210409052281415,5250178.0,579489.0,5086566.0,OPP -> COP,0.005847729053800811
2020-08-17,OPP,COP,1349,522,9.40103780578206,2293.1186063750924,2320.5500370644922,2305.1341734618236,0.8406226834692365,0.4877687175685693,4608.670867309118,-4.946478873239437,-6.200768619045545,63.39510748702743,41.513470253488364,-12.696687382170545,41.62238943178294,-12.968090738759695,41.506584664341084,-12.635831948062021,213135.0,27295.0,212634.0,OPP -> COP,0.0014319150404152447
2020-08-24,OPP,COP,5181,1050,9.034935340667825,1837.8726114649683,1888.0314611078943,1872.4790580968925,0.7627871067361514,0.7019880331982242,4723.088399922794,-5.2166184134336975,-6.609158074370156,47.761049990349356,40.53007329231997,-67.95155372135092,40.12163039907512,-68.67940860695604,40.34469529091268,-68.08899682307985,1267502.0,183101.0,1220781.0,OPP -> COP,0.00532867901008551
2020-08-31,OPP,COP,3914,840,9.26469085334696,2079.8375063873277,2103.9744506898314,2094.7631578947367,0.7072049054675523,0.6808891159938681,4171.690086867655,-4.628155339805823,-7.022053802903927,55.252938170669395,39.05626093460416,-58.479558169976094,39.25699117659514,-57.40308789674337,39.27101206698435,-57.57119533465707,1172331.0,198855.0,1168413.0,OPP -> COP,0.0041270681472374265
2020-09-07,OPP,COP,1895,589,9.334036939313984,2255.974142480211,2270.927704485488,2273.1292875989448,0.7736147757255937,0.6601583113456464,4795.388918205805,-3.604168865435356,-6.308497141448669,62.3377308707124,36.967752977816716,-20.70252722591942,36.95946216520725,-20.821336038528877,37.01315565615881,-21.635485415061265,279622.0,38960.0,278246.0,OPP -> COP,0.0021073069617860178
2020-09-14,OPP,COP,1548,565,8.439922480620154,1892.4289405684754,1923.7248062015503,1902.565245478036,0.8552971576227391,0.5678294573643411,4182.950258397933,-4.7879844961240305,-5.992012115836314,74.24418604651163,33.982779579258,-16.67545072596964,34.01302965514333,-18.586693361720066,33.95844936003372,-16.75198524789207,348366.0,27107.0,306740.0,OPP -> COP,0.0016821918046397196
2020-09-21,OPP,COP,2411,698,12.834093737038573,2623.305267523849,2655.454583160514,2655.454583160514,0.6885109912899212,0.6204894234757362,5465.344255495645,-2.9487764413106596,-6.949095648607355,56.60306926586479,38.715709215543136,-51.24992200343505,38.83928119965648,-52.64649898024917,38.68055836109915,-52.24560864662958,663373.0,88439.0,625333.0,OPP -> COP,0.0026529314287097577
2020-09-28,OPP,COP,1182,476,12.166666666666666,3228.844331641286,3264.118443316413,3248.1192893401017,0.7072758037225042,0.5203045685279187,5560.782571912014,-4.78824027072758,-5.794198032227311,61.243654822335024,36.10823113327372,-23.902963372987468,36.035448347048316,-24.086498319320203,36.07000136583186,-23.79633502236135,102186.0,13621.0,101032.0,OPP -> COP,0.0015026716281103841
2020-10-05,OPP,COP,1517,482,8.673038892551087,1847.4060646011865,1883.0883322346738,1865.5880026367831,0.7903757415952538,0.5748187211601846,3923.0296638101518,-3.731707317073171,-7.114140862980351,66.32168754119974,38.25320958495635,-17.65368556950968,37.860954615177974,-15.073633079919352,37.973982439220954,-15.537276390866298,452188.0,49229.0,451659.0,OPP -> COP,0.0021449032743355322
2020-10-12,OPP,COP,1316,560,7.956686930091186,1697.7553191489362,1721.4756838905776,1719.2142857142858,0.8890577507598785,0.6968085106382979,3769.3936170212764,-4.276063829787233,-7.357759048966742,73.77659574468085,22.768701554304112,11.539540711182632,22.526010444086896,11.341140075623496,22.682323106999203,11.353377292035404,131733.0,14393.0,129935.0,OPP -> COP,0.0026460664894579584
2020-10-19,OPP,COP,954,425,10.678197064989519,2250.198113207547,2272.4423480083856,2268.266247379455,0.8438155136268344,0.5555555555555556,4772.909853249476,-3.1207547169811316,-7.75163607608993,73.20754716981132,15.9971725360262,-1.4632455229257666,15.63009086026201,-1.4192623886462912,16.022558027292575,-1.876084794759825,110195.0,12903.0,108751.0,OPP -> COP,0.002046086270203493
2020-10-26,OPP,COP,815,320,8.996319018404908,2179.963190184049,2194.8944785276076,2180.4993865030674,0.8699386503067484,0.5472392638036809,4298.582822085889,-6.084785276073621,-6.718024347004615,65.93865030674847,32.31232687263555,-29.00214835056747,32.299605321563675,-29.08786655485498,32.34259726355611,-29.401073058007576,118120.0,17425.0,117888.0,OPP -> COP,0.002180701195773453
2020-11-02,OPP,COP,1282,290,12.877535101404057,2888.6684867394697,3866.1396255850236,3856.1154446177848,0.5241809672386896,0.6287051482059283,13683.464898595943,-7.835491419656787,-2.049869043725961,46.9188767550702,36.24767084972466,-67.41312494728537,34.52989540912684,-60.90594999842587,34.68538445318663,-61.58561412509779,500938.0,59606.0,500780.0,OPP -> COP,0.0037047526022852715
2020-11-09,OPP,COP,237,170,8.371308016877638,1998.5527426160338,2017.9957805907172,2014.945147679325,0.8185654008438819,0.5569620253164557,4125.700421940928,-4.431645569620253,-5.982042741631343,60.33755274261603,29.615080577092506,2.4966667467811168,29.492519386666665,5.3982278326180255,29.22230203524229,3.996498218884118,3348.0,490.0,3316.0,OPP -> COP,0.0009225594992487173
2020-11-16,OPP,COP,694,314,8.69164265129683,1968.4365994236312,1983.1051873198846,2024.5086455331411,0.8515850144092219,0.6095100864553314,4870.530259365994,-4.047838616714698,-6.806098337998372,71.09510086455332,32.05056330335367,13.311172310975612,31.950600260670743,13.043087783536587,32.00464487347561,12.498561335365855,49604.0,5662.0,48378.0,OPP -> COP,0.0010467034873023102
2020-11-23,OPP,COP,1326,359,7.196078431372549,1596.052036199095,1638.049019607843,1614.0965309200603,0.8514328808446455,0.7300150829562594,3910.4374057315235,-4.827752639517344,-7.434550792763715,73.32579185520362,36.85658729512004,3.6816449179566293,37.02946748954298,2.9648071524767583,36.78167392331524,3.1385299195046183,542056.0,56392.0,540272.0,OPP -> COP,0.0018387349060109714
2020-11-30,OPP,COP,1142,335,7.063047285464098,1848.4719789842381,1880.7276707530648,1865.970227670753,0.6190893169877408,0.6838879159369528,3668.898423817863,-4.199299474605956,-5.903417337270036,51.453590192644484,30.742771323342417,5.464269654859213,30.985387076294284,11.564701455949129,30.80155802815623,7.029412105358756,100427.0,25426.0,99945.0,OPP -> COP,0.0014888188660206426
2020-12-07,OPP,COP,873,328,9.84077892325315,2495.1993127147766,2526.312714776632,2509.004581901489,0.7434135166093929,0.42955326460481097,5327.7697594501715,-4.455441008018328,-5.857841546212264,56.74684994272623,33.459190095238085,-37.74688265238093,34.17156181785714,-40.02153418809522,33.569384305952376,-38.23342934285713,76438.0,14308.0,75332.0,OPP -> COP,0.0010675321054472262
2020-12-14,OPP,COP,507,219,7.218934911242603,1787.051282051282,1819.5305719921105,1804.820512820513,0.7396449704142012,0.6982248520710059,4845.996055226825,-5.256015779092703,-6.767308450908469,59.23076923076923,36.78458205708246,-35.90779311627906,36.65407853488373,-32.32850728118393,36.78928907188161,-33.84875379069767,35331.0,6836.0,34974.0,OPP -> COP,0.0006257073146048973
2020-12-21,OPP,COP,736,232,10.008152173913043,2447.2078804347825,2462.953804347826,2448.039402173913,0.6046195652173914,0.6929347826086957,5364.627717391304,-2.816304347826087,-5.538012737999074,54.15760869565217,36.63802279056862,-26.193564866851602,36.39110614701799,-26.6305291248266,36.47273652149789,-26.43142769625521,103018.0,21849.0,102924.0,OPP -> COP,0.0010498717615878169
2020-12-28,OPP,COP,715,267,7.4601398601398605,1908.1342657342657,1965.8909090909092,1927.2615384615385,0.6,0.7132867132867133,4990.314685314685,-5.421538461538462,-5.47704538058739,50.37762237762238,15.05796170793651,17.836298684126977,32.161141676190454,-5.027590207936506,15.089014953968258,17.439310426984118,67090.0,20753.0,67018.0,OPP -> COP,0.0011665203757663957
2021-01-04,OPP,COP,6396,853,18.93886804252658,4381.105222013759,4397.689493433396,4398.416823014384,0.7271732332707942,0.7537523452157598,9238.803001876173,-7.534505941213261,-5.622880934364699,56.33364602876798,37.93811428218949,-73.37290183375477,37.79834478408761,-73.26520048402368,37.90001659664694,-73.01354631350803,6010752.0,685472.0,5946432.0,OPP -> COP,0.006001187852379786
2021-01-11,OPP,COP,1845,569,8.827642276422765,2257.49918699187,2281.491056910569,2283.6764227642275,0.7181571815718157,0.7382113821138211,5346.133333333333,-7.463794037940379,-6.583006987437814,61.235772357723576,38.26173600113639,-47.150813299999975,38.39277445340911,-46.5700793647727,38.32689598409094,-46.73972937954543,233202.0,44054.0,232530.0,OPP -> COP,0.0020004944311439576
2021-01-18,OPP,COP,1263,404,9.629453681710213,2541.6357878068093,2555.893111638955,2566.6365795724464,0.7228820269200317,0.6318289786223278,5740.774346793349,-5.868091844813935,-6.927712505714402,56.93586698337292,42.105678353559874,-20.535032975728114,42.504496449838165,-15.689756735436838,41.68208623139161,-27.058548677184472,182365.0,34844.0,182005.0,OPP -> COP,0.0014278172258291345
2021-01-25,OPP,COP,1507,587,9.849369608493696,2542.011280690113,2570.224286662243,2565.0942269409425,0.7869940278699403,0.5932315859323158,4895.342402123424,-4.807166556071666,-6.850320080191341,59.55540809555408,34.57585482308226,10.389997427781621,34.31724250587424,10.267884991706996,34.52695825155495,10.371051335176235,102128.0,18190.0,101038.0,OPP -> COP,0.0018640170495096287
2021-02-01,OPP,COP,2802,443,8.20699500356888,1786.7462526766594,1780.8276231263383,1788.8904354032834,0.6416845110635261,0.7359029264810849,4421.663454675232,-7.122876516773733,-6.278728187564824,39.7180585296217,42.517754310567845,-32.332089690869864,42.257234561466525,-29.088935281452258,42.392236999999966,-29.126369190151006,1128451.0,235664.0,1124413.0,OPP -> COP,0.0033838331994855415
2021-02-08,OPP,COP,4531,512,12.506069300375193,3246.5868461708233,3271.8044581770027,3263.308099757228,0.6711542705804459,0.6956521739130435,6197.690355329949,-8.17678216729199,-8.032256279055076,39.38424188920768,37.64489776782555,-39.44068079723711,37.537657406862984,-39.319672811274536,37.5871933337792,-39.45187054745992,3978394.0,953644.0,3976269.0,OPP -> COP,0.0057297930268760296
2021-02-15,OPP,COP,2914,580,12.2124227865477,2544.131091283459,2527.774536719286,2547.605010295127,0.6571722717913521,0.426904598490048,4542.254975978037,-5.563658201784489,-6.4206291491467065,48.860672614962255,27.452977941033602,36.69651627952895,27.790157444946118,36.8189383335642,27.29314609885532,37.47488544267408,862322.0,185589.0,861339.0,OPP -> COP,0.0038424211736658334
2021-02-22,OPP,COP,1153,432,9.617519514310494,2290.85342584562,2309.949696444059,2297.2575888985257,0.8117953165654813,0.5585429314830876,4518.777970511708,-4.297224631396358,-6.87469746876,61.24024284475282,31.588194141818175,-8.530731091316017,31.751021372242644,-9.002041357206794,31.55324679319852,-9.024298403760056,83261.0,11759.0,77769.0,OPP -> COP,0.0014770859515418446
2021-03-01,OPP,COP,2617,496,12.106610622850592,2570.477646159725,2565.262514329385,2586.946885747039,0.7520061138708445,0.5869316010699274,5612.1692777990065,-5.624799388612917,-7.651967691587262,61.86855177684372,32.166112270615535,23.218317902514496,31.97182912620986,24.296741199226314,32.08290446826625,23.844860588394592,1123972.0,144769.0,1118345.0,OPP -> COP,0.003444721888397329
2021-03-08,OPP,COP,1559,456,12.76266837716485,2644.7767799871713,2634.9448364336113,2665.8268120590124,0.8383579217447081,0.44387427838357923,5132.166132135984,-6.946824887748557,-8.119301880844189,64.13085311096857,28.11755311655627,10.04007920860927,28.216016566887408,9.842888552980133,28.10287934172184,10.027794639072845,350067.0,46878.0,348391.0,OPP -> COP,0.002038108311272347
2021-03-15,OPP,COP,2209,436,10.265731100045269,2140.763693979176,2154.3291081937527,2143.40153915799,0.7772747849705749,0.4359438660027162,4320.238569488456,-5.562290629244001,-6.8304066938046075,62.711634223630604,37.62038533532105,8.378447413761458,35.13387017110089,11.878416677981654,37.507736482110055,10.348176643577979,736264.0,105767.0,733793.0,OPP -> COP,0.002467814515083944
2021-03-22,OPP,COP,2112,569,9.089962121212121,1765.0260416666667,1755.4602272727273,1760.5071022727273,0.881155303030303,0.6387310606060606,4848.310132575758,-6.007623106060598,-7.87173754440444,75.79545454545455,36.839518394078965,22.077474300657894,36.61231856118424,21.793098273684212,36.83691632434213,21.71651105657895,1285156.0,104801.0,1094840.0,OPP -> COP,0.0024758481714243514
2021-03-29,OPP,COP,1186,351,9.793423271500844,2151.9806070826307,2189.3634064080943,2165.9426644182126,0.851602023608769,0.5556492411467117,4343.171163575043,-3.96964586846543,-7.978547865049336,74.30860033726813,33.64974151856018,8.11547693250845,33.957016797525306,11.094917457817786,33.91289980089988,7.370290146231731,390857.0,38208.0,390354.0,OPP -> COP,0.0017121408979356143
2021-04-05,OPP,COP,706,250,10.553824362606232,2594.104815864023,2636.560906515581,2615.1813031161473,0.8512747875354107,0.6076487252124646,6158.07790368272,-5.621246458923514,-6.07728989940782,68.39943342776203,35.512874161442014,13.744797072100308,35.86229679467086,16.138879208463944,35.82216033699061,16.004410916927895,188090.0,16184.0,188068.0,OPP -> COP,0.0009454973034577613
2021-04-12,OPP,COP,5516,936,9.126359680928209,2195.773023930384,2196.7895213923134,2205.725525743292,0.6700507614213198,0.755801305293691,5173.060007251632,-7.122770123277738,-7.7854144107107,52.45286439448876,42.45230899851752,-75.32282036816727,42.33490091995538,-75.19797182360549,42.5084057745042,-75.61971033055374,3668945.0,489512.0,3637982.0,OPP -> COP,0.006450277551373607
2021-04-19,OPP,COP,2625,721,12.196190476190477,2742.9078095238096,2782.3977142857143,2770.6994285714286,0.6723809523809524,0.416,5378.540952380952,-4.385257142857144,-6.53312543479023,55.27238095238095,39.14875702061037,-37.89332774009511,39.172971154577866,-37.62859351109353,39.50728436900515,-37.930305326465955,440448.0,74619.0,439734.0,OPP -> COP,0.003161534542625314
2021-04-26,OPP,COP,1105,393,12.321266968325792,2712.085067873303,2737.7493212669683,2725.8886877828054,0.746606334841629,0.22262443438914026,5045.980090497737,-5.32027149321267,-5.702356559863931,62.515837104072396,32.8937492642998,-24.30445423570021,32.59051570414202,-19.816839679487195,32.60257815976332,-22.108409637080886,185199.0,23907.0,184947.0,OPP -> COP,0.0014094423710264566
2021-05-03,OPP,COP,1234,348,8.482982171799028,1512.5307941653161,1565.793354943274,1563.822528363047,0.7155591572123177,0.6709886547811994,3431.8711507293356,-1.441734197730956,-5.735608568133408,57.43111831442464,29.962862167534713,-51.05592863975694,29.755589265625044,-51.692613475694486,29.88454015104171,-51.73848135416674,214108.0,39108.0,213589.0,OPP -> COP,0.0017118584345789856
2021-05-10,OPP,COP,2213,304,11.039765024853141,2578.0036150022593,2617.7586985991866,2585.1771351107095,0.8558517849073656,0.6538635336647085,6281.808856755535,0.24170808856755288,-7.9374123601469115,49.83280614550384,32.01853837681812,-7.619139039509505,31.940747617727215,-7.94753661898272,32.01554867772721,-7.700521331062635,1465758.0,250989.0,1465440.0,OPP -> COP,0.002482870660726327
2021-05-17,OPP,COP,1521,305,13.932281393819855,3116.424720578567,3165.7560815253123,3142.3819855358315,0.7587113740959894,0.47337278106508873,7148.952662721894,-6.122353714661406,-6.20865223930862,53.6620644312952,35.22700724043713,-22.415929812841483,34.49222423497265,-14.716709132513635,35.267686328551875,-22.305505862704877,413597.0,56461.0,412949.0,OPP -> COP,0.00159961634448227
2021-05-24,OPP,COP,3212,403,17.0186799501868,4076.2126400996262,4072.135118306351,4079.3424657534247,0.5877957658779577,0.34153175591531754,6086.220112079701,-7.790379825653798,-6.035433962031257,42.5280199252802,37.337494033291634,-53.761210518844315,37.34865122424641,-52.54936382349258,37.275841081972565,-52.71389306061565,2320398.0,416592.0,2316964.0,OPP -> COP,0.00424773330794215
2021-05-31,OPP,COP,529,236,11.228733459357278,2718.31190926276,2743.667296786389,2724.8733459357277,0.8298676748582231,0.5689981096408318,5986.173913043478,-5.576559546313799,-5.9126443203781465,67.95841209829868,32.17929834990059,-11.222912444444438,32.375753266932264,-12.070745430555549,26.57254180555555,9.528398519841291,74255.0,8822.0,73429.0,OPP -> COP,0.000786725896666751
2021-06-07,OPP,COP,701,280,9.744650499286733,2629.6148359486447,2664.2125534950073,2662.4921540656205,0.6690442225392297,0.5335235378031383,5770.621968616262,-4.858630527817404,-4.016307166237915,59.11554921540656,36.50433258468333,-40.167234455080994,36.56458479381441,-40.039016653902806,36.530743159057415,-40.14133429749633,81328.0,16368.0,80942.0,OPP -> COP,0.0008883504434782278
2021-06-14,OPP,COP,632,259,8.530063291139241,2025.7294303797469,1923.8243670886077,2062.512658227848,0.8291139240506329,0.6566455696202531,4593.4509493670885,-5.16012658227848,-5.892101650615048,73.73417721518987,35.44191809661017,-32.55525496440671,35.96266085932204,-29.512610794915187,35.87228707966103,-30.313813061016887,160258.0,16521.0,160056.0,OPP -> COP,0.0009092962593681255
2021-06-21,OPP,COP,435,231,11.275862068965518,2551.8367816091954,2582.696551724138,2570.503448275862,0.8459770114942529,0.3954022988505747,5182.108045977012,-4.442528735632184,-6.404538273825309,62.52873563218391,33.978596149144245,-22.03855994132031,33.948867053789726,-22.55559316136921,33.93278245721271,-22.261765645476792,22199.0,3368.0,22195.0,OPP -> COP,0.0006117842300308705
2021-06-28,OPP,COP,719,338,10.133518776077885,2378.310152990264,2383.354659248957,2400.6314325452017,0.7746870653685675,0.5591098748261474,4954.680111265647,-4.0567454798331015,-6.442662225439795,57.64951321279555,27.035259502923978,-14.843389241228074,26.893040029239774,-15.719325666666668,26.860141900584797,-14.499842524853804,49122.0,6308.0,30629.0,OPP -> COP,0.0010595780550921642
2021-07-05,OPP,COP,496,241,10.423387096774194,2451.5080645161293,2485.9092741935483,2459.3709677419356,0.8165322580645161,0.5403225806451613,4785.653225806452,-3.508266129032258,-5.826638904963236,71.27016129032258,26.553945277777782,-13.951292588110395,26.818387160256414,-13.8509155180467,26.74705823290598,-13.756654513800415,47465.0,5167.0,47376.0,OPP -> COP,0.0009810805732200607
2021-07-12,OPP,COP,793,294,8.05422446406053,1792.950819672131,1762.1147540983607,1809.547288776797,0.7730138713745272,0.4842370744010088,4068.7730138713746,-6.030264817150063,-6.629034358691681,59.68474148802018,30.053510371241856,-1.8651516640523027,29.923081623529427,-2.861969955555561,29.850109194771264,-2.2724418156862853,65797.0,10107.0,65651.0,OPP -> COP,0.0011272322539101313
2021-07-19,OPP,COP,1466,316,10.459072305593452,2935.262619372442,2938.8103683492495,2952.37517053206,0.742837653478854,0.5013642564802183,4830.326739427012,-6.192837653478855,-5.196409937833681,49.80900409276944,34.46563561785215,-40.074538442119945,34.61619562482563,-40.38005783333328,34.501204672942805,-40.10693841980474,240170.0,54482.0,239906.0,OPP -> COP,0.0023929732120850046
2021-07-26,OPP,COP,1229,333,7.358828315703824,1840.8120423108219,1859.819365337673,1861.0024410089504,0.7526444263628966,0.7567127746135069,5883.93002441009,-7.449959316517494,-6.166872684718647,66.20829943043124,32.75190577705829,-19.944748049953755,30.757655453284013,-15.246983858464407,31.263629859389468,-16.007661897317316,444767.0,57176.0,443899.0,OPP -> COP,0.002064286830051582
2021-08-02,OPP,COP,1237,224,7.426839126919968,1856.8108326596605,1866.7857720291026,1868.0250606305578,0.6750202101859337,0.7696038803556993,4768.156831042846,-6.6082457558609535,-7.3484712477988285,62.821341956346,35.00064757825372,-31.68076758353917,38.4320049505766,-31.617760051028828,36.80428314250411,-31.54896643786013,578840.0,78438.0,578394.0,OPP -> COP,0.002269995504050942
2021-08-09,OPP,COP,318,162,10.031446540880504,2544.5723270440253,2556.4654088050315,2557.9622641509436,0.7767295597484277,0.6823899371069182,6281.317610062893,-5.421383647798742,-5.916111280058762,60.62893081761006,33.70390104810998,21.480371721649483,33.13729139175258,21.57489904123711,33.548407817869425,21.309970862542954,22521.0,3112.0,18753.0,OPP -> COP,0.0006139683593915921
2021-08-16,OPP,COP,352,164,6.423295454545454,1350.6363636363637,1368.9204545454545,1355.09375,0.90625,0.75,3336.130681818182,-6.565625000000001,-8.119270828781696,71.98863636363636,24.831750140625,31.397139525000007,24.961617953124993,31.426657637500007,25.149184015625,30.81243683750001,38280.0,3952.0,37646.0,OPP -> COP,0.0005840685351328838
2021-08-23,OPP,COP,534,170,7.629213483146067,1797.7865168539327,1788.3202247191011,1808.4906367041199,0.9138576779026217,0.6254681647940075,3966.054307116105,-1.9320224719101111,-5.774999165429829,77.69662921348315,29.590715448140905,24.897409966731892,29.500897884540123,25.38898218395303,31.069903559686896,19.472356150684927,155811.0,15275.0,155746.0,OPP -> COP,0.0006464468424582413
2021-08-30,OPP,COP,790,172,10.592405063291139,2759.246835443038,2783.9974683544306,2788.826582278481,0.8746835443037975,0.7784810126582279,6756.175949367089,-6.3535443037974675,-5.649250871940088,62.79746835443038,42.98302205539772,-1.0899963977272642,43.05806013323353,-2.9426311856287337,42.465060014705884,-1.4398025691176446,258304.0,33646.0,258224.0,OPP -> COP,0.001117394293085451
2021-09-06,OPP,COP,469,241,9.226012793176972,2335.8443496801706,2379.62473347548,2361.874200426439,0.7228144989339019,0.6012793176972282,4403.756929637527,-5.287206823027718,-6.345648652506255,55.79957356076759,29.035103932126695,27.774966812217194,28.795191714932127,28.03188264932126,28.707777235294117,28.10684773303167,19691.0,3670.0,19395.0,OPP -> COP,0.0006912856734360583
2021-09-13,OPP,COP,421,202,6.5439429928741095,1404.0498812351543,1463.9239904988124,1436.4251781472683,0.6009501187648456,0.7909738717339667,4008.0593824228026,-5.0049881235154405,-7.085416799302547,54.34679334916865,31.32686928571425,4.168528744897959,31.267588757653023,4.036475262755105,31.447231275510166,3.948660211734692,21945.0,7186.0,21703.0,OPP -> COP,0.0005500787226675552
2021-09-20,OPP,COP,374,210,7.422459893048129,1780.302139037433,1832.6631016042782,1822.2326203208556,0.7834224598930482,0.6631016042780749,5093.9331550802135,-4.250267379679145,-6.492383854456021,63.98395721925134,9.756408144886365,46.18780686363637,8.584771781250003,46.34126282386365,9.21691269034091,46.2207986221591,14620.0,2397.0,14284.0,OPP -> COP,0.0004512047407864957
2021-09-27,OPP,COP,700,245,12.177142857142858,2611.1271428571426,2638.687142857143,2632.252857142857,0.8442857142857143,0.4257142857142857,4132.188571428572,-6.167428571428571,-5.489941744904629,74.25714285714285,26.03974914710254,31.821504989598782,26.13590106389303,31.284043331352123,26.109765848439835,31.494531784546773,176175.0,20745.0,175532.0,OPP -> COP,0.0009980822562362318
2021-10-04,OPP,COP,400,184,7.235,1606.0425,1621.0975,1631.9075,0.8075,0.62,3965.7475,-6.619999999999999,-6.623220913870157,66.15,30.688352900552488,37.254873240641714,30.97283991712707,37.01848348128342,31.175218734806634,35.41673107486631,39596.0,4350.0,38394.0,OPP -> COP,0.0006123061285720409
2021-10-11,OPP,COP,349,174,10.320916905444125,2114.776504297994,2086.051575931232,2089.2034383954156,0.8853868194842407,0.664756446991404,4433.361031518624,-5.703724928366762,-5.977886896618939,77.42120343839541,30.157617506172844,-17.66370275076922,30.16473232098765,-16.937676289230765,30.2727205,-17.46519136615384,73861.0,7303.0,73711.0,OPP -> COP,0.0005401306218466586
2021-10-18,OPP,COP,1027,266,10.472249269717624,2585.5608568646544,2639.730282375852,2631.3310613437197,0.6562804284323271,0.5238558909444986,4948.983446932814,-4.035345666991237,-5.7130080538296255,60.817916260954235,23.7350514695122,30.206476023373952,25.98656831910569,35.40399034247966,26.209652821138206,35.37567760569103,188850.0,27787.0,188573.0,OPP -> COP,0.0015077176941755413
2021-10-25,OPP,COP,743,327,10.698519515477793,2577.2543741588156,2597.543741588156,2592.205921938089,0.82907133243607,0.6864064602960969,5798.855989232839,-5.72678331090175,-6.043290293452032,63.83580080753701,28.242781388736258,10.104759244505495,29.044172068681316,8.770979017857144,28.69457316758242,9.319421578296705,68699.0,10391.0,68602.0,OPP -> COP,0.0010867371266260835
2021-11-01,OPP,COP,2352,316,14.65263605442177,3768.3647959183672,3823.763605442177,3816.313350340136,0.747874149659864,0.5093537414965986,6315.229166666667,-3.5703656462585034,-6.521952337431887,52.3171768707483,41.21662976809701,-43.97466627112832,41.77686724697221,-43.5502661591592,41.19368582105709,-43.942875063921115,1891565.0,206642.0,1215858.0,OPP -> COP,0.0034259744799860162
2021-11-08,OPP,COP,654,261,5.827217125382263,1147.7262996941895,1136.1819571865444,1150.7522935779816,0.8807339449541285,0.7431192660550459,3585.298165137615,-5.710550458715596,-7.859139099698151,78.39449541284404,25.36911588394275,8.913000234548356,25.047274430158716,9.408839220285284,25.360156811111096,9.498246034865316,484361.0,37380.0,483993.0,OPP -> COP,0.0009668935071770405
2021-11-15,OPP,COP,1332,338,10.196696696696696,2196.6974474474473,2211.7274774774774,2207.9046546546547,0.7537537537537538,0.5713213213213213,3997.5533033033034,-4.634384384384385,-6.916279232255262,64.42942942942943,32.446642054919955,-24.585310146453008,32.47065307856602,-24.352217418001445,32.45471869183833,-24.393520546910672,519505.0,69260.0,519454.0,OPP -> COP,0.0020310574917354867
2021-11-22,OPP,COP,375,237,11.632,2681.168,2778.8026666666665,2767.0986666666668,0.768,0.4186666666666667,4864.76,-5.374133333333333,-6.607440530678746,60.586666666666666,29.486828179775287,2.372113702247194,30.000355679775286,1.4189847050561815,29.972481199438203,1.6957128033707876,5889.0,856.0,5757.0,OPP -> COP,0.000671717985920791
2021-11-29,OPP,COP,401,213,8.334164588528678,1786.9800498753118,1838.708229426434,1828.503740648379,0.800498753117207,0.5910224438902744,4566.763092269327,-4.746882793017457,-7.140998083810196,64.214463840399,30.836804451612906,-22.522866967741937,30.665286899728994,-22.612538373655912,30.781309342318053,-22.22304428763441,13986.0,2246.0,13962.0,OPP -> COP,0.0005831616084789662
2021-12-06,OPP,COP,1818,205,6.446094609460946,1675.7183718371837,1709.8608360836083,1682.458195819582,0.5148514851485149,0.9037403740374037,4673.925742574257,-6.596974697469746,-8.261803251550623,32.81078107810781,42.57561466666633,-74.73789399607611,42.59126341704007,-74.79785043105404,42.583031596185855,-74.75793536378914,480894.0,180668.0,479945.0,OPP -> COP,0.0026604929960838946
2021-12-13,OPP,COP,819,186,9.158730158730158,2232.738705738706,2251.4676434676435,2247.5946275946276,0.8876678876678876,0.4932844932844933,5175.339438339438,-6.561416361416361,-7.302733006231147,79.53601953601954,36.4172191209477,18.220459152119716,36.255138821695816,18.85720328927682,36.173051265586096,18.950007321695775,294750.0,39438.0,293552.0,OPP -> COP,0.0013241349873972744
2021-12-20,OPP,COP,679,210,9.556701030927835,2058.842415316642,2075.262150220913,2071.3269513991163,0.8026509572901326,0.5095729013254786,4449.0132547864505,-6.476141384388807,-6.973016032906784,71.35493372606774,30.161027887537994,-21.434955091185397,30.257924848024324,-21.676546083586608,30.301330775075993,-21.312992284194515,59412.0,7024.0,59392.0,OPP -> COP,0.0013817748175100784
2021-12-27,OPP,COP,443,147,10.794582392776524,2341.1647855530473,2322.135440180587,2344.6772009029346,0.909706546275395,0.4108352144469526,4396.051918735891,-6.485553047404063,-7.400915457719749,85.5981941309255,24.96714179716982,13.569349117924514,25.12423867216982,12.900966334905643,25.152428117924536,12.888707372641495,99204.0,9869.0,98392.0,OPP -> COP,0.0009929930109430969
2022-01-03,OPP,COP,1758,409,11.601251422070535,2775.4886234357223,2786.4232081911264,2785.443686006826,0.6843003412969283,0.5693970420932878,5655.208759954494,-6.612571103526735,-6.459646321564545,55.0,35.9132845436781,-22.37806159827584,35.594542085057434,-23.29892618505742,36.01141269425281,-21.636408428160873,333068.0,59051.0,331618.0,OPP -> COP,0.0032005243179770064
2022-01-10,OPP,COP,523,312,10.284894837476099,2471.130019120459,2514.4435946462713,2494.583173996176,0.864244741873805,0.7151051625239006,4947.95793499044,-5.0982791586998095,-6.550181485338534,65.27724665391969,31.734999016326537,3.4939243979591823,31.58869425306123,3.4631217448979577,31.65760663469388,3.1199277510204064,19484.0,2540.0,19364.0,OPP -> COP,0.0008579804485449603
2022-01-17,OPP,COP,355,189,7.264788732394366,1625.9352112676056,1662.8591549295775,1658.1802816901409,0.8450704225352113,0.5521126760563381,3715.7323943661972,-3.395211267605634,-5.962037767149315,71.5774647887324,26.887040525525528,15.821837861861876,26.81795494294294,14.372018978978984,26.39617085585586,15.979968795795811,16809.0,2045.0,16729.0,OPP -> COP,0.0005135170711879313
2022-01-24,OPP,COP,407,210,10.402948402948402,2437.09828009828,2462.6658476658477,2469.4545454545455,0.8329238329238329,0.3857493857493858,5102.447174447175,-5.535872235872237,-6.783143111666018,69.82800982800983,24.140170969543146,21.824982203045693,24.482506248730967,19.177864926395944,24.570242763959392,19.952684045685285,22185.0,2928.0,22155.0,OPP -> COP,0.0006029397386174755
2022-01-31,OPP,COP,625,219,8.5216,1844.4832,1881.856,1873.4976,0.8512,0.544,4481.1952,-4.340960000000001,-6.339974979069623,68.672,37.1356695372617,-45.539836861351816,37.27030419930675,-45.38800288734836,37.3008948405546,-45.77548348180243,64560.0,7450.0,59401.0,OPP -> COP,0.000954150401582821
2022-02-07,OPP,COP,1216,310,10.71546052631579,2671.560855263158,2668.949835526316,2699.1175986842104,0.8758223684210527,0.5254934210526315,4826.320723684211,-4.430838815789474,-6.308130607530143,68.96381578947368,26.357687961342805,-12.015521772126153,26.502003525940975,-11.898927540183124,26.46470975686671,-12.025376370295024,524500.0,61733.0,519618.0,OPP -> COP,0.001612501127159505
2022-02-14,OPP,COP,1956,349,13.57924335378323,3167.648261758691,3173.4013292433538,3184.8583844580776,0.8118609406952966,0.5393660531697342,5267.017382413088,-4.870603271983639,-7.245323095800579,56.56441717791411,42.07704965074472,-50.23924838418089,42.401269591679494,-51.24417668515674,41.413884011299395,-48.60459636158201,698043.0,114953.0,667063.0,OPP -> COP,0.0026562084118698297
2022-02-21,OPP,COP,514,266,15.885214007782102,4013.509727626459,4036.231517509728,4033.9143968871595,0.7626459143968871,0.5505836575875487,7614.536964980544,-5.139494163424124,-6.832079541105292,65.8171206225681,27.978640551724137,23.982338874239343,28.401012356997974,21.048498780933063,28.393698563894525,21.782764636916834,29506.0,3578.0,28786.0,OPP -> COP,0.0004715302164635601
2022-02-28,OPP,COP,504,227,13.916666666666666,3877.621031746032,3908.7083333333335,3893.8869047619046,0.8253968253968254,0.3412698412698413,5797.561507936508,-3.111706349206349,-4.930290819579542,75.1984126984127,28.863447908704877,0.7203701910828023,29.38647008917197,-0.6873797027600864,29.493423789808908,-0.4376751380042497,104621.0,10561.0,104278.0,OPP -> COP,0.0005212146783981336
2022-03-07,OPP,COP,708,187,10.61864406779661,2319.107344632768,2371.6285310734465,2349.891242937853,0.8898305084745762,0.5550847457627118,5015.362994350283,-4.418079096045198,-6.584444136828544,72.51412429378531,39.457018499278504,-12.953317240981226,40.70596103174604,-16.473859939393925,40.29465415873017,-15.694158372294359,163109.0,19959.0,160397.0,OPP -> COP,0.0007498355763090086
2022-03-14,OPP,COP,343,189,10.128279883381925,2687.0174927113703,2728.956268221574,2700.1632653061224,0.8862973760932945,0.49854227405247814,4585.1778425655975,-3.7087463556851317,-6.823859037472078,65.3935860058309,36.84911341867469,13.012950846385552,36.574596551204806,12.382089006024104,36.77986251506022,11.905289006024104,44588.0,7057.0,44520.0,OPP -> COP,0.0003879410284395836
2022-03-21,OPP,COP,700,178,12.031428571428572,2281.1642857142856,2321.0814285714287,2305.002857142857,0.8542857142857143,0.5685714285714286,4762.627142857143,-6.259,-5.599328833497032,60.42857142857143,47.49272997630331,9.924872184834138,47.49384988151659,9.788678661927342,47.524594747235376,9.836049925750407,246482.0,41172.0,246425.0,OPP -> COP,0.0008619384009565053
2022-03-28,OPP,COP,559,211,9.304114490161002,2237.0232558139537,2244.3685152057246,2244.9212880143114,0.7567084078711985,0.5116279069767442,4173.436493738819,-5.112164579606441,-7.480997812814403,55.08050089445438,25.021352212569298,30.21103651386322,24.104610161111093,23.58057076666666,25.250830160813294,29.612010635859523,34720.0,5474.0,34690.0,OPP -> COP,0.0006578420896548153
2022-04-04,OPP,COP,481,189,9.014553014553014,2063.5945945945946,2072.848232848233,2067.6216216216217,0.8087318087318087,0.6528066528066528,4363.120582120582,-5.995841995841996,-5.936997879457903,69.79209979209979,25.97394089914161,55.093982869098696,27.50595712231758,53.022185055793976,26.0730698690987,55.45507056437767,74479.0,8467.0,74469.0,OPP -> COP,0.0006247881111005753
2022-04-11,OPP,COP,925,178,7.829189189189189,1680.6497297297296,1655.0475675675675,1669.2237837837838,0.8183783783783783,0.5502702702702703,3645.2205405405407,-5.877513513513513,-6.972415748049977,37.394594594594594,44.68364681959903,-20.68553976391978,44.752851978841804,-20.64437522048993,44.7820377995545,-20.750072414253854,226905.0,60233.0,226823.0,OPP -> COP,0.0012866325141077516
2022-04-18,OPP,COP,534,197,10.415730337078651,2778.8426966292136,2789.558052434457,2789.7172284644193,0.8707865168539326,0.38202247191011235,4729.5,-3.793820224719101,-5.618415213896837,79.23220973782772,30.986862282945733,4.766679465116275,30.19822013953488,9.665776875968987,30.968785945736432,4.81223140310077,136127.0,13601.0,136077.0,OPP -> COP,0.000748038500168799
2022-04-25,OPP,COP,236,139,9.05084745762712,1995.0805084745762,2011.3135593220338,2000.7330508474577,0.8813559322033898,0.5508474576271186,4277.177966101695,-4.714830508474576,-6.260284578269725,69.70338983050847,35.37845755660377,0.536053490566036,35.11114906603774,0.882436226415093,35.646667556603774,0.1865910377358469,6565.0,770.0,6525.0,OPP -> COP,0.00029457139861501516
2022-05-02,OPP,COP,296,174,9.56081081081081,1968.4493243243244,1987.5033783783783,1982.3445945945946,0.902027027027027,0.652027027027027,4631.253378378378,-4.467567567567567,-7.219675767333075,72.9054054054054,24.250821946996467,6.686338133802816,24.364980179577465,6.486622992957748,24.544634855633802,6.073095485915494,13195.0,1724.0,12956.0,OPP -> COP,0.00043605593301238043
2022-05-09,OPP,COP,476,159,15.71218487394958,3543.8109243697477,3596.3046218487393,3594.436974789916,0.6113445378151261,0.5651260504201681,9848.365546218487,-6.314495798319327,-5.835845694938185,45.483193277310924,26.519814598684214,37.046968671052625,27.920306842105255,37.242047616228064,26.658461824561407,36.5509743004386,25354.0,6878.0,25204.0,OPP -> COP,0.0006521602121986841
2022-05-16,OPP,COP,236,163,9.707627118644067,2078.0169491525426,2101.826271186441,2102.1525423728813,0.826271186440678,0.5635593220338984,4339.796610169492,-4.6830508474576265,-7.681254376032686,64.36440677966101,27.208133733031673,28.801456805429865,27.318554502262444,29.256078705882345,28.062057352941178,30.253713533936654,3830.0,560.0,3793.0,OPP -> COP,0.0003316740262697072
2022-05-23,OPP,COP,384,235,12.046875,2700.5546875,2709.2083333333335,2708.5859375,0.7473958333333334,0.5807291666666666,6234.893229166667,-5.958593750000001,-5.853538996783448,64.19270833333333,32.689322415254246,31.143019796610183,32.48362420338984,32.81103118926555,32.78394653954804,31.549151717514135,10487.0,1055.0,10109.0,OPP -> COP,0.0005103498687576835
2022-05-30,OPP,COP,291,177,9.728522336769759,2542.3745704467356,2565.914089347079,2553.6288659793813,0.7594501718213058,0.6048109965635738,4679.2302405498285,-5.316838487972508,-6.337209007838624,61.512027491408936,32.66605602661597,-14.668513650190114,32.662097395437264,-15.218545463878334,32.71733108365019,-15.11882683269962,5924.0,849.0,5904.0,OPP -> COP,0.00045010974325183407
2022-06-06,OPP,COP,1341,297,7.574198359433259,1640.0052199850857,1639.1327367636093,1640.1051454138703,0.6733780760626398,0.49739000745712153,3981.0507084265473,-6.017673378076062,-6.77999322348591,54.56375838926174,34.637636144267326,-8.002054137433607,34.46217761731211,-7.003163742596868,34.5799470873197,-8.448135127562702,378326.0,66463.0,378265.0,OPP -> COP,0.002092866462322161
2022-06-13,OPP,COP,582,279,18.486254295532646,5160.482817869416,5146.127147766323,5162.309278350515,0.8144329896907216,0.422680412371134,7414.018900343643,-6.039347079037801,-6.063898371053473,54.14089347079038,33.15539828205128,9.602605190476192,29.8369231904762,-1.4556860183150062,32.94683692673993,13.143635593406596,40075.0,11697.0,40037.0,OPP -> COP,0.0009680477703298348
2022-06-20,OPP,COP,613,206,28.877650897226754,7492.557911908646,7516.019575856444,7518.398042414356,0.8058727569331158,0.5513866231647635,12619.486133768352,-5.734584013050571,-5.404509637542611,57.78140293637847,30.63098405631399,-14.684197788395897,33.47023820307168,-12.015050453924902,30.444332457337882,-9.891404720136512,51416.0,8560.0,51387.0,OPP -> COP,0.001005854631853923
2022-06-27,OPP,COP,627,308,9.878787878787879,2403.6092503987243,2407.365231259968,2425.6076555023924,0.861244019138756,0.6220095693779905,5985.3859649122805,-5.129824561403508,-6.310899044062981,64.88038277511961,27.19369955371902,-8.39063843471075,27.176637223140506,-8.160022071074392,27.323618049586788,-8.199525542148765,25669.0,4341.0,25556.0,OPP -> COP,0.0009887297424729597
2022-07-04,OPP,COP,630,246,7.022222222222222,1409.5,1427.404761904762,1421.4031746031746,0.9142857142857143,0.7492063492063492,3595.836507936508,-5.802539682539683,-7.913017008182827,69.46031746031746,29.358669098497476,3.3411678180300184,29.560670467445718,1.721775512520842,29.45268859766275,3.0115176677796045,257541.0,17849.0,257255.0,OPP -> COP,0.0010864185608575464
2022-07-11,OPP,COP,821,254,10.521315468940317,2338.7795371498173,2341.644336175396,2357.963459196102,0.8209500609013398,0.5956151035322778,4593.7454323995125,-5.787454323995129,-6.219205936659348,69.61023142509136,19.309026508838382,30.61697383333326,19.445353054292923,31.108151270201965,19.743709236111105,30.90308507070701,131865.0,13649.0,131639.0,OPP -> COP,0.0012678361850639323
2022-07-18,OPP,COP,756,200,9.715608465608465,1844.329365079365,2159.65873015873,2170.0132275132273,0.8703703703703703,0.58994708994709,4689.85582010582,-6.368915343915344,-7.390380943407067,59.682539682539684,18.023119138814007,34.70442399326134,20.091273407008075,27.703166432614427,20.229645149595676,27.3267179285713,446090.0,76296.0,444798.0,OPP -> COP,0.0012674674959972504
2022-07-25,OPP,COP,367,198,11.422343324250681,2856.858310626703,2886.858310626703,2893.040871934605,0.8610354223433242,0.47956403269754766,4870.991825613079,-3.0149863760217985,-7.307014116654261,54.93188010899183,31.55326111494253,-7.006540873563217,32.12874338793104,-6.105434112068966,31.73235624712644,-6.781319166666665,15237.0,3439.0,15181.0,OPP -> COP,0.0006849366200337429
2022-08-01,OPP,COP,348,176,5.474137931034483,1059.0459770114942,1030.882183908046,1066.2902298850574,0.9109195402298851,0.7385057471264368,3531.864942528736,-3.9729885057471264,-7.359431313502785,62.90229885057471,20.40807370909091,15.091489559090908,19.79663461818182,13.651694709090911,20.065450072727273,15.085372436363638,38646.0,694.0,38637.0,OPP -> COP,0.0005244186186693029
2022-08-08,OPP,COP,235,166,8.668085106382978,2026.268085106383,2033.668085106383,2032.0085106382978,0.851063829787234,0.5404255319148936,4401.587234042553,-5.097446808510638,-6.95893501440144,59.361702127659576,18.701640045454546,19.59310735909091,19.252004363636363,19.54327054090909,19.347360409090907,19.332079177272732,3737.0,608.0,3707.0,OPP -> COP,0.00041254125412541255
2022-08-15,OPP,COP,321,157,10.735202492211839,2479.96261682243,2504.834890965732,2503.448598130841,0.67601246105919,0.2523364485981308,3924.06230529595,-5.092523364485982,-7.1703308856895775,54.42367601246106,27.74308277152317,-34.29760473841061,27.74181811589403,-34.19213056622519,27.66708043377483,-34.14461235430466,24075.0,4294.0,24055.0,OPP -> COP,0.0006095881956379312
2022-08-22,OPP,COP,234,174,10.461538461538462,2570.076923076923,2586.431623931624,2576.790598290598,0.8034188034188035,0.44871794871794873,5640.213675213675,-4.161538461538461,-5.7776875926895155,67.3076923076923,23.987187214953273,3.468391626168229,23.791922401869158,2.8477533084112188,23.86181025233645,2.6765033084112186,3596.0,465.0,3596.0,OPP -> COP,0.0004404506902276415
2022-08-29,OPP,COP,297,142,8.538720538720538,2415.3232323232323,2409.3063973063972,2403.094276094276,0.8754208754208754,0.7508417508417509,4953.087542087542,-4.300673400673401,-7.022398871291139,63.2996632996633,31.258095212686563,-2.8117056380596965,31.344902675373127,-2.308946906716412,31.382305660447752,-2.6437358246268605,16578.0,3394.0,16575.0,OPP -> COP,0.0005709924309858559
2022-09-05,OPP,COP,174,141,9.850574712643677,2578.2183908045977,2608.183908045977,2595.551724137931,0.8908045977011494,0.6091954022988506,6020.580459770115,-3.8051724137931036,-5.673715897041124,74.13793103448276,28.932621105960262,8.060796993377485,28.849632165562912,7.3039415629139075,28.9480712384106,8.02606123178808,2099.0,249.0,2059.0,OPP -> COP,0.00026377504536475996
2022-09-12,OPP,COP,465,205,6.864516129032258,1467.694623655914,1507.2279569892473,1494.4516129032259,0.8172043010752689,0.6709677419354839,3449.6301075268816,-1.0748387096774195,-5.169829513543924,73.91397849462365,41.015269705882325,-11.020267183257927,40.98059640271491,-10.686061128959288,41.0322500904977,-10.7908467443439,102323.0,11055.0,101562.0,OPP -> COP,0.0006957494942724106
2022-09-19,OPP,COP,1558,353,9.617458279845957,2169.795892169448,2200.388318356868,2192.513478818999,0.8042362002567394,0.4306803594351733,4780.86649550706,-4.964955070603338,-7.849303436890955,63.56867779204108,36.62328520497806,43.137725293557814,36.83804638726208,41.78895132723278,36.82975724890193,42.82101104978037,387383.0,50509.0,381995.0,OPP -> COP,0.002523125955484155
2022-09-26,OPP,COP,662,296,11.170694864048338,2442.238670694864,2439.3897280966767,2419.632930513595,0.7658610271903323,0.43655589123867067,5578.12839879154,-5.93489425981873,-7.7960313836655875,66.07250755287009,37.08741798774885,21.24679594640122,36.94359455742725,22.871757275650847,37.560897007656955,20.48416812710566,37206.0,4843.0,36179.0,OPP -> COP,0.001153131308908549
2022-10-03,OPP,COP,672,204,12.677083333333334,2736.4866071428573,2751.7038690476193,2602.28125,0.8184523809523809,0.5401785714285714,4665.163690476191,-7.070089285714286,-9.543806767535123,73.08035714285714,27.343688808510635,6.43929220364741,27.32414984194529,2.9393474164133595,27.376730574468088,4.828354270516707,376061.0,25872.0,375797.0,OPP -> COP,0.001091703056768559
2022-10-10,OPP,COP,1327,204,9.334589299171062,1912.3127354935946,1946.0113036925395,1915.241145440844,0.7234363225320272,0.6051243406179352,4196.064054257724,-4.652147701582517,-7.665037122142793,61.72569706103994,39.801086355353114,17.4722137448748,39.61280799544422,17.744825384965914,39.722178990129116,17.473269933181555,805910.0,87391.0,805390.0,OPP -> COP,0.0023526032876168322
2022-10-17,OPP,COP,870,241,16.870114942528737,4275.8057471264365,4290.255172413793,4320.4068965517245,0.7057471264367816,0.24597701149425288,6426.556321839081,-3.7635632183908037,-4.950172816909256,63.724137931034484,33.58203639044287,22.526974968531515,33.405500638694626,23.09607046503501,33.35148044638694,22.921013759906806,194398.0,30921.0,192702.0,OPP -> COP,0.0015577634813686116
2022-10-24,OPP,COP,416,227,8.944711538461538,2016.1009615384614,2057.420673076923,2050.699519230769,0.7475961538461539,0.4831730769230769,4958.161057692308,-4.512019230769232,-7.826390901561326,67.59615384615384,34.29565931168832,12.608402581818183,34.79345983116884,12.15879751688312,34.35430684415585,12.589762841558445,31279.0,2826.0,21399.0,OPP -> COP,0.000751457303315986
2022-10-31,OPP,COP,556,233,11.976618705035971,2527.88309352518,2555.248201438849,2571.8687050359713,0.7086330935251799,0.2607913669064748,4633.976618705036,-4.62841726618705,-6.906773323408935,63.597122302158276,36.73212744058503,5.949949016453382,35.03411031627057,8.592285917733102,33.43680026142597,10.830386853747722,85592.0,13110.0,85592.0,OPP -> COP,0.001030251596334083
2022-11-07,OPP,COP,349,122,6.263610315186247,1332.865329512894,1371.3037249283668,1340.0888252148998,0.9197707736389685,0.6332378223495702,3769.4097421203437,-4.9667621776504305,-5.75399472825808,66.79083094555874,42.857257096774184,10.999996328445757,43.1889850527859,10.622079806451621,43.01600929618767,10.82352145161291,67675.0,11460.0,67620.0,OPP -> COP,0.0009186676423671617
2022-11-14,OPP,COP,256,192,10.39453125,2507.76953125,2538.6171875,2530.46484375,0.79296875,0.4921875,4627.2578125,-5.930859375000001,-7.25059514320782,67.265625,32.740886872881354,12.8694910338983,32.632106618644066,11.534592563559318,33.18611297457627,10.622302762711861,6414.0,723.0,6394.0,OPP -> COP,0.0004160463891723927
2022-11-21,OPP,COP,370,135,10.372972972972972,2294.745945945946,2313.5513513513515,2323.5108108108107,0.845945945945946,0.3108108108108108,4519.845945945946,-1.7016216216216218,-5.913355510947135,60.054054054054056,40.66276328070175,13.285761125730994,41.01577132163742,11.80600506140351,40.80370004970761,12.910993690058481,57110.0,10516.0,56104.0,OPP -> COP,0.0008589788830488643
2022-11-28,OPP,COP,628,249,12.457006369426752,3282.2595541401274,3309.605095541401,3308.6130573248406,0.8949044585987261,0.4028662420382166,5888.4426751592355,-5.739490445859873,-5.589556474102958,69.12420382165605,30.78499382013199,88.61678053135316,30.607553679867966,89.12330627392741,30.78071061943985,89.25545585172983,122264.0,17434.0,121959.0,OPP -> COP,0.0012475144070035618
2022-12-05,OPP,COP,451,238,10.432372505543237,2446.940133037694,2492.829268292683,2468.133037694013,0.8093126385809313,0.5920177383592018,4776.532150776054,-5.208647450110864,-6.644341500831898,69.04656319290466,24.460147791666664,-14.566276252314815,23.9113423125,-13.145524053240742,23.65331561574074,-14.419938821759265,33880.0,3875.0,33792.0,OPP -> COP,0.000855477426587328
2022-12-12,OPP,COP,1103,237,9.446962828649138,1765.555757026292,1766.9492293744333,1774.5602901178604,0.6990027198549411,0.7379873073436083,3901.7905711695375,-7.663825929283772,-8.04262665280584,48.94832275611967,-3.258042104255351,-51.25983252127652,-3.8442842218683935,-50.79670178025477,-3.238531446088824,-50.401363646934456,354872.0,77835.0,354797.0,OPP -> COP,0.0021773547212867515
2022-12-19,OPP,COP,296,168,11.094594594594595,2418.337837837838,2452.4797297297296,2435.6216216216217,0.8141891891891891,0.4864864864864865,4082.7567567567567,-4.349662162162163,-7.087507758385182,67.39864864864865,32.431623974910394,8.596722555555557,32.8623753297491,8.258982770609316,31.865561530465943,8.834484064516129,11899.0,1350.0,11429.0,OPP -> COP,0.0005800714114940366
2022-12-26,OPP,COP,271,126,11.25830258302583,2459.9003690036902,2493.5018450184502,2468.830258302583,0.6789667896678967,0.2693726937269373,5358.79704797048,-5.725461254612545,-8.086258287881286,59.003690036900366,31.899546478927174,10.986286363984677,30.56636908429118,11.978979965517237,30.788521957854385,13.063747245210727,10028.0,2080.0,8106.0,OPP -> COP,0.0006360561700969106
2023-01-02,OPP,COP,768,201,11.873697916666666,2790.4635416666665,2774.38671875,2801.8229166666665,0.7682291666666666,0.3528645833333333,4945.479166666667,-5.391927083333332,-8.2910433311588,52.005208333333336,36.64751259283818,-1.2595062864721758,36.59885941246683,-1.5493863527851757,36.71202060610078,-1.6250755172414084,195472.0,40903.0,195442.0,OPP -> COP,0.0014513020144374315
2023-01-09,OPP,COP,588,293,8.003401360544217,1647.0034013605443,1757.3520408163265,1733.4812925170068,0.7925170068027211,0.5986394557823129,3827.6139455782313,-5.977891156462585,-6.5177684210008575,61.105442176870746,16.29666702987697,-2.633367233333335,15.208521855887518,-2.114798649122809,15.749603239015814,-3.170766829824564,44947.0,7549.0,44409.0,OPP -> COP,0.0009121582315299593
2023-01-16,OPP,COP,1282,270,7.554602184087363,1717.0904836193447,1767.0998439937598,1753.368174726989,0.7301092043681747,0.6755070202808112,3563.5327613104523,-6.861622464898595,-6.902876224791212,65.44461778471138,12.705642157561357,-39.47829809501179,12.49110693829113,-38.73881032753161,12.365913710443028,-38.71370840506326,486565.0,63585.0,485965.0,OPP -> COP,0.0022243814415102195
2023-01-23,OPP,COP,718,277,7.768802228412256,1568.6559888579386,1605.9150417827298,1605.3300835654595,0.8008356545961003,0.5974930362116991,4370.356545961003,-5.4508356545961,-7.840502419829207,69.40111420612813,33.261348360678895,-53.55413530410195,33.115804736916516,-53.944151721357954,33.25620144837338,-53.7023329943424,372214.0,22103.0,213282.0,OPP -> COP,0.0011408034243169081
2023-01-30,OPP,COP,385,249,10.519480519480519,2466.67012987013,2513.574025974026,2504.114285714286,0.7246753246753247,0.5974025974025974,5261.0,-3.721298701298701,-6.066165181847695,59.84415584415584,28.25900297802197,-35.2501437896175,28.277283148351646,-34.99324257923499,28.349270448087427,-34.86407083879783,5774.0,897.0,5729.0,OPP -> COP,0.0006015192658027704
2023-02-06,OPP,COP,299,184,9.695652173913043,2213.52508361204,2248.010033444816,2233.769230769231,0.822742474916388,0.48494983277591974,4801.9264214046825,-4.666889632107023,-6.448337314507757,64.64882943143813,24.28362828244275,12.957610748091597,24.29214172519084,12.93604359541984,24.353486068702292,12.283391549618315,8578.0,983.0,8439.0,OPP -> COP,0.0005044931952473029
2023-02-13,OPP,COP,391,119,12.59846547314578,3080.994884910486,3108.2583120204604,3101.0179028132993,0.9718670076726342,0.18414322250639387,5013.268542199488,-1.90306905370844,-7.249568499657362,90.46035805626599,32.12612089492756,1.9172744891304532,31.962675072463785,1.650803184782627,31.935138586956537,1.6542270978261042,178440.0,17640.0,178412.0,OPP -> COP,0.0006368939123692617
2023-02-20,OPP,COP,269,173,10.840148698884759,2914.9144981412637,2951.0111524163567,2952.557620817844,0.6654275092936803,0.6914498141263941,5515.208178438662,-5.225650557620817,-7.144515083085783,53.3457249070632,33.516949144578305,-20.59162594779116,33.11390410441767,-18.96344100803213,33.32851018875502,-13.212070325301204,4290.0,1002.0,4285.0,OPP -> COP,0.00041233257611291476
2023-02-27,OPP,COP,399,170,10.31578947368421,2315.3583959899747,2328.5187969924814,2327.8897243107767,0.7694235588972431,0.5513784461152882,4473.857142857143,-5.136842105263158,-7.09139037547376,60.27568922305765,34.41420355038759,-0.4083980697674449,34.50278778811369,-0.027698940568474148,34.46631402067183,0.031078943152456292,20929.0,3383.0,20736.0,OPP -> COP,0.000666683375523196
2023-03-06,OPP,COP,1039,379,10.944177093358999,2516.4841193455245,2548.9027911453322,2541.2406159769007,0.8325312800769971,0.48411934552454283,5129.047160731473,-4.877382098171319,-6.584713061313809,67.51684311838306,35.7261139173014,4.297620890196094,35.3821465298013,3.0304583774509957,35.65825355458513,4.473338412745113,231938.0,27437.0,225937.0,OPP -> COP,0.0016983034945168825
2023-03-13,OPP,COP,666,262,8.47897897897898,1896.4714714714714,1941.8933933933934,1926.0225225225224,0.8903903903903904,0.6291291291291291,4256.968468468468,-6.441291291291291,-6.779536386654265,70.90090090090091,38.14962768642746,-6.458192328660437,38.01989960374416,-5.665450749221185,38.27822394071762,-5.8160883099688485,103665.0,11008.0,101123.0,OPP -> COP,0.0010635664609267082
2023-03-20,OPP,COP,797,272,9.36762860727729,1989.4604767879548,2063.4416562107904,2059.830614805521,0.7578419071518193,0.5470514429109159,4444.347553324968,-5.092597239648683,-6.452511523215772,59.98745294855709,33.33201356990677,-7.956154833555261,31.538212548601855,-2.835381296937414,33.32672170972035,-7.751722352862852,51789.0,7419.0,50673.0,OPP -> COP,0.0012668529592222762
2023-03-27,OPP,COP,867,389,10.472895040369089,2304.8223760092274,2308.3564013840833,2303.470588235294,0.7531718569780853,0.48788927335640137,4621.241061130335,-5.695617070357554,-6.758939818668714,65.23644752018454,31.356594629987928,6.258645273276907,31.110436539298686,6.550429194679569,31.325631733978252,5.752813535671103,71314.0,8993.0,70013.0,OPP -> COP,0.0007200081717190424
2023-04-03,OPP,COP,1195,289,8.461924686192468,1937.1715481171548,1970.5899581589958,1949.897071129707,0.6778242677824268,0.497907949790795,5442.948117154811,-4.5474476987447705,-4.792521914784775,57.04602510460251,41.44192020425535,-7.121760923534408,41.92521772851065,-12.311678022939656,41.17930182042556,-6.208076533559897,380132.0,63167.0,380034.0,OPP -> COP,0.0009821624504912044
2023-04-10,OPP,COP,1520,328,12.047368421052632,2886.386842105263,2907.694736842105,2897.925657894737,0.569078947368421,0.40592105263157896,4830.858552631579,-7.058947368421053,-5.3545920160099225,57.921052631578945,35.716134362541816,-15.532209242809373,35.0466525264214,-15.020142563879606,36.301852920401345,-22.36942302140467,459158.0,73821.0,451375.0,OPP -> COP,0.001401478375280872
2023-04-17,OPP,COP,756,281,10.903439153439153,2509.441798941799,2548.3267195767194,2533.005291005291,0.8465608465608465,0.3664021164021164,4557.842592592592,-4.866137566137566,-5.415869812987346,61.64021164021164,36.13029721763084,-13.828479882920123,36.065405454545434,-15.07750794352618,36.15199666666666,-14.388313406336097,96459.0,12103.0,95915.0,OPP -> COP,0.0007704301568375677
2023-04-24,OPP,COP,533,184,9.24577861163227,2024.6998123827393,2030.1425891181989,2039.5928705440901,0.7335834896810507,0.33583489681050654,3731.6529080675423,-5.483489681050656,-7.958531171103693,65.79737335834896,16.89765333333333,14.271002356107656,16.98744443064182,14.325283101449271,17.015626211180123,14.076445834368526,158209.0,24896.0,158147.0,OPP -> COP,0.0005366843379802343
2023-05-01,OPP,COP,1114,285,11.394075403949731,2341.3366247755835,2364.4210053859965,2340.763016157989,0.8590664272890485,0.5170556552962298,4826.456912028725,-2.455385996409336,-7.058777005499507,60.502692998204665,21.230892147250703,10.477556851817319,22.667535079217153,7.828515175209671,22.58516413233924,8.296049972972952,211873.0,32153.0,210830.0,OPP -> COP,0.0011066408384244773
2023-05-08,OPP,COP,1112,347,8.923561151079136,1874.1178057553957,1887.7464028776978,1861.1663669064749,0.8525179856115108,0.625,4196.527877697842,-5.447212230215828,-6.190931539047976,68.72302158273381,27.86459363132759,26.31311287965616,27.609802131805143,26.07476752148998,27.859252275071615,25.994277021012426,267572.0,29123.0,263092.0,OPP -> COP,0.0010614505408911411
2023-05-15,OPP,COP,403,195,11.3151364764268,2430.0794044665013,2436.4441687344915,2441.6426799007445,0.8635235732009926,0.31017369727047145,4360.404466501241,-4.344168734491315,-8.131090260813927,64.5409429280397,28.51882387096775,7.475398664879361,28.495640431266857,7.86796641286864,28.480886344086034,8.073348557640756,36951.0,4876.0,36871.0,OPP -> COP,0.0003869047619047619
2023-05-22,OPP,COP,447,219,9.539149888143177,2179.0536912751677,2159.5436241610737,2195.0044742729306,0.8076062639821029,0.6085011185682326,3824.469798657718,-3.9789709172259515,-6.560152251798185,60.671140939597315,29.76067941689374,-2.137953913279131,30.346437555858312,-3.764860279132787,30.47297214363144,-4.058290008130076,17195.0,2614.0,16198.0,OPP -> COP,0.0004945877494929645
2023-05-29,OPP,COP,764,301,11.214659685863875,2634.5850785340313,2720.6204188481674,2732.035340314136,0.6636125654450262,0.418848167539267,4934.446335078534,-6.9582460732984295,-6.571292806717393,55.6413612565445,31.421906165061902,-19.594489594222836,31.670533699999993,-13.825513932876712,31.588347005486963,-19.684807957475993,74599.0,13666.0,73663.0,OPP -> COP,0.0008809282493165311
2023-06-05,OPP,COP,845,236,6.842603550295858,1541.3597633136094,1536.5242603550296,1563.4130177514794,0.8532544378698225,0.7076923076923077,4350.531360946746,-5.786272189349115,-5.203937642202406,55.30177514792899,34.98225518953324,-17.04604490409026,34.22461303960396,-16.97794992101551,34.19197117256011,-16.958511133991536,92377.0,20822.0,91772.0,OPP -> COP,0.0008817918845927478
2023-06-12,OPP,COP,401,181,8.144638403990024,1982.635910224439,1995.284289276808,2005.6059850374065,0.8703241895261845,0.6234413965087282,5191.793017456359,-5.797755610972569,-6.439824717312494,62.8927680798005,30.590172949999996,-3.5027842368421047,30.614366457894725,-3.277628710526313,30.607899352631566,-3.3977020447368385,38185.0,6437.0,38160.0,OPP -> COP,0.0004612116409358111
2023-06-19,OPP,COP,720,229,14.33611111111111,3253.7097222222224,3313.4069444444444,3308.0194444444446,0.6569444444444444,0.3763888888888889,5333.298611111111,-3.639444444444444,-4.536734765990407,54.15277777777778,35.072904137462245,-9.44948785369532,36.04229527039274,-29.193065473604893,35.779901178082184,-28.218690135258434,107831.0,21511.0,107209.0,OPP -> COP,0.0006884694749846529
2023-06-26,OPP,COP,1127,271,8.32564330079858,1618.9769299023958,1650.7506654835847,1647.5412599822537,0.7178349600709849,0.712511091393079,4433.41437444543,-6.877817213842059,-7.994375061154664,62.75066548358474,46.34357308850361,0.08844403923357923,46.085958216240826,-2.251255687043796,46.028226646897764,-2.475528141423359,331255.0,42248.0,329114.0,OPP -> COP,0.0013099320044168072
2023-07-03,OPP,COP,853,284,8.6905041031653,1576.0410316529894,1585.9636576787807,1586.2227432590855,0.7819460726846424,0.6916764361078547,3035.6740914419697,-4.287456037514654,-6.556383035435416,55.53341148886284,31.206633703757262,28.52454685851646,28.28742587120118,29.334326304945066,29.717485024566496,28.44903257280221,109662.0,23078.0,108915.0,OPP -> COP,0.0010987185052276074
2023-07-10,OPP,COP,567,292,8.25220458553792,1894.015873015873,1912.5026455026455,1911.0299823633156,0.7936507936507936,0.6243386243386243,4446.78835978836,-3.224338624338624,-6.715006366212431,64.97354497354497,24.0862220093458,11.00610034018691,23.918831782771544,10.907044207476636,23.739498028037392,11.200592312149533,28676.0,3619.0,28404.0,OPP -> COP,0.000650453883737391
2023-07-17,OPP,COP,1061,303,11.016022620169652,2142.005655042413,2182.407163053723,2171.886899151744,0.8001885014137606,0.45523091423185674,3953.8680490103675,-4.527615457115928,-7.155100812973191,59.43449575871819,27.106449760426777,6.343953000969931,27.08147176236664,6.149351474296802,27.170280434529587,6.119442974781764,154311.0,25919.0,154148.0,OPP -> COP,0.0011587979082660189
2023-07-24,OPP,COP,741,264,12.422402159244264,2911.960863697706,2934.2321187584344,2926.399460188934,0.6774628879892037,0.3724696356275304,5400.986504723347,-5.734952766531714,-6.253189485517305,60.175438596491226,34.01448643258429,-26.224956404494385,34.08777445926969,-26.082021573033707,34.21771129213486,-27.24683674157304,78239.0,14588.0,77865.0,OPP -> COP,0.0009427001170423897
2023-07-31,OPP,COP,528,262,8.628787878787879,2114.253787878788,2145.4829545454545,2142.246212121212,0.7651515151515151,0.5795454545454546,3980.679924242424,-4.69375,-7.069100767079422,59.24242424242424,32.953587250000005,3.631560681818184,32.95969233012048,3.7577185430621993,34.153490260240964,2.5866749066985655,29918.0,3901.0,29860.0,OPP -> COP,0.0006684483516038329
2023-08-07,OPP,COP,397,192,9.589420654911839,2041.7002518891688,2109.7556675062974,2085.891687657431,0.9143576826196473,0.44080604534005036,3914.0780856423175,-4.219395465994962,-6.692571395037757,58.287153652392945,27.612507540760856,0.8015442554347816,27.53214585597828,0.024407679347826138,27.363519225543495,0.6829056059782618,21019.0,6707.0,20975.0,OPP -> COP,0.0005332344767653486
2023-08-14,OPP,COP,1682,258,7.808561236623068,1830.462544589774,1870.7871581450654,1853.4417360285374,0.9322235434007135,0.5071343638525565,3569.5873959571936,-4.164684898929845,-5.797334041604406,70.71343638525565,46.25397846819339,10.378468113231545,46.252963171119596,10.38781507506361,46.24623999745548,10.20024738613231,923750.0,116594.0,921087.0,OPP -> COP,0.0020978558715643247
2023-08-21,OPP,COP,222,136,10.995495495495495,3274.554054054054,3292.3828828828828,3297.6306306306305,0.8963963963963963,0.34684684684684686,5694.121621621622,-3.6040540540540547,-6.64606134446754,72.74774774774775,29.648255168421052,-8.986821721052632,29.787492568421055,-9.063976984210527,29.63057727368421,-9.105858563157893,5706.0,664.0,5706.0,OPP -> COP,0.0002588417182892661
2023-08-28,OPP,COP,297,175,8.202020202020202,1801.2222222222222,1872.6767676767677,1863.1245791245792,0.8215488215488216,0.5218855218855218,3901.915824915825,-4.652525252525253,-6.804201146845766,63.535353535353536,27.705547671641792,7.820321238805971,28.40578767164179,3.106147597014924,28.703989182835823,0.28894460820895446,6699.0,843.0,6424.0,OPP -> COP,0.00037855709839170593
2023-09-04,OPP,COP,589,248,7.561969439728353,1627.4431239388794,1644.383701188455,1635.365025466893,0.8607809847198642,0.6162988115449916,3630.9711375212223,-2.700509337860782,-5.927189024435638,67.23259762308999,34.847518494208494,-21.185221772200766,35.08209040540541,-24.475582770270265,35.124684179536686,-23.61366504826254,60361.0,8703.0,60035.0,OPP -> COP,0.0006989521650903654
2023-09-11,OPP,COP,377,206,9.228116710875332,2068.3076923076924,2082.8381962864723,2081.4562334217508,0.843501326259947,0.4562334217506631,4128.7692307692305,-3.6888594164456228,-4.688292846646732,61.51193633952255,33.040542905487804,-2.695233039634147,32.54893955792683,2.5931376646341455,32.395120079268295,1.736355195121951,11571.0,1644.0,11551.0,OPP -> COP,0.0004214018485792498
2023-09-18,OPP,COP,651,262,8.844854070660523,1985.0660522273427,2007.0906298003072,2015.552995391705,0.706605222734255,0.5145929339477726,4335.2211981566825,-4.046543778801843,-7.292312089681573,55.83717357910906,34.43463836920532,-10.329867688741734,34.4952815424293,-10.760865004991691,34.49584444132232,-9.622297418181832,105899.0,17312.0,105497.0,OPP -> COP,0.0006569181758461984
2023-09-25,OPP,COP,696,207,7.403735632183908,1604.6350574712644,1648.9080459770114,1653.4727011494253,0.9339080459770115,0.6925287356321839,2745.2183908045977,-3.213505747126437,-4.259382207266445,69.65517241379311,28.557168191759118,29.95150509508715,28.548255291600643,30.084420096671934,28.474703204437404,30.2361219984152,332223.0,43392.0,332193.0,OPP -> COP,0.0007978759990645591
2023-10-02,OPP,COP,443,210,5.751693002257336,1237.0338600451466,1247.7020316027088,1244.3250564334087,0.6343115124153499,0.690744920993228,3411.708803611738,-4.406546275395034,-6.789609701820578,55.417607223476296,34.01322001401867,-9.018344499999976,34.62060800700934,-8.809494890186894,34.254724415887836,-7.606173154205585,27894.0,5051.0,27731.0,OPP -> COP,0.0005067501870285679
2023-10-09,OPP,COP,368,168,11.73913043478261,2616.945652173913,2671.5489130434785,2659.3695652173915,0.6304347826086957,0.37771739130434784,5201.461956521739,-4.629076086956524,-5.774121624835391,50.869565217391305,33.977879758522725,3.264081784090909,34.02230841761363,-0.4426108238636359,35.093073190340895,-2.547389286931821,18209.0,4376.0,18189.0,OPP -> COP,0.0002678167260278559
2023-10-16,OPP,COP,1664,395,14.432091346153847,2948.9609375,2924.2439903846152,2839.206730769231,0.5594951923076923,0.546875,5790.996995192308,-4.07734375,-7.623057563872412,51.52043269230769,34.2382964023058,-11.647921614077667,34.47647787621357,-15.23464558677183,34.460421128033964,-13.746925839805808,226860.0,40154.0,220922.0,OPP -> COP,0.0012798601998858586
2023-10-23,OPP,COP,1077,239,13.515320334261839,3251.058495821727,3245.840297121634,3249.8458681522748,0.6350974930362117,0.42896935933147634,5150.407613741875,-7.044846796657382,-6.735733198979383,44.828226555246054,39.500419871119504,14.886154606773257,42.34964844684855,11.3929807121355,40.24095155127,14.435425086547514,180254.0,50493.0,180205.0,OPP -> COP,0.0009374583823315644
2023-10-30,OPP,COP,570,269,13.035087719298245,2632.6877192982456,2649.857894736842,2642.942105263158,0.7175438596491228,0.4298245614035088,4641.228070175439,-2.747719298245614,-7.684876667416102,50.80701754385965,28.704387916515422,43.32839617241378,28.585488791288565,42.56953244283122,28.841324907441017,30.01044242468239,19227.0,4947.0,18793.0,OPP -> COP,0.0005152896379773887
2023-11-06,OPP,COP,2238,293,16.314119749776587,3528.2868632707773,3493.5580875781948,3519.6756032171584,0.5638963360142984,0.33378016085790885,5236.070151921358,-2.5443252904378943,-5.76338536608742,51.90348525469169,31.47683786894977,25.21853047853882,33.396930836986286,27.384864761643822,33.896197884018264,16.294883536529696,1382547.0,191376.0,1376163.0,OPP -> COP,0.0021305945958296326
2023-11-13,OPP,COP,1153,343,9.342584562012142,2058.750216825672,2070.805724197745,2066.620988725065,0.7814397224631396,0.6938421509106678,4946.51604509974,-6.154206418039896,-6.693636678379193,64.64874241110148,32.097095345555566,-9.016140204444447,32.04896719777779,-8.767672144444454,31.962915715555575,-7.712239610000003,224819.0,26925.0,221208.0,OPP -> COP,0.0012280184170810652
2023-11-20,OPP,COP,965,249,7.203108808290155,1407.8870466321243,1404.259067357513,1404.3575129533679,0.9046632124352332,0.7461139896373057,5481.231088082902,-6.562072538860104,-6.55652307961501,62.994818652849744,41.48735989401884,12.411651987408176,41.37466751941234,12.612539724029373,41.557793647429115,12.504680434417619,653315.0,105805.0,648729.0,OPP -> COP,0.001033489338459726
2023-11-27,OPP,COP,458,192,8.5,2000.7467248908297,2030.093886462882,2024.0262008733625,0.8755458515283843,0.5917030567685589,4206.340611353712,-3.526637554585153,-6.386326165585089,70.91703056768559,34.57146202696629,-2.1253450202247235,34.964459779775275,-3.233881716853936,35.33244674606741,-3.8574979910112397,40665.0,5121.0,40615.0,OPP -> COP,0.0004560204153768491
2023-12-04,OPP,COP,232,152,16.120689655172413,3675.469827586207,3696.051724137931,3725.1163793103447,0.75,0.3017241379310345,7351.362068965517,-3.1185344827586206,-6.423803498595972,66.89655172413794,13.068809336322873,25.927996493273557,13.526143452914798,23.10188343946189,13.49308452466368,25.24527237668163,25327.0,1972.0,25309.0,OPP -> COP,0.00025499409227049157
2023-12-11,OPP,COP,290,187,7.855172413793103,1949.5724137931034,1964.844827586207,1972.0068965517241,0.6275862068965518,0.5896551724137931,4292.651724137931,-3.3075862068965516,-6.766328396447157,52.275862068965516,28.829814007326004,16.729876234432236,26.61368304761904,16.627870391941393,28.64214587545787,26.192318835164834,4860.0,974.0,4787.0,OPP -> COP,0.00031134553879419094
2023-12-18,OPP,COP,393,170,9.661577608142494,2276.6666666666665,2324.8371501272263,2269.8117048346057,0.712468193384224,0.48854961832061067,4841.857506361323,-5.026972010178118,-7.2716792694608055,59.720101781170484,32.86241261394105,-26.21956336193026,32.755603766756074,-25.91429356568361,32.81094398123329,-25.955341286863238,47420.0,8620.0,47353.0,OPP -> COP,0.0004891929436718598
2023-12-25,OPP,COP,427,195,12.402810304449648,2635.6697892271663,2682.791569086651,2685.0749414519905,0.7564402810304449,0.49882903981264637,5143.035128805621,-4.163934426229508,-7.791145761260225,61.99063231850117,34.6229997002398,11.109743498800958,35.840516474820134,7.50040171942446,34.96194990407673,9.818552290167863,37391.0,6215.0,37177.0,OPP -> COP,0.0006947156058831186
2024-01-01,OPP,COP,841,203,5.057074910820452,1602.0535077288941,1578.963139120095,1602.1058263971463,0.5933412604042806,0.8763376932223543,4874.681331747919,-8.129013079667063,-6.058338598579317,42.72294887039239,38.29744399385755,-61.44381557862422,38.11165161056513,-61.384380676904364,38.19538797420151,-61.48724480466846,190147.0,39161.0,190137.0,OPP -> COP,0.0011467342617199378
2024-01-08,OPP,COP,890,212,5.465168539325843,1122.9741573033707,1095.9123595505619,1129.2134831460673,0.8662921348314607,0.8044943820224719,3418.062921348315,-2.3229213483146114,-5.0266281754110995,81.53932584269663,24.0504816858458,27.045732514384248,24.022273307249716,28.54256936939001,24.074093163406214,27.285435999999898,810684.0,78962.0,810664.0,OPP -> COP,0.0010543637033518104
2024-01-15,OPP,COP,1009,230,15.578790882061448,3035.325074331021,3042.248761149653,3047.798810703667,0.707631318136769,0.4717542120911794,5901.156590683845,-5.768880079286422,-8.073424814485458,54.717542120911794,31.60490378282826,11.02905484949496,31.656686681818154,10.63900275858587,31.753363075757544,11.06965495050506,192809.0,36483.0,155819.0,OPP -> COP,0.001242638383609489
2024-01-22,OPP,COP,354,183,11.409604519774012,2697.1892655367233,2590.762711864407,2720.2118644067796,0.8135593220338984,0.3135593220338983,5226.4717514124295,-1.4983050847457626,-7.749612943063422,57.655367231638415,36.50205585163203,8.489947961424344,36.748819353115714,7.9716442017804265,36.45842202373886,8.261077602373897,15488.0,3672.0,15426.0,OPP -> COP,0.00044337066915154635
2024-01-29,OPP,COP,388,228,8.577319587628866,1992.4020618556701,2023.1340206185566,2012.5025773195875,0.8015463917525774,0.5154639175257731,4007.092783505155,-3.605927835051546,-6.0040056338260355,66.67525773195877,24.37518407692308,7.440754519893888,24.66139080106101,7.941922185676383,24.52811212732096,7.41891201326259,16473.0,1755.0,16287.0,OPP -> COP,0.0004830833667424493
2024-02-05,OPP,COP,434,229,8.278801843317972,1767.979262672811,1784.5714285714287,1786.421658986175,0.8663594470046083,0.6451612903225806,4223.852534562212,-4.534792626728111,-7.74884465870813,76.42857142857143,27.498282227848097,-16.763122081012657,26.88650278481013,-16.59020114936709,27.29759893670886,-15.874358789873417,44294.0,4018.0,43959.0,OPP -> COP,0.0004982812740386271
2024-02-12,OPP,COP,359,188,9.328690807799443,2088.3426183844012,2142.41504178273,2112.924791086351,0.7715877437325905,0.44846796657381616,4264.526462395544,-4.762116991643453,-7.1866643540212385,62.92479108635097,31.086332213450294,54.433182216374256,31.170177499999998,51.392407166666665,31.039010058479537,50.98196077192981,18027.0,2057.0,17985.0,OPP -> COP,0.00040601306479923276
2024-02-19,OPP,COP,572,228,12.987762237762238,2991.0751748251746,3003.286713286713,2965.9755244755243,0.6783216783216783,0.5559440559440559,6027.407342657342,-5.013986013986014,-5.819148885078625,49.54545454545455,39.993832612318826,23.192287992753634,39.78721081884057,25.643074713768126,39.76972114492752,22.899931144927553,34636.0,10923.0,34444.0,OPP -> COP,0.0006244452862568544
2024-02-26,OPP,COP,681,231,9.631424375917767,2504.022026431718,2510.049926578561,2527.935389133627,0.8355359765051396,0.3509544787077827,4542.074889867841,-6.522466960352422,-5.484343201432119,70.99853157121879,14.73425869939578,33.285572063444135,14.767075965256808,30.800796433534778,14.725332113293058,33.322251972809696,192950.0,16617.0,192910.0,OPP -> COP,0.0007644032771685874
2024-03-04,OPP,COP,421,197,8.75771971496437,1913.021377672209,1916.6104513064133,1915.2137767220902,0.6745843230403801,0.47268408551068886,3835.7624703087886,-6.141330166270784,-4.949630481574056,61.90023752969121,28.108155531486137,-20.793420853904284,29.516288841309812,-35.42084141057934,30.444282964735503,-30.24258834508816,55015.0,6535.0,54973.0,OPP -> COP,0.0004906960074128898
2024-03-11,OPP,COP,219,139,9.506849315068493,2630.9406392694063,2625.511415525114,2640.2100456621006,0.730593607305936,0.4383561643835616,4728.191780821918,-2.0232876712328767,-6.642594754535327,60.36529680365297,34.494972236966824,11.675192175355452,34.80247602843602,4.470467374407585,33.646197355450234,16.091637199052133,3819.0,625.0,3629.0,OPP -> COP,0.00026327178303519905
2024-03-18,OPP,COP,386,171,8.075129533678757,2069.222797927461,2093.997409326425,2083.6139896373056,0.6269430051813472,0.6191709844559585,3706.5544041450776,-4.019689119170984,-5.8859528008269235,56.373056994818654,32.28059091863516,-36.9496455170604,32.176969133858265,-38.40867885039373,32.36741165354329,-38.597120233595824,32760.0,6076.0,32750.0,OPP -> COP,0.00043186008628251255
2024-03-25,OPP,COP,286,142,8.258741258741258,1736.562937062937,1748.688811188811,1752.8531468531469,0.7972027972027972,0.548951048951049,3992.2937062937062,-2.466083916083915,-6.540549688123291,64.05594405594405,28.346924692,53.16199518000001,28.933546712,52.063380876000025,28.545565791999998,53.07475411600001,17882.0,2538.0,17442.0,OPP -> COP,0.0003741839257912158
2024-04-01,OPP,COP,364,169,11.656593406593407,2467.684065934066,2477.9258241758243,2482.532967032967,0.8736263736263736,0.5879120879120879,6364.192307692308,-6.442857142857142,-7.439360226477728,69.64285714285714,35.28137572383721,-11.763067346820812,35.125812026162784,-10.980090468208093,35.20573382848837,-10.53903193063584,24516.0,3293.0,23946.0,OPP -> COP,0.0004600781121629991
2024-04-08,OPP,COP,428,194,11.58177570093458,2688.4883177570096,2733.051401869159,2715.0677570093458,0.7032710280373832,0.40654205607476634,4684.939252336449,-2.6850467289719626,-4.650414625327776,56.822429906542055,22.903264727053134,7.80493792995168,23.41489274637681,8.170141509661823,23.51964636956521,8.26612092995168,32704.0,5315.0,32163.0,OPP -> COP,0.00048581433492812104
2024-04-15,OPP,COP,674,237,7.050445103857567,1596.307121661721,1573.0756676557864,1583.746290801187,0.7537091988130564,0.7388724035608308,3705.80118694362,-4.354302670623145,-6.431266415241123,72.64094955489614,31.40381945506696,4.8791822064057,31.07712072815537,7.135054565836304,31.23145173745177,4.648204921708193,227791.0,23690.0,209694.0,OPP -> COP,0.0007720760483452486
2024-04-22,OPP,COP,3259,616,16.068425897514576,3613.9334151580238,3608.0070573795642,3617.4734581159864,0.5339061061675361,0.4369438478060755,8050.699294262044,-5.804817428659098,-6.006583031518656,48.39214482970236,37.040855393286094,-44.11594970698674,37.126483746535214,-50.01405551892878,37.01416666522941,-47.03133511788235,1209502.0,185466.0,1208724.0,OPP -> COP,0.0034859604254176683
2024-04-29,OPP,COP,5262,1023,14.891676168757126,3290.4070695553023,3346.9361459521097,3349.472063854048,0.6041429114405169,0.5326871911820601,6964.239832763208,-6.034473584188522,-6.7861319970066605,52.93044469783352,36.41479401048957,-45.171700022328224,36.01347439724173,-43.085012713931306,36.323237967955,-44.89679718912215,1431877.0,229948.0,1428098.0,OPP -> COP,0.006028202640174041
2024-05-06,OPP,COP,1075,504,15.375813953488372,4009.175813953488,4009.480930232558,4015.748837209302,0.7125581395348837,0.5916279069767442,6911.314418604651,-5.1438139534883724,-5.890358100576371,59.13488372093023,33.52344970689656,-13.957923624641833,33.81196982950192,-16.31547199617956,33.798006821052645,-15.542536919770775,136149.0,18235.0,133364.0,OPP -> COP,0.001267688679245283
2024-05-13,OPP,COP,1996,460,9.288577154308618,2270.815631262525,2270.315631262525,2272.0065130260523,0.6518036072144289,0.42985971943887774,4693.8346693386775,-6.155160320641281,-4.711376602649895,57.99098196392786,30.206715164817727,15.795036655504806,30.82636269473683,4.240140439878231,30.14790094878562,11.654011658041584,656223.0,94728.0,655035.0,OPP -> COP,0.0024740724397502626
2024-05-20,OPP,COP,811,303,12.155363748458694,2871.872996300863,2900.1726263871765,2890.307028360049,0.8064118372379778,0.44882860665844637,5439.662145499384,-2.582737361282368,-6.831664431631624,65.0924784217016,35.16550301818181,-12.781057235595394,35.35153754545455,-13.104238763124204,35.291057983116886,-12.80168821638925,124388.0,15700.0,116602.0,OPP -> COP,0.0010471501633993257
2024-05-27,OPP,COP,2786,373,16.079684134960516,4346.050610193826,4119.288944723618,4385.135319454415,0.5330222541277818,0.14321608040201006,5909.878679109835,-4.978463747307965,-5.525900155742902,46.7264895908112,34.44247460059843,-46.36322737034383,34.69573240171927,-43.121630654972776,36.32937801905142,-46.97902371247737,1839221.0,340742.0,1839166.0,OPP -> COP,0.0035227830238780456
2024-06-03,OPP,COP,595,217,8.2,1898.9848739495799,1908.6588235294118,1921.6084033613445,0.6016806722689075,0.5092436974789916,4153.694117647059,-5.562521008403361,-6.371109718248985,50.20168067226891,35.37361496108949,8.28475636941582,34.69847913347921,5.161653790378007,34.2316860917647,5.644017706185569,51581.0,12233.0,50717.0,OPP -> COP,0.0006905716656704638
2024-06-10,OPP,COP,410,216,8.497560975609757,1913.3121951219512,1915.2317073170732,1925.0780487804877,0.8,0.6268292682926829,3828.7634146341466,-5.098536585365853,-6.516066886043976,66.39024390243902,30.026361586118256,10.860743228791774,29.779737010282773,12.628161480719795,30.040887190231366,9.675328498714652,25788.0,4483.0,25607.0,OPP -> COP,0.0005006141681135637
2024-06-17,OPP,COP,439,242,9.62870159453303,2039.1184510250569,2053.6560364464694,2053.6605922551253,0.8405466970387244,0.6082004555808656,4542.125284738041,-5.184282460136673,-6.740814506838313,72.75626423690206,22.561262310096158,10.338530817307696,18.425529233173076,11.995156418269232,18.37701158894231,12.221793596153852,31295.0,3523.0,29168.0,OPP -> COP,0.0006157877313762786
2024-06-24,OPP,COP,994,357,11.194164989939638,2298.6841046277664,2304.1509054325957,2308.2424547283704,0.852112676056338,0.5865191146881288,4148.501006036217,-5.524647887323944,-7.605480112922728,72.34406438631791,12.376256715932925,33.413025097484294,13.09354141823901,31.52371717190777,13.446541259958085,30.877266487421398,285705.0,30247.0,284818.0,OPP -> COP,0.001289820281580484
2024-07-01,OPP,COP,564,274,9.794326241134751,2038.4255319148936,2075.4379432624114,2062.1063829787236,0.8102836879432624,0.549645390070922,4297.306737588652,-2.558687943262411,-7.1448995138904134,71.15248226950355,29.061895714552243,16.90658926679105,28.80981622056075,19.37536079104478,29.113253005607483,17.637265082089552,96428.0,10304.0,96210.0,OPP -> COP,0.0008350186694776987
2024-07-08,OPP,COP,321,194,9.84423676012461,2464.3208722741433,2487.11214953271,2471.2429906542056,0.7414330218068536,0.5015576323987538,4818.822429906542,-2.5392523364485977,-6.2546666257770696,57.35202492211838,31.71639042808219,-11.187995962328767,31.93904650684932,-12.343572938356166,31.53895926369863,-11.460515404109588,5504.0,857.0,5338.0,OPP -> COP,0.0004162106933733034
2024-07-15,OPP,COP,1203,301,7.911886949293433,1591.09642560266,1615.4014962593517,1611.9958437240232,0.8944305901911886,0.6259351620947631,4052.882793017456,-4.473566084788031,-7.102736698825949,76.35910224438902,29.61580793572085,16.64462606152438,29.983250887052343,15.469480526170836,29.855868891643713,15.884516369146052,415585.0,41790.0,414305.0,OPP -> COP,0.001593225546702831
2024-07-22,OPP,COP,894,340,11.224832214765101,2727.2561521252796,2712.653243847875,2715.480984340045,0.8736017897091722,0.4172259507829978,5127.7114093959735,-5.5794183445190155,-6.459048142699209,66.28635346756153,30.12190253846155,11.01039016707318,30.103470090354097,11.692180081707324,30.08301432112333,11.780288374390254,137855.0,23046.0,132544.0,OPP -> COP,0.0010674448427130771
2024-07-29,OPP,COP,2375,596,8.498947368421053,1573.6214736842105,1576.4698947368422,1573.4808421052633,0.7957894736842105,0.671578947368421,4812.757894736842,-7.567663157894737,-7.754835569182423,66.07578947368421,40.38493147325695,-0.9813703600764098,40.25071117956069,-1.1138671193887288,40.17705146370585,-0.7325623930276978,882749.0,128490.0,876835.0,OPP -> COP,0.0030314208365189842
2024-08-05,OPP,COP,2612,589,10.490045941807045,2175.2170750382847,2187.10336906585,2184.436447166922,0.8361408882082695,0.6278713629402757,4763.750765696784,-6.730015313935681,-7.4588630515331085,63.08192955589587,31.82874237695914,50.09575706230412,31.841130789184845,50.08810705642636,30.06117828918484,52.26192548432607,2853548.0,210901.0,2852374.0,OPP -> COP,0.0034865902428866617
2024-08-12,OPP,COP,824,265,7.324029126213592,1635.873786407767,1637.139563106796,1634.0024271844661,0.8203883495145631,0.6419902912621359,4479.989077669903,-6.312742718446602,-7.952129750789657,74.93932038834951,40.29837331108144,-9.862495316421883,40.54438292790386,-8.473535268357795,40.31062413351135,-9.479912699599453,344657.0,37838.0,343241.0,OPP -> COP,0.0010694465354604591
2024-08-19,OPP,COP,1684,389,11.078384798099762,3057.979216152019,3028.5742280285035,3067.8034441805225,0.748812351543943,0.7517814726840855,5506.687054631829,-7.579156769596199,-5.32492513334511,62.59501187648456,30.62938065185184,15.889915522222237,30.492758540740724,15.457167358024705,30.719970194444432,16.64387996358026,634881.0,94207.0,629987.0,OPP -> COP,0.0020103405999267014
2024-08-26,OPP,COP,678,274,6.974926253687316,1556.5811209439528,1592.0398230088495,1579.514749262537,0.8421828908554573,0.7581120943952803,4279.48377581121,-2.5921828908554576,-7.305608742769035,76.54867256637168,31.74669494312795,-15.65809118325434,31.77093038230647,-16.872472751974716,31.7306075292259,-15.780896606635068,171151.0,14003.0,135988.0,OPP -> COP,0.0009233987611747594
2024-09-02,OPP,COP,871,217,6.631458094144661,1267.0332950631457,1303.7485648679678,1287.6475315729047,0.5993111366245695,0.703788748564868,3389.626865671642,-4.221469575200919,-7.7554283150736305,51.056257175660164,34.22349997644285,-4.2101030859835005,33.976217898704334,-6.497798963486447,34.12452022261482,-4.234165276796225,148431.0,30684.0,148318.0,OPP -> COP,0.0012012467589783196
2024-09-09,OPP,COP,1530,339,6.455555555555556,1206.4529411764706,1232.716339869281,1223.3666666666666,0.7568627450980392,0.722875816993464,3837.856862745098,-5.280392156862744,-7.733750948289774,60.967320261437905,7.028473548364639,45.184939892832304,-5.763542462769645,92.1712805191373,0.6607536993737129,68.39346900417532,485481.0,78806.0,420223.0,OPP -> COP,0.0019809928269932933
2024-09-16,OPP,COP,311,185,8.057877813504824,1786.0514469453376,1815.540192926045,1809.4823151125402,0.7138263665594855,0.5659163987138264,4120.453376205788,-4.782958199356913,-7.368696595386392,59.29260450160772,29.52864944483986,3.9245074822695036,29.811219217081852,3.035468581560284,29.765766548042702,3.702774964539007,6683.0,1255.0,6632.0,OPP -> COP,0.0004234985885649934
2024-09-23,OPP,COP,434,263,7.092165898617512,1515.9493087557603,1546.831797235023,1530.2235023041474,0.8202764976958525,0.6820276497695853,3558.6405529953918,-3.427188940092166,-7.112620812019915,63.47926267281106,26.47341731328321,-9.940551283208022,25.401399854636594,-7.416646145363409,25.583568190476193,-6.86117864661654,18381.0,2567.0,18282.0,OPP -> COP,0.000500114081322698
2024-09-30,OPP,COP,1407,332,9.049040511727078,1845.1137171286425,1890.904761904762,1878.1620469083155,0.8308457711442786,0.751954513148543,4780.6965174129355,-0.7331911869225302,-5.924169664178817,60.98081023454158,24.35815702016432,30.81870516728892,22.967646577296506,32.890612137415886,23.056584318894714,33.04358107916347,1577229.0,93367.0,1569820.0,OPP -> COP,0.0016105972030325474
2024-10-07,OPP,COP,360,207,10.125,2293.7055555555557,2300.3333333333335,2303.5305555555556,0.7527777777777778,0.48055555555555557,4112.347222222223,-5.060277777777777,-6.861492113389392,68.11111111111111,31.14106088059702,26.51736182089554,27.541963588059705,34.9554404149254,27.548729238805983,33.82807640895525,56804.0,6084.0,56804.0,OPP -> COP,0.0004790623153613993
2024-10-14,OPP,COP,277,191,8.974729241877256,2076.638989169675,2089.072202166065,2087.808664259928,0.855595667870036,0.6389891696750902,4411.927797833935,-4.709747292418773,-7.055998229437078,69.16967509025271,27.624705839999997,22.623876568,27.319778160000002,25.683400048000003,27.426921399999994,23.101558048,15149.0,1479.0,14968.0,OPP -> COP,0.00035793015580945194
2024-10-21,OPP,COP,382,216,5.5837696335078535,1292.9083769633507,1321.0471204188482,1322.4109947643979,0.8691099476439791,0.693717277486911,3334.2905759162304,-4.896596858638744,-5.716616757952352,63.1413612565445,29.76327090670554,6.5264093294460634,30.186166309037894,8.034647571428572,29.82549252186589,7.689963481049561,52434.0,8659.0,52358.0,OPP -> COP,0.00046674844946653827
2024-10-28,OPP,COP,275,156,13.672727272727272,3301.9963636363636,3338.2618181818184,3323.829090909091,0.8145454545454546,0.32,6350.36,-5.146545454545454,-6.188471534337186,62.836363636363636,20.902980296577944,-21.362143056603767,20.21368402281369,-18.268137373584896,19.833507797709924,-18.631948316981124,13691.0,2261.0,13624.0,OPP -> COP,0.00038859865672042515
2024-11-04,OPP,COP,544,191,7.737132352941177,1761.5275735294117,1776.7444852941176,1782.1066176470588,0.9356617647058824,0.5845588235294118,4056.8180147058824,-6.281617647058824,-7.132618392484246,81.30514705882354,8.982014992063492,-18.45571658531746,9.052361162698414,-17.145296406746034,8.894070706349208,-17.609074005952383,228463.0,23277.0,228415.0,OPP -> COP,0.0007095612068279614
2024-11-11,OPP,COP,392,159,6.923469387755102,1392.6275510204082,1397.2244897959183,1390.3316326530612,0.7270408163265306,0.7653061224489796,3347.683673469388,-5.573724489795917,-6.420590897535783,61.88775510204081,37.49493856749314,29.981188220708482,37.523286521857955,29.42642871117169,32.870084137931016,29.51451655858312,74332.0,13224.0,74247.0,OPP -> COP,0.0005182052648068561
2024-11-18,OPP,COP,805,244,5.688198757763975,1212.6322981366459,1249.3850931677018,1232.6037267080746,0.7962732919254658,0.7329192546583851,3761.4198757763975,-2.9997515527950314,-6.07079843904216,72.32298136645963,24.945052397116626,72.73983960959784,25.369670801054006,74.06433759922173,24.785366596052615,74.04772416601807,295449.0,29514.0,294105.0,OPP -> COP,0.001081133350076351
2024-11-25,OPP,COP,2201,387,5.177646524307133,944.0068150840527,942.1385733757382,951.985006815084,0.7482962289868241,0.8355293048614266,3714.1676510676966,-6.102544298046343,-5.625153325688759,67.71013175829168,39.54414194856776,29.500910895027584,39.87036207682382,26.866140954419844,39.969131152146524,26.647554148250425,951582.0,110304.0,931186.0,OPP -> COP,0.003130800907519754
2024-12-02,OPP,COP,1050,343,12.013333333333334,2596.0361904761903,2607.302857142857,2614.677142857143,0.82,0.5019047619047619,5284.190476190476,-4.785619047619047,-6.169556017141108,69.80952380952381,31.74217864928909,34.385013068334956,30.948592138625592,27.355968034648715,31.278451561004786,31.584514209817154,153605.0,15310.0,144508.0,OPP -> COP,0.0012919880743348414
2024-12-09,OPP,COP,364,226,9.043956043956044,2120.6565934065934,2129.785714285714,2134.269230769231,0.8186813186813187,0.4423076923076923,4664.469780219781,-4.212362637362637,-6.976368079293125,66.45604395604396,26.062088884615388,34.43051540524781,26.977585038461537,34.59272870262391,26.671325571005916,34.638740658892125,7316.0,990.0,7280.0,OPP -> COP,0.0004537108939226423
2024-12-16,OPP,COP,485,242,9.981443298969072,2463.1525773195876,2505.942268041237,2498.536082474227,0.7876288659793814,0.3752577319587629,4608.290721649484,-4.04061855670103,-7.1991762353150355,70.94845360824742,25.388519938326013,4.8905098634361055,25.39514910352425,7.389982257709232,25.136025709251125,7.054113022026413,43330.0,4349.0,43250.0,OPP -> COP,0.0006632560263989574
2024-12-23,OPP,COP,263,153,13.870722433460076,3875.0988593155894,3905.0342205323195,3896.528517110266,0.7756653992395437,0.35361216730038025,6778.4372623574145,-4.201520912547529,-6.57660553910863,56.88212927756654,10.288122696581194,7.99928675319149,10.297311536170211,8.61730575744681,10.233686799145298,8.05713724680851,6353.0,1070.0,5873.0,OPP -> COP,0.0005567351189783169
2024-12-30,OPP,COP,438,229,7.465753424657534,1621.7945205479452,1649.7351598173516,1634.607305936073,0.8242009132420092,0.6164383561643836,4914.559360730594,-4.417579908675799,-6.758736576491116,62.51141552511415,28.74673765508686,-4.0638983925926215,28.6595724628713,-3.8813174864197832,28.711739640198523,-4.0665537012345965,66616.0,10811.0,66486.0,OPP -> COP,0.000884928932933297
2025-01-06,OPP,COP,663,189,10.009049773755656,2412.450980392157,2453.0452488687783,2458.469079939668,0.918552036199095,0.39215686274509803,4719.72850678733,-5.267269984917044,-5.077592975112484,66.77224736048265,28.694685570739544,-20.470862482315166,28.785392966237932,-20.98856667845664,28.703935570739542,-20.474935954983977,226455.0,31562.0,226403.0,OPP -> COP,0.0009259349778571658
2025-01-13,OPP,COP,812,239,14.280788177339902,2735.6871921182264,2762.899014778325,2730.7598522167486,0.8226600985221675,0.4039408866995074,4794.919950738917,-5.698522167487685,-6.946685419276862,67.33990147783251,32.3968432509554,55.588361152671744,32.37889764585986,55.36768617302799,32.28113299617833,55.62930530025445,302218.0,30668.0,285955.0,OPP -> COP,0.0010254195443449754
2025-01-20,OPP,COP,757,315,11.072655217965654,2508.8348745046237,2519.110964332893,2537.371202113606,0.808454425363276,0.4848084544253633,5739.1928665786,-3.5019815059445185,-6.383389426237235,58.322324966974904,35.551718515731835,-22.11028855327876,35.596650760928924,-21.94702643188018,35.631225532059986,-22.13124863896465,63815.0,10470.0,61502.0,OPP -> COP,0.0008377174247437603
2025-01-27,OPP,COP,357,221,10.663865546218487,2477.016806722689,2492.1624649859946,2495.565826330532,0.8067226890756303,0.3585434173669468,4531.366946778711,-3.9263305322128854,-7.761915636545546,54.56582633053221,29.726967257225446,11.301452653179194,30.505250147398847,9.338962323699425,30.052108500000006,11.508168355491334,12601.0,2333.0,12579.0,OPP -> COP,0.00043683885296151044
2025-02-03,OPP,COP,489,168,6.680981595092025,1425.155419222904,1480.122699386503,1466.4192229038854,0.7955010224948875,0.47648261758691207,4332.002044989775,-5.34560327198364,-5.627197872357059,61.922290388548056,22.31939047761191,69.42046006722697,25.5478563304904,38.849520216386544,25.55462062955032,37.03423578571427,177967.0,22609.0,176747.0,OPP -> COP,0.0005665000376508205
2025-02-10,OPP,COP,130,112,9.653846153846153,2236.0384615384614,2264.1153846153848,2264.6153846153848,0.7846153846153846,0.49230769230769234,4367.707692307692,-3.971538461538461,-6.167407320426038,60.46153846153846,33.659995114035084,4.6357501228070195,34.98202394736842,1.805068710526316,34.72596605263158,1.8906954649122816,1078.0,180.0,1059.0,OPP -> COP,0.00014833747917570003
2025-02-17,OPP,COP,361,145,9.310249307479225,1966.4875346260387,2019.939058171745,1997.2493074792244,0.8614958448753463,0.6814404432132964,5208.567867036011,-2.6113573407202217,-5.842585901406323,73.6842105263158,24.62025048235294,-24.018515792156855,24.62500654117647,-24.588014223529406,24.490891462745097,-24.58401539999999,151943.0,16863.0,151937.0,OPP -> COP,0.00038917804733957454
2025-02-24,OPP,COP,212,116,7.4575471698113205,2097.132075471698,2092.3396226415093,2113.245283018868,0.8773584905660378,0.7264150943396226,5523.542452830188,-5.029716981132076,-5.581279060451912,77.40566037735849,34.762603832460734,-36.81815782198951,35.142098727748696,-34.50457038743454,34.78922058638744,-38.63296462827223,60551.0,6107.0,60481.0,OPP -> COP,0.00022770626750760452
2025-03-03,OPP,COP,294,134,6.761904761904762,1553.1972789115646,1582.4897959183672,1574.312925170068,0.8639455782312925,0.7755102040816326,3410.5340136054424,-7.1557823129251705,-9.085797088968489,74.6938775510204,29.97296847426469,9.926383746323523,29.86096597426469,8.57180690808823,30.26648325367645,9.316491834558818,111669.0,11412.0,111632.0,OPP -> COP,0.00032909502226988256
2025-03-10,OPP,COP,331,178,8.353474320241691,1829.274924471299,1814.404833836858,1831.6737160120847,0.851963746223565,0.5709969788519638,3594.4471299093657,-4.064954682779455,-7.263904558258654,69.18429003021149,34.644999920863306,11.778899593525177,34.71195855395684,12.328786643884891,34.38643193525179,13.117407507194246,19761.0,2322.0,19721.0,OPP -> COP,0.00037278007214589556
2025-03-17,OPP,COP,635,244,14.352755905511811,3104.4094488188975,3077.737007874016,3108.507086614173,0.8078740157480315,0.3779527559055118,5301.52125984252,-6.032755905511811,-6.8947448907953435,72.15748031496064,34.474567041597325,5.646074985024991,34.322893381031605,4.194402173044958,34.448953452579026,4.063755068219672,183226.0,18551.0,183110.0,OPP -> COP,0.0007079042244602648
2025-03-24,OPP,COP,432,278,8.925925925925926,1775.8194444444443,1818.5023148148148,1807.9560185185185,0.7800925925925926,0.5578703703703703,4006.900462962963,-4.917592592592592,-7.527314152280617,59.583333333333336,29.784134114427857,37.91047493034825,30.22190754726368,38.40178811442786,29.845860420398,38.04960453233831,13513.0,1753.0,13294.0,OPP -> COP,0.0005356897066974854
2025-03-31,OPP,COP,289,124,13.771626297577855,2896.121107266436,2921.0726643598614,2945.370242214533,0.7058823529411765,0.39792387543252594,4620.948096885813,-2.8262975778546715,-4.525058061604851,48.37370242214533,24.116405535849054,43.29408846415099,23.707676768939393,43.92045124528307,26.65576930943396,41.613780596226434,15688.0,4171.0,15567.0,OPP -> COP,0.00040017724113102
2025-04-07,OPP,COP,195,164,8.907692307692308,2028.948717948718,2062.0820512820515,2054.0410256410255,0.8307692307692308,0.5128205128205128,4261.846153846154,-4.033846153846153,-6.196506089450146,60.87179487179487,24.288419879310347,13.33027677011494,24.505579178160918,13.669625373563218,24.51396903448276,13.133309454022987,1685.0,247.0,1667.0,OPP -> COP,0.000251804274474407
2025-04-14,OPP,COP,273,207,10.765567765567766,2279.923076923077,2344.139194139194,2335.871794871795,0.7912087912087912,0.5164835164835165,5333.278388278388,-3.8534798534798536,-7.131844475121724,64.87179487179488,27.150572338775508,6.797201865853659,28.31129016326531,13.815093967479672,28.232752718367344,12.615849235772355,4957.0,632.0,4924.0,OPP -> COP,0.00032836653884828746
2025-04-21,OPP,COP,196,122,8.938775510204081,2243.984693877551,2268.535714285714,2248.3061224489797,0.8571428571428571,0.413265306122449,4393.673469387755,-3.9178571428571427,-6.305481027849904,70.61224489795919,28.402247363128495,-11.195835608938548,28.198512318435753,-11.33187512290503,28.508700435754193,-9.87134063687151,8573.0,984.0,8551.0,OPP -> COP,0.00020958061422090012
2025-04-28,OPP,COP,301,143,5.558139534883721,1271.3421926910298,1293.9468438538206,1296.093023255814,0.770764119601329,0.7740863787375415,4060.714285714286,-4.828571428571429,-5.161997250784485,57.142857142857146,33.40000257201646,-17.44041833333333,33.213744547325106,-15.570621625514406,33.79948858024691,-14.202197345679012,24420.0,3100.0,24412.0,OPP -> COP,0.00038846980324843354
2025-05-05,OPP,COP,218,139,12.362385321100918,2859.0963302752293,2849.743119266055,2859.5504587155965,0.7247706422018348,0.46788990825688076,6350.793577981652,-4.321559633027523,-6.769238949466741,54.403669724770644,38.3062322097561,-2.561071121951219,36.631079526829275,0.8205146829268296,36.924203429268296,0.055675658536585515,4570.0,941.0,4548.0,OPP -> COP,0.0002634113216119323
2025-05-12,OPP,COP,498,144,10.136546184738956,2797.4558232931727,2829.6807228915663,2805.897590361446,0.7208835341365462,0.3293172690763052,5766.568273092369,-4.914658634538153,-6.642205269986474,59.17670682730924,33.37066744988865,-55.1134204699331,33.376443374164815,-54.873756795100135,33.31153582405346,-54.39020153897542,70865.0,11612.0,70862.0,OPP -> COP,0.0006177533377907503
2025-05-19,OPP,COP,241,122,13.41908713692946,3055.4647302904564,3081.1991701244815,3066.6265560165975,0.7925311203319502,0.37344398340248963,5267.9170124481325,-5.454356846473029,-5.782129986133421,67.4688796680498,33.638945930635835,-38.48710435838151,33.001988705202315,-29.377304936416184,32.68698292485549,-28.81660108092485,37970.0,4109.0,37872.0,OPP -> COP,0.0003111982293982898
