week,a1c,a2c,mentions,events,avg_sentenceid,avg_a1co,avg_a2co,avg_actco,avg_raw_text,avg_root_event,avg_len,avg_goldstein,avg_tone,avg_confidence,avg_lat1,avg_lon1,avg_lat2,avg_lon2,avg_lata,avg_lona,total_num_mentions,total_num_sources,total_num_articles,pair,Relative_mentions
2016-01-11,RUS,MIL,452,265,8.557522123893806,2209.7566371681414,2247.579646017699,2241.4424778761063,0.497787610619469,0.6216814159292036,4635.4977876106195,-0.11548672566371704,-2.885425483782736,46.084070796460175,51.30453473451326,48.46378535398231,47.91390110619467,42.074711305309734,48.52488185840706,42.534538871681434,13573.0,2200.0,13521.0,RUS -> MIL,0.0002949488700913363
2016-01-18,RUS,MIL,495,239,17.383838383838384,3854.0040404040406,3933.2949494949494,3923.2646464646464,0.3434343434343434,0.3414141414141414,6268.228282828283,1.050505050505051,-2.4009184294908517,34.505050505050505,52.153961414141406,69.81283618181818,47.11944048484849,45.68780350101011,50.76389765656564,65.77270875353534,15497.0,6560.0,15497.0,RUS -> MIL,0.0003296628647769548
2016-01-25,RUS,MIL,617,270,7.0923824959481365,1433.0875202593193,1650.3905996758508,1709.3938411669367,0.4473257698541329,0.7212317666126418,3664.1653160453807,-3.002755267423015,-2.9128302368429555,41.65316045380875,52.73927779578605,61.723004213938424,45.34839708265802,49.50778756888169,46.91000777957859,49.283761426256085,56847.0,11103.0,56178.0,RUS -> MIL,0.00043122788821343055
2016-02-01,RUS,MIL,1239,446,10.544794188861985,2266.0217917675545,2325.1121872477806,2319.4592413236483,0.48748991121872476,0.45601291364003227,4378.271186440678,-1.5371267150928165,-3.5840123334428124,43.10734463276836,51.34045762711861,51.3960528966909,45.780682001614196,43.732474118644085,47.990194511702974,47.38192814608557,88482.0,14062.0,87860.0,RUS -> MIL,0.0008446809642043432
2016-02-08,RUS,MIL,3141,592,19.022922636103154,4105.620184654568,4157.676854504934,4141.708373129577,0.5867558102515122,0.6571155682903533,6021.978032473735,-3.0834765998089764,-3.3948476308654567,47.09646609360077,53.76461416746262,39.409688697866855,51.64664625915319,36.91233164374394,51.606132887615416,37.43234570518937,2765412.0,259293.0,2764764.0,RUS -> MIL,0.001961726044114791
2016-02-15,RUS,MIL,1236,525,11.310679611650485,2655.982200647249,2664.3899676375404,2701.562297734628,0.48058252427184467,0.5970873786407767,4928.938511326861,-0.5411003236245964,-2.7192445135757746,36.310679611650485,53.01566749190935,54.13743150970877,45.01464499999999,47.7812532273463,48.13844067961164,52.53932326779937,76251.0,20451.0,76035.0,RUS -> MIL,0.0007500382301039616
2016-02-22,RUS,MIL,740,347,10.35945945945946,2497.916216216216,2455.2040540540543,2535.991891891892,0.527027027027027,0.5554054054054054,6190.831081081081,-0.43905405405405373,-3.1538645698513355,49.67567567567568,52.12818689189185,54.93794040540544,47.70062729729729,41.44000881081083,49.03156635135134,50.70922732432434,45961.0,5300.0,44665.0,RUS -> MIL,0.0004653312498231427
2016-02-29,RUS,MIL,696,293,11.15948275862069,2549.692528735632,2582.3505747126437,2583.2313218390805,0.4454022988505747,0.4209770114942529,4618.204022988506,-0.8176724137931032,-2.4780897738621332,36.5948275862069,49.838078561151065,47.502211741007216,49.69694920863307,51.462918834532395,48.7205941007194,47.839806230215856,18782.0,4606.0,18706.0,RUS -> MIL,0.00045254458799586465
2016-03-07,RUS,MIL,436,205,11.509174311926605,2530.545871559633,2563.8004587155965,2577.341743119266,0.45642201834862384,0.39908256880733944,6053.633027522936,0.7165137614678898,-3.6778879920214713,37.178899082568805,50.79805137614677,63.66939344036697,48.875496100917424,60.62952814220179,50.129546330275225,63.029927155963264,36676.0,11180.0,36614.0,RUS -> MIL,0.00028304924537513114
2016-03-14,RUS,MIL,3489,723,12.712238463743192,2649.922613929493,2698.255087417598,2669.9544282029233,0.4055603324734881,0.6096302665520207,5252.870736600745,0.14998566924620058,-3.374188317945557,50.99742046431642,51.368844244769186,47.5429405445686,47.81761859271992,43.591996090570376,48.93594920321001,44.08756880194898,2119969.0,224933.0,2114607.0,RUS -> MIL,0.002432559060498141
2016-03-21,RUS,MIL,1308,459,7.358562691131499,1476.7844036697247,1196.7545871559632,1528.7010703363915,0.42966360856269115,0.7048929663608563,3355.4594801223243,1.311314984709481,-2.534348160718559,42.515290519877674,51.05745508798771,39.519701775057335,49.12589969395559,30.90077951032898,50.47314330527923,31.51152237184389,159086.0,22026.0,154307.0,RUS -> MIL,0.0009181350627216809
2016-03-28,RUS,MIL,642,313,9.99221183800623,2434.47507788162,2405.6028037383176,2456.8395638629286,0.43613707165109034,0.5202492211838006,4732.855140186916,0.9856697819314643,-2.7477842877082814,44.59501557632399,48.81702227414329,52.98779060124612,45.68766012461059,48.60200373831776,48.123425233644845,46.7953774657321,19691.0,2915.0,19611.0,RUS -> MIL,0.000446007090262248
2016-04-04,RUS,MIL,587,335,11.141396933560477,2801.887563884157,2792.0323679727426,2832.6933560477,0.43270868824531517,0.4991482112436116,5893.066439522999,-0.5194207836456558,-4.38470251183033,41.311754684838164,49.56600119250423,47.66223696763204,47.492600511073235,43.29668412265758,47.42867393526403,41.466950511073264,11914.0,1930.0,11900.0,RUS -> MIL,0.0003921786089618491
2016-04-11,RUS,MIL,1712,511,8.384929906542055,2015.597546728972,2017.0403037383178,2057.177570093458,0.5262850467289719,0.6939252336448598,4301.126168224299,0.04608644859813094,-3.5207509013330847,47.675233644859816,54.1854150116823,52.91020560572425,50.33796559579443,41.36097684988316,53.68486804906547,51.44425268516352,231590.0,39626.0,226782.0,RUS -> MIL,0.001208517222782244
2016-04-18,RUS,MIL,869,342,15.098964326812428,3515.390103567319,3550.9781357882625,3536.9136939010355,0.43498273878020716,0.3670886075949367,5422.714614499425,0.5529344073647849,-3.2773538920380227,40.771001150747985,51.14728384349834,45.032433693901005,49.486256962025365,37.51343669735327,50.96029677790569,42.29932873417717,77718.0,18432.0,77359.0,RUS -> MIL,0.0006888651956607042
2016-04-25,RUS,MIL,1394,492,8.206599713055954,1872.7403156384505,1929.5494978479196,1905.9892395982783,0.603299856527977,0.6377331420373027,4241.570301291248,-1.5732424677187942,-3.165837510855525,54.40459110473458,53.75114459110473,50.48274512195121,50.38329533381192,39.98667236180906,52.53867826398853,43.878277711621244,158691.0,16103.0,158563.0,RUS -> MIL,0.000952520866288346
2016-05-02,RUS,MIL,841,412,10.502972651605232,2508.7740784780026,2554.854934601665,2548.217598097503,0.4399524375743163,0.5481569560047562,4994.984542211653,-2.242925089179548,-2.5215164464720723,44.720570749108205,51.608224851367396,47.631298627824044,49.221570630202116,37.889072467300856,49.06003686087988,41.18911388703926,41797.0,6030.0,41767.0,RUS -> MIL,0.0005626799354757991
2016-05-09,RUS,MIL,762,369,8.606299212598426,2277.215223097113,2335.6535433070867,2311.1128608923887,0.5616797900262467,0.6732283464566929,5425.581364829396,-0.28818897637795254,-1.6084690705784794,46.15485564304462,52.33159172141916,42.008157480946146,51.378853219448054,41.11847525098556,51.697105650459875,39.7504146819974,47971.0,3376.0,45703.0,RUS -> MIL,0.0005091707532853875
2016-05-16,RUS,MIL,1093,334,7.6989935956084175,1718.0054894784996,1619.924977127173,1750.419945105215,0.292772186642269,0.6797804208600183,3530.3403476669714,0.6451052150045742,-3.196372754219854,38.04208600182982,50.852297857142794,31.631213668801504,44.82490437728935,27.16568156450139,49.23251941391937,33.425184903934166,91676.0,20395.0,91652.0,RUS -> MIL,0.0008426022146638996
2016-05-23,RUS,MIL,557,296,8.771992818671455,2119.8043087971273,2124.143626570916,2100.1633752244165,0.38420107719928187,0.6283662477558348,5069.743267504488,-1.5080789946140036,-3.6213440768074645,43.464991023339316,51.93679429856113,47.75043667863557,50.416780395683425,45.54033745062838,51.116627931654655,45.301669766606835,16211.0,2976.0,15977.0,RUS -> MIL,0.00033943731409408326
2016-05-30,RUS,MIL,857,287,11.295215869311551,2479.683780630105,2536.532088681447,2523.0700116686116,0.41073512252042005,0.6102683780630105,4158.3803967327885,-0.022403733955658933,-3.5821377926206224,43.617269544924156,50.69992988331388,67.2059746791132,42.060374397660816,54.45261019836639,44.1886873948598,65.42937799299884,159816.0,21369.0,156196.0,RUS -> MIL,0.0007073128055805907
2016-06-06,RUS,MIL,755,320,8.385430463576158,1838.2039735099338,1881.5615894039736,1873.1867549668875,0.36821192052980134,0.7152317880794702,3810.4860927152317,-1.4901986754966883,-3.093792294772238,45.05960264900662,51.732937880794694,42.411292768211915,50.13018370860926,38.88343347417218,51.55743947019866,40.8117556821192,75970.0,12365.0,75933.0,RUS -> MIL,0.0005360746272683767
2016-06-13,RUS,MIL,936,299,10.66025641025641,2328.559829059829,2345.1581196581196,2335.934829059829,0.37393162393162394,0.4188034188034188,4658.1442307692305,1.4842948717948725,-3.2226491898808467,35.47008547008547,49.291654797008476,50.271621388888946,50.72576632478627,56.0261015811966,51.89121282051277,56.11647956196582,145536.0,40676.0,145028.0,RUS -> MIL,0.0005642565196947228
2016-06-20,RUS,MIL,725,355,8.482758620689655,2093.542068965517,2132.9903448275863,2117.212413793103,0.43448275862068964,0.5958620689655172,4824.388965517242,-0.01103448275862061,-3.4981573598012683,43.46206896551724,53.496644337016534,48.666957655172425,50.74680220689654,43.91749019310347,50.176208839778994,41.040524955862075,26263.0,3941.0,26248.0,RUS -> MIL,0.0004867908464520669
2016-06-27,RUS,MIL,1040,397,7.446153846153846,1684.696153846154,1732.4634615384616,1723.0913461538462,0.5711538461538461,0.676923076923077,3263.0105769230768,0.24884615384615358,-3.7165129204907412,53.61538461538461,53.356391216216196,46.403877437379606,52.6343184362934,47.045481146435485,52.59166676356587,46.158189303001016,131559.0,15361.0,130469.0,RUS -> MIL,0.0006386095995303764
2016-07-04,RUS,MIL,899,402,8.9265850945495,2098.1802002224695,2083.769744160178,2030.1890989988876,0.45272525027808674,0.5628476084538376,4420.922135706341,-1.3070077864293663,-2.496192742122182,42.291434927697445,50.98028672969965,43.61149609899889,49.95532724330355,43.913777864293664,50.364224091415814,39.518789977753066,87690.0,14443.0,87632.0,RUS -> MIL,0.0004953771230546529
2016-07-11,RUS,MIL,1055,378,10.172511848341232,2338.1781990521326,2319.3469194312797,2367.967772511848,0.5289099526066351,0.28056872037914693,5752.251184834123,0.786824644549763,-2.9914217690281375,35.65876777251185,52.99459647058825,39.35130127677729,48.19917685308056,33.68542614218013,48.45198197156397,35.49525445497633,155240.0,41504.0,154803.0,RUS -> MIL,0.0005128068030748965
2016-07-18,RUS,MIL,318,213,10.056603773584905,2717.078616352201,2745.0345911949685,2757.5440251572327,0.4371069182389937,0.4371069182389937,5924.185534591195,-1.2553459119496857,-2.8388874089058853,40.125786163522015,50.020328018867914,58.60648245283021,46.936256006289305,52.4633394119497,47.786900974842766,56.27465880503146,4998.0,1006.0,4998.0,RUS -> MIL,0.00017116587103243702
2016-07-25,RUS,MIL,1364,406,9.9208211143695,2637.391495601173,2650.676686217009,2661.4618768328446,0.41055718475073316,0.4310850439882698,5090.845307917889,1.2221407624633427,-2.7324318687704894,41.51759530791789,51.30731817448678,59.59987301319648,46.405053071847476,48.536180513196484,50.144634083577685,57.89840375366568,205034.0,39884.0,204635.0,RUS -> MIL,0.0008011135713572532
2016-08-01,RUS,MIL,892,371,11.480941704035875,2962.433856502242,2722.683856502242,2794.505605381166,0.43385650224215244,0.4674887892376682,5100.051569506726,0.7773542600896862,-3.99511399026302,41.92825112107624,51.55339573512904,47.61572794163864,45.726476206509524,38.83893957687992,46.66320516273847,37.71763138383839,60543.0,9382.0,60501.0,RUS -> MIL,0.0006108919570458032
2016-08-08,RUS,MIL,929,408,10.218514531754575,2445.452099031216,2527.2841765339076,2494.4833153928957,0.44241119483315394,0.6060279870828849,5118.822389666308,-1.9644779332615718,-2.772598508997044,36.51237890204521,52.930293218514514,43.649827201291735,50.39796210979548,44.383840548977425,51.75236799568964,42.62711555711209,25915.0,6403.0,25883.0,RUS -> MIL,0.000626506836612547
2016-08-15,RUS,MIL,1459,529,8.832762165867033,2299.2008224811516,2339.1357093899933,2337.6120630568885,0.5421521590130226,0.6778615490061686,4765.108978752571,-0.1494859492803283,-4.812688962140161,50.17135023989034,52.39255925875083,54.708499718599874,49.77984751031632,53.98760868312759,51.47006474879557,58.57012778997943,470799.0,45458.0,334592.0,RUS -> MIL,0.000913152843260037
2016-08-22,RUS,MIL,1009,525,15.206144697720516,4140.787908820615,4209.410307234886,4192.829534192269,0.4499504459861249,0.5450941526263627,7276.416253716551,-1.2491575817641225,-3.142006001486538,43.676907829534194,50.8606038690476,53.094787485629354,46.6376732705649,48.64132846382559,48.583867819623364,51.291142041625385,44284.0,6464.0,44049.0,RUS -> MIL,0.0005428650902237475
2016-08-29,RUS,MIL,463,352,15.03671706263499,4257.172786177106,4250.2138228941685,4292.427645788337,0.41252699784017277,0.3952483801295896,8023.341252699784,-0.20021598272138239,-2.6579860455603868,40.734341252699785,51.15775622559652,60.95927158351411,47.009225639913225,55.400786984815625,48.94274537960953,63.07042559652929,4580.0,956.0,4550.0,RUS -> MIL,0.00029522243384435084
2016-09-05,RUS,MIL,2115,572,9.390070921985815,2303.3347517730494,2363.201891252955,2345.542789598109,0.3650118203309693,0.6274231678486998,4640.255791962175,-0.10836879432624172,-3.607608724146243,39.148936170212764,51.64455673131505,57.80748092242188,45.81814154609929,46.20772547517717,46.2822422033097,48.55802223640648,362243.0,75916.0,361829.0,RUS -> MIL,0.0013691331995056878
2016-09-12,RUS,MIL,1605,577,8.527725856697819,2162.178816199377,2211.5295950155764,2161.98753894081,0.584423676012461,0.7233644859813084,4609.507788161994,0.2811838006230532,-2.67717804135963,37.44548286604361,51.309516791277254,55.61190368847346,45.18069008722738,46.04885157632396,47.86205110280371,44.78931780685355,253751.0,12362.0,252677.0,RUS -> MIL,0.0011162693651870011
2016-09-19,RUS,MIL,3395,856,8.343151693667158,1899.8262150220912,1896.5826215022091,1907.1673048600883,0.4235640648011782,0.7057437407952872,4553.985272459499,-0.2991752577319614,-3.282418624372754,41.325478645066276,47.53504252430049,51.44050482857135,43.95089755522834,48.950940684241466,46.05544047128133,48.18897972989685,886916.0,102447.0,772646.0,RUS -> MIL,0.001869790952414784
2016-09-26,RUS,MIL,915,475,10.984699453551913,2727.924590163934,2793.32131147541,2740.624043715847,0.5377049180327869,0.6316939890710382,5389.131147540984,0.10480874316939925,-3.8875248921187557,51.30054644808743,50.69234644808741,53.480996925683094,47.57126371584697,52.36851927978146,48.489583715846976,51.98839246666669,120307.0,12962.0,120143.0,RUS -> MIL,0.0005532404776128066
2016-10-03,RUS,MIL,1430,600,9.468531468531468,2251.8482517482516,2297.6202797202795,2275.372027972028,0.4965034965034965,0.5370629370629371,4643.894405594406,-1.1611188811188802,-4.001468757572395,46.25174825174825,51.53355592307692,39.02736293426576,47.25142613986013,40.7748433986014,49.07355741258741,37.693507342657355,101620.0,18740.0,101562.0,RUS -> MIL,0.0009032950054102949
2016-10-10,RUS,MIL,3162,908,12.934535104364326,2967.416192283365,3016.592030360531,2999.7419354838707,0.35958254269449713,0.40227703984819735,5383.165401644529,-1.2517710309930452,-2.592465865828347,36.38836179633144,45.9062561835443,41.03482231518982,39.73557557631401,44.99478190721966,42.553063509660944,49.955593045929525,324822.0,106737.0,323848.0,RUS -> MIL,0.002051865075270743
2016-10-17,RUS,MIL,3198,688,11.840525328330207,2575.6591619762353,2621.6525953721075,2611.151344590369,0.24046278924327705,0.39368355222013757,4760.953721075673,-1.0795184490306442,-2.270829383572425,33.117573483427144,55.032448326556,43.678452644353996,53.416591961213506,40.4319022880825,56.19957588364076,43.41729914607437,1135299.0,226768.0,1135138.0,RUS -> MIL,0.0020150695444733032
2016-10-24,RUS,MIL,2238,650,9.415996425379804,2275.930294906166,2312.0183199285075,2315.910634495085,0.39812332439678283,0.5920464700625558,4984.864611260054,-0.7598748882931192,-2.5241442145047075,39.24486148346738,54.05202292225207,46.676568270330534,48.86927591599644,37.86927232618406,52.37727828418237,41.02952276675595,341560.0,76472.0,340990.0,RUS -> MIL,0.0014437154190483992
2016-10-31,RUS,MIL,1077,461,9.665738161559888,2295.8217270194987,2333.0770659238624,2351.1782729805013,0.34447539461467036,0.5506035283194057,4511.786443825441,0.957753017641597,-3.2228233699684337,32.95264623955432,51.42252443825439,46.078919745589616,47.252253730232546,37.142908225626755,48.54133117920148,41.85568678365832,40957.0,17871.0,40679.0,RUS -> MIL,0.000692012174788011
2016-11-07,RUS,MIL,908,379,12.482378854625551,3386.0969162995593,3485.161894273128,3470.4008810572686,0.552863436123348,0.30286343612334804,5563.515418502203,-3.5526431718061673,-2.9444275519558096,35.26431718061674,50.78269548458149,43.79679704515416,50.22079536934949,40.75234816648288,50.815199669239234,41.00528833186326,111544.0,4674.0,109273.0,RUS -> MIL,0.0004873283884887453
2016-11-14,RUS,MIL,913,444,11.338444687842278,2781.3209200438114,2801.6812705366924,2810.6506024096384,0.41511500547645125,0.5147864184008762,5066.723986856517,-2.4217962760131435,-2.683826310041015,36.626506024096386,51.031884227820356,53.337805548740434,49.67129813596492,52.41717746987953,49.022917951541835,52.12865429025194,36946.0,5865.0,33059.0,RUS -> MIL,0.0005548762255289252
2016-11-21,RUS,MIL,554,309,9.78519855595668,2323.9259927797834,2387.1678700361012,2369.6787003610107,0.4963898916967509,0.5252707581227437,4775.009025270758,1.0933212996389892,-2.384530234250078,44.62093862815885,51.049038770343564,53.12862476534297,48.55550476534295,49.749117906137194,48.78128184115522,50.78951664259928,17298.0,2640.0,17066.0,RUS -> MIL,0.00039889662601137217
2016-11-28,RUS,MIL,796,449,10.448492462311558,2572.4447236180904,2617.247487437186,2609.2989949748744,0.34673366834170855,0.5037688442211056,5538.133165829146,0.2248743718592969,-2.6689444854866147,38.505025125628144,51.565682974683526,55.45844419191921,47.40767417610062,47.73489777358493,49.56032187894072,48.71160302648173,16547.0,3282.0,16505.0,RUS -> MIL,0.0005261794086695329
2016-12-05,RUS,MIL,1297,471,8.56515034695451,1986.129529683886,2066.8804934464147,2030.6707787201233,0.4117193523515806,0.661526599845798,5501.928296067849,-0.8999228989976863,-4.325520148849474,44.19429452582884,50.93560709876544,43.25888958796298,49.23889456790124,40.54828679475313,49.71697199074077,40.398865056327196,162942.0,29125.0,162221.0,RUS -> MIL,0.0008323129958904145
2016-12-12,RUS,MIL,1316,432,16.5919452887538,3751.605623100304,3791.5562310030396,3783.6740121580547,0.40577507598784196,0.27811550151975684,5717.811550151976,-2.852507598784193,-5.121264557018062,39.41489361702128,48.92628954198472,54.68121677321157,45.876957698170735,49.46427529680369,50.889833155487786,58.54695786910198,161469.0,22870.0,161201.0,RUS -> MIL,0.0008521285082311987
2016-12-19,RUS,MIL,1105,473,9.097737556561086,2065.51221719457,2131.0425339366516,2108.910407239819,0.31131221719457014,0.5945701357466063,4890.238914027149,0.8912217194570143,-1.7645401466277624,36.02714932126697,50.849039945701314,43.67974321266971,47.255312796380075,43.38572861538464,49.083746099547476,42.20793965610863,84620.0,19496.0,84160.0,RUS -> MIL,0.000705513089981331
2016-12-26,RUS,MIL,2653,435,19.274406332453825,3795.906897851489,3779.2495288352807,3841.5408970976255,0.7761025254428948,0.554089709762533,6242.747455710516,2.655748209574069,-2.6251722252333294,49.78891820580475,53.83360909125182,50.43679592760185,41.644418779750744,39.07645916131459,42.750028664151074,43.28656913207535,3313920.0,259506.0,3313682.0,RUS -> MIL,0.002175574522242851
2017-01-02,RUS,MIL,1346,503,6.657503714710253,1506.735512630015,1545.6634472511143,1543.5601783060922,0.38410104011887075,0.7511144130757801,4364.326894502229,1.494650817236252,-2.0651465278645724,37.67459138187221,50.88493199851412,50.4614945468053,43.727968774145616,54.75711401931645,47.982665950965824,51.58756441307573,66863.0,20451.0,66270.0,RUS -> MIL,0.001014473965854585
2017-01-09,RUS,MIL,1570,385,11.814649681528662,2872.559872611465,2906.9292993630575,2897.584713375796,0.33312101910828024,0.5942675159235669,6759.645222929937,-1.8940764331210207,-1.4114190584866804,40.28662420382165,52.800699169329086,43.236454142857106,49.6614813299233,36.50076905296743,51.89532109974426,40.30174334779832,308551.0,48616.0,308358.0,RUS -> MIL,0.0009872661531205786
2017-01-16,RUS,MIL,1331,398,8.30428249436514,1876.564988730278,1862.0713749060856,1882.9188580015027,0.43050338091660406,0.7700976709241172,4553.873779113448,1.1038317054845985,-2.3655313787480705,43.88429752066116,53.10310676183318,49.34664096393691,47.750229451540164,42.33850851465066,44.13091510142746,37.995573240420754,109500.0,17684.0,109416.0,RUS -> MIL,0.0006953906726742291
2017-01-23,RUS,MIL,735,339,9.293877551020408,2451.7931972789115,2500.5972789115644,2501.5578231292516,0.508843537414966,0.6217687074829932,5069.148299319728,-1.101360544217687,-2.1565431655189777,50.925170068027214,53.60111414965984,55.29957665306123,49.83588744884037,47.63213674829933,50.90415803814712,49.47146685714287,113895.0,12536.0,113849.0,RUS -> MIL,0.0003603601836807336
2017-01-30,RUS,MIL,975,281,8.503589743589744,2152.9179487179485,2187.037948717949,2168.1866666666665,0.26256410256410256,0.29435897435897435,3670.4933333333333,2.548717948717942,-2.3065261224606726,40.44102564102564,52.71114516460906,60.23874701538463,41.21766411764709,53.381383825641024,48.33078765432098,37.62635474871797,307539.0,60876.0,307535.0,RUS -> MIL,0.00044414217469318886
2017-02-06,RUS,MIL,1002,414,8.542914171656687,1974.548902195609,2022.3912175648702,2001.6706586826347,0.3722554890219561,0.5089820359281437,4205.293413173653,0.6482035928143716,-2.5003802091376985,40.75848303393214,52.49287940119756,45.67705474351302,49.94482780439119,43.632181556886266,49.281658413173616,41.911904304391264,98212.0,16290.0,98084.0,RUS -> MIL,0.000502977455867744
2017-02-13,RUS,MIL,2619,687,9.34975181366934,2287.5960290187095,2295.3356242840778,2317.404352806415,0.39137075219549444,0.5719740358915617,4286.735013363879,1.6843451699121805,-2.3603139525009476,37.21649484536083,53.1491826727759,45.77948633944241,48.388479893089,29.5325657770141,50.530380580374235,42.11277874494071,474155.0,86907.0,421290.0,RUS -> MIL,0.001213829592970819
2017-02-20,RUS,MIL,1622,441,6.38964241676942,1817.456843403206,1877.942663378545,1853.5585696670778,0.27373612823674476,0.813810110974106,4923.2244143033295,-0.7420468557336624,-1.950881446869687,37.23181257706535,48.48079308877925,38.51854302096179,46.820511399506756,37.17989026078918,47.70870141183722,31.332675265104843,348591.0,73656.0,348444.0,RUS -> MIL,0.000921119358782805
2017-02-27,RUS,MIL,1459,499,10.575051405071967,2381.112405757368,2412.9225496915697,2318.4153529814944,0.23029472241261137,0.4742974640164496,4798.7278958190545,0.7058944482522284,-1.6568858014078474,33.60520904729267,53.12490544893764,51.110115442083625,45.40536871144618,23.426445855380404,52.55621716929405,49.16120820630569,91808.0,31747.0,91447.0,RUS -> MIL,0.0007400636688085736
2017-03-06,RUS,MIL,702,399,9.179487179487179,2356.874643874644,2390.7920227920226,2376.69943019943,0.4116809116809117,0.5470085470085471,5218.229344729345,0.6088319088319089,-2.3365806142106784,35.58404558404558,51.305743447293416,45.65985484757836,47.24913290598287,37.178546727920235,48.4224877142857,42.34783590170941,15097.0,5160.0,14976.0,RUS -> MIL,0.00040581811370884807
2017-03-13,RUS,MIL,1207,481,9.04225352112676,2628.6934548467275,2645.185584092792,2658.3628831814417,0.44821872410936203,0.59983429991715,5776.308202154101,-0.54523612261806,-1.7189920345967176,46.868268434134215,50.06754030679931,42.16271441507875,45.32615350746267,36.93528243496274,48.68668040630178,39.588128706710876,242217.0,30782.0,241957.0,RUS -> MIL,0.0006411414123171392
2017-03-20,RUS,MIL,890,362,9.12808988764045,2251.311235955056,2306.320224719101,2296.2134831460676,0.449438202247191,0.3348314606741573,4390.369662921348,-2.0470786516853927,-2.1395434014584858,41.96629213483146,51.27080366704162,58.43141438876405,49.86629199324322,47.44575298089888,49.9883525871766,59.93923200674157,101452.0,18938.0,101416.0,RUS -> MIL,0.0005071993817866412
2017-03-27,RUS,MIL,715,323,8.219580419580419,2249.2993006993006,2300.2265734265734,2282.393006993007,0.2629370629370629,0.47412587412587415,4748.369230769231,-0.5453146853146846,-1.5996307637527754,32.71328671328671,52.523913822284904,48.60582063892808,48.56660793201134,40.45116808215298,49.915777997179106,35.154358400564185,16440.0,8759.0,16390.0,RUS -> MIL,0.000457422593221445
2017-04-03,RUS,MIL,3694,767,14.301570113697888,2894.4604764482947,2826.0235517054684,2911.1575527883056,0.5349214943151056,0.5996210070384407,5983.413373037358,-0.16664861938278128,-4.960917461956909,52.76394152680022,51.33035274844305,42.294808291903585,48.98831486193841,33.897056989983795,50.32920262659097,44.65105326103442,4465864.0,359423.0,4463967.0,RUS -> MIL,0.0018615789555907086
2017-04-10,RUS,MIL,2137,544,9.413196069255966,2083.820308844174,1987.306036499766,2124.671970051474,0.4155357978474497,0.5882077678989237,5008.426298549368,-0.9646233036967693,-3.681424908595385,37.889564810481986,52.1507748432382,44.766703022929285,49.63958282639217,31.182295442208666,49.72258540009362,28.795402283575072,489532.0,92856.0,488796.0,RUS -> MIL,0.0012592959257033082
2017-04-17,RUS,MIL,726,353,11.40633608815427,2996.998622589532,3009.8925619834713,3043.125344352617,0.4214876033057851,0.38016528925619836,5337.059228650138,-0.2867768595041318,-2.5992711249127045,41.666666666666664,52.87439876033056,53.906971991735574,48.751834710743786,48.731161422865036,50.99169049586774,51.10249683057853,33954.0,7578.0,33659.0,RUS -> MIL,0.0004716567430347798
2017-04-24,RUS,MIL,693,306,10.370851370851371,2825.2655122655124,2849.7128427128428,2850.7330447330446,0.46320346320346323,0.5555555555555556,6216.329004329004,-0.7014430014430006,-2.2072114966074072,43.44877344877345,51.52975571635311,47.096599710564405,50.60698066860464,39.149200697674424,51.59643817126269,48.20872249637156,27207.0,5311.0,27171.0,RUS -> MIL,0.00038450804332012986
2017-05-01,RUS,MIL,2153,274,24.484904784022294,3970.4259173246633,3955.3715745471436,4005.881096144914,0.5722248026010218,0.5346028797027403,5712.946586158848,1.1715281003251274,-3.217215934741117,37.152810032512775,53.276840023223365,51.790675675801225,49.36758939747776,49.60096588510052,54.10526537132176,50.18420214852867,1086248.0,156866.0,1082718.0,RUS -> MIL,0.0017845109751983641
2017-05-08,RUS,MIL,881,350,11.20771850170261,2839.6765039727584,2856.2088535754824,2887.506242905789,0.2973893303064699,0.43132803632236094,5121.628830874007,-1.6964812712826354,-1.336965611893144,32.65607264472191,52.16499545454544,54.13078952326902,48.49263227272725,39.230970147559596,48.85858477272725,37.898008887627704,35466.0,14807.0,35379.0,RUS -> MIL,0.0005199950184359187
2017-05-15,RUS,MIL,1070,319,13.202803738317757,3429.8766355140187,3458.122429906542,3455.191588785047,0.21121495327102804,0.6130841121495327,5496.252336448598,-0.4950467289719621,-2.749375239789833,34.467289719626166,55.915078616822406,66.82472600934581,51.76868967289718,59.90772321214955,53.41731884939193,61.62359472684754,168531.0,46829.0,168449.0,RUS -> MIL,0.0005909463702361852
2017-05-22,RUS,MIL,610,246,8.51639344262295,2354.9360655737705,2414.7852459016394,2398.0868852459016,0.33278688524590166,0.5885245901639344,5007.6606557377045,-0.2154098360655736,-1.0975289543434228,36.52459016393443,50.441670442622936,13.377817819672156,44.0222719180328,19.115501295082,46.957442836065546,16.069578295081975,47034.0,4197.0,47020.0,RUS -> MIL,0.00034902615979676377
2017-05-29,RUS,MIL,564,283,11.875886524822695,3373.799645390071,3182.1790780141846,3408.7748226950353,0.4521276595744681,0.44858156028368795,6026.75,0.02641843971631267,-1.7901219067927026,41.01063829787234,50.421950478723396,55.789599219858175,45.14158735815601,53.53048196808512,48.18662760638298,53.42447971631208,21906.0,4535.0,21875.0,RUS -> MIL,0.0003927450791966274
2017-06-05,RUS,MIL,1009,319,10.995044598612488,3105.287413280476,3031.7978196233894,3138.99207135778,0.42021803766105054,0.4380574826560951,5908.859266600594,-2.2612487611496555,-2.04468882889712,39.613478691774034,50.98164981169474,25.66959463825571,46.37742274081429,5.793394172447988,49.664551892963324,23.522565004955418,110621.0,11441.0,110483.0,RUS -> MIL,0.0006226304253386517
2017-06-12,RUS,MIL,838,215,9.085918854415274,2313.5847255369927,2321.428400954654,2326.761336515513,0.32816229116945106,0.5847255369928401,6598.613365155131,-2.5212410501193347,-2.755775627648154,31.813842482100238,54.46640583034659,57.17259983293548,49.67653094610789,43.8292937156511,50.12263377245515,53.795737694145714,102426.0,34400.0,102414.0,RUS -> MIL,0.0005688903854130531
2017-06-19,RUS,MIL,1012,506,8.114624505928854,1954.844861660079,2006.3843873517787,1970.0830039525692,0.44861660079051385,0.6343873517786561,4103.534584980237,-0.6016798418972334,-2.195152702869014,45.62252964426877,51.864371739130405,52.99807822529646,49.691575766567745,41.803752383778445,48.15133165182985,43.91971199208705,47047.0,6078.0,44500.0,RUS -> MIL,0.0006875032693769603
2017-06-26,RUS,MIL,354,244,7.296610169491525,1940.5197740112994,1987.1694915254238,1950.0395480225989,0.4067796610169492,0.6638418079096046,4310.206214689266,-2.352542372881356,-2.7834892853953184,37.54237288135593,52.77652101694915,45.722151223163856,49.84384587570621,40.71713201412429,51.67768598870055,43.15629531920905,3300.0,862.0,3265.0,RUS -> MIL,0.0002790301730932938
2017-07-03,RUS,MIL,676,347,14.494082840236686,3465.6568047337278,3500.316568047337,3461.6760355029587,0.4349112426035503,0.3979289940828402,6821.66124260355,-0.8436390532544378,-2.8375546116123407,38.9792899408284,51.8903170118343,58.70399201183432,49.22828372781065,55.54614392011835,50.62571242603549,57.37692937869822,21831.0,4573.0,21811.0,RUS -> MIL,0.0004714862418082753
2017-07-10,RUS,MIL,883,340,11.664779161947905,2665.236693091733,2807.220838052095,2818.070215175538,0.3272933182332956,0.39637599093997733,5350.446206115515,0.700226500566251,-2.88040309658525,37.85956964892412,53.25779191392975,46.24375263873162,50.15229251415627,42.778669614949045,50.84056499433746,42.258413035107594,87434.0,20792.0,87426.0,RUS -> MIL,0.0006573833907582169
2017-07-17,RUS,MIL,537,279,7.8808193668528865,1953.7448789571695,1998.3482309124768,1975.216014897579,0.43575418994413406,0.6815642458100558,4278.944134078212,-0.01452513966480449,-2.24808888679508,38.51024208566108,50.90745344506516,51.46698385474862,45.86877331471135,38.49406597765364,47.526393426443185,35.25244176908753,12534.0,2795.0,12512.0,RUS -> MIL,0.0005104208548266137
2017-07-24,RUS,MIL,908,346,12.033039647577093,3080.243392070485,3137.078193832599,3129.8590308370044,0.28744493392070486,0.5991189427312775,5417.221365638767,2.3298458149779715,-1.521545060792846,32.841409691629956,53.084461920529826,48.634861258278136,50.47286626240353,46.09120275330396,50.53671343612336,47.23295200440527,40906.0,10269.0,40027.0,RUS -> MIL,0.0006276314034128495
2017-07-31,RUS,MIL,2360,510,16.72457627118644,4473.496186440678,4513.701271186441,4521.799152542373,0.37796610169491524,0.42754237288135594,9937.390254237289,-0.0013559322033900635,-2.666629556698287,30.694915254237287,51.97500292993633,57.36007313692239,48.97255044585988,48.958244094955425,49.93507793525812,48.35207750847455,196507.0,70926.0,194996.0,RUS -> MIL,0.0017688343381711451
2017-08-07,RUS,MIL,593,240,13.602023608768972,3638.258010118044,3728.1973018549747,3713.1534569983137,0.5615514333895447,0.2782462057335582,6633.258010118044,-0.8966273187183812,-4.112483186369452,40.860033726812816,45.74956388794566,36.03004043993233,40.806038156996586,19.721689476351354,42.592705025466884,25.625393604060925,62336.0,12857.0,62027.0,RUS -> MIL,0.000504066104912052
2017-08-14,RUS,MIL,388,206,8.8840206185567,2243.105670103093,2303.007731958763,2279.257731958763,0.45618556701030927,0.7474226804123711,4595.65206185567,0.3025773195876291,-1.0103985475454587,44.175257731958766,52.82108318298969,50.732325981958766,51.50522274484536,58.31036245876289,52.08931018041236,46.941250646907235,31091.0,5517.0,30989.0,RUS -> MIL,0.0003351519067379354
2017-08-21,RUS,MIL,401,258,8.72568578553616,2506.6857855361595,2540.2693266832916,2549.1047381546136,0.4488778054862843,0.7206982543640897,5381.812967581048,-1.172319201995013,-2.524332612437806,42.04488778054863,51.52605937157106,60.78483053117209,48.43444208728178,63.33851427930176,50.19161065835411,62.5911431246883,9670.0,1818.0,9658.0,RUS -> MIL,0.0004375336197123626
2017-08-28,RUS,MIL,1691,384,9.57244234180958,1884.5150798344175,1921.4819633353045,1915.1750443524543,0.29745712596096985,0.4180958013010053,3470.772915434654,-2.0128326434062696,-2.2272423744102006,24.908338261383797,53.20914426197507,48.11831709816686,50.056328478647615,41.22972157480787,52.295408556279504,44.06910861620353,151449.0,68889.0,151120.0,RUS -> MIL,0.0012867633070806224
2017-09-04,RUS,MIL,1380,312,14.329710144927537,3260.8282608695654,3287.1340579710145,3307.654347826087,0.14347826086956522,0.5782608695652174,5884.754347826087,-4.054999999999998,-3.382818975663883,25.057971014492754,51.447426939811486,52.03388048550717,46.412349454941904,76.20821377536222,47.730661756168395,76.47832024637673,141571.0,56424.0,141361.0,RUS -> MIL,0.0010798772696007505
2017-09-11,RUS,MIL,1183,372,16.153846153846153,4195.024513947591,4226.677937447168,4203.8182586644125,0.536770921386306,0.28064243448858833,8531.9078613694,-5.291969568892647,-2.574817039613935,39.68723584108199,50.73984923161448,42.73999518005071,50.86804901098903,41.706597236686314,49.771430613693944,42.16925105494504,173467.0,39138.0,171441.0,RUS -> MIL,0.0010452432156381815
2017-09-18,RUS,MIL,1540,549,12.403246753246753,3181.101948051948,3228.4727272727273,3218.6474025974026,0.36948051948051946,0.525974025974026,6370.692857142857,0.17935064935064993,-2.2620669126378137,37.13636363636363,51.44675204480521,47.63987785194804,51.0535591072822,48.68824102077922,51.7048600279584,50.082450444155825,111574.0,21541.0,110122.0,RUS -> MIL,0.0011103420430293592
2017-09-25,RUS,MIL,1151,381,7.428323197219809,1903.238922675934,1966.5334491746307,1958.8444830582102,0.2884448305821025,0.6759339704604691,4138.082536924414,-3.7589921807124242,-2.961411495544749,38.375325803649,50.86595117232376,51.732820283231995,49.893280779527544,47.3439851878261,49.774509393542736,45.12167576020853,116221.0,34479.0,115402.0,RUS -> MIL,0.0009357624675511559
2017-10-02,RUS,MIL,935,294,6.302673796791444,1994.9967914438503,1996.9304812834225,2008.5497326203208,0.21711229946524063,0.8502673796791443,3302.5882352941176,-5.699786096256685,-1.7607860772013948,35.219251336898395,50.10565383957217,31.27916613796792,49.12844415614971,28.79008303850268,49.44947841176468,29.735408918716587,181998.0,43119.0,150662.0,RUS -> MIL,0.0007289612808512397
2017-10-09,RUS,MIL,710,268,6.711267605633803,1471.4661971830985,1519.887323943662,1500.6788732394366,0.4704225352112676,0.8014084507042254,3836.1732394366195,-3.764788732394372,-2.3080474882319892,43.014084507042256,51.96904769830029,62.71623451202263,49.272739806497164,57.960168163841814,50.83089912853105,61.40023250000001,111502.0,16221.0,109777.0,RUS -> MIL,0.000521355377119842
2017-10-16,RUS,MIL,621,244,8.2914653784219,2005.0177133655395,2014.5990338164252,2023.818035426731,0.286634460547504,0.7423510466988728,4038.5780998389696,0.7001610305958123,-1.4607328399501278,36.489533011272144,51.511878895765456,67.35685048859936,46.51913911726385,62.42224723127037,49.67306533713354,67.11223257328992,49499.0,12489.0,48941.0,RUS -> MIL,0.00045618661779127807
2017-10-23,RUS,MIL,570,303,8.336842105263157,2257.757894736842,2312.184210526316,2304.6087719298243,0.4631578947368421,0.724561403508772,6257.829824561403,-0.15421052631578952,-2.2152906732097706,43.666666666666664,50.48096763157893,48.624171812280714,45.53286074561402,53.44396075964916,46.75708760350876,49.28449532105265,30733.0,4135.0,30641.0,RUS -> MIL,0.0004251377222463382
2017-10-30,RUS,MIL,460,248,12.673913043478262,3394.884782608696,3390.473913043478,3414.645652173913,0.391304347826087,0.3565217391304348,6377.580434782609,1.304565217391305,-1.8713933455725518,39.91304347826087,49.11395484565214,44.385936180434804,42.22197159606986,36.520750019607846,45.40078545869563,39.25332303260871,17766.0,3155.0,17644.0,RUS -> MIL,0.0003066114766008785
2017-11-06,RUS,MIL,391,236,8.887468030690536,2482.242966751918,2510.2838874680306,2503.9181585677748,0.2531969309462916,0.6240409207161125,5780.452685421995,0.7306905370843988,-2.106301712530612,33.47826086956522,53.26932392583117,51.14625297186703,47.39943480818413,70.25710153196933,51.10980757033247,53.850652427109985,4320.0,1471.0,4126.0,RUS -> MIL,0.00027046732049201534
2017-11-13,RUS,MIL,504,260,9.41468253968254,2539.3849206349205,2616.781746031746,2579.2956349206347,0.3412698412698413,0.39880952380952384,6066.994047619048,-0.4029761904761902,-2.3810372388996806,39.50396825396825,50.608320273809504,55.5761389900794,49.02073985317458,51.55905208928574,51.042240970238076,54.94482566269843,36194.0,8439.0,36112.0,RUS -> MIL,0.00034246365910188905
2017-11-20,RUS,MIL,1800,301,9.872222222222222,1845.8227777777777,1874.0544444444445,1863.2044444444443,0.5,0.7216666666666667,3484.5466666666666,1.1879444444444436,-0.9975190074292519,49.1,46.03143386975968,39.62253785466738,44.09224167225021,38.48996809882743,44.98714856058073,39.569945946956985,2034222.0,219016.0,2033392.0,RUS -> MIL,0.0015720057221008284
2017-11-27,RUS,MIL,1151,326,9.887054735013033,2268.6020851433536,2297.718505647263,2287.8488271068636,0.5317115551694179,0.5282363162467419,5262.618592528236,-0.16072980017376223,-2.7527889439826914,50.868809730668985,52.05408403043478,55.22773751172894,47.81519294092093,43.247905925282396,51.80218907471764,56.905024787141635,477156.0,41144.0,477020.0,RUS -> MIL,0.0007808228285188245
2017-12-04,RUS,MIL,422,178,16.46208530805687,4763.822274881517,4792.876777251185,4804.556872037915,0.4146919431279621,0.36255924170616116,8255.63981042654,-0.9497630331753552,-2.878757573446405,31.445497630331754,54.55070622037913,64.961095978673,49.17301516587676,26.82672822985783,51.04595065165875,47.83657512559242,17936.0,8218.0,17936.0,RUS -> MIL,0.00025823159090241537
2017-12-11,RUS,MIL,978,322,11.778118609406953,2874.6431492842535,2910.675869120654,2917.8691206543967,0.3210633946830266,0.5173824130879345,5725.970347648262,1.5639059304703486,-2.1062391724060348,32.02453987730061,50.02546365676227,53.74977834836066,48.750784441598334,39.98315443545083,49.99442341598358,52.93899490266395,87192.0,27823.0,87155.0,RUS -> MIL,0.0007804289486472964
2017-12-18,RUS,MIL,449,244,13.56347438752784,3466.489977728285,3478.7238307349667,3477.024498886414,0.2561247216035635,0.2984409799554566,6295.507795100223,1.2579064587973272,-2.3992013357205586,32.628062360801785,54.047386924107116,49.89357127901786,50.775580861607125,46.683401261160725,51.5794764330357,45.74954804910715,8724.0,3390.0,8708.0,RUS -> MIL,0.00038248540549841936
2017-12-25,RUS,MIL,274,201,11.879562043795621,3328.215328467153,3384.624087591241,3375.368613138686,0.4781021897810219,0.5291970802919708,6698.616788321168,-0.5912408759124089,-2.1951592636766577,41.2043795620438,53.201272445255455,50.377134379562044,50.175973357664226,47.37377308759124,51.37943640510947,44.1665545,2827.0,612.0,2803.0,RUS -> MIL,0.0003404576794951286
2018-01-01,RUS,MIL,683,156,11.991215226939971,2815.792093704246,2837.8726207906298,2863.8462664714493,0.5461200585651538,0.20351390922401172,4122.560761346998,-3.102342606149341,-5.0241333647244035,56.92532942898975,47.68918684626647,49.295374815519764,38.81835667349929,39.676705221083445,44.52282574377747,44.27434026207905,195228.0,26170.0,195226.0,RUS -> MIL,0.0006332147562215899
2018-01-08,RUS,MIL,393,202,9.954198473282442,2246.10941475827,2230.1450381679388,2251.8167938931297,0.272264631043257,0.37659033078880405,5524.305343511451,-1.7251908396946567,-5.1149519516842235,30.508905852417303,52.82044739185747,45.70942748091606,47.982046984615344,43.70701184654733,51.481211314577976,43.82216283673472,6459.0,3096.0,6399.0,RUS -> MIL,0.00029844353721659257
2018-01-15,RUS,MIL,1356,291,12.378318584070797,3349.0066371681414,3382.489675516224,3328.484513274336,0.2971976401179941,0.33112094395280234,5207.476401179941,-2.9531710914454283,-2.757249590440937,42.905604719764014,50.02321423893805,91.44210381710909,45.695499379056066,82.57959599557512,45.69189500368732,83.1953507868732,338977.0,63570.0,338965.0,RUS -> MIL,0.0009686579158853469
2018-01-22,RUS,MIL,1010,275,11.236633663366337,2567.2356435643565,2614.8554455445546,2600.6782178217823,0.4900990099009901,0.2504950495049505,4193.553465346535,-0.29415841584158436,-5.3911613300024275,44.801980198019805,56.08519481863229,75.3607211049505,52.689588935515864,47.190532323762405,54.96542516138612,76.66515869603958,327333.0,58133.0,327333.0,RUS -> MIL,0.0007399148145597654
2018-01-29,RUS,MIL,800,272,7.68,8137.2425,8265.625,8261.73125,0.50625,0.76625,4401.40625,1.2837499999999997,-3.5635066995455755,50.2,51.80417149061322,40.41129648500001,50.6907765087719,38.17320877625,50.46223328696739,36.70360681875,78768.0,11939.0,78504.0,RUS -> MIL,0.0005963153673451742
2018-02-05,RUS,MIL,619,300,9.360258481421647,2047.0549273021002,2068.804523424879,2081.4248788368336,0.35218093699515346,0.5605815831987075,4700.856219709209,-0.07075928917609069,-3.413330366042944,34.78190630048465,51.565731131067935,49.87301509046851,48.75126093365695,40.498360718901466,49.874963035598675,49.48200578190631,20010.0,4941.0,19721.0,RUS -> MIL,0.0004691949630139447
2018-02-12,RUS,MIL,1004,341,14.042828685258964,3246.570717131474,3308.6503984063743,3296.871513944223,0.33266932270916333,0.3615537848605578,5878.5139442231075,-3.2214143426294832,-4.412057053228621,35.70717131474104,52.17819508399996,42.444546294820746,46.998018774999956,33.812141843313384,49.70333273446889,39.090999323353316,45699.0,14249.0,45657.0,RUS -> MIL,0.0007083946887332083
2018-02-19,RUS,MIL,1037,286,13.23625843780135,2897.8389585342334,2920.834136933462,2906.479267116683,0.3799421407907425,0.3712632594021215,5831.225650916104,1.4216972034715518,-4.247374145005854,37.270973963355836,47.18156524491769,44.92745707232403,48.40020764927533,37.08911165670205,41.36314114617617,50.1726518746384,171028.0,37402.0,170862.0,RUS -> MIL,0.0006875280945062726
2018-02-26,RUS,MIL,941,301,13.317747077577046,3069.1296493092455,3134.605738575983,3120.069075451647,0.33581296493092455,0.383634431455898,4810.456960680128,0.6916046758767269,-3.4528289251522097,29.691817215727948,51.00262103931985,52.320810725823634,49.416022953241175,28.735006685441054,51.74614000318806,52.03287235175348,45210.0,22133.0,44142.0,RUS -> MIL,0.0006442937212515593
2018-03-05,RUS,MIL,538,255,9.617100371747211,2484.5687732342008,2529.252788104089,2451.9888475836433,0.5594795539033457,0.6505576208178439,5386.477695167287,-1.8486988847583647,-3.755106144188759,50.16728624535316,53.2623053159851,50.91446853159852,50.77467927881038,46.935670133829,51.083631680297366,46.57211818773236,59726.0,7742.0,59670.0,RUS -> MIL,0.0003135866973958315
2018-03-12,RUS,MIL,975,328,9.426666666666666,2196.3025641025642,2230.0235897435896,2208.483076923077,0.3241025641025641,0.597948717948718,4592.944615384616,-0.4881025641025641,-3.5576662255321687,32.4,51.554267260330576,44.641759902564104,49.53620504727647,44.792109328879775,51.10512670225873,45.6266321671795,57177.0,20043.0,56872.0,RUS -> MIL,0.0006039619906587213
2018-03-19,RUS,MIL,441,235,7.938775510204081,2234.1360544217687,2220.5827664399094,2262.4761904761904,0.32653061224489793,0.5578231292517006,5669.122448979592,-0.4986394557823129,-2.859929672475789,37.89115646258504,53.929562243181806,61.279355886621325,50.75080722790698,45.984097388505745,50.99838011899313,43.691407133786846,18131.0,4266.0,18105.0,RUS -> MIL,0.0002984410010563864
2018-03-26,RUS,MIL,630,315,12.965079365079365,3533.352380952381,3599.5285714285715,3578.1079365079363,0.48412698412698413,0.5238095238095238,7906.036507936508,0.8434920634920636,-3.1616115332462114,40.06349206349206,52.26476243949042,50.680909707936536,48.10100600955413,45.607408293650806,48.03662960509552,40.82955477777779,20329.0,3899.0,20096.0,RUS -> MIL,0.0004162358405486385
2018-04-02,RUS,MIL,1298,381,18.977657935285055,4508.135593220339,4455.694144838212,4507.486902927581,0.4206471494607088,0.4029275808936826,7764.302003081664,-0.00508474576271302,-3.693568745394605,39.761171032357474,50.35193836902934,37.461614109399044,48.81031565277782,40.2807810231481,48.491805785659274,39.150137030069345,186921.0,33600.0,184902.0,RUS -> MIL,0.0008532254947458926
2018-04-09,RUS,MIL,9637,1097,16.469855764241984,3384.5682266265435,3406.956729272595,3424.7197260558264,0.404171422641901,0.5906402407388192,6245.8481892705195,-0.8976652485213221,-4.946950842898152,37.92051468299263,51.31549017123311,38.763091411538845,43.01439736415533,32.61330734170376,47.98084303206741,37.99954926730304,5923855.0,1316613.0,5912085.0,RUS -> MIL,0.004854141534214974
2018-04-16,RUS,MIL,1229,332,19.447518307567126,4463.764035801464,4508.041497152156,4499.018714401953,0.18633034987794955,0.23921887713588283,6543.975589910497,-1.4231895850284784,-4.1726948052306145,28.23433685923515,51.961798774062046,39.03254450734099,49.16407871719646,35.04556717033418,51.89523375367053,35.76748175774882,638207.0,213624.0,638204.0,RUS -> MIL,0.0007623090583281179
2018-04-23,RUS,MIL,561,318,9.007130124777184,2186.547237076649,2208.02495543672,2220.194295900178,0.3600713012477718,0.6720142602495544,5162.440285204991,-1.7992869875222819,-2.2022495886944107,43.475935828877006,52.30269695357141,51.60543872549021,46.576588300359695,49.51212764388489,49.3965586551724,49.59763954990927,23791.0,3044.0,23644.0,RUS -> MIL,0.0003555865434896287
2018-04-30,RUS,MIL,766,253,8.176240208877285,4261.781984334204,4361.950391644908,4340.513054830287,0.5535248041775457,0.5313315926892951,4764.947780678851,-0.926762402088772,-2.2191689159364536,34.89556135770235,54.78009625718015,58.746643907310705,48.47930064621406,17.94263156527414,48.92304383028716,19.878709312010436,113540.0,27782.0,113490.0,RUS -> MIL,0.0005114508913667624
2018-05-07,RUS,MIL,1680,297,28.77261904761905,5776.516071428571,5874.214880952381,5851.533928571429,0.33214285714285713,0.4101190476190476,7451.5952380952385,2.131785714285714,-4.0333912792851105,33.48809523809524,50.821931160714335,33.484961783928604,38.187447222023756,33.751482208333336,39.52364127023808,36.10349630595236,305692.0,67739.0,305517.0,RUS -> MIL,0.0008813891532473419
2018-05-14,RUS,MIL,484,211,9.15495867768595,4447.818181818182,4442.357438016529,4475.745867768595,0.24793388429752067,0.7086776859504132,5219.628099173554,2.106404958677686,-2.3476739319785,31.797520661157026,41.86307505175983,41.08649813664597,39.729649263485456,39.92993006224068,40.54893813929314,40.3471870893971,16033.0,8543.0,16025.0,RUS -> MIL,0.000278669732033719
2018-05-21,RUS,MIL,994,246,15.88933601609658,4047.635814889336,4094.1498993963783,4074.241448692153,0.33400402414486924,0.2575452716297787,6190.614688128772,1.011770623742454,-2.5292702893660146,27.857142857142858,46.61383540181271,65.94128330211475,37.945817061430006,45.286419612286004,38.443778692849946,48.25103065659615,100546.0,52230.0,99772.0,RUS -> MIL,0.0006263883418668767
2018-05-28,RUS,MIL,396,204,10.368686868686869,4950.805555555556,4999.376262626262,5033.669191919192,0.5681818181818182,0.4696969696969697,5271.957070707071,2.997727272727273,-2.9555906824800773,45.303030303030305,52.943540088383834,50.85215436868689,50.55746753787878,46.60519443434344,51.14562238636362,46.39644173232324,19846.0,3043.0,19830.0,RUS -> MIL,0.00025230450860511285
2018-06-04,RUS,MIL,914,271,8.61159737417943,2168.698030634573,2205.4934354485777,2172.847921225383,0.5087527352297593,0.4890590809628009,5686.834792122539,4.193982494529538,-2.130769922399949,30.667396061269148,48.193137984665974,45.3970358926616,49.61196062979192,42.35455659364732,48.62546993975904,45.50967371303402,68182.0,21269.0,67994.0,RUS -> MIL,0.0006427987203101187
2018-06-11,RUS,MIL,857,190,18.826137689614935,4453.584597432906,4512.841306884481,4444.4550758459745,0.47374562427071176,0.733955659276546,17763.028004667445,-3.205717619603277,-0.5217540062882545,41.05017502917153,51.244937225467304,89.07970782710277,41.8254460892019,85.7018417089201,41.99976025469486,85.85788080281682,340762.0,56538.0,340734.0,RUS -> MIL,0.0005904749568340069
2018-06-18,RUS,MIL,468,155,7.989316239316239,2212.423076923077,2202.00641025641,2186.5491452991455,0.6089743589743589,0.6623931623931624,5309.076923076923,-2.1955128205128207,-1.625125576404608,59.01709401709402,57.00725186965814,85.70562164529913,50.608292040598265,46.32827292735041,42.69804038461537,-19.879073867521388,202861.0,28487.0,202767.0,RUS -> MIL,0.0003261158143174598
2018-06-25,RUS,MIL,424,215,12.471698113207546,4559.9080188679245,4538.728773584906,4471.5,0.4481132075471698,0.4386792452830189,6636.63679245283,0.31415094339622657,-3.5912176763594705,39.528301886792455,50.30267448820752,49.37968837971699,48.01658616273584,42.372856516509444,48.09008816745281,43.62410036084908,12307.0,2207.0,12205.0,RUS -> MIL,0.0002874492472422838
2018-07-02,RUS,MIL,497,206,12.486921529175051,3993.722334004024,4025.8269617706237,3916.251509054326,0.386317907444668,0.5935613682092555,5810.857142857143,0.8271629778672034,-3.463043546023346,26.2374245472837,50.289642887324,50.04442068209242,37.853584714285724,34.97523668008048,40.016306309859154,40.50076022736418,11800.0,6553.0,11794.0,RUS -> MIL,0.0004059190677419302
2018-07-09,RUS,MIL,745,240,10.89530201342282,2480.408053691275,2430.408053691275,2487.4684563758387,0.19731543624161074,0.28993288590604027,5661.915436241611,-0.2634899328859064,-0.5033301699803054,34.241610738255034,54.23977233154361,45.2668138765101,51.614430557046965,40.2798623422819,50.59984718120804,37.680471569127555,83095.0,27834.0,83043.0,RUS -> MIL,0.0004907912411221135
2018-07-16,RUS,MIL,803,325,14.085927770859278,3789.3947696139476,3751.7409713574098,3763.7621419676216,0.44333748443337484,0.35367372353673726,5993.356164383562,-0.9693648816936492,-1.787218716660799,43.97260273972603,52.37675239775558,49.95106657907849,48.697840564837875,49.463865041147145,48.72579368578551,49.48233353549191,115378.0,18263.0,115369.0,RUS -> MIL,0.0005546679486887249
2018-07-23,RUS,MIL,503,212,13.266401590457257,3487.8330019880714,3554.9960238568588,3535.7912524850894,0.3260437375745527,0.28429423459244535,5586.391650099404,-1.698807157057654,-3.474041778935666,34.45328031809145,54.82826833399997,58.72922672000002,47.78883298403193,49.22660345309383,50.12119305179283,53.36493168525898,29842.0,10801.0,29835.0,RUS -> MIL,0.0003532444767803206
2018-07-30,RUS,MIL,856,315,13.164719626168225,3131.28738317757,3112.536214953271,3133.853971962617,0.35514018691588783,0.35630841121495327,4972.523364485981,0.15817757009345895,-2.9016292086501814,43.08411214953271,52.890102213614995,58.29544216121495,48.140081471277824,28.692853290887847,51.03946289331768,38.39673012149532,112218.0,21060.0,111839.0,RUS -> MIL,0.0006232471174820816
2018-08-06,RUS,MIL,562,311,12.91459074733096,3420.3576512455516,3415.338078291815,3451.1370106761565,0.19217081850533807,0.40569395017793597,5549.873665480427,0.2535587188612103,-1.350258198218113,27.09964412811388,51.45539429676257,41.667078210338694,50.43761527256315,42.59712436007132,49.170635947269275,48.27841487090911,5438.0,3049.0,5380.0,RUS -> MIL,0.0003995742614452786
2018-08-13,RUS,MIL,397,227,9.337531486146096,2309.632241813602,2393.9874055415617,2393.55919395466,0.47103274559193953,0.5491183879093199,4756.163727959698,-1.4602015113350133,-1.5611881534570993,43.95465994962217,52.952316984732825,61.41568687657432,49.6883448604061,44.59471294458437,50.957572398477154,57.25840307304787,10098.0,1825.0,9877.0,RUS -> MIL,0.0003031987853719188
2018-08-20,RUS,MIL,3665,482,6.119508867667121,1326.3964529331515,1331.4512960436562,1349.4398362892223,0.3953615279672578,0.8804911323328786,2034.725238744884,1.2264120054570213,-1.8252697461890606,36.84038199181446,49.28653106415501,62.96779049222359,44.852691076440024,66.85909839672584,45.05271949440346,65.38583129167816,1504994.0,291912.0,1504413.0,RUS -> MIL,0.002391409456931466
2018-08-27,RUS,MIL,2672,661,12.923652694610778,2739.9180389221556,2788.2114520958085,2761.991017964072,0.3611526946107784,0.4476047904191617,4954.623877245509,-2.7188248502994017,-4.85584403024935,37.3690119760479,50.42514128239698,44.37487290793411,45.92367890360088,41.482191455397285,48.8372669318352,42.1514653521706,496573.0,106244.0,492194.0,RUS -> MIL,0.0016938043022122148
2018-09-03,RUS,MIL,2967,466,24.31209976407145,5808.602965958881,5896.51735760027,5870.011796427368,0.42028985507246375,0.5793731041456016,7925.64644421975,4.070643747893495,-4.000221924484156,40.14492753623188,45.82395395480607,54.07313732187408,39.18986455566793,35.508813572151176,39.37286479258008,43.0581573673747,3628290.0,273612.0,2879863.0,RUS -> MIL,0.001811509035260013
2018-09-10,RUS,MIL,1845,563,9.900271002710028,2387.390785907859,2459.1674796747966,2446.649322493225,0.4926829268292683,0.616260162601626,4361.663956639566,-3.0390243902439056,-1.8664359511514967,47.669376693766935,51.83587030243904,57.367236382113774,48.474419858536585,50.6693295739837,50.3401814601626,56.71471246775065,488905.0,59756.0,482787.0,RUS -> MIL,0.00119963406284522
2018-09-17,RUS,MIL,1449,519,8.686680469289165,1952.0276052449965,1967.3775017253279,1891.8840579710145,0.44030365769496205,0.6149068322981367,4123.472739820566,-2.4505175983436884,-2.483779763729211,36.7287784679089,50.234256175414394,43.30823754865423,45.97834757774707,42.257667671497565,48.00327825017279,42.32234808557625,176772.0,32130.0,172543.0,RUS -> MIL,0.0009106031536154213
2018-09-24,RUS,MIL,1384,450,6.595375722543353,1447.8923410404625,1500.0303468208092,1510.2189306358382,0.3786127167630058,0.6401734104046243,4324.832369942196,-3.2507947976878637,-3.213372511503838,31.66907514450867,48.25308854696532,45.715317081647406,45.517520359363694,45.51342096676301,45.35506029211857,40.251161602601165,56807.0,17264.0,56667.0,RUS -> MIL,0.0008802956877596283
2018-10-01,RUS,MIL,1619,558,8.860407659048796,2176.2087708462013,2223.1519456454603,2225.7078443483633,0.36998147004323656,0.5948116121062385,3976.106238418777,0.48820259419394524,-3.081705027924555,35.14515132798024,48.89474439356437,47.903562924027185,47.53628558575851,46.73634274119827,49.774613555970156,46.818042719580006,104556.0,29840.0,104093.0,RUS -> MIL,0.0010678172799086123
2018-10-08,RUS,MIL,602,301,10.641196013289036,2672.528239202658,2707.466777408638,2669.401993355482,0.2807308970099668,0.37375415282392027,4546.757475083056,0.36345514950166136,-1.6453481669919243,38.83720930232558,53.97727895840265,65.86518049584028,49.299710976705484,56.64012356405991,50.35610677703826,57.11854974043261,66549.0,16807.0,66462.0,RUS -> MIL,0.0004174925205035986
2018-10-15,RUS,MIL,1580,288,14.706962025316455,3728.85,3766.3582278481013,3758.305063291139,0.4107594936708861,0.4012658227848101,6070.463924050633,-0.8419620253164553,-1.5334272726205493,37.639240506329116,45.197552019645094,47.66875095949369,49.30407369746836,35.46269467088607,43.36528505766791,43.52025947405065,270220.0,61923.0,262901.0,RUS -> MIL,0.0009315614798148905
2018-10-22,RUS,MIL,735,303,9.141496598639456,2139.3673469387754,2183.9659863945576,2148.5591836734693,0.38503401360544215,0.5265306122448979,4382.9795918367345,-0.6027210884353734,-2.838208142988753,37.755102040816325,53.4793077316076,45.93780353741499,50.78596887755101,35.889527346938785,49.653811920980914,35.034233469387765,29743.0,7272.0,29660.0,RUS -> MIL,0.000463933435966771
2018-10-29,RUS,MIL,613,314,9.440456769983687,2085.7765089722675,2120.2756933115825,2123.068515497553,0.6231647634584013,0.5742251223491027,4557.404567699837,-0.3699836867862964,-3.020250079636213,55.92169657422512,52.13533379445347,46.55340295106038,50.02287816639475,39.7240898238173,50.459547334420854,41.336696898858094,40272.0,4425.0,39628.0,RUS -> MIL,0.00038704479617324454
2018-11-05,RUS,MIL,994,317,7.190140845070423,1896.199195171026,1902.112676056338,1925.9315895372233,0.3209255533199195,0.7253521126760564,3886.258551307847,-0.5429577464788732,-2.363336406271478,38.2092555331992,52.55957411871225,51.097961561368244,50.655087507042225,48.232334699195206,51.814522751509024,51.3727633380282,95480.0,29263.0,95330.0,RUS -> MIL,0.0006058541110614698
2018-11-12,RUS,MIL,653,278,10.523736600306279,2917.4931087289433,2958.7136294027564,2944.8836140888207,0.442572741194487,0.43797856049004597,5144.555895865237,0.016845329249618762,-2.7388829454484496,42.25114854517611,51.25859082795698,43.884696456355286,49.09880488923076,41.584178511485455,49.72306294930875,44.05218295558958,26726.0,4850.0,26438.0,RUS -> MIL,0.00040934048540384603
2018-11-19,RUS,MIL,809,251,5.760197775030902,1350.6662546353523,1384.9245982694686,1424.2373300370828,0.5995055624227441,0.7972805933250927,3813.3127317676144,2.624103831891224,-3.6781558455602172,55.06798516687268,53.451196933085505,46.58073539776955,51.130781708798004,44.172064633209445,48.56696440644359,27.4626406431227,195136.0,25055.0,195100.0,RUS -> MIL,0.0006110110382278414
2018-11-26,RUS,MIL,2553,566,11.00470035252644,2532.331374853114,2570.8155111633373,2554.961222091657,0.5037211124167645,0.6051703877790834,5200.265569917744,-1.4142185663924791,-4.048536227388306,49.62788875832354,48.83118007758631,25.790026448275846,45.93469949698039,20.969493592045445,47.89928238705887,24.560189714733543,727528.0,125373.0,725767.0,RUS -> MIL,0.0015477623830084427
2018-12-03,RUS,MIL,1271,354,9.408339889850511,2134.0393391030684,2187.9795436664044,2175.1699449252555,0.25177025963808025,0.7584579071597167,4010.62077104642,-1.9281667977970107,-4.484606135427682,33.48544453186467,50.87137835984254,37.93467358615266,47.19004900944139,28.972612457120388,48.25822213228348,35.38779370574352,101749.0,35833.0,101510.0,RUS -> MIL,0.0008843203257304514
2018-12-10,RUS,MIL,657,274,7.270928462709285,1596.4444444444443,1627.978691019787,1597.4048706240487,0.2785388127853881,0.589041095890411,5489.325722983257,-1.0677321156773214,-2.396147516332751,30.015220700152206,49.97650419330288,49.09490957382039,47.139774958904106,37.290341916286145,49.61535290410957,48.414390363774736,16048.0,5937.0,15933.0,RUS -> MIL,0.0005002211784662777
2018-12-17,RUS,MIL,1533,416,15.449445531637313,3308.003261578604,3364.6510110893673,3299.9158512720155,0.34377038486627526,0.48336594911937375,6442.144814090019,1.9317677756033922,-3.0219832255258403,33.33985649054142,49.37659619047616,50.96793107762554,47.05132790932808,41.576046295499,51.246374440313076,52.8851860006523,223927.0,57632.0,223899.0,RUS -> MIL,0.001194627682165136
2018-12-24,RUS,MIL,976,266,10.37295081967213,2222.4159836065573,2281.1659836065573,2239.0788934426228,0.514344262295082,0.6034836065573771,4790.705942622951,0.6532786885245904,-2.6855377958541116,46.096311475409834,48.64090067827865,57.1789417479508,44.736744131551895,56.509692299487156,46.197863160860635,55.31552926844262,201687.0,35151.0,201675.0,RUS -> MIL,0.0011241209167113934
2018-12-31,RUS,MIL,1139,219,7.857769973661107,1507.5030728709394,1578.955223880597,1529.8595258999121,0.34503950834064967,0.6532045654082529,4381.433713784021,-1.231079894644427,-3.8054853425130064,42.87093942054434,54.44032412203691,33.935520333626,52.94666850307293,30.973268891132612,53.5324293678666,31.031066520632194,339753.0,40162.0,339742.0,RUS -> MIL,0.001167825435217473
2019-01-07,RUS,MIL,493,245,13.263691683569979,3478.5050709939146,3493.478701825558,3512.5070993914806,0.4563894523326572,0.4685598377281947,6646.801217038539,1.4959432048681545,-2.2344057310569343,33.935091277890464,52.35675058215009,48.46525749695742,49.440548981744406,46.0769685091278,49.13213617038537,42.21990099797161,10452.0,3472.0,10418.0,RUS -> MIL,0.00040017240693556415
2019-01-14,RUS,MIL,516,208,14.672480620155039,3925.8023255813955,3955.2383720930234,3997.1647286821703,0.2248062015503876,0.3856589147286822,7439.12984496124,2.994767441860463,-1.8462141459555554,29.55426356589147,49.29625423643408,44.93874054457366,44.94024662403098,44.55983595348839,47.67069792054262,42.57766817441862,10031.0,6195.0,10020.0,RUS -> MIL,0.0003812769378437311
2019-01-21,RUS,MIL,2016,380,40.11061507936508,8104.825892857143,7517.627976190476,7828.385416666667,0.1195436507936508,0.4771825396825397,15223.738095238095,1.331150793650796,-2.8497894785994045,36.78075396825397,41.75344275694442,9.066619024305565,41.47624484871031,9.216742765376921,30.99293004265873,-16.68394165922621,721723.0,76374.0,719716.0,RUS -> MIL,0.0016318984337498614
2019-01-28,RUS,MIL,514,269,9.505836575875486,2420.3774319066147,2461.5058365758755,2462.7976653696496,0.4260700389105058,0.5486381322957199,4841.678988326848,0.31147859922179005,-2.8969854603424072,42.840466926070036,48.8290995068226,42.67584962768032,43.86245153411305,28.925672311890846,42.35020240155946,27.728246249512672,17256.0,2886.0,17189.0,RUS -> MIL,0.0004164091114202224
2019-02-04,RUS,MIL,620,231,13.141935483870968,2743.4967741935484,2832.9064516129033,2821.31935483871,0.22903225806451613,0.2693548387096774,5060.098387096774,-2.5758064516129027,-2.2057862241049246,34.66129032258065,47.20837079838708,38.91059666129036,42.12370447419354,38.09226180967744,42.07682270161289,38.905935693548415,46920.0,19622.0,46888.0,RUS -> MIL,0.00048448022304844335
2019-02-11,RUS,MIL,861,297,10.104529616724738,2373.0580720092917,2371.828106852497,2390.6747967479673,0.4878048780487805,0.6062717770034843,6165.806039488966,-1.2167247386759572,-2.487271076583379,46.44599303135889,43.641751180023235,20.429316078977937,36.68895661440188,3.7616906062718147,40.150746340302,8.513094235772384,165991.0,22216.0,165852.0,RUS -> MIL,0.0006052358170261763
2019-02-18,RUS,MIL,400,237,11.9225,2893.2475,2923.065,2921.03,0.475,0.315,4888.99,0.8030000000000002,-2.4061468519328177,41.825,50.420938952380936,44.96536213250001,48.58808638345863,32.2294640475,48.38062239849623,36.363325135,9990.0,1437.0,9800.0,RUS -> MIL,0.0003125041504457481
2019-02-25,RUS,MIL,511,243,13.395303326810176,3352.7769080234834,3398.545988258317,3207.9275929549904,0.3287671232876712,0.6888454011741683,6810.420743639922,-1.2829745596868882,-3.7443663567194587,36.92759295499022,51.49522274951073,40.21068238747554,48.346609705882315,37.42532646379649,47.461683823529384,34.55397264774952,12246.0,5594.0,12221.0,RUS -> MIL,0.00035555864804216606
2019-03-04,RUS,MIL,567,283,7.557319223985891,1979.331569664903,2050.1022927689596,2017.3386243386244,0.43738977072310403,0.7283950617283951,4902.708994708994,1.2733686067019403,-1.9859564678188155,42.504409171075835,54.27259399293287,57.729430811287486,49.10466891342755,48.68521048148149,51.54166092920353,54.60922852380955,23197.0,4745.0,23063.0,RUS -> MIL,0.0004304193362280995
2019-03-11,RUS,MIL,708,211,10.848870056497175,2640.7838983050847,2554.2570621468926,2651.330508474576,0.3728813559322034,0.4364406779661017,4829.324858757062,-0.11073446327683596,-3.6062328626022864,43.62994350282486,52.52662500000003,64.391559180791,49.544070329096044,56.87251730649721,51.186616148305085,67.87657514548027,141461.0,22722.0,141419.0,RUS -> MIL,0.0005212528326557537
2019-03-18,RUS,MIL,406,209,12.03448275862069,3179.0714285714284,3200.899014778325,3220.051724137931,0.41379310344827586,0.43103448275862066,6413.032019704434,-2.386945812807881,-2.417511887235976,48.275862068965516,52.07757537128711,41.91451530864198,50.564742245657555,37.45769096296297,51.39327364197529,40.33234032098766,19900.0,2665.0,19856.0,RUS -> MIL,0.0003008744627241737
2019-03-25,RUS,MIL,1473,435,7.809232858112695,1833.9069925322472,1873.9375424304142,1855.9300746775289,0.39307535641547864,0.7101154107264087,3818.439239646979,1.3442634080108624,-2.3420501715675663,38.68295994568907,51.14870297895454,38.84492941819411,42.860998847250514,11.463639698574339,46.93904989816701,31.50096677528851,187191.0,48741.0,186764.0,RUS -> MIL,0.000982731151977071
2019-04-01,RUS,MIL,552,283,9.668478260869565,2340.728260869565,2328.6340579710145,2310.1865942028985,0.4692028985507246,0.5362318840579711,4786.969202898551,0.36123188405797146,-2.5687463095340943,36.358695652173914,52.77752046460978,54.44956221920292,42.408894593466414,22.04615419565218,48.90475857427534,47.36406944927537,15786.0,4309.0,15625.0,RUS -> MIL,0.00043374539145521576
2019-04-08,RUS,MIL,349,242,10.005730659025788,2478.3638968481378,2509.647564469914,2560.595988538682,0.36962750716332377,0.5186246418338109,4832.636103151863,1.1220630372492832,-1.8887895956406258,35.587392550143264,51.442161140804586,49.04642887106017,44.85598862068966,36.05480476504298,49.03838057471264,49.738742300859606,3251.0,750.0,3141.0,RUS -> MIL,0.00025417087857186556
2019-04-15,RUS,MIL,999,261,7.106106106106106,1883.1411411411411,1987.178178178178,1971.947947947948,0.20520520520520522,0.7217217217217218,5722.378378378378,1.6029029029029014,-2.366108000839638,28.70870870870871,50.77727068737475,46.38379857615233,41.87682386072144,30.624404687374774,49.325834316633276,43.099453554108244,46495.0,17130.0,46443.0,RUS -> MIL,0.0007973068745570517
2019-04-22,RUS,MIL,633,263,9.76777251184834,2163.4202211690363,2217.352290679305,2201.0189573459716,0.42022116903633494,0.4928909952606635,4176.571879936809,1.8571879936808846,-2.118928357550162,42.985781990521325,51.66367808372824,47.68044351658771,45.42365547867298,42.53441200789892,49.808273064770916,45.58850837282783,56758.0,12362.0,56624.0,RUS -> MIL,0.0005077571332657928
2019-04-29,RUS,MIL,914,353,10.37417943107221,2306.7844638949673,2302.8216630196935,2356.2680525164114,0.3336980306345733,0.2899343544857768,4401.520787746171,2.2615973741794324,-3.5946232206675246,34.83588621444201,47.37735338852094,25.878158588621453,37.44286573922651,8.743062751641139,43.850709496132566,19.80746132603939,29090.0,7606.0,29018.0,RUS -> MIL,0.0007088425392383898
2019-05-06,RUS,MIL,742,261,10.776280323450134,2680.765498652291,2713.400269541779,2712.0188679245284,0.27088948787061995,0.5107816711590296,5260.030997304582,-4.100808625336928,-2.4382395313567797,38.23450134770889,50.55103675271736,36.77288985983829,47.053207676630414,14.863953619946102,49.57919931412892,20.228180439353107,39647.0,10720.0,39292.0,RUS -> MIL,0.000520532992110628
2019-05-13,RUS,MIL,453,201,12.083885209713024,2701.973509933775,2758.002207505519,2732.5077262693158,0.31346578366445915,0.22958057395143489,5178.6997792494485,0.9094922737306845,-2.5541065732438804,36.3355408388521,47.014319993377455,28.77784193156734,44.67492126269314,29.720034580573962,44.50946309713022,24.142936143487862,20124.0,5175.0,20118.0,RUS -> MIL,0.0003411154852876063
2019-05-20,RUS,MIL,242,150,9.768595041322314,2656.694214876033,2694.623966942149,2717.7024793388427,0.6157024793388429,0.6487603305785123,6013.326446280992,-0.3892561983471074,-1.8274980793772013,57.47933884297521,52.75103615702478,43.18515661157025,50.43749656249997,39.65118083333335,50.814843285123956,41.77569710743802,27656.0,2785.0,27496.0,RUS -> MIL,0.00018556702611970913
2019-05-27,RUS,MIL,506,197,12.861660079051383,2843.6284584980235,2368.3300395256915,2251.409090909091,0.34189723320158105,0.22924901185770752,6167.521739130435,-6.027470355731224,-3.414924313578305,34.28853754940712,49.53617005928863,39.72700363636359,45.54431954347825,34.06563480237159,48.273170073122586,35.142106067193644,83412.0,23355.0,83387.0,RUS -> MIL,0.00040059186260174123
2019-06-03,RUS,MIL,2021,390,6.18951014349332,1440.9762493814942,1403.897080653142,1461.0940128649183,0.41712023750618504,0.8406729341909945,3200.659574468085,-1.033696190004948,-5.5988676272165705,44.022761009401286,53.10373764225665,45.12830108659036,50.54338694210815,42.331974270163016,52.122311853043385,48.901894095002035,1230108.0,264056.0,1217134.0,RUS -> MIL,0.0014720278294108392
2019-06-10,RUS,MIL,565,216,10.364601769911504,2651.6973451327435,2709.0778761061947,2688.690265486726,0.41415929203539825,0.5274336283185841,4977.198230088496,-2.7061946902654883,-1.2881657233863764,42.93805309734513,54.437270196330275,45.50395082477877,53.55148091911764,57.346885585106385,53.96631096374045,54.57995615248228,93604.0,14520.0,93554.0,RUS -> MIL,0.0004631735999245806
2019-06-17,RUS,MIL,370,192,10.702702702702704,2676.175675675676,2734.8783783783783,2712.443243243243,0.20810810810810812,0.5567567567567567,5907.683783783784,-0.21783783783783806,-4.637394086464644,41.351351351351354,51.97883216486485,36.57111966216216,50.506951779999994,31.748446297297306,51.208087810810795,33.841543054054064,37376.0,4510.0,37358.0,RUS -> MIL,0.0002769767908420993
2019-06-24,RUS,MIL,689,286,16.015965166908565,3854.4368650217707,3884.8780841799708,3893.3367198838896,0.32220609579100146,0.409288824383164,5802.863570391873,-1.1021770682148035,-3.2701809810463778,40.827285921625545,50.35161548546509,43.222710286337225,47.35818331877727,38.68301404941862,47.46672125839414,41.22227226744187,39956.0,10297.0,39934.0,RUS -> MIL,0.0004580535317655803
2019-07-01,RUS,MIL,766,299,9.97780678851175,2376.8250652741513,2402.60182767624,2429.691906005222,0.39033942558746737,0.5548302872062664,4698.225848563969,0.4232375979112273,-2.5956629345861018,45.06527415143603,57.21541342428196,46.90259751958227,56.20627126143787,44.13061918276765,55.72630114099215,43.932228227154084,47800.0,7885.0,47750.0,RUS -> MIL,0.0007090544213153238
2019-07-08,RUS,MIL,426,253,7.960093896713615,1944.1220657276995,1976.6643192488264,1975.5680751173709,0.36619718309859156,0.6267605633802817,4297.544600938967,-0.42042253521126766,-2.5068524484699597,40.02347417840375,51.56613502112674,50.310259826291094,51.30141007511736,43.81897688497653,50.309067471830964,48.34318155399062,8725.0,1630.0,8680.0,RUS -> MIL,0.0003522853478238937
2019-07-15,RUS,MIL,548,281,7.8010948905109485,2013.7901459854015,2004.3576642335765,2019.0273722627737,0.4470802919708029,0.7171532846715328,4247.456204379562,1.5098540145985406,-2.8250536136011584,39.90875912408759,50.290913778793396,44.67470971897813,49.443436173674584,41.30966887202926,50.74584449452553,43.24029256204382,19699.0,3704.0,19678.0,RUS -> MIL,0.0004643387028850855
2019-07-22,RUS,MIL,362,222,8.850828729281767,2223.9475138121547,2232.6187845303866,2255.439226519337,0.46685082872928174,0.6243093922651933,4696.737569060773,-0.3433701657458562,-2.0950454448667806,46.988950276243095,50.329321453038666,50.11922078729284,45.802334712707164,60.262027969613264,47.838114270718215,58.16302354972376,7323.0,1644.0,7313.0,RUS -> MIL,0.0002954942835732932
2019-07-29,RUS,MIL,592,294,7.641891891891892,1720.7027027027027,1733.5912162162163,1745.2516891891892,0.5608108108108109,0.6081081081081081,4011.162162162162,-1.0748310810810806,-1.6804745555050529,47.41554054054054,50.979580653130284,49.985857655405404,47.807595996598636,43.754427219015284,49.8978984278438,46.27735854067797,39686.0,6548.0,38755.0,RUS -> MIL,0.00046633267164508305
2019-08-05,RUS,MIL,746,257,7.871313672922252,1780.3605898123324,1820.1943699731903,1788.01072386059,0.5697050938337802,0.6072386058981233,3494.344504021448,-1.7465147453083112,-5.320576159270943,53.525469168900806,54.723554702412855,61.61693394504022,49.45962999999999,55.46633031039137,51.25817135135134,59.86194442048519,137325.0,16578.0,136701.0,RUS -> MIL,0.0005722754777656401
2019-08-12,RUS,MIL,763,263,7.208387942332896,2250.4259501965926,2287.8178243774573,2303.3669724770643,0.6199213630406291,0.5425950196592398,3931.0825688073396,-3.520838794233298,-1.382430248876613,47.916120576671034,52.69505087926507,26.80318662992126,47.63781502624669,23.58173372703412,47.58986922572176,24.611893175853016,146548.0,29961.0,146480.0,RUS -> MIL,0.0006769249331946953
2019-08-19,RUS,MIL,365,266,10.438356164383562,2946.353424657534,2810.358904109589,2967.7643835616436,0.4136986301369863,0.5616438356164384,5926.479452054795,0.9961643835616439,-2.4760793261564737,41.89041095890411,51.405044326027394,48.72687267123289,42.8061277107438,33.251975860273966,45.55148347123288,32.82648845479452,9028.0,1336.0,8978.0,RUS -> MIL,0.0002954154755622606
2019-08-26,RUS,MIL,416,204,9.326923076923077,1851.9711538461538,2083.247596153846,2073.7716346153848,0.32211538461538464,0.46875,4558.110576923077,-1.9718750000000005,-3.1483603039113808,33.70192307692308,49.072536380145266,46.347390236144584,45.71555558227848,47.65383504578312,46.1426323497537,47.36623579036144,10685.0,6579.0,10684.0,RUS -> MIL,0.00036193614959099474
2019-09-02,RUS,MIL,310,199,8.483870967741936,2085.8870967741937,2163.141935483871,2157.632258064516,0.4096774193548387,0.6258064516129033,4484.764516129032,1.5593548387096772,-0.8696322702012825,37.54838709677419,47.58629063548386,55.986009599999996,47.20950203225806,56.63964461290322,46.12027531290323,55.164511535483875,3829.0,999.0,3747.0,RUS -> MIL,0.0002743940759204151
2019-09-09,RUS,MIL,568,198,12.505281690140846,2787.582746478873,2786.8926056338028,2772.875,0.1602112676056338,0.25528169014084506,4383.883802816901,-3.982570422535212,-3.0232503196301543,31.091549295774648,55.058542584507045,75.29302684330989,46.4351798327465,12.61223763908447,52.74776997287526,50.21593904753522,39888.0,18427.0,39884.0,RUS -> MIL,0.0004874620135785633
2019-09-16,RUS,MIL,383,252,8.490861618798956,1792.060052219321,1854.6710182767624,1858.3890339425589,0.4934725848563969,0.5248041775456919,3833.3916449086164,-0.6161879895561362,-2.5043392093646104,43.02872062663185,52.56938907349082,59.165932309711295,49.14865643307087,63.476208398950135,49.91330030971129,61.18403552755906,4287.0,937.0,4275.0,RUS -> MIL,0.00029293820074756605
2019-09-23,RUS,MIL,498,195,8.134538152610443,1956.0240963855422,2019.3453815261043,2011.7991967871485,0.3333333333333333,0.5140562248995983,3760.9518072289156,-1.1469879518072286,-2.6601313100390365,41.06425702811245,54.788594387755104,66.95713494164991,50.82786723602485,60.98122635010061,49.90466063508064,56.159876712273665,28091.0,6382.0,28031.0,RUS -> MIL,0.0003509360408495189
2019-09-30,RUS,MIL,514,224,9.642023346303501,2683.058365758755,2766.4727626459144,2756.350194552529,0.26653696498054474,0.5,4470.461089494163,-1.3000000000000005,-2.847457967839196,32.8988326848249,52.5360727582846,50.46413177387915,50.9972154140625,47.985234208577005,52.161489424951256,51.885464327485394,15891.0,5360.0,15831.0,RUS -> MIL,0.00041527635267788615
2019-10-07,RUS,MIL,268,173,10.406716417910447,2722.8246268656717,2765.063432835821,2770.0373134328356,0.3917910447761194,0.40671641791044777,5195.917910447762,1.2279850746268666,-2.2715265425711557,37.5,47.064744291044775,39.630103977611945,41.779899906716416,25.79647549626866,43.466017201492534,20.981172835820896,3168.0,902.0,3167.0,RUS -> MIL,0.0002033482657731483
2019-10-14,RUS,MIL,659,287,7.937784522003035,1928.6767830045524,1908.4992412746585,1953.4081942336875,0.3262518968133536,0.7905918057663126,4175.757207890743,-0.949772382397571,-1.1607115646725468,37.69347496206373,51.60844024012156,39.38772995744682,48.29596700455925,31.630953267477214,48.58705144072947,31.1315923768997,30189.0,6500.0,30010.0,RUS -> MIL,0.0004784761949017236
2019-10-21,RUS,MIL,1063,381,8.675446848541863,2021.9426152398871,2041.1081843838194,2064.897460018815,0.4026340545625588,0.3659454374412041,4051.41768579492,-1.1446848541862655,-2.4648335163138135,36.001881467544685,50.29273590780805,56.98927012793981,42.92753490301316,43.27814578342752,44.31177208662898,36.0131681770245,47992.0,18629.0,46775.0,RUS -> MIL,0.0008717030272614256
2019-10-28,RUS,MIL,635,334,8.499212598425197,2036.2047244094488,2154.4740157480314,2184.2913385826773,0.4078740157480315,0.47716535433070867,4979.333858267716,-2.2825196850393707,-2.6309523919151436,36.83464566929134,49.25382057007874,52.69040641889764,47.53507237322834,53.89688859055118,48.65151536535433,53.50742512598427,15235.0,3915.0,15216.0,RUS -> MIL,0.0005824320159668922
2019-11-04,RUS,MIL,836,268,9.988038277511961,2101.7224880382773,2119.9282296650717,2154.877990430622,0.2834928229665072,0.5382775119617225,3924.7093301435407,-2.042105263157898,-2.043979585479097,33.27751196172249,52.573508156886255,56.11620391856286,50.41436771257489,43.56334259401197,50.310544893413194,40.32175618203593,55194.0,17401.0,55142.0,RUS -> MIL,0.0007550018875047187
2019-11-11,RUS,MIL,475,241,13.185263157894736,2031.3873684210525,3264.757894736842,3308.338947368421,0.28421052631578947,0.3031578947368421,5498.736842105263,1.1955789473684215,-1.8334065060918678,32.31578947368421,50.60121138526315,47.605732324210535,45.59815031368422,36.15232471157896,48.35936756842105,40.15605403368422,9994.0,5571.0,9953.0,RUS -> MIL,0.0004049649556115781
2019-11-18,RUS,MIL,467,240,9.188436830835117,2360.494646680942,2416.5310492505355,2405.370449678801,0.29336188436830835,0.6595289079229122,4477.002141327624,2.165524625267666,-2.1680042727502156,33.40471092077088,50.31347484368308,57.463714516059966,45.86513816488222,48.23318136830835,47.14426357601711,50.16006652248395,10594.0,3300.0,10564.0,RUS -> MIL,0.00036498147347788267
2019-11-25,RUS,MIL,469,194,8.746268656716419,2341.652452025586,2342.6908315565033,2335.008528784648,0.48187633262260127,0.4861407249466951,5110.965884861407,1.8818763326226027,-1.7813847679019224,43.71002132196162,54.39088820042641,57.525242571428564,52.163676705756934,47.12739274840086,53.300463965884845,56.68493539232407,39520.0,9598.0,39462.0,RUS -> MIL,0.0005047466634523596
2019-12-02,RUS,MIL,405,256,9.987654320987655,2525.1456790123457,2544.0049382716047,2586.054320987654,0.4024691358024691,0.6395061728395062,4892.876543209876,0.44567901234567914,-1.811834545764172,36.39506172839506,51.90979210526314,44.2935307580247,50.40450024378108,40.6320399308642,50.38472238944724,41.61631323950618,5373.0,1351.0,5356.0,RUS -> MIL,0.0003399276499668466
2019-12-09,RUS,MIL,990,268,10.435353535353535,2747.2262626262627,2818.4666666666667,2810.306060606061,0.2727272727272727,0.3464646464646465,4920.226262626263,1.3328282828282827,-3.1758624906582025,32.505050505050505,53.16467869191917,48.59745474646464,50.461617414141365,45.51399444444447,50.86675947979792,40.008579629292946,104146.0,69215.0,99138.0,RUS -> MIL,0.0009122994553848705
2019-12-16,RUS,MIL,2269,250,12.408109299250771,2276.67078007933,2506.4486557955047,2480.975760246805,0.40634640810929923,0.24680475980608196,5003.838695460556,0.887615689731159,-4.787666683143407,39.12296165711767,50.478322741295834,28.28785210621416,52.35561716615261,40.415419154693645,50.984222129572636,30.070750818862862,1917450.0,291621.0,1917388.0,RUS -> MIL,0.002078067186870352
2019-12-23,RUS,MIL,1170,296,4.763247863247863,1080.5735042735043,1071.3111111111111,1067.6957264957266,0.576068376068376,0.8581196581196581,4005.1452991452993,1.8782905982905986,-2.7683433830460134,61.07692307692308,51.75350126666663,59.40908916666666,46.79531492478627,47.95634311623931,47.316432659829005,48.07775085982906,492266.0,56280.0,491150.0,RUS -> MIL,0.00165577909359539
2019-12-30,RUS,MIL,848,195,49.35259433962264,10465.545990566037,10428.46462264151,10455.497641509433,0.330188679245283,0.23938679245283018,15867.969339622641,5.971344339622641,-5.108229512463164,34.551886792452834,47.400972891509426,73.79637368632076,41.93445750000001,63.77158994103775,41.48722833018868,62.11064606367927,161679.0,28763.0,161677.0,RUS -> MIL,0.0008529985716297504
2020-01-06,RUS,MIL,753,259,16.729083665338646,3652.8618857901724,3716.480743691899,3688.7596281540505,0.4847277556440903,0.350597609561753,5776.5697211155375,2.4731739707835327,-3.3971870134582147,43.386454183266935,54.42810119521913,75.1298281938911,49.06375729614874,62.333434770252325,49.403209189907045,62.663390823373184,73017.0,12788.0,72983.0,RUS -> MIL,0.0004917483580633343
2020-01-13,RUS,MIL,556,200,10.055755395683454,2886.606115107914,2939.7697841726617,2926.1870503597124,0.29856115107913667,0.33992805755395683,6109.96762589928,2.6221223021582727,-1.6621942811168864,34.3705035971223,46.04992559712227,49.52606824820136,40.94377242625896,53.99120430215828,43.12242229136688,50.66872660431652,39335.0,11621.0,39318.0,RUS -> MIL,0.00046247390266421565
2020-01-20,RUS,MIL,458,210,17.967248908296945,4084.792576419214,4136.755458515284,4142.611353711791,0.43013100436681223,0.32096069868995636,6023.454148471616,-0.10764192139737974,-3.615620590706932,34.585152838427945,47.60521766812227,44.34410996724891,43.45597377292575,37.76362605458516,45.24301812445414,37.407915864628826,15044.0,4590.0,15014.0,RUS -> MIL,0.00037112396269636957
2020-01-27,RUS,MIL,325,157,7.75076923076923,1725.6092307692309,1778.6492307692308,1731.2338461538461,0.4676923076923077,0.49846153846153846,4090.8830769230767,2.292923076923078,-4.484610499663801,44.98461538461538,50.02990161490681,41.22384677018635,45.871309503105586,37.14233871739131,45.70194664596272,43.125525021739136,17824.0,2311.0,17773.0,RUS -> MIL,0.00022651066934948228
2020-02-03,RUS,MIL,308,207,7.0,1930.6136363636363,1961.262987012987,1959.7077922077922,0.36038961038961037,0.6785714285714286,4567.133116883117,0.9347402597402596,-1.8024764860535312,48.993506493506494,51.84185373051946,40.5427924090909,48.891884535714276,36.406623285714275,49.57383797402598,36.78216179220779,16597.0,2555.0,12545.0,RUS -> MIL,0.00024179961720294368
2020-02-10,RUS,MIL,464,223,7.439655172413793,1811.0754310344828,1841.3836206896551,1851.6379310344828,0.36853448275862066,0.6810344827586207,4154.862068965517,1.7202586206896555,-3.0776530630789773,32.26293103448276,49.655762903017255,25.570312448275875,51.014644002155165,55.95180971767241,49.72523944396553,41.15786303017241,13459.0,5418.0,13347.0,RUS -> MIL,0.0004043463749563193
2020-02-17,RUS,MIL,551,241,10.88747731397459,2814.896551724138,2850.099818511797,2670.878402903811,0.20326678765880218,0.6225045372050817,5086.074410163339,-0.1437386569872957,-3.5384047094107216,28.729582577132486,50.200440947368406,44.34116938838477,45.93477151724138,39.81349782940111,47.71317754446461,41.33755853901998,11679.0,4127.0,11669.0,RUS -> MIL,0.0005032496593246408
2020-02-24,RUS,MIL,456,220,7.785087719298246,1723.8333333333333,1756.8837719298247,1777.2543859649122,0.31140350877192985,0.48464912280701755,4245.076754385965,0.7462719298245625,-3.300924505738632,33.44298245614035,53.11681145614035,53.24771642982457,52.649394299559475,52.335126423245626,51.869446281938316,58.91776654824562,13527.0,4416.0,13466.0,RUS -> MIL,0.00039747083034794386
2020-03-02,RUS,MIL,481,232,13.374220374220375,2909.906444906445,2964.964656964657,2885.742203742204,0.34511434511434513,0.24532224532224534,4830.87525987526,0.7509355509355504,-4.350493751959725,35.55093555093555,49.010337275,40.997601358333334,44.16146701666666,37.01629485416667,46.40419035,38.91450456250001,11083.0,2976.0,10725.0,RUS -> MIL,0.00039750949146883475
2020-03-09,RUS,MIL,314,141,25.363057324840764,6853.117834394904,6899.200636942675,6813.87898089172,0.29936305732484075,0.2197452229299363,9660.133757961783,2.471019108280256,-2.7211796624268256,28.75796178343949,45.28425156687897,37.606306254777074,50.71622570063694,39.13227179299364,44.261626646496815,34.795572563694265,6454.0,4221.0,6454.0,RUS -> MIL,0.0002925941076764953
2020-03-16,RUS,MIL,205,132,11.512195121951219,2697.765853658537,2583.6487804878047,2737.141463414634,0.4146341463414634,0.526829268292683,4725.278048780488,-0.05756097560975606,-4.375241290420522,40.926829268292686,51.37143109756097,52.63051170731708,49.4520163902439,54.54105380487804,49.49497194146341,57.01264772682925,2309.0,399.0,2299.0,RUS -> MIL,0.00019967876070594722
2020-03-23,RUS,MIL,222,112,5.963963963963964,1420.1801801801803,1400.5135135135135,1429.9414414414414,0.5990990990990991,0.7432432432432432,3841.1441441441443,0.44594594594594633,-3.6761735866432548,52.11711711711712,51.3242189144144,52.24215404954956,47.302753720720716,43.072725522522525,48.1036156081081,44.33760711261262,12164.0,1420.0,12094.0,RUS -> MIL,0.00022574878431228987
2020-03-30,RUS,MIL,139,83,8.633093525179856,2242.9352517985612,2305.3237410071943,2298.726618705036,0.3669064748201439,0.7266187050359713,5460.89928057554,1.0345323741007195,-2.8619233832696223,49.13669064748201,47.13420863309353,6.473367625899282,45.525280208633085,-1.4422165539568372,45.47055401438848,3.536062107913672,7266.0,1736.0,7248.0,RUS -> MIL,0.0001499310209439614
2020-04-06,RUS,MIL,525,150,7.765714285714286,2255.9561904761904,2258.209523809524,2293.8780952380953,0.5847619047619048,0.8533333333333334,5562.099047619047,4.766095238095237,-4.941659473681298,50.838095238095235,51.25543463999999,25.578080222857146,42.758029428571426,19.22407507238095,46.31050689714285,20.256995723809524,129704.0,18390.0,129704.0,RUS -> MIL,0.0006138268891253259
2020-04-13,RUS,MIL,403,122,9.610421836228287,2587.7220843672458,2629.4193548387098,2616.3995037220843,0.3746898263027295,0.5955334987593052,5057.2307692307695,-1.1516129032258073,-3.0197208874845387,37.86600496277916,47.949791129032235,54.67532630272956,44.98835720099254,63.74106065508682,48.17563660794041,54.455031394540974,28759.0,8837.0,28759.0,RUS -> MIL,0.0004776647291415784
2020-04-20,RUS,MIL,671,152,8.806259314456035,1897.1594634873322,1937.0789865871834,1930.1684053651268,0.3204172876304024,0.18777943368107303,3157.0134128166915,2.60521609538003,-3.339396830691726,32.26527570789866,56.91975804172876,80.00389509985096,48.66315620864381,63.28308389120733,49.327456059612516,64.70321662891224,120499.0,39808.0,120499.0,RUS -> MIL,0.0007775635261289156
2020-04-27,RUS,MIL,263,116,8.019011406844106,2001.8821292775665,2055.342205323194,2033.4752851711028,0.28517110266159695,0.596958174904943,3193.338403041825,1.000380228136882,-3.153021984982589,33.536121673003805,50.891392553435104,49.01552858935362,49.176471633587774,46.677296631178706,50.955619786259525,45.29326080608365,4467.0,1064.0,4467.0,RUS -> MIL,0.0003112986004583073
2020-05-04,RUS,MIL,702,237,12.274928774928775,3042.58547008547,3347.2948717948716,3327.837606837607,0.5655270655270656,0.26638176638176636,5318.428774928775,-0.23304843304843365,-3.105495602296825,54.08831908831909,51.94161440798861,39.06028952924396,50.209640857346656,28.749713717546385,50.6054169871612,32.657781701854525,93658.0,12336.0,93625.0,RUS -> MIL,0.0007931226549498424
2020-05-11,RUS,MIL,221,147,9.104072398190045,2690.2533936651585,2651.7239819004526,2727.846153846154,0.4253393665158371,0.4434389140271493,6392.31221719457,1.3773755656108602,-2.7891921502898516,44.25339366515837,53.15213702714931,51.28970603167422,48.831629891402706,54.06813283710408,50.17864527601809,52.840096941176476,3504.0,790.0,3502.0,RUS -> MIL,0.0002522730256211224
2020-05-18,RUS,MIL,330,228,5.433333333333334,1351.9272727272728,1374.8636363636363,1383.6242424242423,0.5818181818181818,0.7909090909090909,3312.809090909091,0.21606060606060645,-1.876907830780316,51.60606060606061,52.715805984709455,42.11259328440368,48.260596346625746,44.12826727607362,48.60971555246912,44.24291851543211,10476.0,1342.0,10405.0,RUS -> MIL,0.0003749488706085534
2020-05-25,RUS,MIL,483,200,6.809523809523809,1553.3312629399586,1580.9668737060042,1567.0973084886127,0.4616977225672878,0.8219461697722568,3695.749482401656,1.3652173913043493,-2.881574218986458,46.2111801242236,52.40266632505174,43.742058378882014,46.61139783850929,35.816663314699795,51.494793809523784,41.67378390683232,36144.0,7103.0,36094.0,RUS -> MIL,0.0005160829835793721
2020-06-01,RUS,MIL,391,195,11.974424552429667,3164.2864450127877,3147.1202046035805,3186.5652173913045,0.47058823529411764,0.5396419437340153,5665.884910485934,0.8887468030690538,-2.720626930049168,43.350383631713555,50.87022822762147,41.523490833759595,49.833758033248074,43.13571789769821,51.85734343734014,44.481611488491055,11342.0,2342.0,10684.0,RUS -> MIL,0.00030853992751284467
2020-06-08,RUS,MIL,292,135,12.547945205479452,2980.5376712328766,3047.5753424657532,3078.3116438356165,0.3732876712328767,0.4794520547945205,6203.188356164384,-0.327054794520548,-1.9748014571696206,38.42465753424658,54.37385457876712,53.15555734931508,52.00140179452053,43.0557503150685,52.96147860481098,48.647526000000006,17212.0,3984.0,17212.0,RUS -> MIL,0.0002704858277468438
2020-06-15,RUS,MIL,652,203,9.895705521472392,2619.532208588957,2340.4141104294476,2625.7668711656443,0.4570552147239264,0.6226993865030674,5979.259202453988,-1.0064417177914111,-4.525447945129332,43.91104294478528,52.097061541411115,40.208437822085905,47.801786693251536,5.759710447852798,50.53124093098164,28.903907708588946,64557.0,15044.0,64517.0,RUS -> MIL,0.0006132909171803291
2020-06-22,RUS,MIL,402,258,10.164179104477611,2539.057213930348,2370.1965174129355,2560.323383084577,0.47761194029850745,0.5522388059701493,5417.534825870647,0.9440298507462687,-2.128453726415565,45.74626865671642,50.81890671749998,53.12297201500002,48.84985492749999,49.92923604750002,49.75492526065162,51.20678247117795,6872.0,1055.0,6052.0,RUS -> MIL,0.0004299879132750746
2020-06-29,RUS,MIL,856,157,11.783878504672897,3207.8609813084113,3290.816588785047,3232.8306074766356,0.32009345794392524,0.3422897196261682,5876.7453271028035,-0.10537383177570056,-2.159463171929192,25.78271028037383,56.314648759953194,66.82519458548003,47.50998785497076,36.62139904795321,54.06993779274006,65.22776700234186,77942.0,38513.0,77850.0,RUS -> MIL,0.0009130832239091269
2020-07-06,RUS,MIL,551,163,11.490018148820326,2843.720508166969,2787.4845735027225,2874.796733212341,0.2014519056261343,0.3647912885662432,5504.08166969147,0.7486388384754993,-2.230839643440027,30.671506352087114,56.00241490381124,73.28757097277678,53.43728244827586,63.15749640471869,53.417019577132486,65.87485932123414,31664.0,10667.0,31660.0,RUS -> MIL,0.0005824302669243031
2020-07-13,RUS,MIL,209,147,9.995215311004785,2534.0191387559807,2571.7703349282297,2530.401913875598,0.291866028708134,0.45454545454545453,5339.272727272727,-1.8162679425837318,-3.9048993257312903,39.61722488038278,51.73208480382775,48.07004063157895,50.11813516746411,43.25653636363637,49.913873564593295,45.93795167464115,1809.0,413.0,1759.0,RUS -> MIL,0.0002285449342304542
2020-07-20,RUS,MIL,199,144,9.517587939698492,2377.3366834170856,2487.8743718592964,2412.6281407035176,0.4321608040201005,0.5276381909547738,5173.934673366834,-1.2849246231155778,-2.8896318417617386,45.527638190954775,51.42539296482411,49.425813065326636,51.32436683417085,46.56446984924623,49.894598994974864,49.15506432160805,3693.0,564.0,3421.0,RUS -> MIL,0.00020474346364208784
2020-07-27,RUS,MIL,379,174,10.168865435356201,2902.9076517150397,2791.8654353562006,2924.9551451187335,0.5171503957783641,0.39050131926121373,5829.234828496043,0.39050131926121395,-3.2657938932293877,47.78364116094987,42.866353092838196,22.959398053050407,39.2263176153846,14.677597169761274,40.62485315915118,16.513912830238727,79928.0,9998.0,79888.0,RUS -> MIL,0.0004221500693373135
2020-08-03,RUS,MIL,155,129,11.167741935483871,3071.8903225806453,3147.2709677419357,3141.9612903225807,0.45161290322580644,0.36774193548387096,6241.987096774194,-0.6212903225806451,-3.5402747876735563,39.03225806451613,52.795967105960266,55.348617632258055,46.62726711724139,38.98811951612903,46.522069950704235,41.14565827741935,1154.0,267.0,1154.0,RUS -> MIL,0.00017641843265311696
2020-08-10,RUS,MIL,185,124,11.735135135135135,3198.691891891892,3221.67027027027,3200.9135135135134,0.372972972972973,0.4486486486486487,6296.945945945946,1.148108108108108,-2.655281082178343,36.486486486486484,52.44884378378379,45.55893474054054,50.45389297297297,44.20505694054055,51.063912432432424,41.71658592972973,1780.0,544.0,1772.0,RUS -> MIL,0.0001969828614262837
2020-08-17,RUS,MIL,643,252,11.287713841368586,2335.8118195956454,2361.0404354587868,2371.5629860031104,0.343701399688958,0.4712286158631415,4367.514774494557,1.0477449455676515,-4.451249610698343,36.01866251944013,53.91665382892689,52.553042475894266,52.121589093312586,44.59888301555212,52.00138666251942,47.083202216174215,16234.0,3782.0,16126.0,RUS -> MIL,0.0006825214017694606
2020-08-24,RUS,MIL,801,251,7.33458177278402,1574.6541822721597,1576.7740324594258,1586.3857677902622,0.44818976279650435,0.7390761548064919,3516.8676654182273,-1.2108614232209767,-2.2229263791400005,42.28464419475655,52.481525322097355,40.43927011985021,53.01736323279097,38.388140531835234,51.792092841249975,43.24116063171038,132058.0,20605.0,132050.0,RUS -> MIL,0.0008238316709281014
2020-08-31,RUS,MIL,642,257,8.962616822429906,2599.132398753894,2231.133956386293,2641.8598130841124,0.5358255451713395,0.4984423676012461,6108.951713395639,0.7624610591900313,-2.666878481706734,57.165109034267914,52.68481199376944,42.79532092367604,51.10583591900309,41.529745429906576,50.93082806853581,41.92869137538944,48335.0,6109.0,48309.0,RUS -> MIL,0.000676948837640886
2020-09-07,RUS,MIL,393,195,9.511450381679388,2351.969465648855,2367.9872773536895,2354.936386768448,0.3994910941475827,0.4961832061068702,4091.5267175572517,1.6559796437659038,-2.114279603019682,36.08142493638677,52.22595986224489,60.59237311734696,48.149070436657674,50.960581113207546,48.840310487999986,49.14157280266666,9080.0,2547.0,8927.0,RUS -> MIL,0.00043702988706169127
2020-09-14,RUS,MIL,452,208,10.331858407079647,2600.2190265486724,2642.758849557522,2628.869469026549,0.3561946902654867,0.49557522123893805,5681.345132743363,1.402654867256639,-3.2514608872212283,37.23451327433628,53.773621073008826,46.89962129646018,52.497284568584035,46.02062436504426,53.286970022123874,47.24238446902656,20273.0,3432.0,20271.0,RUS -> MIL,0.0004911826199594014
2020-09-21,RUS,MIL,286,158,9.311188811188812,2348.965034965035,2374.013986013986,2361.311188811189,0.5909090909090909,0.46153846153846156,4892.986013986014,1.914335664335664,-2.1005449029066257,49.51048951048951,53.87425314685313,50.92392447552449,49.99371923076922,50.3830202797203,48.3173283216783,42.58164520979021,8342.0,1234.0,8316.0,RUS -> MIL,0.00031469862654956063
2020-09-28,RUS,MIL,401,164,13.88778054862843,3074.4014962593515,3156.8304239401496,3027.0299251870324,0.3192019950124688,0.2942643391521197,4877.336658354115,-0.06533665835411448,-3.7327411113952365,35.910224438902745,47.7819137157107,47.70616116458851,47.236216895261826,42.177876693266825,47.00604056608478,45.0841678977556,10051.0,2552.0,10045.0,RUS -> MIL,0.0005097896132591067
2020-10-05,RUS,MIL,366,173,12.172131147540984,2932.469945355191,2923.0601092896177,2950.1939890710382,0.48360655737704916,0.40710382513661203,4998.57650273224,-1.8456284153005462,-4.314990390410378,42.595628415300546,50.62052315573768,46.2554430874317,48.44533934426229,45.28172713934427,49.83293852459015,45.081060390710384,11507.0,2620.0,11351.0,RUS -> MIL,0.0005174914953241957
2020-10-12,RUS,MIL,187,110,15.807486631016042,3701.187165775401,3665.6898395721923,3600.438502673797,0.21390374331550802,0.29411764705882354,6136.502673796792,0.7625668449197861,-4.29388187489996,29.197860962566846,53.54851751336898,49.352489679144384,48.19474639037432,44.32451802139038,47.22847687165776,50.837374171122995,2456.0,886.0,2456.0,RUS -> MIL,0.0003759988096722175
2020-10-19,RUS,MIL,253,104,14.142292490118576,3920.885375494071,3915.9446640316205,3929.9565217391305,0.3794466403162055,0.21739130434782608,6274.99209486166,3.4964426877470363,-1.8641953987275515,43.201581027667984,46.66813952569169,38.236296047430834,46.58840508695653,36.17869781027669,46.04144703557312,35.66124822134388,13343.0,2340.0,11847.0,RUS -> MIL,0.000542620363062352
2020-10-26,RUS,MIL,101,75,8.94059405940594,2308.3762376237623,2346.6930693069307,2334.0495049504952,0.5742574257425742,0.5148514851485149,4496.950495049505,-1.2326732673267327,-3.5926263600374355,45.84158415841584,49.37258811881189,35.78880495049505,46.995996039603966,36.681434653465345,48.02198712871287,35.19906237623762,884.0,123.0,826.0,RUS -> MIL,0.00027024640585658746
2020-11-02,RUS,MIL,162,84,14.37037037037037,3425.364197530864,3466.216049382716,3448.91975308642,0.6111111111111112,0.4567901234567901,6260.734567901234,1.8734567901234571,-3.1357348888950325,65.06172839506173,54.62041619753085,46.911891925925936,52.45950762962962,61.475501901234566,51.887878820987645,46.11074696296297,10180.0,1170.0,10180.0,RUS -> MIL,0.00046815126487536197
2020-11-09,RUS,MIL,295,159,17.138983050847457,4083.6305084745763,4169.738983050847,4185.071186440678,0.43050847457627117,0.488135593220339,7645.298305084746,-0.266779661016949,-3.4276289652989114,36.271186440677965,48.94354054761904,51.664984610169505,46.89849129251699,45.92835686779661,47.82493904761904,44.68830574915255,3830.0,973.0,3790.0,RUS -> MIL,0.0011483335539171798
2020-11-16,RUS,MIL,515,147,14.013592233009708,4292.328155339806,4381.584466019417,4363.92427184466,0.19611650485436893,0.2524271844660194,5823.916504854369,0.2792233009708737,-3.1200360400602034,39.786407766990294,53.415140155945465,53.56540636893208,53.14225497076028,48.82099200000005,52.3554395224172,49.16362073786412,86578.0,19641.0,86400.0,RUS -> MIL,0.0007767324149289478
2020-11-23,RUS,MIL,283,160,7.102473498233215,1638.73851590106,1893.2296819787987,1948.0918727915193,0.36395759717314485,0.6325088339222615,4358.7420494699645,0.004593639575971633,-4.023663167439475,43.25088339222615,52.094614056939484,53.692875406360436,50.76435691785713,45.27787662897528,51.283350042704605,48.90738157597173,16800.0,3894.0,16789.0,RUS -> MIL,0.0003924298479646342
2020-11-30,RUS,MIL,176,135,11.363636363636363,3016.340909090909,3050.068181818182,2992.125,0.48295454545454547,0.4715909090909091,5359.102272727273,-1.1500000000000004,-1.7454172823501144,44.65909090909091,47.31444247159091,55.748662801136355,47.35504010227272,51.03559707954546,46.453898331428576,55.14893420571429,1633.0,277.0,1633.0,RUS -> MIL,0.00022945019301193794
2020-12-07,RUS,MIL,290,162,9.179310344827586,2437.2344827586207,2454.8758620689655,2458.0724137931034,0.3931034482758621,0.49310344827586206,4209.7,1.8837931034482753,-0.5402565436825038,38.06896551724138,49.43292620689654,46.87810275862069,47.45005834482758,35.48682906896553,44.790354896551705,39.74317862068966,6370.0,1632.0,6370.0,RUS -> MIL,0.00035462120341316793
2020-12-14,RUS,MIL,221,137,10.144796380090497,2676.443438914027,2727.072398190045,2709.4298642533936,0.497737556561086,0.4072398190045249,5145.171945701358,-0.8904977375565611,-2.914855811964365,46.60633484162896,53.55840176470587,54.95407164253394,51.871567995475104,52.612964009049776,52.11729480542986,54.95216581900453,11238.0,1306.0,11238.0,RUS -> MIL,0.000272744214058545
2020-12-21,RUS,MIL,450,179,10.995555555555555,2459.842222222222,2492.968888888889,2489.2244444444445,0.5133333333333333,0.4111111111111111,4353.913333333333,3.590222222222223,-3.4180574649278634,41.82222222222222,45.373958599999995,57.570539733333334,45.04466116222221,57.88066536222223,43.9520049711111,67.07085535999998,25638.0,6258.0,25288.0,RUS -> MIL,0.0006419052890142903
2020-12-28,RUS,MIL,345,136,8.284057971014493,1916.7797101449275,1982.463768115942,1953.0927536231884,0.2463768115942029,0.5681159420289855,4413.547826086957,0.12521739130434795,-4.517773278123237,37.82608695652174,53.630867826086934,57.208798637681184,49.35979574782608,51.77710711014493,48.83152038550723,53.563622823188425,8370.0,2151.0,8312.0,RUS -> MIL,0.000562866475020149
2021-01-04,RUS,MIL,122,79,15.868852459016393,3946.6475409836066,3969.434426229508,3965.44262295082,0.4918032786885246,0.5819672131147541,11112.16393442623,-0.675409836065574,-4.203552869858107,45.98360655737705,51.09628862295081,52.16908972131149,48.63696649180326,54.93197824590164,48.63772940163933,51.35847824590165,2472.0,500.0,2448.0,RUS -> MIL,0.00011446918667766321
2021-01-11,RUS,MIL,414,109,7.71256038647343,1974.3961352657004,1980.5628019323672,1961.1714975845412,0.3647342995169082,0.7101449275362319,4866.606280193237,0.46714975845410733,-5.238271940860384,38.792270531400966,40.453426859903395,56.55832591787439,27.581670946859905,38.339395198067635,24.74782727536233,30.83022651932367,25170.0,6580.0,25170.0,RUS -> MIL,0.0004488914333298636
2021-01-18,RUS,MIL,404,184,8.131188118811881,2083.2178217821784,2099.4653465346537,2100.621287128713,0.4603960396039604,0.6386138613861386,4114.945544554455,-0.03465346534653306,-3.1912968831942616,34.975247524752476,52.88250693069303,47.680519727722796,48.27566850374063,47.12156368811882,49.297548802992495,44.87261067821783,14534.0,4968.0,14531.0,RUS -> MIL,0.0004567206328067857
2021-01-25,RUS,MIL,161,103,11.521739130434783,2966.3664596273293,2908.5714285714284,2936.9875776397516,0.40372670807453415,0.5031055900621118,6071.27950310559,-0.14906832298136663,-2.108298059293299,34.6583850931677,52.536573367088614,67.45659840251572,41.83994474683545,53.80777949685535,44.27362819620252,47.40578339622641,1646.0,559.0,1577.0,RUS -> MIL,0.00019914183475185814
2021-02-01,RUS,MIL,295,179,9.098305084745762,2472.2949152542374,2473.7322033898304,2494.094915254237,0.38305084745762713,0.5898305084745763,5006.213559322034,0.6142372881355934,-3.8880953858460288,31.966101694915253,51.03450112881355,52.39273367118644,51.55011316271186,43.93144021355933,52.03050045084745,48.35263651864406,2192.0,650.0,2192.0,RUS -> MIL,0.0003562565288537597
2021-02-08,RUS,MIL,216,126,8.23611111111111,2127.0555555555557,2171.097222222222,2147.6203703703704,0.6064814814814815,0.5787037037037037,4719.273148148148,0.7000000000000001,-1.9785842769842419,52.083333333333336,53.08547827777779,56.96050663425926,47.678508972222225,50.00835399537037,48.49978263888888,52.95323175925926,5286.0,736.0,5046.0,RUS -> MIL,0.00027314837647433735
2021-02-15,RUS,MIL,204,123,6.867647058823529,1465.7058823529412,1537.2745098039215,1493.0196078431372,0.38235294117647056,0.6029411764705882,3856.6029411764707,0.5460784313725489,-3.282067969455774,36.3235294117647,50.974557107843125,38.086824019607846,49.773446551724135,46.095575490196076,48.51002549019607,37.785330882352945,1959.0,677.0,1959.0,RUS -> MIL,0.0002689958542991867
2021-02-22,RUS,MIL,212,128,10.45754716981132,2465.2216981132074,2426.0330188679245,2499.169811320755,0.42924528301886794,0.419811320754717,5200.207547169812,0.8551886792452832,-3.7192918161633224,40.990566037735846,50.72827541037734,55.92137818867926,43.35170489150944,45.80950711792453,44.68964321698114,50.04592079716982,2807.0,630.0,2792.0,RUS -> MIL,0.00027158909082989686
2021-03-01,RUS,MIL,131,95,11.145038167938932,3011.1832061068703,3001.763358778626,3028.961832061069,0.37404580152671757,0.5572519083969466,5310.694656488549,-0.6091603053435114,-1.949332173977461,39.9236641221374,54.1357,42.032696183206106,47.570117175572534,27.175599999999996,50.36913835877863,33.700671755725196,1199.0,321.0,1197.0,RUS -> MIL,0.00017243353740162404
2021-03-08,RUS,MIL,251,126,15.0,3313.06374501992,3383.00796812749,3370.8804780876494,0.5896414342629482,0.28286852589641437,6749.434262948207,-3.2553784860557764,-4.621652204719594,35.97609561752988,50.31356733466132,45.614745968127515,51.09281021912348,44.999837450199216,50.62906003984061,47.93465577689245,18491.0,3500.0,18491.0,RUS -> MIL,0.00032813674543255876
2021-03-15,RUS,MIL,309,145,12.54368932038835,2679.2071197411005,2724.559870550162,2724.4951456310678,0.5566343042071198,0.42718446601941745,4870.466019417476,-0.18899676375404528,-4.111703211170877,48.86731391585761,51.69275987055015,62.92051357605177,50.70692961165047,45.11435014563108,51.91784555016179,49.98992965048544,33118.0,3833.0,33118.0,RUS -> MIL,0.00034520356956131216
2021-03-22,RUS,MIL,505,120,6.689108910891089,1629.2930693069306,1691.4950495049504,1670.5227722772277,0.27524752475247527,0.8930693069306931,4735.9445544554455,-1.319801980198026,-2.049790147940685,47.76237623762376,58.58099309900981,63.93468032871301,57.69451441980189,55.071604883168376,57.83038760396032,55.295910427722845,93810.0,20895.0,93302.0,RUS -> MIL,0.0005919996811407658
2021-03-29,RUS,MIL,661,240,7.739788199697428,1549.9909228441754,1583.8910741301058,1548.4538577912253,0.540090771558245,0.6399394856278366,4224.155824508321,-2.4748865355521934,-4.567385112038641,47.5642965204236,53.51870197579421,44.40983823903179,52.185564582450816,46.321448028744356,53.135727869894076,44.93640349773074,35906.0,5610.0,35886.0,RUS -> MIL,0.0009542370434531543
2021-04-05,RUS,MIL,768,312,12.154947916666666,2819.7630208333335,2870.3580729166665,2856.4283854166665,0.49609375,0.4231770833333333,5681.828125,-1.0243489583333332,-3.336525148423915,45.911458333333336,54.26503084244788,37.16901366666669,48.093802229166634,53.30609289843752,50.679649690104135,45.074116856770836,65352.0,10070.0,65135.0,RUS -> MIL,0.0010285296445546185
2021-04-12,RUS,MIL,882,343,10.081632653061224,2045.7369614512472,2085.8526077097504,2079.106575963719,0.3922902494331066,0.5328798185941043,4485.589569160998,-2.833673469387754,-4.1520336356481415,38.29931972789116,52.496534183673425,37.75499292517009,49.57341164772724,36.45028469387756,50.93644710556183,37.746069160997756,40271.0,9691.0,40016.0,RUS -> MIL,0.0010313895577069474
2021-04-19,RUS,MIL,737,289,8.49796472184532,1698.7042062415196,1723.3772048846677,1726.2890094979648,0.2862957937584803,0.5807327001356852,3986.5915875169608,-2.8329715061058347,-4.650713945337514,36.13297150610583,52.924555179104495,45.54691433649935,52.39907017232028,41.31675599185891,51.87877583717779,40.45761542198102,44892.0,14655.0,44880.0,RUS -> MIL,0.0008876384601580406
2021-04-26,RUS,MIL,281,177,9.654804270462634,2348.067615658363,2384.932384341637,2370.44128113879,0.45907473309608543,0.47686832740213525,4963.97153024911,-0.6622775800711742,-3.141371359780102,39.35943060498221,53.081015149466175,48.54672891459076,50.477802206405684,40.07355743416372,50.4455314341637,46.62414933451958,3323.0,758.0,3321.0,RUS -> MIL,0.000358419281681841
2021-05-03,RUS,MIL,186,117,16.456989247311828,4404.3279569892475,4460.569892473119,4454.263440860215,0.3602150537634409,0.27956989247311825,6640.322580645161,-0.7897849462365594,-2.7734072098947458,39.40860215053763,48.773452521505384,63.124420596774215,42.406684419354846,59.17555160215055,43.405798397849466,56.619614505376354,1808.0,411.0,1800.0,RUS -> MIL,0.00025802728430445
2021-05-10,RUS,MIL,219,106,8.429223744292237,1890.853881278539,1953.607305936073,1925.337899543379,0.4063926940639269,0.5570776255707762,4414.881278538813,-2.182191780821916,-1.1996375218504998,43.470319634703195,54.6053306451613,57.09751013824884,52.778264908256894,54.401379357798156,52.88550068807341,55.78589495412845,14062.0,2491.0,14054.0,RUS -> MIL,0.00024570658594625646
2021-05-17,RUS,MIL,432,202,8.261574074074074,2339.6666666666665,2400.8449074074074,2384.8935185185187,0.3125,0.6481481481481481,5814.497685185185,0.1328703703703702,-1.5973431832824554,36.75925925925926,58.675418837209286,51.44001418604652,56.72178872093022,41.25455255813954,56.884229350348015,52.22145269141532,14926.0,5212.0,14866.0,RUS -> MIL,0.00045432890257484596
2021-05-24,RUS,MIL,221,130,8.316742081447964,2049.769230769231,2145.176470588235,2140.601809954751,0.3936651583710407,0.6832579185520362,5059.429864253394,0.17149321266968315,-2.4891191115445905,46.380090497737555,48.40116935483871,47.817414023041465,48.715753405529945,45.68430468202766,48.370932400921646,45.95213776958526,3372.0,582.0,3332.0,RUS -> MIL,0.00029226309497360376
2021-05-31,RUS,MIL,264,124,6.609848484848484,1412.003787878788,1453.0113636363637,1419.1098484848485,0.4659090909090909,0.6856060606060606,3726.337121212121,-1.9465909090909095,-3.01527189391113,54.54545454545455,52.88274903409088,45.5052066818182,48.05045272727273,35.46775478787878,50.04403421212119,41.83336203409091,27284.0,3344.0,27180.0,RUS -> MIL,0.0003926193510775468
2021-06-07,RUS,MIL,240,178,7.975,2227.4041666666667,2223.054166666667,2269.2708333333335,0.36666666666666664,0.5333333333333333,5141.375,-0.3912499999999998,-1.8359929398130204,38.541666666666664,53.764142249999985,47.826721083333354,48.64793452083334,33.95040725,49.19568795833334,37.01890904166667,1771.0,488.0,1737.0,RUS -> MIL,0.0003041428051851279
2021-06-14,RUS,MIL,430,223,15.397674418604652,3782.8558139534885,3516.8372093023254,3782.4348837209304,0.3209302325581395,0.47674418604651164,7530.3883720930235,1.058372093023256,-1.696287779426635,37.44186046511628,52.35311787383178,51.61747930607478,49.33873600697673,36.69564203023256,50.10758772261071,52.82491667365968,8760.0,1918.0,8388.0,RUS -> MIL,0.0006186667587473005
2021-06-21,RUS,MIL,1408,329,8.075284090909092,1849.5397727272727,1912.3572443181818,1880.5291193181818,0.3359375,0.4630681818181818,3950.9964488636365,-0.7152698863636394,-2.31317926579952,28.125,52.189871377130665,51.92315558167615,51.83523013139204,32.11890320028411,51.93495727911931,49.15551554119318,156175.0,60016.0,151598.0,RUS -> MIL,0.0019802119445596913
2021-06-28,RUS,MIL,275,161,7.261818181818182,1664.4072727272728,1703.5527272727272,1709.2836363636363,0.49454545454545457,0.68,3572.84,-0.8752727272727273,-2.088154204068533,50.54545454545455,53.90537945454543,43.80387071272728,48.66773330181815,51.090844596363624,49.547042545454524,50.693762469090906,11440.0,1424.0,11438.0,RUS -> MIL,0.000405262816620786
2021-07-05,RUS,MIL,267,138,9.97003745318352,2529.389513108614,2597.4157303370785,2549.801498127341,0.35580524344569286,0.30711610486891383,4795.827715355806,1.1850187265917604,-2.9613055729341196,38.01498127340824,49.84575140074905,51.440115685393266,43.15627537453184,49.01334805992511,42.34952106741573,47.07982059550564,5165.0,1320.0,5160.0,RUS -> MIL,0.000528122002116444
2021-07-12,RUS,MIL,408,173,8.284313725490197,2026.3700980392157,2002.7205882352941,2054.926470588235,0.45098039215686275,0.5955882352941176,3797.4338235294117,0.17720588235294127,-3.2176444658999914,42.69607843137255,52.096217749999994,62.91622744117649,46.71383043382353,57.02832874509802,48.75752975980392,47.84069194362744,15462.0,3644.0,15430.0,RUS -> MIL,0.0005799631268541407
2021-07-19,RUS,MIL,501,210,7.610778443113772,1705.385229540918,1760.6746506986028,1729.3552894211577,0.5109780439121756,0.592814371257485,3454.814371257485,0.9379241516966067,-2.9798360552005634,48.42315369261477,50.51224608982034,47.94063869461079,47.71002230661322,46.18575200798405,48.306181788732374,46.24951965269462,24320.0,4260.0,24304.0,RUS -> MIL,0.0008177896174997184
2021-07-26,RUS,MIL,321,187,6.009345794392523,1445.8940809968847,1480.0436137071652,1460.1713395638628,0.4797507788161994,0.6012461059190031,2922.601246105919,1.4806853582554527,-1.0876209934674224,44.26791277258567,46.41163185358255,60.14790218068535,44.23582110903427,57.09847641744548,45.79426334579439,52.68481467289719,7403.0,1487.0,6892.0,RUS -> MIL,0.0005391668612258404
2021-08-02,RUS,MIL,146,131,7.842465753424658,1835.8287671232877,1874.8561643835617,1814.835616438356,0.5205479452054794,0.6438356164383562,4573.760273972603,0.39041095890410965,-2.4684467973432294,47.465753424657535,53.139457534246574,55.97133904109589,47.45738619178082,48.173046027397255,50.18327997260275,49.77666321917808,872.0,170.0,866.0,RUS -> MIL,0.0002679218622404507
2021-08-09,RUS,MIL,378,141,7.748677248677248,1741.2671957671957,1794.3968253968253,1781.494708994709,0.6613756613756614,0.6904761904761905,3237.3386243386244,2.7637566137566125,-2.6610766200767375,62.116402116402114,51.522097730158706,55.46212024603176,43.74078507936507,67.86473434656085,45.33094193650792,65.69012167460318,37599.0,4127.0,37570.0,RUS -> MIL,0.000729811446069251
2021-08-16,RUS,MIL,1015,216,92.1103448275862,21480.348768472908,21574.790147783253,21546.42167487685,0.36354679802955664,0.4403940886699507,25322.479802955666,0.3716256157635473,-2.7797707039023605,37.76354679802956,46.908913694581365,51.8549340886699,44.19651930246302,-2.2269170246305374,49.90353529556659,42.125547507389136,239188.0,33334.0,239186.0,RUS -> MIL,0.00168417489534056
2021-08-23,RUS,MIL,363,263,10.818181818181818,3485.6363636363635,3528.741046831956,3516.8650137741047,0.44352617079889806,0.6556473829201102,5688.796143250689,0.22644628099173536,-0.9721765989691858,44.87603305785124,51.33383388674032,47.607911417127085,49.42270877285318,48.15346158725763,50.134628994459824,49.86893028531857,3580.0,560.0,3468.0,RUS -> MIL,0.00043943858391824265
2021-08-30,RUS,MIL,258,171,12.445736434108527,3529.2093023255816,3410.9728682170544,3433.186046511628,0.4069767441860465,0.4728682170542636,6184.46511627907,-0.8976744186046514,-2.387406836296471,41.627906976744185,51.27452277519379,53.31826541085273,48.71615585271318,51.37931475968994,49.67950911240309,51.906302232558154,3691.0,822.0,3690.0,RUS -> MIL,0.00036492117419752705
2021-09-06,RUS,MIL,298,183,7.184563758389261,1699.03355704698,1908.6342281879195,1895.234899328859,0.5369127516778524,0.6812080536912751,3835.0973154362414,1.3919463087248325,-1.6363635186179073,44.86577181208054,53.56386285234899,52.84481102684565,51.2448695067114,48.634266604026855,51.54288173825502,48.19303970469799,4251.0,722.0,4139.0,RUS -> MIL,0.000439239084613956
2021-09-13,RUS,MIL,1342,232,12.87183308494784,2573.0715350223545,2529.941132637854,2488.8464977645303,0.45454545454545453,0.21311475409836064,5890.168405365127,1.1936661698956776,-1.8576540333108107,33.397913561847986,55.121930160447754,45.51879426417909,51.51361379135618,17.619110092399406,45.73646943517141,83.31813019672127,307496.0,92047.0,307469.0,RUS -> MIL,0.0017534575910210428
2021-09-20,RUS,MIL,615,161,6.541463414634146,1868.7219512195122,1863.159349593496,1883.9121951219513,0.6715447154471544,0.7284552845528456,5268.525203252033,3.029593495934959,-2.1289426623903895,56.048780487804876,55.69973393008131,47.688611435772366,52.91193008292683,35.07223465040653,54.14845913333334,36.166850297561,148386.0,17195.0,132708.0,RUS -> MIL,0.0007419543197424996
2021-09-27,RUS,MIL,267,204,17.329588014981272,4609.704119850187,4460.104868913858,4658.820224719101,0.35580524344569286,0.37453183520599254,7933.086142322098,-0.9393258426966292,-2.4430964273927556,41.49812734082397,50.84910950570342,41.67877889513108,46.824106052434466,41.31126562921349,48.79231751320755,39.92305396629213,2003.0,394.0,1994.0,RUS -> MIL,0.0003806970891643913
2021-10-04,RUS,MIL,256,150,9.96875,2563.9453125,2567.78515625,2572.453125,0.4296875,0.54296875,5383.67578125,0.6144531250000003,-2.127119178223628,42.03125,47.84548216015624,64.28057887890625,45.82881884375,57.612510152343745,47.547321417968746,61.72878942578126,6874.0,1421.0,6869.0,RUS -> MIL,0.0003918759222861062
2021-10-11,RUS,MIL,375,188,8.045333333333334,2024.496,2024.768,2032.2826666666667,0.5093333333333333,0.776,4741.408,2.1770666666666667,-4.099286114233376,49.28,51.77794073866663,50.44525688800003,45.87564776266666,53.87163141066667,47.10437548533332,57.527506221333354,17726.0,3822.0,17718.0,RUS -> MIL,0.0005803695793481289
2021-10-18,RUS,MIL,290,188,7.279310344827586,1890.751724137931,1932.6586206896552,1919.7655172413793,0.47586206896551725,0.6655172413793103,4869.737931034483,-1.7900000000000005,-1.620708383843105,45.41379310344828,52.74040706574393,51.90773942214533,50.70760758333333,51.25997821107267,51.39890469097221,48.59382465743945,6094.0,886.0,6054.0,RUS -> MIL,0.00042574306846242157
2021-10-25,RUS,MIL,474,168,8.774261603375528,2305.637130801688,2319.4261603375526,2304.8016877637133,0.32489451476793246,0.4029535864978903,4536.088607594937,4.85105485232067,-2.325862169084772,32.721518987341774,46.276556926160325,70.17252257172997,46.6848095991561,66.23108867721521,47.16586668776369,65.86411159493672,38791.0,15388.0,38756.0,RUS -> MIL,0.000693288557228484
2021-11-01,RUS,MIL,339,164,11.985250737463128,2820.451327433628,2874.0825958702067,2853.646017699115,0.4837758112094395,0.43952802359882004,5804.401179941003,1.1554572271386432,-2.9364549277848666,41.091445427728615,51.3004328436578,40.58737950737464,49.613483752212375,37.806753224188796,50.666888079646014,43.54199543657818,11342.0,2597.0,11200.0,RUS -> MIL,0.0004937947911204335
2021-11-08,RUS,MIL,733,287,13.669849931787176,3102.74897680764,3142.354706684857,3137.482946793997,0.21418826739427013,0.24283765347885403,5036.428376534788,0.005729877216916784,-4.518568302286639,25.743519781718962,52.52015884239894,41.17660034030679,47.821902345205494,37.95550858356163,51.017832546722516,38.07348752440721,15219.0,11436.0,15216.0,RUS -> MIL,0.0010836895118666219
2021-11-15,RUS,MIL,357,231,10.490196078431373,2461.5854341736695,2534.5098039215686,2490.9271708683473,0.49019607843137253,0.5882352941176471,4866.929971988796,-0.39607843137254906,-3.1418382054026224,38.87955182072829,53.737886605633776,55.11497716011236,50.745804516233754,44.479447058064515,52.57136379999999,51.99296952808989,8774.0,2420.0,8605.0,RUS -> MIL,0.0005443600034155922
2021-11-22,RUS,MIL,532,267,9.156015037593985,2219.627819548872,2277.4304511278197,2259.562030075188,0.4699248120300752,0.4548872180451128,4286.575187969925,-0.20357142857142826,-2.1559078254022497,45.338345864661655,52.18552825187967,49.402644573308294,46.08775669172929,56.91133809022558,47.462106663533795,54.93647125939851,14797.0,2372.0,14760.0,RUS -> MIL,0.0009529439160262955
2021-11-29,RUS,MIL,867,313,9.629757785467127,2185.889273356401,2218.0519031141866,2231.4359861591697,0.3944636678200692,0.49596309111880044,4440.189158016147,-3.0095732410611316,-3.6056856673972772,39.25028835063437,53.53453508189157,41.4736049504037,50.20737015455592,48.45130936793542,50.41927276470586,47.377142036908864,40045.0,10629.0,40044.0,RUS -> MIL,0.001260850659728837
2021-12-06,RUS,MIL,827,399,9.235792019347038,2042.9407496977026,2102.1402660217655,2085.417170495768,0.4848851269649335,0.5634824667472793,4521.957678355502,-0.5430471584038681,-2.1421367705439254,42.30955259975816,50.42647849093104,46.86126063603388,48.10539314631194,43.3953080483676,47.79734847279321,46.62758704474004,39112.0,6021.0,39048.0,RUS -> MIL,0.0012102462638951491
2021-12-13,RUS,MIL,722,254,9.46398891966759,2427.8753462603877,2437.8573407202216,2440.8407202216067,0.4196675900277008,0.5955678670360111,5763.225761772853,-0.966897506925206,-2.442737799561698,43.97506925207756,54.290054866666694,53.7151412861111,50.827617343490324,33.30269363573409,52.66068313296401,49.809655583102455,121852.0,22737.0,121816.0,RUS -> MIL,0.0011673082550681712
2021-12-20,RUS,MIL,659,228,9.103186646433992,2016.9666160849772,2082.5508345978756,2074.8179059180575,0.29893778452200304,0.5022761760242792,4280.329286798179,-2.0602427921092543,-3.871956245564892,44.537177541729896,54.91168935508346,51.78303311532627,53.76367680728376,49.53696475720791,53.72201360790273,48.64636941122915,142982.0,29548.0,142801.0,RUS -> MIL,0.0013410745283345237
2021-12-27,RUS,MIL,433,164,9.833718244803695,2124.875288683603,2163.7875288683604,2158.096997690531,0.47344110854503463,0.5635103926096998,5252.219399538106,-0.48891454965357944,-3.238068308344421,46.697459584295615,54.103924445727465,41.17068899076214,52.44513300462962,36.73000512268519,53.01896417824072,38.531807430555574,16991.0,3244.0,16647.0,RUS -> MIL,0.0009705778188224851
2022-01-03,RUS,MIL,874,231,8.175057208237986,1769.9691075514875,1761.2528604118993,1794.395881006865,0.4919908466819222,0.7368421052631579,4743.467963386728,1.5784897025171618,-2.5548790947016062,42.986270022883296,53.16663916819228,41.70770959496562,52.73985991533186,40.868980681922125,52.326345270022934,35.20726645194511,123395.0,21243.0,123361.0,RUS -> MIL,0.0015911594163321408
2022-01-10,RUS,MIL,988,317,12.26417004048583,2745.0121457489877,2775.5607287449393,2800.796558704453,0.44534412955465585,0.4767206477732793,5054.5910931174085,-2.7373481781376556,-3.1570970071958735,48.097165991902834,52.29013528947371,53.733807131579084,49.826470284413006,44.300339894736766,52.25329315890693,48.28567194939264,194473.0,33960.0,194429.0,RUS -> MIL,0.0016208120136948772
2022-01-17,RUS,MIL,2458,530,17.714808787632222,3584.252237591538,3564.2375915378357,3578.4182262001627,0.354759967453214,0.29536208299430433,5610.056956875508,3.615419039869817,-3.0124509394258583,31.993490642799024,53.14710013344187,36.70974343287222,51.49511192392193,32.11501835231892,50.867613208706366,27.202042636289608,435495.0,131062.0,435450.0,RUS -> MIL,0.0035555632703660146
2022-01-24,RUS,MIL,1913,637,10.09932043910089,2164.106638787245,2235.3863042341873,2208.9853633037114,0.4051228437009932,0.5734448510193414,4276.805541035023,-0.7406691061160475,-2.6887072091712034,38.93883951907998,54.052633971204166,42.66351113036645,51.85604470283018,36.26194529267015,52.62438814659686,39.82306390523559,226256.0,41147.0,225710.0,RUS -> MIL,0.0028339649139440554
2022-01-31,RUS,MIL,1109,438,10.147880973850315,2192.6158701532913,2250.223624887286,2213.000901713255,0.5410279531109107,0.5590622182146078,4282.212804328224,0.21650135256988182,-2.5136459964626905,49.27862939585212,54.08424080956676,53.351798295126386,51.995050534296006,45.16883983754513,52.95130497924185,46.127862361010834,110022.0,17424.0,109988.0,RUS -> MIL,0.0016930444725685575
2022-02-07,RUS,MIL,6848,852,24.94304906542056,5160.971524532711,5235.965245327103,5200.610251168225,0.4139894859813084,0.19217289719626168,7976.580607476635,-5.1232184579439695,-3.1320494800329604,29.058119158878505,53.20635072502878,31.4802256160925,47.58450667275118,17.6766808272488,53.15754839924024,34.526393269422066,4352356.0,1122634.0,4351461.0,RUS -> MIL,0.009080927400319318
2022-02-14,RUS,MIL,3045,880,20.040394088669952,4129.399014778325,4046.5638752052546,4157.350082101806,0.3898193760262726,0.4656814449917898,7797.787520525451,-3.326436781609199,-4.4441957335151825,39.65188834154351,53.15739159540238,38.16666593858782,51.77191223537154,35.45753821937599,53.31786257255691,36.739585941871894,1107896.0,206835.0,1106643.0,RUS -> MIL,0.004135048371239075
2022-02-21,RUS,MIL,6786,1740,20.056292366637194,4255.711022693781,4262.427203065134,4284.381078691424,0.2891246684350133,0.5705865016209843,13242.888888888889,-3.2372679045092854,-4.353481671533442,33.84615384615385,53.7609793980255,39.3559029484232,51.56276390194634,37.6796614493074,51.81424214618692,33.2036159030356,1235114.0,268250.0,1233738.0,RUS -> MIL,0.006225299706073382
2022-02-28,RUS,MIL,4697,1378,33.06536086863956,7110.369810517352,7054.614434745582,7149.908026399829,0.3930168192463274,0.3891845859058974,11806.655098999361,-1.7176708537364274,-3.6546425000785736,39.54013199914839,52.97148519450452,43.00012192297696,50.652432288730964,29.62835175834587,51.120424833297506,30.90361961188884,1142560.0,164931.0,1140390.0,RUS -> MIL,0.004857431238960383
2022-03-07,RUS,MIL,2569,1153,13.138964577656676,3210.106267029973,3158.938497469833,3245.066173608408,0.36356558972362785,0.48579213701829504,6680.527442584664,-1.1622421175554691,-3.893727187051732,35.24328532502919,53.35299974503706,47.31807219657442,51.86381629528638,37.27852038108208,52.31687113901875,41.944256437134975,108350.0,36933.0,107822.0,RUS -> MIL,0.0027208016886127724
2022-03-14,RUS,MIL,3248,1170,15.096059113300493,3337.108990147783,3397.106527093596,3328.477832512315,0.44704433497536944,0.4408866995073892,7388.399014778325,-1.347229064039409,-3.998232443557284,34.79987684729064,53.57795375338677,47.26805756588662,49.93229046305427,43.06864476231525,51.438387767241444,46.87184468288171,267430.0,60438.0,266732.0,RUS -> MIL,0.003673564024407485
2022-03-21,RUS,MIL,3142,972,19.516231699554424,4288.486632718014,4307.13621896881,4326.049331635901,0.3787396562698918,0.5041374920432845,8753.056651814131,-0.08367281985996124,-4.607074588215084,38.077657542966264,53.83615632951298,39.657949009551004,51.97014030394658,36.49485009102478,52.708994096272335,37.427082853207985,472965.0,97289.0,469433.0,RUS -> MIL,0.003868872079721914
2022-03-28,RUS,MIL,3296,848,27.526699029126213,6081.684769417476,6102.283677184466,6108.185679611651,0.43021844660194175,0.5922330097087378,10153.591626213592,1.6665351941747562,-3.3350590801717495,38.31614077669903,53.052221715066864,45.690000808077706,51.41833623884677,39.98002053124997,50.550453259720555,45.351070221378606,654752.0,100824.0,654701.0,RUS -> MIL,0.0038787970080541526
2022-04-04,RUS,MIL,1623,524,17.788046826863834,3900.732593961799,3655.64202094886,3963.147258163894,0.45040049291435613,0.42513863216266173,8879.427603203943,0.27455329636475717,-4.751201018641954,44.03573629081947,54.1934314799754,40.57827068576703,49.485613155884224,33.779260815157095,52.8506273518177,42.74564484473192,279767.0,40969.0,279741.0,RUS -> MIL,0.002108172774046224
2022-04-11,RUS,MIL,4141,884,16.84641390968365,4018.5467278435162,2865.7684134267083,3504.8145375513163,0.3004105288577638,0.45930934556870323,7609.037430572325,-1.4114465105047092,-4.686481318933696,31.48756339048539,51.52765452209612,26.553225098043818,51.86528726244569,31.424342451184142,51.7424625291134,34.70188493017638,439870.0,153898.0,439813.0,RUS -> MIL,0.00575994080099481
2022-04-18,RUS,MIL,3706,662,17.599028602266596,3837.9266055045873,3852.2854830005394,3848.8421478683217,0.34889368591473285,0.33297355639503506,6608.1297895304915,-4.2642201834862385,-4.52453461360781,34.63302752293578,53.53146110442534,39.33680812439283,51.789730205024355,36.357918455159336,53.80911087209938,38.861765074203944,1163687.0,280824.0,1161979.0,RUS -> MIL,0.005191443224017919
2022-04-25,RUS,MIL,1741,566,28.808730614589315,6702.04192992533,6742.418724870764,6733.716255025847,0.4462952326249282,0.36358414704192993,13091.466398621482,-0.3570936243538193,-3.163848413222678,39.115450890292934,53.88391028374509,41.56179761803564,51.226448800689305,31.82347543021256,52.18269915871198,36.35051884491675,133905.0,24782.0,133884.0,RUS -> MIL,0.002173088156731955
2022-05-02,RUS,MIL,2978,590,30.351242444593687,6691.571524513096,6735.189053055742,6715.508394895904,0.27871054398925454,0.37777031564808594,12437.195768972464,-3.4014103425117526,-3.6142766468905037,34.116856950973805,53.20485754163869,37.41450976595029,52.540723575889864,36.398764895903284,52.75484014439221,35.801329359637336,765395.0,132881.0,764059.0,RUS -> MIL,0.004387076244969152
2022-05-09,RUS,MIL,2855,695,15.542907180385289,3820.7565674255693,3846.6339754816113,3861.8928196147112,0.33064798598949213,0.5968476357267951,7973.273905429071,-2.5086164623467715,-2.307503029944645,36.54991243432575,54.031825790893194,34.09772727985991,53.515658903677775,29.76657259894916,53.89551759474608,32.696681627670685,747437.0,179120.0,746245.0,RUS -> MIL,0.003911591188712696
2022-05-16,RUS,MIL,2097,584,15.392465426800191,3481.777777777778,2581.7672865999048,3355.511206485455,0.3748211731044349,0.38865045302813545,8070.586075345732,-1.2869337148307118,-3.702306782790543,30.901287553648068,54.96537015069151,50.25984396041961,51.338962232236554,30.5463124177396,53.15536780686702,43.6054256084883,155387.0,52741.0,155214.0,RUS -> MIL,0.002947120479184644
2022-05-23,RUS,MIL,1273,490,12.868028279654359,3007.528672427337,2684.422623723488,3054.9277297721915,0.4752553024351925,0.4430479183032207,5988.328358208955,-1.6076983503534967,-4.612037540200408,47.30557737627651,53.22191312490181,47.158706210526326,50.71038719324431,46.00354357109192,52.03874439512961,46.97768971170464,239089.0,26168.0,239089.0,RUS -> MIL,0.001691862976376383
2022-05-30,RUS,MIL,602,313,10.382059800664452,2457.1162790697676,2464.5448504983387,2488.076411960133,0.3953488372093023,0.5249169435215947,5377.627906976744,0.08754152823920267,-3.803123450128156,35.714285714285715,54.25542446666665,48.731490076411994,52.12427043189368,42.00876473421929,51.856316106489174,42.32862250166115,8690.0,2137.0,8689.0,RUS -> MIL,0.0009311548640467495
2022-06-06,RUS,MIL,1174,365,17.969335604770016,3574.827086882453,2895.333901192504,2910.477853492334,0.20528109028960817,0.47103918228279384,6943.943781942078,-4.632367972742762,-4.3715925747867335,29.69335604770017,54.41406321124369,41.657570121805804,53.192461956558844,38.194838300681454,53.12167956047707,38.44534475979559,170676.0,56843.0,170676.0,RUS -> MIL,0.0018322335770068732
2022-06-13,RUS,MIL,1197,316,7.47953216374269,1767.2940685045949,1859.013366750209,1828.0860484544696,0.4193817878028404,0.7000835421888053,3889.0116959064326,-0.8952380952380952,-3.3973426087878718,36.574770258980784,54.20452709273186,40.66326304344195,51.872377882205555,30.64734263074354,52.94081349624063,40.125604644945724,175112.0,46313.0,175036.0,RUS -> MIL,0.0019909848472247633
2022-06-20,RUS,MIL,1201,317,13.291423813488759,3051.1040799333887,3054.7410491257288,3063.7635303913407,0.4079933388842631,0.13655287260616153,5115.981681931724,-3.465029142381349,-4.065977189110312,33.02248126561199,54.80123356869272,38.10983449875089,52.395579554537875,36.1917121390507,52.88425308326395,35.851618936719326,191602.0,46190.0,191602.0,RUS -> MIL,0.0019706874597986324
2022-06-27,RUS,MIL,1065,377,16.452582159624413,4037.2807511737087,4082.087323943662,4056.6225352112674,0.37934272300469485,0.3427230046948357,6414.447887323944,-1.3442253521126752,-4.153511841419588,37.906103286384976,54.39303514567665,55.09214359436622,51.78203276785712,47.04298801596245,52.95018624248121,44.156760605633835,153271.0,27234.0,153257.0,RUS -> MIL,0.0016794213329086158
2022-07-04,RUS,MIL,761,314,17.419185282522996,4087.1524310118266,3980.3863337713533,4086.2614980289095,0.36136662286465177,0.33508541392904073,7522.166885676741,0.4550591327201053,-3.83023051996744,32.73324572930355,52.85192196057819,43.451019321944834,50.45925001576874,41.377214067017114,50.528371419185284,39.86650510775298,25489.0,9279.0,25140.0,RUS -> MIL,0.0013123246425596712
2022-07-11,RUS,MIL,1505,316,13.256478405315615,2855.909634551495,2687.3714285714286,2863.3574750830567,0.412624584717608,0.2345514950166113,5413.691694352159,-1.658737541528239,-5.256699855148621,40.85049833887043,54.59194767375424,43.413592411295745,52.25656907707651,40.47750202325582,53.959901768106384,41.620318720930285,702527.0,83715.0,702505.0,RUS -> MIL,0.002324108962876027
2022-07-18,RUS,MIL,806,401,11.624069478908188,2653.5669975186106,2694.1352357320097,2711.0384615384614,0.303970223325062,0.4913151364764268,5434.626550868486,-0.8086848635235734,-3.197123565085067,32.38213399503722,53.54412827171213,46.50353839330027,50.76112684863522,37.00487758808936,51.03934701240693,41.055022518610436,12010.0,3021.0,12002.0,RUS -> MIL,0.001351294711340984
2022-07-25,RUS,MIL,1106,363,7.5723327305605785,1740.6962025316457,1783.5569620253164,1788.0976491862568,0.3047016274864376,0.6672694394213382,4460.9204339963835,-1.8049728752260445,-3.4903418815880984,30.334538878842675,50.40177249547918,44.08648555153708,49.32054209312836,40.06613238698008,50.939948971971084,44.106445844484604,60518.0,29518.0,60428.0,RUS -> MIL,0.00206414142168207
2022-08-01,RUS,MIL,560,246,12.194642857142858,2702.1642857142856,2762.0875,2742.0035714285714,0.36428571428571427,0.3964285714285714,5737.292857142857,-1.027142857142857,-4.229738580314127,36.32142857142857,51.58809942678568,49.54594385357144,49.995687399999966,52.36528595357143,51.29309273571424,49.842847305357154,18877.0,3937.0,18770.0,RUS -> MIL,0.0008438920300425563
2022-08-08,RUS,MIL,720,330,10.833333333333334,2672.0625,2743.126388888889,2722.4444444444443,0.44722222222222224,0.5,5704.656944444445,-0.29874999999999985,-4.581681444210245,35.19444444444444,53.99420079861108,41.40736269444447,51.86773774305553,34.537808055555566,52.632603993055525,36.08296698611113,16561.0,6144.0,16481.0,RUS -> MIL,0.0012639561828523278
2022-08-15,RUS,MIL,808,395,8.674504950495049,1906.1930693069307,1839.2153465346535,1957.394801980198,0.5074257425742574,0.6361386138613861,4205.4814356435645,-0.1664603960396037,-3.065609210181017,44.07178217821782,52.412007038366305,37.917463996287154,49.50490724163566,42.02197578562579,50.831844659231685,42.36726245724909,27954.0,4949.0,27380.0,RUS -> MIL,0.0015344151466524872
2022-08-22,RUS,MIL,910,399,9.225274725274724,2021.8835164835166,2083.465934065934,2100.657142857143,0.4725274725274725,0.6098901098901099,4570.2,-1.2102197802197796,-3.7795659261770806,39.61538461538461,53.472454550549465,47.57258505494509,51.69304062527476,41.12772560659344,52.84068865164835,46.65319495714288,78833.0,16068.0,78701.0,RUS -> MIL,0.0017128637953297168
2022-08-29,RUS,MIL,1325,475,11.797735849056604,2744.149433962264,2664.6218867924526,2846.115471698113,0.5305660377358491,0.41962264150943396,4820.126037735849,-0.846339622641509,-2.4786376888154855,48.28679245283019,52.15956316704459,52.911553235071814,46.91745812925169,61.56635980347698,48.96055886016629,58.472149425548025,158377.0,24634.0,158088.0,RUS -> MIL,0.0025473568049032293
2022-09-05,RUS,MIL,1990,378,13.206532663316583,2600.0834170854273,2632.38040201005,2642.929648241206,0.6251256281407035,0.2698492462311558,4180.109547738693,-0.646381909547739,-2.2663255980194803,43.76381909547739,53.4345156904523,42.8755054080401,44.22655292713574,62.67413155477371,48.7423650879398,64.80005053316565,885179.0,122908.0,885069.0,RUS -> MIL,0.0030167375877923697
2022-09-12,RUS,MIL,782,357,10.679028132992327,2457.3401534526856,2508.997442455243,2502.0754475703325,0.4884910485933504,0.39258312020460356,4954.282608695652,-0.027237851662404205,-3.086598331150358,43.18414322250639,53.188430578745184,42.90548824552433,50.474444248399465,54.217486388746856,50.12972797183097,54.96345473145785,96877.0,13472.0,96820.0,RUS -> MIL,0.0011700561387548926
2022-09-19,RUS,MIL,1516,486,10.517150395778364,2505.8542216358837,2536.6589709762534,2539.6589709762534,0.47559366754617416,0.5765171503957783,6247.918205804749,-1.3129947229551453,-5.067486300203925,46.78100263852243,52.644936219657005,42.93244742875988,51.4145977044855,38.65861707387863,51.88830799274408,44.20033010817942,142689.0,25225.0,142003.0,RUS -> MIL,0.002455108439354287
2022-09-26,RUS,MIL,1569,524,15.426386233269598,3343.940726577438,3412.442957297642,3388.9521988527727,0.35564053537284895,0.47737412364563414,6110.806246016571,-4.613065646908864,-4.423779757897899,36.30975143403442,53.76098381696434,39.4795664304847,51.71193441289089,33.733067707908134,51.695516113592916,27.682301910714276,123310.0,37728.0,123102.0,RUS -> MIL,0.002733025715524945
2022-10-03,RUS,MIL,1892,473,10.66754756871036,2544.4376321353066,2568.4936575052852,2602.2531712473574,0.42177589852008457,0.4931289640591966,5701.3853065539115,-0.15274841437632117,-4.494214469763347,37.82241014799154,53.822932156976776,43.66494051057076,52.04455690375465,40.36176372093016,53.470423069804376,40.961221613636276,717696.0,167626.0,717568.0,RUS -> MIL,0.0030736639634019545
2022-10-10,RUS,MIL,1213,453,14.09810387469085,3172.047815333883,2905.856553998351,3126.0164880461666,0.3099752679307502,0.4872217642209398,6273.32481450948,-0.8781533388293509,-4.433318714765832,33.81698268755152,53.54304110305037,38.82279817312447,51.30175243858206,35.43982862407257,52.57376164468268,36.80272549134375,79076.0,27705.0,78980.0,RUS -> MIL,0.002150495695462862
2022-10-17,RUS,MIL,1985,443,15.018639798488666,3571.9964735516373,3629.0070528967253,3623.093702770781,0.45591939546599497,0.36473551637279594,5558.701763224181,0.09591939546599526,-6.170760067568437,46.277078085642316,53.94893157164492,48.11632806559026,53.02664686616171,43.79313346565651,53.18472816347134,45.927431449545864,1038452.0,118807.0,1037966.0,RUS -> MIL,0.003554207483352522
2022-10-24,RUS,MIL,744,362,12.875,3160.1545698924733,3160.1478494623657,3166.3736559139784,0.3629032258064516,0.3293010752688172,5656.82123655914,-1.9500000000000015,-3.164928157954278,30.739247311827956,52.496431512096756,47.256362768817226,49.07115595295698,41.23017879301078,51.27198425672042,45.701671744623674,16204.0,5419.0,16204.0,RUS -> MIL,0.0013439524847766672
2022-10-31,RUS,MIL,565,311,9.387610619469026,2257.428318584071,2197.437168141593,2291.2778761061945,0.3929203539823009,0.5380530973451327,5208.633628318584,0.40442477876106225,-3.3483131664585244,34.86725663716814,52.93284725486724,45.73482081061949,51.44993006548671,37.87705532389382,51.74705878230087,38.86829033451328,9667.0,2509.0,9604.0,RUS -> MIL,0.0010469283308071169
2022-11-07,RUS,MIL,461,223,10.960954446854664,2654.2559652928417,2696.169197396963,2626.2537960954446,0.3318872017353579,0.6464208242950108,5593.581344902386,0.37331887201735353,-3.5137852941934513,35.92190889370933,53.99830027114966,51.687983802603064,50.44634353362253,42.92688857266813,51.499463383947926,46.42935279826467,11126.0,3463.0,11112.0,RUS -> MIL,0.0012134836192872823
2022-11-14,RUS,MIL,707,280,11.545968882602546,2587.4964639321074,2639.09900990099,2649.777934936351,0.45685997171145687,0.4752475247524752,5044.485148514851,-1.2595473833097592,-3.701763908311259,39.816124469589816,54.39237535360675,45.20012793917966,51.08772052050918,35.14547194059408,53.062086881188094,40.761671629420114,33633.0,8791.0,33631.0,RUS -> MIL,0.001149003113847194
2022-11-21,RUS,MIL,459,236,8.200435729847495,1966.9368191721132,2017.5947712418301,1993.0740740740741,0.4139433551198257,0.6209150326797386,5153.886710239652,0.4477124183006532,-3.2194084422196054,36.64488017429194,54.107550108932436,44.969071095860585,51.41277968409583,32.10501510457517,53.264218028322425,41.260424581699354,26504.0,12667.0,26449.0,RUS -> MIL,0.001065598127890348
2022-11-28,RUS,MIL,419,253,8.610978520286396,2185.6658711217183,2223.417661097852,2197.4844868735086,0.5775656324582339,0.5966587112171837,4317.5560859188545,0.34868735083532204,-2.082643923153131,42.17183770883055,53.82110113365154,53.2172394582339,50.404799105011925,39.10559025059666,50.93746515513126,44.03518563961814,23603.0,3865.0,23603.0,RUS -> MIL,0.0008323384339721217
2022-12-05,RUS,MIL,762,342,9.238845144356956,1999.0511811023623,2023.1797900262468,2042.6128608923884,0.473753280839895,0.4330708661417323,4326.744094488189,-1.3748031496062991,-4.48544451592524,43.9238845144357,52.53152280183724,47.960180577427856,49.38094824409447,36.72444244881892,51.38770680708659,45.94672210761158,61018.0,9075.0,61014.0,RUS -> MIL,0.0014453964502428912
2022-12-12,RUS,MIL,726,313,13.242424242424242,3254.9228650137743,3294.977961432507,3275.8815426997244,0.3746556473829201,0.4325068870523416,7484.640495867769,-3.5625344352617083,-4.4066165220874485,37.64462809917355,53.63673310468317,42.93321194077138,51.86324068044076,38.972974603305815,51.77309224104682,41.765025889807184,25394.0,5860.0,25308.0,RUS -> MIL,0.0014331455373111346
2022-12-19,RUS,MIL,1190,440,7.904201680672269,1618.687394957983,1594.6453781512605,1658.1638655462184,0.2596638655462185,0.6411764705882353,4814.871428571429,1.4566386554621837,-2.7335180951813127,34.32773109243698,53.95762831932772,46.74599789915964,52.62761720588235,46.09822894117646,53.066809012605056,44.66610619327731,51793.0,23130.0,51738.0,RUS -> MIL,0.0023320438502631878
2022-12-26,RUS,MIL,1051,338,11.324452901998097,2415.90675547098,2574.4976213130353,2535.3092293054233,0.390104662226451,0.6374881065651761,5329.709800190295,-1.2697431018078018,-4.14292869774732,33.19695528068506,53.12072850618472,42.75530100856324,48.27247210275936,55.951881189343474,49.43777539010477,57.33075543292097,127548.0,39648.0,126572.0,RUS -> MIL,0.0024667713460215976
2023-01-02,RUS,MIL,669,300,12.47085201793722,2767.9790732436472,2669.3617339312405,2829.324364723468,0.3153961136023916,0.5082212257100149,5392.349775784754,-0.6663677130044843,-4.835596177342804,34.43946188340807,54.97422634379669,53.657553899850534,53.23694375186843,49.885732002989535,53.90942875485796,51.33416812107623,27024.0,9226.0,26726.0,RUS -> MIL,0.0012642201141388563
2023-01-09,RUS,MIL,1136,442,15.21830985915493,3593.9005281690143,3589.417253521127,3621.1716549295775,0.46830985915492956,0.5554577464788732,6463.120598591549,-1.2314260563380282,-3.2563043890967935,35.49295774647887,53.64975396126759,37.851839313380296,52.546231668133785,31.43054094982396,53.0973714568662,30.290383303697205,75054.0,23400.0,74792.0,RUS -> MIL,0.001762264882683731
2023-01-16,RUS,MIL,1016,446,9.396653543307087,2016.9507874015749,2067.5147637795276,2046.3287401574803,0.47539370078740156,0.5413385826771654,4584.016732283465,-0.050196850393700615,-2.987906474046399,39.22244094488189,53.22277364532019,41.98751091330051,50.12487435897435,32.944329070019734,51.084517910079036,34.87290906818184,113747.0,19545.0,82886.0,RUS -> MIL,0.001762848318700767
2023-01-23,RUS,MIL,688,349,14.438953488372093,3456.4375,3510.0218023255816,3499.5683139534885,0.3648255813953488,0.42005813953488375,5966.270348837209,-0.3030523255813956,-3.348814966979414,38.83720930232558,54.73836934883719,52.329258109011654,51.31931123837209,42.404534654069785,51.568883840116264,39.125960914244196,21979.0,5226.0,21971.0,RUS -> MIL,0.00109313754307804
2023-01-30,RUS,MIL,1042,388,11.90978886756238,2593.9357005758156,2546.2715930902114,2607.7370441458734,0.3771593090211132,0.3493282149712092,5551.928982725528,-1.9998080614203448,-4.343501053282716,37.38003838771593,54.74321026871399,51.61551509596931,51.9415197732949,40.8124963688761,53.594943410748556,50.30982699616124,89707.0,20756.0,89693.0,RUS -> MIL,0.0016280079869259397
2023-02-06,RUS,MIL,849,380,10.943462897526501,2518.9717314487634,2531.5288574793876,2529.8657243816256,0.22968197879858657,0.425206124852768,4877.0989399293285,-1.041578327444052,-2.5554618743415802,28.881036513545347,46.552623997641604,43.01947527712262,44.81262113797179,41.21474033490562,51.394062234669896,40.62865196698105,58852.0,36741.0,58823.0,RUS -> MIL,0.0014324907115884956
2023-02-13,RUS,MIL,1104,441,14.244565217391305,3422.893115942029,3470.100543478261,3454.941123188406,0.3079710144927536,0.4148550724637681,5901.163043478261,-0.5872282608695641,-3.6308819721820296,29.755434782608695,52.9700362164855,46.639741053441995,50.612583023550734,42.79909712228259,48.84820437771738,39.98823839855071,36470.0,20018.0,36271.0,RUS -> MIL,0.0017982886937485034
2023-02-20,RUS,MIL,997,495,11.304914744232699,2640.3520561685054,2655.4463390170513,2652.5536609829487,0.46940822467402205,0.5125376128385155,6121.290872617854,-0.20190571715145456,-3.4800292689220886,38.134403209628886,52.957128379518046,50.21866353714861,48.62217873092367,42.76323945582332,50.51445526204816,47.71948011947793,20517.0,7320.0,20461.0,RUS -> MIL,0.0015282363508720297
2023-02-27,RUS,MIL,844,354,12.907582938388625,2875.1575829383887,2411.7772511848343,2371.7144549763034,0.31990521327014215,0.29976303317535546,5525.186018957346,1.2069905213270142,-4.483575161514904,32.191943127962084,51.84994276421798,51.28224638981045,51.75405082109003,47.558906816350735,51.768254582938376,48.40024591587681,30777.0,12685.0,30773.0,RUS -> MIL,0.0014102274910816478
2023-03-06,RUS,MIL,848,363,16.527122641509433,3758.622641509434,3787.2099056603774,3786.2193396226417,0.37735849056603776,0.33608490566037735,6021.05070754717,-1.2641509433962264,-3.8220870989346434,34.31603773584906,53.575148382142835,47.021294708726444,50.60698217261903,42.70330492924529,50.86109794642855,43.28268653301889,18204.0,5907.0,18111.0,RUS -> MIL,0.0013861033333496789
2023-03-13,RUS,MIL,2374,545,13.255686604886268,2938.1432181971354,2973.188711036226,3009.083403538332,0.43850042122999155,0.4949452401010952,5864.230834035383,-0.573083403538332,-3.604440234413777,34.89469250210615,52.95516160994105,34.03053134751472,50.55716472198824,26.052523633108628,51.26090699199667,25.015414423757306,361416.0,92299.0,335616.0,RUS -> MIL,0.0037911513186786863
2023-03-20,RUS,MIL,691,330,16.739507959479017,3975.5094066570186,3738.8986975397975,4002.5557163531116,0.48914616497829233,0.38060781476121563,7502.069464544139,-2.9286541244573083,-3.7604640230959214,39.21852387843705,53.337064109985484,44.39717916063679,48.7317799204052,41.75543569609263,50.240569573082446,24.338599853835046,67912.0,15678.0,67793.0,RUS -> MIL,0.0010983631051726386
2023-03-27,RUS,MIL,1233,456,16.32522303325223,3724.420924574209,3799.2838605028387,3763.995133819951,0.39253852392538524,0.6131386861313869,10247.664233576643,-2.195863746958638,-3.483677478672993,43.560421735604216,53.541012206001625,43.55531024736416,52.947028028386065,40.79794024817519,53.01886542984592,40.64311924574211,143357.0,26564.0,142790.0,RUS -> MIL,0.0010239562580502644
2023-04-03,RUS,MIL,1443,504,13.004851004851005,2829.954954954955,2878.4268884268886,2879.320859320859,0.3776853776853777,0.4123354123354123,5408.078309078309,-1.0232155232155233,-4.329782308541038,35.64795564795565,54.41585340956346,39.81046067221067,54.05565655509359,34.20449215246016,54.53159892030497,36.302241820512805,170598.0,43922.0,170479.0,RUS -> MIL,0.00118599197996553
2023-04-10,RUS,MIL,1172,452,13.95221843003413,3352.9658703071673,3363.5255972696245,3388.671501706485,0.41467576791808874,0.38310580204778155,5461.772184300341,-0.10102389078498376,-4.067903328476926,39.44539249146758,53.920486949658695,55.45266569965868,50.94931830204778,50.529771262798626,51.930884645904406,60.12683491467574,96072.0,21136.0,95178.0,RUS -> MIL,0.001080613589361304
2023-04-17,RUS,MIL,2137,578,17.961160505381375,3576.19232569022,3564.1651848385586,3610.421619092185,0.34394010294805805,0.3823116518483856,6016.443612540946,1.1949461862423956,-4.112301881120798,35.33458118858213,50.24411084464205,38.069988221806256,41.06770841319607,31.82962991062238,48.323374227889595,37.31941531586336,415375.0,104480.0,415285.0,RUS -> MIL,0.002177790006827886
2023-04-24,RUS,MIL,842,460,11.009501187648455,2603.2826603325416,2661.7589073634203,2661.4002375296914,0.34085510688836107,0.5285035629453682,5212.524940617577,0.20736342042755354,-3.8541389685392975,39.19239904988124,51.53122564726839,47.7743352743468,49.6738940665083,42.91970231828979,51.02446412826601,45.79078750475061,20346.0,4341.0,20326.0,RUS -> MIL,0.0008478202862652106
2023-05-01,RUS,MIL,884,420,17.142533936651585,3960.6244343891403,4006.8880090497737,3991.1368778280544,0.3993212669683258,0.4242081447963801,6846.717194570136,-2.874660633484163,-4.776792427701369,36.6289592760181,54.3735084649321,47.32115771832582,52.27804715723981,39.32693759276022,53.09818956447961,44.25812155656111,32622.0,6731.0,32310.0,RUS -> MIL,0.0008781602344409675
2023-05-08,RUS,MIL,1828,577,15.487964989059082,3400.519146608315,3192.0672866520786,3438.0951859956235,0.21444201312910285,0.3533916849015317,6934.475382932166,1.6516958424507642,-4.1781062030869265,29.644420131291028,54.03175291461418,47.1513369452655,51.698331139573106,44.41565723371648,52.77752564805698,42.334732816092,116401.0,43907.0,113624.0,RUS -> MIL,0.0017449025078678112
2023-05-15,RUS,MIL,1306,519,12.970903522205207,2748.384379785605,2839.1508422664624,2834.9854517611025,0.41883614088820825,0.5474732006125574,5456.509954058193,-0.5678407350689126,-3.0341306569544377,37.06738131699847,52.15396369224862,46.03084691097471,47.73806038604649,38.41677577206449,48.84920429797189,43.30466599693018,57169.0,11982.0,56945.0,RUS -> MIL,0.0012538402457757296
2023-05-22,RUS,MIL,1101,548,17.423251589464122,4117.601271571299,4110.791099000909,4144.558583106267,0.36330608537693004,0.49227974568574023,7935.55949137148,-0.37320617620345137,-3.555264019910927,34.0236148955495,52.030195045454526,39.33102767029976,51.77952964025498,37.77708419618532,51.23136559144674,38.89237568574027,31679.0,10817.0,31584.0,RUS -> MIL,0.0012182127789524698
2023-05-29,RUS,MIL,1463,464,13.481886534518113,2990.6555023923447,2739.1332877648665,2843.8858509911142,0.5235816814764184,0.3998632946001367,6661.786056049214,-1.685099111414901,-4.593811730891985,40.65618591934381,53.306842735537195,37.69968415495872,51.32815028092959,28.766847113465506,52.28290625994513,32.745823520576174,298246.0,49730.0,293868.0,RUS -> MIL,0.001686908414594352
2023-06-05,RUS,MIL,893,433,10.303471444568869,2705.417693169093,2731.5879059350505,2742.0526315789475,0.3247480403135498,0.5699888017917133,5795.031354983203,0.4400895856662936,-3.4823893361262477,33.47144456886898,50.09471756902356,56.40615748376259,49.41312742969627,51.06667502687571,51.2631229415073,47.90441246696529,19626.0,6710.0,19560.0,RUS -> MIL,0.0009318818378003832
2023-06-12,RUS,MIL,887,404,12.446448703494926,2771.56595264938,2825.2863585118375,2789.4171364148815,0.4915445321307779,0.5580608793686584,6199.664036076663,-0.3022547914317925,-3.5509752998531745,46.33596392333709,54.94207918079094,47.37301609131908,52.51390403963758,44.78616551634725,53.6377570872027,47.176318579481425,168069.0,17357.0,168047.0,RUS -> MIL,0.0010201863479053976
2023-06-19,RUS,MIL,9265,734,23.636373448461953,4760.331678359417,4817.505234754452,4820.015974096061,0.28623853211009176,0.5328656233135456,6991.765893146249,-2.722255801403124,-6.370399550923572,27.770102536427416,54.04853675286115,39.137249581516414,52.85436475869161,33.30187976009533,53.093012907039636,34.73877402774816,8978353.0,2125404.0,8828518.0,RUS -> MIL,0.008859263452406679
2023-06-26,RUS,MIL,2645,792,17.33345935727788,4013.3663516068054,4066.1368620037806,4055.285822306238,0.22986767485822307,0.637429111531191,7873.631379962193,-0.287674858223063,-4.60700732741548,34.90359168241966,52.76896169507581,35.44302681553029,52.02562845416669,33.87724697387351,52.78335764759382,36.51862096251417,323950.0,69859.0,322406.0,RUS -> MIL,0.0030743302144476087
2023-07-03,RUS,MIL,1458,416,10.732510288065845,1292.4993141289438,2640.9156378600824,2722.3113854595335,0.3737997256515775,0.4444444444444444,5559.820987654321,1.562825788751716,-4.634963062478981,39.636488340192045,52.042798670781885,51.32907158573389,49.71060196021947,43.664558475994525,50.10172651612903,45.399261375857336,337768.0,58489.0,337758.0,RUS -> MIL,0.001877997163683296
2023-07-10,RUS,MIL,2970,585,12.112457912457913,1366.0414141414142,2749.348148148148,2750.310101010101,0.3993265993265993,0.3242424242424242,5082.975084175084,1.6110101010100937,-4.114352742898526,39.42424242424242,52.337344992253435,42.723958068710004,49.64090370865629,42.96492580835287,48.25902801818809,51.2153900892556,1297923.0,221830.0,1296971.0,RUS -> MIL,0.0034071393910053813
2023-07-17,RUS,MIL,3095,667,11.321163166397415,2497.286268174475,2578.9605815831987,2605.3589660743132,0.31567043618739904,0.5919224555735056,5973.746042003231,-3.382067851373187,-4.745028131465604,36.25525040387722,52.9842441373182,39.711829623586404,50.842468355735036,37.83869146332796,48.940508929240686,38.465663500484666,613260.0,173352.0,613188.0,RUS -> MIL,0.003380282305450828
2023-07-24,RUS,MIL,1184,444,14.496621621621621,3202.4442567567567,3219.7609797297296,3231.8902027027025,0.35388513513513514,0.40033783783783783,5324.989864864865,0.29374999999999984,-3.394980273418665,39.54391891891892,52.6393829636824,46.74498820016893,47.53277481672296,42.12454764864865,48.447463351351345,40.819078744087854,65130.0,15141.0,65038.0,RUS -> MIL,0.0015062846674469494
2023-07-31,RUS,MIL,1036,538,10.552123552123552,2493.2567567567567,2566.868725868726,2556.346525096525,0.44015444015444016,0.6158301158301158,5403.962355212355,-4.462451737451737,-4.484334009013777,43.561776061776065,50.75734767181462,42.52789733687257,48.76611366216214,39.385230189189194,49.88527225289573,38.18002081949809,67708.0,9591.0,43491.0,RUS -> MIL,0.0013115766898893389
2023-08-07,RUS,MIL,820,455,11.735365853658537,2786.391463414634,2551.787804878049,2808.2426829268293,0.3878048780487805,0.4902439024390244,5626.579268292683,-2.3996341463414637,-4.006552220789056,37.609756097560975,51.72155828083026,49.90287491463416,48.89948255677655,46.02500426829269,50.95982608302806,46.97783995487806,21855.0,7543.0,21639.0,RUS -> MIL,0.0011013911106992087
2023-08-14,RUS,MIL,1884,567,11.636942675159236,2525.567940552017,2514.670382165605,2529.1512738853503,0.5042462845010616,0.5705944798301487,5008.144904458599,0.9171974522292939,-3.616757397835344,44.21974522292994,51.24311760340252,44.23152770116774,49.668536504777144,39.16506869214438,49.353248884758436,40.98421230307859,1336691.0,132915.0,1336279.0,RUS -> MIL,0.0023497981343800164
2023-08-21,RUS,MIL,2087,611,11.053186391950168,2561.4480114997605,2508.965979875419,2630.665069477719,0.2453282223287015,0.5031145184475323,4951.709631049353,-0.8850023957834232,-4.668031222995613,33.54575946334452,53.77401653477219,38.40028622350119,53.08706480278985,36.61957602398082,53.32951756238007,36.835037303117495,386325.0,110206.0,386231.0,RUS -> MIL,0.002433345342656299
2023-08-28,RUS,MIL,1113,507,11.294699011680144,2753.0440251572327,2747.7250673854446,2786.0709793351302,0.481581311769991,0.5265049415992812,6073.8670260557055,-2.9474393530997305,-4.066549442185797,39.45193171608266,53.79701828391733,42.31042929649596,49.71312064240791,37.562764995507656,51.75031172506738,42.887504858041325,32850.0,8575.0,32686.0,RUS -> MIL,0.0014186331667002312
2023-09-04,RUS,MIL,1137,559,9.502198768689533,2104.5505716798593,2142.2946350043976,2130.1495162708884,0.4397537379067722,0.5620052770448549,4562.397537379068,-1.385136323658751,-3.2162345383584205,42.27792436235708,52.89247906772204,49.204701917326325,49.08917452418645,53.82078186631489,50.29249823394898,54.51605540281446,48666.0,8249.0,48586.0,RUS -> MIL,0.001349250614104831
2023-09-11,RUS,MIL,2487,649,10.004020908725371,2283.83835946924,2318.8250904704464,2304.1905910735827,0.38118214716525933,0.6686771210293526,6092.747084841174,1.0522316043425781,-1.5784591769798573,35.23924406915963,51.28544915199026,74.42203286529944,47.713279482911055,75.61728082066743,49.76150084077193,75.28533901728983,248233.0,84326.0,248025.0,RUS -> MIL,0.00277991086847903
2023-09-18,RUS,MIL,1397,516,11.02219040801718,2411.28775948461,2443.455261274159,2440.8217609162493,0.35576234788833216,0.4323550465282749,5200.561918396564,0.028346456692912365,-2.9257139439012367,36.80744452397996,52.83518912168932,61.519009472440935,50.02701314030066,43.46795207301358,51.78498450465285,41.55975299427343,97934.0,26453.0,96455.0,RUS -> MIL,0.0014096999871845456
2023-09-25,RUS,MIL,901,462,15.042175360710322,3752.396226415094,3649.1065482796894,3572.7480577136516,0.3584905660377358,0.4794672586015538,8646.235294117647,0.13984461709211995,-3.9665508029341425,34.6503884572697,51.85260734888887,40.86979609000001,49.360997374860936,31.22091174333335,50.331090260289194,34.316964188888896,17063.0,4671.0,16546.0,RUS -> MIL,0.0010328825792488042
2023-10-02,RUS,MIL,985,383,11.576649746192894,2551.3451776649745,2431.633502538071,2592.771573604061,0.4243654822335025,0.5939086294416244,5228.308629441624,-0.11786802030456718,-4.055648730842674,41.776649746192895,52.361651373346895,42.46268188504579,49.620454616480124,37.903565590030546,53.25853860630723,38.83835869074266,64159.0,18409.0,63985.0,RUS -> MIL,0.001126747029849073
2023-10-09,RUS,MIL,347,211,9.610951008645532,2395.587896253602,2403.9077809798273,2422.5129682997117,0.39481268011527376,0.42363112391930835,4986.121037463977,-1.370605187319885,-3.0655335503516636,39.30835734870317,52.92926092795388,45.92521594524497,49.950589674351576,41.63896755907781,49.78468448703169,40.97958423631124,5828.0,1560.0,5723.0,RUS -> MIL,0.0002525337063360489
2023-10-16,RUS,MIL,426,228,11.86150234741784,2921.0985915492956,2958.4225352112676,2938.8544600938967,0.3544600938967136,0.4765258215962441,5993.319248826291,-0.36267605633802774,-2.867903198419313,38.544600938967136,53.16404565727697,49.00194162676058,51.80698927230045,50.03471228403757,51.34350692488263,44.371453129107984,12826.0,2826.0,12826.0,RUS -> MIL,0.00032765651751885563
2023-10-23,RUS,MIL,488,209,11.762295081967213,2846.473360655738,2826.8606557377047,2843.782786885246,0.42008196721311475,0.4077868852459016,5043.625,0.9483606557377062,-1.900704900043609,41.209016393442624,51.93320153688524,36.602313729508204,47.41686060245902,36.52321034016393,48.54143507786884,71.10860972540983,16310.0,3842.0,16112.0,RUS -> MIL,0.0004247722289487497
2023-10-30,RUS,MIL,452,268,10.794247787610619,2536.924778761062,2613.836283185841,2603.586283185841,0.28982300884955753,0.5707964601769911,4953.904867256637,0.05464601769911502,-3.4239892587555456,35.86283185840708,53.79167224336281,55.24617748451328,51.452777048672566,45.39255896238939,52.39617580973449,50.13210495353984,9384.0,2402.0,9333.0,RUS -> MIL,0.0004086156427469819
2023-11-06,RUS,MIL,969,363,9.583075335397316,2052.8059855521155,2048.271413828689,2076.725490196078,0.4375644994840041,0.7554179566563467,4581.650154798762,-3.0100103199174395,-4.8589782167038065,44.17956656346749,53.30697694421492,44.43400082249735,50.841619311271955,47.180831782249705,52.42659953360914,47.22935841176463,233208.0,44605.0,232850.0,RUS -> MIL,0.0009224960515455379
2023-11-13,RUS,MIL,555,267,13.794594594594594,3192.2648648648646,2930.628828828829,3221.663063063063,0.3621621621621622,0.5225225225225225,6138.562162162162,-0.3102702702702701,-4.636989097775404,39.22522522522522,53.69142775270757,45.886313054151636,53.00886704339964,39.77754291500905,53.22448765822784,40.811781251356244,16658.0,4138.0,16491.0,RUS -> MIL,0.0005911103395316489
2023-11-20,RUS,MIL,293,213,12.822525597269625,3051.443686006826,3089.5529010238906,3014.924914675768,0.37542662116040953,0.5085324232081911,5640.491467576791,-0.951877133105802,-3.271991485593683,39.72696245733788,53.43285972696245,49.849195051194535,49.45382698976108,38.6081661774744,51.083818542662115,40.152571706484636,2194.0,579.0,2184.0,RUS -> MIL,0.0003137952084649738
2023-11-27,RUS,MIL,527,261,10.201138519924099,2266.833017077799,2306.284629981025,2444.5028462998102,0.43833017077798864,0.4648956356736243,5737.810246679317,-0.718595825426945,-3.4946411354761606,42.7134724857685,50.114327134724846,43.13842087286529,49.821067525616684,42.567590026565455,49.91151415559771,43.11969021252373,15113.0,3555.0,15105.0,RUS -> MIL,0.000524722181012226
2023-12-04,RUS,MIL,630,261,11.485714285714286,2511.9,2537.765079365079,2535.9650793650794,0.4523809523809524,0.4888888888888889,5386.228571428572,-0.675079365079365,-3.911832865891638,42.25396825396825,53.180324499205064,44.29205950793654,46.602524098569134,35.41667956507938,48.0256417206349,38.92527515396828,37336.0,8013.0,37102.0,RUS -> MIL,0.0006924408540103866
2023-12-11,RUS,MIL,1126,365,8.75222024866785,1998.5293072824156,2055.3579040852574,2025.4964476021314,0.2619893428063943,0.6030195381882771,5162.2912966252225,-1.9933392539964525,-1.952426134325434,26.625222024866787,53.84903991119007,37.06672625222016,51.91099091651864,39.49213241563052,51.90207118561278,32.07299510657187,68733.0,41014.0,68727.0,RUS -> MIL,0.0012088795747664104
2023-12-18,RUS,MIL,916,320,6.533842794759825,1499.5447598253274,1381.0480349344978,1460.2762008733625,0.48034934497816595,0.6026200873362445,3703.401746724891,-0.6082969432314375,-1.5706594324522236,32.47816593886463,53.760033460698686,28.69373933624455,54.24634201200873,30.66522178165939,54.26217038755459,32.06884052292577,190104.0,57835.0,190085.0,RUS -> MIL,0.001140205436141027
2023-12-25,RUS,MIL,1620,355,9.380864197530864,1841.8987654320988,1826.6672839506173,1866.5413580246914,0.4049382716049383,0.6104938271604938,3582.0055555555555,-1.486851851851852,-6.192482742884398,40.41975308641975,52.88462476851851,41.704441172839466,50.33558668209879,41.69134639938264,51.84258256172843,38.541203498148136,310607.0,64718.0,310592.0,RUS -> MIL,0.002635689183912534
2024-01-01,RUS,MIL,469,286,10.106609808102345,2387.2452025586354,2447.0788912579956,2416.547974413646,0.3752665245202559,0.5778251599147122,6099.191897654584,-2.5989339019189766,-3.854699777269642,37.52665245202559,52.962566524520255,48.23227782515993,50.60696162046908,43.89419573560769,51.97258550106609,45.77694562899788,8271.0,2150.0,8261.0,RUS -> MIL,0.0006394986548711663
2024-01-08,RUS,MIL,686,315,13.51457725947522,3180.679300291545,3198.5364431486882,3227.9489795918366,0.35276967930029157,0.26822157434402333,6576.373177842565,0.5373177842565597,-3.7890532573351927,37.05539358600583,52.75250473760931,47.59955466472305,51.00658378134109,42.343115586005844,52.148502986880445,46.50844624635571,19165.0,5514.0,19165.0,RUS -> MIL,0.000812689326403755
2024-01-15,RUS,MIL,436,240,11.197247706422019,2678.9655963302753,2732.211009174312,2717.5940366972477,0.47477064220183485,0.5986238532110092,5509.536697247707,-2.572935779816514,-4.800449355294028,45.04587155963303,53.00135366972476,54.69330029816515,50.30649847018349,49.03125709403672,52.352271176605505,49.08562480045873,13830.0,2087.0,13742.0,RUS -> MIL,0.0005369577158114342
2024-01-22,RUS,MIL,1178,421,9.726655348047538,2021.6307300509338,2021.025466893039,2056.3964346349744,0.32682512733446517,0.4702886247877759,4733.230899830221,-3.487775891341257,-4.676299804012493,36.82512733446519,50.81049804587936,35.09875580288872,52.06609052676301,38.79624542480881,50.48395813508924,29.421246026338174,71283.0,27016.0,71263.0,RUS -> MIL,0.0014753973114704
2024-01-29,RUS,MIL,616,299,11.86038961038961,2942.2305194805194,3005.349025974026,3010.8766233766232,0.45454545454545453,0.44642857142857145,6031.071428571428,-0.014935064935064623,-4.259384831823918,39.074675324675326,52.81840064935063,50.4948408003247,50.00534508928571,44.661311363636365,51.25028522727271,46.36057846266233,21163.0,6067.0,21153.0,RUS -> MIL,0.0007669570977148165
2024-02-05,RUS,MIL,700,297,10.842857142857143,2894.0257142857145,2944.64,2896.677142857143,0.38571428571428573,0.5671428571428572,6658.194285714286,-0.4261428571428566,-2.656776405702038,31.085714285714285,52.96382000143064,46.824633755364836,51.479188241774004,39.44559175250362,51.22635254792562,41.453314356223224,41595.0,16603.0,41502.0,RUS -> MIL,0.0008036794742558503
2024-02-12,RUS,MIL,803,348,17.85678704856787,4258.178082191781,4279.763387297634,4290.803237858032,0.3823163138231631,0.36114570361145704,7915.469489414695,1.3439601494395996,-2.744609730346481,40.98381070983811,53.05964954114713,56.96918912094764,49.42817287905237,40.748024403990016,49.82138688528679,41.74194677680797,112384.0,23660.0,112380.0,RUS -> MIL,0.0009081573566400666
2024-02-19,RUS,MIL,1232,467,12.99512987012987,3105.964285714286,3059.4699675324673,3170.4512987012986,0.3327922077922078,0.3352272727272727,5908.558441558442,-0.3686688311688319,-3.3337753382538553,30.96590909090909,53.46296489448054,47.13038051866886,49.94800485633118,39.18125505194809,50.02545028084415,42.24303354545459,68479.0,28369.0,68240.0,RUS -> MIL,0.0013449590780916865
2024-02-26,RUS,MIL,662,358,11.70392749244713,3032.1722054380666,3038.916918429003,3045.7462235649546,0.5015105740181269,0.4561933534743202,5580.607250755287,-1.7187311178247733,-3.7939973895411963,36.661631419939575,53.887132468986366,49.64236482148263,51.436920104229586,45.6287798791541,49.90984677794558,23.65445594259821,36591.0,9966.0,36589.0,RUS -> MIL,0.0007430763134884065
2024-03-04,RUS,MIL,962,329,11.20893970893971,2714.339916839917,2539.8586278586276,2731.0301455301455,0.4979209979209979,0.33783783783783783,4912.81288981289,0.23596673596673626,-4.085618021707623,42.49480249480249,53.18423929313919,51.148152162162155,51.22386819126812,39.92882219750512,51.889414587318,41.27694474740123,113096.0,28073.0,113074.0,RUS -> MIL,0.0011212578601691211
2024-03-11,RUS,MIL,764,391,9.082460732984293,2137.6806282722514,2197.1151832460732,2192.1465968586385,0.4607329842931937,0.5942408376963351,4938.5798429319375,-0.771335078534031,-3.2638288467216,42.26439790575916,51.815350729057556,50.312054735602125,48.787004581151805,35.49035593193719,48.08131203272248,36.19385610863876,27542.0,8015.0,27523.0,RUS -> MIL,0.00091844585497211
2024-03-18,RUS,MIL,702,361,12.378917378917379,2915.937321937322,2964.9159544159543,2952.368945868946,0.38461538461538464,0.6225071225071225,5696.35754985755,0.013817663817664064,-3.7539885921825715,37.136752136752136,53.76467858547004,50.20873817663819,50.86011775925923,46.76419376923078,51.767597460113926,48.86531177492879,34186.0,6145.0,33900.0,RUS -> MIL,0.0007854035766070565
2024-03-25,RUS,MIL,450,305,9.755555555555556,2396.5066666666667,2453.2933333333335,2452.1133333333332,0.43777777777777777,0.47333333333333333,5054.08,0.4833333333333333,-4.074298513215553,38.644444444444446,52.419089587973254,46.33968120712696,48.827783240534515,46.369420249443216,49.33320356347436,44.64807518708241,5938.0,1619.0,5884.0,RUS -> MIL,0.0005887509321889759
2024-04-01,RUS,MIL,460,261,10.995652173913044,2755.3673913043476,2796.858695652174,2785.7347826086957,0.3695652173913043,0.508695652173913,6154.391304347826,-0.08239130434782554,-4.3330645110630535,35.391304347826086,53.48314302173911,47.35996273913045,50.070664130434764,32.92565967391305,52.41254323913041,38.079024608695654,7952.0,2101.0,7813.0,RUS -> MIL,0.0005814173944917022
2024-04-08,RUS,MIL,453,264,10.225165562913908,2616.4128035320086,2593.916114790287,2621.3796909492276,0.34216335540838855,0.5253863134657837,5988.728476821192,1.1240618101545257,-2.9809265190427876,38.91832229580574,51.94396565562912,32.482520883002216,48.79467461368652,23.956989763796916,50.14819575055186,25.704251485651216,11435.0,2280.0,11401.0,RUS -> MIL,0.0005141913404729879
2024-04-15,RUS,MIL,415,245,9.36144578313253,2358.2,2308.790361445783,2362.334939759036,0.3060240963855422,0.6698795180722892,5605.942168674699,-0.49759036144578306,-3.6927348649743004,35.373493975903614,51.9948350385542,50.6826787927711,47.418507103614445,42.74369967710844,48.478660821686724,43.50501204578313,10488.0,4125.0,10476.0,RUS -> MIL,0.0004753880713105017
2024-04-22,RUS,MIL,688,312,10.273255813953488,2348.5581395348836,2108.9883720930234,2384.3706395348836,0.29796511627906974,0.48546511627906974,5166.632267441861,0.9453488372093031,-3.2637832097617805,35.58139534883721,49.865999130813954,38.48164399854652,47.20990127470931,30.440298629360466,48.08229731395347,59.73005826598837,24020.0,6361.0,23999.0,RUS -> MIL,0.0007359130937978998
2024-04-29,RUS,MIL,579,257,12.613126079447323,3165.568221070812,3202.656303972366,3197.186528497409,0.3022452504317789,0.38169257340241797,5259.072538860104,-1.0122625215889474,-4.20691029295471,35.1986183074266,53.648985751295314,56.98017070811745,41.609748575129515,61.40360758203802,47.810272150259046,47.904777587219364,14477.0,5695.0,14429.0,RUS -> MIL,0.0006633085003156157
2024-05-06,RUS,MIL,1095,362,10.564383561643835,2243.425570776256,2245.2036529680367,2279.682191780822,0.4931506849315068,0.5324200913242009,4938.703196347032,-2.017990867579908,-4.2552345104064315,49.397260273972606,54.19336167397263,41.57524068310505,52.047207845662136,34.66148195616441,53.094968971689525,38.13195194977171,211722.0,34383.0,209855.0,RUS -> MIL,0.0012912735849056605
2024-05-13,RUS,MIL,744,320,9.184139784946236,2137.5309139784945,2061.4422043010754,2133.7352150537636,0.3803763440860215,0.5389784946236559,4840.616935483871,0.5130376344086021,-3.141252010374542,38.346774193548384,52.788902005376315,51.32301102150541,51.44263668279568,52.38618163037637,52.41630227419354,52.3981475806452,27173.0,7341.0,27115.0,RUS -> MIL,0.0009221993462796569
2024-05-20,RUS,MIL,519,289,13.400770712909441,3388.0154142581887,3145.3429672447014,3379.712909441233,0.441233140655106,0.4605009633911368,7153.520231213873,-1.2867052023121388,-4.461659746205902,42.447013487475914,53.652042982658934,54.329727487475935,52.79263310789979,48.39675889210021,53.333211961464336,50.512146626204256,18539.0,3191.0,18419.0,RUS -> MIL,0.0006701244572185574
2024-05-27,RUS,MIL,470,263,9.817021276595744,2250.6978723404254,2311.7595744680852,2272.8829787234044,0.425531914893617,0.6404255319148936,4970.6659574468085,0.8082978723404255,-2.0696014037328396,40.61702127659574,54.08159671914891,54.84701489361704,52.64036978297871,51.13833234042553,53.53749288510637,52.214015617021275,24880.0,6183.0,24852.0,RUS -> MIL,0.0005942957721545877
2024-06-03,RUS,MIL,604,276,9.100993377483444,1990.228476821192,2039.4387417218543,2018.8377483443708,0.2980132450331126,0.5860927152317881,4405.317880794702,-0.8354304635761577,-4.078912388553948,36.09271523178808,48.43567495860926,41.34367057947021,45.92004635761588,28.2209263178808,46.90007698675496,35.04577463907285,26907.0,10208.0,26857.0,RUS -> MIL,0.0007010172875041347
2024-06-10,RUS,MIL,1019,383,7.56820412168793,1528.5377821393522,1567.811579980373,1567.5996074582924,0.4200196270853778,0.6732090284592738,4102.612365063788,0.15103042198233627,-2.052139246440759,42.53189401373896,45.815087670264944,24.327810257114837,43.93768962904807,23.882620282630047,45.38881373797839,24.407420649656547,159514.0,18187.0,108370.0,RUS -> MIL,0.0012442093592871255
2024-06-17,RUS,MIL,913,388,8.18619934282585,1751.9934282584884,1743.26286966046,1760.9890470974808,0.44359255202628695,0.6637458926615553,3949.9529025191678,-2.3658269441401973,-4.3077610344971795,38.795180722891565,52.132776579408606,51.41021208433736,51.11501296056963,52.68943365060244,50.516988165388895,50.97647841182914,110518.0,29406.0,110217.0,RUS -> MIL,0.0012806701565980464
2024-06-24,RUS,MIL,443,278,8.334085778781038,1914.8194130925508,1892.4650112866818,1935.8577878103838,0.49209932279909707,0.4717832957110609,4338.300225733635,0.19458239277652423,-4.106732310953744,40.45146726862303,52.32636081264107,52.90266493227992,50.019696162528206,43.48019179683973,50.695358013544,42.92245146952597,9527.0,1914.0,9522.0,RUS -> MIL,0.000574839421267761
2024-07-01,RUS,MIL,559,324,9.7871198568873,2310.8282647584974,2350.2415026833633,2372.955277280859,0.3542039355992844,0.4740608228980322,4752.103756708408,-0.7270125223613595,-3.578342925620482,30.876565295169947,52.94040472450803,51.200683651162805,49.59901004651162,36.48033511091235,51.88341715742395,41.522747694096616,6613.0,2866.0,6449.0,RUS -> MIL,0.0008276160216986411
2024-07-08,RUS,MIL,665,384,9.637593984962406,2363.6616541353383,2380.6466165413535,2390.53984962406,0.4180451127819549,0.5609022556390978,4695.905263157894,0.9569924812030076,-2.4552050510073857,36.16541353383459,51.43414976807227,56.13206818947371,48.84864763554216,56.58512408571431,49.63165237593984,57.219828431578954,10016.0,2277.0,9946.0,RUS -> MIL,0.0008622433367390864
2024-07-15,RUS,MIL,639,316,10.183098591549296,2365.737089201878,2366.5352112676055,2401.3849765258215,0.45539906103286387,0.596244131455399,4742.4131455399065,0.9485133020344289,-3.5378348997791327,42.45696400625978,52.3172500391236,51.575036150234766,50.78359100156492,39.22460547730831,51.15484311424097,43.06525560250393,35302.0,6107.0,34676.0,RUS -> MIL,0.0008462769113409053
2024-07-22,RUS,MIL,1255,320,5.942629482071713,1175.400796812749,1263.8055776892431,1237.594422310757,0.1649402390438247,0.8494023904382471,4993.590438247012,-2.982231075697215,-5.197286296713685,32.0796812749004,53.391815014354094,42.49099137370516,51.09890286363629,27.26750419920316,52.07519781897919,38.10737852350593,222325.0,69938.0,222116.0,RUS -> MIL,0.0014984824134283128
2024-07-29,RUS,MIL,813,287,10.55719557195572,2516.8573185731857,2542.487084870849,2569.9138991389914,0.48093480934809346,0.3087330873308733,3865.041820418204,-2.1340713407134073,-3.8993956214435888,32.89052890528905,52.82099944458138,38.64896223616234,49.82522742804427,8.333794954489553,51.15144089667902,-0.22820409840096825,110753.0,39898.0,110741.0,RUS -> MIL,0.0010377032168799724
2024-08-05,RUS,MIL,527,322,9.675521821631879,2510.504743833017,2516.2371916508537,2562.001897533207,0.40417457305502846,0.6451612903225806,5158.098671726755,-1.183681214421252,-3.3387831124092955,36.54648956356736,50.82880094866916,45.575931206831136,48.916824465779435,43.543936064516146,50.52170152471478,43.42435854459206,10426.0,2772.0,10418.0,RUS -> MIL,0.0007034582917309612
2024-08-12,RUS,MIL,762,410,8.733595800524935,1984.8530183727034,2013.9422572178478,2026.232283464567,0.526246719160105,0.6443569553805775,5424.748031496063,-2.0238845144356956,-3.8588916982550887,38.16272965879265,52.02879270603673,41.00953482020999,50.82522993307083,39.9648057296588,51.34369411811022,38.47513735170603,40997.0,12259.0,40961.0,RUS -> MIL,0.0009889784708991137
2024-08-19,RUS,MIL,1432,374,9.83868715083799,2170.6005586592178,2178.108240223464,2201.165502793296,0.39804469273743015,0.5998603351955307,4431.875698324023,-2.988128491620111,-4.215018784778906,38.358938547486034,52.5796982472069,43.9205639175978,51.205554828910536,43.74817300977649,52.06111294692736,43.798711906424536,278660.0,60049.0,278650.0,RUS -> MIL,0.0017095057833105916
2024-08-26,RUS,MIL,878,315,9.127562642369021,2032.9339407744874,2096.1731207289295,2075.2312072892937,0.45899772209567197,0.21753986332574032,3739.1662870159453,3.548291571753977,-2.67163776832409,42.49430523917995,54.16985854214127,53.13279576651478,52.03880764464701,44.3645336400911,53.91229134396364,50.90225987471525,215390.0,32350.0,215382.0,RUS -> MIL,0.0011957877762705585
2024-09-02,RUS,MIL,609,236,9.625615763546797,2373.2627257799672,2415.1871921182264,2375.2380952380954,0.39408866995073893,0.4466338259441708,4974.949096880131,-0.9136288998357962,-3.236318480198564,38.21018062397373,53.29914211822658,54.29008362889986,51.64795574712644,52.99544929392447,51.886726190476196,53.258797159277506,74903.0,16519.0,74893.0,RUS -> MIL,0.0008399073205715232
2024-09-09,RUS,MIL,837,342,12.10394265232975,2936.099163679809,2980.4133811230586,2950.0394265232976,0.44086021505376344,0.3249701314217443,5146.050179211469,-0.3890083632019116,-3.091225606780996,41.72043010752688,52.77334492234179,52.69247933094379,49.91296141099167,52.741353244922344,50.810595185185264,53.79270788530464,90733.0,25204.0,90613.0,RUS -> MIL,0.0010837196053551544
2024-09-16,RUS,MIL,820,317,10.090243902439024,2201.9475609756096,2164.130487804878,2244.9378048780486,0.23536585365853657,0.3670731707317073,3903.9695121951218,0.8763414634146347,-4.079951521432208,32.19512195121951,55.9141604090355,51.04168993902439,48.05781233821735,51.271294902438996,49.00929731990234,52.693665707317045,51396.0,18726.0,51386.0,RUS -> MIL,0.0011166200727437126
2024-09-23,RUS,MIL,524,287,9.36259541984733,2239.864503816794,2309.456106870229,2301.2156488549617,0.3110687022900763,0.6736641221374046,5621.658396946565,0.4400763358778627,-2.21901384569472,38.05343511450382,51.7078917938931,58.32800364312979,49.84087766984731,50.127361402671774,48.71468797709922,57.36710033587788,46288.0,11530.0,46268.0,RUS -> MIL,0.0006038243746845478
2024-09-30,RUS,MIL,439,235,7.430523917995444,1757.0842824601366,1669.3553530751708,1790.7699316628702,0.40774487471526194,0.5375854214123007,4225.498861047836,1.279043280182231,-3.1576078602651076,38.54214123006834,52.624820833333324,44.441890947608215,51.06623933793102,29.873854963553537,52.26750545308922,40.2271559430524,11309.0,2614.0,11277.0,RUS -> MIL,0.0005025246425950877
2024-10-07,RUS,MIL,289,238,11.332179930795848,2816.6782006920416,2908.712802768166,2753.342560553633,0.4982698961937716,0.4671280276816609,6187.951557093425,0.26574394463667816,-3.5909828386720295,39.03114186851211,52.89448469204151,49.81221882006921,49.70458229757784,43.42030298269897,49.916278837370236,46.261272833910034,1893.0,461.0,1872.0,RUS -> MIL,0.0003845805809429011
2024-10-14,RUS,MIL,473,306,11.207188160676532,2534.3319238900635,2533.0084566596192,2490.3319238900635,0.42071881606765327,0.492600422832981,6735.276955602537,2.193657505285412,-3.041562358448409,40.676532769556026,51.96121516913319,55.10188977378437,46.469259894291746,62.88569655179703,49.5595759090909,52.11768322832982,13349.0,2341.0,13325.0,RUS -> MIL,0.0006111948147937573
2024-10-21,RUS,MIL,1006,331,13.339960238568588,2727.4095427435386,2706.024850894632,2712.451292246521,0.40656063618290256,0.2823061630218688,3963.6669980119286,3.2894632206759433,-2.837860849867636,39.75149105367793,51.75993118290264,56.66915880616301,50.7859631491055,50.42503211928425,50.26967938966212,56.337936159045626,233658.0,54495.0,231888.0,RUS -> MIL,0.0012291857072338679
2024-10-28,RUS,MIL,700,290,8.322857142857142,2027.4671428571428,2048.1271428571426,2045.3857142857144,0.38142857142857145,0.6585714285714286,6055.694285714286,3.033142857142853,-2.36780738121825,36.614285714285714,42.79006971816879,53.46617252285712,41.5154041585714,56.063085998571424,39.321915639999986,64.7044669171428,51755.0,15622.0,51745.0,RUS -> MIL,0.0009891602171065367
2024-11-04,RUS,MIL,734,274,7.133514986376022,1869.1376021798364,1943.716621253406,1959.2765667574931,0.3079019073569482,0.7193460490463215,5118.861035422344,2.619891008174385,-1.6568481785363327,24.94550408719346,50.52151774590161,39.06990125683064,47.23893918032785,36.077380587431726,47.826060525956265,39.251192329235,26432.0,18002.0,26422.0,RUS -> MIL,0.0009573858930362568
2024-11-11,RUS,MIL,486,278,10.716049382716049,2606.625514403292,2615.082304526749,2620.6399176954733,0.3662551440329218,0.4074074074074074,5436.008230452675,-0.13971193415637917,-3.657563301735031,38.148148148148145,52.89618052989689,48.11246423868315,49.18218905979383,51.121483858024696,51.976011571134,46.44560185185187,11280.0,3892.0,11277.0,RUS -> MIL,0.0006424687721840104
2024-11-18,RUS,MIL,1176,440,11.230442176870747,2642.904761904762,2681.127551020408,2679.1360544217687,0.6105442176870748,0.42091836734693877,5466.693027210885,-3.408843537414966,-4.344488235340876,54.005102040816325,53.134092091836706,44.8013515297619,51.57247968367345,45.740386223639454,51.786476197278894,43.98672522534013,228413.0,31361.0,228172.0,RUS -> MIL,0.0015793948070680604
2024-11-25,RUS,MIL,1651,476,8.2961841308298,1816.4009691096305,1863.060569351908,1830.3313143549365,0.4306480920654149,0.5663234403391884,4267.809812235009,0.5650514839491318,-3.084806015080189,44.706238643246515,52.05522945184729,54.49381450272571,48.540762029073264,58.560350213809784,49.97279960387638,55.886632153240484,326652.0,47588.0,326552.0,RUS -> MIL,0.002348456291828766
2024-12-02,RUS,MIL,734,466,12.317438692098092,2914.5953678474116,2907.0722070844686,2931.096730245232,0.4196185286103542,0.33787465940054495,5469.42098092643,0.22356948228882886,-3.5503793922422573,38.76021798365122,51.015527196185275,56.371281166212555,48.195772367847404,52.805990914168945,49.258728209809256,56.40780852452317,10414.0,2569.0,10410.0,RUS -> MIL,0.0009031611872016891
2024-12-09,RUS,MIL,680,380,15.530882352941177,3885.5676470588237,3886.8544117647057,3905.380882352941,0.3573529411764706,0.4323529411764706,7580.680882352941,2.0605882352941185,-2.7643050687379813,38.5,48.60024922647056,44.1432155764706,45.77676608235292,38.96080535,46.57951782205879,40.90525145882355,26238.0,8209.0,26200.0,RUS -> MIL,0.0008475917798554856
2024-12-16,RUS,MIL,884,407,7.79524886877828,1771.7601809954751,1763.9819004524886,1704.2296380090497,0.5622171945701357,0.6640271493212669,4062.4072398190046,-5.398642533936653,-5.837974779253921,43.710407239819006,52.66090221655327,42.22893546938779,51.19365129365079,41.40527979818599,51.65553572335598,43.59935508163268,173134.0,23960.0,161848.0,RUS -> MIL,0.0012089037677044914
2024-12-23,RUS,MIL,237,188,10.691983122362869,2756.7679324894516,2721.662447257384,2776.1983122362867,0.4936708860759494,0.4767932489451477,5514.172995780591,-0.4717299578059072,-3.7590524203941107,44.13502109704641,50.27102605485233,50.20722478059072,47.72709552742615,45.69945681012658,48.76250389873417,45.86989407594937,3884.0,621.0,3884.0,RUS -> MIL,0.0005016966661515632
2024-12-30,RUS,MIL,497,173,9.404426559356137,2724.4647887323945,2708.3561368209257,2755.2796780684102,0.49295774647887325,0.2414486921529175,4305.79476861167,-2.629577464788732,-1.599979135584782,33.138832997987926,52.26014421327966,41.06515209657945,51.52392253319923,25.90508889738431,52.229799722333986,39.448437517102604,71300.0,26286.0,71300.0,RUS -> MIL,0.0010041316887393803
2025-01-06,RUS,MIL,200,173,13.38,3588.98,3633.825,3611.8,0.505,0.41,7813.315,-1.4619999999999995,-3.457656251104057,40.4,52.9887954120603,42.93617888,49.74342931,32.34185693,51.082993435,37.59108108,1103.0,262.0,1094.0,RUS -> MIL,0.00027931673540185995
2025-01-13,RUS,MIL,404,247,11.507425742574258,2988.9381188118814,3019.8217821782177,3009.1014851485147,0.4801980198019802,0.3217821782178218,6595.6732673267325,-3.202970297029701,-3.3363603788894443,40.0,48.69753225247522,49.2084718316832,45.539020297029694,43.6590517079208,45.137614504950484,44.08988824257426,8659.0,1662.0,8618.0,RUS -> MIL,0.0005101841082701602
2025-01-20,RUS,MIL,282,179,9.124113475177305,2466.9290780141846,2496.1382978723404,2514.2198581560283,0.375886524822695,0.5780141843971631,5937.914893617021,0.3542553191489365,-3.065752567292527,38.04964539007092,52.94375425531914,55.168788581560285,50.183431886524815,48.637943943262414,51.99032902127659,51.20457738297873,4039.0,1538.0,4035.0,RUS -> MIL,0.0003120691067077152
2025-01-27,RUS,MIL,319,174,10.827586206896552,2729.282131661442,2760.564263322884,2571.7272727272725,0.2884012539184953,0.3448275862068966,6394.764890282132,-2.2633228840125397,-3.5367688929923085,34.76489028213166,53.30206086833854,47.93255338557995,51.887167874608146,39.37185873354232,51.83593898746081,38.208977943573665,5908.0,1923.0,5908.0,RUS -> MIL,0.00039034059970510316
2025-02-03,RUS,MIL,252,178,13.222222222222221,3267.0198412698414,3434.4841269841268,3419.2063492063494,0.49603174603174605,0.49206349206349204,7266.015873015873,-1.232142857142857,-3.7926193695048407,49.44444444444444,51.32901352380951,54.75267875396824,50.23413846031745,49.56729692857143,50.88290148809522,53.36730632142858,6157.0,813.0,6157.0,RUS -> MIL,0.00029193866970962526
2025-02-10,RUS,MIL,391,287,9.974424552429667,2377.214833759591,2300.938618925831,2385.1713554987214,0.3836317135549872,0.5217391304347826,5703.572890025575,-1.3250639386189258,-2.905814988257867,35.42199488491048,48.58170300511508,42.85057025575449,47.69890971867007,42.5271012787724,48.40753964194373,41.53948567774937,2910.0,858.0,2888.0,RUS -> MIL,0.0004461534950592209
2025-02-17,RUS,MIL,539,247,7.580705009276437,1836.5881261595548,1870.9202226345083,1866.1150278293135,0.39888682745825604,0.6846011131725418,5113.983302411873,2.3554730983302403,-2.023778457931803,36.103896103896105,52.465412135436004,37.57061717254177,52.11454593320966,35.23793182374773,52.623210450834925,36.600916499072376,51736.0,15191.0,51726.0,RUS -> MIL,0.0005810719321773703
2025-02-24,RUS,MIL,416,259,12.485576923076923,3085.264423076923,3026.800480769231,3097.90625,0.3581730769230769,0.3701923076923077,6577.9567307692305,-0.34399038461538456,-2.485628229151154,33.72596153846154,53.23525987198066,48.38911237019233,49.53714421204818,41.176552002403845,50.324098199999995,39.425079887019244,7759.0,2192.0,7751.0,RUS -> MIL,0.0004468198456752995
2025-03-03,RUS,MIL,768,399,13.634114583333334,2893.0651041666665,2933.76171875,2907.5481770833335,0.3346354166666667,0.578125,6866.485677083333,-0.6480468749999996,-1.4133897175549492,35.442708333333336,54.35949648437498,44.59451395312502,50.23895390624998,31.385317407552094,52.003740494791636,37.15325495572918,39062.0,7037.0,39034.0,RUS -> MIL,0.0008596767928682646
2025-03-10,RUS,MIL,1355,466,13.236162361623617,2852.3741697416976,2880.190405904059,2873.1660516605166,0.32177121771217715,0.43247232472324726,5298.851660516605,-0.6256826568265682,-3.2335645498138263,31.918819188191883,52.569360756457556,42.37836596678968,50.206851365313625,29.12983509667899,51.46024811808119,39.804009282656835,151878.0,30603.0,151574.0,RUS -> MIL,0.0015260332258540436
2025-03-17,RUS,MIL,662,323,10.336858006042297,2131.824773413897,2201.237160120846,2164.735649546828,0.19939577039274925,0.4622356495468278,5061.56495468278,-0.6483383685800601,-2.1515024478758686,33.24773413897281,54.34305834592142,48.20331630362539,50.62019788519637,33.62514198338369,52.0543396148036,38.46636184743204,19214.0,5468.0,18918.0,RUS -> MIL,0.0007380040891223548
2025-03-24,RUS,MIL,435,235,15.167816091954023,3647.7471264367814,3624.4206896551723,3660.92183908046,0.42528735632183906,0.2,6249.811494252874,-2.1655172413793102,-2.1876779399514903,41.95402298850575,52.25283266436781,37.599772565517256,50.592312873563216,35.88383418390805,51.7759578367816,35.5822443816092,20245.0,3123.0,20245.0,RUS -> MIL,0.0005394097741051068
2025-03-31,RUS,MIL,296,205,8.472972972972974,2065.1013513513512,1975.3513513513512,2063.3277027027025,0.4358108108108108,0.5135135135135135,4577.858108108108,-0.5385135135135136,-3.483571803979172,40.16891891891892,50.6330133885135,39.141565878378394,47.79531328716215,37.46194197972975,49.38910821959458,37.25832859121623,3199.0,739.0,3197.0,RUS -> MIL,0.00040987011548367444
2025-04-07,RUS,MIL,1027,258,11.282375851996106,2682.9883154819863,2673.328140214216,2707.512171372931,0.5754625121713729,0.3388510223953262,4151.629990262902,0.573222979552093,-1.781528452798489,48.373904576436225,55.9935824488803,40.51137215481987,54.5481207400195,38.20467342064266,55.06210017039926,37.64078854917236,607737.0,70077.0,607737.0,RUS -> MIL,0.0013261691788985436
2025-04-14,RUS,MIL,419,266,10.58472553699284,2399.732696897375,2433.7112171837707,2417.310262529833,0.4152744630071599,0.49403341288782815,6183.157517899761,-1.1620525059665872,-3.5649592708591693,39.307875894988065,51.82400754415272,49.43338017422436,47.48297542959426,49.11858087589499,48.93159893317421,50.11052230548926,5502.0,1211.0,5467.0,RUS -> MIL,0.0005039764827012177
2025-04-21,RUS,MIL,394,258,10.753807106598984,2609.215736040609,2603.6776649746193,2620.208121827411,0.42385786802030456,0.5076142131979695,5635.6015228426395,-1.3180203045685281,-3.651433820573129,35.98984771573604,53.13288870558374,44.576842197969555,50.096349951776645,44.116614987309646,51.03854797208121,44.41279146192894,5742.0,1622.0,5742.0,RUS -> MIL,0.00042129980613793183
2025-04-28,RUS,MIL,391,285,11.416879795396419,2629.5601023017903,2696.478260869565,2544.8542199488493,0.391304347826087,0.41687979539641945,5269.826086956522,0.6048593350383634,-1.8366449725936949,32.55754475703325,52.926654166666644,41.05939733333334,50.33633188205127,43.21653088717949,51.379306261538446,42.70454164871796,3113.0,875.0,3100.0,RUS -> MIL,0.0005046235650170681
2025-05-05,RUS,MIL,1072,380,10.245335820895523,2332.4412313432836,2357.166044776119,2349.3003731343283,0.3656716417910448,0.5102611940298507,4727.479477611941,-3.126958955223881,-2.4829530965647257,34.26305970149254,53.68117891044784,38.80466573320895,51.284402734141786,37.3958878283582,52.250821141791064,37.84631126772388,108120.0,38370.0,108120.0,RUS -> MIL,0.001295307049394456
2025-05-12,RUS,MIL,475,210,20.68842105263158,4000.3473684210526,4003.8526315789472,4051.2168421052634,0.2968421052631579,0.18947368421052632,7012.92,-0.9088421052631579,-2.0884156014878417,33.03157894736842,53.75526712631576,39.262219789473704,51.46258789473681,38.664420842105265,52.39847917894733,39.35137467368422,10814.0,4203.0,10788.0,RUS -> MIL,0.000589222561145796
2025-05-19,RUS,MIL,428,185,11.700934579439252,3052.96261682243,3101.6822429906542,3035.8434579439254,0.2757009345794392,0.31542056074766356,5787.22429906542,0.27733644859813106,-3.2457594220157233,30.77102803738318,53.136680233644846,44.371946962616846,50.507288504672886,34.8000260046729,51.15125234813084,39.41592740654207,13214.0,3902.0,13200.0,RUS -> MIL,0.0005526673949480002
