mentions,events,avg_sentenceid,avg_a1co,avg_a2co,avg_actco,avg_raw_text,avg_root_event,avg_len,avg_goldstein,avg_tone,avg_confidence,avg_lat1,avg_lon1,avg_lat2,avg_lon2,avg_lata,avg_lona,total_num_mentions,total_num_sources,total_num_articles
437.0,234.0,8.020594965675057,2173.684210526316,2198.377574370709,2200.400457665904,0.597254004576659,0.5812356979405034,4349.336384439359,-1.8128146453089249,-1.2574056129374322,48.69565217391305,34.714980183486226,99.134497912844,33.273218410550456,102.75983116972478,36.475684862385314,101.0499424770642,17222.0,2009.0,17153.0
425.0,182.0,6.350588235294118,1606.8117647058823,1589.244705882353,1617.9388235294118,0.7129411764705882,0.8023529411764706,3560.8023529411767,-2.050823529411765,-2.742279167054295,50.98823529411764,33.43472404705882,99.53043670588232,32.81652687058823,99.4791804705882,33.978525223529395,99.73136729411762,28716.0,3080.0,28608.0
649.0,212.0,10.01848998459168,2773.942989214176,2790.647149460709,2820.4576271186443,0.5454545454545454,0.5855161787365177,4598.825885978428,-2.534206471494608,-0.4330475897989002,39.50693374422188,32.664262403697975,104.46075762711864,30.19181807395991,101.60433220338984,31.020357935285023,103.07635670261942,86641.0,19298.0,51519.0
529.0,299.0,6.8204158790170135,1975.436672967864,1972.514177693762,1991.9206049149336,0.4933837429111531,0.6124763705103969,5633.742911153119,-1.1765595463138,-1.6638762883942777,44.34782608695652,33.879010018903585,95.49638843100188,33.061224196597344,91.4982402268431,32.99451780718336,93.4670180907372,10719.0,1412.0,10615.0
419.0,147.0,13.821002386634843,3239.9164677804297,3240.7255369928403,3258.474940334129,0.2744630071599045,0.2529832935560859,5242.44630071599,0.666109785202864,-1.3701384104853962,32.0763723150358,25.77959474940334,101.91104057279236,31.042586467780417,93.791261575179,25.41597112171837,97.12945751789977,24387.0,8520.0,24083.0
1086.0,317.0,10.746777163904236,2529.953038674033,2566.745856353591,2575.6169429097604,0.7219152854511971,0.5285451197053407,4927.441988950276,-0.8307550644567221,-2.9257897621661373,65.21178637200737,34.91298081952113,110.0881873848988,32.769837246777136,100.52695589318604,32.717664530386706,106.48929134438312,432340.0,40136.0,430505.0
1662.0,467.0,5.732250300842359,1278.3038507821902,1290.0788206979544,1291.3543922984356,0.7436823104693141,0.7683513838748496,3967.848375451264,0.1842358604091449,-2.446764375155463,65.0,35.91914969915764,100.79786793020456,35.299037845968705,97.97605216606496,35.899764458483745,99.58743084837542,632040.0,62679.0,628217.0
1138.0,352.0,9.478031634446396,2633.7565905096662,2292.5571177504394,2659.895430579965,0.6080843585237259,0.5966608084358523,6012.653778558875,0.2784710017574686,-0.9062517894505424,49.6572934973638,32.64905715289981,97.3396886643234,33.55935077328645,104.91727724077336,33.16739227592266,105.1087103101934,304996.0,39956.0,303706.0
351.0,256.0,9.575498575498576,2558.014245014245,2590.296296296296,2581.2051282051284,0.5954415954415955,0.5185185185185185,5010.6980056980055,0.2393162393162391,-1.7854390540693648,48.09116809116809,33.691898005698,95.90928413960113,33.30535507977208,89.4696637977208,33.661989601139595,92.17814425356124,4754.0,668.0,4708.0
388.0,169.0,9.966494845360824,2444.822164948453,2460.9484536082477,2445.023195876289,0.6494845360824743,0.461340206185567,4778.492268041237,-0.1569587628865978,-1.6575586156443578,48.1958762886598,34.28161159793814,100.67923195876286,35.031710824742255,96.6779899484536,34.8811487113402,100.6624899484536,18977.0,2511.0,18977.0
430.0,197.0,8.116279069767442,2168.304651162791,2225.279069767442,2210.772093023256,0.5465116279069767,0.6674418604651163,4966.139534883721,-2.036046511627907,-1.9665473290481357,49.46511627906977,33.06892546511627,97.62372676744184,32.43115348837208,85.46231897674417,31.83655493023255,88.43021460465114,12816.0,2129.0,12632.0
762.0,227.0,11.73753280839895,2511.530183727034,2561.6115485564305,2542.808398950131,0.7335958005249343,0.3307086614173228,4379.876640419948,2.3832020997375327,-2.875286264438951,69.67191601049869,37.56569812335954,109.93264041994765,31.252226246719133,103.10404908136488,35.431102230971085,102.67051574803158,301037.0,30081.0,300086.0
307.0,188.0,10.159609120521171,2715.5504885993487,2760.892508143322,2731.3387622149835,0.6482084690553745,0.6123778501628665,5452.205211726385,0.0293159609120523,-2.264557169436127,54.33224755700326,34.454687589576544,100.2264309446254,31.07073403908794,99.16383387622147,32.81204566775244,100.5983286644951,6922.0,810.0,6844.0
1376.0,369.0,9.792877906976743,2031.938226744186,2089.89898255814,1996.2594476744189,0.6206395348837209,0.565406976744186,4561.322674418605,-1.3441860465116222,-0.8411723179922689,46.47529069767442,35.00814844476749,89.40904243968018,32.60375750000005,96.46748609084293,26.5886215116279,88.70242138880812,436632.0,73158.0,436494.0
713.0,406.0,7.359046283309958,2096.3478260869565,2132.179523141655,2125.7699859747545,0.576437587657784,0.7166900420757363,5329.294530154278,0.5249649368863956,-1.1359309130293456,49.50911640953717,32.212937774647884,103.36725413098588,31.991325126760557,98.14918680704224,32.63920170422534,102.36648999999998,23334.0,2312.0,19687.0
513.0,259.0,11.052631578947368,2889.4424951267056,2951.401559454191,2895.959064327485,0.645224171539961,0.4171539961013645,5061.261208576998,-0.5738791423001949,-1.4614141745619649,41.42300194931774,29.424049083820652,99.2598716959064,29.754617056530204,88.03577610721247,30.5724064522417,96.59797000584793,33331.0,1823.0,33249.0
608.0,234.0,7.527960526315789,1874.722039473684,1929.9259868421047,1923.9161184210527,0.6118421052631579,0.4161184210526316,3757.0986842105262,-1.4633223684210528,-2.3804712284379144,44.7203947368421,33.20684386513158,94.23634819078944,33.89320949013158,95.3401219835526,32.91608564144737,104.4149260411184,28948.0,5485.0,28421.0
2277.0,385.0,8.582784365393062,2274.42380324989,2335.645147123408,2331.540184453228,0.2946859903381642,0.279754062362758,4011.852437417655,0.5902942468159856,-3.029546711909662,33.60122968818621,25.407070865173445,112.69625024154575,28.662726174791427,93.93512516469023,31.358914624505964,107.206236144049,318983.0,109588.0,317220.0
1216.0,468.0,6.219572368421052,1457.0394736842106,1300.3618421052631,1504.7565789473683,0.6217105263157895,0.7467105263157895,4324.8264802631575,-1.4664473684210513,-2.2478922316677283,50.04934210526316,32.6569555111111,89.4677512205762,33.90540272921809,93.28705069876548,34.540950795061704,94.24172606255148,92132.0,14736.0,91269.0
708.0,288.0,8.782485875706215,2154.686440677966,2074.8008474576272,2107.477401129944,0.559322033898305,0.6440677966101694,4872.807909604519,-2.0991525423728805,-1.5998448705528832,53.53107344632768,33.29114080508472,93.93333601694918,32.708045254237256,98.44675997598874,30.53547362994348,95.9493973629944,216523.0,18933.0,215657.0
1183.0,312.0,11.321217244294168,2496.908706677937,2527.8934911242604,2525.0515638207944,0.4404057480980557,0.5528317836010144,4270.150464919696,1.184953508030432,-2.572821740113539,40.8537616229924,37.9916379881657,85.49122868385457,34.296892753169885,67.97729867540156,34.182012671174974,84.29505666356724,164592.0,33998.0,160672.0
800.0,358.0,7.6925,1872.4625,1928.20875,1902.0425,0.63,0.675,4149.765,-0.5601250000000002,-2.2431344926702192,47.375,33.694798174999974,91.928306,33.20277226249998,95.044992125,33.288878512499984,94.66357962499998,99886.0,11000.0,99788.0
493.0,262.0,9.107505070993914,2395.69168356998,2475.393509127789,2441.922920892495,0.5943204868154158,0.640973630831643,4920.253549695741,-0.6947261663286004,-1.9990352098555797,51.39959432048681,30.01180515212981,88.57812480730223,29.91867935091277,98.55429945233266,29.459689492900605,96.84386375253548,33218.0,2474.0,33194.0
814.0,307.0,6.6093366093366095,1514.1855036855036,1576.2248157248157,1572.0921375921375,0.5319410319410319,0.6818181818181818,3836.324324324324,0.0679361179361185,-2.0833638290287806,43.39066339066339,33.9236315451174,95.2970381124846,29.695993482587067,92.996467039801,28.22653218362284,87.70630992555827,55008.0,10529.0,36139.0
441.0,213.0,6.546485260770975,1869.3265306122448,1906.2721088435371,1913.185941043084,0.6122448979591837,0.7346938775510204,4540.378684807256,0.0256235827664398,-2.1222839600069143,49.20634920634921,34.61125653061224,105.79060839002268,33.55997117913832,102.31121337868476,33.757403832199536,103.56676485260768,19736.0,3187.0,19162.0
1034.0,372.0,10.68375241779497,2569.2117988394584,2620.588007736944,2622.4303675048354,0.6760154738878144,0.6102514506769826,4921.119922630561,0.2444874274661496,-2.213183822505853,50.02901353965184,32.085469796116485,109.47226779902913,29.669893097087364,103.92916682524272,28.63824214563106,104.12419410679612,179797.0,29494.0,178220.0
2119.0,517.0,9.811703633789524,2501.6687116564417,2528.936290703162,2515.762623879188,0.6866446436998584,0.6512505899008967,6448.782916470033,-0.8204341670599358,-3.063638295790956,50.82586125530911,35.250154348441924,94.78548926062328,33.932100453257775,105.6140470037772,34.82786454202077,107.05562854296508,836757.0,30412.0,835073.0
2896.0,534.0,10.798687845303869,2752.4340469613257,2774.549723756906,2771.4868784530386,0.4827348066298342,0.7230662983425414,5047.610842541437,-0.2319406077348121,-1.847949517048575,38.41505524861879,33.8609584495857,112.12060652624297,30.780593473756927,100.83472923584247,30.39985966850831,108.54796342092531,461873.0,82919.0,460947.0
1800.0,478.0,13.287222222222224,3110.978333333333,3211.383333333333,3198.593888888889,0.5261111111111111,0.5816666666666667,5765.392777777778,2.348444444444445,-2.684421831558412,46.15,34.35055144999997,100.8701526827778,38.41198464444443,100.67561777166672,38.68934991666665,100.93524238277784,449908.0,59677.0,432930.0
1145.0,423.0,6.206986899563319,1523.3624454148471,1532.4,1549.0873362445416,0.5816593886462882,0.731004366812227,3826.393886462882,3.215633187772925,-2.053345624078636,52.8471615720524,30.93071772925761,112.8732746724891,31.030749790392974,108.86606327772924,28.729142480349317,110.0278128672489,240810.0,24464.0,237721.0
865.0,277.0,6.005780346820809,1516.1225433526013,1472.2057803468208,1494.8335260115607,0.5722543352601156,0.7271676300578035,4882.216184971098,1.0139884393063574,-2.4504933771299955,49.82658959537572,33.67030127167629,86.09468685895949,36.55062278422273,90.9081947401392,33.3660339884393,93.18664315953755,181457.0,22980.0,176518.0
619.0,282.0,6.859450726978999,1946.930533117932,1809.0080775444264,1976.751211631664,0.5621970920840065,0.72859450726979,3887.5056542810985,0.1520193861066239,-1.7489953361720152,46.76898222940226,36.36162243941838,100.22300247172863,32.98198079159934,93.70444495961226,34.83562596122778,96.57578475444264,46128.0,7240.0,45460.0
880.0,370.0,6.1625,1599.0,1647.1375,1593.769318181818,0.6454545454545455,0.7011363636363637,4253.596590909091,-0.5415909090909086,-1.9705573856259253,43.93181818181818,34.35292257954543,87.90990156818182,34.3154786022727,83.41382810227272,33.8300355340909,83.29535310227273,111012.0,19570.0,110786.0
1526.0,277.0,12.261467889908255,2479.798165137615,2497.8722149410223,2496.821100917431,0.6992136304062909,0.7418086500655308,5036.255570117955,1.108715596330274,-0.9323865018737544,63.82044560943643,32.273532549148065,109.8748260615993,33.54717101572736,95.62841386631727,33.44695891218869,96.9590604652688,3237923.0,162382.0,3211441.0
902.0,300.0,10.702882483370288,2761.9434589800444,2782.659645232816,2803.929046563193,0.4201773835920177,0.3059866962305986,4867.634146341464,0.1986696230598676,-2.737211915630568,38.88026607538803,34.38669900221727,109.58992305986698,35.12883170731705,105.49097396895786,35.625399556541,105.65396957871396,49451.0,11565.0,49191.0
1227.0,453.0,5.558272208638956,1336.5012224938876,1393.4482477587612,1396.4661776691116,0.6927465362673186,0.7571312143439283,4306.714751426243,0.4083129584352086,-1.776184984982048,51.69519152404238,36.61914194784024,96.1180275305624,31.41012028524857,90.02481864710677,35.58919543602283,85.54479639771799,165359.0,16862.0,164996.0
823.0,279.0,6.969623329283111,1941.273390036452,1999.516403402187,1973.194410692588,0.25273390036452,0.7205346294046172,3609.157958687728,0.356986634264884,-1.188394970514823,43.2685297691373,31.259579489051063,105.49927944038927,35.39104069343061,102.0284092457421,34.03173844282236,106.14377457420925,82669.0,9189.0,82646.0
694.0,289.0,13.858789625360233,3857.556195965418,3896.665706051873,3875.9265129683,0.3126801152737752,0.3501440922190201,6750.381844380404,2.409942363112392,-1.7883958253078762,41.29682997118156,33.00252478386165,100.75130237752155,32.50452280979825,96.23988645533136,33.080280446685855,96.88678623919304,63705.0,14480.0,63650.0
542.0,224.0,7.123616236162362,1892.370848708487,1920.618081180812,1906.474169741697,0.3210332103321033,0.5350553505535055,4668.747232472325,-0.8047970479704794,-1.7651520597702437,32.17712177121771,34.13017060885607,97.44033523985236,24.86685830258302,100.120786900369,26.237326088560884,100.85028044280445,18471.0,6872.0,18413.0
844.0,290.0,10.738151658767771,2863.6824644549765,2949.973933649289,2934.338862559241,0.3400473933649289,0.4443127962085308,5209.629146919431,2.216232227488152,-3.088083128972862,39.85781990521327,33.27417476303315,82.95607855450238,32.82855438388623,93.99396670616116,33.412376184834095,93.5933268957346,60855.0,9280.0,60794.0
1598.0,484.0,7.943679599499374,1824.787859824781,1861.215269086358,1831.936170212766,0.3892365456821026,0.5844806007509387,4100.875469336671,2.0122653316645773,-1.0860608858580525,35.21902377972466,35.947815031446524,99.19261232704405,31.24117186792453,96.6102376918238,32.9008878616352,91.03013993710688,139630.0,48106.0,139041.0
778.0,311.0,7.818766066838046,1947.4935732647812,2023.69794344473,2014.3997429305912,0.615681233933162,0.7133676092544987,4185.417737789203,0.5059125964010285,-1.285381645368951,43.149100257069406,34.776243573264786,101.75625719280202,29.58951066838048,103.69563178663236,30.66274267352187,107.90079108354752,46499.0,13219.0,46462.0
625.0,349.0,7.192,1887.9456,1908.0544,1824.9616,0.5744,0.6624,4886.3056,0.1324800000000003,-0.4528503522822632,49.968,34.02178412799999,97.08923104,33.89792539199999,89.77432672,33.95060784,90.34569696,17567.0,2607.0,15710.0
227.0,149.0,10.05726872246696,3142.295154185022,3178.9030837004407,3166.546255506608,0.4713656387665198,0.4889867841409692,4833.555066079295,1.0475770925110128,-0.9314527404286652,44.36123348017621,34.103460792951545,99.86471762114536,33.02247444933921,91.6746757709251,32.81281762114538,96.64602290748896,6579.0,671.0,6327.0
1351.0,355.0,5.92079940784604,1457.3760177646188,1486.0525536639527,1493.1680236861584,0.5758697261287935,0.764618800888231,3311.017024426351,-1.1769800148038492,-1.917465095858014,51.865284974093264,35.3907610288675,106.47749158401186,34.20366764618801,107.6623450259067,35.65407874907476,109.72726108808284,305268.0,41207.0,295837.0
766.0,350.0,5.95953002610966,1346.8994778067886,1362.439947780679,1375.66318537859,0.4099216710182767,0.7754569190600522,3113.6631853785902,1.308485639686684,1.0894669118677542,42.23237597911227,32.609512928104564,104.47302113333336,31.78770613071895,99.47833577385624,33.08605632679738,101.03683263660132,23734.0,3991.0,22091.0
532.0,261.0,7.178571428571429,2237.6071428571427,2239.6484962406016,2259.8609022556398,0.6484962406015038,0.6823308270676691,5592.616541353384,0.7477443609022562,-0.2784997209021667,39.3984962406015,29.38897534839924,102.62834475894536,31.51114973634651,43.9326612693032,32.099751807909605,46.31343063465159,27668.0,4743.0,27592.0
741.0,259.0,9.03778677462888,2562.5128205128203,2589.156545209177,2564.3508771929824,0.4898785425101215,0.5762483130904184,5718.546558704454,0.1070175438596449,-0.8356135859691031,42.442645074224025,33.7615809716599,105.480384705803,34.76478948717948,96.03579658164644,35.162945236167324,93.03417737381916,128113.0,22119.0,128079.0
2249.0,659.0,5.874166296131614,1389.577590040018,1436.7043130280124,1409.9653179190752,0.6313917296576256,0.7647843485993775,3853.651845264562,-2.0369942196531805,-1.8250227354247417,51.29835482436639,34.92486674077369,103.56580386216092,34.01194429968876,95.48309996398396,34.215865126723,99.70059335526896,390685.0,30748.0,367099.0
1035.0,371.0,6.944927536231884,1699.3352657004832,1738.2144927536233,1728.0096618357488,0.4821256038647343,0.6492753623188405,3813.755555555556,2.5283091787439647,-2.160058573088521,47.06280193236715,33.148275033816425,103.2207923033816,30.85785478260869,90.41931471787436,31.37993710144928,87.76913146570048,118126.0,15984.0,106484.0
1087.0,495.0,8.596136154553818,1980.3955841766328,2022.342226310948,2007.1490340386383,0.5869365225390984,0.6862925482980681,4212.104875804967,1.1692732290708376,-2.190082174649428,51.637534498620056,32.98180145906162,97.21406835602578,33.66462043514258,93.70188068629254,31.83601547654093,92.445819600736,110072.0,11480.0,109779.0
680.0,273.0,9.913235294117648,2121.904411764706,2171.0014705882354,2175.417647058824,0.6147058823529412,0.4191176470588235,3841.830882352941,-1.9794117647058815,-1.686167035599776,48.05882352941177,34.472626764705865,108.90236999999996,34.590036911764685,106.8112008823529,33.10001323529411,107.57971573529412,83423.0,6343.0,83392.0
1060.0,384.0,6.2320754716981135,1472.883962264151,1447.6943396226416,1511.4396226415097,0.6226415094339622,0.7377358490566037,3638.932075471698,1.9483018867924489,-2.1183767996433005,47.5188679245283,34.87131315094335,96.19730399339628,34.086579226415054,106.13516691792454,32.62432833962261,107.27057028301886,136881.0,23916.0,135707.0
758.0,296.0,7.794195250659631,2544.609498680739,2414.679419525066,2527.5,0.4788918205804749,0.7612137203166227,5305.949868073879,-0.6664907651715044,-0.8052541538641036,45.14511873350924,35.37346601583112,68.32017691292874,34.227639656992075,65.21178614775725,35.08177618733508,66.64994986807388,143197.0,24885.0,142801.0
622.0,340.0,8.504823151125402,2299.98231511254,2350.225080385852,2339.8778135048237,0.4758842443729904,0.5578778135048231,4724.1077170418,-0.3233118971061092,-1.770864935010151,44.11575562700965,35.1855526897106,94.21074361736332,34.67342155948552,83.71032668810287,34.23161754501607,84.45694908360127,11060.0,1915.0,10983.0
999.0,295.0,12.77877877877878,3311.7927927927926,3361.6866866866867,3335.3773773773773,0.5115115115115115,0.3073073073073073,6022.237237237237,-2.2755755755755747,-1.960770135248828,34.73473473473474,35.32582269269269,100.73301571571572,36.277637747747725,99.63804644644644,33.57218752752754,98.3932086086086,82760.0,17886.0,81255.0
1660.0,308.0,11.010240963855422,2808.136746987952,2856.903012048193,2803.032530120482,0.5174698795180723,0.3048192771084337,5795.9795180722895,0.2740963855421687,-0.8760485204215085,43.14457831325301,30.259334126506047,102.14138933734934,29.07714727108436,89.68810532108432,30.09021274698797,87.901279176506,889185.0,131644.0,889103.0
682.0,227.0,8.22140762463343,2266.099706744868,2321.901759530792,2319.266862170088,0.2565982404692082,0.3958944281524926,5014.129032258064,-1.2469208211143696,-1.6632726948291603,29.00293255131965,37.56780378299121,83.4235160791788,31.83342068914953,89.26729217888558,31.05249048387094,79.56689335190615,24843.0,16152.0,24701.0
931.0,309.0,8.24812030075188,2587.992481203008,2641.7969924812032,2562.5725026852847,0.4414607948442535,0.6756176154672395,7266.887218045113,-2.043286788399571,-1.232366836403605,31.09559613319012,33.87742967776584,88.74032094522022,33.3378908378088,82.4490429645543,30.936050429645537,71.46488174006447,50623.0,21701.0,50352.0
490.0,249.0,8.220408163265306,2190.3551020408163,2245.665306122449,2213.661224489796,0.6265306122448979,0.6653061224489796,4358.316326530612,0.951020408163266,-1.7245914708798025,53.93877551020408,34.0145083265306,101.83073944897956,31.26442267346938,95.95565971428574,32.47131914285714,98.31248516326532,21348.0,2333.0,20914.0
1180.0,249.0,11.082203389830507,3178.4813559322038,3210.8110169491524,3205.505084745763,0.6330508474576271,0.3296610169491525,5075.594915254237,1.5816101694915232,-1.444599815591783,51.36440677966102,32.81267833050848,108.44155773728804,36.61226663559327,107.69829909322029,35.350539686440705,107.46273231355924,379741.0,52809.0,379670.0
1116.0,407.0,8.382616487455197,2291.467741935484,2342.3611111111118,2325.4937275985662,0.471326164874552,0.5376344086021505,4882.618279569892,0.9083333333333342,-0.902271062635882,41.04838709677419,35.4670913082437,109.11054534050184,32.605747670250885,106.1932164874552,33.38407311827955,109.70541254480288,70017.0,10142.0,69597.0
681.0,302.0,7.406754772393539,1698.647577092511,1702.7283406754773,1718.6828193832598,0.4581497797356828,0.6725403817914831,3524.776798825257,1.547136563876652,-1.6811688487908834,40.83700440528634,34.39241508823528,109.04568872058827,34.21979252941175,108.15595513235294,35.316821117647045,108.69556733823532,26009.0,4738.0,25931.0
498.0,245.0,7.887550200803213,2003.1686746987957,2051.70281124498,2033.1265060240964,0.5100401606425703,0.6646586345381527,4072.548192771085,-1.0522088353413643,-1.147642539485613,41.506024096385545,31.022767008032112,105.57769437751004,29.453179036144565,97.80816927710843,31.904895582329296,102.85971385542167,18347.0,2527.0,18347.0
906.0,325.0,7.942604856512141,1910.043046357616,1962.7097130242823,1952.9690949227368,0.3024282560706401,0.609271523178808,4330.613686534216,1.2456953642384108,-2.4291476641826995,34.75717439293598,34.743567781456946,100.91190853200878,32.6405255629139,93.548154415011,32.86104631346577,96.3713218874172,45440.0,11068.0,45118.0
850.0,393.0,7.963529411764706,1813.9023529411768,1887.9164705882356,1768.9470588235297,0.4858823529411765,0.6752941176470588,4357.64,-2.435764705882352,-2.4779796841719923,47.588235294117645,32.52836771764704,106.70865446235292,33.16386011764704,96.87340834470588,32.917663411764686,96.16897403882354,39094.0,5620.0,38434.0
1115.0,349.0,7.881614349775785,1983.293273542601,1813.1874439461883,2004.9982062780268,0.4179372197309417,0.5748878923766816,4541.863677130045,-2.62304932735426,-2.642717184560934,46.23318385650224,34.32449295332137,93.66244074506284,32.13770860861757,87.39990690305213,31.23183101436264,90.62536776481151,168651.0,22965.0,168186.0
1439.0,532.0,6.6483669214732455,1775.404447533009,1805.610145934677,1775.813064628214,0.5059068797776234,0.7665045170257123,4304.445448227936,-0.1382209867963859,-0.9883271946680796,43.28005559416261,36.08736701181374,95.399689390549,34.605374725503815,99.23167890201528,35.019560319666425,103.54895286031967,94118.0,23949.0,91853.0
479.0,234.0,6.926931106471816,1752.812108559499,1849.3465553235908,1793.0417536534446,0.4237995824634655,0.6597077244258872,3718.814196242171,-0.6298538622129436,-3.637726625070503,41.98329853862213,35.401979117647066,48.10210630252102,34.77900813025211,43.15819663865549,34.70106220588235,33.9734735714286,38888.0,7870.0,38871.0
1300.0,265.0,8.38076923076923,1986.3984615384616,1372.1853846153847,2048.26,0.4769230769230769,0.7723076923076924,4885.799230769231,-1.7846153846153845,-1.891881350023377,40.66153846153846,37.64073066153847,114.04141798769209,37.1399868923077,15.274666846153815,37.27284271538461,10.948512733846044,1021151.0,156445.0,1015470.0
982.0,330.0,5.30142566191446,1331.387983706721,1353.2484725050915,1346.0244399185335,0.2780040733197556,0.8167006109979633,3290.7362525458248,-1.0437881873727088,-1.8753571348006144,33.66598778004073,35.49852921588594,98.32883319755602,33.621752138492866,95.38567138492876,34.147007443991846,104.48417637474545,53930.0,14952.0,53380.0
805.0,326.0,5.161490683229814,1288.1316770186336,1323.6944099378882,1318.1962732919255,0.5602484472049689,0.768944099378882,3673.719254658385,-0.8047204968944096,-2.030113428062688,48.64596273291925,30.843378968944087,105.47523846708074,26.77915499378881,101.78353374658386,27.46757511801241,101.97042977142858,45581.0,9476.0,45367.0
398.0,204.0,8.796482412060302,2252.562814070352,2268.243718592965,2253.922110552764,0.4497487437185929,0.6206030150753769,6401.349246231156,0.8992462311557788,-1.844328060600236,37.63819095477387,34.36263871859296,90.33733771356783,28.82988517587939,83.04330417085427,28.005081231155778,84.64025738693466,8953.0,2598.0,8918.0
291.0,203.0,6.505154639175258,1676.3676975945018,1741.6494845360826,1719.446735395189,0.5326460481099656,0.5979381443298969,4293.264604810996,0.3051546391752574,-1.5738517733643194,51.202749140893474,35.076798969072165,97.86407250859104,35.21565329896908,90.93031099656356,35.64858831615121,93.50542508591064,4499.0,601.0,3995.0
356.0,201.0,10.491573033707866,3203.862359550562,3185.1067415730336,3178.0955056179773,0.4297752808988764,0.6095505617977528,5103.693820224719,0.0075842696629214,-0.6176998071761749,42.7247191011236,30.704750646067414,104.02586947471907,29.68861356741573,93.59916891292131,29.28290120786517,97.00754531741572,5676.0,1185.0,5208.0
1188.0,263.0,6.292929292929293,1515.1069023569023,1520.6161616161617,1477.2483164983164,0.1944444444444444,0.8476430976430976,4797.698653198653,2.7777777777777715,-0.4494273184360131,29.343434343434343,36.9022935144312,108.99222589134132,32.679982413793105,95.80499256034504,29.232545307167264,85.34828623720155,300246.0,125101.0,299226.0
1048.0,471.0,6.276717557251908,1441.5820610687024,1448.4484732824428,1456.3520992366412,0.4580152671755725,0.7204198473282443,3685.459923664122,-1.670419847328244,-2.45765821703974,44.732824427480914,33.307641642788894,109.84445877077373,32.39431843361985,106.28185545940788,32.32022301814706,104.33421617287492,53742.0,7055.0,46155.0
1997.0,682.0,9.464697045568352,2260.319979969955,2309.9784677015523,2273.0816224336504,0.4636955433149725,0.5588382573860792,4598.283425137706,0.1019529293940903,-2.8297238166513647,41.52228342513771,33.88048758137207,100.47650245368054,32.59287139208814,102.51033039559336,33.050821812719086,103.6996384576865,143217.0,28206.0,142749.0
1964.0,592.0,6.738289205702648,1562.7734215885946,1208.6349287169044,1678.1471486761711,0.4674134419551934,0.6227087576374746,4438.885437881874,-0.0301934826883922,0.129446522010605,48.79327902240326,29.790681853360468,97.96833977138496,31.70272985234212,85.8127355631364,31.332446827902206,93.61414735947046,270484.0,49446.0,270327.0
516.0,311.0,8.294573643410853,2499.3468992248063,2537.304263565892,2530.656976744186,0.6085271317829457,0.5988372093023255,5383.474806201551,-1.1315891472868211,-1.418523537598242,54.92248062015504,34.52773753875967,94.7815610465116,32.86146217054263,89.83690258333336,33.136542906976736,90.80263527131784,20808.0,2418.0,20254.0
1737.0,589.0,8.602763385146805,1949.3045480713877,2010.7985031663789,1988.6799078871616,0.4553828439838802,0.6672423719055843,4262.84052964882,-0.5402993667242365,-1.8682396993484125,42.41220495106506,35.16155418778801,106.10990608640564,35.554364700460816,91.00093947580648,35.21332504032259,89.39879438940099,135156.0,31458.0,134202.0
1295.0,535.0,7.847876447876448,1967.519691119691,1952.9181467181468,1990.2277992277996,0.5606177606177606,0.637065637065637,4328.987644787645,-0.2069498069498067,-1.030674230192394,53.28957528957529,35.03557001545593,101.51551852086556,36.27424344667696,98.80447328670792,35.96662701700154,101.86329142194748,119446.0,14384.0,117412.0
912.0,402.0,6.7631578947368425,1697.392543859649,1765.2083333333333,1740.0570175438595,0.6107456140350878,0.680921052631579,3951.009868421053,0.85625,-2.751752740348111,57.42324561403509,34.93463812499997,107.0105210745614,33.22152205043858,103.86617993421054,34.939073399122776,104.07541984649124,103989.0,11051.0,103453.0
1613.0,396.0,8.26224426534408,1907.5542467451955,1924.5362678239303,1932.5592064476127,0.5895846249225046,0.5610663360198388,4602.475511469312,1.73403595784253,-2.888757559881342,52.56664600123992,37.12152027588345,112.15276978301304,36.90550540731557,107.67372393862372,36.6801095300682,111.02822871233732,749567.0,86412.0,747477.0
783.0,183.0,13.744572158365262,3615.676883780332,3710.283524904215,3715.743295019157,0.3627075351213282,0.280970625798212,5656.458492975735,-2.799489144316725,-3.5699688306060704,40.39591315453384,28.39798900766281,107.37313397190286,31.465125166028063,23.38430427075352,31.952561956577235,24.46309782886335,142372.0,26633.0,142319.0
483.0,239.0,8.805383022774327,2135.0931677018634,2156.0973084886127,2132.4534161490683,0.4513457556935817,0.5238095238095238,4595.691511387164,-0.0679089026915115,-2.589183083387229,44.18219461697723,36.09247514906833,95.16332925879918,32.734282875776394,92.94992733126296,33.63336700621118,96.80214030227742,9770.0,1570.0,9677.0
782.0,342.0,8.946291560102301,2264.7544757033247,2330.531969309463,2305.1777493606137,0.418158567774936,0.5869565217391305,5090.130434782609,-0.6156010230179021,-2.67479595617787,34.78260869565217,35.59488791815854,101.85221164066506,31.936532567774915,99.81999781585684,32.13980685421994,99.72683443094635,53252.0,14943.0,53133.0
233.0,144.0,13.476394849785407,3940.2875536480688,4014.407725321888,3992.317596566524,0.5321888412017167,0.4206008583690987,7927.042918454936,-1.8669527896995703,-1.237412431335615,47.51072961373391,34.7090624248927,108.47443253218886,34.533510622317586,101.5008488412017,34.04200321888411,103.4022870386266,3607.0,663.0,3606.0
484.0,220.0,12.349173553719009,2748.8615702479337,2788.5847107438017,2777.9173553719006,0.4070247933884297,0.2789256198347107,4340.297520661157,1.3966942148760335,-1.2899522295165438,41.54958677685951,38.23612122933883,109.96789365702482,39.49079271900826,102.48400956611572,39.30516730371899,104.34206659090913,17319.0,4026.0,16998.0
400.0,217.0,9.21,3350.47,3435.99,3410.185,0.4475,0.49,4530.1375,-0.8332499999999999,-1.4128286033211828,39.45,34.5427898245614,107.44545339849624,32.076828684210525,92.117779122807,31.170147067669173,105.46464428571429,11102.0,2226.0,11102.0
327.0,199.0,6.651376146788991,1606.5688073394494,1669.2721712538223,1617.9816513761468,0.3730886850152905,0.6574923547400612,3610.9694189602446,0.8709480122324165,-1.4532411980867252,42.17125382262997,32.73861251376147,93.52387797553514,31.327936963302754,88.06750388379204,33.01113384403669,89.8383815504587,12304.0,2918.0,12285.0
422.0,154.0,7.85781990521327,2399.928909952607,2436.2464454976302,2374.718009478673,0.566350710900474,0.6895734597156398,5227.741706161138,-0.5836492890995271,-2.391706302374394,48.22274881516588,34.37680051421799,111.12250774170612,33.89931451421799,102.38898933649286,35.023337042654006,104.5873936018957,29725.0,4883.0,29337.0
294.0,155.0,7.180272108843537,2068.673469387755,2111.4455782312925,2061.2380952380954,0.6768707482993197,0.673469387755102,4357.241496598639,0.8343537414965995,-0.7062296067621168,48.02721088435374,31.08627769387755,103.6157564727891,30.15856366326531,103.9821275612245,34.26413178231291,99.31685307142855,11864.0,3909.0,11519.0
596.0,232.0,12.016778523489933,3693.25,3737.411073825504,3711.30033557047,0.4211409395973154,0.3070469798657718,5577.278523489933,1.320302013422819,-0.7355610239548037,40.939597315436245,35.49928432046976,106.48006263590608,38.4217653238255,91.83572829026843,36.99235181711407,98.88732510234904,43153.0,9469.0,43134.0
1026.0,272.0,6.421052631578948,1856.0155945419103,1794.2076023391812,1829.553606237817,0.3947368421052631,0.8001949317738791,4524.74269005848,1.619590643274853,-0.4367274750207375,28.33333333333333,35.57554031384017,111.04711052631576,33.67995263547755,113.9719294444444,34.901245357699786,114.76382787524366,70232.0,36213.0,70170.0
927.0,244.0,9.030204962243795,2206.2535059331176,2240.148867313916,2244.5609492988133,0.2060409924487594,0.5749730312837109,4438.679611650486,-0.1126213592233009,-1.8076571420771976,35.372168284789645,33.88810908845735,106.21056213592236,30.04344202588996,100.79452980906152,27.15334932578208,105.28238576051784,86843.0,16707.0,86794.0
316.0,181.0,9.670886075949369,2616.8797468354437,2659.8797468354437,2648.376582278481,0.5,0.3765822784810126,5433.664556962025,-0.8531645569620254,-1.0386415631207389,41.234177215189874,32.85795937974683,92.02484989240504,32.15761900316455,90.42512960443038,33.39498679430378,93.87435833227848,7355.0,1250.0,7327.0
1283.0,235.0,9.766952455183164,2412.82151208106,2447.1184723304755,2349.7887763055337,0.5596258768511302,0.4193296960249415,5589.989088074824,3.566406858924395,-1.5755600281688202,33.96726422447389,31.00169993530785,90.17276313328144,30.179945654715496,69.6936616001559,29.96048623694464,69.01354925954796,209317.0,70454.0,209223.0
1067.0,252.0,5.336457357075914,4273.088097469541,4370.085285848172,4346.455482661669,0.3814432989690721,0.7760074976569822,5176.241799437676,2.396626054358013,-2.706613139243251,30.89971883786317,38.53254242455484,76.17289384536087,36.89317831958763,72.67172174039362,38.86348558294284,73.14227066260544,95211.0,20471.0,95063.0
417.0,226.0,8.882494004796163,4301.314148681056,4326.167865707434,4348.4988009592325,0.5443645083932853,0.5515587529976019,4876.872901678657,0.0191846522781773,-2.986408528490023,52.94964028776978,35.6347247793765,91.88853435731414,33.296014179856115,96.99297177697842,34.60570734532373,99.54865649880094,14548.0,1520.0,14420.0
522.0,221.0,7.800766283524904,1986.379310344828,2037.5919540229888,2027.0,0.5114942528735632,0.5229885057471264,3427.427203065134,1.174712643678161,-2.1171490572644123,45.86206896551724,32.639956915708794,107.10220574712643,35.05608550766281,103.76986130268196,34.63784909003829,103.82340498084292,39749.0,6583.0,39729.0
624.0,235.0,9.060897435897436,2192.721153846154,2261.6266025641025,2253.669871794872,0.3205128205128205,0.4342948717948718,4695.059294871795,-1.5642628205128202,-2.6465876354361684,36.65064102564103,36.50601301282049,109.6699002564103,33.387392032051274,108.17700179807696,35.59386274519228,109.46057426602567,41385.0,13429.0,41356.0
745.0,194.0,8.993288590604028,2313.393288590604,2350.351677852349,2363.3570469798656,0.4604026845637584,0.4483221476510067,4646.044295302014,2.116644295302012,-1.599701566851395,46.04026845637584,33.4450540713324,113.85830157065952,29.55649788021533,111.94978788694476,31.069311860026893,113.27706870255716,70810.0,12089.0,70781.0
263.0,172.0,9.456273764258556,2606.927756653992,2607.851711026616,2595.4790874524715,0.494296577946768,0.4600760456273764,4829.863117870723,1.2045627376425856,-1.3495343904672223,42.9277566539924,37.52059201520912,93.81107262357412,38.36107091254752,85.45128745247146,39.510542490494295,76.17882433460076,3023.0,544.0,3004.0
447.0,270.0,5.644295302013423,1319.3221476510066,1397.0514541387024,1381.6778523489934,0.5212527964205816,0.7606263982102909,3354.8993288590605,0.8395973154362412,-2.115219133125802,46.68903803131991,33.628171458612975,104.34026344519016,32.65988453691276,93.57444720357942,33.07984174944072,99.34912510067116,7323.0,1204.0,7243.0
1387.0,321.0,10.21629416005768,2516.620043258832,2544.609228550829,2520.091564527758,0.4419610670511896,0.3302090843547224,4092.825522710887,0.2887527036770005,-2.165255221589609,43.16510454217736,34.159104532804655,106.35010121701508,31.854906351117567,108.71232987238636,32.49985255371306,102.02512028334532,214464.0,38142.0,214434.0
813.0,281.0,4.838868388683887,954.2337023370234,1018.7626076260764,961.2066420664206,0.7626076260762608,0.8696186961869619,3575.29766297663,1.4269372693726936,-1.561792303141136,46.309963099631,34.315871341943414,104.73443173308732,31.858895474784735,103.64799876506773,28.28704373185729,105.44002980319802,90404.0,34149.0,90350.0
296.0,154.0,9.75,3655.608108108108,3682.114864864865,3646.1283783783774,0.6081081081081081,0.5101351351351351,4425.908783783784,0.5280405405405401,-1.880322141193092,52.73648648648648,34.40679627364864,98.2950242466216,33.350431027027014,97.67968906418916,33.6802721858108,93.68286519256756,21943.0,2730.0,21927.0
563.0,263.0,8.015985790408525,2184.3268206039074,2247.0603907637656,2215.3694493783305,0.3996447602131439,0.4866785079928952,4574.639431616341,-1.4550621669626995,-1.2519771004966913,42.82415630550621,33.311815693950166,81.39482020462633,32.83067503736653,77.76935155516011,33.99500954982205,81.520499955516,30682.0,6604.0,30530.0
617.0,257.0,7.630470016207456,2108.820097244733,2086.294975688817,2121.881685575365,0.4149108589951377,0.5121555915721232,4689.377633711507,0.6439222042139382,-1.052624982307407,36.36952998379255,30.6993113063209,97.2899632625608,30.668314871961087,102.16258334521883,30.27126179416532,93.77062517504054,21685.0,7543.0,21597.0
650.0,297.0,9.28,2192.0538461538463,2226.4215384615386,2217.389230769231,0.4338461538461538,0.4615384615384615,5177.216923076923,1.207538461538462,-1.6955393293589325,38.61538461538461,30.315589843076918,97.04236278000003,28.315692024615384,85.69045089692308,28.356673203076912,90.79086396000004,28426.0,5398.0,28346.0
568.0,215.0,8.121478873239436,2839.0088028169016,2894.732394366197,2857.1830985915494,0.5158450704225352,0.5299295774647887,5004.49647887324,-0.255105633802817,-1.320953151375735,45.36971830985915,29.79752907570421,106.20670434330988,26.93864090669013,108.34944277992956,29.21717497183097,105.40805152464787,41092.0,7635.0,40357.0
872.0,276.0,10.310779816513762,2512.6766055045878,2547.6995412844035,2536.6536697247707,0.5974770642201835,0.4162844036697247,4995.48509174312,0.4964449541284401,-1.5182998494271611,46.05504587155964,31.828492225917408,107.31085756422016,27.43921354587156,101.28358646559629,27.09954254357797,95.79430599655969,81467.0,11199.0,78659.0
493.0,241.0,7.519269776876268,1941.131845841785,1991.425963488844,1970.448275862069,0.513184584178499,0.5456389452332657,3662.081135902637,-1.6805273833671397,-1.6853918349623571,41.72413793103448,32.097341768916145,105.63489992842533,30.48790296932515,99.90984021472391,31.228751895705518,105.14836850306746,14964.0,3696.0,14840.0
1249.0,251.0,13.99919935948759,4520.896717373899,4554.060848678943,4552.618895116093,0.2169735788630904,0.6661329063250601,6170.156925540432,2.957886309047241,-1.5813073202648715,25.09207365892714,34.372943402722164,102.83093885268214,33.678602590072046,98.33991104243395,33.8372314803843,98.29916148278625,152401.0,95447.0,152370.0
1787.0,260.0,10.221600447677671,2853.741466144376,2897.777839955232,2903.9630665920536,0.3670956911024062,0.2266368214885282,5301.124230554001,2.7706211527699995,-0.0493752206071047,34.62786793508674,36.37785970453275,111.96311533296016,35.86010442081705,112.31109745942906,36.70323965696702,112.75189167711233,820179.0,213835.0,820053.0
553.0,206.0,8.345388788426764,1977.511754068716,1977.374321880651,1966.6021699819169,0.5678119349005425,0.4629294755877034,4296.462929475588,-1.8692585895117544,-1.653169712688372,46.41952983725135,35.262850949367085,105.0885273056058,32.63723273056057,91.74755605786622,35.05856415009041,98.42978589511756,42193.0,6561.0,41922.0
1177.0,480.0,8.745114698385727,2280.9532710280373,2293.880203908241,2325.0475785896347,0.5590484282073067,0.5386576040781649,4355.808836023789,-1.4474086661002548,-1.1960609680329333,44.8088360237893,31.471105276360515,110.90929750595248,28.24543320238094,108.9554475518708,31.11900780952379,109.7087357227892,49899.0,9154.0,49529.0
979.0,309.0,9.559754851889684,2354.872318692544,2399.2308478038817,2375.6138917262515,0.575076608784474,0.54341164453524,4514.405515832482,-3.4549540347293166,-1.1482401694712747,48.90704800817161,36.79940382635338,103.491029485189,33.84719775995912,107.37060432379984,36.34031428498464,106.7116065709909,76142.0,10442.0,75037.0
664.0,362.0,8.283132530120483,2066.1551204819275,2092.436746987952,2116.0451807228915,0.4563253012048193,0.5436746987951807,4392.326807228916,-1.2227409638554214,-1.0754206080901056,39.20180722891566,33.799784715361426,106.48708147439756,32.1787670692771,109.42294855873492,34.66632397289155,108.38257528012043,11157.0,2585.0,11125.0
794.0,273.0,7.789672544080605,1711.4735516372796,1768.7468513853903,1754.1272040302267,0.4937027707808564,0.6561712846347607,3604.9609571788415,-2.1501259445843823,-2.731113295005549,41.53652392947103,29.981095244332472,95.77684701511336,33.61506935012592,94.4663984458438,32.672200615869,98.70280468513856,55903.0,11217.0,55140.0
557.0,291.0,8.70556552962298,1988.238779174147,2026.1741472172357,1979.6804308797127,0.4165170556552962,0.4955116696588869,3985.497307001795,-1.7380610412926387,-1.413879993517392,39.12028725314183,34.918459211849175,109.90328425314182,33.53897270556552,98.9916853913824,34.04177129982045,107.32315720646316,11928.0,2784.0,11737.0
544.0,219.0,12.082720588235292,3059.731617647059,3116.5698529411766,3095.09375,0.6617647058823529,0.5514705882352942,6009.4375,-1.0724264705882356,-1.680681150164005,48.80514705882353,35.49574395395948,107.10371749539595,31.213951979742166,103.6707534106814,33.14702144014733,113.33925396132597,33035.0,5728.0,31502.0
906.0,347.0,5.69205298013245,1246.2130242825608,1291.8278145695365,1180.867549668874,0.5342163355408388,0.7317880794701986,3959.30353200883,-1.992384105960264,-2.028401467434076,49.16114790286976,34.283451995584976,81.97113185982342,33.04461876048564,95.80501545033115,34.96018238300219,87.42704131677708,67546.0,8222.0,67209.0
1204.0,395.0,10.960963455149502,2741.1328903654485,2775.3214285714284,2762.714285714286,0.420265780730897,0.6586378737541528,5008.748338870432,-1.4201827242524914,-1.2981238496502598,43.46345514950166,34.207074052369045,107.28408264754783,33.870161902743114,100.7638376375728,34.37607017871984,98.47950466334166,203836.0,41377.0,191372.0
947.0,302.0,14.174234424498415,4236.7856388595565,4284.128827877508,4278.482576557551,0.4287222808870116,0.2587117212249208,5864.28722280887,-2.235374868004223,-2.313691542085868,41.203801478352695,36.38470924709605,91.8757003167898,33.008663738120354,89.24726684266095,32.7138901710665,87.89413041182674,73699.0,13274.0,72805.0
690.0,253.0,10.933333333333334,2588.886956521739,2576.117391304348,2605.246376811594,0.5753623188405798,0.4710144927536231,5061.462318840579,-1.84695652173913,-2.3924990981680163,57.55072463768116,35.986661263768106,97.9972720768116,34.61273469130435,87.14640966086957,34.79579633768114,104.3730579217392,76468.0,9826.0,76121.0
1018.0,299.0,11.174852652259332,4380.690569744597,4388.435166994106,4258.711198428291,0.4174852652259332,0.611984282907662,11876.95677799607,-0.2110019646365422,-1.2184868371365998,41.49312377210216,39.6656988801572,103.9896946954813,42.48000455795678,79.17105422396858,32.28274833005895,23.291726031434244,230749.0,53980.0,230747.0
1786.0,339.0,11.282754759238522,2785.858342665173,2843.0548712206046,2816.6114221724524,0.3824188129899216,0.2558790593505039,4918.667413213886,-3.207334826427771,-0.7719611189713069,36.42777155655095,41.35636344736837,71.81862408174695,38.88448416405371,96.31770556159007,39.17178255431127,98.132956849384,397580.0,96251.0,397390.0
579.0,228.0,6.918825561312608,1674.067357512953,1706.3678756476684,1683.720207253886,0.466321243523316,0.7063903281519862,3489.692573402418,-1.91243523316062,-1.1053895929485271,46.424870466321245,33.751543250431766,86.97723430915369,31.188560780656275,103.3587771416234,31.367545797927438,105.96197852331596,44461.0,7021.0,44354.0
471.0,177.0,4.509554140127388,1196.8535031847134,1226.3609341825902,1222.9893842887473,0.6709129511677282,0.7430997876857749,3411.397027600849,-1.3167728237791934,-1.890427137983657,65.35031847133757,35.53908673036092,93.78297827388532,34.540196745222914,89.99226900424628,35.36554547133756,93.37922307218685,49608.0,5516.0,48646.0
620.0,241.0,8.593548387096774,2623.2725806451613,2673.2306451612903,2679.435483870968,0.3887096774193548,0.3935483870967742,5421.770967741935,-1.8961290322580628,-0.7623296573790971,37.096774193548384,36.29012984999998,71.25165944032256,25.389129640322583,73.32219744032257,22.796408451612905,74.75189787096775,58800.0,12337.0,58793.0
662.0,256.0,7.042296072507553,1800.42749244713,1782.4667673716012,1831.093655589124,0.5422960725075529,0.4244712990936556,3724.932024169184,-1.178398791540785,-1.917759077063313,53.91238670694864,35.78679416616312,94.876312826284,34.44017206646522,91.79992188972813,34.929631503021135,98.84017722658612,50016.0,7192.0,50010.0
534.0,245.0,8.885767790262172,2529.737827715356,2569.767790262172,2511.486891385768,0.6161048689138576,0.599250936329588,4796.374531835206,0.7513108614232211,-1.7204010233839924,55.52434456928839,30.69026396998123,84.48252470168855,29.89870073170731,73.03447046716697,30.434319054408995,75.1655386360225,37254.0,4963.0,36909.0
424.0,199.0,7.09433962264151,1919.8490566037733,1951.6674528301887,1946.320754716981,0.5259433962264151,0.6061320754716981,5151.601415094339,-2.681839622641509,-1.5426948158964595,49.33962264150944,35.29443391252954,75.13798857446807,34.69013747044916,78.05811458628843,35.23581303073285,76.99178723404255,13468.0,2417.0,13178.0
405.0,203.0,7.150617283950617,1943.0296296296297,2002.8691358024687,1965.5506172839507,0.4617283950617284,0.6444444444444445,4160.004938271605,0.5637037037037037,-1.7130048216644402,44.22222222222222,31.355864071604927,90.8273726765432,29.55243217777777,83.05421950864196,30.95721351604937,87.70576197777777,14951.0,2917.0,14561.0
1518.0,313.0,7.829380764163373,1882.1337285902505,1914.8919631093545,1905.6034255599477,0.3965744400527009,0.8326745718050066,2842.6943346508565,-0.3694993412384758,-1.075195529587173,30.678524374176547,40.31349844532275,96.9239370882738,37.9320721706192,96.64545369565192,38.6563132509881,103.12084256258215,290305.0,101254.0,288169.0
833.0,377.0,8.069627851140456,1858.953181272509,1887.8487394957983,1858.3409363745495,0.4909963985594238,0.6350540216086434,3898.8487394957983,-1.1036014405762302,-2.222518708310225,48.8235294117647,33.953108283653826,108.50310476802883,37.55992936778844,98.68462563341346,36.3651100168269,100.6579985973558,55992.0,8490.0,55780.0
513.0,263.0,9.430799220272904,2228.3801169590643,2224.615984405458,2238.812865497076,0.3801169590643274,0.5614035087719298,4925.0448343079925,1.6463937621832347,-1.297864111526533,41.578947368421055,33.58539892787522,108.2913343079922,32.04209745419102,94.98790792592592,32.973722060428834,100.91775477387915,22677.0,6835.0,22341.0
914.0,309.0,13.771334792122538,4196.972647702407,4229.94420131291,4233.072210065646,0.5273522975929978,0.2757111597374179,5587.133479212253,-3.00218818380744,-1.7634974670345631,44.02625820568928,37.06244474999996,99.42729690679832,36.87952950877191,84.90331178289475,36.43833597807015,89.023773625,262968.0,46077.0,262942.0
829.0,353.0,6.759951749095295,1637.1037394451146,1645.577804583836,1645.037394451146,0.4993968636911942,0.7430639324487334,4229.021712907117,0.0361881785283473,-0.9272375109324228,44.63208685162847,34.46100526417368,99.67268849939688,37.06897956574183,87.88860603860073,36.56852447044631,97.2211852822678,44668.0,7122.0,42947.0
1787.0,443.0,13.25853385562395,3950.975937325126,3898.260772243984,3800.9557918298815,0.4941242305540011,0.5170677112479015,6446.749300503638,-0.9456071628427528,-2.7228138581634087,49.89367655288193,37.30093082204808,88.28988045886962,33.46136795355341,94.88213741913825,38.30900513654166,90.76150498936764,489542.0,27154.0,489096.0
1950.0,328.0,11.590769230769231,2806.290769230769,2963.766666666667,1975.985641025641,0.1666666666666666,0.2928205128205128,3966.4964102564095,-2.013384615384619,-3.381706179345786,23.138461538461534,37.90304688461544,96.91640174820508,39.964220871794886,72.06015162769238,40.33796396153851,69.95245284102569,238491.0,144477.0,238256.0
316.0,178.0,14.167721518987342,3526.3797468354437,3569.5822784810125,3557.8132911392404,0.5506329113924051,0.5411392405063291,5161.392405063291,1.34746835443038,-1.8754115263530176,47.37341772151899,37.95577674050632,102.55330537974682,35.89142879746834,104.4009588670886,36.86467167721519,107.29744105379746,22159.0,2581.0,21687.0
1578.0,319.0,11.199619771863118,2351.5253485424587,2153.95690747782,2378.703422053232,0.4746514575411913,0.5348542458808618,4183.878960709759,1.3795944233206603,-1.8273814895098976,40.97591888466413,33.716193937896065,111.07412642205314,34.17295174017747,82.87979077439789,32.17847558555133,110.27440927313044,331231.0,72280.0,331195.0
902.0,352.0,11.06319290465632,2706.740576496674,2761.641906873614,2733.656319290465,0.4301552106430155,0.3869179600886918,4699.713968957872,-0.557871396895787,-2.1364790605870314,40.687361419068736,34.85683398558756,105.81050656651892,31.77775203104212,98.5080231186253,34.63617070731705,103.50614290687363,74134.0,14422.0,73912.0
655.0,245.0,7.589312977099237,2008.4931297709925,2055.9312977099235,2030.1969465648856,0.3297709923664122,0.6229007633587786,5354.564885496183,-1.099083969465649,-1.2461989268254052,34.51908396946565,36.09871149618318,110.36285566870232,30.341374146564885,93.75665012519086,33.50999226259539,107.61265724580156,29162.0,9461.0,29155.0
546.0,192.0,6.935897435897436,1721.7564102564102,1708.8315018315018,1706.6080586080586,0.6593406593406593,0.5384615384615384,3549.6520146520147,-0.2197802197802185,-1.0256776696582937,60.21978021978022,34.43585444139189,112.5358941391942,33.50107147435892,102.73705347985351,32.452623672161174,102.45582739377284,119537.0,13518.0,119488.0
341.0,189.0,7.659824046920821,2015.7272727272727,2050.7829912023462,2035.3255131964809,0.5865102639296188,0.5953079178885631,4584.008797653959,-0.9161290322580647,-0.7484213505691428,51.55425219941349,34.83437768621701,98.5339067331378,34.129652994134894,97.11983205278592,34.190992026392955,100.61268561876832,10887.0,1179.0,10654.0
632.0,211.0,12.079113924050631,3103.295886075949,3077.762658227848,3081.537974683544,0.6170886075949367,0.4810126582278481,4534.433544303797,1.7169303797468378,-2.818748325360115,56.09177215189873,31.590363549050604,108.7005276091773,25.31187351740506,98.21595010443038,25.42472924683544,100.92871216455696,126325.0,19430.0,126135.0
446.0,227.0,9.035874439461884,2269.692825112108,2312.280269058296,2291.5627802690583,0.5695067264573991,0.5381165919282511,4462.134529147982,-0.4251121076233181,-1.2193356140350295,51.25560538116592,33.842009383408055,97.2374923766816,34.441129681614335,81.86762683856502,33.12758513004483,84.92956585201792,17828.0,1838.0,17808.0
667.0,239.0,13.655172413793103,3215.680659670165,3234.752623688156,3237.6071964017992,0.280359820089955,0.4992503748125937,5705.674662668665,2.0976011994003003,-1.431509672990524,38.20089955022489,36.300938781109416,96.53422808545731,36.37771203898048,79.74144769115445,35.26967109445274,80.46769956521742,82121.0,19627.0,82101.0
420.0,197.0,8.142857142857142,2019.5166666666669,2061.890476190476,2072.509523809524,0.5785714285714286,0.6214285714285714,4952.645238095238,2.4873809523809527,-1.629943534215945,51.95238095238095,35.68081770714284,100.44134198333332,35.49780462380952,73.08084277857144,35.4320741547619,84.34861492142856,21787.0,3917.0,21691.0
293.0,179.0,9.696245733788396,2439.556313993174,2411.825938566553,2463.815699658703,0.4641638225255973,0.5392491467576792,7100.1194539249145,0.6665529010238904,-1.262368690099688,44.94880546075085,35.58007749829351,102.98978748464162,33.71559764163822,90.13937656313992,34.4864396211604,95.98375881569964,4743.0,933.0,4673.0
331.0,157.0,7.38368580060423,2452.987915407855,2495.966767371601,2489.9214501510573,0.552870090634441,0.459214501510574,5106.060422960725,0.990634441087613,-1.0762996884755565,45.77039274924472,35.31181389728094,108.68911117824786,31.81768770392749,89.15623504531723,33.0268893655589,100.79624199395776,18272.0,4383.0,18179.0
629.0,243.0,8.02066772655008,1917.073131955485,1915.349761526232,1932.718600953895,0.6216216216216216,0.7106518282988871,5120.467408585056,0.7624801271860104,-0.6880583636237002,60.031796502384736,34.088074853736074,109.06344525437206,34.623410325914136,108.5357812559619,34.92525948489665,109.40727413513515,57266.0,6206.0,57034.0
1586.0,273.0,9.73139974779319,2432.2698612862546,2482.9464060529635,2460.3020176544765,0.4684741488020176,0.6897856242118537,6264.923076923077,-0.9192307692307692,-2.706106281904863,50.050441361916775,37.83310865384619,103.55756551071866,36.19755128436319,101.0816749892812,38.06646973203031,102.79465485498096,602742.0,114517.0,598907.0
1023.0,260.0,7.977517106549365,1800.52688172043,1804.702834799609,1802.852394916911,0.3949169110459433,0.7693059628543499,4536.7370478983385,0.7777126099706739,-2.1038817019279388,42.02346041055719,32.50804767839683,104.96937474095805,34.51991512707718,105.38478291300108,34.49852842130982,103.08101354838718,132501.0,39318.0,131979.0
516.0,210.0,13.094961240310075,4406.029069767442,4377.734496124031,4421.447674418605,0.6395348837209303,0.2945736434108527,8749.992248062015,-0.3017441860465117,-1.2499968712642346,48.17829457364341,38.44424728682168,102.87311279069776,38.61523389922478,71.09226944379847,38.50414785852709,100.11660813953496,47889.0,9882.0,47827.0
378.0,162.0,9.137566137566138,2286.3492063492063,2302.989417989418,2332.031746031746,0.4973544973544973,0.671957671957672,4669.820105820106,-0.2201058201058202,-2.18424401795455,40.97883597883598,34.81120432275131,89.51789743386243,35.04308172486772,88.40939187830688,35.74072059259258,90.0140805026455,16958.0,3779.0,16828.0
229.0,155.0,7.733624454148471,2249.585152838428,2301.0829694323143,2282.64192139738,0.4192139737991266,0.5458515283842795,4802.720524017467,-0.243231441048035,-2.140999649976546,46.50655021834061,34.259943995633186,99.35075545851528,33.70806037117904,81.13527918777292,34.153309061135374,92.35634629257642,5226.0,1135.0,5216.0
480.0,251.0,11.9375,4184.641666666666,4183.714583333333,3967.391666666667,0.5270833333333333,0.575,8920.447916666666,-2.064791666666667,-2.680818244062153,41.91666666666666,29.28619336874999,96.42252054791666,27.70965744583333,84.60866268958331,30.04482630208333,81.56333131875,12862.0,3182.0,12645.0
356.0,176.0,10.087078651685394,2330.0308988764045,2382.6516853932585,2369.564606741573,0.4353932584269663,0.449438202247191,4809.483146067416,-0.2676966292134826,-2.4062632745380146,41.20786516853933,35.38492127808988,102.07746416573032,36.80290530337078,68.65379205337076,34.9554579719101,73.88239117977527,12215.0,2682.0,12158.0
537.0,212.0,10.58659217877095,2914.1899441340784,2960.212290502793,2856.074487895717,0.4469273743016759,0.2662942271880819,4906.458100558659,1.4117318435754185,-1.380676861888279,37.46741154562383,32.835312430167576,106.58809764059588,27.91980288640596,104.8148340167598,28.103156145251397,103.66053165735568,18144.0,3909.0,18115.0
352.0,164.0,12.346590909090908,2880.471590909091,2924.8039772727275,2911.46875,0.6420454545454546,0.6392045454545454,6130.238636363636,1.1025568181818193,-2.4393355604729137,42.1875,29.339710472934467,109.96426951282052,31.993938794871795,96.2866422592593,31.676047698005693,101.21035422507126,36790.0,10677.0,36790.0
999.0,206.0,7.958958958958959,1916.2512512512512,1947.144144144144,1930.7287287287288,0.5375375375375375,0.8088088088088088,6515.17017017017,0.3310310310310316,-2.323398149062291,53.053053053053056,30.005866598598598,88.98149993193196,30.85448887087086,92.87758755155158,30.58470348548548,93.70321781581582,245441.0,43063.0,245439.0
331.0,171.0,9.697885196374624,2552.3262839879158,2576.821752265861,2559.4803625377644,0.4138972809667673,0.4743202416918429,4935.761329305136,0.2435045317220556,-1.4703393976345254,40.30211480362538,37.14855800604228,102.31811256797585,36.18789740181267,98.77744114803625,36.36981370694863,97.672703081571,11060.0,3239.0,11032.0
513.0,236.0,8.867446393762183,2258.296296296296,2271.820662768031,2279.235867446394,0.4970760233918128,0.4678362573099415,4464.230019493178,1.3072124756335282,-1.5982331324754937,47.251461988304094,35.54267511306041,104.52288505458088,35.034123842105245,93.98595685380116,35.56452023391811,99.56317875243664,38454.0,5814.0,38370.0
302.0,172.0,10.721854304635762,2973.7582781456954,2925.0298013245038,3005.218543046358,0.5033112582781457,0.4370860927152318,5522.003311258278,0.3158940397350991,-1.5847898485348633,41.22516556291391,35.953304586092706,93.7729484437086,27.861891112582786,92.93269753311256,35.652543970198664,86.44272155298012,5305.0,1676.0,5269.0
278.0,183.0,11.428057553956837,3103.6510791366904,3079.931654676259,3118.0107913669067,0.4748201438848921,0.5143884892086331,6404.424460431655,1.2989208633093523,-1.3908784558384764,47.0863309352518,36.22113970036101,101.37460842238266,35.42086806859206,94.0655786931408,36.17859460288808,98.95157075451264,4183.0,707.0,3987.0
337.0,165.0,7.050445103857567,2035.964391691395,2039.0563798219584,2062.097922848665,0.4896142433234421,0.6261127596439169,4396.388724035608,1.4433234421364982,-0.8430312908882044,49.10979228486647,34.97879950741838,105.83610614243322,33.86517194955489,99.09667978338278,34.77834035905043,100.70693769436204,11663.0,1798.0,11659.0
814.0,318.0,5.407862407862408,1294.465601965602,1320.8144963144964,1317.046683046683,0.5884520884520884,0.8292383292383292,4844.405405405405,0.857002457002457,-0.2918051989448316,53.19410319410319,32.6725646216216,96.0240086719902,33.13615290294838,88.47149485749388,31.487441914004897,90.19691746560198,64281.0,8040.0,62911.0
1268.0,357.0,10.204258675078863,2791.3698738170347,2836.667192429022,2817.8801261829653,0.5055205047318612,0.4376971608832807,4752.776813880127,0.3067823343848586,-1.6445399386990274,42.25552050473186,36.9233742326498,95.91544308123034,35.579847438485764,87.08061313170352,35.52804307965295,92.11847227365938,119888.0,22487.0,119594.0
405.0,213.0,7.654320987654321,2072.083950617284,2084.683950617284,2137.133333333333,0.5135802469135803,0.5333333333333333,4104.503703703704,-1.0654320987654318,-1.0669431734420776,43.53086419753087,35.671957281481475,96.37650468148146,36.50897652345678,83.75349548888886,33.425948930864195,83.72604793333332,9830.0,1876.0,9804.0
206.0,136.0,8.24757281553398,2072.985436893204,2093.980582524272,2110.5,0.3495145631067961,0.4514563106796116,4313.854368932039,2.0791262135922333,-0.941250390440038,39.36893203883495,36.82934240196079,86.62138039215687,36.13567316176471,42.6980794117647,36.410880147058826,46.20383137254902,2634.0,766.0,2634.0
500.0,187.0,8.844,2183.002,2287.162,2266.382,0.402,0.542,3522.288,-0.3019999999999999,-0.2750199368084577,43.08,33.588086921999974,108.33575892599998,31.768224021999988,104.42911919800002,30.081429931999985,108.338578332,27645.0,6153.0,27619.0
580.0,214.0,7.9,1897.3224137931036,1942.0258620689656,1944.3724137931035,0.4034482758620689,0.7258620689655172,4757.172413793103,0.4051724137931037,-2.6617442117514445,35.41379310344828,31.299456108620657,98.10096255000002,31.81010696896549,100.32334296896552,33.553298337931,101.1960855224138,28692.0,6783.0,28623.0
596.0,251.0,12.568791946308725,3252.991610738255,3250.364093959732,3314.587248322148,0.3003355704697986,0.4110738255033557,5863.458053691275,-2.0521812080536908,-3.2950239705995057,39.59731543624161,36.69848521812078,107.01970201342276,29.982613045302,105.45351191275164,28.921814052013413,105.46924328859056,20800.0,5585.0,20731.0
602.0,202.0,10.875415282392026,2366.451827242525,2447.5913621262457,2423.2358803986717,0.4534883720930232,0.2707641196013289,4598.895348837209,0.7614617940199336,-1.0975365491700937,46.02990033222592,30.67703571428569,108.3933434667774,30.310168729235848,102.28776218272422,30.84727450166109,106.97854856146178,49033.0,6818.0,49004.0
639.0,155.0,10.25508607198748,2744.4945226917057,2814.766823161189,2796.5054773082943,0.458528951486698,0.4428794992175274,4536.755868544601,-2.8298904538341154,-2.0469873579710782,47.527386541471046,35.07383265571202,111.04988047574342,35.58934952582159,108.34664672613457,35.7254399796557,107.9715637840376,90723.0,19658.0,90721.0
321.0,157.0,8.828660436137072,2169.98753894081,2198.956386292835,2202.6884735202493,0.3333333333333333,0.5109034267912772,4325.763239875389,0.6087227414330223,-1.8502118570772443,39.31464174454829,34.61592595015576,105.94518660436135,34.36371861370716,93.46115732087225,34.00089560747663,103.68176895015574,16857.0,4244.0,16729.0
496.0,203.0,11.65725806451613,3113.822580645161,3115.985887096774,3140.5,0.5161290322580645,0.4959677419354839,5014.586693548387,1.613709677419357,-1.4505264523324186,41.935483870967744,33.92027769354838,70.42606047379032,34.29620659879031,58.73972447983871,33.66521229637096,67.2524935745968,33749.0,4424.0,33733.0
669.0,179.0,5.665171898355755,1319.4469357249627,1329.3602391629297,1328.5874439461884,0.5261584454409567,0.8071748878923767,3403.615844544096,-1.506128550074731,-2.0021070120451703,42.58594917787743,31.58979625449101,108.61153189970068,30.705660417664657,103.79797256287432,31.000048380239505,105.2919251631737,116896.0,36925.0,116882.0
336.0,150.0,7.764880952380952,2168.4464285714284,2232.9196428571427,2185.5803571428573,0.6369047619047619,0.6607142857142857,5439.255952380952,-1.7401785714285711,-0.7685489064248888,64.61309523809524,31.495776358208943,105.35199682985082,30.17541550447761,104.09351769253738,31.809737158208943,103.06055200000004,69822.0,7173.0,69793.0
1251.0,329.0,14.24300559552358,3133.465227817746,3169.3725019984013,3178.904876099121,0.2877697841726618,0.2166266986410871,4727.827338129497,-1.559392486011187,-4.791234610628945,38.377298161470826,35.10624713029577,106.47491046362904,30.42163633013589,106.59410628537172,33.03539514948043,105.7049874884092,293005.0,66292.0,292995.0
698.0,299.0,10.707736389684811,2512.15329512894,2490.239255014327,2557.971346704871,0.6232091690544412,0.3782234957020057,4435.904011461318,-0.9468481375358158,-2.546894229550026,48.36676217765043,35.61656813649422,98.2215665948276,33.898864712643665,93.23420627298847,34.21147368247125,98.6112447643678,42507.0,6896.0,42031.0
365.0,225.0,11.92876712328767,3347.0054794520547,3355.3835616438355,3374.9698630136986,0.5561643835616439,0.3698630136986301,6112.07397260274,0.7210958904109589,-2.597381746039984,52.10958904109589,31.245063038356164,108.0570725178082,29.34026457260273,103.31006047123286,29.990925189041096,104.906819830137,11263.0,1341.0,11153.0
1147.0,363.0,9.223190932868352,2492.4054054054054,2531.4193548387098,2507.760244115083,0.3574542284219703,0.3853530950305144,4515.398430688753,-1.911508282476028,-3.7034374825942433,43.65300784655624,36.61081367539265,99.34148157678884,34.53533664048862,98.90648930279237,34.73809245549735,99.42575697818503,121458.0,27230.0,121126.0
824.0,293.0,12.067961165048544,2966.4575242718447,2976.383495145631,2982.1881067961167,0.2839805825242718,0.4356796116504854,6611.983009708738,-0.8634708737864075,-2.401895689068536,36.25,32.62359445995145,107.54387938834957,30.95629252912622,84.41359240412622,33.36420872451456,89.64472073422331,54203.0,15633.0,54108.0
742.0,318.0,8.584905660377359,1757.83423180593,1755.2506738544475,1766.133423180593,0.5175202156334232,0.5997304582210242,3541.326145552561,-1.6057951482479784,-3.466781114761444,47.78975741239892,32.22051662264148,109.44641354447442,30.895429939353093,108.65324608625342,32.21567301078166,103.30230774258766,49203.0,6918.0,48451.0
295.0,183.0,10.515254237288136,2670.0440677966103,2680.938983050848,2692.7322033898304,0.5627118644067797,0.4711864406779661,4631.650847457627,0.2071186440677965,-2.2493659815906573,45.932203389830505,33.44078703728814,108.1455880372881,33.52022887457627,101.65882984745762,32.61376118983051,101.70337549830508,6374.0,1079.0,6360.0
531.0,233.0,6.645951035781544,1767.3992467043315,1809.3540489642185,1829.0546139359697,0.3822975517890772,0.7815442561205274,5167.95856873823,2.1195856873822976,-2.046222147303098,34.74576271186441,39.33803828679243,99.97218057547174,34.55510761132075,101.11325143962264,36.01440839056603,99.10012630754714,16643.0,11311.0,16502.0
407.0,217.0,7.479115479115479,2059.253071253071,2112.004914004914,2108.717444717445,0.42997542997543,0.6167076167076168,4926.56511056511,-0.3203931203931207,-2.1706320901848737,37.59213759213759,32.47666369041769,77.50542886977888,32.29596606388206,101.5010895233415,32.599811452088446,96.5516701031941,6514.0,1759.0,6491.0
271.0,172.0,6.575645756457565,1690.560885608856,1812.9778597785976,1803.3468634686344,0.6531365313653137,0.7306273062730627,4639.856088560886,-0.3217712177121772,-0.4868193240026456,52.76752767527675,34.93949231365313,105.6546717121771,35.508557900369,102.6762061217712,34.46000088929888,103.68301583763837,5401.0,756.0,5389.0
1630.0,348.0,13.1840490797546,3490.0736196319017,3508.2233128834355,3465.521472392638,0.5785276073619632,0.8042944785276074,6693.2754601227,-0.7587730061349701,-2.1965402069182285,45.214723926380366,36.84476405893189,104.72103297114796,36.31738141620625,103.30684040147332,36.92360798158381,105.38355456046652,473074.0,68599.0,467772.0
757.0,262.0,8.194187582562748,1929.346103038309,1974.8163804491412,1940.53500660502,0.5085865257595773,0.6063408190224571,4612.615587846763,0.4388375165125498,-2.4167346680463035,46.76354029062088,33.46566448745045,96.56074922985464,31.075466237780702,79.99930938177013,31.21951106340818,83.55807631043592,85001.0,12790.0,84964.0
460.0,222.0,6.539130434782609,1589.6847826086955,1623.3391304347826,1609.5152173913043,0.4956521739130435,0.6565217391304348,4671.836956521739,3.52239130434782,-2.409283686538511,51.58695652173913,34.359600635164846,60.74770694285715,33.86169282417583,59.05793502197803,34.066916604395615,60.03801842637365,60874.0,11940.0,60854.0
188.0,133.0,11.148936170212766,3120.271276595745,3156.93085106383,3172.18085106383,0.574468085106383,0.5319148936170213,5867.101063829788,0.1111702127659572,-1.8863809288773088,44.361702127659576,36.62523503723404,99.53095815425532,36.22653997340425,84.85790833510637,31.48993255319149,97.90187234042553,2489.0,446.0,2489.0
253.0,122.0,9.312252964426875,2443.810276679842,2481.2332015810275,2461.181818181818,0.4624505928853755,0.4743083003952569,5163.818181818182,-0.4300395256916996,-0.5903286213810046,41.6205533596838,35.21373678656125,110.45524598023714,33.69925504743082,104.49126416205532,33.936571660079046,98.3598428181818,8282.0,2525.0,8258.0
360.0,143.0,9.83611111111111,2423.825,2349.741666666667,2479.136111111111,0.5916666666666667,0.4916666666666666,6197.586111111111,-2.088888888888888,-1.118548522553635,55.47222222222222,36.39000297777777,96.43699938888888,34.559718177777775,78.87736678333331,35.200362705555534,91.14482745,25033.0,3437.0,25003.0
410.0,163.0,6.519512195121951,1833.458536585366,1879.370731707317,1853.7951219512197,0.6,0.7439024390243902,4116.321951219512,-1.612195121951219,-1.9601907071724736,55.4390243902439,35.80626756097559,107.3923948804878,35.67710203414633,104.47392975609756,36.21453715609755,103.9995575609756,45691.0,5917.0,45169.0
852.0,260.0,7.181924882629108,1580.5387323943662,1630.3544600938967,1621.8016431924882,0.4823943661971831,0.7077464788732394,3576.4213615023477,-1.6843896713615012,-3.002081595567715,39.917840375586856,30.377702948356788,108.58904921830984,28.45392335680749,108.03169117018776,27.470404835680736,109.48440932394364,65027.0,13501.0,64881.0
376.0,148.0,8.601063829787234,2300.303191489362,2324.523936170213,2296.946808510638,0.4920212765957447,0.6329787234042553,4679.19414893617,-0.2561170212765961,-1.4494202655648167,39.81382978723404,34.070486866666634,108.43834604533336,29.743831266666646,107.97199957600002,31.29491326666664,95.76448444800002,26612.0,5333.0,20007.0
2007.0,406.0,13.906327852516194,3246.542600896861,3288.872446437469,3278.936721474838,0.4210264075734928,0.4509217737917289,5037.129048330842,1.3306925759840562,-3.9603483676786473,37.93223716990533,33.920255378863395,102.36593130458624,31.556998978065774,92.17958738235302,32.13667676719838,94.18619532402798,412459.0,124999.0,404841.0
301.0,148.0,7.830564784053156,2069.8504983388702,2137.7076411960134,2135.0531561461794,0.4518272425249169,0.6146179401993356,4741.279069767442,1.2355481727574753,-0.891011615374963,44.6843853820598,33.91063420598006,108.90740472093024,32.98636502990032,98.9469674950166,32.56017427574751,100.33411679401996,11679.0,3164.0,11655.0
422.0,198.0,6.090047393364929,1407.4549763033176,1451.8530805687203,1451.6137440758291,0.471563981042654,0.7369668246445498,3870.495260663507,-1.136255924170616,0.0269216291051017,45.40284360189573,35.278594299287384,108.17945851306412,35.0595906912114,74.6789152280285,34.854928688836075,103.3583862755344,16288.0,3807.0,16137.0
740.0,215.0,8.335135135135134,1851.724324324324,1892.4905405405405,1898.6810810810807,0.3621621621621622,0.5608108108108109,3679.433783783784,2.807837837837838,-2.2322767738647245,37.24324324324324,36.54236131756754,86.90040941486481,35.5761701689189,78.23970315405401,34.57015577702701,84.91866549594592,84715.0,33634.0,84699.0
824.0,256.0,14.12135922330097,3480.5424757281558,3538.9235436893205,3495.3058252427186,0.3094660194174757,0.3628640776699029,5238.633495145631,0.0316747572815535,-3.394008394447849,34.842233009708735,37.38492767354367,91.72788178155344,36.36580285194173,68.23467091262135,37.56829523665047,99.72993458859224,49362.0,17395.0,49224.0
945.0,325.0,7.284656084656085,1627.7798941798942,1681.658201058201,1658.9439153439153,0.5280423280423281,0.5566137566137566,3807.620105820106,-0.0269841269841265,-2.0169568786217056,40.5925925925926,33.172370743644045,95.96503043750002,29.480223100635573,81.62177312817798,31.36098989088981,87.35781122881355,43995.0,10155.0,43780.0
672.0,203.0,6.822916666666667,1625.4166666666667,1665.279761904762,1656.8943452380952,0.3839285714285714,0.4955357142857143,3853.1413690476193,-0.3434523809523811,-4.016080479242121,34.776785714285715,35.389206052083324,82.94165401785716,31.80867495238092,64.12723625892853,34.47731199404766,109.0186503958332,43043.0,16913.0,43031.0
345.0,144.0,7.994202898550725,2558.8115942028985,2562.0289855072465,2537.1304347826085,0.6057971014492753,0.7507246376811594,5220.802898550724,1.504927536231884,-1.8473046730380531,53.04347826086956,33.5718749768116,109.89715394202894,32.5273599768116,102.13504107246376,34.94617468695652,105.30888040579704,27582.0,4098.0,26953.0
556.0,236.0,10.507194244604316,2991.2086330935253,2992.419064748201,2993.672661870504,0.5755395683453237,0.5881294964028777,5892.361510791367,1.6077338129496397,-2.8943308080237453,49.15467625899281,30.54012291906475,86.91831999999995,29.99122617446043,95.70823492985608,30.25497262230216,87.59834191906471,23742.0,3886.0,22841.0
787.0,274.0,12.07750952986023,3376.068614993647,3445.89707750953,3435.3062261753494,0.4701397712833545,0.554002541296061,5207.695044472681,1.943074968233801,-2.7730529078905533,40.16518424396442,31.617858800508227,96.82441008005075,30.83166124777635,38.392260616264274,30.656949770012687,65.67075188437097,34312.0,17808.0,33253.0
606.0,221.0,8.014851485148515,2293.476897689769,2297.026402640264,2293.4653465346537,0.5511551155115512,0.5165016501650165,5542.166666666667,2.143399339933995,-3.01837788612488,48.3003300330033,31.234311877280238,91.03651384079598,33.38431696849088,65.52885817412938,32.708850873963506,81.35089626202323,54551.0,9745.0,54056.0
415.0,173.0,10.212048192771084,2960.756626506024,2962.397590361446,2955.2602409638557,0.7132530120481928,0.4216867469879518,4646.327710843373,2.5354216867469828,-3.6852923680693537,62.40963855421687,30.034286096385557,100.7952443373494,30.32085385542169,64.46847839518077,30.42081139759037,75.64619204819279,126932.0,12939.0,126784.0
380.0,192.0,10.160526315789474,2877.436842105263,2921.178947368421,2931.228947368421,0.5947368421052631,0.4210526315789473,4815.336842105263,-1.1239473684210517,-3.242380084318258,52.36842105263158,34.99239947368421,97.21882552631578,33.697131426315785,84.32569859473685,32.961388236842105,96.6262993763158,27851.0,4415.0,27809.0
720.0,221.0,5.026388888888889,1588.1319444444443,1618.9444444444443,1572.0472222222222,0.4708333333333333,0.8444444444444444,4215.636111111111,-1.4394444444444443,-1.721251294873517,53.84722222222222,34.6598885027855,92.027514178273,34.0031068941504,89.18604911281341,34.39520225626739,89.8470104874652,135147.0,23904.0,129659.0
464.0,191.0,11.73060344827586,3030.4741379310344,2650.799568965517,2860.3685344827586,0.4288793103448275,0.7435344827586207,6816.719827586207,1.5418103448275862,-2.907907389958325,43.57758620689656,35.284441790948264,87.25917297844825,34.271049008620686,79.20668087284479,34.32560603232759,76.72152829525857,21093.0,2825.0,20322.0
311.0,179.0,8.160771704180064,2277.192926045016,2205.1672025723474,2292.4405144694533,0.5627009646302251,0.6334405144694534,4633.556270096463,-0.5221864951768488,-3.831315579890933,52.66881028938906,33.38074196141479,92.65519067524114,35.256727726688105,84.66407018649517,34.90912145659164,81.76649066881028,15073.0,1591.0,15072.0
655.0,185.0,15.88854961832061,5238.265648854962,5258.830534351145,5286.570992366413,0.5648854961832062,0.3435114503816794,7610.29465648855,0.5393893129770994,-4.3973082728932535,58.3206106870229,33.04454303358774,108.18044976946555,30.319992599999964,98.1309374030534,31.43900390992362,88.90278233893123,183492.0,21973.0,183492.0
358.0,237.0,10.737430167597765,2925.854748603352,2813.287709497207,2948.555865921788,0.4581005586592179,0.4050279329608938,5630.544692737431,0.9701117318435752,-2.555142992191876,48.04469273743017,32.8340054494382,102.397996247191,32.608121213483145,95.78157705898872,32.04729606741573,95.46690916011237,7273.0,1488.0,7138.0
461.0,201.0,8.119305856832971,2308.444685466377,2371.498915401301,2337.1431670281995,0.665943600867679,0.6030368763557483,4455.598698481562,-0.0258134490238611,-4.252967685774064,53.253796095444685,34.08840001301518,91.4982798893709,34.51857890021692,87.25144226030366,35.098850991323204,90.5773489826464,50238.0,5500.0,50020.0
278.0,176.0,13.176258992805757,3830.154676258993,3701.2877697841727,3818.374100719424,0.4532374100719424,0.3453237410071942,7000.392086330935,-0.2776978417266186,-3.643884547109288,44.10071942446043,32.56477062318841,105.78965156884055,30.709748612318844,108.23393997463766,33.96629435507246,103.2450508442029,3929.0,736.0,3891.0
449.0,178.0,9.15367483296214,2328.6681514476613,2363.781737193764,2338.9198218262804,0.4899777282850779,0.33184855233853,4471.521158129176,1.314476614699332,-3.2916588393075807,40.89086859688196,30.841423260579056,104.239695986637,26.002346590200435,106.46330387973272,29.88791427616925,105.46303577951004,13616.0,3514.0,13616.0
235.0,171.0,10.340425531914894,3054.0382978723405,3120.263829787234,3087.795744680851,0.4595744680851064,0.4425531914893617,6674.455319148936,0.6668085106382978,-2.422413699118994,44.46808510638298,33.27110643404256,90.2488248212766,33.004508817021275,83.6201747361702,32.92422705106383,88.8838777148936,2061.0,387.0,2041.0
584.0,159.0,14.25,3555.777397260274,3568.5667808219177,3587.72602739726,0.3321917808219178,0.410958904109589,5753.981164383562,0.5681506849315073,-3.73160286369937,38.013698630136986,34.821197379725085,87.41748402061852,34.92051015292095,67.18381935738829,35.303578080756,71.7441180962199,41118.0,12496.0,41118.0
326.0,176.0,10.156441717791411,2745.205521472393,2772.101226993865,2780.3619631901843,0.5,0.4969325153374233,6044.003067484663,-0.070245398773006,-2.2564930295591275,44.29447852760736,34.09879102760735,99.80414601226992,32.69506832822085,93.374163803681,33.735861196319014,86.59239141104294,7152.0,1697.0,7047.0
480.0,228.0,10.927083333333334,3152.54375,3042.429166666667,3185.733333333333,0.38125,0.39375,5732.73125,0.6368750000000003,-2.361479976067501,40.4375,33.34255140624999,96.14719686875,32.949145579166654,81.81949795624998,33.51316645833332,93.60976582708332,13248.0,4062.0,13232.0
861.0,402.0,7.730545876887341,1791.2322880371662,1822.01393728223,1819.2439024390244,0.5969802555168409,0.5249709639953543,4878.534262485482,-0.265156794425087,-2.8944527935605717,51.85830429732869,35.10451560186261,99.76538049243312,34.42583943771827,95.0322123853318,34.77572990337599,96.9163210046566,54924.0,6484.0,54517.0
653.0,388.0,8.064318529862174,1829.8284839203675,1894.7212863705968,1866.24808575804,0.5467075038284839,0.6110260336906586,4045.803981623277,1.288514548238897,-2.0170203364583847,50.84226646248086,34.46177605972433,99.86705630474732,34.76410435222051,91.72915661102604,34.72523215926492,96.81139979632464,17484.0,2285.0,17373.0
774.0,393.0,6.757105943152455,1622.311369509044,1651.770025839793,1649.5322997416022,0.4896640826873385,0.6757105943152455,3714.377260981912,1.0198966408268733,-1.763547696039819,46.43410852713178,33.179901094315234,96.25136589147286,31.64620182687338,93.43718010335918,32.484822153746755,90.39391511627908,21037.0,3755.0,20158.0
3355.0,1117.0,7.461102831594635,1683.8107302533533,1643.259612518629,1684.064083457526,0.5713859910581222,0.7862891207153502,3796.724292101341,-3.952280178837557,-4.789589433612404,51.87183308494784,34.50251997675114,99.04154438152008,34.03428820327871,94.2151479472429,34.33000699701939,96.25315856840533,960811.0,81916.0,926666.0
1452.0,704.0,7.490358126721763,1673.0365013774106,1568.7940771349863,1666.952479338843,0.4710743801652892,0.6873278236914601,3875.307162534435,-0.715289256198347,-3.15731196262398,41.26721763085399,34.13432474517904,96.30679614325072,32.542106060606045,93.48813216322316,32.805990659090895,92.68769327341596,39260.0,7767.0,38216.0
1544.0,594.0,5.974093264248705,1456.0965025906737,1474.1269430051814,1470.4844559585492,0.5731865284974094,0.7623056994818653,4200.531735751295,0.3665155440414521,-2.776720761366088,50.89378238341969,34.840390863253425,99.76773026701233,33.425599554115365,94.89243516007778,33.99939932987685,94.90426944069996,181704.0,31183.0,173970.0
986.0,387.0,6.290060851926977,1524.1014198782962,1542.2748478701826,1563.738336713996,0.6663286004056795,0.6987829614604463,3662.338742393509,-0.0253549695740362,-2.1406391753778404,63.904665314401626,35.163995329614565,91.58285777890477,34.003096191683525,88.22225929918872,34.48669046146041,89.42550794624755,160094.0,17709.0,159729.0
1723.0,447.0,14.76320371445154,3801.0586186883343,3869.7069065583287,3860.770168311085,0.4556006964596634,0.2518862449216483,5216.088218224028,-0.0810214741729566,-2.6055412304770056,48.31108531630876,35.81416290423681,51.819652815438005,24.939222566453875,106.47673652582704,31.85234997968664,105.03735962623335,417564.0,64544.0,417135.0
664.0,323.0,7.6129518072289155,1897.9186746987957,1904.512048192771,1937.7786144578315,0.6340361445783133,0.6445783132530121,4862.594879518072,-0.1114457831325304,-2.6883395438092235,44.81927710843374,34.00058085391564,100.21739247891573,34.01760950150601,96.38577759487956,32.7549921686747,100.25959704367472,27148.0,6051.0,26908.0
535.0,273.0,11.525233644859814,3032.1196261682244,3066.4878504672897,3052.338317757009,0.6186915887850467,0.4654205607476635,5140.0897196261685,-1.2136448598130838,-2.36185455273391,42.63551401869159,37.18272322097378,106.392628252809,34.62529226779026,100.14720125468163,35.681011050561786,102.43736237265918,23837.0,4715.0,23629.0
918.0,406.0,7.882352941176471,2016.1100217864923,2030.0294117647056,2015.033769063181,0.4455337690631808,0.6699346405228758,4687.633986928105,0.0510893246187368,-2.5372220908619343,41.546840958605664,33.83667184967319,92.17853801307189,32.98478416993464,88.49814688562091,33.274063395424825,90.49457885403052,21914.0,4916.0,21506.0
658.0,335.0,9.98936170212766,2631.293313069909,2662.727963525836,2624.4756838905773,0.4620060790273556,0.5030395136778115,5013.984802431611,0.8951367781155015,-1.914443953499312,44.43768996960486,34.09809748784195,100.69228996960489,32.42653636778116,102.24872771124625,33.21773934194529,94.96683115653497,15555.0,3351.0,15166.0
587.0,290.0,11.86541737649063,3396.5689948892677,3469.127768313458,3464.7819420783644,0.5400340715502555,0.4054514480408858,6452.182282793867,-0.5047700170357751,-1.3389613717056887,48.79045996592845,34.48083147529811,102.82768008517888,31.53830416354344,91.57136498126064,32.11282004770016,95.78686134582622,31122.0,5106.0,31059.0
1400.0,453.0,7.961428571428572,1689.0171428571427,1750.2378571428571,1726.0014285714285,0.6085714285714285,0.5321428571428571,3754.527857142857,-1.7626428571428574,-3.2690465922063874,46.114285714285714,34.098471605,95.33116761000008,34.999167141428565,98.16519341071424,35.42187233214286,100.18952791285712,158191.0,28096.0,156020.0
1912.0,711.0,8.605648535564853,2060.423640167364,2013.2092050209203,2069.6270920502093,0.4707112970711297,0.6035564853556485,4933.217050209205,-1.9510983263598336,-2.410073740439244,45.76359832635983,33.224362707112974,99.29612672541828,28.884552727510428,101.31894407217568,30.69720170606692,98.2999589084727,93796.0,18199.0,93212.0
1122.0,607.0,5.453654188948307,1128.5053475935829,1165.464349376114,1158.1515151515152,0.6051693404634582,0.7647058823529411,3226.128342245989,0.3192513368983963,-2.804313472873381,49.6078431372549,34.679455872513536,99.07691241410492,35.09532296112114,95.28802573779386,35.079340675406854,96.59226244394216,32915.0,5284.0,32040.0
869.0,363.0,10.6156501726122,2707.247410817031,2732.9228998849253,2734.0759493670885,0.5443037974683544,0.5569620253164557,5707.476409666283,0.0819332566168019,-1.400644774930258,44.660529344073645,34.435587039170485,100.57417461635944,33.60249802649766,99.84876317165909,34.13230997119814,101.18430776958525,41085.0,9700.0,40678.0
887.0,400.0,10.273957158962796,2831.664036076663,2290.652762119504,2856.2198421646,0.4565952649379932,0.4419391206313416,5561.311161217587,1.5881623449830888,-1.9969385555553745,42.01803833145434,34.568152452085656,94.72216813979703,35.99349692784664,92.4923865050733,34.47328193348364,84.22146453213078,43834.0,8083.0,43774.0
616.0,274.0,7.327922077922078,2408.917207792208,2465.6525974025976,2480.042207792208,0.6038961038961039,0.6363636363636364,6270.11525974026,-1.85064935064935,-1.9834547459349967,52.938311688311686,31.19185340097401,106.0641799788961,32.61728396103894,101.5252409107143,31.00470090097401,104.0208749448052,39410.0,5329.0,39070.0
295.0,187.0,8.477966101694916,2163.806779661017,2209.806779661017,2189.983050847457,0.5966101694915255,0.576271186440678,4970.745762711865,-0.5606779661016951,-1.6085805156369044,52.271186440677965,35.63767914965985,95.11242040816325,34.97844777210884,87.87206521768708,35.78051282312924,89.58301089795917,7181.0,990.0,6941.0
815.0,292.0,9.304294478527607,2406.0699386503065,2408.3386503067486,2436.699386503068,0.4368098159509202,0.6171779141104294,5425.801226993865,1.62711656441718,-2.309766182701237,40.58895705521472,32.97148419631902,105.33676531411052,32.9887738834356,106.146111001227,32.95645518404907,104.10481124662584,47496.0,11542.0,46496.0
778.0,357.0,10.230077120822624,2534.452442159383,2582.2352185089976,2569.0488431876606,0.4652956298200514,0.5051413881748072,5223.978149100257,0.5892030848329033,-1.9341077763660264,41.81233933161954,33.699968221216025,100.49926602069856,35.02271844113843,102.65358301164292,34.904373880983194,96.28622501164295,35898.0,6068.0,35670.0
394.0,214.0,12.406091370558377,3081.6725888324872,3115.4289340101523,3106.8578680203045,0.467005076142132,0.4060913705583756,5432.708121827412,-1.1598984771573595,-1.8865689255547176,45.88832487309645,35.53574868527916,103.11084961928934,34.456470893401004,88.19847840101522,33.54429811421318,93.2444493324873,11398.0,1979.0,11260.0
158.0,94.0,8.531645569620252,2041.518987341772,2027.6645569620248,2069.246835443038,0.5316455696202531,0.4240506329113924,4582.607594936709,0.0322784810126581,-1.4828254881412175,45.37974683544304,30.84598971518988,100.81165126582276,33.9301838607595,98.85267025316456,32.302605537974685,99.65828481012656,2734.0,566.0,2734.0
145.0,102.0,9.255172413793105,2455.0,2509.206896551724,2515.1310344827584,0.4275862068965517,0.4482758620689655,4727.613793103448,1.9103448275862076,-1.5401292492662984,43.58620689655172,34.658581151724135,104.15808284827584,33.371416841379315,101.80641402068964,33.0252120137931,98.75218160689651,2086.0,428.0,2084.0
317.0,151.0,13.668769716088327,3339.0662460567823,3406.0914826498424,3378.4479495268138,0.5236593059936908,0.3249211356466877,4926.192429022082,-3.833123028391176,-1.127973160310554,49.74763406940063,31.952461034700296,101.38493059621442,32.70552218611984,102.70959032176638,32.73561804416402,97.97491188012609,26381.0,5327.0,26364.0
425.0,183.0,8.188235294117646,2152.475294117647,2213.247058823529,2191.1623529411763,0.6611764705882353,0.6447058823529411,4268.176470588235,-0.7152941176470586,-2.3453552178460044,46.188235294117646,37.19115660941173,102.15425176470588,36.35590756941173,104.47570211764707,36.4650993341176,104.41920611764708,46056.0,9011.0,45943.0
301.0,194.0,10.727574750830565,2928.667774086379,2945.0730897009967,2950.156146179402,0.5016611295681063,0.53156146179402,5641.604651162791,0.7837209302325581,-0.9968834527052124,47.40863787375415,33.216247423333336,94.22162433333332,33.83724058333333,92.100195,33.45554791666667,96.26428166666666,9857.0,1293.0,9832.0
329.0,178.0,9.270516717325227,2498.255319148936,2350.6048632218844,2548.0091185410333,0.4528875379939209,0.5227963525835866,4402.261398176292,-0.5173252279635253,-2.615724941949624,44.01215805471124,34.06511284194528,100.6753208693009,32.13426670212766,91.13794478419452,32.14855569908815,95.30480810638298,8103.0,1628.0,8093.0
323.0,202.0,7.622291021671827,1904.2012383900928,1932.1517027863777,1928.6439628482967,0.6501547987616099,0.6501547987616099,4617.482972136223,-0.2736842105263158,-1.392265494954122,53.62229102167183,35.8880858482972,99.88830552941177,34.9850213126935,92.01708430959754,33.998958922600615,97.1717062724458,6075.0,1010.0,6075.0
482.0,178.0,10.970954356846471,2644.4585062240662,2706.294605809129,2688.139004149378,0.4937759336099585,0.5518672199170125,5154.03734439834,-2.8676348547717843,-0.640806526435333,36.16182572614108,37.55645037136927,96.80516613900414,36.422212033195,80.77151667634854,36.44051431535267,99.3700875518672,19274.0,5426.0,19192.0
619.0,216.0,6.245557350565428,1473.9741518578353,1484.0161550888529,1514.340872374798,0.4717285945072698,0.7641357027463651,3978.873990306947,1.7705977382875588,-2.0914527666503395,55.62197092084006,35.27011035064933,103.79871059415584,35.229535566558425,101.78873971753242,35.678534538961024,102.57335681655844,126664.0,27462.0,123224.0
428.0,195.0,11.074766355140186,3064.7242990654204,3103.983644859813,3082.3808411214955,0.4228971962616822,0.7429906542056075,5695.023364485981,-0.544392523364486,-2.4471634900119126,51.21495327102804,36.82649649532706,107.64966534112156,36.37862207242986,102.03668029439258,36.42651043691586,107.401294390187,51514.0,10577.0,51487.0
302.0,196.0,8.099337748344372,2286.0066225165565,2320.798013245033,2280.274834437086,0.5529801324503312,0.5364238410596026,4282.172185430463,0.6887417218543045,-2.228835200412601,47.54966887417218,34.82812541390728,99.68798543046356,34.65573824503311,94.70340397350992,34.041917798013245,95.04835397350992,4475.0,699.0,4454.0
296.0,155.0,5.628378378378378,1461.1114864864865,1509.9222972972973,1497.7533783783783,0.4459459459459459,0.6587837837837838,3309.320945945946,1.5861486486486485,-0.2607344506643966,38.3445945945946,34.366444763513506,102.97408351351348,34.898502364864854,96.01107804054053,34.28436106418919,103.28985945945944,4143.0,1064.0,4071.0
1174.0,473.0,7.349233390119251,1618.166950596252,1632.7691652470187,1662.2206132879046,0.5689948892674617,0.7010221465076661,3744.149914821124,-0.4334752981260642,-2.144064003060135,49.50596252129472,33.717583274275945,100.53963963713797,32.676612647359434,90.49385861584328,33.85928908091991,95.6711090843271,63210.0,9018.0,63206.0
891.0,287.0,15.557800224466892,3612.148148148148,3655.9124579124577,3653.47923681257,0.5050505050505051,0.5914702581369248,5227.17620650954,-1.7727272727272758,-2.2873249030356675,50.38159371492705,35.41156275420874,72.24317429966332,34.05719308529741,92.27675918742985,34.53112656790123,95.9635548473625,284516.0,38946.0,284048.0
727.0,292.0,7.763411279229711,1754.152682255846,1741.4883081155433,1790.3425034387894,0.5364511691884457,0.5529573590096286,4094.484181568088,0.5310866574965614,-2.6396042345919764,42.98486932599725,33.17069156396148,99.41757569876204,32.5217684883081,98.64614629848693,32.8551875749656,99.21797913755158,34395.0,7844.0,34395.0
840.0,339.0,9.417857142857144,2140.508333333333,2191.790476190476,2181.2535714285714,0.5202380952380953,0.6154761904761905,4090.5666666666666,1.5386904761904765,-3.063594839552821,48.095238095238095,33.577125636904746,89.10175456190473,32.482981628571416,96.83840325357144,33.134190703571406,99.4767045630952,45547.0,6692.0,45223.0
448.0,252.0,6.988839285714286,1829.0535714285716,1827.044642857143,1855.247767857143,0.4419642857142857,0.7075892857142857,5239.694196428572,-0.3281250000000006,-1.830207086394172,40.55803571428572,35.1065532455357,102.84930319642856,35.33587580803571,53.48928050446428,34.65181817633928,76.38249136830358,7031.0,2212.0,7012.0
434.0,255.0,10.034562211981568,2791.928571428572,2804.8963133640555,2821.804147465438,0.6059907834101382,0.631336405529954,5955.698156682028,-1.784792626728111,-1.4920745594251004,47.25806451612903,33.64233481336404,98.0174056520737,32.50979777419353,99.0094593456221,32.70774032488478,98.40751140552996,9035.0,1422.0,8955.0
597.0,333.0,7.241206030150754,1836.0318257956449,1842.3869346733668,1860.7705192629817,0.4874371859296482,0.6164154103852596,4580.34338358459,-0.5777219430485764,-2.05610428163048,41.574539363484085,33.8389359496644,102.62306141442954,29.97389707046979,100.04866016275167,32.34571160570468,98.05953177348994,12849.0,2026.0,12360.0
619.0,250.0,8.481421647819063,1920.1809369951532,1961.9273021001616,1948.056542810985,0.4329563812600969,0.5896607431340872,4364.549273021002,-2.832310177705977,-4.759789989624438,46.41357027463651,36.83799648626815,107.34638869143784,37.41880900646203,85.04451093053312,37.948316962843286,85.73329876090467,52803.0,9224.0,51850.0
352.0,214.0,10.988636363636363,3468.517045454545,3372.622159090909,3483.7954545454545,0.53125,0.4886363636363636,6907.548295454545,0.8241477272727272,-2.280483737402084,45.36931818181818,33.98045104261362,103.37316032102272,34.290408855113625,100.33034498579542,34.325278386363635,99.14363986931816,9609.0,1481.0,9607.0
396.0,167.0,8.48989898989899,2377.818181818182,2365.7752525252527,2413.2550505050503,0.5858585858585859,0.5555555555555556,5583.527777777777,1.7643939393939407,-2.2306602415486743,44.74747474747475,33.88260018939391,108.12571994949494,33.07431273232323,84.99699124494948,33.90882384343433,100.34437129545456,20624.0,4414.0,20624.0
1006.0,325.0,10.731610337972167,2414.1580516898607,2470.0984095427434,2450.8658051689863,0.5238568588469185,0.5139165009940357,5011.7982107355865,0.3712723658051692,-4.016196740168013,50.72564612326044,38.87620930218682,92.56401404870776,35.1519799125248,107.81800341351897,36.17644709244527,103.59070437375752,181962.0,26043.0,179471.0
769.0,270.0,7.694408322496749,1966.6046814044212,1793.7321196358907,1836.100130039012,0.3198959687906372,0.647594278283485,4730.751625487646,-1.933029908972692,-2.5676330814640598,29.089726918075424,34.53450182054617,66.53220541872561,32.744088625487656,62.09581134330301,33.94723800780233,68.66799760208063,24496.0,12302.0,24481.0
257.0,156.0,8.45136186770428,2291.455252918288,2321.1556420233464,2323.731517509728,0.5447470817120622,0.5408560311284046,5327.540856031128,-0.378599221789883,-2.045047043671285,45.40856031128405,34.438096984435795,97.681580155642,34.66601615564202,82.83747259143969,34.44377087548637,84.74137487159533,4713.0,793.0,4701.0
704.0,276.0,7.822443181818182,2060.8636363636365,2084.6988636363635,2072.568181818182,0.5482954545454546,0.6988636363636364,4715.484375,-1.858664772727274,-1.69301311688931,53.77840909090909,31.86123632290184,107.59321624039836,28.99359396301563,104.35852577809392,29.87730405405405,108.00072349502138,82676.0,9395.0,82228.0
573.0,175.0,8.294938917975568,2004.492146596859,2022.1012216404888,2027.9842931937171,0.6910994764397905,0.7766143106457243,5552.808027923211,1.1532286212914489,-2.3049845460133893,50.92495636998255,37.83699956369978,112.073762303665,36.58950763525304,93.61651698778364,35.86217700698078,80.60847172774876,168761.0,21281.0,166527.0
250.0,139.0,8.48,2296.172,2346.124,2333.612,0.548,0.692,5991.236,-1.0848,-3.04184444875694,43.32,33.00007039999999,105.70871439999996,30.45062693999999,102.29110559999998,31.200950267999996,103.923470532,4959.0,1110.0,4917.0
454.0,203.0,6.407488986784141,1645.1982378854625,1660.407488986784,1648.4845814977973,0.4823788546255506,0.7400881057268722,4294.107929515419,-0.1359030837004405,-2.400215083830889,43.19383259911894,34.5968339955947,101.82289787665202,33.665567812775315,98.03995639427316,35.0826539801762,101.86302665859036,15318.0,3356.0,14957.0
237.0,149.0,10.430379746835444,2857.278481012658,2870.362869198312,2878.793248945148,0.5949367088607594,0.4767932489451477,5692.654008438819,1.0611814345991566,-2.2544621814613106,52.65822784810127,33.97690745569621,100.50407693248944,32.68813857383967,93.86687355696202,32.713404746835444,99.4280805907173,8247.0,1010.0,8216.0
297.0,173.0,10.218855218855218,2686.3771043771044,2851.861952861953,2841.188552188552,0.4848484848484848,0.468013468013468,5668.333333333333,-1.726936026936026,-2.476909192529364,39.42760942760943,33.68735658249158,106.91637374074072,33.19811622895623,93.47987644781144,33.15553523569024,102.30772908417508,11788.0,3119.0,11762.0
256.0,135.0,8.10546875,1975.8515625,1817.98828125,2000.12109375,0.4765625,0.578125,3953.53125,-0.8289062500000002,-2.527660677318264,48.828125,33.89907933203124,107.91064635156248,33.32433933203126,107.08658775781252,34.22990847265625,105.24094960546876,8288.0,1421.0,7359.0
769.0,285.0,7.607282184655396,2141.2548764629387,2064.059817945384,2164.742522756827,0.6319895968790638,0.6488946684005201,5174.171651495449,1.981014304291284,-1.401614572529593,59.21976592977894,36.93723215214559,98.75693784135238,35.8414774278283,99.84703576462935,35.653633777633246,99.40179817945382,208132.0,20746.0,208083.0
350.0,170.0,7.402857142857143,2024.5057142857145,2085.34,2064.0257142857145,0.5485714285714286,0.6028571428571429,5162.6,0.5997142857142856,-1.5775206895999954,48.457142857142856,33.80102407142856,98.4678072,31.061904357142847,90.92169034285716,29.856873214285702,97.31411577142858,12053.0,2058.0,11907.0
592.0,235.0,9.925675675675675,2650.0777027027025,2693.5861486486488,2707.739864864865,0.5472972972972973,0.4831081081081081,5217.983108108108,0.1427364864864864,-0.0702730192401967,50.72635135135136,36.360565682432416,103.40545591216215,29.71166171283782,104.29667685810811,32.145083390202686,105.62973812162164,36820.0,6722.0,36716.0
137.0,88.0,7.37956204379562,2103.189781021898,2060.7445255474454,2135.890510948905,0.5766423357664233,0.6058394160583942,4719.109489051095,0.7854014598540143,-2.186332272617757,49.12408759124087,34.85992037956205,90.82879170072992,35.408777072992706,89.10947223357664,35.00174032846716,89.50929875912408,2100.0,310.0,1860.0
336.0,200.0,7.505952380952381,1981.702380952381,2024.2380952380952,2014.3125,0.4791666666666667,0.6577380952380952,4062.0833333333335,-1.0583333333333331,-2.17425294198164,46.398809523809526,32.19123428571428,95.81562261904762,30.026852529761907,100.66251666666663,30.481000669642857,101.7995794642857,5943.0,1200.0,5890.0
377.0,174.0,9.673740053050398,2379.3050397877983,2261.079575596817,2251.604774535809,0.506631299734748,0.493368700265252,5284.572944297082,0.8411140583554374,-2.1613540536852844,44.50928381962865,34.725088419098114,102.28698036870034,32.496073679045075,98.6741448859417,32.840791450928364,99.42703684084888,11580.0,3241.0,11356.0
557.0,259.0,8.73608617594255,2215.5260323159787,2504.6983842010773,2501.11131059246,0.4614003590664273,0.599640933572711,4736.265709156194,0.7394973070017953,-2.056192311872524,43.55475763016158,31.56396297666068,98.37353063913824,32.30477180430879,99.05348599281866,32.18562166786356,100.03463620287252,18051.0,3463.0,17956.0
353.0,182.0,7.875354107648725,2113.8186968838527,2139.4872521246457,2141.4192634560904,0.6742209631728046,0.5722379603399433,4678.818696883853,-0.5980169971671384,-1.114628797458048,44.56090651558074,32.11132720170453,105.34312897727274,30.708781818181816,99.04406892045454,31.73172178125,102.43199420454545,14354.0,3072.0,14322.0
316.0,136.0,8.66139240506329,2152.670886075949,2199.6234177215188,2181.5443037974683,0.5443037974683544,0.3449367088607595,3596.512658227848,-0.3886075949367084,-2.1201858102051663,44.71518987341772,38.20879193354429,96.26632847784808,35.98685327848099,97.35234166139236,37.44855751582277,94.09386909177212,10528.0,2263.0,10485.0
503.0,120.0,9.36182902584493,2545.612326043737,2564.469184890656,2571.2425447316105,0.4373757455268389,0.2166998011928429,6342.335984095427,2.2302186878727563,-3.0735269700404477,39.22465208747515,37.52155337972176,88.90403015308162,48.4049595427437,66.5809070258448,47.614888568588654,69.87536679920464,38179.0,9344.0,38177.0
663.0,257.0,6.743589743589744,1555.5173453996983,1561.5158371040725,1591.2292609351432,0.6380090497737556,0.6772247360482655,3606.552036199095,-2.6781297134238304,-2.3429518919195083,45.76168929110106,31.88291251131221,104.57945922624432,31.78833220512821,94.9175253846154,31.595402229260927,104.98008153695324,39290.0,5729.0,38995.0
253.0,156.0,10.73913043478261,2891.5296442687745,2977.877470355731,2949.387351778656,0.4545454545454545,0.391304347826087,5879.703557312253,-1.1241106719367588,-1.7894299154651077,41.6600790513834,36.04597200395256,103.87266267588932,33.93313257707509,90.8900571541502,30.38281479051384,99.04963358498024,3260.0,664.0,3236.0
296.0,113.0,6.993243243243243,1736.141891891892,1772.0,1766.0067567567569,0.5135135135135135,0.4864864864864865,4101.935810810811,-4.14831081081081,-1.786380324297501,38.648648648648646,32.297622627118635,99.34621502711865,28.445800593220337,99.90296960338982,28.70683762711864,101.3788035016949,12016.0,4033.0,12006.0
1279.0,314.0,10.286161063330727,2308.8084440969506,2355.4034401876465,2340.460516028147,0.2939796716184519,0.6966379984362784,4959.529319781079,-1.035887412040657,-1.7007339914844508,40.078186082877245,36.04235058952303,58.41756270523843,36.0672879898358,55.41827480844406,35.07636382877246,66.61229822752149,278386.0,68595.0,278354.0
329.0,216.0,9.486322188449847,2632.577507598784,2648.9756838905773,2665.468085106383,0.486322188449848,0.4711246200607902,4851.556231003039,-0.5987841945288758,-1.7460331522998758,45.349544072948326,34.36737348024315,100.24139513677812,30.90833105167173,98.62888984802431,33.515334145896645,101.27716047416412,4790.0,839.0,4656.0
567.0,299.0,8.800705467372135,2124.1798941798943,2198.9082892416227,2306.0546737213404,0.5502645502645502,0.5255731922398589,5221.322751322751,0.4587301587301587,-1.8683983953174923,53.47442680776014,35.27627780423279,99.7762380952381,34.887860858906514,94.66408171604938,35.30546157848323,97.16813015873016,65946.0,7030.0,65394.0
927.0,410.0,7.689320388349515,1879.1963322545848,1880.1456310679607,1892.2696871628912,0.4401294498381877,0.5566343042071198,4545.335490830636,0.755771305285868,-2.5924407048093205,40.37756202804746,33.779366691891866,103.14457927567572,32.56681190810809,99.71690597837838,32.12669324324323,97.15770705945944,34975.0,10273.0,34759.0
1608.0,343.0,7.38681592039801,1502.0273631840796,1517.722014925373,1516.960199004975,0.447139303482587,0.650497512437811,3712.5628109452737,0.5365049751243746,-2.6345139635968646,43.85572139303483,34.58772475870644,104.46914830721396,34.09041024067167,104.8321496268656,33.067800124378124,105.80546618905473,331750.0,73866.0,331123.0
414.0,218.0,8.555555555555555,2356.31884057971,2402.18115942029,2393.688405797101,0.5748792270531401,0.5531400966183575,4722.299516908212,0.7193236714975851,-2.2643207174312905,47.48792270531401,34.8761038647343,101.45043832367146,34.4331720410628,96.51056666425116,35.21558405797101,94.71306779227052,11649.0,1931.0,11569.0
662.0,232.0,10.330815709969787,2806.5302114803626,2671.900302114804,2842.084592145015,0.3564954682779456,0.29607250755287,5472.841389728097,2.3862537764350478,-1.924592697543363,35.120845921450154,39.01233070241691,87.94658519637461,36.195838179758304,86.31809138972804,37.53548062688821,89.65478066465252,43915.0,12234.0,43775.0
713.0,269.0,8.977559607293127,2337.300140252454,2347.4095371669005,2364.2931276297336,0.426367461430575,0.3884992987377279,4163.831697054698,2.357784011220191,-1.6018001651885097,40.78541374474053,33.68812126367458,99.25913459186528,35.11374651264042,95.9095843380084,35.713439350631106,95.74074829312764,39839.0,9790.0,39822.0
655.0,301.0,7.274809160305343,1914.9206106870229,1952.945038167939,1933.2335877862597,0.6045801526717557,0.6381679389312978,4728.8106870229,-0.4193893129770993,-2.245841127514254,58.70229007633588,39.45721259541983,98.2956041221374,40.55674057251908,92.1469520610687,40.13021435114504,93.93167562442746,120498.0,12512.0,119447.0
632.0,219.0,7.39873417721519,2078.9256329113923,2138.3860759493678,2117.7579113924053,0.4968354430379746,0.6787974683544303,4704.373417721519,-0.4257911392405064,-1.5451467371019203,44.87341772151899,34.971760792721504,88.85472668037977,38.38560081170885,83.25956338924053,36.7318514841772,82.84946402215189,48083.0,9878.0,48079.0
474.0,218.0,8.415611814345992,2285.143459915612,2318.272151898734,2249.318565400844,0.4767932489451477,0.4873417721518987,4132.373417721519,0.1506329113924049,-1.606267659806011,46.79324894514768,36.980619367088586,92.01737679324891,32.86038853164555,89.46781575105484,34.33467006329113,94.36846793248944,11672.0,2373.0,11649.0
344.0,209.0,9.026162790697674,2626.5755813953488,2660.561046511628,2641.6191860465115,0.4534883720930232,0.4622093023255814,6712.424418604651,-1.0389534883720928,-1.6154058645342897,39.94186046511628,35.876892200581395,96.6856659854651,32.314360781976745,99.16781560465118,33.62992226453488,99.59869670348836,5163.0,1119.0,5005.0
429.0,210.0,10.48951048951049,2898.811188811189,2942.874125874126,2926.170163170163,0.5757575757575758,0.4405594405594406,5815.892773892774,-0.7967365967365961,-1.6633861320531027,47.55244755244755,34.18805416355139,106.24116126869158,33.726563002336434,95.79421134813086,33.80211574766354,88.26072988317759,39358.0,6462.0,39209.0
836.0,182.0,8.472488038277511,2416.1973684210525,2370.997607655502,2383.214114832536,0.4043062200956938,0.8014354066985646,6486.662679425837,-3.208732057416292,-0.5423079708874529,27.96650717703349,41.44407267703329,102.4894887559808,44.768400137559794,67.74561993899513,47.50011621770315,97.82278568660284,74360.0,47242.0,74283.0
255.0,130.0,6.650980392156863,1926.945098039216,1951.3764705882356,1931.243137254902,0.596078431372549,0.7176470588235294,4205.219607843137,0.9999999999999992,-0.8067100195005887,53.25490196078432,38.31512239999998,96.42152500392156,33.326289874509804,79.77422769411764,37.6011677607843,91.8513254078431,7704.0,1288.0,7686.0
262.0,135.0,6.633587786259542,1781.2862595419847,1826.171755725191,1807.4770992366407,0.583969465648855,0.732824427480916,3948.778625954199,-0.8278625954198477,-1.927212992145373,54.31297709923664,36.15996832061068,103.04980839694656,34.18512938931298,87.478643129771,35.10411765267175,94.86020572519082,6132.0,1005.0,5692.0
226.0,99.0,10.278761061946902,2678.778761061947,2757.8716814159293,2724.7699115044247,0.584070796460177,0.5530973451327433,5850.876106194691,-1.890265486725664,-1.995437181897156,48.67256637168141,35.57968738938052,105.29647286283183,33.20520284955752,108.25351297787611,33.200645915929194,102.97682477876104,11129.0,1564.0,11129.0
360.0,185.0,8.380555555555556,2223.4,2175.430555555556,2223.211111111111,0.5888888888888889,0.5805555555555556,5042.966666666666,1.2061111111111114,-1.3797686395135005,50.30555555555556,34.31203881944444,101.4094642611111,33.896296736111104,97.67698935277778,34.21902034722221,101.81771907777777,10257.0,1625.0,10129.0
466.0,244.0,10.873390557939912,2920.0515021459228,2956.68669527897,2946.963519313305,0.592274678111588,0.630901287553648,5201.429184549356,0.9592274678111586,-2.160776487808208,50.49356223175965,35.27617210300427,98.3937564377682,35.67203200429184,92.12653841201715,35.49489527896994,90.92418080901284,22376.0,2920.0,22352.0
870.0,292.0,6.989655172413793,1822.816091954023,1844.5735632183907,1854.596551724138,0.5597701149425287,0.696551724137931,4036.348275862069,0.1647126436781608,-1.8701188482671336,45.01149425287356,31.42141749999999,102.62264494252877,31.786496473563204,101.99115532528738,32.51512404252872,102.14382015287362,55933.0,10471.0,50392.0
262.0,166.0,11.122137404580153,3001.4847328244277,3029.083969465649,3032.5648854961837,0.4847328244274809,0.3778625954198473,6075.1908396946565,1.2240458015267175,-2.7048159288518927,47.48091603053435,35.604867751908394,95.88300559541982,35.17348126717557,92.85740088931296,35.69858998473282,91.66837327862594,8341.0,1045.0,8337.0
245.0,143.0,8.914285714285715,2695.9714285714285,2735.702040816326,2717.6938775510203,0.4448979591836735,0.4448979591836735,5633.289795918367,1.4787755102040812,-1.7151083601970818,39.51020408163265,29.105941393442627,95.49111885245904,30.60581405737705,92.63804275819672,31.677661454918024,94.88712677868854,3951.0,1096.0,3951.0
201.0,114.0,11.124378109452737,2968.606965174129,3004.9004975124376,3019.283582089552,0.6417910447761194,0.572139303482587,5779.228855721393,0.4477611940298506,-1.6429539122694057,49.25373134328358,35.24691529850746,83.60884295522388,37.39000907960197,63.2184800995025,39.85174850746267,64.97563333333333,11630.0,1931.0,11630.0
436.0,264.0,7.910550458715596,2019.433486238532,2065.935779816514,2048.855504587156,0.4931192660550458,0.5206422018348624,4669.217889908256,0.5426605504587156,-2.3294528048917345,42.40825688073394,39.19595908045976,94.85034298850572,37.74284614942528,73.28913885057472,37.3886798275862,82.10916919540233,5868.0,1275.0,5862.0
464.0,159.0,12.185344827586206,2835.25,2871.586206896552,2863.271551724138,0.4547413793103448,0.2866379310344827,4564.726293103448,2.861422413793101,-2.104262649517073,38.125,36.37939680387928,109.12037959698284,34.26190134698274,107.94293706896552,35.62802031249998,109.7259881465518,23262.0,5545.0,23252.0
515.0,222.0,7.483495145631068,2027.2776699029123,2082.211650485437,2053.7650485436893,0.545631067961165,0.6135922330097088,5918.064077669903,0.0728155339805823,-1.6271562433655298,48.640776699029125,36.204569805825216,105.04658983689323,34.66701331844658,95.80611831456314,36.458120631067935,74.51740795922329,35197.0,7373.0,35190.0
776.0,322.0,11.132731958762887,2551.778350515464,2619.9188144329896,2623.813144329897,0.4201030927835051,0.5154639175257731,5341.216494845361,1.115077319587629,-3.5340943521264983,37.2680412371134,39.11030505154635,95.6690401198454,42.09496887242265,65.0341137912371,42.692527474226765,69.67291829896908,21393.0,6178.0,21238.0
1120.0,230.0,7.903571428571428,1813.1142857142856,1810.638392857143,1828.963392857143,0.6366071428571428,0.7348214285714286,4471.574107142857,1.1435714285714274,-3.0328982719078903,50.50892857142857,37.06571526339287,98.72034934196424,39.12798741071431,85.42779401785707,38.02243799107145,92.16537377946425,213931.0,42438.0,213159.0
504.0,161.0,6.716269841269841,1605.9424603174602,1630.279761904762,1631.906746031746,0.7420634920634921,0.6607142857142857,4324.277777777777,-2.6464285714285767,-2.301023801045703,70.6547619047619,21.946691587301576,110.67371150793647,21.35995150595237,110.26903926785712,21.303247204365075,109.78240454563488,181705.0,18239.0,181695.0
1286.0,264.0,8.972006220839813,2240.419906687403,2246.772161741835,2256.50933125972,0.5847589424572317,0.6283048211508554,4526.7511664074655,3.364930015552094,-2.5393201541971395,53.90357698289269,29.37243429626748,107.37827223872476,30.340871275272143,99.4072103413686,30.44929830870916,99.18484727760504,266025.0,37843.0,256113.0
260.0,150.0,12.326923076923077,3231.35,3265.9153846153845,3252.1961538461537,0.3692307692307692,0.3615384615384615,5906.369230769231,0.7265384615384612,-1.352637202505753,42.03846153846154,33.99016953076923,97.02165807692307,34.08757083846154,101.68750384615385,35.12358293461538,96.91150730769232,5661.0,1208.0,5547.0
1035.0,233.0,14.003864734299516,4085.194202898551,4083.395169082125,4103.156521739131,0.4666666666666667,0.3719806763285024,7270.621256038647,1.9553623188405795,-1.7015738297024223,33.86473429951691,31.6044392,99.0760362028986,26.479305032850256,115.1705788869566,28.775960551690822,111.11444790917876,110884.0,36123.0,108794.0
519.0,225.0,12.527938342967245,3322.5761078998075,3380.499036608863,3369.1098265895957,0.5105973025048169,0.558766859344894,5722.751445086706,-1.38150289017341,-1.925060390299263,48.80539499036609,29.767773246628117,108.73821624277458,28.906012784200364,105.48911784200386,28.78817796724468,107.77329294797688,16939.0,2649.0,16876.0
258.0,125.0,8.709302325581396,2248.116279069768,2240.872093023256,2275.186046511628,0.6356589147286822,0.5348837209302325,4976.612403100775,-0.8523255813953489,-2.7011591842740104,53.87596899224806,32.14725866279069,111.97920232558135,36.561238372093015,105.498092248062,34.65348739147287,108.25994353875966,10152.0,1293.0,10134.0
539.0,177.0,7.656771799628943,1942.6066790352504,1930.21706864564,1994.1465677179965,0.5584415584415584,0.6029684601113172,4492.753246753247,0.6315398886827459,-1.5148322209877072,49.90723562152134,33.58395681818182,86.90069467532466,36.59323076066789,85.75880654916512,34.6855019387755,85.60790599443412,37280.0,5979.0,37230.0
377.0,173.0,14.36604774535809,4428.992042440318,4455.042440318302,4450.183023872679,0.5596816976127321,0.506631299734748,7645.013262599469,1.6108753315649875,-1.4988823618846134,46.52519893899204,32.63872697612732,94.45138832891249,32.878513554376646,96.71729939257295,32.149918541114054,96.1166537692308,15058.0,2768.0,15008.0
634.0,254.0,11.698738170347005,3231.6577287066248,2715.2965299684543,3222.0552050473184,0.5031545741324921,0.4037854889589905,6486.903785488959,0.3809148264984228,-1.634204334089844,43.4384858044164,28.92996857570975,112.6851479495269,26.91796941955834,110.23641072555212,24.54057859936907,112.21386855993698,40541.0,7064.0,40427.0
1141.0,233.0,25.605609114811568,5116.213847502191,5151.350569675723,5135.358457493427,0.4382120946538124,0.6064855390008764,7575.722173531989,2.659333917616122,-2.376343166347277,45.15337423312884,38.84841706836114,79.73353006134964,37.24604762050837,93.02237195442596,37.01446313321652,94.6531964066608,275165.0,43983.0,275136.0
838.0,229.0,9.909307875894989,2351.1336515513126,2363.9570405727923,2384.2267303102626,0.5143198090692124,0.5071599045346062,4828.36754176611,-0.5787589498806681,-2.089785615276578,41.78997613365155,31.439796437947468,101.89570698806678,30.93188576014316,106.89913176968972,28.080327372315004,111.54126787708827,73171.0,18287.0,72959.0
340.0,221.0,7.302941176470588,1776.3382352941176,1788.5117647058823,1814.0382352941176,0.5294117647058824,0.6441176470588236,4590.947058823529,0.4758823529411761,-1.410817641464474,44.6764705882353,34.37076977941176,102.8636734205882,34.40372222058823,94.02367497941177,34.426297376470586,106.28196694117644,3939.0,938.0,3919.0
340.0,178.0,8.076470588235294,1913.8235294117649,1961.7470588235292,1942.5029411764704,0.4176470588235294,0.6235294117647059,4321.282352941176,0.4385294117647057,-2.116064852664426,41.294117647058826,32.86416438235293,107.646854117647,30.57260600588236,99.30684039117646,32.78331939705882,101.44931725588232,8629.0,1640.0,8629.0
447.0,180.0,10.069351230425056,2337.7919463087246,2374.8031319910515,2364.702460850112,0.5659955257270693,0.5369127516778524,4732.957494407159,0.6762863534675612,-3.1214949230496285,40.80536912751678,39.426581096196834,96.935618344519,30.658072136465314,72.93248784563757,38.28184627516777,75.19429672035793,19371.0,3932.0,18519.0
506.0,185.0,7.9980237154150196,1846.3379446640315,1920.2727272727277,1869.110671936759,0.5019762845849802,0.4802371541501976,3738.662055335969,-0.7784584980237145,-3.4871332977926603,44.78260869565217,36.3112369643564,106.7352674,37.59893250891087,86.00816984158413,36.84324884554453,99.9376716237624,20101.0,3504.0,20099.0
377.0,190.0,8.111405835543767,2033.549071618037,2091.888594164456,2079.26525198939,0.5623342175066313,0.6551724137931034,4462.437665782493,2.441644562334218,-1.4144112359614276,45.0132625994695,34.33439195490715,102.00385393368698,32.91714573474801,94.91562634748011,34.75567538992042,98.56874958355438,7479.0,1566.0,7299.0
464.0,219.0,8.109913793103448,2076.112068965517,2126.058189655173,2116.032327586207,0.4784482758620689,0.5129310344827587,4419.446120689655,0.2321120689655174,-1.5111976733560657,42.39224137931034,35.58957810775859,98.7800367952586,32.578614056034475,103.17892485344828,35.4781902952586,96.85729879956897,14349.0,2401.0,14329.0
798.0,290.0,9.75438596491228,2172.6077694235587,2211.0889724310778,2188.4761904761904,0.5413533834586466,0.4398496240601504,4943.382205513784,-0.8362155388471157,-2.76906401108279,48.48370927318296,34.80796560275686,96.71238203508771,33.7497751691729,98.95531625939854,34.9483782230576,97.9397138922306,73027.0,11970.0,72707.0
4218.0,913.0,11.760550023707918,2439.7271218587007,2475.7439544807967,2458.866287339972,0.6211474632527264,0.5324798482693219,5053.690137505927,0.6930298719772436,-3.203018310626666,49.7724039829303,35.708005697724126,101.22775441654802,34.71222069677577,99.54982068018022,35.57969810146999,99.7670112681364,1245680.0,186472.0,1243517.0
1150.0,380.0,6.98,1490.222608695652,1534.6278260869565,1473.455652173913,0.4365217391304348,0.6078260869565217,3340.3739130434783,-0.8246956521739102,-1.3007548462987284,42.45217391304348,34.28972310008701,108.7953769364665,29.573506078328965,109.11105526544824,33.54531389643168,93.19569390774583,186944.0,38897.0,186937.0
1598.0,367.0,4.890488110137672,1081.4261576971214,1111.7252816020025,1103.075093867334,0.5,0.7897371714643304,3068.582603254068,0.8313516896120144,-2.87356004079248,44.81226533166458,36.74254026908637,76.98339926783481,35.71305844180224,76.44961326533165,36.44871392678348,77.61670627596997,570437.0,116894.0,569946.0
775.0,222.0,6.95483870967742,1513.4541935483871,1542.236129032258,1515.9032258064517,0.4335483870967742,0.8090322580645162,3334.8645161290324,-2.9367741935483878,-1.7082078551436166,39.76774193548387,35.68021324129037,109.72609939741926,33.333173227096815,109.51072593935471,34.81765103483875,108.53687539741924,44763.0,11568.0,44753.0
903.0,323.0,12.235880398671096,2658.626799557032,2684.5271317829456,2648.7419712070878,0.5049833887043189,0.292358803986711,4002.72203765227,0.5027685492801773,-1.989650751013116,46.69988925802879,40.33908949833892,92.05262827574748,35.573909459579205,110.82264200775184,37.79710416057588,106.3360858250276,114854.0,21067.0,114537.0
1764.0,276.0,12.052154195011338,2120.8662131519272,2184.655328798186,2165.171768707483,0.405328798185941,0.209750566893424,3259.1950113378684,0.4870181405895695,-1.1044977124168405,40.54421768707483,45.16350501700678,67.16234514285692,39.89170447675727,92.03090717573691,41.15964903174597,88.38817866213104,772345.0,146150.0,772343.0
500.0,162.0,9.978,2293.582,2326.794,2270.082,0.516,0.256,3906.026,-1.4922,-2.4094654866981253,42.0,41.71273495000005,91.99230084,38.04572014999999,105.79456779999992,38.88507715,108.09174099999994,90905.0,22387.0,90901.0
258.07992100145185,359.44082723798925,9.254636545362526,2512.895434467149,2706.295297305291,2410.587019740788,0.3354738764423625,0.6351763646227384,3933.8356616387805,1.3171874421596477,-0.8556841459016647,63.09333086131593,43.35160562581018,122.85019692536027,39.34580478655898,71.56130334919031,24.735946287043816,120.65210402780099,-17245.83778803877,-2141.1485862092914,10803.12843889938
182.05945155442203,283.61266886509253,9.732932467961303,2448.6926407738906,2642.698706891913,2353.3147251877863,0.23891602402096807,0.49993127172127344,4124.577456520057,1.411066268888501,-0.7372571988685491,51.71354349611086,44.300481074406434,116.34570396522014,40.38313912045715,67.84437806493477,25.61390087890987,116.66950565361773,-20983.876682555765,-2384.3264594405996,7909.2562871045275
173.06778312520345,272.238445109158,10.020965862409307,2501.8217812650705,2697.155780260633,2381.6898612440036,0.2684841735242275,0.45765590976515735,4692.55714659857,-0.9295780338988063,-1.952455506660335,54.10426945629519,43.241611009591146,116.19071241167116,41.20037958993109,75.78088635650238,25.26832425551577,124.62886361994833,-20352.004089140362,-2371.2441055009403,8513.336792697812
185.32914916504697,297.5144979001236,11.786331828380947,3464.34944258703,3714.903069399001,3336.2831280694754,0.31440827536179217,0.3783085797962459,6163.633004690774,0.5196517378089219,-0.7094083247215414,58.60866181672941,46.207218306805615,115.84600526678511,40.23681296022829,74.73604595496006,26.41745126188254,115.34577686192249,-20729.570669600078,-2447.4295784436604,8211.29653990117
328.378419629888,361.96843251708583,9.110541414243933,2504.266306305309,2673.2387831869087,2383.264410669891,0.3699802977534671,0.4267649645100849,4279.833608052098,-0.1995821395243782,-0.0007238525139156016,54.92431793505969,44.76656600250935,119.31586509013505,42.06946164834122,82.78466699582806,24.39413758739129,137.579292490874,-9480.422035284793,-496.61974097098164,16987.810777414405
522.9254274620718,354.38561667979616,9.930295705653618,2945.740610029599,3087.187697838505,2782.4291468234296,0.281623722469349,0.3803083671018963,4401.01845644515,1.383979680789035,-0.7742770461382354,56.81930238537426,38.54543166098102,132.04529201072648,41.637248756113465,87.03708522345232,25.61561783524372,137.04572761865168,32481.367582061306,3856.725920008484,48958.1592921833
288.3246238997325,254.5452081554821,6.7224880575506685,1264.4056657562242,1302.2414526800087,1165.413917074685,0.2676913986569905,0.9120049472491341,3841.1153989984887,4.670887073878271,-1.5661363682376033,50.13134850949885,37.27067377482605,89.5079021114897,23.890568086445395,7.99371807633584,17.854713278650824,47.80550188458794,19199.068323758467,4489.296210502584,39634.70729960587
218.02612527129634,260.8642213532235,8.715416148039582,2011.9487477646321,2182.185307301323,1908.364266347723,0.32513018149076295,0.652068371884974,4109.820107940637,2.525953545101418,-0.5188124721867298,63.75310400935983,44.67477211514796,92.54772873596218,34.68435678712782,83.32416976876769,20.335704435080523,115.50637453438391,-15347.625048476688,-1717.126408517991,12426.594797681333
410.9382842981677,288.6678794232856,14.331042281769333,3625.704393729071,3858.4947765506627,3473.509293569318,0.40142866814855865,0.2775135693464093,4884.160943506805,0.990446204728533,-1.1529363336795138,83.48977845352323,45.5128734124865,123.06426093894257,28.487043078311885,84.94908697397919,21.154695294192678,134.58104751402834,134473.64853318656,7161.944165351741,130289.64020149529
370.067064165356,293.7230899814787,10.626737326044463,3022.8383960340207,3200.5730044742277,2876.47839132794,0.28832376277340277,0.5819462344589932,4191.427453911913,0.2132086185408827,-1.9159341367671394,58.41909127042332,37.51887588094792,133.93959576372066,34.60526347034473,85.73320619690166,21.036217405472176,135.51555636549983,30018.75119129655,3082.5583868733697,48143.875097143704
1370.594533016587,480.7658806346241,6.064373340520868,1688.1968505625728,1830.7650738399009,1524.6555257809907,0.42567898002523685,0.8970652399429663,4171.830466167781,-3.556322756061178,-1.210397580691811,88.2499891711736,48.35107889812647,78.62864303500804,43.23612373393207,42.56234533732832,28.51441095992708,101.736891492828,1351061.9371962661,95079.97994125063,1087051.1204353124
380.693581399887,298.7783005396719,12.020434706477184,3839.692048427098,4109.118112288121,3725.05486407442,0.31218101949925225,0.34742446213161216,6019.378067189255,0.8238228926560943,-0.40231710799327036,45.37691631958037,43.84474905790748,128.8153781072801,42.6219702375314,74.7032812444607,26.08175267783149,123.82255249596727,-3805.2460114675996,1242.5637827719197,21510.25131928845
897.3058038786272,537.6369994142966,9.306380824175662,2281.6857058617284,2453.074323450549,2182.8272026952445,0.34338868559423275,0.546278360026729,3897.378095765166,-3.4950045144233077,-2.0955487883256803,65.88469107022625,43.290577841121966,128.8714175027437,39.659755792262466,77.80392640123613,24.391985835477264,126.14060573254527,71172.21098174779,8320.886814359179,80345.85583280731
717.4724352942557,494.66770966965515,10.866460748775383,2617.7907796172863,2792.008714963,2485.4615351940656,0.2834302741792389,0.5536276123993112,3407.5043381224696,4.251301869902183,-1.3771932608955528,55.04156443700145,45.748740187730455,124.5095457940803,43.57020360112109,79.18123124273635,28.65174738014759,118.50032439295104,22328.58925870293,3580.4573868121556,41686.74428735603
694.584552019881,415.0481433781136,10.38775493152973,2353.726399633211,2502.7955573096065,2203.8375714150297,0.19889502024095523,0.7223772483315876,3549.620556635527,0.9354170676780068,-1.8405360740506627,47.838584615908644,50.160692335165244,126.26067238122124,40.72616427345526,92.85139629473916,26.84512538187026,146.23832591869905,58625.582689495335,16254.949703646485,69772.40617240594
583.4148332586332,344.2751955634099,8.778809567923522,1889.263508199662,2089.275911306496,1818.8613492684674,0.23253328164676657,0.28991593601915816,4874.48853503325,-2.989335056520501,-0.5738688170071274,56.22834260074346,43.94434180891012,129.27072292540421,35.705892983721064,85.19430884018074,23.751402583216496,133.5622885650001,141581.24209936638,22713.784798679302,135878.40528449262
388.8678254264494,308.8887216560581,7.709752070638418,1712.4974056874908,1896.7570331838683,1644.8094871632663,0.2082544506185054,0.6081868879072448,3585.7061744116677,-2.5661543727977003,-0.9282896212023811,53.246182290458194,41.245245336544095,137.7252540928449,37.3068741317549,90.8859502633336,23.396404670762617,140.9719982105838,31762.56385156411,4299.217303261656,48697.95569602403
208.21703243942153,269.71083983006145,11.823726279876897,3746.3715732798787,3857.980586912289,3529.122576534204,0.3266156672537054,0.4966089948907219,5474.5435327851865,1.9135641709959612,-0.3118264557962891,75.80140233703334,42.864517535969945,129.53988637800092,41.20060800714439,73.38267286104458,25.019226591689417,123.36077276478154,-14321.318639048384,-1991.8558412508296,12910.26736465974
253.99279898817068,281.08506358599595,11.690225032550059,3422.122941338904,3620.0141445138565,3269.2966133733644,0.25410790271657135,0.7175905815944057,4943.82539757068,-1.5609571583969775,-0.8328876826856734,56.409842136659556,43.35905412940877,124.71745302818938,38.17363301940618,69.54064814019819,23.877567604192073,99.60681272563953,-13058.870931875515,-1186.9062988459295,14257.20362713125
367.61479095738724,364.4960377961824,11.106798999268245,2490.656837502355,2713.366273561744,2377.2684380275546,0.25475083535524445,0.5381578328204246,4437.362172017592,-0.7277454939743935,-1.5955970944020819,51.47631464389192,43.64164285185498,113.40272336210381,39.35411497319271,72.95382308131809,24.069507180480016,115.94794487595824,-9947.514712142176,-810.5962355227973,16542.913648295027
880.1398914228463,412.520538099017,15.336009151178557,4067.9992655821284,4323.7600893444815,3923.417383297908,0.2743482267000428,0.16179127053831116,5872.971434869174,2.1392767474342618,-2.915512921488472,60.73600820933113,43.003580519873665,96.12381784360016,36.316513315058856,73.6417740233991,24.1771638557091,97.2142519358974,417162.029006248,42250.35653198065,352613.7151975317
628.3731754047261,463.0726436809482,10.713324174307807,2757.2950892277813,2948.6000995911736,2650.349396160613,0.36982815574268346,0.6843474815230923,4458.726864768907,0.563712158354263,-1.1374322514144661,69.95154990693068,45.15857700638972,127.21371671955278,40.215104683621306,69.9674062287524,21.271187307466104,112.94010096921747,225438.6498715038,15196.04858476585,201810.9353324731
773.0572946748796,475.710670076431,14.674107207169452,3417.9541551729135,3514.4292432343786,3320.6570372512842,0.22506205591626566,0.3244031102092919,5286.098526202334,-0.970505553188412,-1.2821894705240338,46.69219880868275,40.50084797638106,119.84287339095557,36.6306333251666,70.48483521576784,26.717151335611838,114.21427930726199,87855.20442350395,15202.97453685155,93317.26020291176
443.63526040441707,353.1218140402479,9.753464379989165,2434.471561063741,2622.753273566173,2264.476885546913,0.35208507533587174,0.6704153779666502,3844.3373869054967,2.8644974781430146,-1.6768023599773492,62.59775004872634,42.16901287886126,122.65150636075488,48.150969557074625,62.27948395408796,24.137353992596612,71.73287335916727,48136.75713473123,475.3222017225071,62354.05266621815
347.99660529363763,402.41011698263077,8.54542200956777,2078.1149786957367,2214.907929566038,1935.9451248288635,0.3828249303799445,0.5797523951788047,4726.344976999621,1.7045750478904302,-0.667421174195011,76.50384534020988,43.95877251598081,119.64209973295482,42.75887260258423,71.68616143453661,25.178553130240232,118.0680131841819,14020.827008931214,-618.9782278183802,31325.539128919867
485.32390493988504,452.96222256456196,7.544567810881194,1857.2508497266817,2034.8307538605181,1773.2144418986873,0.3318993738404073,0.7435254838214862,3548.698887268129,-0.12900065892866547,-0.977033710873728,60.11566639488206,42.884396998595896,119.0264401920807,40.31867354472141,64.88995483833533,25.162459874456772,112.46138448532804,-3482.1735766412457,-415.8169666377935,21651.06738309229
635.7299950286322,507.305736065138,11.579886138971867,2823.515540935349,2982.589867524114,2739.6331524570874,0.307938764337519,0.3735385849006319,4180.014292148001,-1.4130158669981008,-1.0618321221927403,67.19852512144084,41.9929003548019,135.84876383265504,37.967317382433436,73.13240327429855,24.805709384208537,116.10487187776519,62778.815074552214,5093.393142422132,73869.33730409012
1073.0520504497176,489.61249911146206,12.570456711442574,2995.4110198293147,3234.0811369525695,2896.195652917146,0.2940023240609222,0.367057168658885,4806.290412091229,-2.0256106566209544,-0.7186062436914632,64.5612482862176,42.965859523030126,136.71485174170306,40.81722145385766,73.01156459702523,25.249997028153192,124.06285473918989,455907.3665515679,38464.16939179699,381956.51759422163
1140.8982758701852,717.0969742301522,10.332137884238685,2479.7081279477197,2687.542998399534,2296.3111186556657,0.3257285021452815,0.5284897221419846,4555.577292817075,-2.2642406152206207,-0.9154471087230017,59.43615104100323,42.97490454367181,133.81225504110327,38.408027235726806,80.77957478072331,23.86140324435922,128.45161829573848,107658.63644259902,11203.621982474624,105459.07428408487
1753.966577862361,987.550739093484,10.227431060626333,2385.032401395899,2587.3555357126716,2282.2692295312977,0.2969045331927917,0.5711190183287208,3786.222389080233,-3.1049579650250747,-1.362590273971112,59.08052469949475,40.95666845616997,134.37619567947672,37.3972361332305,86.117710815117,24.171043195979593,132.11721534797704,429024.88551876764,39020.55420934837,361539.2087489243
956.1603608698761,643.796421136352,13.279787222491835,3106.0375345216653,3313.1848038180806,2972.0125953345455,0.2761599371517134,0.6648109274358405,5020.89572164315,-0.8818812838171157,-1.4573061461169856,64.01438829946035,46.41450443232857,122.46400491567316,43.58118880783042,74.34301550394696,25.869308265419438,128.64433506320748,144190.47369147805,10153.185916143182,137785.54458340115
2028.6211771548558,846.0048434640768,11.143753146528304,3149.68882984257,3363.4635456557353,3031.521972055161,0.2359671079529671,0.3406069866416648,5058.250448596106,0.6674146746649883,-1.924501102709336,55.80896890992269,37.136228591913955,136.76661378489212,37.046144008207435,88.20956346878475,21.047938852058984,140.7812196690498,592002.6028319139,83019.58870934852,489287.9499942716
845.8080665112844,551.5388284493278,13.541461186004632,3847.5881865247993,3971.15081094389,3709.8561778473977,0.20729692396325705,0.4212735695384453,5759.738678450329,-0.2082651898804977,-0.7990402093415675,54.39683572923425,42.89178389615568,105.6653089784458,38.305175902082595,75.15319995719913,23.731219996838423,122.20383971274057,31743.101656695057,6059.178683261662,49496.9337971719
356.1708493202,397.3549064244377,8.949333553378084,2211.2599940838477,2413.869181308585,2117.6735097366736,0.24747314653972075,0.5966315131458209,3945.8561286464283,1.4855203463814166,-0.3854676326687777,58.30535353267826,43.411994077274215,126.28742031928975,37.38794222329005,76.39726496161957,23.46236291192272,130.50825364238943,-12739.690936022971,-1415.4627176740894,14516.38681703107
484.5064805372288,523.7351703792656,10.828922633526826,2784.7477557400325,2820.4480343587575,2655.9905525480494,0.3046612005779576,0.5317567836626953,5031.602723315734,1.4211614065681268,-1.384542612962076,63.77527690810178,43.11055427758902,118.87868996514763,38.93294737584456,73.23250506089327,24.547944354360453,125.07945568147792,-3937.588936577191,-936.0329232971746,21156.170347259955
752.6216846084737,394.8273011453411,9.761747568671698,2773.7695055308345,2992.118324099559,2666.6380362636855,0.3393769605279276,0.6789797963996009,3829.6781807870157,-3.2961576798193764,-1.5660814602604263,70.22393639974118,44.68136959046531,90.57519075294732,40.912692678449176,82.3685574410237,26.01358958214421,126.59805705509199,221215.3535849183,22553.718350476414,198384.41111324634
1170.3255543658095,680.4466976832522,7.133697032555691,1551.7969900588275,1713.1363657333454,1471.0518751429065,0.3005227270937703,0.8559433980093728,3456.9768604085334,-0.32194999259671164,-1.6023798811453704,63.414055319300545,41.5856928687094,132.22447953930634,40.16748817118669,82.39058752562447,25.013874318051794,128.11975739848342,220497.84733407904,23698.80909531245,197799.71832658257
616.1118093648826,556.5940390075208,9.371401718519742,2410.7570912656515,2605.2570606503937,2303.896225331347,0.2897389181599586,0.5301938061841825,4217.4252945256685,-1.0222144010529643,-1.1597753947238894,57.527179748783034,45.0258588372595,121.34331442391274,40.022175691528574,63.82133801454267,25.557160148467005,116.20503190878092,7507.479126086608,1344.144413362213,30279.62271298555
607.9375653383202,413.7843407385653,9.248490696952352,1922.6300346167568,2074.921720371453,1814.8148213263394,0.2698114597045039,0.41717638896073755,3458.1852224848667,-1.1025215900941956,0.6254376009529117,57.786997064069666,45.26716726549654,134.90669272497706,36.87169386892165,82.40695735990684,24.91744727215346,129.63708404621224,102175.48740815654,18460.48066782664,104841.72849711876
1167.0558567551845,576.8148812402933,10.189163157568379,2356.4907239667436,2584.017105151459,2279.8029806027776,0.41884215400471736,0.5840322270687407,4593.63032486628,1.3429282331086685,-1.0402571025170926,63.297916175141914,41.369242145509354,133.4662734660851,38.57901826006802,71.72223238117874,23.522468508262435,129.9389614042591,435261.87023447163,45500.93671087003,365093.28375058214
402.7640402716053,387.2444853080514,10.56778897114338,2802.990447551218,2983.972098898192,2695.9278771331687,0.35145629028957537,0.3815902820414159,4646.853561916158,4.441956232347447,-1.9145268143805287,59.98954483295611,45.107357493655876,120.88764361835503,44.74913658664565,73.79864371334277,27.599702154412718,121.39177837828986,-6518.275976214229,-638.2169836119965,19204.13317293571
356.1708493202,407.4653275408239,9.489517149736594,2515.9820978590215,2711.216013776007,2420.4963964524827,0.2906207912400471,0.6525750823032914,4361.3766094823595,-0.3761016398677295,-0.4590579861005821,56.420691018803296,45.828182824205285,119.16425782195665,42.71694100532747,76.22114935421529,26.200502594655816,124.02090740289655,-12964.154916846102,-1573.220515181742,14194.958845304915
638.1822682366009,445.3794067272723,6.644975885507986,1380.560969003598,1564.3970716069102,1307.8168992558858,0.3874540185573117,0.8155105760136023,3294.765444100519,-0.8700309316949776,-1.0119103496584438,77.974235844522,43.333852014902924,124.37231355096706,38.478257163180814,83.59500119405824,24.10090109139722,129.14088388906146,214961.50163366113,7787.588503760138,114775.38343284615
527.012549475353,474.4468674368827,8.74621087652557,2238.269178851117,2381.312411346302,2088.426409244221,0.2665936366466767,0.5504744687783898,4111.308778077021,0.8488407450410866,-1.142858748564131,51.82526955388168,42.80462748372549,112.6248973538446,38.25930821726585,80.53270308585154,23.34203388926589,127.88827571760825,2618.575774979341,1194.8516684037518,26579.629616226684
720.7421329048806,571.7596706821001,11.071677654204473,3012.6072603581724,3207.1175122532422,2861.6670786294735,0.25747237022511854,0.45825188437634656,4951.92350113445,1.8799866503129745,-0.36550698223568157,55.211039065757625,42.703244489857376,131.74241779357436,37.93341686921516,82.12841308071832,25.613537119639414,112.57626520131343,20471.895868194835,3241.855284844511,39914.29861469466
903.845199099877,599.5633287521623,9.645616229606418,2731.023130060887,2884.32033353098,2580.5453348661,0.35809571948810287,0.6128117364834854,4219.679525048421,-1.1077914438096286,-1.6795633528178966,67.99187513624882,42.889819334202166,99.85138936498755,38.014431884106024,60.7857736761278,24.131462982045225,68.11699365873764,143919.3004429692,16335.752477979673,137464.11661167498
849.0777641219094,564.1768548448105,9.034900759025149,1920.1115786964403,2085.9676171475785,1834.000797079449,0.3441576269862296,0.5191643023592164,3121.211358431404,0.3025232002157852,-1.8191857457419114,71.57985599500907,41.90866076262639,125.90630646810456,37.3611330299998,72.8721809484699,24.490833967877798,117.8032346670583,182598.46652573423,12685.00617858307,168001.8147381787
890.7664086573774,643.796421136352,6.683777906311473,1298.098609022454,1448.0568447463763,1222.405243606104,0.3048587549222607,0.7793544089397372,3463.234446570145,1.3016495326375792,-0.543881274868712,63.51684648092456,41.18165598353688,121.6665959234753,38.81174011857723,75.04148200245388,23.490854479588183,124.01646938295853,164062.67213244378,14445.737108814821,151291.64183345638
719.9247085022243,511.0971439837828,9.936637162466631,2340.729807042444,2509.0780988528118,2217.7892757314225,0.29522136614306077,0.4806456586345926,3548.454257993603,2.324888074571859,-1.655534512347106,68.06926527113578,44.472116918604755,131.3023542964502,36.135712798535224,87.29041737996057,21.145631505868568,137.2812640361157,70344.41895998387,8540.978180638147,79774.42832751636
674.9663663561314,509.8333413442345,14.541351919204129,4548.712245832012,4816.0449478276605,4393.777100515,0.3018621560372672,0.41220718071319684,6540.071906039024,1.59388286547613,-0.7014049109260504,51.31895342310462,45.14278983016902,128.31956574725962,33.96469954823655,71.36119708580293,22.178041081565812,124.91998446811901,22091.15048130043,5661.321213449679,41754.09110047961
524.5602762673842,417.5757486572101,11.819245431136348,3392.8354255875315,3633.703066677679,3282.567201774787,0.3085475724353632,0.7258257253089427,6859.9791293068965,3.2053516765333043,0.12189873207749025,56.69830848617842,47.05243079961029,114.8855414982543,45.781315591823535,62.73546743587145,28.76784881686617,96.74335124254829,54969.28501342838,10002.35407072123,65500.98557035613
442.81783600176084,485.8210911928172,8.529411760547555,2202.9020724273623,2309.740562343676,2077.369054964743,0.3132321479037673,0.6141296520702628,4819.138358914938,-0.7132733177644662,-0.08512108573912947,67.90545373971815,42.7049517307513,128.5794753499319,38.16145717015219,83.99337331870308,23.873063966174442,136.40328766433964,-2849.003503567903,-792.1270299609257,21996.9851050452
375.7890349839496,385.98068266850316,9.589576188861823,2645.248307901629,2741.172844198445,2520.142380656572,0.384751074946897,0.5689195284238542,4465.600076896385,0.22901072525519764,0.4456316294936161,68.47043701660485,43.5957654948724,126.25135513957702,36.808437347961245,78.20391337494435,23.834994735927914,127.91862349719236,-242.36687077212628,-638.2169836119965,24336.77665795973
359.4405469308249,418.83955129675843,10.051905265936643,2824.2935704792694,3040.241341771613,2719.345363279061,0.23873144532746282,0.4562717389818797,4345.53269748597,-0.4720770937665601,-0.7125813090378105,55.785522658925686,42.81294429665528,129.0352569425781,38.4619619399351,73.28005758480703,23.90980939061466,125.97989183018439,-12148.04021200362,-1351.5900484392837,14712.30481884511
340.6397856697315,394.8273011453411,9.796063074963604,2636.5652988756406,2800.4046564365062,2510.0609892155317,0.3207239186980353,0.6440000262089307,4681.693512335938,-1.0909629280108273,-1.3105596080198314,60.4750389801584,44.08346474392383,125.06811378430194,38.84835834884908,80.36228568807124,24.015712208465384,129.87549010682963,-13363.778651490751,-1564.755462632551,14025.57140623653
381.51100580254325,391.03589322669626,6.898607744281154,1500.8283660391194,1661.0495664714279,1415.109844593081,0.29045353478599656,0.7688397960361345,3076.1173623204068,1.7439802885216535,-0.6034411949044362,61.599983060219294,41.81246592807475,121.24481183739682,39.474089945108965,73.5260453210505,23.753147305928824,116.89972164211574,-10306.916577390772,-1213.0710067252473,14999.038977750031
814.7459392103475,359.44082723798925,12.84555140796393,3329.8969654962084,3330.430369250037,3211.5401529899154,0.24244669904115967,0.16127183443598878,4291.661721029645,2.5696718773631084,-0.5781961858872089,39.24845118531001,52.7224409695719,110.0665082844743,43.417494988795774,90.88615880162708,28.020892227179363,136.63525213122065,134673.4604005089,50363.724625264455,130441.68073415307
785.3186607147231,468.1278542391413,8.705972137921522,2092.0407179738104,2189.055963862333,2002.4131353990676,0.27265963221068173,0.6919406196763872,3494.212009859458,1.2391610178631531,-1.8170490094165666,56.048621431605675,44.88415532508839,111.23994209999269,41.57918645850751,66.14323585678024,26.598295852571006,100.52843742951336,105534.66224255587,18725.975497778545,106671.31692030923
435.4610163778547,464.33644632049646,9.191867792319924,2267.4844652634747,2413.555121206819,2174.502319851733,0.2752892002324558,0.6400200696824387,4092.6549344806313,0.7281701637497121,-1.263305120605481,60.58753700015072,44.29523621114877,123.92698161886413,41.48523439929819,67.68220832510592,24.17000880844699,119.7605176787421,-4809.495266710972,-885.242608002028,20745.967030961812
545.8133107364464,345.5389982029582,11.262167160887094,2984.67766114706,3162.1405349136485,2845.419198726644,0.4847730106736438,0.5788886450056525,4466.335239596113,-0.16491038252543921,-0.42410910911603206,89.90849601740774,44.44995323887744,131.81656484087156,39.95389920465724,86.03489397237055,24.623469150997046,136.51905622715222,159034.93845793724,8451.710353755769,149564.09403621074
898.1232282812834,500.98672286739657,12.302621282803596,2593.3120462392376,2775.1624532858505,2455.9109095487065,0.35469990827911385,0.45071084173161335,4987.910923143138,-1.2694533011908682,-1.6131974187217137,76.9454954587849,43.82656957643059,124.4061557961329,40.937269255244466,81.15965345378586,25.12308035761272,130.76007374948068,239900.35813887152,19280.051664634688,212836.42496580997
431.3738943645736,373.34265627302034,6.180924011218055,1334.5576870429388,1506.2467342720959,1257.285938883531,0.35902328680260304,0.8606871389965617,3765.4497600772397,-1.9297638619881679,-2.6005271452098233,75.94343343525766,25.062083584850775,143.7704045360517,22.583635206681564,92.37707790563714,13.32917566717139,148.98691170214596,92397.680705942,7080.371840786807,96506.02976368711
393.77237184238675,370.81505099392376,8.67025562332868,2123.2260533080394,2274.951279443752,2033.9516470725823,0.4155962644539547,0.7467273559771247,3730.0145246625193,-1.4534129563891085,-1.1774529857085216,79.9409604329751,41.81061123466425,132.93552988367182,37.025440986192365,87.22869256635235,23.643358220256616,136.9757473924564,95645.27228975874,4780.186198102059,99756.02370002936
505.7595150062909,434.0051829713378,11.394650984431683,2540.868882393323,2705.685839819661,2421.822679902248,0.3082590163682917,0.5305772850122439,3542.3919369756113,2.204724009837339,-0.6110194509675081,58.59380933446518,44.347007889719556,114.706397067792,42.19367267183196,69.10130452701017,25.260245284168043,112.41095608563168,16196.700395291853,2503.856612601395,36785.733023226734
388.8678254264494,368.28744571482724,9.627089399246765,2612.565257735074,2811.705878092108,2486.9858287960096,0.25752559206465325,0.6508528870263484,4705.174144169399,-0.7781990960844349,-1.6378291348422986,58.087469736048476,42.09937002274723,128.6654901252852,34.07121597434616,85.38206553368016,24.141325383500988,115.45664766043302,-2472.734402766124,495.33050774786807,22450.045484240163
844.9906421086282,425.1585644944998,12.561510855394156,3387.645857403015,3602.212434432081,3185.3660320470613,0.14228046488830987,0.5149799280189994,6240.807680969341,0.1354502585061903,-2.484063758366777,47.536641076523985,45.81221460238637,135.69731838002104,41.76639376799586,88.4475775443512,26.34311134084112,143.31656134687705,80751.50329629793,12173.255274472878,87497.88330527915
679.0534883694127,379.66166947076175,6.8650625964117395,1625.9237183896132,1779.4933102124614,1544.747782277423,0.2727206716297593,0.8535916918905998,3664.3537339146296,3.945165098665841,-0.6518426388987287,59.157003688615546,41.343860153768134,135.85345160778266,35.66091412285712,86.34932379928885,22.60027776779571,141.11051029131528,49654.808334517715,7843.765670677498,63555.07083358858
346.36175648832517,326.581958609734,10.297160215150031,2495.2735043940806,2705.524750428511,2393.8518475017,0.34260371802487205,0.43098535930774184,4024.315371238352,-0.29979975131581404,-1.4631682954381011,61.34402640695522,41.09459391267799,125.74637360643459,37.5897298776109,82.62701995902746,23.094305254929022,132.17591990742497,-9861.881054718322,-995.2882911415124,16767.403025373613
885.8618622414399,550.2750258097794,11.69772140489516,2722.0605541077057,2898.713562329568,2592.791444707466,0.3230360591999483,0.47502101274965486,3859.456737720718,-1.7218441011743595,-1.1885280538625747,65.81611217676765,43.589202497526394,125.40139189553392,37.75676712301115,76.80602186879361,24.399185964396807,126.81185452792916,135200.23714163137,12503.392323891332,130292.70142027365
387.2329766211369,337.95618236566855,9.881660917701117,2539.5443984495723,2760.881207422339,2462.206053216964,0.39388885083087527,0.3619727306683892,4270.788684286955,-2.2033920283181434,-0.640831993688933,69.51897368955471,41.00248396264804,129.5137409883965,37.668645863210145,85.07655066741526,23.254710159947226,133.42907113150122,27469.203663450004,2441.523043830079,45901.022138876746
289.14204830238873,311.41632693515464,7.885574513503876,1965.6384100380158,2100.0784820617796,1864.9580777881763,0.28330320911263784,0.7367146782999748,4061.2024622496237,0.20212234495039133,-2.166893140001383,62.86689491635078,41.70766952008582,124.68995511721546,39.055490737865355,74.01086576370383,23.931328240075363,123.62696792056387,-6149.79175336007,-1143.0419356364846,19688.826146173567
452.62692883363565,396.0911037848894,9.381636116166987,2656.2418568923254,2829.874982577913,2539.9397546829546,0.3631414211598922,0.7364611093624381,3910.9304324547056,0.7504674844773583,-1.358867384160244,55.437471936954175,42.834221899798145,90.72838410011288,38.819496785090216,57.347649440021556,24.28824496314053,93.97511678105765,13203.414824430794,-1924.9049710890454,34892.87941195048
233.5571889217648,311.41632693515464,8.43213649303483,2230.920284333085,2424.425957297851,2136.6916481459457,0.33694317902869164,0.6364941373228038,4177.782566569412,-0.5381476954817791,0.2917899466556378,66.7305418056605,44.496024270483616,120.80345299390709,34.2859690055008,70.09289098422678,22.59936770041237,115.76312003073028,-14137.076527621306,-1995.703592409553,13061.28749105806
262.9844674173892,292.45928734193046,6.715808470562404,1768.8357363417347,1916.6715349752944,1677.903906342291,0.4013872569103532,0.7589005792400043,4343.338006119055,1.8019813284292374,-3.802722990707126,83.70146646206952,45.44966329612787,124.91799925264202,37.389288347133466,54.606266750288924,23.045765365473542,89.51177982484963,95193.7493687966,4203.79307452532,96270.31591775459
406.8511622848865,394.8273011453411,8.756710504715715,2369.0608145636847,2417.253958165168,2256.052930758523,0.335535058164407,0.7447228682721341,4166.199272696642,2.5059852322949894,0.15512555724805316,62.076368840709655,41.54136295443712,123.4474229629298,38.24517550974988,77.92523308330004,23.68695034275607,121.0143342261163,-2627.1344820606464,-745.1844658245022,21292.904786026003
356.1708493202,294.98689262102704,12.719125459880024,3856.9079274567307,4029.576531301205,3694.361012645624,0.2906207912400471,0.2963028787215057,4764.5776077558185,-1.9778571329001822,-1.2406439872681974,62.65721061017132,47.22353764598297,137.84453213743254,45.821799052022975,64.18245544542918,26.341840309421087,141.97486216268393,91262.38600524697,6387.776632216626,96298.88729301914
1032.998254719562,574.2872759611968,13.152888222171862,3863.7593097456347,4076.2287120384694,3701.1112044914435,0.2815752023596945,0.38533448904298295,4278.604291877618,0.28510096691696013,-2.714423320061273,61.45889773906307,45.80721767045632,97.55492958204657,42.28602444549304,49.93073278837382,26.337026365798156,85.21254346228562,132762.27286436743,13296.798612820063,127828.42030370644
449.35723122301073,463.0726436809482,7.558315788994651,1739.5134493235475,1936.0400796173496,1678.6264766187826,0.3144661370540042,0.6675808716207359,3607.9127968577745,1.3369852072405746,-1.109824417831463,70.64173920126476,44.204578669795126,123.21343565670244,37.397790878555135,68.7415234688306,23.105199045160035,113.64055520396245,-4884.7490868713285,-883.7035075385386,20205.151713454314
280.15037987317015,368.28744571482724,13.503772051633769,3434.17712249753,3675.873561333029,3340.1205861868357,0.3086650550255264,0.3533088596643865,4770.864247602991,1.5976695856382022,-0.7040071910717794,56.554224745184705,43.60843535042218,128.53888059497513,37.887529646877624,75.50127307800359,24.775792026046446,126.94343021384682,-18106.066801251116,-2154.23094014895,10111.29299499356
361.0753957361374,380.92547211031,7.9998481603417755,1983.4286127773073,2142.552311737699,1873.2485645608383,0.3240133162689952,0.677081536484823,3696.037602094825,-0.3255677875372153,-0.5924386030717722,65.86456354287488,40.91504599383824,128.31235563579276,38.17188510239373,80.91749152438156,22.686749861826037,129.77922820353643,1559.832374102607,2.048809199549396,25717.38632699303
552.3527059576962,355.6494193193444,5.890179248763168,1006.4755084310415,1136.7965992685272,927.2356942773149,0.2145712636244218,0.9100966941739145,2913.16279484651,0.894116863695041,0.3850177902488528,40.65278730132089,34.60632557407456,127.91973112094311,28.410729238668278,82.06566609424783,20.712727870225123,133.06151872387107,8339.163586824336,5735.198035697165,30822.478843011948
488.59360255050996,464.33644632049646,11.4778777749859,3073.8582975287854,3286.5568072120773,2926.469300632471,0.29736196649900865,0.4418402841988348,4468.142265656001,-3.081832854118126,-1.1120682421953432,54.769116636015,43.88667705593156,100.95480396748094,37.53735195038523,73.70924504108623,22.709398970561285,112.64439033877656,9911.708932244186,1381.8523747177005,32294.92507539558
463.2534460681667,411.25673545946876,10.044961127966202,2383.9590895154383,2548.4948109754764,2249.34593073395,0.2727242628810177,0.482560374481554,4050.7199192746166,1.8425937806440262,-0.7909464205715183,55.784995849957376,42.5521691877049,114.27972466954164,39.60473431227436,65.10848147700385,24.15627785430571,104.74892994611379,-3118.879272418835,281.39554332285616,22006.168761380235
468.97541688676034,492.14010439055863,9.245489969694178,2327.1492469232553,2406.209073527159,2229.9629219277604,0.28896043709615643,0.6296629248201653,3910.476065476225,2.1565897370706173,-0.7850887226106787,62.64303133107006,44.23814372905308,133.28987903411746,41.60280163538364,74.54459923482844,24.775314232795882,131.42916044467282,-5914.9479352734415,-1087.63431895087,19505.153019472906
352.08372730691883,418.83955129675843,8.262121037209067,2110.7688189762307,2291.9036209270234,2014.8679988860947,0.3199584177329728,0.6822754384884059,4593.8831319139945,0.22055547268844,-1.293089205875892,57.21614608222724,41.58283537666891,119.05425136552049,37.525822690966756,61.97869951330292,21.982387645113654,105.05897405424044,-10755.844539037034,-1226.922910896651,16033.73092483042
708.480766865037,531.3179862165553,12.027851221271543,3023.537714924242,3163.134153019421,2881.154348296562,0.2809968753962453,0.44755463631573617,4186.814900254983,-1.8371070867833337,-1.709567074820376,50.24404336094914,37.935573033510494,135.79292566578968,37.40248162366483,86.32395537249818,22.802342577956903,137.50480496986168,26598.594812974166,6523.987023235428,44690.82031517128
443.63526040441707,413.7843407385653,8.130118690302412,1948.7142538975727,1832.0131499016236,1884.3258923889675,0.24351485734202855,0.6542961461202271,4243.390929772336,-0.46328072558833017,-0.7611143728058959,52.360483807834356,40.85157967541073,129.38214898937252,38.03673294228579,81.54137918467752,23.382571118948658,131.22550690391873,-5575.008264893902,-372.7221536600932,20123.519212698462
414.20798190879265,413.7843407385653,9.646553080615321,2388.212498387518,2443.3182522450293,2293.667155746225,0.3562060357931373,0.6924053504541566,4156.399239103581,0.4426746597064557,-1.7423806720895674,62.495442175413935,41.869385035448836,139.09234702495507,37.07337538265633,84.31288116875507,24.22242958692646,135.68858757320496,5588.506711997528,1178.6911135371142,28928.604825476246
665.9746979269129,531.3179862165553,10.826833445565168,2752.6396458420677,2944.4348950234003,2624.662813914066,0.2070030210757416,0.47024234455607994,4823.876624246922,0.4663474749991418,-1.915269085171556,47.93434292046333,42.78060342036858,117.99693527624648,38.475956046328,76.33577474113011,24.155933220255665,119.66815297181061,3643.584704749708,2168.3327115607294,27385.750561190696
367.61479095738724,402.41011698263077,10.729773604525558,2958.5023257625917,3147.6435061175957,2839.078721111396,0.2764707771052011,0.41316146354184463,4772.085971891564,0.6787631885171892,-0.837869770403305,54.31958074065785,41.99923415512735,129.21647000163995,37.41055184030687,76.6161658226976,22.89323305635676,132.82857215985248,-12713.741342864227,-1264.6308722521387,14536.794942220033
311.0,171.0,12.781350482315112,3204.041800643087,3274.282958199357,3202.427652733119,0.5594855305466238,0.3408360128617363,5431.546623794212,-1.718971061093248,-2.263900557474407,50.06430868167202,33.21835052090032,108.045651488746,29.086949717041808,106.59303808038588,32.52435912218649,103.2383645659164,17612.0,3203.0,17612.0
690.0,284.0,9.720289855072464,2350.3376811594203,2412.6202898550723,2392.455072463768,0.4014492753623188,0.4463768115942029,4534.430434782608,0.2113043478260874,-1.6548245799660912,36.40579710144928,26.51054045217391,110.36564047826089,25.52323201014492,110.12790931884062,25.53670635072464,110.64069207246378,22948.0,11414.0,22851.0
242.0,183.0,8.669421487603305,2160.8884297520663,2169.4752066115702,2215.00826446281,0.5,0.4793388429752066,4567.7768595041325,-1.6739669421487604,-3.125608929332925,47.39669421487604,34.199956710743805,94.97575949173552,31.90816840909092,96.67333236363636,32.2412688016529,92.59311872727272,3498.0,582.0,3315.0
367.0,225.0,10.67574931880109,2657.223433242507,2682.634877384196,2719.6539509536783,0.4632152588555858,0.3978201634877384,5049.820163487739,-0.3136239782016352,-0.9814084003070086,37.084468664850135,33.26628083651226,107.61859682016348,33.67009346049047,106.13668755858308,32.87295159128065,104.27681253405994,7673.0,2536.0,7585.0
687.0,350.0,7.617176128093159,1703.3362445414848,1611.3740902474526,1726.858806404658,0.4803493449781659,0.6171761280931587,3667.087336244541,1.2701601164483265,-1.0860218960252344,43.63901018922853,35.434332326055305,104.0610171106259,37.82392950072779,92.89072341921396,34.351158046579314,100.471609154294,19875.0,3680.0,19135.0
584.0,303.0,7.679794520547945,1865.2551369863013,1874.9794520547944,1840.1198630136987,0.565068493150685,0.6095890410958904,4253.092465753424,1.2392123287671235,-0.6333035129043711,35.92465753424658,39.27417640378005,96.36059821821313,40.791358950171805,54.711964604810994,40.45618289003434,76.36807514261174,12478.0,7485.0,12358.0
290.0,192.0,9.755172413793105,2815.062068965517,2839.120689655173,2846.286206896552,0.5137931034482759,0.6,5586.924137931034,0.9810344827586208,-1.7142969100168055,48.41379310344828,34.37184031034482,97.10561162068964,33.20023688965517,76.41519897586207,34.042892982758616,83.93511219655171,4757.0,819.0,4619.0
261.0,178.0,9.812260536398467,2480.122605363985,2517.0344827586205,2469.1340996168583,0.6168582375478927,0.5134099616858238,6089.0,0.1310344827586204,-1.479790210336156,44.78927203065134,35.067891570881216,104.85835466283524,35.35426644444445,88.24888160919541,34.00072592720306,101.78083895402298,4076.0,792.0,4050.0
669.0,180.0,9.922272047832584,2363.225710014948,2395.674140508221,2409.455904334828,0.3139013452914798,0.3886397608370702,4928.811659192825,-1.033183856502241,-3.029025148110497,24.783258594917783,33.87513141106125,67.8126745366217,33.2797972152466,65.31078464872928,30.72140473692077,65.91324633482799,49297.0,27756.0,49297.0
461.0,225.0,10.242950108459867,2522.1431670281995,2566.420824295011,2549.696312364425,0.4859002169197396,0.5097613882863341,4364.329718004338,0.6058568329718006,-3.722024723791335,44.186550976138825,34.37545668329717,94.91687846854664,33.80455655097614,80.20030819088936,33.40713893926246,91.77957709544468,12988.0,2293.0,12888.0
520.0,189.0,6.990384615384615,1480.1423076923077,1492.9019230769231,1513.5096153846157,0.4846153846153846,0.5692307692307692,3869.0884615384616,3.611730769230757,-2.587475388787508,42.48076923076923,31.957006235521245,112.02452907915058,32.3180971138996,109.06098795945944,32.96230000965249,110.00817155019304,54035.0,13679.0,53853.0
592.0,256.0,9.701013513513514,2447.373310810811,2471.08445945946,2466.1638513513512,0.4560810810810811,0.5523648648648649,5817.092905405405,0.4415540540540545,-2.1831838012115763,39.983108108108105,36.798517005067545,101.26501694763516,34.06318235979729,98.0646118800676,34.26211996959459,97.97741796114867,27726.0,8688.0,27304.0
421.0,197.0,9.249406175771972,2334.852731591449,2353.413301662708,2378.209026128266,0.4726840855106888,0.3562945368171021,4562.237529691211,1.9862232779097384,-0.4793242991434184,46.67458432304038,27.95844797387172,100.89348728266032,33.11576182422801,96.81660367220904,30.01020716152017,97.81493842992876,16296.0,3253.0,16280.0
481.0,259.0,10.873180873180871,2698.4719334719334,2705.3471933471933,2715.6964656964656,0.4864864864864865,0.5114345114345115,4704.274428274428,0.8178794178794183,-0.19356951025783,45.57172557172557,38.54949870062368,95.62861427442829,36.76094676299374,99.29474544282743,37.250409775467766,101.01239999168398,17122.0,2170.0,13597.0
346.0,183.0,6.0606936416184976,1615.1618497109826,1609.3410404624278,1621.4826589595375,0.5028901734104047,0.6791907514450867,3618.1184971098255,-1.8531791907514448,-2.019815813981572,50.7514450867052,35.17436076589595,101.32112141618497,36.46352640173409,84.3030800867052,31.777917586705197,84.5861139017341,19612.0,4016.0,19606.0
555.0,275.0,9.58918918918919,2427.317117117117,2447.506306306306,2434.8504504504504,0.527927927927928,0.3621621621621622,4779.866666666667,-0.3318918918918915,-1.8321197654115715,39.81981981981982,35.349334954954955,89.51368576576574,34.05037954954954,101.10842414414412,34.57024415855855,93.9493320054054,10997.0,3164.0,10925.0
261.0,181.0,14.78544061302682,5035.609195402299,5132.819923371648,5133.693486590038,0.4942528735632184,0.4329501915708812,8024.793103448276,1.9030651340996168,-2.135461442816285,41.68582375478927,32.990190348659006,94.00965162835249,38.36269335249042,71.46911532567051,38.24623555938697,84.79746115708812,2956.0,678.0,2928.0
225.0,156.0,11.035555555555556,3206.5866666666666,3234.177777777778,3224.5377777777776,0.5377777777777778,0.5422222222222223,6020.804444444444,-0.4413333333333336,-1.3098322758169374,44.888888888888886,35.03509423766816,99.79899013452916,32.471531255605385,91.4973932735426,33.19894470852018,98.38673721973092,2744.0,521.0,2736.0
602.0,290.0,9.940199335548172,2276.0382059800663,2292.1295681063125,2294.7774086378736,0.5132890365448505,0.5431893687707641,4878.579734219269,1.8385382059800677,-1.5288606053016205,41.87707641196013,36.08809272425246,103.29836461794022,34.83124822259135,103.23853305647842,35.92390485880397,102.42711627906976,11580.0,2418.0,11567.0
381.0,251.0,9.511811023622048,2158.8635170603675,2199.8477690288714,2220.5800524934384,0.5695538057742782,0.5616797900262467,4240.291338582677,0.9314960629921264,-1.4098686380570853,50.0,35.34601723622046,102.27675310498688,34.11825133858267,100.38874444619422,34.698588188976366,100.33320647506562,10963.0,1395.0,10887.0
661.0,229.0,5.792738275340393,1334.046898638427,1295.4856278366112,1313.9515885022693,0.4114977307110439,0.7866868381240545,4983.202723146747,1.657942511346445,-1.3668917532760136,48.47201210287443,35.86729905446294,109.91384099848726,37.89226879727688,105.50195184114985,38.2479041981846,104.4427340393344,174724.0,27564.0,162550.0
367.0,234.0,10.258855585831062,2878.3051771117166,2914.4277929155314,2776.66757493188,0.5231607629427792,0.5613079019073569,5891.482288828338,-1.2280653950953675,-1.102277576789728,50.43596730245232,34.69531270491803,101.3492328797814,34.46815047814207,98.64595063934424,33.65011605191256,98.58929134972676,12626.0,1627.0,12498.0
359.0,197.0,11.86350974930362,3716.242339832869,3759.211699164345,3757.490250696379,0.6016713091922006,0.3481894150417827,6594.203342618384,-0.0885793871866292,-1.0571060763892788,53.008356545961,33.187219337047345,100.99276490250696,30.308207651810587,97.64114343454035,32.07962895543175,95.6118429888579,30514.0,3537.0,30507.0
306.0,195.0,10.68627450980392,2612.0228758169933,2532.176470588235,2654.653594771242,0.545751633986928,0.4477124183006536,5042.35294117647,-0.9797385620915036,-1.1040856873254583,41.79738562091503,34.830319006535944,94.65088431699346,32.64156739542484,98.80875992810456,32.88993788562091,98.8512728856209,3499.0,811.0,3494.0
553.0,212.0,6.754068716094032,1566.5352622061482,1597.074141048825,1596.8553345388789,0.3707052441229656,0.6528028933092225,3797.3327305605785,-1.4298372513562383,-2.408379061075649,41.98915009041591,31.88611602169981,100.87554785895114,31.89691803435804,89.40771115009046,32.52321105605786,93.43274315732374,22942.0,5165.0,22450.0
388.0,217.0,9.25257731958763,2227.203608247423,2381.1365979381444,2372.6237113402062,0.4510309278350515,0.5824742268041238,5282.319587628866,-1.1378865979381447,-1.8582153048031425,38.71134020618557,36.17808636597937,96.79321810824742,34.15550713917525,63.64668769587628,35.14871435567008,83.9989449123711,7301.0,2222.0,7233.0
988.0,288.0,6.549595141700405,1461.328947368421,1518.588056680162,1507.6194331983806,0.5131578947368421,0.7864372469635628,3858.8755060728745,-4.494129554655875,-2.018658929453968,43.64372469635627,35.96429936437243,90.96650178441304,33.28009666093116,97.3014257408907,35.21042295040483,91.4904093026316,91600.0,14912.0,89686.0
455.0,202.0,9.782417582417583,2422.9494505494504,2493.393406593407,2495.024175824176,0.6263736263736264,0.4769230769230769,4464.340659340659,-1.0364835164835162,-0.970352635788,47.16483516483517,36.01835559340657,103.21365176923074,35.371607595604374,93.87052178021976,36.54031273626371,97.29840429450546,27055.0,5233.0,26924.0
377.0,182.0,7.0344827586206895,1663.3315649867377,1712.5649867374004,1633.7957559681695,0.6657824933687002,0.7082228116710876,3670.607427055703,-4.885676392572944,-0.9849497906997222,55.75596816976128,33.69801676861703,101.9781154255319,31.64882035904256,97.36699202127656,33.28553977393618,98.4489359042553,16675.0,2563.0,15985.0
354.0,178.0,7.324858757062147,1913.2203389830509,2365.2796610169494,2335.980225988701,0.5932203389830508,0.4858757062146893,4575.652542372882,-2.7711864406779663,-1.839110067827104,47.59887005649718,36.83009145480225,94.5129485875706,32.996956144067795,106.05493276836158,34.949459533898285,106.93746412429375,7789.0,1715.0,7786.0
220.0,155.0,11.159090909090908,3226.7545454545457,3255.2636363636366,3242.572727272727,0.4727272727272727,0.4318181818181818,7557.140909090909,-1.5931818181818185,-1.9480352992808816,42.86363636363637,33.95901738636363,101.46316727272726,35.17915270454545,94.7816909090909,34.10609488636363,94.25434909090907,2457.0,746.0,2447.0
249.0,177.0,14.46987951807229,4327.176706827309,3794.385542168675,4348.598393574297,0.4136546184738955,0.4457831325301205,7811.767068273092,-0.0457831325301205,-1.7161971319856388,42.24899598393574,35.543323112449805,89.48045955823292,34.503207530120484,89.8185283815261,34.31659095180723,89.10231497991965,2190.0,458.0,2164.0
341.0,197.0,9.422287390029323,2583.5454545454545,2667.771260997068,2524.2639296187685,0.5366568914956011,0.6041055718475073,5199.278592375366,1.6258064516129036,0.1480117583527131,50.96774193548387,35.45545457478007,103.62228366568914,36.96023127565982,99.33811504398824,36.51722236070381,101.26255082111436,10051.0,1009.0,7342.0
171.0,143.0,11.128654970760234,3349.4444444444443,3401.0818713450294,3357.6140350877195,0.4444444444444444,0.4853801169590643,6571.538011695907,-1.1309941520467834,-1.960016713399167,42.514619883040936,34.420265526315795,102.40095029239768,34.94945093567252,89.65069532163743,32.84514099415205,90.73149766081872,1247.0,258.0,1232.0
398.0,102.0,7.851758793969849,1894.6557788944724,1961.6557788944724,1950.4422110552764,0.2412060301507537,0.7336683417085427,3364.540201005025,2.295979899497487,-2.0685065060979526,30.65326633165829,35.27875094723618,97.43250368592966,38.09450710301508,-19.280331414572863,38.11875127386935,-21.68322696733668,55773.0,1325.0,55773.0
229.0,162.0,9.615720524017467,2786.8209606986898,2841.947598253275,2827.0131004366813,0.5327510917030568,0.5720524017467249,5650.493449781659,-0.0493449781659389,-2.073606678044606,41.61572052401747,32.0690461790393,98.28775676855892,29.545629449781657,83.68592125764192,29.393840694323146,90.04990262008734,4057.0,855.0,4054.0
456.0,187.0,10.550438596491228,2364.5460526315787,2382.646929824561,2354.7631578947367,0.6864035087719298,0.4035087719298245,4537.074561403509,-3.01907894736842,-2.0788094296559034,47.828947368421055,34.44672470175434,109.83602850877196,20.92784310087718,96.7602381578948,31.263679087719304,110.98598837719304,34861.0,6620.0,34846.0
256.0,173.0,7.578125,1944.203125,1967.16015625,1967.9609375,0.578125,0.49609375,4420.7578125,-0.7425781250000003,-2.1380347429584723,52.96875,32.651528972656244,104.20011497656247,23.2678141484375,104.2080110703125,31.215127835937498,100.047501953125,4804.0,729.0,4792.0
272.0,171.0,8.205882352941176,2136.904411764706,2172.5845588235293,2154.5551470588234,0.5441176470588235,0.5036764705882353,4635.529411764706,0.3955882352941174,-2.056417863056789,50.5514705882353,36.552041930147055,86.66739999999999,35.68076849264706,72.02964264705881,35.57486490808824,81.75310294117648,5379.0,726.0,4969.0
434.0,254.0,10.762672811059907,2765.195852534562,2782.3248847926266,2771.730414746544,0.5161290322580645,0.5253456221198156,5048.414746543779,-0.6456221198156676,-2.6487517704722414,40.89861751152074,35.36502124423963,94.72481412442392,34.51732550691244,86.23461965437788,34.32679986175115,87.85540260368663,12394.0,2755.0,12324.0
406.0,223.0,7.608374384236453,1999.8152709359608,2018.5098522167489,2023.598522167488,0.5320197044334976,0.6773399014778325,4526.135467980295,-0.502955665024631,-1.111316905771054,51.995073891625616,35.237977421182265,89.50895673152709,35.87563756157634,89.04129827586205,35.242507408866985,89.31944712561575,84447.0,8856.0,84396.0
249.0,191.0,9.819277108433734,2801.759036144578,2734.124497991968,2814.4859437751006,0.5341365461847389,0.4377510040160642,5531.979919678715,0.816867469879518,-2.540663989525046,44.618473895582326,34.188197192771085,104.58764583132528,33.723825823293176,96.96034016064256,33.68326527710843,101.9458372128514,2965.0,445.0,2913.0
1067.0,304.0,10.582005623242736,2577.365510777882,2614.2755388940955,2614.348641049672,0.5060918462980318,0.4076850984067479,4452.141518275539,0.9423617619493904,-2.942354061616642,50.87160262417994,35.28423396810505,106.51506979362098,34.37288617260786,107.23774971857408,34.34311084427767,105.7492770168855,179607.0,28792.0,179568.0
939.0,268.0,8.725239616613418,2369.7433439829606,2476.7422790202345,2464.047923322684,0.2513312034078807,0.3248136315228967,5668.774227902023,-1.143556975505857,-1.6896207609063771,24.15335463258786,35.97975237167197,104.45146684238551,38.58879431309896,14.551189847710152,37.44106728540996,61.15868271139507,56593.0,43235.0,56549.0
473.0,173.0,10.54968287526427,2621.835095137421,2691.1014799154336,2588.262156448203,0.5348837209302325,0.3636363636363636,4345.473572938689,4.108668076109936,0.1838293905689796,46.723044397463,32.55520843974628,106.6620939386892,29.04473786892175,96.20572205708244,33.71878801691329,106.45096941437632,24760.0,5006.0,24744.0
379.0,252.0,8.20580474934037,2053.377308707124,2108.398416886544,2103.939313984169,0.3509234828496042,0.5883905013192612,4831.630606860158,0.4192612137203164,-2.2508224923631444,36.35883905013193,35.46288443271767,92.43841930343008,33.58331252506596,81.95593750659629,34.79424507651715,88.31401920580474,3010.0,874.0,2985.0
380.0,163.0,6.184210526315789,2044.5473684210529,2065.121052631579,2059.076315789473,0.4342105263157895,0.7078947368421052,4735.010526315789,-0.5381578947368421,-1.5466128634936318,37.3421052631579,33.23899451315787,107.58248676315787,32.25786532894734,103.93558009473688,31.904232605263143,105.3067612263158,18763.0,6845.0,18557.0
874.0,317.0,19.82951945080092,4297.693363844393,4320.508009153318,4327.932494279176,0.3466819221967963,0.4038901601830663,7115.279176201373,0.5058352402745984,-3.895135669466029,33.45537757437071,36.10287945308921,78.29088462929067,33.757812266360496,61.59589597703791,35.73591838576347,71.59043443857641,45081.0,13412.0,45079.0
333.0,219.0,9.606606606606606,2568.645645645646,2631.006006006006,2612.156156156156,0.5195195195195195,0.5585585585585585,5685.441441441441,-2.0096096096096097,-2.4573858988505712,43.84384384384384,36.08669170270269,97.18715769669669,35.13025386186185,82.23485235735735,35.62374924624624,89.70103209909908,9184.0,1249.0,9173.0
385.0,291.0,8.257142857142858,2344.1532467532465,2358.212987012987,2285.493506493506,0.4623376623376623,0.4675324675324675,4893.368831168831,0.3675324675324675,-0.2907007183989121,38.8051948051948,33.14781733766233,103.9031583220779,31.14389996363636,101.82704911168832,31.90337938181818,98.85885052987013,2691.0,587.0,2659.0
