mentions,events,avg_sentenceid,avg_a1co,avg_a2co,avg_actco,avg_raw_text,avg_root_event,avg_len,avg_goldstein,avg_tone,avg_confidence,avg_lat1,avg_lon1,avg_lat2,avg_lon2,avg_lata,avg_lona,total_num_mentions,total_num_sources,total_num_articles
2114.0,740.0,7.864711447492905,2237.109271523179,2180.6272469252604,2231.5255439924317,0.5165562913907285,0.673131504257332,3533.4011352885527,2.057332071901608,-2.036774744284416,40.93661305581836,35.30035850378787,104.13886020975376,35.90215829071969,72.42116094365532,35.8121587689394,74.08097925804925,220471.0,54905.0,218940.0
2043.0,802.0,5.846793930494371,1338.8335780714635,1356.163485070974,1375.5501713166911,0.48213411649535,0.8105726872246696,3324.784140969163,1.5115516397454716,-1.590101590368864,43.059226627508565,35.39832239215684,105.41601055049028,32.84926330392156,96.03081345882364,33.353584950980384,101.94206330196089,223817.0,47123.0,221948.0
3199.0,896.0,6.691466083150985,1635.673335417318,1646.24538918412,1655.9865582994687,0.4917161613004063,0.8340106283213504,4092.2675836198814,1.7209127852453852,-2.4934687544895,42.97592997811816,34.25374220068773,101.4574896874022,34.19930988746485,92.09896002563286,34.38013750234449,81.76436339856197,595232.0,106982.0,590430.0
1607.0,763.0,7.683260734287492,1895.917237087741,1937.225264467953,1943.568139390168,0.4275046670815183,0.716863721219664,4000.998755444929,1.964654635967641,-0.9728258097752376,44.18170504044804,33.59896802115742,106.26704109707538,31.652332358431853,101.43888369632862,32.12883995644056,102.11251352395776,46439.0,9576.0,45978.0
5506.0,723.0,8.284961859789322,1827.6567381038867,1963.8577915001813,1977.075372321104,0.3405375953505267,0.7905920813657827,4345.811841627316,-0.0957682528151118,-1.976047002436888,39.438794042862334,31.180866183469625,108.49590730590376,28.344415398728447,98.2213985805632,30.30970323705726,102.3930088833788,2855438.0,474408.0,2805011.0
2234.0,719.0,6.571172784243509,1617.1441360787824,1635.7815577439571,1643.5922112802148,0.6002685765443151,0.779319606087735,3708.1812891674126,2.0799015219337518,-2.138752423161595,51.77708146821844,35.16782185317816,107.61186467591754,34.22108205908684,96.60968974440456,34.701988567591755,106.12940231826308,729412.0,77196.0,728906.0
3825.0,1132.0,5.996601307189542,1318.9244444444444,1341.962614379085,1360.2797385620916,0.5356862745098039,0.8747712418300654,4546.003660130719,2.059398692810453,-2.378072269838584,45.36993464052288,34.97212277981176,92.70145498561692,34.76411565376573,75.3664467429392,37.3128933096235,82.41208011558562,573328.0,102109.0,570548.0
2219.0,880.0,6.701667417755746,1596.6327174402884,1629.9589905362775,1632.7232987832358,0.5953132041460117,0.8098242451554755,3405.410995944119,0.2842721946822897,-1.8461792889394777,48.42721946822893,31.96102955620772,102.6190762207675,30.11055461264111,96.4709332650113,31.5533471440181,99.07169454446954,202805.0,24565.0,199217.0
1663.0,740.0,6.562838244137102,1787.4173180998196,1783.85087191822,1793.0126277811185,0.5983162958508719,0.7396271797955503,3681.454600120265,1.1116055321707756,-1.9394758536746284,53.96271797955502,34.52573486161249,96.15586586341766,33.26025487364618,90.38083898435625,34.19929915764138,95.5347721714802,254418.0,26435.0,254054.0
2046.0,783.0,7.565493646138807,1986.9349951124143,1954.634897360704,2050.9276637341154,0.5117302052785924,0.7013685239491692,4177.825513196481,2.639296187683285,-1.180018721015412,44.589442815249264,31.66825780097797,105.51011815110029,30.01235995354521,100.34777285672374,30.85472106063567,100.50607814767729,153751.0,29752.0,152727.0
2002.0,882.0,7.170829170829171,1694.1778221778222,1636.5524475524476,1709.7042957042956,0.4695304695304695,0.6978021978021978,3935.157842157842,1.823476523476523,-1.2575876393412515,42.91708291708292,34.1388572918756,100.7119950295888,31.748246223671,91.35214120310935,33.926143966900696,89.73071813390173,89824.0,18302.0,88886.0
1694.0,831.0,7.593270365997639,1979.184769775679,1954.9598583234947,1975.9580873671785,0.589728453364817,0.7396694214876033,3965.935655253837,2.116292798110981,-0.951507277641551,48.60684769775679,33.98087391350709,93.21938998341236,34.6070972600711,66.8941391184834,33.22778648222748,78.8383591658768,140065.0,21091.0,139236.0
3104.0,950.0,7.175579896907217,2151.336662371134,2140.3108891752577,2159.7899484536083,0.5773195876288659,0.6543170103092784,4537.121134020618,1.508408505154638,-0.4669082972322641,53.66623711340206,33.53970467225807,105.0599526358066,32.17674504645161,91.2399032612904,32.086950756129035,94.0058878841936,1015673.0,100022.0,1011708.0
2650.0,1050.0,7.619622641509434,1968.415849056604,1992.994716981132,1988.6283018867923,0.5573584905660377,0.7732075471698113,4025.939245283019,1.3601886792452835,-1.1785186791126856,47.64528301886792,33.45975142921858,103.52242542959604,30.4425553605134,96.33033254813132,32.24764971611929,98.2334264563986,243441.0,32571.0,238775.0
2370.0,788.0,8.318143459915612,2089.837552742616,2119.60970464135,2118.9962025316454,0.3957805907172996,0.6223628691983122,4186.264556962025,1.0609282700421925,-1.099573710111244,42.36708860759494,34.07806374144487,89.49203809716944,33.14589921273888,63.54199363439491,34.17317590008469,67.55687690770533,235777.0,46326.0,234828.0
1709.0,862.0,6.7817437097717965,1722.417203042715,1743.2592159157402,1756.6682270333529,0.4253949678174371,0.7595084844938561,3734.42480983031,1.45020479812756,-0.4824043469891909,41.8022235225278,34.08534510251902,101.57270112243708,32.7742317492677,94.72352125131812,33.76915896660807,95.96323883772703,41271.0,7084.0,40340.0
1621.0,713.0,8.154225786551512,2137.5311536088834,2146.098704503393,2183.188772362739,0.5576804441702653,0.7489204194941395,4146.6748920419495,1.918013571869216,-0.7034794858103094,52.15916101172116,33.47398351050679,102.647102446848,31.99461843881334,99.21894082571082,33.02932664029665,100.40528088133506,189497.0,10640.0,188460.0
1530.0,727.0,6.209803921568628,1704.38954248366,1742.414379084967,1736.0666666666666,0.5947712418300654,0.7928104575163398,3973.530718954248,1.4737254901960786,-0.8795145646807541,51.86274509803921,33.11615119686068,102.28866110529762,32.05435015696533,97.42348441399608,32.3389585415304,97.7637150994114,100526.0,13358.0,99865.0
2053.0,789.0,8.330248416950804,2332.245494398441,2318.679493424257,2360.350219191427,0.5255723331709693,0.6147101802240623,4624.031173891865,-0.2688261081344369,-1.1373900691828789,41.61714564052606,31.0713677718186,104.94258065967824,31.766166139580257,99.34338798877504,31.842814270375765,102.29448883308932,113548.0,27709.0,112520.0
3406.0,1071.0,7.954198473282442,1903.462125660599,1925.626834997064,1928.639166177334,0.551967116852613,0.4882560187903699,3818.831767469172,1.3047563123898993,-1.4176778444018028,47.26952436876101,31.50937223854287,99.55772493772017,32.53351042328042,98.83533271017022,32.797990602232666,99.18557300352506,791840.0,24993.0,786519.0
2226.0,739.0,8.420035938903863,2222.87106918239,2220.524707996406,2233.2340521114106,0.5628930817610063,0.6522911051212938,4604.887690925427,1.2174752920035916,-0.6567339665211389,45.84905660377358,36.78414679262262,103.69006689118704,36.36774544183954,93.53208392491004,36.472189238738736,96.71917389208642,298584.0,45532.0,296208.0
2688.0,898.0,6.740327380952381,1573.7715773809523,1604.739955357143,1606.7142857142858,0.6369047619047619,0.7466517857142857,3334.2183779761904,1.8660714285714275,-0.95993309498755,48.29985119047619,35.59951648023865,93.5315117114094,32.84493309843402,92.88625395973156,34.61065050335573,98.04561898210292,380848.0,29576.0,375393.0
2793.0,988.0,9.3218761188686,2245.531686358754,2258.8503401360545,2255.154672395274,0.5495882563551736,0.59828141783029,4603.99641962048,1.8402076620121703,-1.516307432049924,50.43322592194773,35.8116897957721,98.37646754890724,33.99620506101935,98.0651036823402,35.87915328310007,95.96421289056336,728570.0,81265.0,724073.0
4138.0,1478.0,7.124939584340261,1575.48840019333,1642.5289995166747,1638.948284195263,0.4516674722087965,0.7846785886901885,3453.0357660705654,2.4524407926534533,-0.8654387883912934,43.3011116481392,32.205846236091006,105.20290893299445,31.785857672955974,95.50568517198828,31.14741888619858,99.1911385903146,423166.0,34556.0,419898.0
2033.0,830.0,6.602065912444664,1730.1608460403345,1759.16133792425,1762.9547466797835,0.4815543531726513,0.7437284800787014,3818.9808165272993,1.60850959173635,-1.1400553768241977,46.64535169699951,34.57683958661416,104.45557391879922,32.857150019685,101.50617886614178,33.99312049212597,102.80562711417323,97556.0,14646.0,95990.0
1970.0,838.0,7.295939086294417,2047.6010152284264,2106.400507614213,2095.0857868020303,0.5030456852791878,0.7685279187817259,4703.265482233503,1.4922842639593912,-1.346900094536705,45.934010152284266,32.05739148827724,100.5640937003058,30.864335982688367,97.44512050356413,31.123937903307866,100.72599617302797,181796.0,28560.0,179880.0
5720.0,1239.0,14.26451048951049,3230.654895104896,3143.313986013986,3268.3225524475524,0.4625874125874126,0.4061188811188811,6907.125,0.4569230769230759,-1.9587511748610809,38.93531468531469,31.34847034528605,111.36669873220254,30.86344297743572,104.5479541129965,31.150348516354786,104.86395192163742,1414390.0,205677.0,1413151.0
2627.0,945.0,8.102017510468215,1967.2363913208983,2011.5534830605252,2007.372668443091,0.4678340312143129,0.7171678720974496,3851.3532546631136,0.3417586600685198,-2.3230074452162013,40.62047963456414,33.334146188952346,101.01289421942852,31.023168994285687,98.0576386834285,31.270280845714257,98.43788584419045,213312.0,39378.0,210674.0
3065.0,1032.0,8.46557911908646,2042.979771615008,2134.3393148450245,2132.4404567699835,0.4433931484502447,0.6933115823817292,4599.748450244698,1.6403588907014666,-1.2921886755097325,44.36867862969005,33.688875127367766,107.8140092890267,31.603457755062063,104.08377370215544,32.43240135401701,104.94691614402343,506724.0,81444.0,497823.0
2249.0,750.0,8.803023566029346,2269.039128501556,2285.367718986216,2283.0782570031124,0.5620275678079146,0.6331702979101823,4435.438417074255,1.0896843041351698,-1.7928307931020582,53.73943975100045,34.20475500891268,105.96826314253894,33.25814153006683,101.18110869265034,32.838408088235305,102.9131110859688,547337.0,65634.0,535372.0
2883.0,865.0,9.488727020464792,2127.8418314255982,2046.4911550468264,2056.774540409296,0.3374956642386403,0.586888657648283,5524.633368019424,1.426500173430454,-1.4481792337129522,35.685050294831775,32.60292990981619,102.20811111897328,28.832913839750265,90.479718022199,30.278892119320155,93.5203656149842,150527.0,16713.0,147214.0
6195.0,973.0,13.46634382566586,3597.5785310734464,3557.762711864407,3589.228732849072,0.2671509281678773,0.4836158192090395,6319.894753833737,2.539612590799023,-1.3918314790705284,35.184826472962065,36.76100884396725,104.31531536795308,29.871521210305385,89.99258088450988,29.45717785543533,89.657521507834,2879939.0,65239.0,2870141.0
3133.0,1078.0,9.226619853175867,2246.2850303223745,2237.421640600064,2260.3734439834025,0.4190871369294606,0.6112352377912544,4115.501436323013,1.0953718480689432,-1.7765161666794176,40.51388445579317,33.51734878710502,106.25878319406311,29.296380548994577,96.02554815735716,32.324132633258884,100.08555018416844,197231.0,32705.0,191929.0
5685.0,1182.0,9.176429199648195,2105.1595426561125,2129.7820580474936,2123.8900615655234,0.5642919964819701,0.6796833773087071,4751.938786279683,1.7499560246262045,-0.4356393020696637,49.94547053649956,33.64399579908449,102.81319764447989,34.12135691847168,83.09737010301129,33.024214278922514,91.29749566490594,2583328.0,296392.0,2561535.0
3781.0,1138.0,15.244379793705368,3500.2922507273206,3458.696641100238,3496.1682094683947,0.4982808780745834,0.5122983337741338,7801.800317376355,2.2432954244908667,-1.2664467116780105,45.46680772282465,33.57990483469985,95.16973828034922,32.550954636339576,76.6275301351494,33.4221112509918,79.47005504919333,1976470.0,170170.0,1972354.0
2397.0,895.0,8.436378806841885,2289.8710888610763,2328.903212348769,2311.968293700459,0.5018773466833542,0.5632040050062578,4408.578639966625,2.694785148101793,-0.6743734890802726,42.46141009595328,31.18755589711418,102.16374318964073,28.112767230125524,93.66998389130428,29.17328755852843,96.88150334446756,180991.0,34592.0,180591.0
1653.0,851.0,6.868723532970357,1834.4845735027225,1844.6654567453115,1866.46037507562,0.3920145190562613,0.7271627344222625,4298.157289776164,1.905202661826982,-0.7599954211952011,40.19358741681791,33.348459582978705,98.22832892896176,33.20400395747265,76.74698647905286,33.37592491798298,80.58075818093508,38860.0,11284.0,37860.0
1955.0,795.0,6.826598465473146,1898.8521739130435,1800.4941176470588,1922.5549872122765,0.4757033248081841,0.7626598465473146,4926.805115089514,2.2082352941176464,-0.6685570318776387,39.49360613810742,28.55789616368283,103.79447346905376,28.66129899232734,95.10927588797956,32.70689167263425,100.96343425575452,112572.0,24164.0,111767.0
1356.0,626.0,8.314896755162241,2254.043510324484,2233.1342182890858,2279.20796460177,0.4491150442477876,0.6563421828908554,4688.322271386431,1.6682153392330386,-0.941593359050536,44.15929203539823,30.26460297117515,99.77341535498162,31.52057284190902,90.2725279357934,29.322520348372773,90.94290784206645,69135.0,5312.0,68877.0
3559.0,1155.0,6.964596796853049,1816.0154537791516,1790.0019668446191,1829.533576847429,0.3925259904467547,0.7681933127282945,4074.0157347569534,1.7528519246979473,-0.650175372450368,38.13149761168868,33.24647256482527,104.12341779002254,29.04602231397971,90.76158664853448,32.0800700535513,98.35014623788057,362622.0,60735.0,359843.0
3875.0,1234.0,7.097548387096774,1759.72,1794.9411612903225,1808.8588387096772,0.5705806451612904,0.768774193548387,3989.770322580645,1.7921806451612872,-1.191559624772341,42.88516129032258,33.14703866038226,103.9590358199898,31.426566707902904,92.19536406224177,31.58465998786159,95.6778203912708,653832.0,96568.0,650990.0
2880.0,985.0,8.161458333333334,2066.020486111111,2073.292013888889,2080.0131944444443,0.4871527777777777,0.6017361111111111,4018.4583333333335,-0.0513541666666661,-1.3178951139114723,43.58680555555556,34.71200436565869,100.6257367709419,33.235953208202986,98.29205386166144,33.64174525199861,97.09184127215848,371519.0,40938.0,370760.0
3688.0,1092.0,7.213123644251627,1911.694414316703,1851.33215835141,1921.248373101952,0.4680043383947939,0.631236442516269,4319.797451193059,1.314560737527113,-1.129791285757259,46.21203904555315,33.3884283541215,107.98059457646424,28.81281712944369,100.77740820027124,30.442721139213063,104.75210488249644,690976.0,107834.0,689258.0
1740.0,888.0,7.324137931034483,1926.506896551724,1897.7183908045977,1951.464367816092,0.5172413793103449,0.7189655172413794,4278.565517241379,1.92103448275862,-0.5095533165188019,45.30459770114943,35.15729462600687,94.16766377502888,34.28034133141209,90.89528552622482,34.640136232718866,92.24076382949318,53748.0,8305.0,51203.0
2269.0,848.0,6.678713089466726,1612.4411635081533,1695.821507271926,1712.5610401057734,0.4424856765094755,0.6800352578228295,3793.156015866021,0.4280299691494043,-1.87320467638124,44.16923754958131,35.06979712213402,92.02886325044096,33.60548956001764,85.4466852634599,34.706961784201226,75.48584909752873,184842.0,33959.0,182765.0
2936.0,849.0,7.401907356948229,1913.8967983651223,1942.713215258856,1895.316757493188,0.3974795640326976,0.7799727520435967,3960.986716621253,1.0616144414168935,-3.339049272645233,46.049046321525886,35.376558898773034,100.65552451329252,34.81919071540561,99.01712517007508,34.39621329550105,101.06577708793452,807807.0,116182.0,804488.0
3439.0,856.0,15.193660947949985,3857.9063681302714,3880.909275952312,3908.095958127363,0.5440535039255597,0.4899680139575458,5779.694969467869,1.5072986333236404,-0.5908340898145878,50.23262576330328,36.36992675283841,96.19564963755528,36.072176719650834,65.10868285793292,34.3702019202329,99.07188606666745,1610809.0,206242.0,1610368.0
3687.0,1205.0,8.209926769731489,1999.398426905343,2002.9902359641983,2030.4651478166527,0.4420938432329807,0.714130729590453,4428.209926769731,0.4484404665039324,-2.127707323636582,42.67968538106862,38.34747221589375,91.78892061540536,35.14126078925963,87.90553018226187,37.000761798210014,88.0224252804447,352269.0,59330.0,350649.0
3953.0,1088.0,8.324816594991146,2149.804705287124,2181.768277257779,2184.405261826461,0.4950670376928914,0.6804958259549709,4679.689855805717,1.172603086263598,-1.615530408032062,40.92587907918037,37.20812387088618,94.97646113721504,35.141109557892165,91.8246259721306,35.868730600152034,92.09227814940476,584111.0,115624.0,581950.0
2475.0,854.0,7.650909090909091,2107.1551515151514,2125.837171717172,2135.430303030303,0.4836363636363636,0.6703030303030303,4377.733737373737,0.1822222222222222,-1.442713504630724,46.593939393939394,35.05678962813263,94.11945084882774,35.03271433077238,86.87706086534567,35.13964324979794,88.1080384761519,455735.0,70457.0,451310.0
2623.0,770.0,6.638581776591689,1791.3614182234082,1828.0899733130004,1830.2481890964543,0.6309569195577583,0.7994662600076249,3998.106366755623,0.058330156309569,-2.191136311204257,55.32596263820054,35.19834694319486,108.00088957415156,35.29399737704923,106.9331518410216,35.752949916126624,107.54521530423166,1007868.0,93809.0,1006920.0
1541.0,675.0,8.09344581440623,2123.09669046074,1971.0661907852043,2155.0194678780013,0.4477611940298507,0.6839714471122648,3986.6528228423103,0.0863075924724204,-1.7313492715711891,44.41920830629461,34.46913407462683,97.60842778715124,33.14417685269302,93.31806523685924,32.48588402336142,94.61853182349134,85362.0,7545.0,84644.0
3527.0,1058.0,7.84122483697193,1881.4706549475477,1829.3362631131276,1936.1562234193368,0.409129571874114,0.753614970229657,4062.110008505813,1.1426424723561095,-2.076390839697165,39.76750779699461,33.029555690780185,104.35007800283688,32.269280857588704,93.32914779092192,32.74238400851068,95.51480446695028,423823.0,97093.0,420339.0
4272.0,1084.0,12.74882958801498,3287.6776685393256,3338.441947565543,3345.29845505618,0.4243913857677903,0.7359550561797753,7233.845973782772,0.5370786516853945,-1.6903105684869482,39.85955056179776,36.29602917583707,98.06158695387496,36.15739493442631,72.5301369889954,36.24552870725998,91.84095487707792,1620597.0,238121.0,1618309.0
2184.0,906.0,7.221153846153846,1991.354853479853,2010.339743589744,2005.94826007326,0.4835164835164835,0.6927655677655677,3959.360347985348,2.087683150183149,-0.6810189574004464,41.80402930402931,32.602790535959656,93.95029799770964,31.48116459917541,84.68790123637206,31.56522695233728,87.80152237946845,127611.0,22547.0,126182.0
1994.0,658.0,5.948345035105316,1626.270812437312,1595.4307923771314,1655.668004012036,0.294383149448345,0.8199598796389167,3715.062688064193,0.9909227683049132,-0.6398340578954781,30.336008024072218,33.60611121364096,97.89189241424268,32.437056145728675,82.33672736482409,33.996297090452295,83.56066623417081,234075.0,74714.0,233872.0
2638.0,914.0,9.079226686884002,2390.195981804397,2247.161106899166,2426.5212282031844,0.4863532979529947,0.6239575435936315,5118.897270659591,1.2897270659590594,-1.0466137010475125,42.9529946929492,33.75590473044798,101.63091303416844,34.34594277145027,86.95198943545934,33.255360007593005,94.21626503302952,243863.0,34187.0,242519.0
2959.0,913.0,9.187225413991213,2367.655288948969,2389.041906049341,2371.147347076715,0.4200743494423792,0.6623859411963501,4778.29469415343,0.9015883744508298,-1.79870432983212,37.46535991889152,35.00859045961476,105.99538560425805,35.23048590939824,89.76132874822564,34.95429411426639,91.12383116525842,342463.0,81288.0,341278.0
2068.0,872.0,8.704545454545455,2200.2998065764023,2203.374758220503,2211.7925531914893,0.4700193423597679,0.6576402321083172,4534.254835589942,0.8586073500967116,-1.617645357965811,43.2495164410058,34.41929048863081,103.70172872762464,34.10248406869856,96.94297635220128,33.9081130382196,101.56889362941466,99096.0,18748.0,97364.0
3524.0,1009.0,7.842508513053349,1817.3251986379116,1826.1203178206583,1834.3254824063563,0.5269580022701476,0.7437570942111237,3640.823212258797,1.3403802497162292,-1.7226361210518109,48.48183881952327,35.40060982566723,101.8629868804656,32.06529700624646,94.5066854145372,32.96000806700738,99.9490180266894,974969.0,109501.0,972600.0
2216.0,833.0,6.680956678700361,1709.995036101083,1664.9169675090252,1735.7048736462093,0.5212093862815884,0.6926895306859205,3621.7093862815886,1.5122743682310464,-1.2862968359169458,47.11191335740072,34.53538586160106,97.75943032021706,34.812318371777465,90.83924144459516,33.36845863410219,90.6569937589326,227929.0,33827.0,227147.0
4642.0,1239.0,8.42654028436019,1883.552348125808,1885.7070228349849,1890.341016803102,0.519388194743645,0.7563550193881947,4319.235889702714,2.4091555364067214,-1.188613536744627,41.95605342524774,36.89238197802192,108.095664792502,35.58500616031026,104.204406703728,35.63119065503118,105.15326737728972,1561966.0,238686.0,1407040.0
5076.0,932.0,34.05181245074862,6297.994483845548,6422.343577620173,6422.456264775414,0.1989755713159968,0.3906619385342789,8237.337864460205,2.781560283687943,-4.302524270840482,28.534278959810877,37.06828285348061,83.28546504298976,18.240697365411208,94.543922309407,29.085117456123093,76.14368999487276,2288734.0,405062.0,2286324.0
3292.0,1096.0,7.970230862697448,1987.254556500608,1922.0188335358448,1997.674362089915,0.3289793438639125,0.744228432563791,4155.811360874848,2.370868772782502,-1.8991696781694405,35.34629404617254,35.45888862751065,80.39383177723673,32.571710533536574,66.05147999542676,33.607915419591095,71.24414543851076,546490.0,154632.0,545802.0
6976.0,1588.0,9.477924311926603,2342.334002293578,2271.631450688073,2341.2629013761466,0.414420871559633,0.708572247706422,4240.368979357798,1.1596330275229365,-2.501525769976505,40.887327981651374,36.996315950093184,93.39625274286524,36.15444818768831,73.88144175046628,36.71576007892092,83.05263057626624,2412050.0,310910.0,2394709.0
4342.0,1190.0,8.141870105941962,2030.1897742975584,2062.087977890373,2070.077153385537,0.467065868263473,0.6123906034085674,4158.179640718563,1.0530631045601129,-2.0734059301337995,40.773836941501614,36.86146133402495,98.1423972314429,35.32325895480744,90.9634840092228,35.10996233271847,96.48097149020045,1604301.0,233556.0,1602414.0
2529.0,976.0,8.18228548833531,2161.682483194939,2156.194938710953,2179.534994068802,0.4440490312376433,0.689996045867932,4687.508896797153,1.6523131672597868,-1.1354948166049978,42.676947410043496,34.88250108910893,101.54627417148512,34.06697320356437,98.0606949762376,34.555009247822674,97.34581277038792,416375.0,58167.0,415386.0
2850.0,966.0,7.879649122807018,1886.357543859649,1876.117894736842,1911.4049122807016,0.4410526315789473,0.6845614035087719,4096.661052631579,0.7878947368421055,-2.007787576879318,39.16140350877193,33.966779873506695,105.5447474219957,31.617575363796124,89.65550851072052,33.664147375263525,97.15789598840472,247677.0,53459.0,238390.0
1686.0,690.0,9.911032028469752,2431.258007117437,2460.272835112693,2461.935349940688,0.501779359430605,0.5183867141162515,4578.667852906287,-0.1312574139976275,-2.673722903981147,42.46737841043891,33.99755079166665,102.07349791726192,33.87581583333333,88.16731160357143,34.41650803571428,90.97243203988096,98015.0,24629.0,97185.0
3190.0,1014.0,9.020689655172411,2360.5630094043886,2146.77210031348,2413.4655172413795,0.3241379310344827,0.5768025078369906,4562.679310344827,1.978808777429465,-0.4426128432558879,33.959247648902824,36.08385928602833,94.01500860439543,34.42933912904242,79.20906281915228,34.30107022480382,84.57542948854001,250048.0,94767.0,248155.0
3212.0,1067.0,8.710149439601494,2082.6827521793275,2079.733810709838,2084.4604607721044,0.4374221668742217,0.5918430884184309,4009.563511830635,2.002085927770859,-0.5153526510437781,40.52926525529265,36.60567794383779,95.748750201872,34.834659588528744,85.0946545180797,35.637782742287385,87.68629434652532,334166.0,69628.0,329174.0
2045.0,771.0,7.116870415647922,1833.6503667481663,1875.359413202934,1861.4762836185816,0.5114914425427873,0.6709046454767726,4288.821026894865,-0.0251344743276288,-0.5332973581953947,43.31051344743276,34.73835707925633,103.42808018395309,29.206887542074348,99.04589676418787,31.09515552837572,100.70158997700584,268460.0,48448.0,268315.0
2158.0,733.0,7.608433734939759,2016.2924003707135,2033.4346617238184,2043.5088044485635,0.4189063948100092,0.6876737720111215,4421.833178869323,0.8130213160333646,-1.1648688958520297,37.54402224281743,32.27060822217069,102.07585746289422,33.917594222634506,92.14993182513912,33.85523650602968,97.58952816419291,181090.0,59852.0,178407.0
2413.0,942.0,7.423124740986324,1868.3638624119355,1863.4301699129717,1890.6506423539165,0.4492333195192706,0.7849150435142975,4442.854123497721,2.3612929962702016,-0.8696748455176265,41.38002486531289,35.295373914593725,101.47206445627845,36.3373785300705,80.87089323414837,35.33927583824139,94.81620872648158,264365.0,50978.0,262183.0
1688.0,718.0,6.3406398104265405,1565.0373222748815,1583.8773696682465,1575.5704976303318,0.4840047393364929,0.7097156398104265,3406.4075829383887,0.8239336492890994,-1.3969854048792207,43.85663507109005,33.08931505394191,103.91181434024894,31.43154352222882,93.41192550207464,33.45987400237109,98.68230076585654,89250.0,16068.0,88729.0
2500.0,894.0,8.4492,1962.0168,1899.1112,1964.2604,0.3456,0.7008,4083.6332,2.0231199999999987,-1.093677703816895,38.136,34.911045178213854,94.86213820264317,34.648673802083344,79.10748820352565,34.423009915865386,83.51617238421474,229885.0,56921.0,229338.0
2953.0,1063.0,8.284795123603116,1969.9908567558416,1968.8344056891297,1973.8973924822212,0.3697934304097528,0.5099898408398239,4310.533017270573,0.1000677277345077,-2.1989749700964816,35.4520826278361,32.74001371864409,100.7042761338982,32.236044158751724,87.17689398237277,32.6280868351425,94.63103603457624,178867.0,61938.0,178068.0
4272.0,1143.0,13.706460674157304,2901.9698033707864,2916.803370786517,2930.058052434457,0.4222846441947565,0.5208333333333334,5991.560393258427,0.903909176029962,-1.170838153263362,40.00702247191011,41.49483263170215,51.921186614141874,38.882545501756034,84.87618129267132,39.31472894404122,86.65791779044697,815443.0,153485.0,814389.0
2128.0,917.0,7.857142857142857,2008.1517857142856,2014.869830827068,2057.9473684210525,0.5258458646616542,0.7020676691729323,4449.331766917293,1.4466635338345846,-1.7229643633172025,43.23308270676692,36.45366736077136,104.00311290968966,35.06785199059263,97.5602035503294,35.628569232361215,99.68878915945449,332848.0,64587.0,328987.0
2013.0,670.0,6.139095876800795,1653.0347739692002,1594.845007451565,1681.910084451068,0.3864878291107799,0.6815697963238947,3765.459513164431,1.635519125683058,-1.3183384974740766,40.61599602583209,35.46116093392945,89.94867140437158,35.09351561362506,75.05471491148688,35.101744174540016,89.65303426006959,252928.0,30725.0,241959.0
1481.0,698.0,7.146522619851452,1656.0965563808238,1669.8089128966917,1677.7981093855503,0.5644834571235652,0.7467927076299797,4056.0945307224847,-0.4190411883862256,-1.8167756916845044,45.44902093180284,34.10309534098582,101.68093815395,33.14218007022282,97.197980264686,33.51115541525995,99.84318402363266,284416.0,52106.0,284062.0
2795.0,1039.0,8.148479427549194,2717.2998211091235,2707.881216457961,2705.3499105545616,0.5037567084078712,0.6772808586762075,3997.493023255814,0.835849731663685,-1.932755062666536,44.11091234347048,34.31284049749466,97.9589447133142,33.633108861846814,96.31038440300644,33.4940142877595,95.94616954151756,177909.0,29591.0,176600.0
2692.0,1013.0,9.932763744427934,2380.5449479940567,2424.072436849926,2428.751114413076,0.4739970282317979,0.6110698365527489,4430.193164933135,1.4478826151560191,-2.292960441617193,37.20653789004458,33.766117441428065,97.62813661584232,32.4612897285236,94.45724934287838,33.19078948307922,94.95098602194123,256131.0,52982.0,254923.0
1702.0,625.0,7.571092831962397,1965.598119858989,1967.9441833137485,1984.605170387779,0.5575793184488836,0.7555816686251469,4474.92303172738,0.1462984723854288,-1.8432830052804123,44.01880141010576,34.77210132627863,99.11651729806006,33.5037602063492,94.85132669488544,34.4754537865961,96.35789248148158,228310.0,47936.0,226481.0
1060.0,530.0,8.554716981132076,2244.0273584905663,2283.53679245283,2295.8603773584905,0.5216981132075472,0.6367924528301887,4438.942452830189,1.221603773584906,-1.215769117125128,44.075471698113205,34.792618824362584,104.3415778574127,32.966242233238894,90.49227740037772,34.20936091218129,92.18613839754484,29727.0,5453.0,29510.0
1905.0,842.0,9.828346456692913,2729.218897637795,2748.63779527559,2759.3548556430446,0.5013123359580053,0.6089238845144357,4679.17217847769,2.1334383202099736,-1.3209640700309877,45.93175853018373,32.88566359064634,106.38727546978464,32.389474198108246,95.58535043037315,32.69496054072516,99.99835157540733,88505.0,15677.0,87774.0
3731.0,1219.0,8.193513803269902,1960.869471991423,1985.4189225408736,1999.790672741892,0.4971857410881801,0.702224604663629,3819.261860091128,1.8657196462074508,-1.713325685006969,42.771374966496914,33.8866830667382,105.36207141731416,33.755884341195426,98.31775940873736,33.47809325087112,100.15611961404424,775344.0,60727.0,771420.0
1540.0,660.0,10.918831168831169,2585.8603896103896,2606.852597402597,2626.4772727272725,0.5883116883116883,0.5032467532467533,4949.816233766233,1.0711688311688314,-1.843183693124382,47.4025974025974,35.84579377387912,103.24933792852508,35.00686554794519,93.96345090867584,35.20741097072218,94.67488470266758,123258.0,13712.0,121761.0
2916.0,807.0,7.210562414266118,1814.7009602194787,1822.6402606310012,1839.0240054869685,0.6265432098765432,0.7146776406035665,3787.058641975309,0.8352194787379966,-2.250997411847228,42.41083676268862,36.84792863031544,95.74256148559694,36.86445725651572,93.72851924862849,36.59632746742106,96.96723559602218,1630909.0,267354.0,1630698.0
4717.0,874.0,9.991308034767862,2097.1068475726097,2100.7890608437565,2103.243799024804,0.5022259910960356,0.730125079499682,4394.230231079076,2.176955692177236,-1.7423199019364597,40.35191859232563,37.43924757645801,107.175787381549,36.70976726680796,93.06382103414656,37.00806999490973,97.53815517094424,1813970.0,388011.0,1730687.0
1430.0,496.0,14.902097902097902,3973.657342657343,4009.786713286713,4037.983216783217,0.3272727272727272,0.3447552447552447,5945.888811188811,2.0927272727272697,-2.637873430375964,33.97902097902098,34.54830987254903,65.37776530812329,24.8833645630252,65.72122424929975,26.20340598249299,69.33222992086839,145419.0,62440.0,145193.0
1130.0,499.0,8.836283185840708,2419.3938053097345,2421.081415929204,2427.445132743363,0.4584070796460177,0.6628318584070797,5005.093805309734,1.0546017699115051,-1.2958910498270575,39.4070796460177,36.23164488031912,95.42702511613476,34.95024947783687,93.73458903457448,35.848597136524795,93.66820323138298,46873.0,9168.0,46806.0
1095.0,508.0,7.747945205479452,5116.018264840182,5126.920547945206,5118.905936073059,0.5643835616438356,0.6246575342465753,4411.389954337899,1.703196347031964,-0.8406645846835722,47.70776255707762,35.15469759086755,103.02531845662104,34.73354190593606,98.1011903287672,34.88455469315066,96.1050096684932,63075.0,9537.0,62772.0
2825.0,803.0,7.938761061946902,2141.721061946903,2137.1153982300884,2159.9582300884954,0.4145132743362832,0.7369911504424779,4141.8336283185845,0.7180176991150434,-0.1935214432353251,37.53274336283186,35.47986104814162,104.26339608424774,35.396785733451345,99.243484919292,35.89093309876108,104.81985848955748,267701.0,57844.0,265033.0
2948.0,925.0,9.632971506105834,2572.9698100407054,2555.973541383989,2570.9789687924017,0.4884667571234735,0.6791044776119403,4478.9986431478965,2.586635006784258,-1.390765651633824,37.3236092265943,35.688568847693354,102.163565882293,33.56319817730978,101.03194659701484,33.604937037703806,101.51509431818177,383234.0,85887.0,379512.0
8898.0,1292.0,12.289840413576083,2559.8480557428634,2563.2342099348166,2639.287367947853,0.5575410204540346,0.775118004045853,5357.426275567544,1.640705776579007,-0.1176203976209579,45.6608226567768,38.43182184438931,105.92020670182237,38.09383356010329,103.14617690599428,37.79305211649597,106.93109945102974,10046144.0,962177.0,8345888.0
5706.0,1105.0,5.481247809323519,1088.2779530318962,1089.6784086926043,1078.0762355415352,0.5490711531720995,0.880651945320715,3785.8326323168594,2.371468629512798,-0.2881178605614674,42.24325271643884,36.04838089603778,103.77792772493032,35.683693127629624,86.28798203699193,35.426378188288815,94.43271609256703,2041076.0,358290.0,1879626.0
3528.0,762.0,12.635204081632653,3143.500283446712,3145.6301020408164,3160.206632653061,0.4039115646258503,0.7789115646258503,5414.5734126984125,1.90821995464852,-3.21314170745119,38.56292517006803,36.35539833030908,111.3198074845476,35.27624624751909,113.53029569435763,35.96815548936782,108.22860301275853,2072658.0,404376.0,2067098.0
3947.0,882.0,11.344058778819356,2433.5599189257664,2396.032683050418,2439.284266531543,0.3579934127185204,0.6822903470990626,6025.215606789967,0.4702558905497836,-1.6520136054365426,38.41398530529517,35.98140453904665,102.32546240466512,35.69125034688691,90.0711844959431,35.34328442531069,98.60140379944204,1471726.0,266432.0,1468124.0
2862.0,863.0,7.129280223619847,1955.340321453529,1957.916142557652,1984.17714884696,0.4217330538085255,0.6306778476589797,4521.441299790356,2.799301187980434,0.1343768905185459,42.12788259958072,32.08146708639386,101.4247421073802,33.64613256243443,84.43429332808672,33.5033749975516,92.0627786313396,379037.0,78583.0,376221.0
2856.0,714.0,12.281162464985997,2822.670518207283,2803.1953781512607,2836.7916666666665,0.5161064425770309,0.4271708683473389,5018.704831932773,-0.1073529411764703,-1.5334914923122949,45.58473389355742,34.365151808123294,113.6655857195377,33.40868135854345,104.4333523767506,33.87780692436977,109.60559660049012,984812.0,164287.0,983170.0
1793.0,655.0,5.533184606804238,1417.9972113775796,1469.5515895147796,1453.7473508087005,0.5532626882320134,0.7953151143335192,3975.469604015616,1.271332961517011,-1.07619887046817,44.09369771332962,36.12402991355268,101.48694962744014,32.137961279977695,76.23454409983273,33.881869517010585,84.96312826436149,170397.0,17331.0,168239.0
1549.0,586.0,7.4312459651388,1879.014848289219,1916.7469335054875,1821.810200129116,0.5461588121368625,0.6546158812136863,4111.450613298903,0.1499677211103942,-1.515229100952885,49.90316333118141,34.53944762427372,107.77692586184632,33.56952087669465,104.7162521504196,33.822738562298255,106.9182084460942,281540.0,20386.0,280394.0
970.0,560.0,5.620618556701031,1627.977319587629,1602.3855670103094,1659.7814432989692,0.4804123711340206,0.7793814432989691,4405.836082474227,1.7512371134020623,-1.0782949997871163,44.64948453608248,34.96119159958505,94.85530958402492,33.771105928423225,94.27520783921165,33.76454260477177,96.02063901763486,18767.0,3441.0,18597.0
1448.0,724.0,6.122237569060774,1717.6229281767955,1740.58908839779,1738.1332872928176,0.511049723756906,0.744475138121547,3887.1795580110497,0.8159530386740335,-0.9428770997110398,47.55524861878453,33.6760869302486,102.0455806429558,32.668119052486176,91.52407513881217,32.76866458563535,93.13458777071826,70691.0,8742.0,70120.0
1241.0,551.0,8.332796132151492,2277.74617244158,2276.850120870266,2305.2248186946013,0.5664786462530218,0.6325543916196615,4383.298146655922,0.0091055600322324,-1.7121425807821995,50.185334407735695,34.227973166129026,94.91310631693548,33.81378516854838,90.45969120241932,33.966428373387096,90.77376921048386,122883.0,10941.0,122723.0
1895.0,723.0,5.65065963060686,1541.137203166227,1583.136147757256,1574.791029023747,0.4517150395778364,0.7762532981530343,3524.053298153034,1.578522427440633,-0.7604243892866458,41.32981530343008,35.15019065081877,79.84777424564184,34.066383513199554,71.74820234213311,34.45732376399153,75.43560127560721,110321.0,27339.0,109675.0
2000.0,755.0,8.256,2061.7115,2057.3935,2073.0235,0.417,0.664,4099.85,1.8806499999999975,-1.1893286388076465,41.685,34.65876787869674,98.33461577092731,34.59536957694235,88.31536498596492,34.770001316791976,93.71453533233084,97409.0,18050.0,96970.0
1899.0,785.0,6.897840968931017,1585.9857819905212,1570.727751448131,1606.0173775671406,0.5513428120063191,0.6793048973143759,3404.723538704581,1.8676145339652448,-1.7446479627022984,43.7914691943128,34.94530926093828,99.7233140089616,33.82072953505532,85.70093756668429,34.09459090827619,93.99608926568273,138309.0,21160.0,137897.0
1460.0,606.0,8.991780821917809,2561.45,2567.0,2585.417808219178,0.3541095890410959,0.5041095890410959,4416.795205479452,0.6036301369863015,-1.5217697468863085,38.04794520547945,33.7864167328767,103.8113695527397,33.16874081164382,85.41251703219172,32.49898273424656,100.90676511986302,82011.0,22647.0,81915.0
989.0,471.0,7.469160768452983,1946.3751263902927,1905.7805864509603,1948.0576339737108,0.4903943377148635,0.6481294236602629,3895.053589484328,1.3180990899898892,-0.9415410298373288,42.35591506572296,33.069119980769216,100.00235249595146,31.934365805668,89.34527523279355,32.33611430465586,95.11924389372474,32907.0,4729.0,32511.0
2612.0,841.0,6.772588055130169,1636.0777182235834,1659.8204441041348,1672.2488514548238,0.5562787136294027,0.7771822358346095,3686.7986217457888,0.8890888208269527,-2.1476921575127963,47.75650842266462,35.0851264739464,86.7030346478927,33.38764856551727,78.3416216222222,34.16277956934868,80.39355745095787,380515.0,60456.0,378336.0
2559.0,909.0,9.121141070730754,2481.178585384916,2442.9476357952326,2502.3145760062525,0.4552559593591246,0.614693239546698,4748.569363032435,1.903829620945681,-1.180199034222529,44.04064087534193,35.55516298826754,93.340939051623,35.34129670043021,65.85132489949157,35.52961553539308,73.82248735001956,266130.0,47228.0,265867.0
1875.0,786.0,7.781333333333333,2164.2768,2169.578666666667,2184.5248,0.52,0.6096,4231.3488,2.07152,-0.3520047711418265,46.912,35.9503555692143,96.55255514056655,35.437529042336564,94.67114518113608,36.79497527569593,86.92768064293362,92824.0,17775.0,90224.0
3470.0,922.0,7.240057636887608,1767.758501440922,1774.9685878962537,1777.112680115274,0.5659942363112392,0.8164265129682997,4224.024495677233,0.989971181556194,-1.6396384194534648,49.29106628242075,36.71536764349585,90.29813645918648,35.08676468118874,84.29587583496813,35.02096119676865,90.10439671350248,1074383.0,136562.0,1069813.0
3851.0,902.0,11.583484809140485,4192.512853804206,4156.550506361984,4207.959750714101,0.4925993248506881,0.6359387172163075,4725.651778758764,3.0885224616982603,-0.3292382426200587,43.01739807842119,36.686700917424105,94.34461382342243,36.76121791898212,101.27837298338088,36.36994714879252,86.71371860685534,1978821.0,294319.0,1964445.0
2993.0,987.0,6.846308052121617,1877.5599732709657,1906.2763113932508,1902.4574006014036,0.4346809221516872,0.7113264283327765,4182.936184430338,1.1083528232542592,-2.150375054403231,42.31874373538256,34.66510521122999,95.65523662466568,33.358117984625686,69.65027874064168,33.545344344919805,74.39078753977269,271646.0,63330.0,264433.0
5155.0,1022.0,12.28380213385063,2845.936954413191,2812.8426770126093,2852.4461687681865,0.4620756547041707,0.6595538312318138,4709.020950533462,2.1021144519883617,-1.3544208842394163,45.44907856450048,35.54281114335596,102.2135788215324,35.60244882615445,74.74527524093108,35.88557324830263,71.38775581416098,2795215.0,427824.0,2792127.0
2255.0,867.0,7.494456762749445,1865.8230598669625,1862.372062084257,1870.60133037694,0.5272727272727272,0.5840354767184035,3679.684257206208,1.452328159645233,-0.989315652594664,48.05321507760532,35.04174988376222,102.77713339840275,34.050551017746244,100.3795575687666,34.37097714640639,98.22498379547464,202747.0,32523.0,200586.0
4329.0,1362.0,7.644490644490644,1712.228459228459,1702.3654423654425,1722.3901593901594,0.4395934395934396,0.7532917532917532,3664.171402171402,1.5242319242319224,-0.2846516125140861,41.993531993532,32.57395793274789,108.03683238178864,31.529834375317837,102.47999599583991,32.27220773099148,105.2877781333486,410807.0,76881.0,396668.0
4175.0,935.0,11.705868263473054,2806.505628742515,2834.351137724551,2836.556407185629,0.4613173652694611,0.7731736526946108,4709.347305389221,2.851736526946105,-0.7780439433533167,41.24790419161677,37.15899706371268,103.66780690203572,35.98933928246296,98.64342672862256,36.33210195832346,100.2602211540118,1887681.0,348057.0,1873357.0
3091.0,913.0,7.112908443869298,1800.7722419928823,1818.454868974442,1738.8181818181818,0.4720155289550307,0.7272727272727273,3613.059851180848,2.190003235198963,-2.1039203588149493,47.47007440957619,35.5475777231218,103.381224341645,34.67804029598446,81.92583409553107,35.06775298737047,84.3139698970207,839311.0,113349.0,838811.0
3298.0,998.0,6.184354154032747,1676.159793814433,1684.677986658581,1687.134930260764,0.5664038811400849,0.7935112189205579,4154.022741055185,2.4224378411158254,-1.4792570475201656,49.06306852637962,36.32726964886198,92.79269849620626,36.08342323672234,68.30702810955988,36.484450550227656,71.37226623125943,719439.0,95588.0,709635.0
5507.0,1025.0,9.324496095877974,2170.357908116942,2206.354276375522,2188.8046123116037,0.5507535863446522,0.582349736698747,4738.124568730706,0.8435264209188301,-1.791038815647229,50.30869802070092,36.095947994734,103.04934957599424,34.86109828254949,95.70507665516624,35.392688924641384,100.93313230706376,2547131.0,410977.0,2543085.0
4778.0,884.0,6.223943072415237,1517.4514441188785,1534.2291753871914,1537.8790288823775,0.6299706990372541,0.8694014231896191,4075.272917538719,2.25826705734617,-1.5545816922075606,50.016743407283386,37.77922499665062,104.20424952334108,37.20753646472676,79.55076372765335,37.59923146556413,83.30409078501141,3048798.0,366768.0,2760738.0
3767.0,1165.0,7.255110167241837,1786.4239447836474,1786.7414388107247,1808.546854260685,0.419962835147332,0.7220599946907353,3844.668701884789,2.531324661534376,-1.002289233985132,39.54871250331829,33.99932930661003,98.69378563419164,31.840396798513435,83.26519199362886,32.8678587754181,73.50672825537558,509132.0,74266.0,492747.0
2238.0,953.0,6.900804289544236,1652.948614834674,1653.8092046470065,1672.8824843610366,0.4798927613941018,0.6992850759606791,4176.100089365505,0.9830205540661308,-0.8992199264942113,42.19839142091153,34.511546043361605,95.32902439472517,33.840990217702256,90.40955619311583,33.732547792132294,92.86742346624948,92003.0,20581.0,89971.0
2445.0,1028.0,8.986503067484662,2673.9926380368097,2685.6568507157463,2694.1112474437627,0.489161554192229,0.7337423312883435,6299.937014314928,1.8233128834355827,-0.5221180660415823,43.58691206543967,35.65222600409333,100.19256424355294,32.19844492959476,90.86075077650422,33.74195210397053,91.5512367805976,155633.0,24831.0,154304.0
2265.0,717.0,10.631346578366443,2818.639735099338,2882.6940397350995,2869.136865342163,0.4613686534216336,0.4759381898454746,5068.915673289183,1.7244150110375265,-0.9552127085836176,40.1766004415011,32.995104319769986,101.0122370495356,32.75131817912428,85.93951024546664,32.527259406015034,100.56960885272004,157631.0,35671.0,156853.0
2106.0,771.0,9.484330484330483,2489.7801519468185,2511.997150997151,2517.801044634378,0.654320987654321,0.7948717948717948,4389.908831908832,0.223456790123457,-2.294409852596196,48.90313390313391,36.00074494629284,94.32278794201514,35.59377145316222,83.8996787646219,35.6695548316691,91.81704615121248,1800809.0,260272.0,1799771.0
3738.0,960.0,8.293204922418406,2143.268325307651,2127.930711610487,2130.753344034243,0.5369181380417335,0.7597645799892991,4083.705724986624,0.7028089887640454,-1.572692485681742,42.03317281968968,36.021854014454014,104.84668354630595,35.415127266470314,83.68778028012842,35.55929401097729,98.59942925354734,786105.0,235331.0,781845.0
1895.0,791.0,7.381002638522427,1998.631134564644,1994.069129287599,2008.3598944591029,0.462796833773087,0.6643799472295514,4553.618997361477,1.8344063324538256,-0.7098713304101254,42.70712401055409,34.249949445382576,98.02151634564646,31.440130440105527,85.79507132506596,33.579984481266486,91.5822459050132,78119.0,18184.0,76986.0
3083.0,900.0,8.361012001297437,2032.860201102822,2126.994810249757,2144.223483619851,0.4563736620175154,0.6260136230943886,4303.916639636717,0.7451508271164439,-2.050409557051812,39.00097307817061,33.337536328682674,97.50839413562618,31.657031206035047,85.48803899480856,33.287477510058416,84.4569164841013,224517.0,55796.0,217859.0
3415.0,813.0,6.149341142020498,1484.9534407027818,1449.605270863836,1460.3994143484626,0.6219619326500732,0.8512445095168375,3958.174231332357,0.9842752562225476,-3.027707966473308,47.96193265007321,36.27675368482712,93.62758981107211,35.45908357791456,49.6186977056239,36.162704654071526,70.37848844376079,2007463.0,334511.0,1998993.0
2056.0,665.0,10.435311284046692,3037.591926070039,3052.084143968872,3049.0749027237352,0.578307392996109,0.5909533073929961,5763.692120622568,0.7446498054474711,-2.201652481760352,41.51264591439688,35.24432766634244,92.21271349756807,33.351056577334646,61.227421449902735,33.76924408706228,60.03756367266539,213285.0,53217.0,212619.0
2870.0,856.0,6.394076655052265,1650.9425087108011,1629.4522648083623,1678.1257839721254,0.5735191637630662,0.7930313588850174,3728.800696864112,1.7818118466898965,-2.400955213403545,49.79442508710802,34.01182258452427,96.91330564203548,32.921051761937974,73.55732043638889,32.35246659463231,88.26706722307419,459893.0,58919.0,449657.0
2178.0,844.0,7.411386593204775,1922.5707070707072,1947.0560146923783,1965.2162534435265,0.5766758494031221,0.7029384756657484,4204.07943067034,2.009733700642791,-1.6373543105971504,45.47750229568411,35.63668941249425,100.9234796752412,33.89764628295819,80.4399308497933,34.669178913642604,96.54914495728066,174296.0,32640.0,173046.0
2229.0,832.0,7.819201435621355,1903.0233288470165,1943.696724988784,1950.3571108120236,0.5190668461193361,0.6720502467474204,4183.16375056079,0.9784656796769856,-1.2371578702020352,44.97532525796321,34.855285388689374,100.22771136175952,32.630908802962274,70.95647028007184,32.45661487118489,88.52564302423703,224032.0,36723.0,220741.0
2369.0,968.0,8.11734909244407,2063.8155339805826,2055.9185310257494,2071.4613761080623,0.4710848459265513,0.7243562684677078,4111.52427184466,2.5292528493035022,0.3963168501071276,43.55846348670325,34.01607668821294,99.07298010012671,30.627314795099284,85.75426829235327,32.3810235149979,93.30191372116607,118062.0,18609.0,115314.0
3377.0,938.0,7.906425821735268,2021.769914124963,2051.284572105419,2054.005330174711,0.4883032277169085,0.7089132366005331,4475.940183594907,2.516286644951139,-1.4403344936403086,44.89191590168789,34.91562737755409,104.44114285578904,30.141810694403325,98.79502534616512,32.77555045513772,100.31860787177958,488162.0,95459.0,487266.0
3394.0,940.0,9.258691809074838,2268.419269298762,2271.9941072480847,2291.12846199175,0.5262227460223925,0.6638185032410135,4113.880966411314,1.2675898644667072,-1.703345868033446,47.1508544490277,36.491204666863226,91.09379400324286,35.57569995195731,68.67157167081848,35.87452583195268,74.35811393786977,1483749.0,139946.0,1469510.0
4679.0,992.0,13.717033554178244,3270.4917717460994,3290.582175678564,3233.909596067536,0.5210515067322078,0.7343449455011755,5412.050224406925,-0.2820474460354777,-2.9651417531220776,40.84419747809361,37.57563945462329,93.99739581442616,36.00284633347604,78.08471697410084,37.49958898672946,82.74976886857858,2306904.0,300790.0,2306008.0
2513.0,695.0,8.675288499801034,2350.274970155193,2387.658973338639,2388.096299243932,0.4970155192996419,0.7823318742538798,4713.494230003979,1.1815360127337835,-3.060530121671392,44.600079586152006,36.652829135296486,106.15974087266216,37.344254459362574,96.89704341583764,36.52340675716562,94.93527666414649,694834.0,127461.0,694786.0
2316.0,836.0,6.498704663212435,1501.5608808290156,1510.4434369602764,1533.1748704663212,0.4175302245250432,0.7698618307426598,4104.060017271157,1.5710276338514677,-1.9776582619468237,43.4153713298791,35.562823179620025,98.81532405958552,34.26379356303971,90.69069146891194,34.85156621891191,96.19020852806564,317082.0,59666.0,311977.0
2080.0,744.0,6.869711538461538,1699.472115384615,1711.7615384615383,1718.7504807692308,0.5326923076923077,0.7466346153846154,3627.2625,1.5421634615384616,-1.4343257849441269,46.87019230769231,34.23498236171235,90.7121481693122,35.63637757912456,82.98879673256377,33.747797810966794,98.43644678595476,245608.0,29023.0,244365.0
1996.0,891.0,7.609719438877756,1862.9478957915835,1863.0886773547093,1875.5986973947893,0.4313627254509018,0.6538076152304609,4169.640280561122,1.6746993987975949,-0.5044576847793718,39.49899799599199,34.54076550375938,100.08876982255649,33.1744194746867,79.55242537644112,33.47551830175436,87.27773445012537,64697.0,12880.0,63805.0
2575.0,895.0,6.975922330097087,1903.1433009708735,1904.2419417475728,1903.440776699029,0.4951456310679611,0.6368932038834951,3970.104077669903,2.6944854368932027,-0.0073261852576713,43.615533980582526,32.562758067625325,100.3226100318694,30.383907512631133,58.62248766770308,30.946796249125523,96.38437179168284,330795.0,61439.0,329451.0
2697.0,901.0,8.163885799035965,2028.3718946978124,2024.9929551353357,2039.352614015573,0.4653318502039303,0.6866889136077122,3762.093437152392,1.896737115313309,-1.1955814159916551,41.95402298850575,35.188353163144264,106.9578413018167,30.63812772551929,99.35710682981086,28.97088374267705,102.54761905710046,484089.0,65406.0,357415.0
3448.0,857.0,8.351508120649651,1807.6099187935035,1698.5145011600928,1830.7703016241296,0.3393271461716937,0.6104988399071926,4882.32337587007,0.9028712296983756,-2.3781523261703112,33.7877030162413,29.465279112239028,88.62508655365424,28.059062668793537,85.53963531960558,30.31501414762181,97.4976090788862,380655.0,121777.0,378433.0
2341.0,856.0,7.964117898334045,2041.2682614267408,2007.9218282785132,2057.9401964972235,0.493806065783853,0.7257582229816317,4417.348996155489,0.98808201623238,-2.2767437249405496,45.45493378897907,33.91032375630613,100.38994825224452,32.41651489349874,97.25213570658678,33.930632168020544,102.1440478884138,287817.0,45464.0,287623.0
4149.0,1041.0,8.867196914919258,2309.3473126054478,2306.579898770788,2336.8594842130638,0.3376717281272596,0.7421065316943842,4881.98553868402,0.6162207760906238,-1.0170710410398385,45.63027235478429,34.45873934121625,91.10189531998073,32.97766247562743,78.77796941216216,33.71500020149617,83.9472221949807,1558107.0,228046.0,1540124.0
4823.0,1045.0,10.767364710760935,2484.396641094754,2501.034625751607,2510.181629691064,0.4615384615384615,0.7041260626166287,5144.399129172714,1.4572257930748496,-2.662925775620567,42.16877462160481,35.660609524569765,92.89686342649792,34.68002415011404,82.56687638544464,32.08050409910844,79.2279507849885,1334106.0,213482.0,1332295.0
3945.0,1058.0,6.774144486692015,1491.5424588086184,1509.6065906210392,1519.7247148288973,0.4803548795944233,0.7376425855513308,3856.2618504436,0.7542458808618495,-3.146077445340948,43.02915082382763,36.65894373029155,65.1968753523447,36.00649999695821,51.548483573384,36.008640859569105,56.98626319898606,584711.0,92575.0,549558.0
2536.0,804.0,8.203864353312303,1809.7574921135647,1858.6037066246056,1854.439668769716,0.3544952681388013,0.4877760252365931,4428.390378548896,1.6380520504731853,-2.9398976768838505,35.043375394321764,37.40393668757398,76.23087917593699,36.13111671665354,63.14270057142866,36.22642008681928,68.237082637727,202934.0,57936.0,202181.0
1753.0,535.0,8.532800912721049,2117.6748431260694,1615.80661722761,2121.986309184256,0.4358243011979463,0.4980034227039361,5027.391899600684,1.057558471192242,-2.674588186609861,41.07244723331432,38.02868370964061,76.03649914774677,37.87658713566114,71.48423837435608,36.48039618103939,78.7874977509995,187777.0,40024.0,187409.0
1789.0,567.0,6.937395192845165,1790.3896031302404,1797.960871995528,1813.634991615428,0.4376746785913918,0.5718278367803242,4252.0262716601455,1.153661263275573,-1.310252194715386,39.54164337618781,36.01427191950811,99.63856488485185,35.16008114821029,84.48195986521246,34.71717252181208,95.74216857997762,135292.0,57625.0,132389.0
2534.0,763.0,8.066298342541437,2112.919494869771,2148.993291239148,2146.3989739542226,0.5047355958958168,0.7138910812943962,4832.175611681137,1.684925019731649,-1.6208177144012397,44.94475138121547,36.93294794788788,99.72395465258585,37.225121063166206,73.650923216739,36.483149480063176,80.28723858547175,325926.0,61965.0,323395.0
2753.0,746.0,8.262259353432619,2023.8063930257904,2049.5869960043588,2054.909553214675,0.4856520159825644,0.6552851434798401,3448.965492190338,1.929313476207772,-2.9763592639735066,47.57355612059571,37.44381578270353,93.65386885792142,33.97711461954946,64.06701432812501,35.61118843350297,69.47629735428778,534645.0,77703.0,534342.0
2245.0,751.0,9.457015590200443,2666.558574610245,2686.7336302895324,2703.893986636971,0.3968819599109131,0.7238307349665924,5394.543875278397,1.316926503340757,-1.790320351947165,37.86636971046771,36.12924668256801,95.13626130004452,34.327078886758805,72.9377314872938,35.69218636736513,72.64239605884976,126945.0,35791.0,126553.0
3363.0,834.0,10.130240856378231,2196.4332441272672,1973.5444543562296,2046.80969372584,0.4264049955396967,0.6033303597977996,4756.485578352661,0.9433838834374064,-3.712469954370781,37.77579542075528,36.91265736128464,92.65220134076708,36.16841382426411,51.71983107285161,35.639453455545706,77.00953640023785,413069.0,136898.0,408814.0
1493.0,551.0,8.144005358338916,2342.284661754856,2351.4715338245146,2347.6034829202945,0.478231748158071,0.6530475552578701,4732.300736771601,2.373074346952442,-1.5159024166280803,36.63094440723376,37.31451386501006,93.0632517447952,36.82587105238415,79.76928610476831,37.47525743854936,80.34369287038282,110053.0,38261.0,109977.0
3181.0,701.0,6.482867022948758,1549.9025463690664,1569.940899088337,1562.0647595095882,0.4926123860421251,0.8198679660484125,4291.788116944357,3.2976422508645094,-1.665127665025327,45.15875510845646,37.14663854800136,102.29272770664124,36.917993203966034,80.54273278281387,36.44145544129686,93.70991585143214,1158341.0,179247.0,1152148.0
3588.0,892.0,5.841415830546265,1322.7101449275362,1319.5002787068004,1329.0654960981049,0.5507246376811594,0.7968227424749164,3836.359253065775,2.484726867335565,-1.129352207715909,44.87458193979933,34.61948259771396,90.0500452263729,33.92621027642958,77.8386802072523,34.14854118349137,81.27199359202446,668377.0,109527.0,660981.0
2340.0,891.0,8.735042735042734,2160.109401709402,2182.063247863248,2210.692307692308,0.4645299145299145,0.5794871794871795,4314.635897435897,1.826410256410256,-0.7213409382253543,39.21794871794872,34.89482265412569,91.21262192133392,34.65004975952074,83.27354375909285,34.952564981608205,85.85473126005134,229810.0,62188.0,228547.0
2415.0,715.0,8.269979296066252,1822.393374741201,1849.2815734989647,1860.1474120082817,0.3821946169772257,0.5937888198757764,4843.650517598344,1.1611180124223597,-2.4192045994822715,33.2463768115942,37.53453801326151,78.23690711893913,38.13292480812268,61.74952898425202,37.96754504309988,69.71093691089936,148027.0,53408.0,147391.0
3164.0,809.0,11.460176991150442,3327.4238305941844,3344.4740834386853,3361.4690265486724,0.3116308470290771,0.7708596713021492,6237.238621997472,0.814538558786346,-2.8737522784491154,35.4614412136536,33.23491116429251,91.77167063164552,31.758308307156454,69.81635980189873,32.208243149461694,72.55899811297468,399785.0,120619.0,399555.0
2170.0,719.0,8.96405529953917,2082.9875576036866,2152.547926267281,2167.900921658986,0.4129032258064516,0.6488479262672812,4119.215668202765,2.4266359447004597,-2.216285263650743,36.92626728110599,35.82831520147533,87.23077581420004,34.66310477455046,84.23802367173812,35.40300301659751,87.11694217242963,156476.0,45177.0,155848.0
2505.0,842.0,7.4578842315369265,1827.1904191616768,1841.5493013972057,1862.3065868263477,0.4818363273453094,0.7720558882235529,4401.718562874252,2.19940119760479,-1.555124291370983,42.315369261477045,36.37396399041532,97.2011229852236,35.83411615415333,76.9766760870607,35.94667469009583,90.48028125998404,212822.0,40634.0,207990.0
3457.0,903.0,5.846687879664449,1366.5088226786231,1344.0124385305178,1365.8061903384437,0.4347700318194967,0.8044547295342783,3411.879085912641,0.772577379230547,-1.9024014558658244,40.48307781313277,36.788317181870845,93.66317786099036,35.79116216251451,70.19929214078776,37.76566111819236,90.18350805417136,508261.0,110697.0,502798.0
1837.0,668.0,11.389765922700054,2856.4975503538376,2860.718562874252,2864.370713119216,0.5508982035928144,0.5209580838323353,4549.589548176375,0.4251497005988031,-2.4890277292401097,46.11322808927599,34.49791701144416,91.50332090081736,33.11688890953679,90.80736234768388,32.106836105779706,92.42958041330422,404366.0,64474.0,404066.0
1576.0,653.0,7.681472081218274,1838.069162436548,1827.8337563451776,1849.868654822335,0.4974619289340101,0.5989847715736041,3648.149111675127,1.977157360406092,-0.9488263546987004,45.35532994923858,35.35537596698411,98.6002593619048,36.05606100444444,88.56384750412701,36.05993452507935,92.31356897460324,74495.0,13606.0,74087.0
2823.0,976.0,7.723698193411264,1831.4222458377608,1830.570315267446,1847.462274176408,0.4512929507616011,0.7474318101310662,3847.71307120085,2.0319518243003896,-0.1084449997188398,41.10166489550124,36.14953783806818,104.0063455014204,35.25454666927732,92.2663992011392,35.242079368907866,94.9445037371042,250686.0,46028.0,244919.0
2465.0,803.0,8.816227180527383,2220.178498985801,2231.342799188641,2234.351724137931,0.3533468559837728,0.688843813387424,4775.1050709939145,0.6921298174442186,-1.8572700072085928,37.5131845841785,36.253937148599256,101.848124317499,36.41987437231018,89.6862149407227,36.29285867722288,91.04356787007718,185353.0,59912.0,182284.0
5745.0,989.0,7.06858137510879,1676.510182767624,1710.8066144473455,1724.7965187119237,0.4231505657093124,0.7860748476936467,4892.652915578764,-0.0677632724107914,-2.8577151089223425,39.970409051349,38.21536400992344,80.07878186298738,37.804649499651866,69.63123879700542,36.42613174164345,87.82385565772975,1866060.0,444690.0,1851152.0
2727.0,942.0,7.306930693069307,1843.2841950861755,1865.0935093509352,1849.654198753209,0.4631463146314631,0.7920792079207921,4201.163916391639,0.9869453612027872,-2.4115368361435463,41.34213421342134,36.01848288118816,98.26452331499809,36.397246775944296,85.77518168023462,36.26096301356805,92.3446615148514,499881.0,137482.0,497705.0
2589.0,889.0,8.275395905755119,1909.251062186172,1879.889532638084,1921.0872923908848,0.5685592893008884,0.6948628814213982,3939.749324063345,1.2719969100038613,-1.6290033559999564,43.75820780224025,35.6983039543167,88.01554676943907,35.371498251063834,74.57374286537718,35.166254239551094,77.70490492147,400851.0,84834.0,400500.0
2209.0,826.0,5.578089633318244,1438.6550475328204,1374.1208691715708,1477.2403802625622,0.5115436849253056,0.8066998641919421,3705.741059302852,0.4934359438660027,-0.8667407369659809,49.18515165233137,34.190692138838486,94.17983960617065,32.92289217649727,82.82426951451907,32.845789764065344,90.32030673774956,252774.0,39473.0,251632.0
3540.0,835.0,7.508757062146893,1843.0457627118644,1854.540395480226,1879.3627118644067,0.5940677966101695,0.7084745762711865,4299.709322033898,-0.3415254237288135,-2.3726352208977444,55.217514124293785,36.27044048799087,94.5205577391923,36.29296730771396,84.20625385024059,35.45116725826496,87.69379071263113,1195343.0,133288.0,1195015.0
4503.0,1214.0,10.46679991117033,2527.215189873418,2521.152564956696,2557.11769931157,0.3115700644015101,0.4832333999555852,4845.039751276927,1.2103042416167002,-3.570482116451776,33.051299133910724,34.166120981119526,107.79208541981312,33.353562699466906,92.18162871723662,33.11615918725013,101.6673174191468,535555.0,190453.0,535022.0
3176.0,965.0,11.23205289672544,2880.8044710327454,2826.155226700252,2893.597607052897,0.3010075566750629,0.5617128463476071,5468.398929471033,0.644206549118386,-3.607400261147808,32.3992443324937,35.81248082514178,104.85636871725433,35.31397461354328,87.5517856180731,35.13164322323675,83.33434598520154,223341.0,84502.0,222906.0
5735.0,1201.0,9.98360941586748,2093.009067131648,2064.3093286835224,2089.016913687881,0.419180470793374,0.6634699215344376,4219.070095902354,2.169433304272014,-1.609137974484382,37.387968613775065,36.57564451979764,98.24618541845476,34.16910344932846,87.79974769126136,36.2271230645386,96.33511719379054,2176416.0,454637.0,2166426.0
3173.0,996.0,9.117869524109675,2121.380712259692,2114.1465490072487,2159.857232902616,0.3911125118184683,0.6268515600378191,4131.140560983296,1.350204853450989,-1.981377977301216,39.28458871730224,35.9442181986734,93.30495440555916,31.313449455148465,93.15993225268473,36.12178812665823,83.31234198168035,850990.0,170609.0,848510.0
2308.0,778.0,6.550259965337955,1483.973570190641,1562.671143847487,1590.4064124783365,0.3812824956672443,0.7495667244367418,3777.2716637781623,1.6227036395147316,-2.7921763422009267,37.24003466204506,35.43610453715772,103.3881792811822,34.316015972620555,93.00425835419394,35.36783494915251,89.74301106171235,120193.0,37417.0,117151.0
2353.0,784.0,8.833404164895878,2416.588610284743,2422.651933701657,2426.841478963026,0.4628134296642583,0.6328091797705058,4560.7152571185725,1.492095197620059,-1.7664062475087663,41.330216744581385,33.62042943276595,95.69283115617024,32.593445046808505,77.04208671404258,33.26287410510638,89.48999241063832,149139.0,30201.0,148994.0
2916.0,778.0,7.286351165980796,1763.022976680384,1766.343621399177,1761.3573388203015,0.3597393689986282,0.7520576131687243,4214.161179698217,2.899794238683125,-2.9978654734137864,35.713305898491086,33.45248359416812,100.35120343396234,32.52944203087483,95.68533896843908,33.370870147855946,96.34171124013729,505289.0,240478.0,504747.0
3030.0,780.0,7.695379537953795,1725.8013201320132,1740.9250825082509,1747.3844884488449,0.5693069306930693,0.7693069306930693,3905.1270627062704,2.1068976897689726,-2.262156676707233,49.28382838283829,34.88222124430507,93.92808692472757,33.70655665335096,97.28896109805213,33.74348533080226,89.94431510333442,781863.0,105303.0,780039.0
2889.0,975.0,8.917964693665628,2056.0384215991694,2061.8985808238144,2083.083766009,0.400484596746279,0.6026306680512288,4118.750432675666,0.9516787815853228,-4.070727663487114,36.55936310141917,34.15364825545176,100.1161463617168,32.105807136033235,82.01873479127727,32.99268634890967,88.18656941433021,132225.0,38516.0,131434.0
3413.0,1003.0,14.345736888368004,3234.5962496337534,2772.5449750952243,3199.4904775857017,0.3726926457661881,0.4582478757691181,5383.031936712569,1.4327278054497494,-3.468764013656991,37.316144154702606,35.803991455903954,93.27732303779662,35.414139422209225,89.89455735423378,36.623261470260815,87.27466793466154,365057.0,123713.0,364352.0
2869.0,959.0,9.636110142906936,2250.6134541652145,2212.598466364587,2276.7023353084696,0.4433600557685604,0.5416521436040432,4077.938654583479,0.4110142906936211,-3.217076406379137,39.85709306378529,32.84658090798188,103.5773386019518,31.21582390867896,95.2200570540258,31.17743105158591,98.84959311432549,244163.0,59453.0,243934.0
2878.0,1003.0,8.30090340514246,1900.3123697011813,1941.3387769284225,1939.0938151494088,0.4888811674774149,0.682765809589993,4099.463516330785,1.174426685198053,-2.983106590048528,38.26268241834608,33.81187119158557,99.34521863769118,34.50985927573019,84.25009984874828,33.301620298678735,76.04309850173853,192541.0,49059.0,191912.0
2642.0,859.0,7.123769871309614,1785.641937925814,1821.99242997729,1828.9371688115064,0.4689629068887206,0.6578349735049205,4125.528009084027,1.343792581377742,-2.7584669104771384,42.081756245268735,36.30179895079486,95.05735787736556,35.12477027781982,69.91857801173353,34.68722372710067,75.73277228879631,284442.0,53094.0,284351.0
1647.0,661.0,6.633879781420765,1696.4499089253188,1734.622950819672,1729.3922282938677,0.4656952034001214,0.6824529447480268,4107.772313296903,0.7444444444444448,-2.316999346693434,47.23132969034609,34.771393799635675,103.83439749423198,32.76482399757133,96.1750717698847,32.680463748026696,97.99040963873716,148795.0,19459.0,138933.0
1886.0,633.0,9.33934252386002,2407.4607635206785,2405.172322375397,2407.365323435843,0.4236479321314952,0.6033934252386002,4353.948038176034,2.262036055143157,-1.0246273132782353,39.11452810180276,34.98428783289124,90.9664939676393,32.11063550875332,78.28425280848809,31.34105190822282,88.80988627745364,226012.0,58860.0,225856.0
2143.0,744.0,7.790013999066729,1920.879608026132,1914.0998600093328,1931.0233317778811,0.4778348110125991,0.6976201586560896,3832.668688754083,0.9526364909006058,-1.555880561567328,44.80634624358376,34.25855854787483,98.99702101728164,33.81845555815039,74.25022298692203,33.357990480616536,91.82999723213452,158260.0,30778.0,158042.0
4587.0,911.0,10.64421190320471,2559.5140614780903,2555.2047089601047,2576.4122520165683,0.3658164377588838,0.4728580771746239,5194.051449749291,1.3220405493786784,-4.996257007948345,38.54589056027905,36.30160734212826,97.16037131923228,36.5239288185783,63.30987610859146,36.30710647371867,78.16788822268268,972768.0,196382.0,968590.0
6697.0,1770.0,7.170225474092877,1526.1134836493952,1549.149619232492,1548.6038524712558,0.2950574884276541,0.7152456323727042,3477.5044049574435,2.314499029416157,-1.0806864502944975,33.014782738539644,34.567807824522106,101.10109835334528,32.48488067727002,78.89988832243127,32.814752705495806,81.22841365501787,507491.0,143513.0,499465.0
1518.0,663.0,7.647562582345191,1798.824769433465,1815.509881422925,1838.8399209486165,0.3939393939393939,0.6963109354413702,4032.0032938076415,1.7061923583662717,-1.8772698661981668,39.47957839262187,34.66310566556725,103.86136279683384,33.77314796503955,96.10647181860162,33.886793647757216,98.50292333377313,99460.0,34141.0,98476.0
2068.0,716.0,7.603965183752417,1805.9497098646036,1618.201160541586,1825.184235976789,0.4613152804642166,0.6658607350096711,4173.676015473888,2.2434719535783363,-2.393757228623832,49.09090909090909,33.105184208897484,95.0426023167312,32.48838499177949,86.74642835735017,32.54272765135396,90.63721786363644,436945.0,62133.0,433889.0
2194.0,734.0,9.022333637192345,2132.145852324521,2159.645852324521,2161.871923427529,0.4261622607110301,0.6417502278942571,4098.572014585233,1.229307201458523,-1.7888082655484383,41.63172288058341,35.48065269585043,103.93796691062472,34.32452516917464,78.14292864979487,34.50151722070222,98.21945333105344,176509.0,34078.0,176287.0
2742.0,815.0,9.595915390226113,2300.1765134938,2308.429978118162,2256.54121079504,0.412472647702407,0.5233406272793582,4310.581692195477,1.4871991247264755,-2.9802335232739225,41.50619985412108,36.06991294638954,99.60402752698757,35.014013844103744,88.70890280467327,34.38575621715332,94.005153740511,240850.0,44678.0,240373.0
1838.0,677.0,7.375408052230686,1961.645266594124,1970.9227421109904,1972.4412404787813,0.485310119695321,0.7002176278563657,3997.917845484222,2.282644178454842,-1.6556265131472256,45.33732317736671,35.19885426115341,100.22201842546248,33.96581823952094,90.01022398585422,34.68074725571272,94.52245607399352,173138.0,27839.0,173069.0
2955.0,796.0,10.771573604060912,2381.9966159052456,2384.66192893401,2419.5150592216582,0.2876480541455161,0.5001692047377326,4199.141455160745,-0.1467343485617596,-4.641812485950638,31.583756345177665,36.298001730287694,102.35030563485604,29.489010692724207,96.38130957225032,31.27518202335028,98.27756060846008,361917.0,220284.0,361810.0
4534.0,823.0,6.806352007057786,1509.9823555359503,1492.0639611821791,1538.6248345831495,0.4287604764005293,0.8039258932509925,4339.809439788266,-0.5144684605205091,-2.784605655733794,39.355977062196736,34.827551999338255,98.91709037538642,33.30667192122676,92.7616161043694,34.6744122152317,94.33059452340017,1337196.0,293683.0,1332563.0
1913.0,734.0,8.746471510716153,2135.626241505489,2147.843178254051,2151.855723993727,0.4411918452692107,0.6455828541557763,4186.405122843701,0.9038159958180868,-2.433934898799789,43.79508625196027,35.707122556253246,99.72191701098907,33.46334777655673,91.76675573417062,33.82692075928829,90.63111034850868,91682.0,18437.0,90180.0
1433.0,595.0,7.764829030006978,1890.787857641312,1861.4891835310536,1901.5680390788557,0.4263782274947662,0.5715282623866015,3906.904396371249,1.1561060711793445,-1.6837057375947486,40.07676203768318,35.38423782180292,96.81323958071278,28.262820244584187,96.64836274912648,29.39989298951779,96.89756620055904,67973.0,16647.0,67520.0
2353.0,778.0,6.605609859753506,1469.6085847853803,1490.2970675733106,1493.3161920951975,0.4207394815129622,0.7407564810879728,3445.9464513387165,1.0421589460263492,-2.096024606381483,38.63578410539736,35.50277297959184,84.16392788605442,33.29247558163266,79.88857662117344,34.39881037925169,85.36893420280613,134633.0,34145.0,133910.0
1215.0,558.0,8.156378600823045,2168.751440329218,2193.162962962963,2199.384362139918,0.5670781893004115,0.5522633744855967,4164.283127572016,2.4150617283950617,-1.245735156437661,52.32921810699588,33.02254371522632,101.26713807407413,35.53998177037037,91.5925789670782,33.83251982222221,97.71505037448564,85669.0,9824.0,85422.0
1636.0,547.0,9.29156479217604,2310.6735941320294,2345.921760391198,2359.4132029339853,0.4309290953545232,0.565403422982885,3975.594743276284,1.9391198044009768,-2.6144200782982208,40.70904645476772,35.8268932359413,98.99106350733504,32.8066041656479,75.83101824266502,34.14700411980438,93.30000018948658,93398.0,18782.0,92462.0
1349.0,573.0,7.979985174203113,1914.0281690140848,1992.5322461082285,1983.296515937732,0.4907338769458858,0.6501111934766494,4146.089696071163,1.579614529280949,-1.067159099666484,39.78502594514456,33.49783852409189,105.44450875611572,30.43912003409932,97.55380585248336,30.36064315715343,99.02713465455896,40643.0,8591.0,38323.0
3571.0,854.0,8.193503220386447,2049.256510781294,2044.4085690282836,2056.100532063848,0.6160739288714646,0.6785214225707085,4171.876505180621,2.7825259031083736,-1.506305958798404,50.18202184262111,34.85052999635962,93.35201822346676,34.80952675945119,80.91415829207504,34.878661349481995,85.7554234402128,894597.0,109406.0,884566.0
3788.0,835.0,6.592925026399155,1850.4192185850047,1831.501847940866,1846.112196409715,0.555702217529039,0.7679514255543822,4214.38489968321,1.4727032734952434,-3.5843960597628555,51.9350580781415,33.22409460364399,94.35803878214932,33.43426990520196,85.78231704541844,31.1863152292052,96.78213097491415,976723.0,162722.0,973917.0
7230.0,1691.0,8.423928077455049,1951.508990318119,2027.19612724758,2003.179944674965,0.4824343015214384,0.7269709543568464,4388.473997233748,1.598257261410789,-3.4400791520019687,45.10926694329184,31.524460898173693,102.03398265347909,32.7843693175591,70.7626352768016,32.62133154466135,78.52203105021421,1215696.0,237815.0,1189471.0
6530.0,1455.0,9.395252679938745,2570.507044410413,2565.0790199081166,2618.4969372128635,0.5434915773353752,0.7846860643185298,5436.967687595712,1.4258805513016843,-4.159388232261614,50.18683001531394,29.9968362306632,105.53855779123896,28.81686081589836,94.72140921396834,30.110302737818,98.39622720600389,1803800.0,329589.0,1799791.0
3421.0,1050.0,8.700380005846243,2359.177433498977,2361.003507746273,2385.5033615901784,0.5206080093539901,0.7474422683425899,4693.544869921076,0.8163110201695412,-3.5091633130327167,48.34258988599824,31.429866037123656,103.76339625401911,30.501085136842075,87.00411985497065,31.16524146165107,99.85006849239744,654736.0,101492.0,654008.0
2606.0,927.0,11.087874136607828,3150.0306983883347,3138.228702993093,3171.231005372218,0.4282425172678434,0.6162701458173446,6409.471220260936,1.1399846508058336,-3.1886290016272407,42.09900230237913,31.258192934765944,102.32852619339975,29.582300887950883,90.4636159339984,30.53085303072197,94.32202911511888,134989.0,29472.0,134192.0
2301.0,880.0,9.148631029986962,2568.026944806606,2570.740547588005,2590.032159930465,0.368535419382877,0.5136897001303781,4594.882659713168,0.1223381138635378,-4.057418607577636,39.23511516731856,32.84111613782609,102.656591003913,33.08052276913044,82.57725759347828,33.033131342036555,95.77324686869564,145904.0,51834.0,145033.0
2021.0,905.0,7.616031667491341,2273.536368134587,2270.856506679861,2307.5338941118257,0.4319643740722415,0.669470559129144,4710.54824344384,0.5525977238990599,-3.040476550946043,44.571994062345375,32.22253810495047,90.8604602430693,31.10133162277226,80.1700262569307,31.66518289885968,89.23315283762379,108171.0,24363.0,100658.0
1897.0,763.0,9.197680548234054,2573.639430680021,2538.0342646283607,2580.285714285714,0.5023721665788087,0.6262519768054824,5249.430680021086,1.5896151818661046,-3.021153348072781,47.00579862941487,32.481887402535634,93.90552381510824,32.100031693608,66.85010236291596,32.52880603860389,77.77547989804538,123687.0,21215.0,123043.0
3312.0,887.0,10.546195652173912,2856.975543478261,2855.215579710145,2883.35809178744,0.4483695652173913,0.5241545893719807,6687.363224637681,1.098097826086956,-4.16257474927632,42.22826086956522,34.13304214847297,89.20224739280312,33.69011023193228,67.8728069709707,33.99545847549912,76.10002424349669,837241.0,146898.0,835016.0
2755.0,889.0,11.634845735027223,3514.0860254083486,3427.758983666062,3534.4696914700544,0.4395644283121597,0.532486388384755,6856.564065335753,1.03546279491833,-3.4047484880033885,42.94010889292196,32.30276368241282,98.67172043132264,32.27237263652871,80.99803205628176,32.093439331275,90.612778328369,381522.0,64672.0,381291.0
2037.0,798.0,11.459008345606284,3336.742758959254,3352.0,3367.3014236622485,0.5787923416789397,0.5252822778595975,6120.830142366225,0.6948453608247422,-3.515235080235496,50.6087383406971,33.959652149900386,85.16384363645422,34.02479232220038,87.37592911640473,33.623387503929266,87.6838508772102,328425.0,44833.0,324164.0
2582.0,885.0,10.024786986831913,2844.2738187451587,2841.228505034857,2876.7621998450813,0.390007745933385,0.6758326878388846,6037.967467079783,0.7974825716498843,-3.6630268260201806,38.28814872192099,34.28793487412859,96.9635247164988,33.89188174206041,83.0928356022463,33.69773025019366,82.87086443338492,192969.0,45659.0,192883.0
4676.0,990.0,16.29426860564585,4192.305389221557,4284.685628742515,4265.866552609067,0.5040633019674936,0.5367835757057314,6917.560307955518,1.1897562018819487,-3.446466775200992,43.94568006843456,35.73691634160419,100.1101830934762,35.3069973818181,83.79233643679152,35.17340411550794,93.60174241860985,1750901.0,300776.0,1747920.0
2929.0,940.0,14.461932400136565,4099.695117787641,4197.498463639467,4200.913280983271,0.3537043359508364,0.4155001707067258,7093.947080914988,0.715875725503585,-3.215293983239762,38.48753840901332,34.36723518961397,92.7705140983942,33.10055932832254,69.63868547488893,33.838314193030435,75.6426365688418,403394.0,91225.0,403158.0
2861.0,884.0,12.403355470115343,3454.4729115693813,3462.447396015379,3469.541419084236,0.4819993009437259,0.4631247815449144,6636.775253407899,0.609716882209018,-3.157901899415282,36.68297797972737,31.13767358601401,95.65484868531452,30.576925086713285,74.73449483251741,30.44975795874125,82.75966150139851,283838.0,84670.0,283531.0
2822.0,834.0,11.493267186392629,3118.07760453579,3096.1389085754786,3125.574060949681,0.4000708717221828,0.5815024805102764,6279.400425230333,0.3069808646350105,-2.840210627436586,36.871013465627215,34.73238428652483,83.57130001524817,31.66552724237043,87.63452294007092,34.65316008658621,81.38159467553191,216462.0,95479.0,215411.0
2372.0,831.0,9.586424957841484,2528.7698145025297,2535.0358347386173,2527.135328836425,0.5834738617200674,0.5586003372681282,5229.636172006745,0.7480185497470478,-2.8371774132783973,46.55143338954469,34.20653416526139,98.21826425632368,32.2258763208263,93.54605769561545,32.782495865514335,81.58489822681274,266393.0,52375.0,265534.0
2489.0,986.0,8.709521896343913,2293.058256327842,2298.0349537967054,2328.353957412616,0.4475693049417437,0.6504620329449579,5165.082362394536,0.7919646444355164,-2.9194707208915784,43.551627159501805,34.33793968370222,97.84094707726354,32.95766691106639,86.98970673802818,33.829078726760564,93.26424715653924,124915.0,26197.0,124432.0
4233.0,1004.0,10.379636191826128,2670.706354831089,2706.466572171037,2702.5424049137728,0.4162532482872667,0.5206709189699976,5946.141270966218,-0.0519253484526327,-3.522983721160251,39.390503189227495,36.025881405245855,102.92954325236282,32.12628511481226,101.87145366832004,33.03596563879054,102.01083800283467,559476.0,127183.0,545157.0
4760.0,936.0,19.609033613445376,6078.342016806722,6071.873529411765,6102.656512605042,0.4153361344537815,0.5771008403361344,8750.433823529413,-0.034453781512605,-4.281225583395283,39.34033613445378,35.07004457609611,92.21438470847376,33.42760101538785,85.12727281576716,34.67078792390386,88.15440701370137,1165882.0,275405.0,1163671.0
1583.0,684.0,9.240050536955149,2492.740998104864,2486.3663929248264,2496.985470625395,0.4403032217308907,0.5988629185091598,4900.216677195199,0.8960202147820596,-2.801138094072089,44.061907770056855,34.70228697155498,102.45927164412136,32.94256830720606,90.52343692793934,32.95837468963336,93.78423831542354,73494.0,13806.0,68601.0
6294.0,1530.0,10.618843342866224,2391.53558945027,2247.7453129965047,2360.736256752463,0.4755322529393073,0.6771528439783921,4695.374642516683,-0.1544804575786466,-4.392035263366239,43.8544645694312,35.29562951597518,100.23981124924497,34.558334030678715,86.22287453107609,34.76448491384515,93.24935382546496,1215204.0,244012.0,1212266.0
2607.0,947.0,9.787878787878787,2682.2082853855004,2677.437667817415,2696.729957805908,0.3759110088224012,0.586114307633295,5512.279248177983,1.165170694284618,-2.899610301009196,38.81856540084388,34.85470891481199,88.27377398810435,33.593280595165005,78.85270628319263,33.941339132770544,82.97533360168838,142754.0,35381.0,141050.0
3788.0,1197.0,9.180306230200634,2417.9213305174235,2434.9345300950367,2447.5876451953536,0.483104540654699,0.633051742344245,5909.895987328406,0.3813357972544891,-3.18830279875895,43.48732840549103,32.45905673178464,93.7754699524816,31.881170568901844,89.6204575757656,31.777984413146843,93.28705075000003,549598.0,101196.0,515031.0
2435.0,1027.0,8.120739219712526,2150.013141683778,2165.0135523613963,2176.0242299794663,0.4648870636550308,0.6616016427104723,4344.987679671458,0.266694045174538,-2.9158508436008392,44.18891170431211,34.684353317864456,102.97637721108832,33.27476691006158,90.12316600616025,33.09810790924022,92.51613695400415,84861.0,16107.0,84099.0
3269.0,796.0,7.726827776078311,2151.7613949219945,2163.081676353625,2169.1890486387274,0.4860813704496788,0.6592230039767513,4829.276231263383,-1.168063628020802,-3.322790878565674,45.28296115019884,37.095674043771055,89.58656693602676,34.49623615365784,85.66813724242412,35.72931838353236,89.89412205601452,807164.0,122738.0,806659.0
4367.0,1186.0,8.751316693382185,2131.4566063659263,2095.1213647813142,2156.814517975727,0.4914128692466224,0.706663613464621,4350.9129837417,-0.2065720174032527,-3.6774293105278217,42.65857568124571,35.56852625332116,86.2740502753091,35.507272576271205,68.26316670636724,35.74462927874488,73.50990239647271,669244.0,129851.0,664902.0
3389.0,839.0,11.456476836825022,2727.2269105930955,2785.5299498377103,2390.0059014458543,0.4352316317497787,0.4815579817055178,5403.493655945706,-0.7048982000590143,-3.5087625550390804,39.01150781941576,34.31804011452187,100.57668184090896,35.02786825324677,93.41491510212506,35.25603998671785,81.51825504663509,660578.0,178083.0,660144.0
4138.0,988.0,8.679313678105364,2413.163847269212,2401.068632189464,2426.9910584823588,0.5033832769453842,0.6993716771387144,5004.392701788303,1.5488158530691185,-2.992317146073153,45.41565973900435,32.52009275658698,101.66135058907408,31.405075700749435,73.49477745395198,32.188351451051595,84.0358915032631,1040644.0,137086.0,1039643.0
2707.0,794.0,8.970077576653122,2272.4732175840413,2187.272626523827,2301.0147765053566,0.2988548208348725,0.5951237532323606,5035.49575175471,0.855005541189508,-2.512733992258364,31.51828592537865,34.951080011451786,98.49183296342812,34.569013514591795,86.97034509087551,34.89397952271887,90.47196671813816,125310.0,55275.0,123465.0
2172.0,791.0,10.55524861878453,3040.982044198895,2993.056629834254,3066.0451197053408,0.4848066298342541,0.6206261510128913,5118.662062615102,0.508057090239411,-1.8985182404648764,44.350828729281766,32.22784044060772,97.35267969521182,31.376084270257813,86.80359457274405,31.402940276243086,90.14453084806637,196529.0,34463.0,196380.0
2214.0,743.0,9.449864498644986,2504.29674796748,2536.176603432701,2538.598012646793,0.4796747967479675,0.6684733514001807,6562.538843721771,0.3623757904245711,-2.257549729863236,42.163504968383016,34.745138591402714,100.33504386787328,33.77152219457013,87.75173041131218,32.8102982280543,95.3851612895927,142996.0,28717.0,141642.0
2494.0,766.0,9.763031275060143,2758.886928628709,2762.3299919807537,2796.6643945469127,0.4903769045709703,0.58700882117081,5697.137129109864,0.3639534883720922,-2.5460911051811044,47.87089013632718,33.95616356678704,99.23228163618118,33.574679883674314,98.63694099679094,33.38127713598076,93.42340939229835,528085.0,72137.0,527915.0
2915.0,989.0,8.744082332761579,1917.7001715265867,2079.1780445969125,2094.9499142367067,0.4061749571183533,0.6511149228130361,4370.794168096055,0.7546826758147502,-2.037276602915078,43.46140651801029,35.00181587431321,85.8827247688872,35.49945820570057,71.9344634883242,35.79915683585168,80.37990977163466,375240.0,73363.0,360204.0
3292.0,1013.0,8.727521263669502,2210.536148238153,2213.0707776427703,2228.8860874848115,0.3453827460510328,0.7044349939246659,4647.907351154314,1.4448055893074094,-1.7880216527354835,39.82685297691373,35.39748203859015,102.8321992959585,34.20973653691891,88.234279040717,34.81388236645401,94.13191639380116,356246.0,89480.0,351743.0
1867.0,732.0,9.035350830208891,2430.7627209426887,2453.9833958221748,2452.960364220675,0.4611676486341725,0.6229244777718265,5274.554365291912,0.9783074450990896,-2.219610950639592,41.183717193358326,35.32929473701123,89.93849150026782,35.144027594319375,70.63549523352972,35.4983464369973,69.38242173701127,113833.0,28573.0,113649.0
3369.0,710.0,8.477886613238349,2725.355298308103,2784.9492430988425,2763.650934995548,0.3481745325022262,0.628673196794301,4962.968536657762,0.2899673493618283,-3.798515304998046,31.10715345799941,35.96219422443519,94.45895539357896,34.66000818787161,74.91924695451827,35.66210902051129,91.44320510671815,469487.0,145237.0,469374.0
1256.0,548.0,8.169585987261147,2254.4673566878982,2254.7141719745223,2264.6767515923566,0.4315286624203822,0.5875796178343949,5187.525477707007,1.7125796178343928,-1.882740566321964,44.31528662420382,33.324443212579595,93.72977173407642,30.541680023885345,74.62811151910824,32.942981116242024,87.12261940286623,96453.0,14742.0,96224.0
1487.0,537.0,7.794889038332212,1974.4351042367184,1992.9132481506388,1967.5662407531945,0.5487558843308675,0.6785474108944183,4996.18291862811,0.7190988567585733,-2.6043786973179515,51.2373907195696,33.78468310430683,93.62812738156131,33.03625793674291,90.46293646837157,32.248498814939424,102.18180755989243,262630.0,38305.0,262500.0
1200.0,497.0,10.395,2513.563333333333,2495.668333333333,2549.54,0.4366666666666666,0.4141666666666667,4507.240833333333,0.0832500000000003,-3.028789361637499,40.29166666666666,34.732559703333315,98.58231315500004,34.93404730416664,87.25709284250006,34.66380406583332,86.19970687666672,61546.0,12229.0,61419.0
866.0,414.0,9.473441108545035,2335.7494226327944,2303.2621247113166,2378.698614318707,0.3279445727482679,0.5092378752886836,5187.924942263279,0.5284064665127022,-1.9544294602714127,35.26558891454965,35.80010759606479,78.04421696412044,34.04074619675924,59.85758735069449,33.78514263078702,65.61723845486115,26916.0,9298.0,26891.0
573.0,271.0,8.239092495636998,2252.6841186736474,2277.9720767888307,2287.216404886562,0.4136125654450261,0.6649214659685864,5428.60907504363,1.3310645724258294,-1.3169294239376987,41.27399650959861,32.23728641710296,100.95531564921468,32.252387069808016,96.0278678272252,31.47658346247818,97.81248289703318,11605.0,3291.0,11569.0
745.0,370.0,8.687248322147651,2131.4765100671143,2157.2953020134228,2161.61610738255,0.4684563758389262,0.512751677852349,4283.154362416108,0.9159731543624168,-2.0724141896927417,47.18120805369127,35.531956813172016,101.56487082526886,34.66473434005374,79.72310640994628,35.99370240591395,83.67005006720439,25258.0,4755.0,25252.0
1294.0,471.0,6.306800618238022,1743.3454404945903,1735.970633693972,1741.887944358578,0.5765069551777434,0.7264296754250387,3984.389489953632,1.4947449768160737,-2.079893151966303,47.60432766615147,35.46015877279751,85.58063467774348,35.397064872488386,76.3757476081917,35.37099419706334,80.00726885780531,145554.0,25756.0,144934.0
2059.0,638.0,8.536182612918893,2209.1947547353084,2222.427391937834,2230.8173870811074,0.4759592034968431,0.6202039825157843,3957.1000485672657,1.0676542010684764,-1.4950456701871555,45.225837785332686,36.39231875949369,96.69699586173324,35.02567585102242,87.87675513193773,35.67760933057451,88.82104269133404,419909.0,64849.0,402146.0
2099.0,738.0,7.994759409242496,2091.8875655073844,2108.1167222486897,2119.676989042401,0.5002382086707956,0.578370652691758,4566.049547403525,1.029204383039542,-2.5884209719313818,46.288708909004285,33.401838305781176,96.68243053320592,30.51710086239844,81.19242204252268,31.33996278929764,86.3258344825609,125373.0,21509.0,121229.0
1548.0,680.0,6.89922480620155,1941.871447028424,1953.6925064599484,1966.117571059432,0.4864341085271317,0.6866925064599483,4248.293927648579,1.0572351421188626,-1.675501405191438,48.88242894056848,34.049341382276815,94.27591435187584,34.442726119016804,77.98533384023291,34.692217158473454,84.6482367276844,179634.0,20451.0,178613.0
1925.0,574.0,6.074285714285714,1501.5568831168832,1547.8716883116883,1525.7776623376624,0.6207792207792208,0.7553246753246753,3906.486233766234,1.6850389610389558,-0.7751514762405541,47.73506493506493,36.68366273558447,102.96273194597396,35.56829344155849,99.1081685023376,36.63191066857146,98.0896412498701,390970.0,51923.0,390714.0
1298.0,487.0,5.7819722650231125,1673.324345146379,1619.251155624037,1717.8782742681049,0.4268104776579353,0.7673343605546995,3820.4738058551616,0.7827426810477659,-3.059494499615775,41.97996918335902,35.20707744178872,100.42524404857367,36.33847467309174,87.62888675867389,35.411887086353104,91.24050980262147,72295.0,14209.0,70018.0
2164.0,576.0,10.858133086876157,2632.8128465804066,2786.764787430684,2834.7056377079484,0.6095194085027726,0.6335489833641405,5490.691312384473,-0.7160351201478746,-2.047751965619439,43.313308687615525,35.08025806287566,99.57006456819224,34.157239048566126,89.41122087055007,34.48997159805736,90.40252448497448,525854.0,97875.0,475164.0
1775.0,631.0,7.184225352112676,1778.8219718309858,1688.3301408450704,1791.6247887323943,0.5273239436619719,0.7391549295774648,4033.030422535211,0.2043943661971826,-2.666940644315535,47.72394366197183,33.99366339458851,101.092340910372,31.61571145828636,92.1418074599774,33.44536666516348,95.67631542390068,151774.0,24869.0,147706.0
2703.0,747.0,8.128745837957824,2303.871994080652,2314.3958564557897,2320.8386977432483,0.4361820199778024,0.5641879393266741,5224.128375878653,1.5601553829078778,-1.6444774617091162,41.09507954125046,35.4217508837468,99.08982353831902,34.82381154757499,80.8532656131062,34.7283315479452,79.14306284783417,441944.0,93532.0,441591.0
2048.0,790.0,8.73876953125,2333.4921875,2318.978515625,2354.09814453125,0.49072265625,0.59228515625,4601.1865234375,0.4759765625000001,-2.683647346698516,48.0029296875,33.34620472678393,91.75959312218966,33.315380253665666,78.27345148484851,32.71190862756595,86.44075818279575,183945.0,24730.0,183569.0
3039.0,750.0,14.24317209608424,4218.94241526818,4242.647910496874,4243.969726883844,0.5844027640671273,0.6314577163540639,7160.143797301744,0.8748272458045387,-2.087415885816416,48.97992760776571,37.12561649506251,84.96560353851206,37.05853493447479,78.64444654988463,37.226445894632846,79.35002822160017,1028872.0,125348.0,1028703.0
3017.0,602.0,10.43818362611866,2332.83162081538,2346.2717931720254,2397.025853496851,0.6453430560159098,0.5720914816042426,4389.411667219092,1.1190586675505474,-2.242521059084118,47.6731852833941,34.34018944131309,100.15023172645864,35.106118732427134,96.33091549734714,32.805169908819714,100.91970588063629,796294.0,139869.0,771692.0
2201.0,700.0,8.552476147205816,2169.955474784189,2179.3253066787825,2201.855520218083,0.4202635165833712,0.6824170831440255,4383.054520672422,0.5739209450249885,-1.635408427217627,45.98364379827351,33.77451966104784,93.69701280501138,32.35195214533029,89.86912673804103,32.9363181581586,91.60980434001824,380047.0,72142.0,379930.0
1184.0,437.0,10.03885135135135,2559.9780405405404,2572.070945945946,2570.172297297297,0.5287162162162162,0.5599662162162162,4279.5785472972975,1.4680743243243242,-1.5900813843163557,37.53378378378378,32.872685738799646,96.68805424175828,33.82485600846738,79.94120059610499,33.211009261642644,69.02370571210838,62223.0,18736.0,62196.0
1427.0,569.0,7.383321653819201,1964.782060266293,2000.5360896986683,1997.9088997897688,0.5052557813594954,0.6944639103013315,4199.637701471619,1.1606166783461804,-1.7726033426540415,47.55430974071479,34.46258913043475,103.8768524950912,33.5265945420757,98.641277740533,34.02327501192142,101.14016907152882,108666.0,14638.0,103786.0
1277.0,567.0,13.721221613155834,3908.341425215349,3911.091620986688,3945.043852779953,0.5090054815974941,0.5160532498042286,6768.982772122161,1.1982772122161298,-1.8703842078438628,44.768989819890365,34.050340613333326,99.83663805098044,32.39513994348508,85.7377199317112,35.052774312941175,97.02659756000004,72881.0,13519.0,72856.0
1529.0,587.0,8.108567691301504,2244.062132112492,2216.6350555918903,2231.2027468933943,0.5958142576847613,0.7069980379332897,4766.19359058208,1.542184434270765,-1.0031014739578188,53.09352517985612,35.33265417658603,95.65588295356442,35.724561705339525,77.95402209624258,35.59131250564786,81.944190572093,383818.0,41838.0,383543.0
2261.0,745.0,8.203892083149048,2023.7532065457765,2024.173816895179,2048.809818664308,0.453781512605042,0.7138434321096859,4773.789473684211,0.2890756302521007,-2.690530319957002,36.63865546218487,37.66479670752211,86.1458425278761,37.30568684247792,69.44257389955744,36.7635063247788,82.43773255221232,133473.0,47232.0,132743.0
3522.0,812.0,11.034639409426465,2553.1203861442364,2573.908574673481,2565.192504258944,0.5533787620670074,0.5261215218625781,5032.066155593413,0.4140545144804066,-4.281170099876511,46.13855763770585,36.10913585056828,89.08274656903399,36.03227104545464,83.95733657215895,36.71106388068189,74.44337113778401,498443.0,98894.0,495931.0
1745.0,666.0,8.194842406876791,2230.727793696275,2214.190257879656,2064.07335243553,0.3707736389684813,0.6292263610315186,4858.85329512894,0.8579369627507164,-2.640932879854548,37.61604584527221,32.08641993692657,102.19923862786705,30.31650074025226,90.26220926318814,30.66665588933483,89.83478814965605,78167.0,18434.0,77913.0
1056.0,465.0,7.241477272727272,2130.2073863636365,2171.1875,2164.756628787879,0.4100378787878788,0.7225378787878788,4364.035037878788,0.7685606060606062,-1.7259522698879586,38.93939393939394,32.68646846400776,102.8505233861868,30.545760411478582,91.93083221011676,29.624030195525275,94.44505319163429,73311.0,18630.0,73295.0
2143.0,605.0,7.45870275314979,1881.5814279048063,1873.965935604293,1894.5800279981331,0.5464302379841344,0.7433504433037798,3887.0485300979935,2.226831544563695,-1.1120583655318543,50.81194587027532,32.259414209345856,104.68696018084091,32.08524488925239,98.66542971121478,32.15299687663557,104.08439872850444,388418.0,65246.0,364265.0
1281.0,614.0,9.849336455893832,2712.55737704918,2686.8758782201403,2705.8212334113973,0.5308352849336456,0.6588602654176424,5563.981264637002,1.6508196721311474,-0.9542651432119692,48.25136612021858,34.66908272421873,101.07276985390632,33.73224001093748,96.88913784296882,34.022526221093734,97.40538039765632,85745.0,12646.0,84378.0
1053.0,522.0,9.86039886039886,2544.7207977207977,2551.0531813865146,2568.584995251662,0.4112060778727445,0.584045584045584,4800.886989553656,1.953276353276353,-1.1728461789050977,39.47768281101615,33.98699905223171,92.4458666695157,33.20550932003798,76.36925331813866,34.191310752136744,85.27970307217473,19941.0,4841.0,19846.0
1781.0,530.0,9.37170129140932,2246.729365524986,2249.1386861313867,2265.641212801797,0.4458169567658618,0.4160583941605839,4630.697922515441,2.2201010668163934,-1.391790140302812,40.54463784390792,35.68161721079257,101.34911425857224,32.38822085497473,62.1819686801574,31.827255292299053,93.16229688476676,305272.0,63076.0,305197.0
1532.0,551.0,8.391644908616188,2098.8485639686683,2170.6566579634464,2169.1024804177546,0.4275456919060052,0.6899477806788512,5256.469321148825,1.4957571801566572,-2.0012146491566107,46.14882506527415,34.439701456919025,101.1607277571802,33.06980204373365,89.30008620234989,33.18075040861616,91.75138359073112,138194.0,27401.0,137610.0
987.0,478.0,8.7548125633232,2397.876393110436,2425.409321175279,2399.028368794326,0.4630192502532928,0.6879432624113475,5122.374873353597,1.82806484295846,-1.619120059364753,46.32218844984803,33.23557552583584,97.73935733738602,33.438505040526834,98.92904507700104,32.680180120567364,98.89758202532931,22021.0,4597.0,21576.0
1625.0,618.0,8.82276923076923,2512.315692307692,2522.011076923077,2531.9501538461536,0.4646153846153846,0.7027692307692308,5400.531076923077,0.9902769230769234,-2.1812849986817624,47.38461538461539,32.52505788916255,103.82116950615764,32.765503906559395,96.0451163001238,31.871272752014864,101.31515592746436,141585.0,20867.0,141453.0
1390.0,600.0,11.289208633093525,2948.3741007194244,2990.5007194244604,2993.235251798561,0.5618705035971223,0.6661870503597123,5749.459712230216,1.678848920863309,-1.863775658919095,52.51079136690648,32.62613650180504,104.14910266064987,31.703657234352228,98.67900879039308,32.01039929501083,100.6047760882141,350020.0,34592.0,349958.0
1395.0,565.0,8.683154121863799,2406.379928315412,2395.4602150537635,2430.9870967741936,0.4752688172043011,0.5419354838709678,4857.040143369176,1.7124014336917563,-1.6813624913095295,46.44444444444444,33.1088978952654,100.52472155308465,33.08601103378864,93.78428978289,32.65229222214233,95.39338412940332,159069.0,18236.0,128346.0
1476.0,525.0,9.611788617886178,2508.743224932249,2529.970189701897,2523.914634146341,0.4471544715447154,0.5867208672086721,4720.490514905149,0.5857723577235776,-1.259929248187006,38.60433604336043,35.07680687236927,104.63146566938218,33.80200465557062,96.68621320991844,33.73653466734551,93.29543895247788,95777.0,34758.0,95771.0
880.0,465.0,9.307954545454546,2791.359090909091,2742.6988636363635,2760.436363636364,0.4636363636363636,0.5272727272727272,5371.813636363637,0.8589772727272729,-1.845122425327286,44.18181818181818,34.01989576791807,98.07881882366324,33.18039038680317,84.56777833788395,33.28086829351534,82.1107248225256,25674.0,5263.0,22903.0
1062.0,419.0,11.175141242937851,3110.9566854990585,3147.4811676082863,3145.6007532956687,0.35969868173258,0.4830508474576271,6498.003766478343,0.0098870056497174,-0.9343128663481358,39.14312617702448,33.53895688323916,105.6522922787194,32.13948872598869,92.85042961864411,33.869308189265524,99.64830261205276,53360.0,18411.0,53330.0
1041.0,388.0,8.463976945244957,2091.402497598463,2144.050912584054,2132.026897214217,0.5840537944284342,0.547550432276657,4126.284341978867,1.0838616714697404,-1.4355262041774866,45.65802113352546,35.82672498748795,104.24649337824836,33.45980229191319,90.40733635418664,35.025769137632324,95.69436238017322,82322.0,14681.0,82157.0
1900.0,584.0,9.282631578947369,2339.52,2360.986842105264,2355.1373684210525,0.5178947368421053,0.6126315789473684,4645.734736842105,0.042263157894737,-2.565567443711006,44.73157894736842,33.955869088467615,101.96244195945232,33.11391909057399,90.5109666045287,34.39741274512901,97.61942326592946,477468.0,80316.0,476964.0
2130.0,589.0,7.114084507042254,1744.1018779342724,1736.6215962441315,1759.9967136150235,0.4460093896713615,0.6746478873239437,5119.204225352113,0.0135211267605635,-3.053807790635674,41.0,35.454787925608,100.26147309775864,34.395144321681606,92.71577761974488,34.51155588993857,97.7815723552196,235460.0,56888.0,234542.0
2417.0,649.0,8.150599917252793,1757.822093504344,1722.8895324782789,1761.8402978899462,0.5630947455523376,0.5999172527927182,3466.5833678113363,2.0917666528754646,-2.264854257746101,39.7310715763343,34.450034029789016,102.6295724534545,35.28890532312786,76.01353185312354,34.72157922507242,93.72537349689676,564533.0,132090.0,564249.0
1168.8510065857074,454.4719415613817,10.526606594321194,2497.853190245433,2715.9564156958213,3249.3494096647446,0.5098992156231422,0.42672924550119773,4633.900979472384,0.5885259661494202,-1.7743358422536581,68.81498816287808,42.17168987995266,92.4824528562991,29.95475767808003,109.23258991429681,33.300137458550495,87.20821937569619,481437.3397601734,8960.00468226102,2155.237367900394
1062.714395601359,320.6340104152657,14.644544836540922,3084.2733114688926,3494.854417248632,4042.7905546901975,0.3971191967344274,0.1795548843537983,5696.469000349807,1.4245590953059013,-2.92371699351814,54.126791818354576,49.10549842186506,94.87106602936653,40.44477317465715,56.64918691051134,43.436573445150046,79.72880994571301,589184.9682844776,35872.09844718041,78933.5144841077
1089.7688258522714,497.2561982392384,19.35554860892249,4315.127336368102,4501.496628593761,5727.718743199455,0.4180669175196493,0.40998393663249544,9834.165531583703,1.2858798939999885,-1.86014971508485,55.72951408496718,45.86883620487707,112.3731688345947,36.28473357110286,110.12514440623292,41.89185486766502,86.06326404828431,518683.1507179622,18960.847867336972,28637.23107102201
1040.862740398699,396.3292337683969,10.625422325480054,2825.5408297372555,3144.458802778027,3720.2944631575792,0.3918539997460404,0.5249559805036019,6300.8107072273315,1.2729426076301353,-1.2324932213214739,55.60943422279318,47.24584692964666,108.30344753142415,37.723620348351304,119.24315336660361,43.34159364909986,90.64816344331304,500416.4582880065,25376.037293794434,14868.210664742139
1186.5404417497655,427.046135998653,6.359819442147214,1330.0133596631883,1319.6146017428573,1781.0921497439483,0.5411689870117874,0.645249627138349,3734.144858768678,1.7181354507430637,-1.075407367395742,74.34325596625946,48.1762632011032,108.21686008329343,40.60154457460516,117.98537991523975,44.99425460730889,92.46772242159075,649977.9346335186,26616.54353647958,119019.01127613589
1025.2544152539422,430.33723266618045,9.364401119930786,1951.1717865243663,2187.89940086317,2564.6421382458066,0.4554900873556471,0.4155892210353699,4278.210104338655,1.7246967695470323,-1.4362686085085279,62.19551088957607,47.044867004170435,117.25588041386362,39.15352085967822,65.46865335632795,43.72972419326419,98.34357098961505,635727.2306664826,39540.452621977915,110077.96783154781
2218.771011323035,800.0370916517631,10.863376790663386,2311.8220086964475,2491.5901163048943,3045.7868287778365,0.35339397343127765,0.49482746521757387,4789.760287451268,1.0342592115354046,-0.30645326760889324,61.211319414126585,39.9540083169089,106.98019920867512,25.87060637535309,120.01951703878312,35.35093960998476,90.62830902414987,880974.1870858665,54287.7089784706,185526.66687251697
1184.4593317304646,497.2561982392384,11.332905727862697,2655.5678998894678,2920.414603846258,3501.0675508979566,0.5026009541128665,0.39228344243754465,5027.0591546922005,1.1394420945975814,-1.1429595408618567,66.4299625503747,46.279378485422534,102.68816653954035,35.14464595941397,104.39161657906455,42.33538163864565,83.9381511689445,512464.423676766,15365.348821078122,24275.50007376208
1340.5425831780356,581.7276793724428,11.271591794220045,2635.4237679748558,2926.867363958521,3511.5269283849016,0.5433826131617386,0.47067515679182836,4945.548369946255,1.5236528560200522,-2.823013747371172,64.79568470714459,44.63776321850215,105.13314603629384,37.244144153002445,100.63488449174427,40.6232251140973,78.28853596879847,573619.603600838,19031.733938347552,67799.56085347515
827.5489634203519,456.6660060064,9.801427220314224,2197.994956141489,2356.911862506208,2865.9700265149463,0.5812314885429233,0.5620361143367104,5466.730583176558,1.4373939577934383,-1.666091499501895,77.1074560247766,46.535320516613695,106.8292749858147,36.50149006519357,117.49428602113885,42.931584734132024,86.74296430546156,535828.2902710144,5974.913469704384,40827.23181109271
724.5340174649551,419.366910441089,10.967407521621412,2778.2174812314843,3098.962473363231,3675.803873064013,0.4612567162706239,0.4407784252536915,6991.828064314593,0.4266746722308699,-1.8897224620967572,57.6876485235506,43.84585906460614,86.44621555491678,36.68811903678852,90.67260481497684,41.204947286426965,65.09777582118876,430764.5334171212,5410.778487911854,-33974.939492530946
816.1028583141969,455.56897378389084,9.397312364376004,2097.8882793373577,2245.3177359893893,2780.994003309131,0.5847401350414948,0.477304431515124,5218.422887752798,1.1149061759395615,-1.136704175341798,78.37679620092247,46.74810377071689,111.49612731597817,31.450469163140983,135.71302083147282,41.485003690947934,97.12520085424082,577690.1423009613,11794.46299392017,70490.5771448543
1113.7015910742323,500.54729490676596,9.542261245736789,2244.1422907917167,2443.682892947327,2977.6369808410764,0.375905683478441,0.490599986199783,4876.65932541867,1.4788540026432548,-1.15956450710022,53.05882435523748,44.99315899089471,112.25263013744967,33.76892770823194,111.84131113281043,40.271066934972886,91.75517479117222,450156.0517382126,9174.63195282083,-20134.428038371523
885.8200439607784,411.6876848835249,12.621655625361868,3043.1544970657174,3449.0232682114915,4047.3653319248874,0.48904853897783973,0.3588722321927998,6957.073953475362,1.7661343459077667,-1.5434645822685868,65.55336056273433,46.79632366518267,113.27091078082519,37.79254076991724,87.52982509591817,42.68626756585028,82.4387137254959,459573.60468902055,7441.86132811777,-13461.671210744382
1355.1103533131422,485.18884379163785,9.26406216921638,2280.969609117017,2498.110296652791,3001.9841428098844,0.5096850919847528,0.4802068417600333,5921.741687840206,0.9051215781697051,-1.2650308137000623,64.17232130740207,44.601168309477536,91.59614948451075,38.31510237190306,96.22062816535818,41.59498454484919,76.62141176467493,594491.6153596317,31568.723219579802,79513.99070982536
1522.6397098668683,523.584971579458,9.235699214451643,2233.6094005719906,2409.1403894769073,2942.811383617521,0.4995266953402472,0.5375551088317024,4573.6434492024255,-0.3924850184161907,-1.5668148876159618,70.38340019044946,45.95557772229614,110.48389798118887,38.67231394726088,122.84133501331573,42.67080378475627,84.23364899447579,807996.8797550574,51165.768267712985,234585.0672500361
1029.416635292544,474.2185215665463,10.53407416832464,2420.0384615592016,2586.242089436584,3186.105717122977,0.5589690395521764,0.44055022707790054,4517.834320676204,1.1765978070706318,-1.5716791215850585,66.9107599814467,45.76005389238731,112.98945933912829,29.24284642075539,133.03831896210386,41.72399570442245,96.79063041906355,539326.0514805013,16649.174329380843,43390.807538860485
1146.9993513830475,488.4799404591653,9.89663999878507,2308.8735168865733,2468.33811061765,2978.1305626795074,0.4075924011461909,0.506231570399584,4931.8870322848015,0.6138026897676581,-1.0243108226216948,59.912968745627204,46.34444272858138,113.26098086766424,37.94708761541002,104.33247022890217,43.51744912754183,87.62966440660463,488094.6507084855,17400.369776340183,6912.500358320023
3252.042135905955,541.1374871396043,15.38626456003404,3733.597277580589,4375.439183181428,4973.558476760539,0.38303357938841287,0.1913244978201082,6300.164119291587,-0.3985196459990281,-2.06606456279505,59.23961695698422,41.449528074427114,109.73870654210815,37.59796436198191,122.15753291397644,41.46276681342677,96.23498391732466,1244453.3276200625,133081.51502178606,474962.05959591264
625.6812915481602,432.53129711119874,9.221433657104079,2326.5502717077707,2484.185695375218,3052.629386691476,0.511299529998442,0.4724378499920503,4986.995849621846,0.5191697236194868,-0.8249061958515593,60.61742827988176,43.3693567995555,105.89249983276564,38.39216868156869,81.7043644467283,41.33121232339833,79.75233493495209,433260.7522715522,-1004.4109385456086,-32134.045009632533
1084.5660508040191,430.33723266618045,8.765211215954645,2105.078623260803,2191.718934092919,2789.506523433359,0.31351681895916095,0.5906622478513133,4416.796695293371,1.1851554162297024,-2.2741704530030873,53.777324972230275,41.44940234140502,110.57968994612195,33.787337372219504,126.1946222662464,39.19400167780365,93.95626454178739,532464.7226450482,38889.67910895023,38366.230195499935
679.7901520499847,376.5826537632322,8.328055678788074,2204.9525535452635,2151.692174012293,2921.931513030999,0.48006538093365025,0.5582603969172798,4844.189645386434,1.2121202936868787,-0.24866386409091132,65.70344157954527,43.80323524561128,94.41656806128556,35.813096279143856,99.19667237192942,39.72716614140423,84.84099875989948,435108.91430800594,-2035.2125544911223,-34001.360097182085
638.1679516639658,400.7173626584335,12.924355004745758,3134.905155401291,3364.296454268549,4169.752766007087,0.45441699437593375,0.40686063737208267,6121.928561127161,1.5087225840766025,-1.4878469546427004,65.85135073910736,45.41274783871589,110.10538967347394,38.02441804860803,108.4292541954254,42.74821679559792,84.81111388983248,420056.321854079,-2753.9185522372773,-41719.28496174396
1388.4081136219572,533.4582615820403,9.241660028976572,2040.4578797881566,2173.585143885387,2687.056162092116,0.38893194085203064,0.4990172921488511,4726.842500486581,1.4299289402350888,-1.631464882961106,59.736103015653796,43.17669569406943,109.06067228603061,36.563340089803354,103.85844344161151,40.268068907896044,84.14280573720679,526313.6378979844,18335.67210217422,33619.8462775837
847.3195086037109,385.3589115433054,7.968351619976819,1955.105769488247,2052.0544662688862,2571.0799597882387,0.5479313490268521,0.5956884248598049,4445.286731349016,-0.12035670176414848,-2.1018253101475235,77.9779092723859,45.32104767954619,114.67140257788684,37.3365413343647,126.53909257905883,41.309191931682925,96.2221075015907,648761.464343881,18741.297952956982,121354.90355793945
798.4134231501388,417.1728459960707,9.173547582064328,2339.1271679848974,2563.0026676039997,3040.107261022741,0.4290447459133284,0.5741929712672338,5322.797401518512,0.8693930489242458,-1.143740064085652,64.17642076649494,47.34348403237009,108.9384538095459,38.073352540408656,124.72078990666307,44.02958254647031,90.13581413740383,457344.6819968865,6870.83464497699,-15549.676054791671
829.6300734396528,418.26987821857983,9.177729910312843,2078.604979265034,2210.0186114288017,2738.301855071223,0.40011062367920336,0.4605964785307609,4127.284024476412,0.5116803123457023,-1.4049822077487444,61.71648313605678,46.54827643685144,111.03303166218318,38.51319096991437,119.22295737158848,42.83218326286486,90.17299644513949,443502.01380413264,762.8181928987051,-25110.826632074117
825.467853401051,412.7847171060341,8.676093812698777,1962.0943815228525,2051.0096740967824,2559.587626309604,0.49902747621912313,0.5422245636681522,4163.879249760308,0.9104295704510657,-1.453077859012854,59.6201331857016,45.776047309097756,104.40531799264903,37.324265364827305,90.08316837082121,41.61457434618849,84.92012277076618,463424.8514355859,8040.454816651555,-11369.780983660152
552.842440872627,386.45594376581454,11.54143016008747,2782.3314945270577,3058.6982045886957,3662.9321821140143,0.5227434416138399,0.5164389913290099,6855.1618374115815,0.48735144279928394,-2.0589758911268716,66.62565491061765,43.93203943107392,110.880258742631,35.08903930550399,117.85700588928795,39.169820861769146,89.22299691143674,462175.6510036263,1184.1965039060387,-11620.776727845965
1284.35261265691,378.77671820825054,11.421961536974749,2640.8321187718466,2884.781937490163,3487.9522874677177,0.6134864421494512,0.4064364901277519,5728.509215355258,0.9780720713070001,-2.9157489624989346,84.0174965026327,48.37482009520522,109.20245972729109,37.9221828445449,128.02254695525798,42.94370630180868,99.68848738612917,859769.4188801316,47676.59832797001,271645.404809509
341.60977391358085,325.0221393053023,10.166265475893145,2229.072929983229,2398.045140121621,2938.0529662964095,0.49263997544507676,0.48953705193970026,5543.509133790108,0.31320928098010986,-2.2880794882639504,60.6337526833035,46.867838142843425,106.630665453203,39.576862583160136,114.0746450691087,43.375001413562536,86.81863422032707,404511.6862605767,-5870.936619174712,-53175.72538444187
557.0046609112289,388.6500082108329,17.10529320085017,3918.9505421849735,4519.313781146624,5189.127125228869,0.4682313244556857,0.4587955895747804,7650.363764556202,0.7351575221868467,-1.0899052031601955,64.27434593007953,48.623583613873585,106.07686228718671,42.00121639151446,100.34888853809115,45.33831098427444,88.86514831974362,419403.90101712546,-3181.2040358288273,-42382.908384451955
1158.4454564892026,497.2561982392384,10.067111891678332,2264.676787060142,2373.731115401257,3004.49946307195,0.42982286085021926,0.49087162326417605,4780.015700649493,-0.9451622144077985,-2.424977821561057,63.24710790709774,46.24500876471289,116.44218515437433,38.074234323767556,122.01297616270041,43.18082793439994,94.99062023152823,508530.2605696514,11320.904658418938,21268.99067978403
2752.575731273728,588.3098727074977,12.23535671353315,2297.558813853707,2511.0069893898,3038.0016074234895,0.5642835456848563,0.40555307533130275,3842.210757328963,1.7850460986260603,-1.775058479310899,60.825400133714545,41.89516239887603,115.71511666531457,30.893216382964116,132.93171744240385,36.98231554608124,96.88872219082437,1434337.2483016392,170456.19596211423,680208.9726750642
1704.7368365557013,713.3715460735406,9.591965002147704,2401.7703595027147,2631.9429510557798,3159.012097983985,0.3930437076660237,0.5048326764177172,4867.5511959792175,2.0772034551389638,-1.1447649985036725,55.13158094788669,45.58431595821923,111.70829682952828,37.06711316872547,109.23529062378016,39.86094081653067,90.26894479263738,504224.06484480907,23517.246987294788,17994.389856257687
1294.7581627534146,431.4342648886896,14.829136263517839,3764.990540839176,4393.591344916358,5030.484470815077,0.4912135779985515,0.4035471886818044,6653.9947599577545,0.8187936922523025,-2.825497668774678,62.088288934140124,44.75664516042734,117.25969283321712,37.713782471071255,131.14054459174412,40.6466988473721,99.72228137528603,676214.416718902,33243.40664720475,140892.1636208487
445.6652748786282,325.0221393053023,8.86460465517925,2171.353221738933,2260.4303967907476,2864.399053934039,0.4427072040342449,0.4237913575200993,4808.56569326516,0.5180068156003492,-2.220316266809583,66.97813672484092,44.3721958097362,103.77594220482598,35.71801233423683,111.99649301164267,39.20611701745564,87.86437519982007,417358.2671219951,-3846.7454803170476,-43489.46547337021
772.3995479088769,362.3212348706133,8.870904704178574,2317.3239729689153,2572.9680364967794,3135.155862731279,0.5147413242371552,0.5902679589040436,4902.4471368428085,1.0001236509626723,-2.9909771899959794,54.088168042771386,43.64406709964255,111.1879198593504,31.839213823391564,126.7609593046312,35.28392082187356,97.9455139556772,488616.1509761507,15499.244732986997,7306.4781982649365
824.4272983914005,429.2402004436713,11.092939281120385,2716.98857889067,3035.337594773031,3612.1287658630686,0.47767658741944796,0.3814956021300985,5437.722112649848,0.7910897951476614,-2.5358895282853497,67.42305066328784,44.914592733681985,113.11066603761785,33.92866955830397,96.75426255819254,41.581048318248236,90.91226654295993,486857.45132871065,9147.065147427824,6047.614094298944
563.2479909691317,335.99246153039377,10.291031579367123,2571.2780287595856,2885.071695412649,3456.9413508126217,0.41578784340025177,0.5447327264151339,6347.2644721038,0.382937552007016,-2.303217906745977,60.975123577138575,49.14250759934206,111.01204450153449,38.09643853781657,124.30536018645894,41.948624881989815,95.19346196974791,420375.98624409136,-1889.5022974138192,-41293.4469808962
802.5756431887406,462.15116711894575,7.9928052890942975,1862.389292876562,1909.7666015811287,2478.7027190881668,0.4830374608771746,0.5471302470639265,4159.551184546294,0.5467664159315468,-0.5143586735280973,61.2763407464187,43.19479203498771,108.69593406914414,33.61746940621311,119.40072921568252,38.677566698465796,91.33625015104394,426975.4739409678,-1383.4545126994035,-36762.313283226016
718.2906874070522,448.986780448836,11.314881183295899,2693.7739939298585,3008.1352800181776,3569.780041523687,0.4699074924551876,0.4106466871470414,5819.727316084816,0.25788098199124393,-1.3645555988225837,63.616122209146766,43.74995206422943,110.02550057918589,36.7018858953626,109.06222786501186,41.841875801468774,93.21803033216443,426369.9663080092,-1924.9453329191092,-37056.04824081808
1596.519115552052,547.7196804746593,9.092741362728844,1979.3470926035095,2132.7616919178113,2656.26029783019,0.3961070155518015,0.475816823716009,4550.176441749906,0.1384124585548014,-1.1634376017338437,58.77681150188169,45.525158599435905,120.25333172151154,32.80704820707134,119.4181675938298,44.5381635719852,97.34012510512252,594068.3055189326,40861.690223314,82393.83661679941
644.4112817218687,396.3292337683969,7.961747413832291,1782.6990684362493,1804.8243887232727,2351.964372185236,0.40327599806333214,0.5764692494939911,4598.967834118303,0.5157098541278979,-0.12768145844421436,56.73981716032797,43.9204073863063,116.76297652375811,32.49686305973227,121.0328652571877,37.22200602941454,90.30983765307477,419841.3939194973,-1253.4967158466734,-41845.171372140554
639.2085066736163,434.725361556217,8.303685618130656,1924.2769796573748,2046.8813904601702,2537.980491528654,0.5367845757898473,0.5204846978364309,5084.847577810943,1.5214680562334708,-0.7306292794475715,69.01539041114535,44.661185170305444,106.10548240058644,35.095540123596095,120.13177688109299,39.62112170237485,89.00328918584874,431385.31511649676,-3303.28560256927,-35307.62587419865
641.2896166929172,380.9707826532688,7.732941419644402,1813.6067816553211,1862.0032139378995,2373.552543044188,0.439547736058413,0.5289439647926238,4773.193308916066,-0.14904684417856176,-1.6322604869810615,64.99771439775748,44.93459503432911,103.70409107045538,36.23472947482613,104.12120399951219,40.94325950316902,80.65953739732242,434384.48715794383,2164.787152885726,-31639.824287334774
675.6279320113829,447.88974822632684,7.416290218289759,1644.3243331436772,1664.9433522519773,2154.9932694492736,0.47425757528345736,0.545891692869794,4536.117915845913,1.750222543796266,-0.71422482707599,58.971533718163684,44.150005022012245,113.78762356079844,32.57215090884641,117.64393786974898,37.744471241364565,92.19982722625015,413112.0766580766,-3421.4290542535696,-46579.1220643386
637.1273966543154,425.9491037761439,9.063613959483893,2142.3413482857713,2267.518853723391,2823.086022036301,0.5019630658598025,0.5432736533280439,5068.780183761691,2.007984769541468,0.05937536327364944,64.24445992949724,42.89968988098689,106.93427640314104,34.911331811433406,117.06516939198369,38.564398566091626,87.63769182199705,429263.31088928157,-2715.5219304398797,-35259.44712454069
1509.1124947414123,714.4685782960497,9.849516729057187,1942.867770774971,1928.872518980896,2541.9481086664878,0.33762485297455314,0.49025726213933557,4575.194138553231,2.114914782624108,-1.7152857493943665,53.13984665675811,43.32811484622365,112.36558401033392,34.96326478394955,120.45676550943271,39.54161684870696,91.08971038337526,453217.4110500716,5124.2806175774285,-18851.47455957655
1341.583138187686,444.59865155879936,7.212100720472298,1558.4702545075893,1566.5801535130172,2088.9843502195617,0.5343074992829429,0.6127263630097551,3168.9108627442806,-4.0025318684290285,-2.141582046645947,55.03958789975828,46.187553684310295,115.42401351550319,28.38392284120367,132.34460535099365,32.453878636241896,44.219468888540696,994426.6794169102,25282.507061211032,367438.74650846183
1174.0537816339597,380.9707826532688,6.240042768186025,1524.8429386821254,1529.0001323882339,2026.2228850257052,0.5955376246705624,0.6596208032193346,2794.499345130267,-0.5364909626842984,-1.6451886963894908,86.8955358367088,46.148038887553696,119.67072432087154,34.81969498973512,137.70084806114556,38.911749821739534,103.49358306268512,1334673.9649308901,40292.63259770129,609909.9603112448
882.698378931827,469.83039267650975,10.165475180945059,2353.6756467402233,2548.0007495147174,3016.003719098809,0.39436165846758453,0.4646866785167069,5552.573461808499,0.7718773408451758,-0.8965740333466707,59.706238843845846,45.32906749965252,112.25034630144164,36.48089268902967,118.78701823876317,41.23227793983452,85.72733616244865,447408.90179264557,4303.183628371547,-22100.43185505915
3833.71238630057,835.1421227720559,11.25455965152306,2140.130760620228,2301.1468317797653,2824.463009876266,0.5059442179660679,0.40872014407439583,6129.69917312019,0.9671841845724323,-2.5332044955706587,67.72892006883433,42.63832631041755,119.65488523171543,33.45612920360714,127.2589961440533,38.37944489902463,103.72098195128098,1855870.9332772617,180957.17975932037,980968.7027979022
942.010014481904,517.0027782444031,8.845621296002069,1967.7381437222682,2034.3142965833408,2577.9878727080004,0.49795477967102386,0.4709188984518148,4528.195349711799,1.3250576035676505,-1.6463331176438487,64.14169403275814,44.640530312862765,108.42339169521905,36.50082029819143,110.49303971928015,41.75090644373782,92.03289092319483,449170.8744543178,2434.548034231543,-20916.94418200964
1050.2277354855535,417.1728459960707,9.917681160771712,2166.6353845883923,2205.0776773749217,2838.676517745731,0.5963813399588659,0.5070267527784684,4999.861168208213,1.4158769717127426,-1.5623849451732579,84.37050784574352,46.34938133267395,119.40122175409739,39.91097658231152,133.117274998856,43.86056358617729,93.45327994783064,984831.2926928188,45837.49859675108,360420.96766715514
509.13913046730715,349.15684820050353,9.530435832276558,2244.9551365443012,2304.3812579181204,2966.253319087883,0.390862304128771,0.45038149145079825,5253.092089735937,0.9420958874567011,-0.7465443254369206,59.966085177630255,45.08809077795425,111.5485309358277,36.49497973818172,113.70565429400571,41.685250657935974,87.46412598518882,415377.0025067649,-2883.8763490900064,-45095.68282083793
983.6322148679229,390.84407265585116,8.161527025358833,2047.9517425984443,2167.062643742653,2700.238828755417,0.4457370309218811,0.6093516868346719,4967.537711220214,0.7139963475102902,-1.2428352278361325,63.608823730672,45.155390498060754,95.65141225913047,36.65084361463559,103.35280482542215,41.206303401442206,91.48748004841613,495961.8859179707,13447.486788736329,10386.809869944693
525.7880106217146,339.2835581979212,7.650766899307966,1914.9780741391305,2003.869265393571,2499.423545303542,0.364008057819993,0.5375564270101577,6562.229149171546,1.0122549786024748,-1.305188867710166,56.319894666989036,47.62144731135683,89.02243642234474,38.65968893863117,93.49149670579266,43.86588581440608,70.33675080204381,441006.8859544457,3209.3721715277397,-26605.144948078196
1027.335525273243,544.4285838071318,8.302536034512144,1758.3846802362332,1780.3933118172713,2276.6769550510676,0.4655636224379297,0.5422838960533993,3977.1657270869237,0.6080073191936441,-0.6971735859296753,62.84497968946418,43.34762911456639,113.19835857927572,37.87306788615056,107.04791295633476,40.67108003162417,90.90359736170375,490029.00211972074,5906.980984985913,8250.626276239425
817.1434133238473,457.7630382289091,8.506861188076666,1937.053667050997,1998.3225014215018,2524.4942092687234,0.4030768596602341,0.4849352083166984,4470.011149245971,1.8286194964124893,-0.9279377435122529,54.82337221652753,42.76759371937985,109.53787043194984,34.4773029645413,111.54293709154013,37.53783274880495,88.67615889776167,423760.282960195,-656.8722848409607,-39153.378004154016
734.9395675614599,350.2538804230127,10.796532908862199,2741.0394037753513,3074.134054550941,3626.5459069396416,0.4615420748414262,0.35930498054954585,5548.716847717984,0.665500151341849,-1.868336842341684,59.92715933528447,48.63069368154399,104.90764162306334,36.47177495184498,127.77436202197245,40.86396634490113,95.27762131574316,458651.7056802818,9219.920275966477,-14353.75515602398
474.8008151488415,225.1922070569699,8.363368065742812,1963.1367619943871,2031.5927532931719,2582.8925782635497,0.5169041979578632,0.5028503315637055,5235.239607501418,0.48293388657065234,-2.092442457123915,70.92603036358655,46.02443829801961,105.31948953695866,40.460776489708586,111.88772141971421,44.62327978137199,81.15761001689597,448677.7403099984,1308.2471281745538,-21146.958857796017
385.3130843189008,287.7230437399913,8.656171395913232,2232.507576172135,2365.497261381537,2931.0206766360616,0.5378632763541839,0.43356950109290315,4695.862649440198,0.8233132697642345,-0.8125021877179531,75.24602414384877,44.14792354516285,109.71881555377703,36.98516034230806,110.89824140816243,42.130391993368846,84.740480122487,419386.44494122034,-4164.7482711006205,-42141.23755955478
704.7634722815961,396.3292337683969,9.22840938506259,2219.5906869305777,2353.6835621198647,2901.6513604716165,0.4601378728742703,0.44767233574908116,5189.56275998538,-0.1646061139128012,-2.045299339792475,65.99644575310614,46.26949503889298,106.8174684634823,38.19268088813559,113.09793784713825,43.05935466116433,88.93244721249127,444247.1700443321,7425.124339129162,-24444.87197954396
530.9907856699671,359.03013820308587,8.062959332960666,1997.3167281839335,2095.5432219972504,2655.688392674716,0.5750813856618134,0.49045517713257275,5294.965555478524,1.3731507444003161,-1.3585786587791806,71.47444154687433,43.82829960447689,109.59406461578658,37.289294962207784,104.06301211740738,42.00621592622557,80.03913165727232,435582.4103669321,-2262.638698983398,-30479.64891250686
1192.7837718076682,468.7333604540006,9.210691021615927,1938.7010330879136,2036.7884800723496,2533.5638597970437,0.5261609756252105,0.5470062574537043,4265.941184852781,1.5572118909564245,-0.5495663484962936,70.62344134270468,43.447695023693186,116.40100397570872,35.49863262094714,126.74456359300555,40.13665343894865,95.54837708252532,619197.4177890855,28169.145397364086,98741.97428299478
602.7890813358497,274.5586570698815,7.626572165950087,1780.9411918368955,1767.8104491534652,2315.016038608119,0.564575168871498,0.5539364719981019,4899.858674321981,1.9697648136358563,-1.1812894270384862,75.75223312668457,45.540675271353585,112.83399490596317,37.05907199808169,109.05425771057612,41.665966450423646,93.91551684165304,530057.9661796308,6154.097704758905,35602.16870302645
1621.4924357836633,679.3635471757569,9.7986204280853,2128.5988410723567,2205.012211268017,2769.8418327146,0.5145718193294394,0.463163696682904,5730.534961951213,1.075282123110714,-1.6153320534580322,65.76194830262186,44.14274284298173,111.01946804129496,34.61712123527619,119.00459786926012,39.20678503879451,91.11031874529795,726371.1778180093,33411.76106585487,171994.65483148993
1732.831821816264,464.34523156396403,9.516662408829358,2114.554112472662,2267.9108762946535,2785.054152538991,0.35116252606942455,0.4672866230295126,4271.249227381527,1.7644276722464818,-1.7997001533685144,62.85381713398128,44.37694604734146,102.77973444366897,37.33698360696161,107.31434163565123,41.63166645658908,85.92670750066314,1334864.8907611023,117565.34170058141,609800.3925096034
1602.7624456099547,669.4902571731747,10.07936701368615,2211.4385991259524,2278.5831787910015,2905.2541190386687,0.47862368711926384,0.4452105738713181,5217.024826158484,-0.21236882111459893,-2.9353911762763705,69.14779439122968,46.60697184463616,110.7975630536672,38.40830249951852,118.20947768711649,43.14441465217324,85.08462314719014,531923.5842919897,15710.9184172547,37700.27554296978
1250.0142973384443,592.6980015975342,9.701528071368033,2380.2814431480047,2560.7056415597713,3145.89096970894,0.5108473461390901,0.5506306496692663,5849.506434758495,1.5615366401488588,-0.49665134839212544,64.36683436085092,45.01605752995811,104.93704712836545,36.102293839052365,103.94411571879137,41.81588094322341,87.6781494250211,522377.2927813815,7884.899271933894,30089.587250227232
1381.124228554404,559.7870349222599,7.816002726472093,1861.7090470366957,1948.8527922172802,2443.6484896094044,0.41037154669510323,0.509830288398336,4402.880293205333,0.9331319026630274,-1.996880761397641,61.53107353860217,47.33064794176914,111.77515454995465,38.922715658703936,120.73547504807578,43.68071376561518,93.25761028522739,504501.1800498027,10859.160668086133,18564.76408607931
1181.3376667015132,519.1968426894214,7.359084502853127,1564.0723935986382,1565.8312612327002,2082.2544621184556,0.47023359700983525,0.5896492327303068,4495.710351904389,0.45314913738090074,-1.7735484287817305,68.16791821032041,43.7908226730363,111.40814251175769,35.31104799381861,122.99529816290149,41.26192874556218,92.94976107893446,571843.4478774929,12948.330705370161,66089.21524061766
956.5777846170107,329.41026819533886,10.650612649365854,2442.789485738028,2734.2168523778055,3261.3231621588347,0.5296671062591108,0.3085064557476371,4408.827781169811,2.3069834677532173,-1.1140077305235936,68.86774104210635,46.73459879935412,100.07286142862449,37.58713760558237,75.41564760295975,44.85497773250931,61.90776324580009,574494.5894055817,23267.17668122969,68370.71215990416
1420.665318921122,492.86806934920185,10.063878371197664,2213.964584856815,2416.1095409232953,2942.8508322520233,0.4154065138880513,0.41958576604612996,4719.29338350005,2.498470361946026,-1.1330691501915893,61.20903114535576,47.04843149200397,105.77330683053653,40.601951536220206,105.19755496159223,44.444228749631506,88.88304301794122,649315.6947538683,46553.25100820512,121620.6637576656
1089.7688258522714,469.83039267650975,11.417822524529644,2751.8751943138113,3056.5749518004804,3619.2295487684546,0.5708859144581127,0.4209657615442295,5770.127748060414,-0.13279334852604485,-2.4773036953020315,74.20876846997301,47.74031169119956,112.16992684686815,38.16125104097456,118.41375793304306,41.34721392619053,95.70266607523446,594634.5369811048,18480.397830487487,82466.88181789374
862.9278337484681,470.9274248990189,7.516167131017529,1670.3063305108835,1672.857487123526,2202.266688710005,0.4785188715286518,0.6251349349529852,3956.83505469336,2.351180215778382,0.27824272440945086,62.87564871861716,44.84477711834196,112.49764435763699,34.01821487732303,114.62346250228182,38.29990789867609,88.51745590750568,436445.3951194911,-574.1718686619515,-30869.741369414838
713.0879123587999,354.6420093130493,8.798361388995692,2134.7141151121023,2254.629342819093,2811.623955745083,0.3982706975924192,0.4381968346474235,4668.4547189782015,0.9740933547424484,-0.8784298289278771,59.54116014220724,43.51751484502833,90.03202452474419,36.13557456233754,94.8820152047923,40.66110285619988,56.85752118665749,433922.9921512024,-107.50523450896799,-31708.20702878478
2477.869208726003,500.54729490676596,8.803189853613064,1726.9635092121391,1714.9369576778986,2242.2423643541706,0.5649498904904827,0.6122577330954135,5240.274834186733,1.709892653818249,-1.8906306716129904,75.72196905220451,48.28649737500204,112.25970426378372,40.02971245000071,118.34747333080723,45.379420921149304,94.80484842520656,2751438.5425178753,232741.42369007692,1587408.6121215487
1482.0580644904999,525.7790360244763,8.88842527098771,1913.2296418016842,1977.4740078224158,2504.9786877790357,0.42014478532323485,0.5696524205005691,4205.81319924524,1.350245665921954,-1.0155493938121898,55.6824805221716,46.72777676807993,110.63908808766595,35.55620171505504,114.07142538334578,40.964336193309144,90.81153409817199,549966.6207494112,49463.51803469504,49748.84834049614
1444.5980841430828,538.943422694586,9.428109721938359,1959.4904058546554,2019.797749999515,2571.350129909588,0.44881501225497966,0.531724934661836,4340.185764474269,0.8246833978105048,-1.478078322801198,60.49776432969541,47.843697633193706,110.40359893553904,40.23751445775465,110.70068107968054,44.036339590994196,91.72695166263478,620806.6497865882,41173.78584151335,95386.55749230026
1024.2138602442915,543.3315515846226,11.247781504295189,2350.4240193661904,2545.2467163487468,3089.9562103122703,0.43662931183177145,0.39624539439263123,4825.304117730164,0.4721940237874966,-1.2295633625135265,58.29094017445206,46.83660495654852,112.3430216316941,40.77695659360472,98.16342201254253,45.95792112859409,84.57483909016652,458649.5236707936,5815.41980993058,-14065.459734683624
2114.7155103579876,717.7596749635771,10.84616593360601,2453.2671450914177,2679.200693812316,3241.1158659324483,0.38210952712794966,0.4112710718235046,4501.436443633582,1.8198071306263388,-1.4383541166613134,59.76886480921259,44.706765979710106,108.59289180329571,38.01991576179188,102.4296171099818,41.21576454575013,94.19850914025483,815943.7583108596,67929.33953295105,240086.7696303319
728.696237503557,490.67400490418356,9.214596271313482,2225.4093396537614,2395.5442664161437,2922.3123246783043,0.4209927134893322,0.43703190539433734,5148.097293405824,1.3049124343493375,-1.3253675345604765,62.03227541580739,45.108384371608516,103.62364043492522,37.4813791779879,109.00999869954968,41.472031020142246,85.37927146985723,421186.60276893503,-2069.671061232376,-41326.08419840643
1476.8552894422476,601.4742593776075,8.904757538734053,2052.002637610753,2194.567379178698,2712.511819779208,0.46528292902461243,0.5088500435571178,5033.313541408979,1.0518203925753205,-0.9656681936093375,60.23384963370141,45.58698608707034,112.17947409865064,37.26095724938555,120.23425794267224,42.1743380771465,92.11146723721517,501665.6587199661,15465.770755009777,15773.504912347307
1998.1733492771345,634.3852260528819,14.532285409901379,3077.4466113669077,3530.546132956526,4033.816218007811,0.43673457645782776,0.41413235958741523,5884.004831691807,2.3850114963031137,-1.0335322162859695,58.317479062277386,46.46915891465826,99.40493355033747,34.15352343839574,102.33234844519328,35.912835026311484,75.62499821961315,782122.611244705,66464.36073206573,216096.0835304911
3396.679282247371,1061.1307606089404,15.179680847632621,3330.261110636975,2389.1010362168677,4153.597659857847,0.34011082186761443,0.409401087394119,6837.2209621797,2.009513028822362,-0.745221609844341,53.80926012057901,45.03775473289774,108.35269482655778,34.945087914478364,127.86336621650364,38.325294403914405,91.31606030340284,754425.2738070125,86919.91486243816,192624.48460438446
2560.0730544883904,987.6296017008274,10.156579816570897,2113.3329433385284,2226.371683821286,2740.1481797946417,0.3535089835373989,0.5131867238762367,5061.899962790448,1.5895430274931777,-1.1189446565563212,51.61900596922057,37.99731949352133,112.85443186404818,36.35825689451115,88.89687590172205,42.08157623630164,74.24871540212267,547732.2430335567,43738.48327182669,47672.499645559634
2464.3419936005466,887.799669452495,11.447457551288439,2610.9235269622504,2859.077467445199,3400.3817855406533,0.46439274447646195,0.3615317310260182,5014.240015581971,0.04172811840657209,-1.2505732942700818,60.73079665704258,46.419972290931284,107.60562312980203,37.85816847936196,103.05175115396271,42.7269649592259,77.74362433664744,652806.9099348907,42546.2189385793,122982.1019738066
1828.5628827041073,838.4332194395834,10.14188876540044,2368.1388694584043,2564.2522406669486,3076.4223936197704,0.462496880035257,0.5582379243568684,5205.827495237073,0.8647212186363249,-1.448833982671393,65.4680791400849,45.19397869659926,108.33109496784591,36.028189987515375,106.84484502813179,41.450184170997865,84.08912460150843,685916.721907912,23214.012127971753,147614.65335134856
3582.938628974806,1072.1010828340318,9.621358919988085,2104.271551132979,2254.201206863786,2778.5796012542596,0.40016385140480104,0.48730739333436496,5462.510468249749,1.8802023781783703,-0.945088525041425,54.83823247053552,49.52816060536666,102.74140856688688,42.53861989492842,99.98618504455885,46.26563557622056,81.04698416505217,773319.2939648081,67545.37331497707,208033.91372885706
3883.6590267637926,1155.475531744727,8.232258601812706,1627.6233393517084,1568.2562191207564,2116.497445317846,0.3658016343928572,0.5759593226770693,3925.1444364049166,1.6774227005091944,-0.5697161865581134,58.04992279342768,45.091003675362266,111.75387358088042,36.639872825534766,118.38640653240661,41.032636350674565,92.1318826230155,838855.9489410633,83195.44254809062,255243.6488574039
3292.6237812823238,1068.8099861665044,10.290111310318748,1938.0127073391272,1890.9127291358814,2524.711175049236,0.3945961649666019,0.45909492827305515,4374.541585953775,1.2608755769351792,-0.9255591013316103,54.49125779772089,46.46814045536894,109.2176164445072,34.90637178570077,117.00045839599994,38.219187815056685,92.4445794597527,732737.1904996547,66508.66452644735,180851.7740024803
2168.8243708598125,854.8887027772206,8.93593906641883,1846.4409544534662,1900.0003938194372,2414.043224257921,0.5389302117711705,0.4840749718377935,4555.3909176085035,2.278179541896156,-0.14249283914117372,72.63185610843895,44.29546025406361,113.72458346231896,35.10418329354001,120.05944578287553,42.071153434730654,89.74778093176738,721215.0893975368,30447.344957342993,160470.60874394941
1876.4284131480294,750.6706416388515,9.05982052376688,1935.8624575673762,2030.9727124216674,2562.1249442172475,0.3789607886518811,0.5398836536092714,4438.20943392861,1.1976161267281842,-0.594076220606333,57.305397439048164,45.56409053175616,110.37093766527082,37.82788145651127,112.41073684654201,42.71746093136061,85.39904378775175,500755.7607634121,11975.616286502762,15126.977175001819
2114.7155103579876,820.880703879437,8.236835569123459,1590.595354268099,1485.3300875323432,2067.6828417870765,0.3744577635562395,0.5592218051695031,3700.311257952939,1.2956760425943967,-0.6355214789506244,53.16775691703418,46.85305863545903,100.89962936441658,39.014018505271785,104.31251120729108,45.57365557350673,84.13572033425689,529026.9666964852,25146.642091774087,34799.448567596286
1990.8894642095815,718.8567071860863,9.109004741719755,1997.7465150415032,2057.009362168101,2609.276200291148,0.4534310630179158,0.5481788171270837,4321.420038457452,1.7034435448698007,-1.1437014824571543,55.687607556073914,47.38600908598141,104.05144650807003,39.53052127653961,104.12150821942573,43.5695982228453,86.78212963257545,599689.1619603788,42432.99813071518,81130.31005318908
3486.167013077312,939.3601839104249,9.329829047705019,1911.0637940374784,1979.0956316522038,2515.7796166091543,0.624587254184517,0.5843461971413952,4709.283428910881,2.1832457567304693,-0.6219387576105876,76.97051184272019,47.040391136164295,111.48890298160998,37.30693373459493,113.90428251291274,43.372353702454475,92.9366656652656,1989353.1817046774,163692.48335318806,1011008.9302862461
6582.85872179712,1205.9390139801478,11.468154100398856,2267.5668508267527,2432.1731145694935,2963.619522365841,0.5105820042920387,0.6200767025584423,5090.412174138097,1.9192746335158068,-1.7852099430630812,65.59671323430783,47.68784477826357,107.89458517014853,39.273699836317675,114.22523758811411,43.61274411356894,86.57326758022313,3709004.678349727,418886.2771063312,2235126.053752954
2380.0570378188586,918.5165716827511,10.308076790785679,2438.6543411428415,2704.8719439650367,3168.624212825675,0.5245223860038523,0.6066311931477671,5465.627464220022,1.741356180002332,0.3764922981917712,62.65190150037151,46.94063147826431,115.36119689292953,35.844392439587985,126.22892036361682,42.201348473804586,96.44081152167213,736416.0584966572,29886.163561842568,169835.1589395631
4437.234291897844,1044.675277271303,10.598777132580132,2078.798063025775,2192.4521693428164,2738.3058722628657,0.5295004436442147,0.5709137696097164,4468.863824534584,1.776793771363985,-1.6662954137282588,69.01130496124848,47.520736186647454,111.64036611034591,38.876273041627144,111.04088674419748,43.71466269198035,91.4391996017754,1607885.5549502634,166630.31718507098,785199.0160224353
2668.2907754920398,918.5165716827511,8.293446297066005,1736.0724913291956,1772.5315987177676,2263.1453893182147,0.48610391366874584,0.5989704276428943,4223.138633648537,0.9157870858245827,-1.3241601057767638,58.4628381019515,47.10296672251293,106.39132418799628,33.21323253583451,116.0128962168887,39.879683972798595,87.09613976766435,689052.2695423678,42204.58745745887,140397.94289855094
2505.9641939865655,807.7163172093273,9.768183228658074,2113.0274758469354,2237.0937123850686,2772.543299332932,0.5902246896945811,0.5888693123524649,4304.017095295555,2.5711146923706103,-1.5229672873900941,70.1783918271782,46.42069562008669,104.4420438547009,36.961495336655744,115.47608179985494,42.79373111221069,93.88097393386654,844031.675446929,54748.46844003937,252639.66514605202
1796.3056774049428,850.5005738871839,8.117465022432512,1767.026148948226,1776.121626784564,2298.7996480728902,0.5414437261110767,0.577106182885772,4101.562398734419,1.9753961716458763,0.36441979609268726,69.07988339953799,44.661085679020154,110.69907772358295,34.00166928902957,114.62678652947001,39.17589529655781,87.6571889248616,504839.3915204642,7414.2945227247665,17697.546592236067
1169.8915615953579,605.8623882676441,8.773126873637038,1987.218542150638,2079.165138552514,2606.400509978649,0.48848437543486833,0.5044015821349256,4414.551036916065,1.5678354392872367,-1.0592891029584621,66.37387789593106,45.13873365052199,110.91893268573632,37.32146283119662,118.7779895076111,42.28720271559949,85.78517285490899,487157.4776333298,5870.5534207165865,6067.041009483604
983.6322148679229,549.9137449196776,9.02315137679648,2021.1914560186406,2095.954635006909,2649.7999243491204,0.4405486317143835,0.5223248302759212,4827.166339611998,1.9590944912196864,-1.8345931424134756,60.93362442431186,46.41271887097926,109.80343303840108,38.124847569432745,107.84754950696563,42.092273242487465,91.1506879127675,446926.67769576685,1639.0487928905923,-22472.651549997245
1387.3675586123068,657.422902725574,10.819892229568143,2533.01442190289,2829.8212138163994,3406.9378114065935,0.4223826166320098,0.4423073166942012,5528.796629006525,1.762336624638736,-0.6514199528399224,57.0029124669763,45.601327669337245,107.63549173246676,36.69181967013609,106.96801980001597,41.291183226089885,87.1609260839246,467323.0113861462,5905.9964562218765,-8009.701733321293
1581.9513454169453,796.7459949842357,9.558093360965932,2254.5606982265235,2435.3266326944895,2971.0172558793333,0.39072176847998685,0.46326317948480883,4873.9067049715895,1.693172861489434,-0.5790112539821957,58.49415701404108,44.17767388413329,106.07482745651112,33.32990571879842,125.01785800977524,38.599789209716064,82.94585790509697,472170.34546404704,13154.097217053652,-5522.279513077381
3133.418864805801,940.457216132934,9.039431812272401,1888.5411990009702,1908.9373057874473,2454.4024105145168,0.5041408875585895,0.5753525237452357,4119.103179986258,1.7649408300810896,-0.6292766685000223,67.46123171121079,47.355937551591865,108.60628437090551,39.050274083000055,117.98186130566958,43.29724654137999,93.43517193310586,1006525.922028641,76684.75383152168,370216.7953798683
3244.758250838402,1038.0930839362481,10.041057410478398,2117.9625741962823,2247.7345765568616,2759.0435823260786,0.49313023885329654,0.5812713906271768,4762.5918954779,1.6203077957845882,-1.0971728520237967,60.079210996568115,46.74064506489484,108.40378722231347,35.228746772429204,119.10788075514898,40.500682597923664,86.48008434346556,893394.1850923537,101458.45112095524,293053.0882663973
3388.354842170167,1005.1821172609739,8.393366991368195,1771.2078613715057,1843.3149980782082,2347.2270617221375,0.3795231389828285,0.6694388255184591,4548.095576557045,-0.0043813637221725155,-1.3271047070057986,56.1649767987187,45.64118747817487,102.8818648642426,37.2632433998098,106.72838742713397,42.49588554693261,81.34529560432068,1157624.624058547,159793.74944760618,480955.651468684
2410.233133098722,1008.4732139285013,8.337906868856134,1868.1744839285902,1829.975032287799,2465.139363927002,0.47070921053883796,0.5868364686183651,4539.224946118979,1.256415046066353,-0.35006230514552195,62.038786668176755,43.537349801468395,107.6130811956791,34.841167216668424,117.81084176179647,40.19261486909765,91.34380747565395,545622.2398585264,16342.985883765701,45228.593715329356
1798.3867874242437,753.961738306379,8.326542742830345,1893.1769613382698,1952.2197679364208,2485.6294502645897,0.39376361406857907,0.6452640479093119,4147.816870530588,-0.5737570907878615,0.3861492655134836,52.37954485369885,42.909789792914474,107.09672775936465,34.619279634866636,107.80123721782567,38.01040237944614,85.84639300251303,499470.5571748982,43936.37355339789,14373.98994244438
1884.7528532252331,601.4742593776075,10.708723150282434,2840.6062422599275,3174.8702845665857,3712.589954258694,0.3788888434786529,0.26609052013622364,5554.901322066898,3.9026538173689884,-1.0860729001584246,53.33777100731683,44.15216373915176,94.70836167708725,36.359954653791924,104.771354966748,41.87476976398052,56.01172696845081,824916.1813260872,99594.73817063542,246706.68524865678
1046.0655154469516,537.8463904720769,12.957265799020263,2669.2675507269873,2918.3615168943356,3505.4926803761796,0.46342221961840524,0.33508351467520636,5853.626954569568,0.0790887527373218,-1.0960152541794856,63.1321562949222,43.55777630829518,112.68652442097108,34.84898622222366,124.1161668140861,38.92692183378609,95.23771457856661,473915.95305455825,4646.784167020051,-3172.399852340859
2462.2608835812457,951.4275383580256,10.46738763430122,2198.9711063026994,2408.9422034083404,2938.3978870327333,0.5651968806488347,0.563691486002614,4791.469396478219,2.365037083070646,1.2926314424815888,67.67788604022249,47.499114623788834,113.06852291269252,37.48020483104239,122.52248210747507,42.732335116090795,91.73264952207006,676375.8854210242,24273.365078074305,129993.66420225424
3858.6857065321815,1033.7049550462116,8.878629083011425,1749.0290360669828,1814.4886793224027,2303.2547974383483,0.4305295253742648,0.5762316715619694,4668.33453490464,1.237048296903284,-0.3362871890077531,59.846414665009036,47.228676171737916,107.90524329725687,37.98110507433266,70.14036490343717,42.69488049010613,82.06948619358307,1114964.1565559413,146923.0049153658,449001.4842963473
2860.793452277377,790.1638016491809,9.420585747731806,1762.7476120592855,1731.5198212830157,2309.9585365966586,0.4696435423730497,0.5538798743371192,4208.445204986523,1.8527595868655686,-0.29419928266689044,68.58574792963132,37.829260767366364,119.96676936624165,32.318997735250626,135.08837790552138,36.937894572216194,101.94547542542219,1226173.5431331778,79954.37385688466,404609.4289461836
3046.0122439951615,787.9697372041626,10.030314034947015,1993.2884324412225,2096.8944704676937,2626.374382682165,0.4393808863730376,0.4879995530088341,4474.753941368431,3.0358503942066437,0.07077650952612419,66.25148216974006,43.804974822643366,113.53644650062195,35.50610414437698,103.40033911398218,40.238153907858994,78.95937857653165,1356759.173965089,100156.90409489989,609173.2916874426
2878.482887441435,781.3875438691077,11.076865055478773,2212.515960548459,2403.5654585749185,2931.4681107295796,0.4178958491031748,0.5704931116498172,4964.71504343289,1.0875492224839303,-1.126792013333151,62.92811566526282,47.75260115071207,100.27185723986636,37.95631811008519,89.01091074484343,44.2040114471054,77.90389701897804,872086.8624406763,84245.93473931684,278499.22048665717
1439.3953090948305,589.4069049300068,8.813769306686693,1930.35564563795,1993.1798867957582,2521.9024030347255,0.3853136648731311,0.5917825263913945,4686.773065169824,1.9021065011854705,-0.8483897534114286,58.14348270308727,45.143097980576485,107.57602000715357,35.6111571786112,115.76101865898656,39.63362683170008,89.52881483229288,479585.90470948745,10193.61922359791,761.9390108565567
1273.9470625604051,580.6306471499337,11.753181535691782,2563.335730379009,2809.9559330411416,3394.843870979237,0.5339178879576023,0.43888168152279683,4961.457768208583,2.0500096758030453,-0.9954187578852166,67.09786629078107,43.7167986653911,105.48153017531132,35.77626610498633,108.19820535030102,40.48279063786513,74.54671883353883,532760.384930691,14146.502211201765,38548.843198235736
1430.0303140079761,593.7950338200435,7.947861322298784,1773.0592629198018,1841.3601117585813,2314.373737094657,0.5740394683783877,0.5504302878608094,3871.9847295793443,2.1187982658194313,-2.338530658680265,58.261021043495525,47.709173617554505,117.62545348677477,38.4261531573903,128.82715083640656,42.80640651749545,99.30606426716125,559844.5777022165,32940.171787881714,55155.7473746908
1254.1765173770461,532.3612293595312,9.188288983975491,2193.054767791906,2353.9941176347907,2901.649133361963,0.4590563242577951,0.520862685508469,5269.000820165311,0.8897068421883843,-1.223090950664334,65.68024541580503,46.1043824150166,113.47427167578692,36.633428214004454,123.10552544451352,41.38205729832491,92.16050855679588,587049.8720003336,25720.622361206977,77250.36655250873
1278.1092825990072,547.7196804746593,10.462031284076682,2446.3993538693912,2650.695572912723,3252.451653630628,0.5038018261995005,0.4868726068650951,4731.529032999166,0.44723325774659745,-1.2092352739175174,66.38829470810926,45.8091115414725,113.7093567717025,36.524685192695166,131.87231703097888,42.0991729102492,98.05463309440945,523067.8987843775,9116.544755742714,30641.311641471584
523.7069006024137,305.2755593001376,9.984171580848324,2345.323847359555,2591.0887647122922,3136.0493792457505,0.43556879959336614,0.5233595057276207,5873.951104333792,1.9570949173341303,-0.3729705066973421,62.00786939811523,44.911967542991924,115.87541179079605,36.95967820617798,125.7977902057703,41.50396421291149,96.28092269201507,421812.8394920309,-2779.5163001022092,-40403.69426543876
520.5852355734623,399.6203304359243,8.24084886663427,2102.6522542536745,2221.8657160905964,2788.1627719773846,0.4068946273310571,0.4647366174269169,4964.371140665909,1.2015931739998116,-0.4255930253688981,58.78695810887903,43.47752989707168,110.10534065922077,36.51378346254061,86.66943857232869,41.073921320700684,71.45461011774873,413942.3312683135,-3531.6962758255822,-45936.479710030035
1427.9492039886752,692.5279338458668,9.119984533528584,1988.8975725423313,2078.9081531163265,2604.418069735633,0.441439193909821,0.5650556335128749,4553.530651324791,1.7716511774482655,0.024128350424828304,57.42868176309746,44.38572047431426,109.7556183172509,34.21167889989862,115.3151039719318,39.11444153989551,91.19674858229241,474052.3286475669,7291.228427220288,-3570.263075322706
1362.3942383806955,649.74367716801,8.315712574239754,1718.8648919439204,1762.5049851169308,2250.904785345211,0.4372218731551719,0.532644996535061,4362.100545875455,1.3872689517778394,0.13309219483940882,60.16642360651855,42.69727451784392,110.20152883763998,34.53496804297526,116.39114676889692,39.00860403864615,89.57156638804264,458351.6793756627,3064.646443214474,-14516.164166967741
1108.49881602598,581.7276793724428,10.163850518168797,2147.133561299027,2285.3816424173883,2822.1088392253705,0.48418439940820956,0.493204305196647,4101.538934294578,1.6128773814693604,0.07646988426571627,64.40614184033971,44.50654570527014,114.7804633251457,34.092696934681115,123.48423159803889,38.56197266334527,92.83879019526898,459824.5357801565,3989.1189526441167,-13313.249578733572
1208.3920969524254,599.2801949325892,10.320053417146903,2418.395537021905,2663.6888769297425,3177.022879697676,0.43767444686209256,0.4145447349777697,5031.734551163916,1.107319856264398,-1.2070324925457556,60.14116695556697,47.32791209268996,99.45153820787233,36.68317282917006,116.88584590388798,43.61573628008921,78.40722009761873,459404.49895368976,5263.099173306479,-14080.224190223962
627.7624015674611,420.4639426635981,9.92210402816605,2196.6630080680416,2380.493130698982,2892.3908865792023,0.4771501670942444,0.49893163067049534,4465.202727431474,1.2339888925839622,-0.8167601564431101,62.865394914561094,42.01649472585297,113.86802495502451,32.83190795424591,125.69059109230464,38.66905121697047,93.65108688876573,425969.56756693573,-1094.0030560728692,-37353.668581447084
543.4774457857727,303.08149485511933,8.332181179158459,1770.618814617505,1830.5339104657269,2326.687704476941,0.6316638077184321,0.5447073501020745,4761.356947431028,0.7235207291737249,-1.9067713577181213,84.93512173289274,43.947999650691095,110.78194946468061,35.796666246912835,115.52790756055343,41.25669821769594,93.78232223534238,637340.8266829614,8828.077827880217,113194.04502716733
629.843511586762,446.79271600381765,9.554258450566246,2393.008557873036,2592.38065376706,3154.2228879804416,0.49418267907760294,0.503609377252534,5294.497304557016,0.6621512700695538,-1.1051014210816126,62.425955394065994,45.345193792391434,101.44046830972809,37.14112882871575,95.88194148749376,41.0235772578464,79.11755716408142,415268.99303710205,-3742.38543132925,-45070.03929279418
1155.3237914602512,457.7630382289091,6.771784422128184,1551.362877638691,1538.1666167876804,2020.5249090194975,0.4551076527867234,0.5979189105593258,3592.997438127155,2.4153254430075815,-0.26854083440904575,62.92895307858744,29.96587037946903,122.35354575535277,19.55716252962141,139.46242125411925,24.049501980031952,86.268401731424,590973.1250600076,29773.927282742483,80176.05997931858
1859.7795329936216,552.1078093646959,8.785322618569223,1949.356763970635,2028.4513311730366,2540.802373679879,0.3775924622999651,0.5705337824518171,4324.315480445369,0.07403518530878583,-1.7719389891939925,63.869376450379136,39.29643105140291,117.95766399867209,37.688905743899255,125.54117428703225,42.35842944067532,97.53703818458561,927956.1243797315,92445.09028620724,320008.32162341726
1108.49881602598,529.0701326920038,8.005221160107489,1893.494606711295,1956.2635585206604,2479.3929665139844,0.4088328786100903,0.5626422350389951,4385.958448238665,0.9493335790685491,-0.9444042173226403,53.8684191734871,46.29800574267214,100.12667938207234,31.161226715213203,122.60462888578546,38.836242474441875,92.87225932571364,459439.41110549995,7151.425342727201,-13715.775261359733
1226.0815321164835,739.7003194137601,10.599228156952636,2437.459747418403,2632.002716156162,3196.792971688962,0.4379201610141945,0.4268889339165881,5209.58551667728,0.026073660025245582,-1.0557037413340629,56.82584908431808,45.199762793626306,107.2758774606124,32.839847000941624,111.93426585969239,40.49663115941437,86.47078757198467,434333.2099349726,37.22049380429871,-31427.682373518284
1597.5596705617024,685.9457405108118,10.370798510542937,2270.647190331622,2078.4560500200373,2957.651564183305,0.32208018314318787,0.5354256473922923,5277.954941539438,1.5889135725989547,-1.9899040055977357,56.70630476567669,42.75304330865464,116.43446790889033,32.85945316055204,128.50612779335324,40.139280253711796,97.74977102346402,725968.5970674476,46409.509808655894,172298.49178497802
1640.2224259573718,771.5142538665253,9.968940713350642,2032.2154042122297,2128.497234615819,2652.7187806829284,0.44838661928948687,0.5740478421454561,4403.455287745483,2.095515800358693,-1.142053851232974,61.2265339844461,41.582942729793686,116.51572806003551,33.44378205381104,129.85750932014145,38.65751956248243,99.45138792455116,471596.4769686664,6377.585734195039,-6872.061580107584
1857.6984229743207,871.3441861148577,9.718133114395519,2027.9627423977267,2077.1307291569287,2678.0133260749253,0.4977066401454959,0.5539002084460716,4369.530443086086,1.8874514577093413,-0.41925811862924456,62.23973938548731,45.47586365154032,107.09150150788527,37.34460402761022,117.79639349618826,42.753366707946704,89.65429265332969,511973.47154193476,13431.734328511753,23312.702157210304
1169.8915615953579,558.6900026997507,10.54599570513395,2192.286068561438,2332.0346738035246,2858.035524719877,0.5222719640929654,0.4660101147574807,4280.400674411814,1.873440432333288,-0.07778187828865334,68.37896813367321,45.81937026854599,113.9925579783368,36.15776465505302,85.09139462980517,40.80783083718119,91.74910242376491,566220.4094265586,14882.929726700568,61506.794486859966
1975.2811390648244,735.3121905237235,9.269472413451522,1851.162505299526,1865.1144665324214,2388.7798653390746,0.5428835020029118,0.5502394154306,4806.942481454799,1.5011529276983315,-1.485086958351888,66.98056898421333,46.40828744777891,108.03934688254328,39.59322604256772,118.257042084744,43.66678487128239,91.02062739037741,1062318.8136356114,56069.70604137545,257617.6178929694
1463.3280743167913,659.6169671705923,8.310935919937465,1904.5962623217558,1979.7831942150278,2483.614156004914,0.4629257769862082,0.5852140557164377,4538.6532561010745,1.285613622191746,-1.1493663631974227,66.8563166165834,45.12710784431147,110.39722098523099,36.96249513761053,120.82959816491588,41.76968079984222,93.57466630679568,545326.5775728836,12418.654230318887,45475.704076478236
1362.3942383806955,691.4309016233576,10.40321388146082,2356.7884908793,2555.180528389136,3086.6556691647575,0.4365610019262377,0.506899127220505,5504.777471795511,1.4050183440919877,0.39128483980864814,64.10115560028026,47.8027768035452,97.09898379330762,40.35916657808625,93.4319709847814,45.068969316196736,73.86314337514987,477866.48123283393,5399.948671507461,-1228.1541806600508
1425.8680939693743,749.5736094163424,9.16699429379122,2094.0575514697725,2202.963221703131,2757.904050613802,0.4477385784873903,0.4925156612898392,4927.528748135839,1.334673771318694,-0.7806451317666874,60.75055260908645,46.730898213442465,102.0571379782561,36.76457899887431,102.64235636386954,40.555282725218596,82.22853614732675,457886.91135468904,3929.062698037932,-15158.029444668922
1303.0826028306185,605.8623882676441,9.741399285682038,2048.138409570083,2147.9360426283642,2704.4896378182825,0.5159002151386722,0.4697664387717596,4142.217669080947,0.022567265566308503,-1.0593776193471227,57.88514603289737,46.225074343489865,107.19444895145287,35.71458120724865,100.71657171805091,40.481768195853725,78.47544848745413,626120.9338949507,39357.33027186725,104146.5420873673
1450.8414142009856,676.0724505082295,9.009402359112089,1883.7499982587797,1927.8407687940953,2459.5009721507085,0.49405963868305525,0.5220637445362303,4500.809421090742,1.78279069097874,0.6114273146559401,66.9107599814467,47.8255497876644,103.14071360054723,37.337024131593644,111.5026641501235,41.810954348018214,89.87067884788087,564187.8675883571,15590.805908042326,50969.63569070018
1054.3899555241553,711.1774816285223,7.88768980270681,1731.0103549588093,1736.70221604839,2255.5435712794383,0.469303782236706,0.5836381840089099,3827.805222710652,1.8429852315444502,1.8426673286021265,59.58494281948169,44.629925241230026,111.50702894937687,34.77888058876565,106.20525414138687,40.751416145777675,89.56366373230983,426910.01365632366,-2906.520510662831,-38728.31709991365
1077.0,552.0,7.7669452181987,1989.5292479108637,2028.533890436397,2089.61374187558,0.4085422469823584,0.7038068709377902,4283.405756731662,1.1740018570102144,-0.3260141590667716,39.693593314763234,34.09390499164343,103.14235750789231,32.242762844011125,91.45546781522748,32.32438135190341,99.03643948467968,22766.0,5226.0,21616.0
2497.0,676.0,7.931117340808971,1864.4509411293552,1858.448938726472,1911.352422907489,0.5278334000800962,0.750500600720865,4349.688025630757,1.4701241489787715,-1.2063499719673196,50.77292751301562,29.137959748296648,109.53153071302596,12.809836632464908,114.03739841643264,20.34638231022045,111.63743098036058,489147.0,66662.0,392206.0
1349.0,555.0,7.716827279466271,2268.9718309859154,2307.793180133432,2302.036323202372,0.4966641957005189,0.6100815418828762,4634.385470719051,2.546553002223871,0.0186057940228003,44.98146775389177,34.32361850222551,93.1735151683976,33.151848359792275,89.27762175370918,33.547122433234414,91.70645877151334,120088.0,27003.0,117282.0
1108.0,572.0,7.240974729241877,1819.8384476534293,1836.5938628158844,1839.3249097472924,0.5,0.7328519855595668,4437.218411552347,2.069494584837545,0.8655363729615275,46.83212996389892,34.306305110108305,108.04149246389892,34.28998113508612,96.95905994922938,34.10042709674502,103.72151895750454,40739.0,6479.0,38934.0
1270.0,571.0,8.040944881889764,1840.6968503937007,1851.7425196850395,1876.4425196850395,0.5448818897637795,0.7015748031496063,4322.692913385827,2.53968503937008,0.6176389664608938,49.874015748031496,35.4547910820189,105.83355179337548,33.81676215615139,95.98195142981082,35.47504328154572,99.17798523659316,84295.0,9898.0,82234.0
1060.0,516.0,6.657547169811321,2105.2075471698117,2113.193396226415,2073.088679245283,0.4377358490566038,0.6632075471698113,4196.391509433963,1.3241509433962269,-0.2827581131901298,41.10377358490566,33.88199930122756,96.40302074504244,32.430895932955615,94.14541136355048,32.77249771765814,93.30234394145415,32326.0,7365.0,32118.0
1461.0,606.0,8.607802874743326,2038.971252566735,2042.5687885010268,2063.018480492813,0.4962354551676933,0.5434633812457221,4167.171800136893,1.6569472963723475,-1.2276964435059592,45.72895277207392,33.40275842191785,101.04016288082197,32.7398676328767,57.09776916986305,30.905306824657536,86.41778137328762,97833.0,18689.0,97612.0
1070.0,489.0,8.460747663551402,2276.6130841121494,2306.1757009345797,2201.121495327103,0.3878504672897196,0.6542056074766355,4836.033644859813,1.784766355140187,-0.2186390852334578,39.401869158878505,34.44389163457943,88.09122305140191,32.057838759588385,82.31798739439255,33.18850540280372,87.06474085233648,30772.0,10570.0,30438.0
699.0,389.0,8.576537911301859,2326.878397711016,2326.513590844063,2288.261802575107,0.3934191702432045,0.65379113018598,4579.8640915593705,2.0306151645207446,-0.2530244497927216,39.38483547925608,34.33604456509298,95.74953430615167,31.50535008177905,83.4957258583691,32.45193076934096,87.45161549213162,10748.0,2877.0,10699.0
824.0,487.0,7.449029126213592,2179.160194174757,2209.9769417475727,2212.393203883495,0.4648058252427184,0.7026699029126213,4736.160194174758,1.9815533980582527,-0.2461045615619988,39.648058252427184,32.0173559041262,106.21497158373784,30.35324870266989,94.50440403762134,30.97090144174756,95.38430564684464,13381.0,2883.0,13223.0
1024.0,486.0,8.5419921875,2396.2275390625,2411.650390625,2433.900390625,0.474609375,0.6728515625,4705.4736328125,1.6064453125000002,0.7894525627207009,44.326171875,34.185949764648406,107.6692168994141,31.28926083886717,99.67675750781252,33.993435587890595,100.88092636621096,58810.0,14239.0,58143.0
1617.0,611.0,8.457637600494744,2046.1354359925788,2061.4409400123686,2073.7414965986395,0.3920841063698206,0.6351267779839208,4137.52009894867,1.7306122448979595,-1.7552385808685182,39.08472479901052,34.61232194372289,101.26151306431674,31.93924805194801,89.68773674458882,33.00498055163881,90.52676601051328,109228.0,39722.0,108768.0
1549.0,643.0,8.972885732730795,2412.9502905100067,2410.0961910910264,2430.8837959974176,0.4402840542285345,0.6029696578437702,4389.936733376372,1.3748224661071666,0.3033944728544132,44.03486120077469,34.365820859909604,98.06522618076184,32.46903464299545,64.51275142737254,33.34365760167848,76.27405950096842,130551.0,21701.0,126236.0
1365.0,702.0,7.579487179487179,2036.2446886446887,2068.2358974358976,2069.4307692307693,0.5201465201465202,0.6578754578754579,4182.257875457875,1.965567765567766,0.6263361624171045,44.095238095238095,32.98407392783505,89.42622328424159,31.606077018601187,74.04433760148702,31.41205911398963,76.15691952923763,42145.0,8104.0,41625.0
1338.0,489.0,9.28998505231689,2333.306427503737,2352.328849028401,2353.412556053812,0.4850523168908819,0.6203288490284006,4394.094917787743,0.8531390134529137,-1.6258147382183492,39.289985052316894,34.033788031390145,104.8380923452914,32.308919820627835,97.05078099626304,32.73272237070255,83.33673223318381,83639.0,30166.0,80604.0
1094.0,516.0,6.4817184643510055,1766.9744058500914,1750.617915904936,1768.9259597806215,0.4570383912248629,0.7550274223034735,4247.558500914077,2.083638025594152,0.1839289322458016,40.08226691042047,33.16586487842778,99.20449068647169,32.977642972502274,76.0313768670944,33.408855010988994,61.94428099725273,51876.0,17855.0,51570.0
807.0,401.0,8.852540272614622,2583.15365551425,2583.8351920693926,2611.374225526642,0.3890954151177199,0.5489467162329615,5032.723667905824,1.469392812887237,-0.9499155753708988,35.377942998760844,35.18261213506815,98.8692582726146,33.148349680297386,73.38879531970255,33.94485028004956,78.90107642503094,15049.0,6271.0,14942.0
1105.0,504.0,8.526696832579185,1923.764705882353,1957.5276018099548,1970.7447963800903,0.5547511312217195,0.5918552036199095,4156.127601809955,2.136199095022625,-0.7488780097373541,46.77828054298642,34.41858577878511,106.42741267271089,24.07972423481413,98.8870591459656,23.631701655485024,102.44289970444248,125898.0,15004.0,125341.0
2381.0,775.0,8.044939101217976,1926.8080638387232,1949.4162116757664,1925.6472070558589,0.493070138597228,0.7039059218815624,4246.632087358253,2.0729945401091974,-0.2112708316572528,41.85216295674086,34.90370306092435,102.84678525042028,35.8192841592437,89.38296275462186,36.04725503571432,92.5168663323528,327920.0,69132.0,326861.0
1302.0,649.0,7.383256528417819,1843.9124423963133,1852.831029185868,1869.31643625192,0.380184331797235,0.6889400921658986,3942.383256528418,2.229723502304148,0.3144110376555036,37.07373271889401,33.75273983679752,101.76380351729448,33.20152888974555,92.03595219523449,33.50526269645607,94.62515378478098,35024.0,10767.0,34431.0
915.0,523.0,9.158469945355192,2458.631693989071,2462.271038251366,2461.44043715847,0.3825136612021858,0.5191256830601093,4611.56393442623,1.6265573770491808,0.7040935974749558,37.2896174863388,34.04001544480873,92.16210864590164,33.84202018469945,86.37046347322405,33.851056183606545,86.57776613224043,11839.0,3570.0,11667.0
1237.0,556.0,7.688763136620857,1953.0299110751816,1973.995149555376,1975.0590137429265,0.4381568310428456,0.645109135004042,4455.738884397737,1.7875505254648352,0.3557928137681141,41.47130153597413,34.407741707928786,97.88525563673146,34.33635893862519,85.65860223567924,33.40279635303642,89.08791811255064,57797.0,14978.0,57035.0
1394.0,579.0,7.358680057388809,1801.939024390244,1790.980631276901,1820.684361549498,0.5272596843615495,0.6628407460545194,4736.0789096126255,1.2172166427546631,-0.4275455719899787,44.2180774748924,34.983603509339055,94.24047166163793,32.68845438461536,81.81051712221429,33.48198948815503,84.09688677458725,90752.0,15892.0,90496.0
1814.0,620.0,9.490077177508269,2351.8197353914,2415.749173098125,2419.1256890848954,0.4095920617420066,0.593715545755237,4466.261852260199,1.6265711135611884,-0.6164683625663077,37.45314222712239,34.47293393270822,93.92774868781028,31.152856712630992,65.3196933408715,32.108361011583,71.41392115774966,109822.0,31213.0,108691.0
1061.0,528.0,16.066918001885014,4867.450518378888,4849.155513666353,4886.040527803959,0.5994344957587182,0.5315739868049011,8143.43355325165,-0.1083883129123476,-0.4718625778588615,45.05183788878416,34.767791504241266,98.82020577945336,32.83801496795476,88.67146751272385,33.23322063336474,96.9941905570217,121530.0,21570.0,121219.0
1688.0,619.0,7.81042654028436,1986.438981042654,1425.7505924170616,2037.116113744076,0.3317535545023696,0.542654028436019,4242.345971563981,2.2485781990521323,-1.2338781000992909,36.38625592417062,35.88762515219979,96.90646483115336,33.95835195778837,76.20149671403088,32.43160037871581,91.57587504280616,260922.0,85247.0,259589.0
1787.0,647.0,7.526021264689423,1866.3324006715168,1817.324006715165,1861.6390598768887,0.4823726916620033,0.6524902070509233,4357.677112479015,1.450251818690543,0.1016808553809968,40.33016228315613,35.735211083473374,96.42985379103644,34.9248748429938,91.17241252504226,34.80763018135879,91.43992587928136,194382.0,38249.0,193883.0
2103.0,727.0,6.442700903471232,1569.3937232524963,1578.4227294341415,1547.642891107941,0.4079885877318117,0.7941036614360437,3916.305278174037,0.9769377080361382,0.3377114345237522,44.3509272467903,34.50389863744637,100.789568844688,32.80771024450809,95.37049835100292,34.485428912171805,96.97077524057288,320051.0,27350.0,313822.0
963.0,392.0,7.908618899273105,2089.631360332295,2072.347871235722,2110.542056074766,0.4735202492211838,0.6490134994807892,4919.860851505711,2.920976116303218,-0.9312411822421452,47.38317757009346,33.554561389408086,95.15138732191072,32.04659309449636,81.37781571754934,33.115991541017635,90.59843939044654,79316.0,12422.0,79272.0
940.0,386.0,7.104255319148936,2061.054255319149,1946.6787234042556,2060.55,0.4968085106382979,0.7159574468085106,3950.9712765957447,2.367553191489362,0.0876297248013811,43.96808510638298,33.36337717553192,85.24774929361703,32.188933431914904,63.93560217659574,33.32798351170213,64.73848157446811,60333.0,17440.0,60298.0
1896.0,697.0,9.962025316455696,2505.3575949367087,2466.9198312236285,2534.5638185654007,0.4034810126582278,0.6888185654008439,4675.62394514768,2.493565400843881,-0.9762654804854726,41.98839662447257,35.586209699208496,101.19898153217292,35.2006495081881,85.62072083421326,35.05744905813959,89.92575166983616,327777.0,50743.0,327031.0
1952.0,729.0,10.975409836065571,2596.6793032786886,2569.3002049180327,2602.7377049180327,0.4518442622950819,0.59375,4701.894467213115,1.0983606557377052,-1.0787490928888464,42.69467213114754,36.31363846591491,99.83766838236794,36.36012363147103,80.48096493182976,36.311954993336734,91.06474287801122,188090.0,54239.0,184030.0
2782.0,861.0,10.679726815240834,2607.739396117901,2526.480589503954,2627.8130841121497,0.3734723220704529,0.621135873472322,5699.884255930985,1.1925952552120809,-0.6345833306121922,37.34004313443566,36.45507254748201,68.02802261223022,36.33272007266185,64.15480673273379,37.158724557553946,65.39777882086334,308135.0,68835.0,307316.0
1458.0,557.0,7.074074074074074,1914.5178326474625,1823.2894375857336,1907.8312757201645,0.4883401920438957,0.7263374485596708,5547.652263374485,1.4072016460905346,-0.6288278862702753,49.01920438957476,21.93127302743482,111.25152670850476,27.08912308161864,96.91909398971194,27.62112218381342,100.71724773868316,223497.0,24448.0,221500.0
2408.0,704.0,7.59593023255814,1913.529900332226,1885.246677740864,1920.1295681063125,0.5365448504983389,0.768687707641196,4341.1669435215945,-0.4429817275747531,-1.2025641849758946,43.91196013289037,36.09997611886947,56.12006834039898,33.143778578553594,36.838726387364886,34.200607840814634,51.60427500207809,454448.0,49702.0,451984.0
1129.0,523.0,9.58635961027458,2786.4694419840566,2802.993799822852,2815.233835252436,0.4092116917626218,0.5438441098317095,6802.852967227635,1.134898139946856,-0.3774103122717254,38.63596102745792,35.13527228039042,93.60672494587402,34.50678530168588,63.74382501153504,34.47004414463176,71.071320433008,86779.0,21815.0,86519.0
1017.0,587.0,7.803343166175025,2059.941986234021,2048.0334316617505,2080.824975417896,0.4739429695181907,0.6411012782694199,4318.999016715831,1.966666666666667,-0.0256468432856462,42.704031465093415,33.234780075712855,89.03062078269421,30.174603765978357,80.13040340019668,31.87878439331365,84.31638106293023,21811.0,4240.0,21491.0
1075.0,506.0,6.750697674418604,1868.5376744186049,1679.7079069767442,1884.9702325581395,0.4865116279069767,0.7013953488372093,4615.807441860465,1.3209302325581411,-1.14575797248121,45.627906976744185,33.31178983536013,102.48385731057064,30.451184334892407,88.77529828437793,31.81063506735265,94.28968771188028,183111.0,14715.0,182688.0
1341.0,519.0,7.171513795674869,1829.732289336316,1868.1133482475764,1852.4988814317676,0.5771812080536913,0.7300521998508576,4380.62043251305,0.4703206562266965,-2.1079307625614856,50.51454138702461,37.276123638059694,83.97335057761194,34.352629417910414,96.7444395626866,34.56339619999997,87.26381318283588,198132.0,33531.0,197943.0
1021.0,455.0,8.149853085210578,2354.1410381978453,2371.2683643486776,2371.322233104799,0.385896180215475,0.5523996082272282,4756.011753183154,1.2691478942213523,-0.9663969879731904,40.79333986287953,34.46480503330065,103.63233896376104,35.53354021155728,81.42446314495595,37.18612598726736,83.36108425857006,65461.0,16906.0,65369.0
1196.0,470.0,6.64799331103679,1508.408026755853,1514.227424749164,1543.9347826086955,0.3904682274247492,0.7424749163879598,3443.782608695652,2.076839464882943,-1.4690685821317135,38.20234113712375,35.55497563043475,99.66715274247495,32.747384996652684,73.80421113628765,33.67801999247488,85.55160995819406,60139.0,17548.0,51860.0
1033.0,595.0,8.397870280735722,2091.779283639884,2102.4695062923524,2112.6369796708614,0.4491771539206196,0.6214908034849952,4472.035818005808,1.6997095837366896,0.1699082730788458,40.61955469506293,33.78195351941746,100.39462798739092,33.55440228377063,94.7787112628516,33.334625746601915,96.85584474199808,18738.0,3922.0,18447.0
1826.0,621.0,7.3669222343921135,1817.4200438116104,1840.6221248630889,1840.190032858708,0.3428258488499452,0.7322015334063526,4103.227820372399,0.0123220153340653,-1.8871746233829576,34.75903614457831,34.75523310514791,79.56554045071191,32.94903444712334,71.32674487013703,34.27799065991242,74.51588564348302,158397.0,64622.0,157855.0
2731.0,815.0,7.718418161845478,1987.1065543756863,2015.5455876968144,2010.1369461735628,0.4529476382277554,0.7275723178322958,4220.722079824241,0.5407909190772614,-1.226555575828573,44.642987916514095,36.63231031563536,92.59382455364332,36.28586294690595,77.9483806796045,36.89811029549621,77.98788809849866,379617.0,76329.0,378818.0
2238.0,737.0,9.410634495084896,2194.4088471849864,2061.9486148346737,2198.0058087578195,0.3623771224307417,0.5822162645218946,4147.817694369973,1.9882037533512076,-0.7548374459044315,37.9579982126899,34.74279691729998,101.06624369333925,35.04113760303979,91.01369438176124,34.43412391640598,100.0112693862314,331235.0,78758.0,326646.0
1485.0,705.0,7.797979797979798,2040.4350168350168,2041.5919191919195,2022.3427609427608,0.4713804713804714,0.7818181818181819,4582.651178451179,1.877710437710438,-0.7275408061172886,38.08080808080808,37.14818764420482,96.74850396967662,35.14403614083555,79.35361633827497,36.16268136859835,86.32555497776286,79719.0,20836.0,79493.0
1332.0,676.0,11.206456456456456,2878.01951951952,2871.847597597597,2885.76951951952,0.5337837837837838,0.6253753753753754,5841.916666666667,1.8587087087087084,-1.414976472503878,46.45645645645646,35.15490970420417,96.60256466216224,34.29282097747746,84.13482275750755,34.41951125900898,87.86353724099104,102235.0,12076.0,101971.0
2108.0,587.0,9.780834914611006,2346.992884250474,2327.353415559772,2348.889943074004,0.480550284629981,0.7988614800759013,4101.359108159393,1.7610531309297914,-0.8545335038018793,37.47628083491461,33.64581838425047,96.03414167647054,33.89520379032251,70.95235823861474,33.40516078368119,91.28926902609103,366777.0,87563.0,365849.0
1463.0,605.0,7.609706083390294,1960.8004101162,1844.9794941900204,1967.749145591251,0.4873547505126452,0.6876281613123718,4275.521531100479,2.4022556390977443,0.4831073402092297,40.06151742993848,35.42797808065616,93.41732527956265,31.72044317771699,83.58584686534522,34.181954861244,75.55088129801781,60994.0,15888.0,57449.0
1201.0,709.0,8.230641132389675,2395.419650291424,2417.3580349708577,2430.052456286428,0.537052456286428,0.6627810158201499,5081.58784346378,2.742131557035804,0.5108157803977066,46.30308076602831,34.88212118068275,100.08303590674444,33.01796789055972,89.89466516875524,34.02245487218044,90.1315765329992,68591.0,8097.0,67198.0
