mentions,events,avg_sentenceid,avg_a1co,avg_a2co,avg_actco,avg_raw_text,avg_root_event,avg_len,avg_goldstein,avg_tone,avg_confidence,avg_lat1,avg_lon1,avg_lat2,avg_lon2,avg_lata,avg_lona,total_num_mentions,total_num_sources,total_num_articles
1250.0,385.0,7.0712,1395.0704,1429.3928,1424.844,0.9048,0.6736,2699.9016,-1.8176000000000008,-6.356662166779891,62.016,6.363501238095239,47.16764574190481,6.364423142857145,47.6170250428572,6.339415904761904,47.28540847142862,200900.0,30486.0,199028.0
837.0,336.0,6.979689366786141,1684.978494623656,1710.448028673835,1710.3405017921148,0.911589008363202,0.8160095579450418,2962.9880525686976,-0.4704898446833929,-6.141003681709379,69.73715651135007,25.0436179229452,24.65652722602737,24.969899155821917,24.912892636986285,25.02108271746575,25.070073801369844,183267.0,19447.0,181895.0
803.0,255.0,7.757160647571607,1368.159402241594,1392.6139476961396,1393.7222914072229,0.9576587795765878,0.8019925280199253,2530.2652552926525,0.3498132004981324,-8.04939412690667,81.1332503113325,25.389940018404904,-11.89145555214724,25.539229282208584,-12.293069969325153,25.55544357668711,-12.103739049079756,480606.0,35573.0,479840.0
1182.0,321.0,4.516074450084602,1293.8434856175973,1313.899323181049,1325.5871404399322,0.7123519458544839,0.9094754653130288,3153.978003384095,-1.177664974619289,-7.122372493855382,58.83248730964467,31.589494382507887,-67.09368697471002,31.55260151633296,-67.35592426659623,31.858216247629056,-67.42689128450982,289973.0,41968.0,279071.0
1979.0,390.0,7.13744315310763,1576.6291056088933,1604.821121778676,1592.266296109146,0.9191510864072764,0.7402728650833754,3883.5492673067206,-0.0557352198079833,-6.6302921413954845,66.25568468923699,33.54859559250304,-30.601629551995128,33.50941506045951,-30.531190483071327,33.54209021160824,-30.43936606348243,761253.0,116058.0,759093.0
958.0,385.0,4.38517745302714,810.5083507306889,843.9112734864301,830.5855949895616,0.907098121085595,0.8496868475991649,2023.7703549060543,-1.425260960334029,-6.5142610152056175,75.97077244258872,28.56778266547405,-28.37673243291592,29.520631860465112,-30.18348639892665,29.1105752236136,-28.71475201610017,118240.0,11393.0,112466.0
1215.0,362.0,6.176954732510288,1473.5695473251028,1499.6724279835391,1507.1283950617285,0.8551440329218107,0.8683127572016461,3409.2543209876544,0.1729218106995879,-5.241857982250266,62.82304526748971,31.925667575057748,-44.83920404387997,31.632362078521943,-44.56631036027719,31.314503579676675,-44.13045439145503,204442.0,27786.0,202705.0
890.0,351.0,5.30561797752809,1105.8415730337078,1138.5348314606742,1131.3370786516855,0.9280898876404494,0.7966292134831461,2523.6516853932585,-1.5720224719101126,-6.167354175753164,73.24719101123596,31.851397432432428,-21.279190079391896,31.36267206081082,-20.88745288344593,31.332996317567567,-20.2038305016892,138877.0,16005.0,137997.0
973.0,327.0,9.426515930113052,2568.865364850976,2588.415210688592,2568.1325796505653,0.8859198355601233,0.5889003083247688,3934.628982528263,-0.9336073997944532,-5.527546478317775,68.3967112024666,28.04095977748692,-18.9970659777487,27.985567945026183,-19.221813111256544,28.040392630890064,-18.678921252617805,149101.0,18300.0,148721.0
1062.0,351.0,4.5546139359698685,809.9444444444445,836.3578154425612,817.1374764595104,0.8775894538606404,0.9105461393596986,2202.7212806026364,-2.045103578154428,-6.646943092705339,69.66101694915254,36.30728535759095,-40.87897764240905,36.30442734002508,-40.656168194479314,36.268857076537,-40.69269931116688,192396.0,25134.0,191258.0
1530.0,365.0,5.6986928104575165,1171.9882352941177,1231.918954248366,1187.7424836601308,0.8901960784313725,0.8856209150326797,2947.8856209150326,-0.6353594771241825,-4.165130986996913,58.96078431372549,31.32604258262872,-59.06896642582622,30.969278447348163,-60.84798111990769,31.23038252113756,-60.02304375634122,588741.0,78762.0,587515.0
1359.0,370.0,6.100809418690213,1311.412067696836,1357.1986754966888,1337.5761589403974,0.7851361295069904,0.8035320088300221,2715.81089036056,-1.2317880794701976,-6.354569965387985,62.82560706401766,32.13962238309354,-16.266107820143944,32.8277280485612,-17.623303470323805,32.63898137589932,-17.39987409712236,219645.0,35367.0,218650.0
758.0,305.0,6.022427440633245,1293.7506596306068,1325.2862796833774,1314.8192612137202,0.8970976253298153,0.8271767810026385,2624.6213720316623,-0.2769129287598944,-6.399143691228652,64.14248021108179,26.981568159045725,-21.67032254671968,26.800245216699803,-22.51895300397614,26.954864182902583,-21.40058055864811,47062.0,6259.0,44492.0
666.0,287.0,7.536036036036036,1627.7567567567569,1674.43993993994,1649.3993993993995,0.8873873873873874,0.6516516516516516,2662.8393393393394,-1.365765765765766,-6.345164426535791,65.73573573573573,21.80735602880658,3.989126273662541,21.55555687242798,4.572797679012342,21.76499596707819,3.802698701646084,88288.0,12217.0,87878.0
776.0,299.0,7.21520618556701,1544.7835051546392,1592.694587628866,1573.541237113402,0.9175257731958762,0.7899484536082474,3860.9123711340208,-0.2163659793814432,-6.470485240591568,71.93298969072166,33.193659137254905,-14.29813651764706,32.81180771960785,-14.812501621568629,32.9882455627451,-14.396676125490195,66924.0,7939.0,66418.0
670.0,317.0,5.158208955223881,1170.9044776119404,1211.0462686567164,1192.7179104477611,0.8970149253731343,0.8492537313432836,2722.0059701492537,-0.3095522388059696,-6.0820550124184285,72.91044776119404,30.450474137209294,-29.89234833488373,30.60860199767442,-29.06205290930233,30.461070276744184,-29.41098484651163,42345.0,4659.0,42010.0
1168.0,362.0,5.595890410958904,1240.9477739726028,1275.0830479452054,1253.4657534246576,0.946917808219178,0.7457191780821918,2927.855308219178,-2.518664383561653,-5.2800432763634975,68.4332191780822,27.24828736340851,-25.076165309523795,27.208543629072675,-24.73185741478695,27.22097119799497,-24.96374375563908,334113.0,37986.0,328315.0
1237.0,490.0,5.38480194017785,1065.4704931285369,1109.501212611156,1097.8092158447855,0.7987065481002426,0.8156831042845594,2685.552950687146,-3.8457558609539206,-5.564277715629506,65.9013742926435,39.61592579004336,-38.264994429653726,39.19660327922082,-38.05462715151516,39.4020028463204,-37.85955277380954,213134.0,21518.0,211842.0
583.0,303.0,6.9468267581475125,1528.5060034305318,1578.3876500857632,1560.0034305317324,0.8816466552315609,0.7495711835334476,3014.3584905660377,-1.3909090909090904,-6.119550410400805,69.9828473413379,26.879853427160494,-7.58608088148148,26.853006920987657,-7.806100155555555,26.768725997530854,-7.676829143209876,22529.0,2468.0,21720.0
982.0,359.0,6.043788187372709,1367.9501018329938,1389.7617107942974,1376.4307535641549,0.890020366598778,0.7433808553971487,2742.2698574338087,-0.5395112016293275,-6.935563936586642,68.48268839103869,30.70086230981068,-19.25670045783132,30.957460987951816,-20.50511441652323,30.748820024096396,-20.67611181755593,115801.0,14467.0,113919.0
899.0,358.0,7.211345939933259,1447.615127919911,1470.0444938820913,1458.944382647386,0.9121245828698554,0.7753058954393771,2794.0333704115683,-1.2957730812013342,-6.9117803847361925,81.0233592880979,30.97607564156624,-1.9271782650602365,31.01950433734938,-1.7050365180722855,30.919193584337336,-1.6058957349397538,185178.0,16933.0,184538.0
1657.0,370.0,6.614966807483404,1284.9136994568498,1324.8056729028365,1313.1949305974654,0.7712733856366928,0.7441158720579361,2512.947495473748,-0.4321062160531073,-5.485402710328803,69.5956547978274,31.202551028933115,10.440274779385229,31.619007213381565,12.057761726944022,31.65797340687162,10.92366169620261,706154.0,77011.0,702939.0
643.0,305.0,5.368584758942458,1205.6765163297046,1222.0824261275272,1219.1695178849145,0.8678071539657853,0.8289269051321928,2391.398133748056,-0.7581648522550545,-5.9902961954081775,67.26283048211509,31.9004305,-21.62722463111112,31.59095427777778,-21.633525771111117,31.783312722222224,-21.71944967555556,28699.0,2717.0,28119.0
970.0,345.0,4.248453608247423,787.9958762886598,837.8865979381443,816.4907216494845,0.9010309278350516,0.9237113402061856,1804.5762886597936,0.2089690721649491,-6.4476781849855564,65.37113402061856,29.597939864253384,-28.356534837104046,29.77499443438913,-28.70046863800902,29.900972911010548,-28.904124444947183,79158.0,10790.0,77605.0
1557.0,396.0,6.943481053307643,1462.2800256904304,1502.8272318561335,1509.7842003853564,0.7000642260757868,0.6229929351316634,3457.421965317919,-0.4289659601798333,-5.487186009831471,52.4791265253693,31.698900144756216,2.817541458641021,31.34886024076805,3.013529590103337,32.24643560265873,4.667318858936452,408464.0,86421.0,406183.0
1933.0,389.0,11.569063631660631,2344.521986549405,2387.5949301603723,2371.470770822556,0.8380755302638386,0.6109674081738231,4012.001551991723,-3.621417485773409,-5.594334610137414,55.8096223486808,30.238043709735617,-50.83283313040874,30.299434695312527,-52.82092683834146,30.385438601562534,-52.15765861117796,735493.0,62863.0,735068.0
1123.0,405.0,6.567230632235084,1332.613535173642,1369.8824577025823,1354.2502226179874,0.8530721282279609,0.7292965271593945,2761.782724844167,-1.6436331255565455,-6.3814430486440274,70.61442564559216,25.862015047872344,1.8956948124999984,25.84783246808511,1.901986700797874,25.8400460319149,1.849845876329786,159148.0,15662.0,157071.0
1043.0,385.0,4.738255033557047,982.4036433365292,1004.8197507190796,1000.8571428571428,0.8734419942473634,0.8830297219558965,2627.2262703739216,-0.8228187919463088,-5.1776460125397845,67.32502396931928,27.8028656652602,-23.114012209564,27.640576298171588,-23.270047793248946,27.701755763713084,-23.272108552742612,89459.0,11158.0,88058.0
1114.0,414.0,4.6768402154398565,888.9775583482945,906.2854578096948,915.818671454219,0.9057450628366248,0.8770197486535009,2468.954219030521,-1.0916517055655293,-6.324542599524544,65.61041292639138,34.57164338770388,-19.055090922208283,34.71840476787954,-19.965992319949823,34.76424677540778,-19.679139877038907,94434.0,9292.0,94059.0
2711.0,445.0,5.039837698266322,827.5606787163408,892.3482109922538,850.3836222796016,0.6348210992253781,0.9048321652526744,1886.5466617484324,-3.507045370711914,-5.871645717684206,45.37808926595352,29.956177548976704,-49.62809803613432,30.264189146712965,-48.06795900653064,29.657277466260112,-48.5628614575536,1152069.0,42105.0,1150132.0
2071.0,533.0,5.754225012071463,1150.8174794785127,1207.108643167552,1185.2023177209078,0.7527764365041043,0.7720907774022211,2439.9826170931915,-0.69657170449058,-6.419928811011934,55.702559150169,34.639314765815776,-6.893168283573793,34.08955477691454,-8.105960730854587,34.42181210210879,-6.62883184628189,412729.0,70964.0,410283.0
1485.0,452.0,5.8760942760942765,1144.0552188552188,1195.0915824915826,1183.3609427609429,0.8653198653198653,0.8383838383838383,3089.5333333333333,-2.816161616161619,-6.42491970452757,68.98316498316498,29.863409944444445,-25.065501639413,30.026899871069183,-24.67915741299789,29.620734996855354,-24.847651186582794,607545.0,47967.0,604829.0
819.0,406.0,6.199023199023199,1378.909645909646,1419.5982905982903,1407.3516483516485,0.8620268620268621,0.8083028083028083,3027.6666666666665,-0.208302808302808,-5.728159073494494,59.92673992673993,30.08847708591065,9.894846285223366,29.730648151202743,9.479509240549827,29.940747876288658,8.976277092783503,29108.0,3615.0,28978.0
1545.0,465.0,4.550161812297735,1049.326860841424,1093.3275080906149,1063.6025889967636,0.912621359223301,0.8537216828478964,2061.9249190938517,-3.330679611650482,-6.794340859875775,61.385113268608414,15.755217896819255,55.97774818308751,15.807315605896058,55.93839213964297,15.678493441427484,56.1185265073699,1023334.0,9243.0,1022296.0
1121.0,380.0,5.609277430865299,1177.7448706512043,1221.256913470116,1190.3033006244425,0.7564674397859055,0.6164139161462979,2808.6315789473683,-0.1390722569134699,-5.93108654313628,60.44603033006244,24.5299387875318,20.920461239185748,26.7258975788804,2.882390628498729,24.79903872391857,18.096636137404577,108243.0,17240.0,107334.0
1219.0,417.0,4.663658736669401,889.2132895816243,922.0828547990156,907.780147662018,0.8999179655455292,0.8400328137817884,2332.611156685808,-2.8196062346185395,-6.512044154772773,58.42493847415915,31.98878552112677,-40.39740406500541,31.92980285590466,-39.32127099999999,31.942978370530888,-40.45600851787648,109353.0,19639.0,106878.0
916.0,337.0,5.0185589519650655,1053.1331877729258,1099.019650655022,1068.8657205240174,0.9203056768558951,0.8384279475982532,2573.8209606986898,-1.4111353711790393,-6.462674244839008,73.02401746724891,26.659363621468938,-21.976350832391702,26.67218972881357,-21.91501078154425,26.673610318267425,-21.98003369491525,150771.0,17087.0,150196.0
1120.0,382.0,5.772321428571429,1478.7044642857145,1478.3125,1491.1401785714286,0.8839285714285714,0.8035714285714286,2548.175892857143,-1.9595535714285712,-5.529254079863967,56.86607142857143,32.620692223300935,-30.666373827400168,32.68245468284787,-31.360806603020443,32.67201768176912,-32.27611141423942,100765.0,26950.0,99546.0
1095.0,351.0,7.00730593607306,2161.173515981736,2217.109589041096,2185.9671232876717,0.9123287671232876,0.6785388127853881,3587.8027397260275,-2.92054794520548,-6.481159192404205,52.59360730593608,9.133967180974484,18.71422783642696,9.081644675174015,19.74117872737824,9.028994791183298,19.574241100928123,134069.0,36621.0,132172.0
1331.0,405.0,8.40420736288505,1628.8903080390685,1673.8895567242675,1666.6521412471825,0.7227648384673178,0.5138993238166792,3220.8076634109693,1.9203606311044323,-6.80101252167375,49.51164537941398,29.528215210958894,-36.79376175525115,29.14564844383561,-36.199807536073074,29.32096314703196,-36.56164570958906,178773.0,60740.0,178525.0
1066.0,500.0,7.00375234521576,1514.2748592870544,1546.7392120075046,1538.030018761726,0.7664165103189493,0.7720450281425891,2959.007504690432,-2.7864915572232647,-5.728850078902433,61.16322701688556,25.49075192211405,15.933479260083455,25.408265109874836,15.115216047287902,25.40753937969402,16.488709184979143,64551.0,10505.0,61949.0
842.0,427.0,5.390736342042755,1177.667458432304,1204.4655581947743,1193.7054631828978,0.7969121140142518,0.8230403800475059,2629.3242280285035,-1.3415676959619949,-5.588000088503108,66.31828978622327,29.560331764705893,-11.437051840336135,29.6227027394958,-12.422326897479,29.61734729411765,-12.238617989915973,33796.0,3852.0,31744.0
888.0,417.0,6.523648648648648,1424.5934684684685,1461.4966216216217,1450.0608108108108,0.829954954954955,0.7432432432432432,2856.2195945945946,-0.8524774774774773,-5.909978781662488,67.60135135135135,26.613767643322472,15.304196548859936,26.94217520032573,14.700122333876216,26.98356765960912,14.453068047231264,51822.0,6172.0,50627.0
646.0,284.0,5.318885448916409,984.5108359133128,1137.3978328173375,1118.90866873065,0.8343653250773994,0.8529411764705882,2549.1207430340555,-1.1546439628482974,-5.880569093656889,63.4984520123839,19.221391565420568,7.653293098130842,19.581912453271038,7.148541707943926,19.357545537383174,7.713889827102805,25253.0,3700.0,24910.0
609.0,301.0,4.689655172413793,998.5845648604268,1041.5697865353038,1019.0311986863712,0.9080459770114944,0.8719211822660099,2252.944170771757,-1.9118226600985224,-5.849869832467857,73.76026272577997,29.733882845360828,-30.65776869587628,29.857090396907225,-30.929030036082462,29.844402056701032,-30.67052488144329,57647.0,6123.0,56095.0
1446.0,386.0,5.2786998616874135,1024.926694329184,1076.056708160443,1045.471645919779,0.7627939142461964,0.8464730290456431,2604.3450899031814,-0.4898340248962669,-5.010512631363418,56.30705394190871,33.608997314522824,-53.27852321078839,33.78540104398341,-53.73067086224067,33.78803343070541,-53.127458995020746,347581.0,48978.0,346683.0
1373.0,324.0,5.907501820830299,1083.4202476329206,1137.5680990531682,1140.0349599417334,0.9075018208302986,0.8150036416605972,2949.988346686089,-1.4357611070648215,-5.935425779188396,47.99708667152221,40.19971644100583,-81.52916732688577,40.23433926499035,-81.54652931914885,40.23914787234046,-81.83610544100573,247697.0,48477.0,247372.0
996.0,399.0,5.929718875502008,1210.501004016064,1250.7138554216867,1232.5200803212851,0.8002008032128514,0.75,2298.85843373494,-1.4551204819277108,-5.7416093915709565,66.355421686747,24.552312303030305,9.842467227272742,24.791030002754816,9.771427833333345,24.713562027548207,10.16838843939395,88731.0,10872.0,87835.0
1114.0,396.0,5.469479353680431,1073.2289048473967,1125.5709156193896,1099.3034111310592,0.9281867145421904,0.9039497307001796,2245.794434470377,-1.1526929982046663,-6.040287630046022,73.3213644524237,27.42428649523809,-18.26478828333335,27.617193745238087,-17.043354465476206,27.66520078095237,-17.005487953571443,223203.0,18789.0,222378.0
972.0,427.0,4.380658436213992,834.9393004115226,865.6882716049382,847.5689300411523,0.8569958847736625,0.8693415637860082,2309.9701646090534,-0.7022633744855975,-6.689598891009887,72.9320987654321,15.229001614227082,4.292544722298213,14.891641641586864,5.248124409028722,15.06898523939808,5.530509138166889,103330.0,10335.0,102835.0
611.0,291.0,4.967266775777414,1008.6104746317512,1058.5417348608837,1036.0932896890345,0.8625204582651391,0.8297872340425532,2119.5253682487723,-0.4592471358428805,-6.636763818833664,67.52864157119477,28.70867645390071,-9.601061619385344,28.910129243498822,-9.866169184397164,28.71921089834516,-9.83306154137116,25532.0,3129.0,25464.0
667.0,319.0,4.4077961019490255,876.0749625187407,922.4437781109444,899.8500749625188,0.9025487256371814,0.8545727136431784,2303.87856071964,-0.6223388305847076,-6.813865249840721,72.96851574212893,22.91391243779904,-17.7389021985646,23.250734495215305,-17.591466552631587,22.949841863636355,-17.562937844497615,41152.0,4091.0,36959.0
1313.0,390.0,6.0898705255140895,1372.041888804265,1412.4089870525513,1391.166793602437,0.8682406702208683,0.7098248286367098,2585.371667936025,0.1956587966488957,-5.749970123948356,71.26428027418126,35.44574044313011,-49.75439308189263,35.04324282711556,-49.74671171064602,35.25443325477707,-50.06816703366696,265355.0,34615.0,262370.0
1097.0,365.0,7.346399270738377,1641.683682771194,1678.5059252506835,1663.1185050136737,0.8359161349134002,0.773017319963537,3508.5688240656336,-2.4092980856882407,-6.108181359628136,62.96262534184139,28.849740850627157,-29.97595558722916,29.095609151653377,-30.793055427594048,28.848303450399104,-30.38761667046748,130424.0,21055.0,129236.0
705.0,291.0,5.190070921985815,1140.704964539007,1164.2652482269505,1157.9248226950356,0.8964539007092198,0.8567375886524823,2474.9205673758865,-0.3524822695035454,-5.551263138633499,76.63829787234043,28.87268754310345,-11.536944314655171,29.16457836206897,-11.656311275862068,28.809910043103446,-11.54696802155172,113859.0,11167.0,111957.0
811.0,334.0,5.970406905055487,1236.6399506781752,1265.897657213317,1237.5326757090013,0.9136868064118372,0.6646115906288532,2423.281134401973,-0.1752157829839704,-6.116103858566767,75.31442663378544,32.625550962837835,-32.58176952276559,32.54216004054053,-32.47661859527824,32.395459077702704,-33.386477499156825,93934.0,10054.0,93388.0
803.0,359.0,5.23785803237858,1077.0311332503113,1091.0722291407224,1094.856787048568,0.7459526774595268,0.9115815691158156,2205.948941469489,-0.3694894146948932,-6.553333663880821,62.35367372353674,36.39580648599669,-25.06100763756174,36.40740429489289,-25.43858587644148,36.45340637067544,-25.59166257660622,119221.0,19007.0,118714.0
2207.0,348.0,4.581785228817399,1020.9270502945176,1074.6057997281378,1025.4599003171727,0.657453556864522,0.9383778885364747,2632.0289986406888,-0.4335749886724057,-7.980210108578855,42.39238785681921,36.00161913028341,-13.128247921929288,33.455964356539006,-14.575479199900442,34.76025206911982,-14.109602123818886,688463.0,196255.0,686649.0
1535.0,323.0,5.328338762214984,1040.8951140065146,1045.5576547231271,1044.31661237785,0.8273615635179153,0.7817589576547231,2027.650814332248,-2.519804560260586,-6.195463753030942,61.39413680781759,31.61133627580772,-38.65032250039412,31.764454242710777,-38.39120967927515,31.50558479432622,-38.380076771473725,324262.0,36389.0,322155.0
1534.0,382.0,5.110169491525424,1180.583441981747,1222.215775749674,1197.3422425032595,0.954367666232073,0.8891786179921773,2467.622555410691,1.5102998696219003,-6.280888153911105,65.98435462842242,14.622489202285724,8.748197062857123,14.575518884571435,9.556383988571405,14.57910693942858,9.146587599999974,838755.0,129310.0,836911.0
1797.0,420.0,6.273233166388425,1340.3650528658875,1369.8069003895382,1354.4151363383417,0.8564273789649416,0.8196994991652755,3131.799109627156,-3.51769616026711,-6.648242610472715,67.57929883138564,34.47844271694478,-19.585444074454465,35.33392513029522,-19.48992995186141,34.74961781322206,-19.146931747111715,602221.0,72049.0,601464.0
919.0,377.0,6.714907508161045,1713.0848748639826,1692.2002176278563,1746.2350380848748,0.8737758433079434,0.8335146898803046,2937.467899891186,-0.6861806311207832,-5.484792615322046,64.90750816104462,32.80781821238938,-28.735749941002965,33.44336254867257,-31.654394020648976,33.022851516224186,-30.224684215339245,116171.0,11364.0,116038.0
1085.0,310.0,4.7612903225806456,1000.5023041474656,1044.426728110599,1022.7834101382488,0.8774193548387097,0.8764976958525346,2735.563133640553,-0.740276497695852,-7.8297009446206465,55.465437788018434,39.27071821934758,-24.529006452193418,39.33708987289088,-24.32850226771649,39.26201079527558,-24.53656083464564,236929.0,14358.0,236189.0
694.0,294.0,6.410662824207493,1431.0533141210374,1467.3631123919308,1453.1873198847263,0.952449567723343,0.7002881844380403,2698.670028818444,-0.5112391930835734,-6.068506712454864,67.72334293948127,30.705340805084745,-10.788733777542372,30.82477533898305,-10.44793836864406,30.75808974576272,-9.27590256355932,34225.0,3926.0,33650.0
911.0,314.0,5.0922063666300765,1335.596048298573,1348.3227222832052,1345.926454445664,0.8298572996706916,0.7991218441273326,2800.5246981339187,-0.715148188803512,-5.477328135289002,68.16684961580681,31.66017617603551,-26.662934071005907,32.68725690088759,-26.8695550281065,31.69822602810652,-26.49378653698224,156230.0,18134.0,155874.0
1232.0,338.0,10.4862012987013,2684.291396103896,2706.529220779221,2698.424512987013,0.7637987012987013,0.5762987012987013,3881.5762987012986,-3.129545454545453,-7.003729499071323,56.93181818181818,27.889897514792874,18.327440737672585,25.714130848126203,0.4611297672583954,27.912699980276106,17.95625353451677,208520.0,37335.0,208247.0
748.0,325.0,6.712566844919786,1560.885026737968,1606.2058823529412,1591.3048128342243,0.8663101604278075,0.733957219251337,2942.474598930481,-1.7397058823529417,-6.094959567298315,67.27272727272727,33.70193375968993,-39.09918743023254,33.67930895348838,-39.072201771317815,33.690825813953495,-39.13168258527131,43394.0,6022.0,42283.0
1312.0,342.0,7.483231707317073,1375.905487804878,1419.9786585365853,1408.7583841463415,0.9047256097560976,0.8407012195121951,3223.318597560976,-0.4424542682926828,-5.4991327342978265,75.60213414634147,33.60407788298828,-37.61012837803783,33.70748643384337,-37.69181064626466,33.78340128532851,-37.75246231143117,429353.0,37423.0,428629.0
1183.0,280.0,6.134404057480981,1055.8977176669484,1096.7497886728656,1089.469146238377,0.8816568047337278,0.5849535080304311,1812.2595097210483,-0.4097210481825855,-6.192904907698164,74.26880811496196,33.64777464007778,-64.61205711186766,33.99836248054471,-54.36352922665365,33.82255606031124,-59.32471677529178,849980.0,79907.0,849626.0
944.0,362.0,5.59957627118644,1203.0550847457628,1256.8050847457628,1222.466101694915,0.7584745762711864,0.7457627118644068,2770.76906779661,-3.061864406779661,-5.642196726750641,54.32203389830509,33.4917964761905,-23.77681216870748,33.32450798639458,-23.783945280272118,33.42655881632655,-23.639286912925165,51268.0,15931.0,50602.0
963.0,370.0,6.612668743509865,1490.793354101765,1551.734164070613,1522.5119418483905,0.9439252336448598,0.6978193146417445,2992.3468328141225,-0.3278296988577361,-5.727640274787049,65.12980269989616,32.75904086983154,-51.53730566003061,32.69437615313935,-51.67482217304747,32.668592018376714,-51.732918742725865,125501.0,18369.0,120345.0
696.0,323.0,4.972701149425287,1016.1795977011494,1029.4813218390805,1038.9468390804598,0.8721264367816092,0.8462643678160919,2170.9109195402298,-2.4922413793103444,-6.408762643033625,67.83045977011494,28.950813008474583,-7.820210529661025,28.79879152542373,-8.490819561440686,28.930564322033916,-8.036464004237295,39665.0,5035.0,38521.0
1304.0,347.0,4.494631901840491,942.260736196319,975.263036809816,961.3006134969326,0.8205521472392638,0.8458588957055214,3003.190950920245,-1.018941717791412,-5.573769606832729,67.5920245398773,30.50411995462795,-30.35389274773143,30.007450834845727,-31.32552801724141,30.463658248638836,-30.55954580308533,488231.0,50002.0,485848.0
1272.0,411.0,6.62814465408805,1312.8899371069183,1343.089622641509,1330.3364779874214,0.860062893081761,0.7987421383647799,2481.6548742138366,-0.7443396226415094,-5.590252300421982,63.28616352201258,34.1521908266085,-28.99210493129771,34.34444156815704,-30.71508890076336,34.059110553980375,-29.45869044492912,211529.0,26282.0,209486.0
1203.0,300.0,4.743973399833749,885.7780548628429,931.57855361596,921.691604322527,0.6957605985037406,0.8645054031587698,2125.513715710724,0.1229426433915199,-5.715229350937417,56.21778886118038,34.26012943823532,-67.11151009999992,34.38684316372552,-67.29456862254895,34.24067757549022,-67.02532852450973,319736.0,27656.0,317477.0
2087.0,332.0,32.62002874940105,6409.4072831816,5153.651653090561,6470.186391950168,0.8102539530426449,0.6300910397700048,8037.698131288931,-3.3312410158121684,-7.03168985865574,72.0603737422137,45.541611461211446,-6.445209777895856,45.48166348034001,-6.379008160998937,45.52017586078634,-6.250917267800215,7240520.0,196025.0,5122119.0
1364.0,330.0,6.2001466275659824,1273.4765395894428,1304.2529325513196,1290.3511730205278,0.8797653958944281,0.656158357771261,3497.432551319648,-3.4431085043988268,-6.595828267422341,62.28739002932552,31.97396172227001,-2.782190275150448,31.98555369131557,-3.29639595872741,32.00004349355117,-3.078297153912275,307740.0,45760.0,306229.0
674.0,297.0,9.421364985163205,2780.486646884273,2821.3382789317507,2800.2492581602373,0.8857566765578635,0.672106824925816,5720.246290801187,-0.352373887240356,-4.603121465573421,65.28189910979229,36.9366101221996,-35.948019014256616,37.13542657841141,-36.40161986965376,37.016235947046845,-36.44080296537677,36984.0,2603.0,35934.0
545.0,276.0,6.968807339449541,1734.7009174311927,1771.478899082569,1751.645871559633,0.8715596330275229,0.744954128440367,4051.924770642202,-0.843302752293578,-6.224709511996429,60.12844036697248,32.89702721951218,-36.8764929195122,33.35611868292681,-37.14398934146342,32.898409902439006,-36.91513519512194,21609.0,3951.0,21214.0
891.0,269.0,6.570145903479236,1170.0516273849607,1203.9147025813693,1197.5387205387206,0.8181818181818182,0.7025813692480359,2337.405162738496,-1.2684624017957362,-6.072637696033939,63.804713804713806,31.90059569069066,-45.192461567567584,32.027606156156146,-44.56136532282284,31.87213528528529,-44.89569905555555,98695.0,13597.0,97917.0
1020.0,371.0,5.829411764705882,2792.780392156863,2840.187254901961,2820.53137254902,0.7784313725490196,0.8186274509803921,2675.3303921568627,-1.2764705882352938,-6.112076738224501,64.70588235294117,30.615345346938778,-13.315742412244903,29.29023092517008,-14.32622146258506,29.950819088435377,-13.849566904761916,99054.0,14511.0,91370.0
1829.0,332.0,7.268452706396938,2088.2782941498085,2097.962274466922,2091.7053034445053,0.761071623838163,0.565882996172772,2810.539639147075,-2.6968288682340065,-5.06722224520618,56.35866593767086,34.281303433795706,-71.58603132786875,32.421900470365685,-70.54246137452702,33.35995015510718,-70.39464773833535,1214935.0,270297.0,1208983.0
707.0,320.0,5.164073550212164,1138.5700141442717,1177.3861386138617,1160.4144271570017,0.8981612446958982,0.8571428571428571,2424.318246110325,-0.9814710042432812,-6.233290269736982,71.62659123055163,30.670921578947368,-31.894937239035087,28.680659736842102,-29.316438109649123,30.407958421052623,-31.70243196929824,44349.0,4755.0,43879.0
639.0,224.0,7.990610328638498,1558.3458528951487,1592.3458528951487,1575.284820031299,0.7621283255086072,0.6275430359937402,2521.926447574335,-1.4106416275430351,-5.919610835726662,55.89984350547731,32.2053449092742,-43.57068229637095,32.04437515120968,-45.216569393145136,32.14514914314517,-44.86990346572579,53923.0,14714.0,53494.0
470.0,172.0,5.836170212765958,1227.1170212765958,1247.1148936170214,1253.5127659574468,0.9,0.8361702127659575,2605.053191489362,-0.6265957446808506,-6.391502116918796,71.57446808510639,34.58282266421571,-37.45599478921565,33.01934251715687,-37.88014527941173,34.44724251715687,-36.82447273039212,140157.0,13999.0,140066.0
1714.0,490.0,7.262543757292882,1505.5740956826137,1536.8401400233372,1528.8640606767794,0.7275379229871646,0.6225204200700116,2974.7683780630105,0.0243290548424729,-5.631637252336357,60.70595099183197,36.01864146800864,-62.82838338892882,35.95654125233646,-64.70106259094175,35.986775759884985,-62.41573978720343,240979.0,36680.0,231173.0
1748.0,417.0,4.090389016018307,743.9919908466819,793.2923340961098,772.7517162471396,0.7454233409610984,0.8672768878718535,2227.2202517162477,0.5057208237986256,-6.796974949096473,58.12929061784897,36.20650649490443,-78.60613150764314,36.42165530382165,-79.07183038662404,36.26789298980888,-78.98347809363045,505086.0,54348.0,502475.0
1222.0,299.0,7.4500818330605565,1559.4312602291325,1596.4705400981998,1587.295417348609,0.7757774140752864,0.6112929623567921,4488.635024549918,-0.6728314238952535,-5.620617866968847,63.8379705400982,37.9722567105751,-48.90495736456399,38.02217914378475,-50.13561196289424,38.023461140074176,-49.685044864564,182229.0,23249.0,181884.0
762.0,300.0,6.4763779527559056,1274.9068241469815,1311.9317585301835,1303.240157480315,0.8267716535433071,0.8608923884514436,3270.5958005249345,-1.8900262467191609,-5.985536798783719,60.19685039370079,33.66399023792486,-37.40230299463324,33.25462333273703,-36.26530871914129,33.730084692307685,-37.190594765652925,41771.0,7265.0,41388.0
858.0,314.0,4.932400932400933,946.520979020979,973.7925407925408,958.411421911422,0.9452214452214452,0.8671328671328671,2447.594405594405,-1.483682983682984,-6.740899003148287,80.26806526806527,30.46633192954545,-25.28979943863636,30.388612225,-25.118923813636357,30.416163702272726,-25.274028915909085,361113.0,26138.0,359334.0
2059.0,333.0,9.163671685284118,1484.685284118504,1519.4779018941233,1506.1471588149586,0.6697425934919864,0.6289460903351142,3076.4477901894124,-6.750461389023797,-6.479089745263152,54.85672656629432,34.533515710470084,-99.03287541079024,30.84608392628205,-44.23410879754268,34.44296918429487,-98.84814006517055,2690653.0,291630.0,2686993.0
801.0,323.0,5.52434456928839,1459.3882646691636,1492.5193508114855,1483.3220973782772,0.8426966292134831,0.7553058676654182,2699.0661672908864,-1.680024968789014,-6.871651927854614,57.265917602996254,27.016331063268904,-45.55793523901584,26.99365826010545,-45.404234360281215,27.134450543058005,-45.70897091564151,39448.0,9629.0,38903.0
747.0,330.0,6.068273092369478,1337.966532797858,1374.789825970549,1340.4270414993307,0.8848728246318608,0.7684069611780455,2843.3360107095045,-0.9570281124497994,-6.317790554795761,69.57161981258366,31.89048234416825,-37.694654818355644,32.00253542256213,-38.16522097514341,31.774927009560223,-42.2502917208413,43712.0,5320.0,43498.0
717.0,316.0,6.783821478382148,1471.7517433751743,1505.6094839609484,1495.5620641562064,0.9065550906555092,0.7754532775453278,2958.4811715481173,-1.4591352859135294,-5.739567733781027,71.50627615062761,28.40112954048582,-32.26022117611337,28.61823290080971,-32.25244506275304,28.565689601214565,-32.239693645749,49766.0,5809.0,49011.0
1206.0,439.0,6.766169154228856,1813.89552238806,1833.4063018242125,1829.8175787728023,0.7736318407960199,0.6948590381426202,2904.2595356550582,-2.179519071310116,-5.413436104583124,60.74626865671642,36.52387074271358,-58.99770264723619,36.15407146130654,-57.69702625527639,36.230239160804025,-58.29296589346734,94543.0,16499.0,93667.0
722.0,291.0,6.160664819944598,1183.505540166205,1222.292243767313,1199.8116343490306,0.871191135734072,0.8254847645429363,2301.168975069252,-2.3138504155124657,-6.548781678300506,70.24930747922437,23.00971837918216,-29.8127825576208,22.84313692936803,-29.49365488104088,22.86965410408922,-29.586777557620803,55853.0,6865.0,54615.0
2282.0,379.0,7.584136722173532,1531.4206836108676,1556.4395267309378,1551.1078001752849,0.7326906222611744,0.8847502191060473,3736.2900964066607,0.2104294478527618,-5.316815479254882,52.4364592462752,27.3143070863942,-111.85110012157264,26.88778728815312,-113.48761211691672,27.001797572684943,-112.64755855923434,720414.0,127425.0,662791.0
519.0,269.0,6.323699421965318,1422.5568400770712,1431.83429672447,1437.3622350674373,0.8304431599229287,0.7052023121387283,3609.3333333333335,0.4616570327552985,-5.121693177955024,67.36030828516378,32.331637571815726,-15.23899227913279,32.20920472628727,-15.662404121951216,32.28991041734418,-15.619994094850943,20075.0,1392.0,19091.0
1032.0,312.0,4.971899224806202,878.6017441860465,905.3575581395348,894.1841085271318,0.8701550387596899,0.8788759689922481,2095.250968992248,-3.78343023255814,-6.270642249530677,55.49418604651163,29.20475761111113,-48.31290977100261,29.208840876693785,-48.11692604471533,29.174083966124684,-48.340811410569,314825.0,61649.0,312809.0
756.0,311.0,4.593915343915344,963.1944444444443,993.9695767195768,984.2116402116402,0.9074074074074074,0.8822751322751323,2439.6481481481483,-1.7644179894179892,-6.156661230905681,71.46825396825396,33.299291759259255,-33.997073543981486,33.18019637962963,-33.13575178472223,33.235686504629626,-33.899081414351855,105491.0,10860.0,77277.0
827.0,289.0,6.478839177750907,1282.3555018137847,1323.9951632406287,1301.1970979443772,0.8887545344619106,0.5054413542926239,2592.695284159613,-1.464933494558646,-6.19745744525093,69.35912938331317,29.275551782477347,-3.70456428549856,29.232412410876137,-4.315498122356563,29.13221101359517,-4.303576370090701,209863.0,26028.0,209409.0
711.0,315.0,6.39240506329114,1536.4106891701829,1571.7299578059071,1561.520393811533,0.7623066104078763,0.8016877637130801,2760.2264416315047,0.5601969057665265,-6.146115609861563,61.11111111111112,26.478823470809797,-18.539422058380445,25.219111885122413,-16.62884341431262,25.149544860640304,-17.185633917137487,31708.0,5227.0,30168.0
924.0,244.0,4.642857142857143,897.1818181818181,951.4772727272727,925.1060606060606,0.9166666666666666,0.8376623376623377,2417.7781385281387,-1.3557359307359318,-7.312564648143669,77.95454545454545,27.44098842716536,-47.53079621653547,27.996477501968503,-47.565523322834686,27.329869805118115,-47.665076826771696,405343.0,43074.0,405122.0
787.0,324.0,6.325285895806862,1258.3240152477763,1306.5019059720455,1289.171537484117,0.8386277001270648,0.735705209656925,2674.5984752223635,-0.7494282083862772,-6.557638747825525,68.1448538754765,24.652064203636357,-16.668515069090905,24.60774585818181,-16.56920536,24.59707480363636,-16.47516616,55068.0,7208.0,53145.0
788.0,279.0,5.66497461928934,1538.4238578680204,1598.498730964467,1567.3451776649747,0.9073604060913706,0.7766497461928934,1851.8223350253809,0.75482233502538,-6.292047319558305,68.95939086294416,32.69592494434781,-31.2526165547826,32.77524455130434,-31.496707104347816,32.75056237043477,-31.6218342347826,111818.0,15494.0,111348.0
891.0,311.0,4.552188552188552,878.5241301907969,927.796857463524,902.7115600448934,0.8417508417508418,0.8159371492704826,1955.0864197530864,-1.6829405162738502,-6.539241866938494,72.35690235690235,33.66620826575811,-33.72592309028959,33.493379284497465,-26.01259555025552,33.369217693526416,-26.50277484616694,179723.0,15414.0,133153.0
835.0,359.0,5.832335329341317,1209.5796407185628,1250.754491017964,1230.8275449101795,0.9161676646706588,0.792814371257485,2367.245508982036,-2.0598802395209588,-6.753159563433396,66.37125748502994,33.71787077039848,-27.289061352941182,32.415096387096774,-24.51007229032259,32.90677760151802,-25.4030812106262,45149.0,6023.0,44883.0
1411.0,378.0,5.040396881644224,1264.7179305457123,1298.579021970234,1283.4309000708718,0.8582565556343019,0.8291991495393338,2198.2211197732104,-2.5580439404677517,-7.03881177035194,63.43727852586818,28.951665225746247,-9.975968491604569,29.02266581436565,-9.085596755597106,29.259490907649223,-9.04950235261203,213037.0,34885.0,211944.0
968.0,358.0,4.684917355371901,913.1487603305784,947.4276859504132,944.1580578512396,0.868801652892562,0.8698347107438017,2591.664256198347,-2.501859504132231,-6.698660511633051,53.08884297520661,27.209305730263125,-18.359159892105243,27.91557089473681,-17.27496753289471,27.3407289078947,-18.96270721710524,58327.0,29278.0,57697.0
1030.0,305.0,6.854368932038835,1350.9300970873787,1381.3495145631068,1372.5864077669903,0.9135922330097088,0.8310679611650486,2543.5,-0.5796116504854378,-6.200701707214302,70.29126213592232,31.54734867151513,-49.65584562181823,31.5318457381818,-50.08839136727279,31.566407095757555,-49.81844974303036,465914.0,29351.0,465707.0
607.0,297.0,4.308072487644152,937.1416803953872,930.6227347611202,965.3822075782537,0.8747940691927513,0.8682042833607908,2196.383855024712,-1.7200988467874796,-6.085703021623602,69.9011532125206,22.980116462790694,-14.403884662790691,22.337226416279076,-12.204381313953483,23.14626641627907,-13.89959869534883,36102.0,3925.0,35701.0
839.0,355.0,5.313468414779499,1010.3087008343266,1041.4326579261026,1023.1263408820024,0.8891537544696066,0.7854588796185935,2107.340882002384,-0.1535160905840283,-6.232634027723775,76.31704410011919,25.05516716721312,4.006719844262297,25.041670700000005,5.47966953442623,25.026954814754102,5.495523229508198,94719.0,7849.0,94044.0
1318.941950541408,217.96714855580984,5.984180963629184,878.9103488180787,578.6081752947289,558.0714640328196,0.7096263433100453,0.7866838640928651,1535.2190094953173,-0.5679353100012906,-5.123190363238459,77.6760199824673,19.71871531754822,21.50231207095344,47.22850400258902,7.757203041121279,32.904012507679866,29.63956091505375,540953.5560950744,48931.42432991198,426048.4876584072
1148.4796739119886,190.19619509017485,7.187868451580113,1235.4124304217294,959.6353721050959,786.197878736512,0.7911828096771859,0.7268928433956033,1103.577182986363,-1.7779304941080794,-5.717102278400297,80.85841560874525,17.88618099031996,-45.95993506018989,31.960886512273923,-72.58673920411627,29.507725603646595,-20.003351861016196,376756.05662251404,35325.81423001937,223695.8661064575
748.1806198047,200.61030263978796,7.029045716766908,1043.2436868385594,870.6285374559927,725.3070113243015,0.7926838718196525,0.6994175046887663,1089.373190352635,-1.3470898958178155,-5.657518844300103,74.63124333525337,16.21194342076743,-12.809263641650116,28.558786860280957,-29.591614227645323,26.073222595798512,4.8029885949360125,176639.02126840636,2978.188184978332,-3905.9679946951364
609.3209000784874,171.1036645825508,7.264941952434284,1141.0537978258906,814.4623760158629,718.3307146273235,0.7775835427047421,0.6651244678573152,1282.9694604327663,-1.7153856029366794,-5.615879971519916,79.47231357659825,17.990638141080076,-3.2848392434673785,31.533863994520296,-18.493959990649323,29.671332002775703,11.297507848808525,169354.07647632324,903.3064599677664,-13647.750072102099
975.1444375640957,172.83934917415297,8.575969109640319,1393.3117791152567,1143.0455761724963,886.3505924776662,0.6998569517931226,0.47496766034564675,1771.879245238564,1.306648067291523,-5.199431816824269,75.04337835339632,20.922901050377604,-48.276660945439104,37.759603722982305,-75.30269856686843,34.21250060766931,-23.545133913794597,364499.79574475886,23160.366862024566,247494.1207815758
812.3433868506052,186.14626437643642,6.483834464433115,1015.8105424792989,704.729755386591,644.4902379432054,0.7850262172521572,0.7462862274810896,1527.26404104352,-0.39038695954052927,-4.3549213612869915,74.25371639683671,20.98201935025837,-16.66249882402668,39.178984717175815,-35.61617520135215,35.161605359921936,1.5669439823351663,196904.3614452901,11927.097553221782,23027.119350484987
748.1806198047,184.41057978483423,8.820650639877266,1523.0425409421155,1288.7624803619985,972.686286475284,0.7816016560314564,0.6549924342480227,1169.9251072101342,-0.6658985286467002,-5.375877191604776,81.00788155787689,16.426034894202395,-9.30120434221333,28.880281449868395,-25.909059116224718,26.19990738656617,6.873407057259964,184503.08410211874,4102.038811397482,6803.119332101589
1095.808745739977,204.66023335352642,10.291037740382865,1765.271640779225,1576.4762661668817,1133.341658502342,0.8423183850240096,0.5211375499318017,1564.4844446909858,-0.8859774585468583,-4.331785479799901,92.53087967732897,21.397427284190428,-29.19443063082881,38.755574843498295,-51.04094254914265,35.880201388047624,-8.004900647354855,465720.34078521293,33604.950689286234,380414.5897483799
1317.984297301917,194.82468733444736,7.7470530227206025,1144.5489189056918,805.979002031198,727.4047492887399,0.6689863519508717,0.6001083948022641,1095.0114957406222,-1.7886019114034197,-6.937653419011532,71.70612828681999,22.549701768570866,-21.97427292178048,41.78993089498786,-42.9952394484806,37.90571066000782,-2.1743654237544554,362746.3286792692,46113.94233078102,241635.56017244275
865.0143150226168,190.77475662070893,8.055295683055235,1161.5257009758018,859.0992227009767,736.0128579010805,0.8041032808075982,0.6837632381839002,697.6638398179773,1.061462755572615,-6.1385150616284365,82.7891525184002,19.550253477859293,-46.759342606500624,34.81450687523504,-72.61344157903014,32.14558198166863,-20.371958841495424,294599.9637740922,16420.405276742895,154142.80036513816
1736.4787629595369,183.2534567237661,10.304131465271627,1948.5208536653408,1822.419273873369,1251.4828679127659,0.8353538230411793,0.7899691108101978,2025.7807636993532,-0.20006168999922436,-5.005331820714857,61.76614812539489,23.505935044190455,-63.05738913978877,43.39838674084209,-93.2254164819329,40.25497649225459,-32.51151445058632,880626.6656414177,232465.7628829667,941557.2743098397
985.678623198498,198.8746180481858,7.184557392167859,1124.1633664291421,1011.3543977755639,819.3175126919086,0.7756953150369942,0.6848601369737204,1165.3222698449306,-0.13611280949666438,-4.551630548854335,81.84518892036368,17.52751993958107,13.688586559955407,30.4890129162674,2.8554776700183364,28.09972194238608,23.580843230658594,323894.2376081947,21956.914513696884,193704.31229511474
1199.2352956050179,166.4751723382783,6.652957501305409,1159.4593082044235,828.7763033856143,731.9587565475751,0.7842542972284026,0.7327371726955809,1036.8370916619756,-3.0739156409979866,-6.475230986107932,62.034747700810954,16.894387805255278,-48.62683330000927,30.542219197156143,-75.99361168092521,26.964723207382157,-22.094592900250223,253454.1482173502,6890.193860351609,99232.95422148897
961.73729221122,187.8819489680386,7.378534148128639,1111.0441603382737,833.6862342670468,713.0656506377616,0.8395303850106451,0.6975483323379769,775.5430085260389,0.5461662969775436,-3.9910153804398485,92.19352238777128,17.42938992963963,-28.04915753191861,30.41631422978046,-49.67167393460644,28.03014746759033,-7.044615502153192,308988.819731497,17057.219052011154,172269.59163067644
1103.469971655906,220.28139467794608,7.6924504497971125,1277.5681453054247,1012.7077668634106,819.9782694045837,0.7937351993821898,0.692246106535201,1113.861069982153,-0.8094731344471496,-4.602979910696667,87.25537977722743,19.268209636005132,15.750611113356564,22.771242498720035,15.073040511700015,23.191266564613596,29.617916761008004,275426.51227798907,14705.826082476215,128127.38023681333
687.8484657167594,171.1036645825508,10.660390394539746,1661.5087467320764,1463.2291428193114,1075.7869174281543,0.8255920418194617,0.5476972440136432,1214.5046791785676,-1.5598134835375883,-5.8603007642223774,76.72645582016845,20.05072250168175,-36.20126356749428,36.02005694838912,-60.09131141974243,33.08995702516077,-12.116570903888466,184987.42014020804,5615.518918737344,7505.688407974158
1666.570076476685,194.2461258039133,7.236000533675741,1163.5541996782495,874.1222573180369,750.9860653036195,0.6581073061854433,0.7615987751231195,1334.4509124523013,2.7108017264619186,-3.367622481140943,78.35689880083426,25.726879199432265,-24.032932958003066,47.91831274017682,-44.75744416471005,44.957799111684785,-4.083679467649329,1145974.5714718124,97764.9859386412,1297619.7910700836
1582.2965914014665,213.9172178420714,6.037520762865161,817.6481839301779,505.1119675172311,524.7764126689971,0.8388287316175849,0.7921971822683634,1096.9573148468953,-1.5017063032489835,-4.333977833753438,94.83625648396328,22.24747204147793,-11.901784804608004,40.708517790585944,-28.08445374567129,37.75679311536187,5.245187971531163,787227.5315330831,74762.18308923078,782489.0171279522
923.4311626315751,183.83201825430018,9.503656996073415,1803.0993422462682,1621.173331987553,1160.7557115322386,0.7705992893520869,0.5421907066246184,1455.0231244287045,-0.7387234312140863,-5.665507075532611,89.53069435494218,18.61094576430981,39.25606227703837,33.661351826257835,30.17622845531885,30.599301471351065,40.691925432153724,363119.7697732167,21597.659374030743,245845.88354741823
1116.8771170087816,237.0596790634339,9.430045308186456,1431.0021136556786,1190.9921591249763,837.59981182106,0.728481288977624,0.637155406694333,1209.7342295842845,-1.363393203016826,-5.2691921428155934,71.27866315168458,14.586106532657213,-43.33864281708777,24.546301545618814,-68.742254684633,22.212741037271833,-17.87129058148322,259614.03062741365,18905.86430422905,105907.36044227835
1198.2776423655268,216.81002549474172,6.281687445712524,955.5914902574107,641.1430506832351,612.1576009634813,0.7768071773123397,0.6964710734874362,815.3381892642624,-2.2436279221490647,-4.961945175012281,71.15759873374414,19.379036544395134,-43.773940438404324,34.1499740723975,-69.18444754639938,31.68574892813717,-18.018940463998664,223973.15383627385,12660.271307642473,55956.22647181669
1650.289971405336,234.74543294129765,6.773396776093437,1093.1823582431214,811.9496226534347,703.4236048101847,0.8230528416617054,0.6839730246554208,1183.1205440587266,-0.6148717067656578,-3.8754868331306103,89.36274302839716,19.08820241481826,-38.863857058837795,33.07891071119122,-54.087237019214065,30.311582104872347,-9.788942749682263,1047878.0412680364,78411.29360409036,1108501.432653864
2137.7354703063165,244.5809789603767,11.736841606169609,1889.4187300668168,1713.0848384585443,1216.946826585692,0.6662280069475535,0.46586720141165794,1556.796277573192,-1.986203742145532,-4.632867085869395,74.17664738345515,23.48787353344262,-53.435163456377495,43.44130444086853,-81.71814876491248,40.256669899367644,-25.127231572771894,870157.9933504267,137150.03263504317,923347.7529900772
943.5418806608888,189.61763355964078,10.357422719079446,1493.7780608110195,1271.9070353254663,956.8700343050937,0.7326100531988977,0.6109263542754871,1590.7024915263507,-0.4267319748621183,-5.458567337706144,80.95515851558926,21.299063658145776,-58.28901991165252,39.28112429279137,-87.14753037873756,35.92780652340158,-29.186579506333754,206174.98921153584,8880.236908064922,34620.78187244737
829.5811451614453,167.63229539934642,8.037481462901802,1406.0171764536522,1156.6035239938396,902.1575727913979,0.8271193071632279,0.6900198604858045,1261.935973998314,0.28376966170583967,-5.287102507064473,75.54596449145973,16.264197934526376,-53.12145194417535,28.534710480542135,-82.5055190239315,25.715646345713004,-25.542518868966436,205355.12488091498,13600.828495456451,33662.38601351251
2056.3349449495713,198.29605651765172,5.47991627992414,821.741992427402,418.69864071149203,506.45002104377323,0.6887040476213402,0.7524304036069742,424.0891166375243,-4.662751111877822,-4.6200754268420985,62.80922716980281,21.0004881553908,-73.68535271354892,38.27345251395309,-106.58693319115308,34.9459641238479,-39.73083156626997,911631.754639417,132444.10452274006,982632.1098470852
834.369411358901,174.57503376575517,6.484277848721658,1057.6901074973869,764.8208778192454,680.118832314783,0.7894033855515605,0.7542526136112292,1052.0519050989058,-1.6772553939347121,-5.069734793512382,82.2541663876898,19.940557502285465,-57.50572119849734,35.65246854489564,-88.41703907069646,32.850956301359695,-29.208085635261288,219886.15384362979,8549.261327497865,54459.44887539253
754.8841924811378,177.46784141842548,7.244828432503967,1169.5760539100022,884.9719870796018,742.9599042686365,0.7937260590164246,0.6836459248728274,1336.851380148729,-1.8368339327974124,-6.088556088874354,82.91164532676633,15.363204488350975,-38.9503075669992,26.511066462122134,-64.0870253938674,24.040167368409573,-14.80379262393689,185558.00780151875,4803.790833485861,8105.163108582819
1004.8316879883205,160.1109955024036,6.015737781225092,869.685559347959,536.5223711738888,549.480271677375,0.8582319337591491,0.7729621390937492,431.19253687172045,-2.4237656502789164,-5.887214385351613,105.9460815897977,22.03620460121158,-9.29182607716006,40.05945373565899,-26.302521816792765,37.13945362236703,6.471399815599359,671633.2956557906,22379.013118027655,661188.9388544752
755.841845720629,161.26811856347175,6.874878305071348,1098.5006381502287,800.3108351416088,709.2418403270665,0.7877864279738588,0.6798973979799546,774.5186712859195,-2.7226805639913803,-5.137598858048132,83.19813048521972,21.915991946322382,-5.808014358513756,40.033222372264724,-21.303830396828346,34.69255074137501,8.553451685998109,194185.065763728,3278.789424290817,19688.6434700253
824.7928789639897,165.89661080774422,9.239183082257519,1357.5548478657888,1087.4617759333137,860.3620051154277,0.8034741162869683,0.6937828347109649,1048.4733160670785,-2.9131913148679223,-5.2860176832555945,80.74896720281441,9.423898096093255,12.258905949484255,13.851626138177743,1.950705802978744,11.938880142516117,23.745566520457352,325896.0335229592,19374.04811598055,196582.04541204928
622.7280454313632,161.8466800940058,8.083402624915754,1367.405734126732,1119.3542786718249,875.7116040833754,0.8442592182557707,0.7013522409289317,1144.0395206572566,-0.82412061605054,-5.8780414014074145,84.99388731054445,17.720751311633386,-19.927614113099132,31.03284786662374,-40.35041748740552,28.526848428973604,-1.8335235982453568,177422.868437682,2760.330840807612,-2806.2946585467653
829.5811451614453,162.42524162453986,7.704181171718271,1352.796950271502,1081.0567401858482,873.1676481336957,0.8260219644133936,0.7416069286637648,1137.1815567581045,-1.2900062972374882,-6.495540635813767,81.05399620278186,22.91933940797055,4.88128634393718,41.939408688580926,-8.389237473777591,39.041622706472374,16.808638198442427,341208.06619484344,33046.69124484876,216903.09226962435
523.1321085242865,134.0757266283708,7.277470817121505,1193.2988628327787,913.3605661782206,760.8344890533599,0.7858058998614446,0.6665593641116778,824.8729268015643,-0.8896101517827465,-5.9107219477138,85.46470494994186,17.108374291618723,-19.77130032874307,28.7348855765169,-35.86865500299976,27.47394000435115,-0.8024497327730842,163978.98905557083,257.06616499981146,-20779.08074622167
1106.342931374379,183.2534567237661,8.46249878627786,1207.6003192044186,910.7622162436985,766.9517740420662,0.86771381002929,0.5272027314820549,1108.158334133261,-0.3046028537394311,-4.621746558506803,75.29577473463502,22.136641639531337,-55.86828315555681,40.459477033163864,-84.71918676394272,37.50630356213649,-27.28404465132417,371154.4402133011,45412.19030869265,252592.83766191185
1328.5184829363193,164.16092621614206,20.64566752743362,2686.8849145464706,2666.0832205523416,1757.7901147582209,0.8295508231642044,0.764904314292521,2662.0266797319346,-5.062013180335486,-5.511998006019517,71.71469840661427,13.093771144540776,-38.25242739888894,21.729782187711987,-63.10793294227407,19.61028031664993,-14.740690944082882,602047.1921168413,117437.08516082617,555599.934263192
965.5679051691845,180.3606490710958,7.79281313500653,1268.8541789074516,997.5809392916349,807.9704129686525,0.8518517245248752,0.7337627411948443,951.109575286692,-4.413947116387342,-3.3685048379015896,98.81620797502816,0.21137263118364125,72.03707983097843,-5.619291150068443,77.6337522377139,-6.471241724299313,66.29426692375252,594588.79625828,38057.41016077533,557717.8236513295
1579.4236316829931,205.81735641459454,14.110349248790865,1925.3333192164582,1769.1995449597557,1241.9753611873862,0.7378900461592877,0.6530884534719449,1941.789832090147,-4.1900544311223715,-5.504181494966516,75.83707292099432,22.399594650012606,-67.13450798942137,40.908636610692085,-99.14299764487399,37.86975610248953,-35.707509198916895,486995.10929979745,52981.68562754744,409482.1124925424
882.2520733334569,191.35331815124297,8.610759849987,1309.7946534215496,1059.5435419666824,842.4802636223228,0.7610044064857182,0.690824921831299,1527.3521130786542,-0.9788964100617885,-5.402237953591498,82.0182985845191,17.93240016386413,-22.97694269314167,32.234725933983775,-35.68236224418122,29.583655162642028,0.9671375354512435,225385.4056890196,7781.523667511626,61553.869217627485
763.5030716365579,172.83934917415297,7.889772494604401,1124.8274020334497,822.2530139755593,719.4304487426679,0.8323501797656676,0.6121253421032943,850.7787239087525,-1.1026103224494535,-6.5351356659001905,87.48078376220529,19.078798834180848,-54.11262148849194,33.51092988815185,-81.09231485720461,30.963184237434785,-25.44599835945375,228347.34329964407,7895.689294985704,65862.19588760691
767.3336845945224,161.8466800940058,11.71448873681473,1771.0023800774557,1566.8405246740124,1131.5888086547307,0.7824409051476326,0.6749901085838846,2179.689603814072,-1.1899014221592157,-5.458092076432839,83.85518854115062,17.320891993592337,-50.493898641500934,30.328432187517258,-78.1936368613164,27.791528956168033,-23.29093531818035,217100.5107595897,8434.048308946043,50249.12550041706
692.6367319142149,160.68955703293767,7.52205239747588,1142.4217413904444,868.5310388194018,719.8310299789254,0.8301842989817303,0.6866896608159361,998.4361545417389,-1.6070466846932925,-5.427293277305035,81.17304587953954,18.964800170978588,-39.03730490598312,33.21444778987418,-61.596774400131196,30.931891468670717,-14.128361212132926,234021.94185158284,12253.88356947786,73372.81204109249
753.9265392416468,130.02579591463237,8.570763970888954,1202.8792673607372,914.8234950488629,761.5940206139041,0.8460742618419875,0.5152277798466468,729.4082472176619,-0.7027019044342896,-6.741050164997286,96.5577689029375,18.94328158088171,-41.47523191085064,33.78515702431664,-66.48169454537548,31.063388369424377,-16.70761386473269,466478.59681353276,3178.2398808274074,384932.9234790821
821.9199192455163,170.52510305201673,8.365751348655655,1170.7921818456628,893.7446273721444,748.3884442736376,0.7975662911657531,0.6543672196065932,709.6286398237783,-0.58817270118553,-6.351507373880217,92.24261235225578,19.537077905979434,2.3175232617383372,34.90050982764599,-10.929065023434632,32.1976233301451,15.618116576708397,206223.32803334124,5172.472492851696,35826.09512398962
616.9821259944164,157.2181878497333,7.710829610788756,1257.5606838353497,979.1185994654866,800.707793335781,0.7869632368759147,0.641031783012321,879.6345710518751,-0.8607654954898986,-5.169503943163087,88.39574788452282,19.165956395306562,-29.362681202058855,34.96358186129899,-65.77063392630392,32.184137295477115,-16.175928378213587,177030.47094302648,2120.3748923061194,-3106.668393883592
698.3826513511617,171.68222611308485,7.2074306225311435,1104.6332941932815,814.0708919042361,705.1303300562881,0.7988712510968441,0.6809885840692671,895.0711596393519,-0.2585127228118955,-5.530600794386367,84.05005508655069,18.024628187510316,-37.38021135118154,31.690012325231848,-61.65849468535588,29.19401771152224,-13.969072583324177,182116.47325298196,2591.700877290852,3597.011538400504
882.2520733334569,185.56770284590235,7.728537368718313,1189.4123169430823,913.5257610995525,760.7067547146592,0.7927840300697319,0.6919456935083599,885.7299593222397,-1.8779136382561503,-5.2500346267524,88.92861017259752,17.583028410462266,-54.60709407211618,31.135606523346688,-82.70713658112739,28.036293566591947,-26.377305190632494,293442.675510869,14408.367016396958,152760.57207456278
1290.2123533566744,180.93921060162987,9.560477443516747,1596.6311220945445,1377.0991876091966,1030.5386633981623,0.8246855018091978,0.5912680703718007,1255.0334502481508,-0.6180796106333053,-5.608953909186392,86.47049864862426,18.481663453788258,-59.31926283423181,32.853152978321994,-89.18551284671896,30.158279820094936,-29.77150535524788,577010.5258817548,66977.9725994385,533817.7473710123
816.1739998085696,154.90394172759704,7.5034141333859505,1101.7940139696982,806.0604106907795,701.6599737568635,0.8515369717152749,0.7175378645019003,716.39670089583,-1.4393262685512809,-6.281978811399295,90.20450307407548,20.919650321002333,-47.139569447352386,37.62185377107895,-73.83818250717283,34.75070386761567,-21.00538994635026,257935.44134472057,14923.683426646934,102187.05354232271
673.4836671243926,184.41057978483423,7.825334093617926,1226.0742675218228,970.4548814266839,791.4688204186964,0.7794736793213174,0.6463531369366571,890.0398424188622,-0.10391518536504069,-5.413109626152082,79.48436410001192,18.56086454482064,-28.80243034536979,32.871836114925415,-49.76249069777389,30.22550337952718,-6.880120485346602,174526.3304095001,1679.423248575959,-6651.333024871099
571.0147704988426,153.16825713599485,7.433377753517011,1141.9146236308875,861.3786720549613,733.55166732955,0.7916886652268008,0.6410481836495019,886.1928400032632,-1.161587743844321,-6.0773690432682885,85.73509472559356,15.899473843173896,-18.512815272701957,27.37745500163717,-36.44950388236478,25.140966793752572,0.2834793272797054,171934.04261268157,1180.8650955698868,-10333.456822877153
726.1545952964042,158.37531091080143,8.330211553756492,1446.7644602669368,1205.0896308229908,931.8871069992749,0.8273100784882361,0.6564906726991063,1260.0272651154708,-0.8719431760578673,-4.977977282390015,87.92083344707812,20.851199911044045,-47.544712180195674,37.24795612349702,-74.18119356275496,34.43597169584579,-21.20220741400038,199042.64344515212,5808.238877042213,26419.051573674114
1120.707729966746,178.6249644794936,8.851362755178549,1216.6672674559636,927.5683094469623,775.0655583576937,0.7433217647323418,0.5386509852878997,1460.4583250748758,-1.1410235716786974,-5.040011433240472,63.86133563985702,22.171131129945362,-65.84352587793632,40.761943892271994,-98.43441936574676,37.60317585185202,-34.903594856681636,323081.9558378571,47326.8211988084,191818.06705880468
1091.0204795425213,199.45317957871984,6.6281297740894045,1009.7442491176342,674.2753366760685,631.8456486101084,0.7778211320708194,0.7506809348310721,844.7705370285919,-2.2882931911209194,-5.362155795926885,71.93033318903579,16.64698751454953,-31.086321116972922,29.898041345441683,-57.6321375850208,26.38241863201071,-9.465348247531558,385561.3047513785,8333.498765482633,276911.65529360966
961.73729221122,166.4751723382783,6.050605451056658,1053.9184666283445,774.3067760166471,669.832646301893,0.8516536939758971,0.7893077022858179,669.9070916773769,0.5584051040852807,-3.620319525315942,86.83810916666764,21.417114441240745,-74.74169889251013,39.18428436950076,-109.35796504555859,36.26274204432141,-41.432791303149955,685389.9556495837,43852.624993932055,679398.4601742375
763.5030716365579,180.93921060162987,6.183637015296948,947.1002426182487,643.8778339875289,604.9343670646803,0.7300368392491757,0.7318779068562281,1145.4567643590292,-2.6434871501425348,-5.068692424365365,77.01642864493974,17.464043668381485,-30.37971142038717,30.716973007046683,-52.96464372159912,27.784241487256388,-8.287298346789907,204037.65503170923,8357.58876027074,31913.599944220994
673.4836671243926,165.31804927721018,6.079352400709359,859.3820479588095,516.2814938138067,541.7918777180914,0.8377180755673707,0.7630947459912972,536.2705092229157,-0.6360273826586966,-5.156130238577086,85.78318361025865,20.476397876760387,-57.05060482676976,36.708737947798845,-85.6043105098376,34.173786512113516,-28.070698288986716,190390.94216202246,3723.9306323319524,14582.289969299309
935.8806547449598,180.93921060162987,10.331657083915532,2094.6443655800845,1949.7087606582472,1348.7585166949311,0.8137605124093606,0.6591518137199173,2190.7257954373354,-0.6431045751703057,-4.467843165577593,88.71841083340782,20.40693828569145,-51.23234872432592,36.514302476371874,-78.9487835762887,33.83339771684398,-23.864075289658405,534718.7959022144,4778.6534476200095,475845.6164510055
1289.2547001171833,187.8819489680386,11.581213898072347,1483.4972124019416,1229.7910839427182,948.7964212786527,0.713846732718409,0.7158880784700314,1451.8480358030395,0.7209391405736075,-6.5710555587363935,87.42429625752469,22.826068102713467,-33.2204126632157,41.44662147456104,-57.4028041571885,38.51638826687828,-11.575063294649947,803688.322087872,60258.95883571171,833827.4704692492
892.7862589678592,178.04640294895955,7.089290772775998,1072.750407542965,763.1254753157216,680.8718882196506,0.7961656908951779,0.7460629544864458,699.0023790131997,0.06914879156827637,-5.349615285903919,95.1288632682495,21.071139376778778,-43.32233713040864,37.71013983947947,-72.74963221181113,35.0515841680212,-19.29109691695602,305233.5567512429,17486.649393886135,168517.46547909614
1550.6940344982595,204.08167182299235,10.920974512793597,1668.1468558942497,1542.2862218098387,1103.8446215877777,0.8487435405300712,0.7590721723881851,1416.0720792398222,0.2696156525453022,-6.517988515563427,80.53093300326653,19.235159535147904,-27.840025077587864,34.10609239042659,-49.12652298427518,31.52024525630765,-6.635168951701559,1548284.3680575537,216718.23802908792,1837862.3183943995
631.3469245867832,168.78941846041454,7.782835969556205,1197.2550695109828,919.86467441897,770.0307790386856,0.8047786322946524,0.6548001179257683,964.0402242787843,-0.5762184338517425,-6.042124964388149,77.00077642987279,19.931378906926515,-17.575607650142214,36.4763557872339,-30.231649840129833,33.674115652282886,4.5131467921925665,171509.41923682246,2316.2370238442195,-10533.28172308004
1875.3384826857493,193.6675642733792,16.39215499422361,2534.403370336512,2573.389553902294,1694.2818199696226,0.7934813285290956,0.28779650384988653,2041.927769014426,-1.0405602076818612,-6.3008305789309835,89.06417711246661,20.494067974005496,-71.93081114790004,37.21546108606788,-104.49765393724091,34.42579019555466,-39.04030005383194,4108415.4745350787,345914.97485986946,5275434.803343875
822.8775724850075,184.41057978483423,10.385629752974472,1721.9758454662503,1519.7058743744608,1106.74731571095,0.7589408633689435,0.614679056960592,1221.5284107146263,0.31317804017341966,-5.203796263773741,73.23888224571773,18.414292893965797,-49.3965282728153,33.0390873466591,-77.15402597601077,30.31564174709398,-22.72889935098767,199353.52841676326,9815.557140490182,26916.704669083847
1342.8832815286862,187.8819489680386,10.792717336801758,2251.28441668314,2149.7038939860076,1463.0458942568252,0.7600430859104553,0.6321865221290326,3773.683807700506,-1.4598022715723735,-5.936690795874391,78.3940449588399,19.39307523765508,-28.042824995458258,34.559464183203396,-49.26473301863656,31.829020576031294,-6.6673847300181315,506653.8446540254,42397.798786945845,437849.6117009624
796.063281779256,156.63962631919924,9.26862868999558,1465.211636746276,1233.3037993918697,940.0291064702977,0.7031975377801435,0.5918214205243787,1202.83207074158,-1.0500345310907095,-5.405787952328915,76.73905715904807,19.401674074330955,-45.203434280722135,34.6462406731358,-70.88441898806425,32.00144605827988,-19.27867069394775,259599.81332688266,26287.8766201677,106466.10650080745
1257.6521432139764,210.44584865886702,12.982414926879974,1937.8300250328116,1747.6673567233615,1244.7665440164878,0.8010386512213219,0.5152799508492929,1499.5233234140635,-1.6549017911541368,-5.5565185482966575,84.81102820585761,20.71208842790468,-36.158777785535804,38.09499788795453,-68.45558078241449,35.17880396339677,-17.21919037032151,457008.92683985305,45217.37556823229,346538.5416986982
783.6137896658714,196.56037192604953,8.058287978900738,1195.4619011392094,911.2526028722268,764.9957362390053,0.7944595125788042,0.6868479407507594,1028.0380245328972,-1.2611216545803763,-5.281626745250871,84.70550261385608,16.099932640409833,8.745013473710804,28.07631990233274,-2.553313403539704,25.52932573120201,20.25741993092622,187349.38766842443,3358.3911461993494,7895.156047860044
918.6428964341195,171.1036645825508,6.5454232334965905,1062.623872540791,718.3708026145869,661.721408198752,0.7953691887904512,0.7515902384093427,1356.4796327374731,-1.1122258874377389,-5.528056770214699,89.25162436420297,21.316522752004907,-56.533837949838784,38.514841669755725,-86.58022026536672,36.02047810757054,-27.850241813542187,289379.37101910997,16259.10705077034,147126.01899686738
1381.189411108331,200.03174110925391,13.205668246783725,2218.1662569481937,2109.1433020599407,1440.904397068217,0.6920927778050388,0.49101123645202194,2948.3157484213634,0.42504081195496,-4.224157126218066,57.81450502579128,17.928018743993118,-58.14510639905804,32.56221142783381,-84.06997949457381,30.026974593459887,-26.892372496713843,327069.4347267842,61405.85206584122,198435.19862666968
689.7637721957416,188.46051049857266,7.272761744776115,1224.5974711930633,925.0364444600007,776.8672745388315,0.8312166294622149,0.7124514027116577,901.8256091011067,-1.1584684119233022,-5.3526371019900125,78.12303690629575,16.286166636248563,-13.118486518292073,28.744205992397987,-31.095713634555107,25.802091189501038,4.264988490053986,173455.2937694983,2233.493128702455,-9442.517777386576
595.9137547256117,158.37531091080143,7.417598047557521,1166.904770948798,873.5211906334955,739.5219683700129,0.7585016680632612,0.6933106556625459,874.8663444540055,-0.6344152347821906,-5.369939845953762,81.9506154070254,18.578067701759323,-6.220331841137517,33.06965364062517,-20.6157193987993,30.358576491374574,9.503094916441086,170325.59201260807,1307.5994159768925,-12079.697352038685
695.5096916326884,149.6968879527905,6.727569888742303,971.6712977062881,662.2175309787613,615.1753004320462,0.8438687634259074,0.7634897426222131,806.8912456201592,0.028011921428034173,-5.349697579910909,97.15240980924652,15.506685256296976,6.098906688614839,26.572865441321916,-6.954695520996875,24.176653096845726,18.02248467809476,253937.5364354041,9999.897970173097,100293.17168562274
806.5974674136584,175.73215682682329,8.647473878031445,1360.933633215952,1099.5187418922371,867.9705127385753,0.8294212626278735,0.6662049585316338,1100.3105717592211,-1.1864964473119015,-5.809740240930813,76.07473167750966,22.161318170517916,-0.3812554288983754,40.48955842119461,-14.633381367626303,37.611320378865834,13.482535478754603,192517.8503214597,6783.359970421737,17485.478487533604
1283.5087806802367,175.73215682682329,7.3639487256544935,1215.6639979933282,969.6241391937153,781.3162021848407,0.6692645852520209,0.6599728906540682,893.8624684301353,-1.1318391986252043,-5.2714762107494835,72.97824794138191,23.85690205524215,-63.42420910075688,43.654552115911116,-92.40413476971253,40.734082893642686,-32.38814035062899,630968.9726770316,10032.367093583158,605785.2579256111
1418.5378874484848,180.3606490710958,9.109476995749013,1508.6656567634918,1277.1535233572888,965.6857910225978,0.7813193964762015,0.5468362694405199,1112.2789232736216,0.28686433542572587,-5.666256944820978,73.79424003091196,21.09974319620185,-68.9813646538441,38.15659646855005,-102.60664197512033,35.96380323362417,-38.554174392759236,479893.0937745465,81128.2260597579,403155.17249949434
747.2229665652088,183.83201825430018,23.82095323522054,4748.5545898124565,5055.926658483789,3088.535730442503,0.803631435585482,0.552244326049669,3923.3524043989873,-1.670776833774857,-5.7152740699778875,77.14745386014054,18.649433190847972,-11.544408116668077,33.32951886588837,-28.3196486866795,30.644192492954236,5.429037776763574,181419.82552696308,4364.933971911189,2331.8780938038835
1174.3363113782489,170.52510305201673,7.730557668426626,1220.5560193202177,939.5517942369604,774.215511329337,0.7125744200547695,0.7397921338147919,1427.5740443395118,0.03859577392055756,-5.069712982433664,80.24704598363732,21.12869400519075,-69.1535988459256,38.29242206736886,-101.37681336051058,35.54321859226569,-37.10886620013355,451941.8809306056,45891.89542229933,366065.38003572164
457.05403499939916,141.01846499477955,10.227786231930546,1680.1414890326103,1462.761145770924,1072.547364387555,0.7836622947947944,0.5520207805610053,1318.8579651996813,-0.5643511929359923,-5.4173059512192285,81.88029814288979,20.251707754324602,-22.899812999549912,37.664442251940926,-42.94978742369357,34.368822819308086,-2.8879531958660394,161518.44824367284,-123.13679622120571,-24042.463192847154
552.8193589485113,152.5896956054608,7.4857870227516,1251.1594776498846,989.0151253262673,798.5539087527837,0.7336087540543904,0.6327634817806291,967.5814933031036,-0.9830890521816141,-5.8440009845325305,76.3924431822704,18.250129935464436,-25.473573340049274,32.35306947723601,-45.75660943668841,29.80233500221595,-4.8035798346552205,162926.908816277,308.3883278092601,-22167.672887121982
799.8938947372205,165.31804927721018,9.805707601238305,1416.4124245734067,1170.0618958951588,909.9954361531791,0.8219310706420119,0.6294574422443856,984.1177476577363,-1.6525572500015109,-6.375006393321997,89.94714462509614,19.42855984326422,-27.398426633271814,34.77284854080033,-48.93597081833962,32.16619128944048,-6.555571078629441,212097.9166127494,6855.629954786063,43773.27140976556
1186.7858034916333,171.1036645825508,7.444608065200486,1171.5832901577082,881.6253022465316,744.6532582263316,0.7176265616932045,0.7565231201557922,701.1570571025877,1.9256016061626031,-5.334582865513351,57.71203405779062,21.145415908635798,-57.755295525397315,36.76871325580583,-85.47358271296771,34.597161082835115,-29.452225135725055,270931.94967012305,39509.09419452831,111853.74218589548
592.0831417676472,149.6968879527905,8.900825302547204,1646.8898069930397,1399.6648623990495,1048.4573034143975,0.7703230699405719,0.6745138038219898,1855.1217700932582,-2.5857670926568606,-5.7040796284286195,83.22089389648187,18.825132997603912,20.364747646998154,28.82326121038967,10.332764700965708,30.809175925988672,28.40902332191908,178754.55558741876,2270.15181642349,-745.6799233335623
636.1351907842388,151.43257254439268,8.869534471278403,1343.4011439989433,1095.835276882853,867.1581674306287,0.8011374906563594,0.6419697295042845,1127.4861787965135,-1.6332296947192722,-5.260712456562579,81.6839931105289,21.529301517346738,-22.767598462788552,39.04771023049473,-42.630543773423355,36.17602319062004,-3.082461610399122,184863.25571557067,3330.1115871002658,7214.224063092246
887.9979927704037,166.4751723382783,12.374716117522226,1887.8299643759065,1693.0670101225828,1208.1454447342094,0.8047254348705903,0.5061638116666127,1579.2530970469845,-2.3499455847303063,-4.530714935192623,75.86461796513116,19.381608407993706,-43.84512203935033,34.661247582377,-69.53892592111754,31.96205881681249,-18.451446385239716,244630.89150781315,14065.87013397472,87307.09871256509
753.9265392416468,182.096333662698,8.756168192694037,1284.1954502024603,1012.7342132378312,818.019045782851,0.7520701294391694,0.5926408526063782,1184.2937577545465,-1.3763059844781498,-5.241389351597914,81.10561831333035,19.186911229595644,-9.608973878805312,34.1648460004576,-26.995617570161706,31.536194431932206,6.25484009497047,193373.73181342575,5451.07851953156,18742.9753117403
722.0,259.0,5.292243767313019,972.0650969529086,981.7894736842104,971.5817174515236,0.9168975069252078,0.8476454293628809,2415.583102493075,-0.8148199445983378,-7.175280058637176,73.03324099722991,29.872101616871703,-13.645086583479786,30.000477891036905,-14.092753274165196,30.00570267135325,-14.084040093145864,78767.0,8459.0,78340.0
1061.0,318.0,5.58435438265787,1062.3496701225258,1098.2111215834118,1084.3327049952877,0.9189443920829408,0.8887841658812441,2317.817153628652,-4.31168708765316,-7.859250595028283,65.75871819038643,31.16250021469577,-43.583555087256,31.00151483008039,-43.3565167405281,30.981204347876023,-43.4093063306544,408603.0,55480.0,408237.0
999.0,255.0,6.2492492492492495,1191.411411411411,1247.5375375375374,1224.6366366366367,0.7137137137137137,0.8118118118118118,2656.673673673674,-1.40960960960961,-7.393665009116499,52.43243243243244,29.205692994917406,7.512783278271934,28.807441656925025,1.7309048271919023,28.954455506988555,7.208857381194424,95593.0,26822.0,95333.0
817.0,288.0,5.580171358629131,1022.658506731946,1064.2239902080782,1050.3035495716035,0.9033047735618116,0.7894736842105263,2208.621787025704,-0.1237454100367185,-6.3016818719975065,78.70257037943696,29.085218901515184,-32.84763473333335,29.11771662878791,-32.82664078939395,29.114439810606097,-32.83017968181819,352303.0,8840.0,352048.0
850.0,307.0,5.684705882352941,1206.8364705882352,1234.8729411764705,1225.9317647058824,0.8752941176470588,0.8564705882352941,2774.185882352941,-4.133176470588237,-7.473989294724295,70.32941176470588,29.705053835276967,7.153774839650154,29.68615515597668,6.974179606413998,29.725321473760943,7.039736122448983,80220.0,9737.0,80017.0
1198.0,295.0,6.129382303839733,1254.2988313856426,1274.988313856427,1275.6043405676128,0.8171953255425709,0.8280467445742905,3146.245409015025,1.1929048414023369,-5.913141060115189,58.32220367278798,33.022141991304366,-52.20549745507245,33.03481749855073,-52.40342999613525,33.03986271594206,-52.48835502028982,237227.0,46794.0,237215.0
1129.0,310.0,4.731620903454385,876.5730735163862,915.1798051372896,908.963684676705,0.9433126660761736,0.8883968113374667,2246.100974313552,-2.7232949512843216,-5.557994685041632,81.35518157661647,33.671472332220354,-28.068257392320536,33.412053350584294,-28.406459784641072,33.51187911018363,-28.036727676126883,778549.0,49627.0,778444.0
628.0,241.0,5.735668789808917,1337.0445859872611,1385.1528662420385,1370.6735668789809,0.7611464968152867,0.6799363057324841,2781.7436305732485,-1.628025477707007,-6.706702218963641,62.69108280254777,31.64849869010989,-35.61481156043956,30.59863848791209,-34.713967898901096,31.046687,-35.01210987692306,31483.0,5636.0,31390.0
735.0,219.0,4.797278911564626,918.2095238095238,986.2231292517008,948.9619047619047,0.8884353741496599,0.9319727891156464,2251.3632653061222,0.066666666666666,-6.938021264631045,73.79591836734694,-2.078417035947746,64.36017177614382,0.9374957918032452,62.99629496568632,-0.5672846939443811,64.06023915196081,480423.0,49403.0,480158.0
459.0,257.0,5.26797385620915,1017.165577342048,1062.8278867102397,1040.838779956427,0.9302832244008714,0.8191721132897604,2231.912854030501,-0.9093681917211328,-6.830344561436125,68.30065359477125,27.586001804270463,-4.593059537366548,27.57149121708185,-3.774983380782919,27.645354740213524,-5.424881850533806,13181.0,1571.0,12584.0
773.0,234.0,5.067270375161708,809.0181112548512,864.6300129366106,844.2470892626131,0.9288486416558862,0.8628719275549805,1780.9987063389392,0.5862871927554953,-5.489087118487292,82.94954721862872,33.75415324626866,-37.005562992537314,33.64438442164179,-36.220978298507454,33.81916492537313,-36.478593223880594,1030657.0,5867.0,1030598.0
533.0,197.0,5.941838649155723,1104.0225140712946,1136.9568480300188,1108.6791744840525,0.8949343339587242,0.7485928705440901,2507.8818011257035,-1.8879924953095688,-7.45422554695036,63.35834896810506,30.803022750853252,-41.13243270307167,33.09790466211604,-44.284052156996594,31.831481453924923,-42.903991064846416,53458.0,9007.0,53286.0
668.0,226.0,14.16317365269461,3625.6062874251497,3676.293413173653,3648.660179640719,0.8832335329341318,0.625748502994012,5251.50748502994,0.8727544910179649,-6.110092162663429,68.7125748502994,20.8725975341615,20.164638743271198,21.30383480124224,19.33573073913042,20.76308304140788,20.190770559006182,66016.0,10118.0,65463.0
497.0,246.0,5.169014084507042,986.2394366197184,1050.881287726358,1027.4225352112676,0.8913480885311871,0.8350100603621731,2413.245472837022,-0.4342052313883299,-5.793052841654397,74.40643863179075,36.220196768546,-30.00741471810089,36.144384988130575,-29.771785786350154,36.18049795548962,-29.90904676557864,47518.0,5257.0,47109.0
534.0,243.0,4.8632958801498125,901.316479400749,932.5224719101124,917.749063670412,0.8651685393258427,0.8876404494382022,2461.455056179775,-0.4794007490636701,-7.224590715832437,73.97003745318352,31.88869425373134,12.097390591044762,31.78185505970149,12.137495934328342,31.87788150746269,13.282811686567149,48689.0,5511.0,48608.0
785.0,256.0,4.39108280254777,889.364331210191,907.3617834394904,905.4726114649682,0.8152866242038217,0.929936305732484,2861.2101910828023,-1.7973248407643314,-6.039418745758149,71.10828025477707,28.75805973578595,0.1145377692307484,28.843349267558523,4.324640289297643,28.695592795986613,4.898989672240786,207202.0,21392.0,206972.0
655.0,269.0,5.184732824427481,1080.4152671755726,1114.781679389313,1105.4763358778623,0.8549618320610687,0.8839694656488549,2671.212213740458,-1.206717557251907,-7.70449143764653,57.9236641221374,32.50226238631791,-6.213171979879251,32.44495252716298,-5.938115372233373,32.317527376257544,-5.62590651911466,40755.0,10524.0,40254.0
665.0,282.0,5.772932330827068,1143.0691729323307,973.8541353383458,1170.639097744361,0.8120300751879699,0.7654135338345864,2248.7233082706766,-1.7165413533834593,-6.587304197552075,55.95488721804512,31.58370823651452,-11.75400534024897,31.88050823651453,-10.3966812053942,31.832633340248965,-11.275232657676357,21316.0,4897.0,21159.0
401.0,243.0,5.0997506234413965,980.715710723192,1011.0,1012.5411471321696,0.9002493765586035,0.830423940149626,2107.351620947631,-1.788279301745636,-6.619358205964455,72.24438902743142,29.92051860504202,-5.344964008403362,29.74636181932773,-9.694695773109244,29.97019683613446,-8.969916890756304,13196.0,1490.0,13144.0
423.0,258.0,6.033096926713948,1218.1891252955083,1266.0709219858156,1238.614657210402,0.8534278959810875,0.7919621749408984,2689.047281323877,-1.0560283687943264,-6.028073568303471,63.94799054373522,30.984286808580865,-20.404070161716177,31.139949118811884,-20.784000303630364,30.929087732673278,-20.348413174917493,9465.0,1245.0,9148.0
338.0,194.0,5.822485207100592,1382.5591715976332,1424.7366863905324,1400.7573964497042,0.8431952662721893,0.7455621301775148,2727.331360946745,-0.4786982248520712,-5.521862489874045,68.13609467455622,25.524860052401745,-4.364558646288209,26.54697987772926,-3.993033231441045,26.431903895196506,-4.491003100436679,11318.0,1353.0,11192.0
418.0,243.0,5.466507177033493,1453.755980861244,1501.6052631578948,1470.122009569378,0.8971291866028708,0.7655502392344498,2760.566985645933,0.1320574162679424,-5.783521235042223,72.10526315789474,34.48666756825397,0.9892012063492072,34.807725853968265,1.1497288253968254,34.62744648888889,0.7940015238095235,15618.0,1768.0,15521.0
885.0,320.0,6.163841807909605,1439.8146892655368,1497.1536723163842,1457.1785310734465,0.896045197740113,0.7638418079096045,3146.4350282485875,-0.3981920903954802,-5.227730367422375,73.71751412429379,29.382390585620914,19.11894825359477,29.32496652026144,19.835847758169933,29.426874507189535,19.84541642352941,122562.0,8438.0,118132.0
762.0,377.0,5.31496062992126,1059.2073490813648,1083.754593175853,1076.8123359580052,0.8398950131233596,0.7742782152230971,2597.1325459317586,-1.5045931758530178,-5.427694465413649,67.57217847769029,31.667507100364965,14.656376450729926,31.775397290145992,13.749454972627737,31.741632784671538,13.84120570255474,26807.0,3660.0,26204.0
651.0,298.0,4.869431643625192,1225.4562211981568,1285.3824884792627,1255.0568356374808,0.8786482334869432,0.8110599078341014,2704.5330261136714,-0.4758832565284175,-5.232153140856499,72.08909370199693,33.69457364929858,-23.294816699398805,33.96407451102202,-23.299285094188384,33.72310477154307,-23.41144161322646,152729.0,2003.0,152231.0
376.0,241.0,6.382978723404255,1427.034574468085,1479.853723404255,1450.2978723404256,0.8670212765957447,0.625,2893.531914893617,-1.1813829787234045,-4.355175513587485,72.04787234042553,30.574687982832614,4.13855199141631,30.37681759656653,3.9431614334763943,30.37669442060086,4.6107335364806845,9939.0,1034.0,9188.0
469.0,220.0,6.0127931769722816,1372.857142857143,1419.7420042643923,1399.727078891258,0.9339019189765458,0.6950959488272921,2623.643923240938,-0.0091684434968017,-5.732421939701752,76.4818763326226,30.25261857859532,-26.71873740133776,30.438266973244147,-25.454276933110336,30.377944565217398,-26.702092986622045,66843.0,6653.0,66724.0
331.0,219.0,6.054380664652568,1397.3353474320245,1434.0574018126888,1421.6132930513595,0.8912386706948641,0.7915407854984894,2639.7945619335346,-0.911480362537764,-5.957966545585959,67.88519637462235,25.045857880165293,0.4233332520661168,24.97089089669421,0.2354439132231413,25.01925374793388,-0.1287068305785097,6626.0,841.0,6481.0
396.0,232.0,5.601010101010101,1112.358585858586,1153.3030303030305,1134.328282828283,0.8787878787878788,0.8005050505050505,2545.686868686869,-1.7492424242424238,-5.794878852842008,70.78282828282828,28.228615108433736,6.53383497188755,27.99592812048193,9.283090634538157,28.18561735742972,7.337803204819277,14496.0,1694.0,13888.0
614.0,280.0,11.226384364820849,2663.4820846905536,2718.302931596091,2701.597719869707,0.7964169381107492,0.5846905537459284,4416.508143322476,-0.3671009771986971,-5.438666986695801,61.530944625407166,28.633464605749488,18.659186312114983,27.464561303901444,19.77787828747432,27.573433870636556,19.737456110882945,32220.0,5389.0,32084.0
658.0,291.0,6.424012158054711,1410.501519756839,1454.699088145897,1433.873860182371,0.878419452887538,0.7598784194528876,2953.5273556231004,-0.94483282674772,-5.829896714078845,60.72948328267477,26.039615815845824,3.5032726873661635,25.56625472376874,3.3125870578158314,25.678657293361887,3.3026019379014864,28552.0,5726.0,28381.0
440.0,225.0,9.3,2094.815909090909,2060.954545454545,2113.8772727272726,0.8636363636363636,0.6204545454545455,3583.2272727272725,0.2568181818181818,-5.284713135831082,66.04545454545455,28.39896024363636,-11.246772745454544,28.239050316363635,-9.791685836363632,28.424449225454545,-10.912877109090903,21120.0,2883.0,20655.0
1253.0,324.0,19.83559457302474,5719.656823623304,5789.050279329609,3275.5514764565046,0.699122106943336,0.383878691141261,9112.459696727854,-1.3991221069433373,-5.916258512268174,60.29529130087789,33.95526131452356,-79.59848382978701,33.428526438482855,-81.91749787789063,33.44189142090656,-81.74329073080459,574532.0,38394.0,305377.0
587.0,286.0,6.686541737649063,1490.511073253833,1542.0136286201025,1364.2027257240204,0.9011925042589438,0.7921635434412265,3057.683134582624,-0.5051107325383307,-6.250383994680288,77.46166950596252,36.07959959803922,-54.89379019852942,35.84351405882354,-54.740150982843154,36.00341920588236,-54.70454240441179,69095.0,7581.0,68617.0
1148.0,296.0,4.036585365853658,939.3127177700349,941.6594076655052,912.2047038327526,0.9277003484320556,0.8928571428571429,1946.7900696864112,-2.430487804878048,-5.702615799310011,59.41637630662021,34.490671225274774,-71.64663422527461,34.89706397252752,-76.21712378571416,34.7561762582418,-72.5204647087911,430766.0,90025.0,430465.0
506.0,262.0,6.08300395256917,1426.6126482213438,1484.292490118577,1444.905138339921,0.8952569169960475,0.650197628458498,3244.081027667984,-0.098814229249012,-5.2715920365203655,69.34782608695652,34.3858285993884,-19.899907844036687,34.21256399694191,-20.220877467889903,34.37002362996943,-20.405329455657483,25039.0,5177.0,24995.0
825.0,307.0,6.492121212121212,1393.749090909091,1456.9066666666668,1434.2157575757576,0.8157575757575758,0.7490909090909091,3029.637575757576,0.2917575757575757,-5.416079086882937,63.2,26.907924240137223,-19.345115427101167,26.934427156089196,-19.3656624253859,26.936919437392795,-19.345447416809574,125624.0,16971.0,124210.0
611.0,257.0,7.968903436988543,1745.456628477905,1766.8527004909984,1750.4713584288052,0.9067103109656302,0.7692307692307693,2664.0065466448445,-0.1783960720130929,-5.101615491857814,73.56792144026187,32.7377708235294,-29.29545237647061,32.78331552941176,-28.998702894117677,32.90216752941176,-29.12057065882356,83494.0,8976.0,82602.0
671.0,317.0,10.479880774962744,2113.0521609538005,2161.973174366617,2139.8569299552905,0.886736214605067,0.5380029806259314,3015.7287630402384,0.4114754098360661,-6.402999916226397,64.00894187779434,33.299779404660995,-34.64612478601695,33.26007891737286,-34.520306057203385,33.26534116313558,-34.5103108029661,49068.0,7716.0,46760.0
474.0,279.0,5.9957805907173,1214.8755274261605,1256.1286919831225,1232.4894514767932,0.8776371308016878,0.7489451476793249,2431.53164556962,-0.44957805907173,-5.99034934810232,71.0126582278481,34.56948799122807,-35.094982561403505,34.03171883918129,-33.68864528070175,34.08024310818713,-33.56950571929825,20140.0,2351.0,20065.0
576.0,248.0,4.809027777777778,1048.9097222222222,1052.7065972222222,1036.4479166666667,0.7465277777777778,0.8715277777777778,3427.277777777778,-2.786111111111112,-4.841526123494903,62.69097222222222,30.216401909706548,-34.086124695259606,30.208510261851025,-33.90747097065464,30.192506198645603,-33.88515674943569,61441.0,10835.0,61286.0
514.0,230.0,5.433852140077821,1146.431906614786,1199.1167315175098,1169.5291828793777,0.9202334630350194,0.8424124513618677,2797.885214007782,-2.9204280155642017,-6.013070912507306,64.63035019455253,22.30234949575071,-10.408096419263428,22.111726563739385,-10.550824260623202,22.26668419830029,-10.138382390934815,43756.0,8360.0,39247.0
583.0,269.0,6.288164665523156,1199.9965694682676,1251.5042881646657,1235.2590051457976,0.8301886792452831,0.7101200686106347,2811.4493996569468,0.1183533447684392,-6.315080288952919,58.54202401372213,39.648882419426045,-11.349928812362029,39.624366028697565,-9.73472258719646,39.69709781677704,-9.664791748344363,21522.0,3553.0,21152.0
818.0,281.0,8.78484107579462,1997.5977995110024,2054.748166259169,2039.2139364303175,0.6992665036674817,0.8092909535452323,3651.644254278729,-0.1822738386308116,-5.312752410147214,44.96332518337408,35.68056155587792,-62.43881602612495,35.674386618287215,-62.72453834687967,35.70023690566022,-62.760172116110446,165524.0,1662.0,165233.0
872.0,269.0,5.355504587155964,1099.3165137614678,1147.0676605504586,1119.3497706422015,0.8509174311926605,0.8910550458715596,2494.446100917431,0.6672018348623859,-4.226984749724129,54.22018348623853,36.127012717983646,-10.12244212125337,36.1681929904632,-10.709772461852875,36.17739029291551,-10.68995661716622,195072.0,10351.0,194932.0
544.0,264.0,4.924632352941177,959.8970588235294,1007.3272058823528,981.5569852941176,0.8584558823529411,0.8235294117647058,2297.2095588235293,0.7220588235294106,-6.193585170042935,74.2095588235294,29.93743966778524,-5.354654570469806,30.68887087583893,-5.21697705369128,29.96884839261745,-5.651175711409399,72271.0,7430.0,70940.0
496.0,280.0,6.175403225806452,1312.826612903226,1356.475806451613,1333.092741935484,0.844758064516129,0.7439516129032258,2841.5,-0.7324596774193547,-5.620068274556695,68.4274193548387,29.7216125945122,-30.89799273780488,29.82088289939024,-31.048077798780486,29.811334332317063,-30.68803764634146,16419.0,1872.0,15959.0
668.0,219.0,3.344311377245509,579.8817365269462,626.245508982036,607.9416167664671,0.7604790419161677,0.8697604790419161,2110.688622754491,-2.1741017964071867,-5.201347788424689,53.09880239520958,31.9068687974217,-77.19091612707176,31.967740675874754,-77.12749673664817,32.05151410128911,-77.00546241988944,69231.0,18251.0,69060.0
424.0,247.0,6.754716981132075,1355.4669811320755,1398.3254716981132,1374.7169811320755,0.7547169811320755,0.7216981132075472,2621.8396226415093,-0.5120283018867925,-6.650991010020619,59.62264150943396,31.000318397727277,-3.3053872613636366,30.538528625,-2.3842978674242428,30.641635064393935,-2.832147602272728,9745.0,1559.0,9035.0
343.0,188.0,6.565597667638484,1452.276967930029,1488.262390670554,1469.4956268221574,0.8746355685131195,0.7201166180758017,3054.781341107872,-1.168804664723032,-6.02821900316339,74.72303206997084,33.02588303292181,-37.14958748971194,33.0434768600823,-37.08932123456791,33.024525008230455,-37.15452699588477,15120.0,1603.0,14822.0
256.0,160.0,6.9140625,1463.90234375,1512.55078125,1489.7734375,0.9140625,0.80078125,2992.96875,-0.35234375,-5.685797104212425,70.78125,33.73161837037037,-24.228597932098765,33.76305335185185,-25.020080271604936,33.7321967654321,-24.23609548148148,5756.0,707.0,5666.0
288.0,157.0,6.729166666666667,1380.03125,1421.4097222222222,1396.65625,0.8993055555555556,0.7395833333333334,2851.2013888888887,-1.8545138888888888,-6.937288279313616,63.22916666666666,31.07105026839828,-32.02024047186148,31.23458862337663,-32.65072047186148,31.62729453246754,-33.05682703896104,9891.0,1555.0,9811.0
178.0,125.0,6.353932584269663,1353.5449438202247,1389.438202247191,1384.9606741573034,0.8651685393258427,0.7471910112359551,2943.6404494382023,-1.746067415730337,-6.6354501244484805,69.9438202247191,29.76091128346457,-5.120650771653544,29.83346570866142,-5.617074267716536,29.86663041732284,-5.704314551181104,2952.0,385.0,2946.0
280.0,95.0,8.6,1760.6892857142857,1807.7214285714283,1780.3964285714285,0.8428571428571429,0.5428571428571428,2835.1857142857143,1.5171428571428578,-6.019354361809222,51.07142857142857,31.250136593406587,-7.296127500000014,31.47177109890109,-9.74868460439562,31.397263461538454,-9.08884167582419,26286.0,3027.0,26226.0
186.0,84.0,5.473118279569892,980.983870967742,1073.510752688172,1025.6774193548388,0.9247311827956988,0.8924731182795699,2656.1397849462364,-3.0731182795698926,-6.364634058466193,77.31182795698925,36.52322967272728,3.5097684454545424,36.55985967272728,2.4464466272727234,36.50171421818182,3.5317375363636323,11317.0,1196.0,11114.0
292.0,157.0,7.294520547945205,1507.1609589041095,1537.2842465753424,1521.0582191780825,0.9212328767123288,0.5993150684931506,3388.698630136986,-0.0260273972602741,-5.766317164617367,72.02054794520548,26.72793666,-12.986139269999995,26.80730516,-12.96454577,26.737383160000004,-13.007049269999998,15581.0,1814.0,15501.0
455.0,239.0,6.707692307692308,1638.753846153846,1681.6087912087912,1658.6483516483515,0.8879120879120879,0.7384615384615385,3282.2153846153847,-0.3885714285714284,-5.198614111124656,68.10989010989012,28.46392813664596,-2.8511784968944105,26.47528663664596,7.989942413043483,28.60018683229813,-3.263132844720498,26035.0,3518.0,25817.0
398.0,163.0,5.442211055276382,881.9371859296482,942.6306532663316,922.3793969849246,0.9623115577889448,0.8417085427135679,2184.5150753768844,-0.7665829145728646,-6.448034397984865,66.55778894472361,34.89527663117872,-38.45991442585549,34.89523807604564,-38.47553761977185,34.88188484410647,-38.48730872243344,37264.0,6397.0,37134.0
367.0,207.0,6.762942779291553,1510.0599455040872,1541.817438692098,1523.1634877384197,0.8474114441416893,0.6348773841961853,3404.476839237057,-1.3435967302452314,-6.3336064574578375,64.38692098092643,33.82417852459016,-13.2774991147541,33.567940327868854,-12.35054452459017,33.77026008196721,-12.91441649180328,11075.0,1861.0,11017.0
260.0,159.0,5.796153846153846,1149.046153846154,1188.6576923076923,1165.5961538461538,0.9192307692307692,0.7807692307692308,2771.692307692308,-0.1023076923076924,-5.640543889107372,79.0,29.37322699253731,-6.653814462686568,29.29028848507463,-5.7897717761194025,29.31470326119403,-5.777953567164178,10187.0,1072.0,10120.0
447.0,164.0,4.760626398210291,1117.109619686801,1174.4161073825503,1128.4921700223713,0.9149888143176734,0.906040268456376,3806.434004474273,0.2548098434004474,-7.119909157658024,62.28187919463088,42.30612409202448,7.170931739263783,42.33003102453981,6.704858015337403,42.34916630061343,7.1447573006134775,141445.0,22847.0,141361.0
290.0,189.0,5.555172413793104,1057.5275862068966,1103.3793103448277,1080.355172413793,0.8379310344827586,0.7827586206896552,2621.1,-0.8534482758620687,-5.817704424779626,65.44827586206897,29.379299009756103,-30.866385882926828,29.430111565853665,-30.099355556097567,29.45644860487805,-30.23114332195122,6149.0,648.0,5776.0
542.0,214.0,3.669741697416974,662.6162361623616,699.1955719557195,699.9391143911439,0.5922509225092251,0.904059040590406,2189.221402214022,-3.4101476014760146,-5.758676015477561,54.44649446494465,26.01441410352422,15.80126441189424,26.74655146035241,17.357515469162962,25.396940887665185,15.352013266519842,74745.0,18247.0,74590.0
337.0,170.0,4.017804154302671,707.5727002967359,737.8338278931751,722.3976261127597,0.9465875370919882,0.8902077151335311,2239.5905044510387,-1.9816023738872408,-6.084684956835271,69.34718100890208,34.77332077922078,-21.64790117316017,34.93643702597402,-20.802744450216448,34.76283073593074,-21.5975739004329,23381.0,3901.0,23371.0
407.0,182.0,4.1891891891891895,823.4987714987715,847.4840294840295,827.5454545454545,0.9164619164619164,0.7886977886977887,2370.3538083538083,0.0058968058968063,-4.80545175180298,69.75429975429975,9.177037366336636,28.581078973597368,9.18823076567657,28.535821217821788,9.127737366336635,28.366725673267336,39128.0,4507.0,39034.0
352.0,161.0,6.653409090909091,1478.4801136363635,1510.78125,1501.971590909091,0.90625,0.7386363636363636,2926.713068181818,-0.4403409090909094,-5.6345863554518765,70.17045454545455,34.77672104285714,9.437271257142854,35.75165723333333,10.06819142857143,35.416972947619044,11.626522209523808,20453.0,2363.0,20019.0
443.0,176.0,6.575620767494357,1211.8013544018058,1248.7426636568848,1247.6930022573365,0.708803611738149,0.6207674943566591,2479.3069977426635,-1.0494356659142212,-6.210704421022547,57.652370203160274,28.952238525835863,-12.131518355623102,28.497008890577508,-12.606316635258352,28.543031656534943,-11.812908629179322,28598.0,5365.0,28483.0
387.0,159.0,5.17312661498708,929.9328165374676,970.1136950904393,958.4883720930231,0.7131782945736435,0.8630490956072352,2622.6821705426355,-1.8715762273901813,-6.236909169211969,64.75452196382429,36.361521950530026,-48.04242269964669,36.37812831095405,-47.98394637455835,36.35780604946995,-48.03957110954068,59470.0,8024.0,58805.0
309.0,177.0,5.511326860841424,1212.6019417475727,1251.8640776699028,1244.8414239482202,0.8770226537216829,0.7896440129449838,2692.1650485436894,-0.6475728155339806,-6.4168136726102105,66.01941747572816,27.988141308411205,2.8881671401869164,27.787754906542048,4.844090850467286,27.878323551401863,4.886577420560744,8319.0,1027.0,8179.0
300.0,186.0,6.073333333333333,1195.9266666666667,1240.4133333333334,1219.486666666667,0.8933333333333333,0.7533333333333333,2642.776666666666,-1.767,-6.210457977114461,68.83333333333333,27.27438264534884,-3.481427459302327,27.274860552325578,-4.962510023255812,27.12010938953489,-6.098078244186045,7006.0,860.0,6864.0
336.0,212.0,5.220238095238095,1022.3988095238096,1064.928571428571,1044.2559523809523,0.8690476190476191,0.8035714285714286,2415.5803571428573,-1.1702380952380953,-6.538320014843936,70.26785714285714,33.17925532653061,-2.996770906122451,32.71544879591836,-1.148361967346941,32.917024918367346,-2.085799477551023,10364.0,1183.0,10313.0
365.0,197.0,5.498630136986302,1071.4630136986302,1084.2904109589042,1096.2465753424658,0.8794520547945206,0.6986301369863014,2757.076712328767,-1.1613698630136988,-6.374507541747239,70.27397260273973,25.283795767790256,4.346989131086149,25.31501891385767,4.246229168539331,25.32313247191011,4.163738943820231,16186.0,1979.0,16176.0
369.0,178.0,8.775067750677508,2205.490514905149,2226.449864498645,2208.127371273713,0.934959349593496,0.6097560975609756,4024.268292682927,-1.2005420054200544,-5.364991832483417,69.07859078590786,36.63115744787645,-32.5826419034749,36.21725729343629,-32.37966220077221,36.27575690733591,-32.88173142084942,18366.0,2422.0,18266.0
582.0,253.0,5.907216494845361,1192.1546391752577,1216.786941580756,1211.585910652921,0.8694158075601375,0.8041237113402062,2919.1082474226805,-1.1582474226804125,-6.482423049630601,70.84192439862542,33.19192580056179,-34.511449404494385,33.19835883988764,-33.15134242977528,33.30599893820225,-33.330805154494385,78691.0,8086.0,78661.0
968.0,195.0,4.456611570247934,784.2871900826447,836.8801652892562,793.2035123966942,0.6714876033057852,0.9276859504132232,4508.163223140496,-7.400723140495867,-6.929560699967726,46.89049586776859,34.59397279421961,-70.48052198497113,38.55006795028907,-63.95989906473973,36.55981499075144,-67.25687982774562,342780.0,67983.0,342688.0
1462.0,206.0,4.316005471956224,939.1087551299588,981.3885088919288,996.701778385773,0.9062927496580028,0.8864569083447332,2858.015731874145,-0.9162790697674476,-5.979131480059782,65.89603283173734,41.78759573604061,-31.85534376269035,42.54709015228425,-34.36898568781729,42.535727969543125,-34.40820865736044,1416853.0,122199.0,1413476.0
1012.0,265.0,5.474308300395257,972.701581027668,1016.286561264822,1011.612648221344,0.7302371541501976,0.8438735177865613,2918.6679841897235,-1.27223320158103,-6.02773536611399,51.808300395256914,37.0953512636986,-42.247251312785416,37.25579176255704,-40.569713373287705,36.9564051723744,-42.56040834703198,196955.0,7450.0,196503.0
548.0,239.0,6.12043795620438,1290.463503649635,1342.8248175182482,1319.6441605839416,0.8540145985401459,0.8120437956204379,2877.204379562044,-0.4040145985401461,-6.217661478747949,70.87591240875912,33.86222028502415,-18.650253850241533,34.14005724154589,-19.88825352898549,34.12254637198066,-18.98766206280192,76195.0,8253.0,76086.0
735.0,235.0,5.282993197278912,982.6340136054422,1054.83537414966,1018.0965986394558,0.9251700680272108,0.8693877551020408,2116.775510204081,-0.3213605442176862,-4.121402023399579,79.1156462585034,33.08594608223688,-74.91209627631552,33.17281511184215,-74.87071897368395,33.20826486513162,-75.40516650657868,568391.0,1770.0,568246.0
1672.0,242.0,11.139354066985646,2410.751794258373,2488.1584928229663,2434.124401913876,0.5915071770334929,0.645933014354067,4424.537679425837,-0.6561602870813407,-6.714931653185586,36.22607655502392,30.7009883481912,-10.448934991602025,30.75394158785535,-10.917358361757106,30.48967801098197,-10.64625980426358,435960.0,132803.0,435954.0
464.0,203.0,4.745689655172414,836.5581896551724,869.7715517241379,857.198275862069,0.9224137931034484,0.8362068965517241,2608.0625,-1.0579741379310346,-6.250011585494241,65.88362068965517,32.67483603947369,-4.210119249999999,32.58320873684211,-3.7868281622807007,32.743336368421055,-3.784816469298245,45516.0,8267.0,45374.0
408.0,177.0,9.71078431372549,2340.014705882353,2371.142156862745,2348.519607843137,0.9583333333333334,0.5637254901960784,3210.735294117647,-0.3147058823529414,-6.234882747220039,69.2156862745098,34.57569915878381,-67.40160605405404,34.5622242702703,-67.39528747297295,34.565393189189216,-67.38027733783782,44612.0,6209.0,44562.0
689.0,232.0,6.872278664731495,1527.946298984035,1579.6850507982583,1563.9579100145138,0.7910014513788098,0.8011611030478955,4322.532656023222,0.1992743105950657,-4.305064816399675,52.91727140783745,36.29801617117117,-41.555072090090064,36.64224005945948,-58.01029265405412,36.60979681621624,-58.00387715855863,97889.0,23962.0,97874.0
508.0,201.0,5.484251968503937,1081.236220472441,1109.5748031496064,1099.8818897637796,0.9114173228346456,0.8070866141732284,2357.1515748031497,0.5937007874015748,-6.108268396904273,74.35039370078741,30.79017006451616,-47.13371709032251,30.821100064516155,-47.54044450967736,30.801694258064543,-47.136210316128974,58019.0,6990.0,55822.0
426.0,202.0,5.657276995305164,1158.983568075117,1204.5211267605634,1179.8661971830986,0.9131455399061033,0.7347417840375586,2576.3028169014083,-0.7767605633802818,-6.394123701367509,66.64319248826291,27.242358583673468,2.625635240816319,27.239340706122448,1.6197403020408112,27.13085511428572,3.476077293877544,16139.0,3392.0,15832.0
388.0,195.0,6.414948453608248,1345.4175257731958,1373.2139175257732,1368.2268041237114,0.9123711340206184,0.6804123711340206,3257.726804123711,-0.5693298969072161,-5.689443638978673,62.88659793814433,27.83768106299213,-29.879507086614147,28.02056523622048,-30.21596787401572,27.801202716535432,-29.977275196850364,15663.0,2619.0,15576.0
505.0,240.0,4.736633663366336,938.2910891089108,980.2851485148516,963.9306930693068,0.904950495049505,0.8752475247524752,2579.8930693069306,-0.9992079207920794,-6.041067293829625,76.47524752475248,29.933367179948583,-27.381836534704377,29.99699134447301,-27.4280313933162,29.987638902313627,-27.87948486375322,60131.0,6212.0,59683.0
297.0,188.0,6.841750841750842,1589.6599326599326,1626.5353535353536,1597.3434343434344,0.8148148148148148,0.6565656565656566,2663.5319865319866,-1.645791245791246,-6.286777906158286,67.20538720538721,30.102746168224296,-27.86681578971963,30.041727943925228,-27.846005976635517,30.113538691588783,-27.85236158411215,5687.0,799.0,5618.0
394.0,185.0,6.027918781725888,1061.4568527918782,1104.4416243654823,1077.507614213198,0.916243654822335,0.868020304568528,3069.743654822335,-2.623096446700508,-6.832004189970796,76.21827411167513,36.32243125085908,-50.6737656494845,36.24786149140892,-50.92630551202748,36.29655874226802,-50.87282187972506,95898.0,8734.0,87521.0
624.0,190.0,4.743589743589744,943.5,986.5384615384615,951.7692307692308,0.9583333333333334,0.8894230769230769,3113.8253205128203,-1.6562500000000004,-8.353365259943624,55.32051282051282,34.687551179282885,-56.62635735258963,34.69506253386456,-56.42281671713147,34.67172090039843,-56.61298351593625,103489.0,28622.0,103349.0
261.0,151.0,5.045977011494253,1029.478927203065,1063.0613026819924,1044.5325670498084,0.9003831417624522,0.7777777777777778,2236.057471264368,-0.5988505747126438,-6.510641945566481,68.9272030651341,22.091862605555555,-44.63097662777778,22.287828716666663,-44.951817294444446,22.18646816111111,-44.92358885,5864.0,765.0,5812.0
406.0,164.0,7.150246305418719,1400.8620689655172,1430.0295566502464,1423.972906403941,0.9310344827586208,0.6059113300492611,2346.770935960591,-0.344581280788177,-5.95443849325213,64.13793103448276,31.905744222950823,-26.145355898360663,31.717152747540997,-25.95484092786886,31.848603239344268,-26.033616773770493,34468.0,6194.0,34363.0
360.0,150.0,3.8,608.875,675.8111111111111,663.2361111111111,0.9416666666666668,0.9027777777777778,2361.491666666667,2.025833333333333,-4.548494271690949,81.97222222222223,41.57197946689896,-29.235317526132405,41.50624476655053,-29.0163549825784,41.516008142857146,-29.01504818815331,166981.0,16721.0,166676.0
228.0,154.0,6.105263157894737,1307.8991228070176,1354.0438596491229,1338.7149122807018,0.8421052631578947,0.6666666666666666,2707.7894736842104,-1.6846491228070175,-5.403097712176708,65.08771929824562,25.153021093167705,-6.001687838509316,25.081539105590064,-7.124985354037266,25.14340742857143,-5.94864560248447,3729.0,488.0,3559.0
368.0,163.0,4.793478260869565,823.9429347826087,857.7201086956521,841.8369565217391,0.9266304347826086,0.8532608695652174,3007.070652173913,-1.051358695652174,-3.748724225399081,77.58152173913044,32.3915384730539,-23.56980686826347,32.3238504491018,-23.57302543113772,32.3918995508982,-23.580056568862272,122100.0,12405.0,121810.0
360.0,169.0,4.816666666666666,960.6805555555557,1010.4916666666668,983.1583333333332,0.9416666666666668,0.8583333333333333,2064.9444444444443,-0.5497222222222222,-5.728710584083068,71.69444444444444,34.492474891129035,-50.358776500000005,34.494773278225814,-50.35689625806452,34.499758358870984,-50.34560553225806,47102.0,1625.0,46940.0
509.0,193.0,7.577603143418467,2129.3143418467585,2164.080550098232,2150.907662082515,0.7779960707269156,0.8644400785854617,3249.4872298624755,0.0455795677799606,-5.466355742815997,49.96070726915521,36.75100695601851,-58.0201245115741,36.78884561342591,-57.9614657152778,36.81582246527777,-57.98864210416669,43963.0,9808.0,43943.0
393.0,169.0,6.0585241730279895,1130.9847328244275,1194.0636132315522,1161.0508905852416,0.921119592875318,0.816793893129771,2250.641221374046,-0.0221374045801528,-6.558486317354164,57.30279898218829,31.17577421459227,-3.38288897854077,31.252378849785405,-3.3119184763948457,31.223873412017163,-3.11677681545064,40222.0,7591.0,40096.0
248.0,166.0,5.830645161290323,1163.774193548387,1201.298387096774,1177.1612903225807,0.875,0.7580645161290323,2230.620967741936,-0.5060483870967744,-6.2005345572156205,67.05645161290323,31.953596367741937,-39.6523960967742,31.951311851612903,-39.75344706451613,31.94188088387097,-39.718994161290325,4512.0,534.0,4240.0
396.0,202.0,6.005050505050505,1246.5959595959596,1295.4545454545455,1270.0075757575758,0.8232323232323232,0.7196969696969697,2422.411616161616,-0.8340909090909092,-5.9511557477288175,69.36868686868686,27.9141570989011,-28.20699035897436,28.26701643956044,-28.50065824908424,27.9997592967033,-27.86256325274725,12587.0,1256.0,10848.0
310.0,192.0,6.490322580645161,1417.3806451612904,1438.8774193548388,1424.1967741935484,0.8387096774193549,0.6225806451612903,3149.206451612903,-1.718064516129032,-5.933540118518591,64.61290322580645,21.452222201834864,-28.89679007798165,20.709985045871555,-28.49317310550459,21.20583967889909,-28.24627539908257,7147.0,976.0,7017.0
403.0,212.0,7.630272952853598,1552.4962779156328,1575.4466501240695,1562.7171215880894,0.8188585607940446,0.607940446650124,2732.253101736973,-0.209677419354838,-6.091018675107385,67.71712158808933,32.048787913793106,-55.54397834482758,32.08802722413793,-56.66702248275862,31.71725963793104,-55.42628179310344,16749.0,2578.0,16412.0
544.0,195.0,3.623161764705882,628.0863970588235,676.6893382352941,652.2683823529412,0.9448529411764706,0.8878676470588235,3384.1617647058824,-1.2795955882352943,-6.429851320135558,79.77941176470588,31.97927195970697,-26.27184740293041,31.9863663919414,-26.230431197802204,32.005289542124544,-26.253175853479856,233362.0,25376.0,233227.0
352.0,201.0,6.113636363636363,1223.7102272727273,1271.8636363636365,1252.1732954545455,0.8579545454545454,0.7556818181818182,2736.6335227272725,-0.2880681818181819,-6.364147505247432,69.26136363636364,31.888199912878783,-49.89435501515153,31.96904260227273,-49.29823986363637,32.01887264015151,-49.7488341818182,12026.0,1328.0,11951.0
377.0,178.0,7.249336870026525,1407.5358090185675,1430.840848806366,1422.814323607427,0.9124668435013262,0.6339522546419099,3110.8806366047747,-0.906631299734748,-5.71780576469492,66.57824933687003,36.36806724904213,-60.09569492720307,36.422795697318,-59.791571314176245,36.39553516091953,-59.7510982605364,32936.0,5786.0,32696.0
484.0,200.0,4.731404958677686,903.75826446281,934.2045454545456,911.285123966942,0.8181818181818182,0.8677685950413223,2513.677685950413,-1.065702479338843,-7.068154921699109,66.46694214876032,28.032863206214685,-49.33356934340656,28.019549929378524,-49.38671906868129,27.96931235875706,-49.35347428846151,50575.0,7955.0,50335.0
313.0,187.0,6.054313099041534,1462.6581469648563,1503.479233226837,1484.926517571885,0.8466453674121406,0.8370607028753994,3291.079872204473,-0.1645367412140575,-5.80144238559438,69.68051118210863,28.59943049519232,-31.462728697115388,28.75648703365386,-31.86150803365385,28.64842424519232,-31.519643437500005,11805.0,1374.0,11726.0
326.0,173.0,8.187116564417177,1759.506134969325,1804.0766871165645,1793.6901840490798,0.9079754601226994,0.7638036809815951,3929.453987730061,-0.5116564417177915,-6.935866088356729,65.7361963190184,28.30777578947368,-18.04574635672515,28.759185146198828,-16.992996257309944,28.28986701754386,-17.366886900584795,24946.0,4194.0,24899.0
344.0,147.0,8.540697674418604,1704.8662790697674,1722.313953488372,1717.1511627906978,0.9244186046511628,0.5494186046511628,3884.816860465117,0.4898255813953496,-4.786714718016784,78.22674418604652,35.517210900383155,-57.03179820689653,35.47065189655173,-55.32229782375477,35.66830745210729,-57.218995908045954,69903.0,6993.0,69790.0
320.0,225.0,6.415625,1395.603125,1443.021875,1419.325,0.909375,0.7375,3040.53125,-1.01375,-6.173248172679834,70.21875,31.31516771806168,-33.02982456387666,31.352619436123348,-31.98565311013216,31.395542762114545,-32.100706678414106,5831.0,685.0,5780.0
261.0,160.0,5.908045977011494,1244.5172413793102,1276.455938697318,1271.1264367816093,0.8850574712643678,0.7816091954022989,2914.0536398467434,-1.268965517241379,-6.8478529505389725,67.77777777777777,27.10417266091954,-33.39608740229885,26.994298712643676,-33.85070678735631,27.032028022988506,-33.82038627011494,6063.0,755.0,5963.0
274.0,165.0,6.0583941605839415,1271.905109489051,1313.521897810219,1295.3138686131388,0.8795620437956204,0.7518248175182481,2546.587591240876,-0.784306569343066,-6.192808725042741,68.72262773722628,33.08247878947368,-15.249748605263155,33.59262936842105,-16.25666189473684,33.62498884210526,-16.186835757894737,5794.0,751.0,5614.0
331.0,133.0,5.063444108761329,921.9184290030212,959.3262839879154,949.6525679758308,0.9214501510574018,0.8549848942598187,1884.7915407854985,0.5012084592145029,-7.342064352352259,79.90936555891238,18.01856845600001,25.99150845199988,17.418844856000014,26.29999045199988,17.374187656000014,26.32509965199988,148715.0,14973.0,148661.0
340.0,174.0,6.438235294117647,1306.1882352941177,1331.620588235294,1328.0911764705882,0.7911764705882353,0.7147058823529412,2809.20294117647,-1.961764705882352,-5.828394306455787,67.29411764705883,30.608870543726237,12.67283403422052,30.664041266159693,12.73238422433459,30.594300201520912,12.813787266159686,10017.0,1178.0,9645.0
201.0,130.0,6.412935323383085,1407.4228855721392,1457.179104477612,1431.9452736318408,0.8805970149253731,0.7611940298507462,2369.457711442786,-0.8293532338308457,-6.656835199243825,66.56716417910448,32.60380716666666,-30.933238066666664,32.56243216666667,-30.941363066666664,32.64329633333333,-30.00218223333333,3665.0,469.0,3547.0
344.0,203.0,5.732558139534884,1224.9447674418604,1273.4825581395348,1248.1511627906978,0.8546511627906976,0.7151162790697675,2867.796511627907,-0.5709302325581397,-6.44596149508966,65.87209302325581,28.545612333333334,-32.25523720987654,28.642168958847737,-32.16233156378601,28.668628794238685,-32.38563638683128,6657.0,928.0,6611.0
1121.0,242.0,7.272078501338091,1427.0169491525423,1466.5825156110616,1422.9919714540588,0.7154326494201606,0.7653880463871543,2852.7038358608384,-2.532114183764481,-6.565235408885391,59.75914362176628,38.57725415090332,-67.62211848990405,38.6003062656748,-67.6815776822527,38.547717806588736,-67.71539660892641,430484.0,58230.0,429319.0
538.0,218.0,5.736059479553903,1245.888475836431,1271.4758364312268,1265.8587360594795,0.7825278810408922,0.6431226765799256,2858.940520446097,-0.7074349442379179,-6.038002295317308,60.35315985130112,31.88666667968749,-45.004172903645845,32.0480565234375,-44.8302959765625,32.11249259114583,-45.031553268229175,23466.0,4663.0,23093.0
176.0,121.0,6.238636363636363,1281.028409090909,1313.9772727272727,1295.153409090909,0.9431818181818182,0.8068181818181818,3778.3920454545455,-0.740909090909091,-6.482245980827634,77.2159090909091,32.81811888043478,-40.73649201086956,32.77042648913044,-40.73049853260869,32.80460583695652,-40.71263331521739,2978.0,355.0,2966.0
272.0,182.0,5.110294117647059,977.408088235294,1022.0588235294116,999.8014705882352,0.8492647058823529,0.7830882352941176,3477.779411764706,-1.1838235294117647,-6.150839316558477,66.875,31.548938878787887,-24.79123951515152,31.528022333333343,-24.850176242424244,31.489975060606064,-24.77680072727273,6799.0,792.0,6756.0
357.0,204.0,6.042016806722689,1184.095238095238,1238.4957983193278,1221.826330532213,0.8739495798319328,0.7955182072829131,2499.5910364145657,-0.5717086834733892,-6.007223642531025,73.97759103641457,30.853203142222227,-21.622986022222225,30.666205586666667,-20.13292824444445,30.804930808888887,-21.57872646666667,16802.0,1789.0,16779.0
342.0,180.0,7.1725146198830405,1470.719298245614,1488.1959064327486,1487.5263157894738,0.8713450292397661,0.7309941520467836,2882.6783625730995,-0.8964912280701754,-7.325918343008236,72.046783625731,26.456593029787232,-26.249389876595757,25.70887175319149,-29.4152886,26.099690476595747,-27.83406902553192,17595.0,1927.0,17350.0
258.0,160.0,6.705426356589148,1385.1899224806202,1422.0116279069769,1404.1472868217054,0.875968992248062,0.7364341085271318,2742.9496124031007,-0.6275193798449613,-5.887202529993898,66.27906976744185,25.940749006944447,-8.819947659722226,26.18104275694445,-9.412809465277784,26.147335118055555,-9.346681687500002,7133.0,845.0,6828.0
243.0,144.0,7.300411522633745,1558.008230452675,1613.485596707819,1584.9753086419753,0.9176954732510288,0.7448559670781894,2674.251028806584,-0.7152263374485597,-6.397863050846271,71.02880658436214,34.15799641059603,-35.69737708609272,33.75215468874172,-35.577298874172186,34.01281495364238,-35.02747245033113,10158.0,1117.0,10032.0
315.0,190.0,5.282539682539682,1042.7396825396825,1091.7746031746033,1079.5809523809523,0.873015873015873,0.780952380952381,2610.8063492063493,-1.355873015873016,-6.2901743572231,72.47619047619048,34.55495093939394,-39.14651137575757,34.57040790909091,-39.70796046666666,34.732209121212115,-39.67329925454545,11224.0,1242.0,11060.0
382.0,200.0,5.282722513089006,1066.2120418848167,1111.4502617801047,1104.7774869109949,0.8010471204188482,0.6361256544502618,3142.028795811518,-0.2384816753926703,-6.778634995645697,64.68586387434554,27.95374068978102,-37.90662792335766,28.222269229926983,-37.55024675547448,28.12915645620436,-37.68357412773725,23135.0,3662.0,22953.0
542.0,214.0,4.760147601476015,936.5018450184502,956.3523985239852,934.9446494464944,0.8690036900369004,0.8487084870848709,3004.5830258302585,0.3730627306273082,-5.140599459231968,59.18819188191882,35.9512978199446,-15.36760794459834,35.90306967590027,-15.904432590027708,35.92269011911356,-15.388539315789476,82762.0,13411.0,82638.0
485.0,251.0,9.336082474226805,2018.99587628866,1426.719587628866,2054.79587628866,0.7876288659793814,0.6597938144329897,3207.7938144329896,0.932164948453608,-6.375723542780399,61.36082474226804,32.001136281899136,-43.61174078635013,31.966201860534134,-43.621869272997024,32.07581936795253,-43.584209035608296,14027.0,2573.0,13412.0
222.0,158.0,4.608108108108108,842.3108108108108,883.5900900900901,856.0540540540541,0.8693693693693694,0.8333333333333334,2456.247747747748,-0.7099099099099099,-6.450144034993229,68.55855855855856,32.56705081081081,-26.461437067567573,32.697927162162166,-26.54579868918919,32.42379945945947,-26.449506121621617,3679.0,476.0,3629.0
496.0,219.0,7.667338709677419,1858.594758064516,1917.217741935484,1898.4717741935483,0.9213709677419356,0.5060483870967742,4006.6350806451615,0.2379032258064517,-5.54036408035442,79.03225806451613,28.18230671934604,-30.97683689918257,28.30591971662125,-31.47563618256132,28.274193831062664,-31.418142076294288,141088.0,13441.0,140010.0
262.0,169.0,7.255725190839694,1612.973282442748,1651.3473282442749,1630.179389312977,0.8778625954198473,0.6908396946564885,3214.259541984733,-0.2977099236641223,-6.29330266929579,68.96946564885496,36.14949516233767,-38.43453474675325,35.97419191558442,-39.10908344805195,35.881851006493505,-38.62494318831168,4788.0,610.0,4683.0
370.0,195.0,7.278378378378378,1686.2972972972973,1705.9351351351352,1706.2729729729729,0.8648648648648649,0.6648648648648648,3364.491891891892,-0.0775675675675676,-5.982854495379132,70.05405405405405,39.10820454054055,-44.88065957142857,39.29155203088803,-44.660701810810814,39.46321638610039,-42.98935960231661,24917.0,2840.0,24357.0
407.0,198.0,4.985257985257985,1071.1990171990171,1137.002457002457,1112.9115479115478,0.9115479115479116,0.8427518427518428,3457.4250614250614,-3.074201474201475,-6.479062213292855,65.84766584766585,30.185082578014192,-8.380147904255313,29.778845226950352,-6.82270145035461,29.70797123049645,-7.018346840425531,24402.0,4332.0,24272.0
241.0,141.0,8.311203319502075,1672.265560165975,1696.551867219917,1680.5020746887967,0.9004149377593361,0.7966804979253111,3168.095435684648,-1.0336099585062242,-6.143211402925135,63.56846473029046,34.31901125748504,-46.34355317365269,34.52246095808383,-47.39775736526946,34.49623940119761,-46.267314251497005,5624.0,855.0,5581.0
552.0,180.0,6.684782608695652,1635.070652173913,1664.6684782608695,1659.6286231884058,0.6702898550724637,0.7101449275362319,4666.849637681159,-0.0539855072463768,-3.1406588501974624,58.333333333333336,31.09822441648591,-70.0559562776572,31.12687864642084,-70.10282395661598,31.16193557483733,-70.06928404338389,56574.0,11655.0,56534.0
1382.0,274.0,10.140376266280752,2346.363965267728,2381.140376266281,2381.581765557164,0.8552821997105644,0.7228654124457308,3986.4573082489146,-2.837192474674384,-7.086723233511576,63.42981186685962,33.72588741019215,-87.04941034085194,33.69788573934838,-86.96503841102741,33.7241818128655,-86.98828419214686,385905.0,56981.0,371819.0
223.0,149.0,6.457399103139013,1311.2466367713005,1301.340807174888,1340.6367713004483,0.9013452914798208,0.7040358744394619,2640.914798206278,-0.479372197309417,-6.615818450365138,71.4798206278027,32.33507823312883,-41.39070420858896,32.27417332515337,-41.43451500613497,32.31139357055214,-41.44352850306749,4501.0,536.0,4368.0
268.0,171.0,5.485074626865671,1169.6268656716418,1213.7686567164178,1190.6455223880596,0.8470149253731343,0.753731343283582,3482.8694029850744,-0.6630597014925373,-6.584433680446503,66.04477611940298,32.44072133838384,-43.89468059595959,32.410322853535355,-43.85879928282828,32.41595921717172,-43.83238867676767,5124.0,675.0,4805.0
358.0,186.0,6.284916201117318,1262.2513966480446,1291.9832402234638,1280.203910614525,0.8910614525139665,0.7011173184357542,3035.382681564246,-0.8340782122905025,-6.76237293519463,73.77094972067039,38.22733868131868,-45.25962169230769,38.33381556776556,-44.861493205128205,38.32604047619047,-45.20338404761905,20177.0,2108.0,19202.0
444.0,203.0,8.675675675675675,1779.7972972972973,1791.8851351351352,1779.632882882883,0.7432432432432432,0.5247747747747747,3275.427927927928,-2.1885135135135134,-5.863750053183133,59.14414414414414,34.62687643431635,-68.67336063002682,34.218752841823054,-63.76305365951742,34.147528176943695,-63.50383945040216,29507.0,5192.0,29438.0
632.0,231.0,6.848101265822785,1297.375,1348.5617088607594,1309.51582278481,0.9477848101265824,0.7927215189873418,3073.642405063292,-3.931170886075947,-6.023773424322808,52.59493670886076,35.62404778143131,-54.71537365183757,35.60613520889749,-54.6710113500967,35.62010271373305,-54.71824309090914,67418.0,28223.0,67198.0
290.0,176.0,6.258620689655173,1252.6413793103447,1302.3103448275865,1275.5655172413792,0.8896551724137931,0.7068965517241379,2491.213793103448,-0.0506896551724139,-6.390304105821419,69.37931034482759,31.20725431318681,-44.95962540659342,31.39840692307692,-45.598907274725285,31.38638384615384,-45.60345562637363,5760.0,610.0,5760.0
256.0,148.0,5.453125,973.6328125,1009.09765625,985.1875,0.91796875,0.83203125,2088.3203125,-1.25,-6.149824576925576,73.90625,32.61015220779221,-43.29831485064936,32.62390220779221,-43.2794758896104,32.62937542207793,-44.572723292207804,6845.0,797.0,6580.0
355.0,193.0,5.07887323943662,1092.307042253521,1096.2281690140844,1106.3098591549297,0.8816901408450705,0.8225352112676056,2705.6028169014085,-0.727605633802817,-5.155042405725654,66.02816901408451,33.38006061506276,-35.74569197907949,33.345159359832635,-35.794116246861925,33.43543383682008,-35.74694637238493,13768.0,2196.0,13701.0
429.0,212.0,5.864801864801865,967.083916083916,999.048951048951,998.5454545454544,0.8857808857808858,0.7156177156177156,2050.244755244755,-2.2060606060606065,-8.746247620624324,61.58508158508158,32.58981244407895,-38.60580674999999,32.47616520723684,-39.48653680592104,32.51319185197368,-39.22732858223683,14236.0,2486.0,14167.0
374.0,189.0,4.304812834224599,772.24064171123,830.8877005347593,807.355614973262,0.8877005347593583,0.8716577540106952,2500.7459893048126,-0.1056149732620316,-5.535180654251671,66.06951871657753,38.87133730597015,-52.45775235074627,39.01068812686568,-52.264137798507456,38.89748029104478,-52.29009638059701,32007.0,3868.0,31942.0
305.0,166.0,6.524590163934426,1355.727868852459,1388.8786885245902,1366.0983606557377,0.8163934426229508,0.6655737704918033,2548.488524590164,-0.3236065573770493,-7.509673916179497,63.967213114754095,36.25386830660377,-48.55302867452831,35.73677066509434,-47.49792490094339,35.85507255188679,-47.08781688207547,9297.0,1448.0,9202.0
374.0,186.0,4.962566844919786,843.8983957219251,870.2379679144385,858.1550802139037,0.8689839572192514,0.8155080213903744,2235.9304812834225,1.357754010695187,-5.760200610413853,76.81818181818181,31.15083204270463,-58.06174272241996,31.067324569395023,-58.08167240213525,31.062881153024914,-58.05873026690394,39101.0,4277.0,38901.0
246.0,164.0,5.211382113821138,1037.9227642276423,1075.1504065040651,1054.0365853658536,0.8861788617886179,0.7439024390243902,2725.4024390243903,-1.4967479674796746,-5.762287864618553,68.65853658536585,28.642880662162167,-25.097467371621622,28.843802283783784,-24.594504533783784,28.71113066216216,-25.09489642567568,4732.0,628.0,4679.0
247.0,181.0,5.991902834008097,1238.0161943319838,1257.3157894736842,1250.0242914979758,0.8663967611336032,0.7165991902834008,2680.36032388664,-0.97085020242915,-6.357935514179677,67.00404858299595,31.83882133950617,-34.305402376543206,31.808325845679008,-33.29228902469136,31.854731216049384,-33.24018797530864,3455.0,427.0,3162.0
423.0,181.0,7.26950354609929,1644.8770685579195,1697.6855791962175,1660.9219858156027,0.9290780141843972,0.6997635933806147,2750.0425531914893,-0.6704491725768321,-6.718300570650668,77.91962174940899,37.5889600453258,-47.7801922776204,37.61154701416433,-47.87867811331445,37.61686372804535,-47.87332853824362,129938.0,1127.0,129938.0
301.0,155.0,5.239202657807309,980.6943521594684,966.1063122923588,1004.0398671096344,0.7873754152823921,0.7906976744186046,2215.7541528239203,-0.7089700996677738,-6.491995360406545,67.87375415282392,31.663706575757587,-20.139527777777783,31.3233383939394,-20.86537727272728,31.470646474747483,-20.81997272727273,9855.0,1419.0,9560.0
275.0,170.0,4.414545454545454,794.2181818181818,833.5854545454546,815.4145454545454,0.8945454545454545,0.84,2009.3745454545451,-1.933454545454545,-7.73394862974408,77.52727272727273,31.444324649999995,-20.65995422777778,30.984274094444444,-26.18496774444445,31.103390761111108,-22.567734966666663,7849.0,763.0,7041.0
480.0,186.0,4.377083333333333,796.275,811.5354166666667,795.2270833333333,0.925,0.84375,2311.2854166666666,-4.083333333333331,-5.493916515388929,64.375,28.93723626315789,-57.14926062456143,29.05811907017544,-57.38457816842108,29.02176994736842,-57.45078974736846,113124.0,10937.0,112004.0
296.0,155.0,6.675675675675675,1358.9425675675675,1397.5067567567569,1383.1655405405406,0.9222972972972971,0.6554054054054054,2860.743243243244,-0.6618243243243245,-6.64846846305703,73.27702702702703,34.91768621739131,-18.801306753623187,34.69486641062802,-18.54160725603865,35.00800409178745,-19.141339623188404,10103.0,1144.0,9923.0
298.0,182.0,5.540268456375839,1094.758389261745,1136.3422818791946,1110.8087248322147,0.8859060402684564,0.7315436241610739,2437.3221476510066,-0.0372483221476507,-6.594113277728785,71.71140939597315,30.852582912087914,-21.35163545054945,30.25845818681319,-21.01244552197802,30.821026648351648,-21.857936219780218,7784.0,822.0,7587.0
291.0,160.0,6.639175257731959,1326.2474226804125,1355.254295532646,1354.5498281786945,0.8075601374570447,0.6426116838487973,2636.0,-1.143298969072165,-6.60869750552595,60.03436426116839,26.8818351980198,-30.026842683168333,27.294654257425737,-29.83661748514853,28.036692376237607,-32.247593722772294,5500.0,1237.0,5420.0
342.0,177.0,5.719298245614035,1393.266081871345,1435.3538011695907,1415.280701754386,0.912280701754386,0.8245614035087719,2846.847953216374,-2.047660818713451,-5.96789997411928,60.90643274853801,35.8011534280303,-7.428993840909092,35.87920543560606,-5.629913537878791,35.81681604166666,-7.782837401515152,38847.0,7532.0,38737.0
150.0,104.0,5.493333333333333,1118.32,1149.28,1136.36,0.9,0.82,2258.2533333333336,-1.0273333333333334,-6.098347918059447,67.2,29.30524435294118,-9.956605094117648,30.05369729411765,-10.43050588235294,29.21651494117647,-10.019840388235291,2593.0,406.0,2575.0
185.0,136.0,6.843243243243244,1627.0324324324324,1615.005405405405,1635.3783783783783,0.8756756756756757,0.7081081081081081,3384.6648648648647,-0.9643243243243244,-5.4375398230774845,70.05405405405405,33.613074096491225,-38.71389839473684,32.82253462280701,-40.58564313157894,33.51949164035088,-39.63879927192981,3638.0,447.0,3613.0
819.0,170.0,12.212454212454212,3090.862026862027,3069.6886446886447,3084.477411477412,0.2564102564102564,0.1782661782661782,5793.476190476191,-3.3068376068376075,-6.681772667431868,32.014652014652015,36.1835860027137,-39.98439639620077,36.42802741383987,-76.61309387245589,35.687697698778834,-44.886878132971496,91509.0,36400.0,91509.0
222.0,150.0,5.8108108108108105,1142.8333333333333,1170.463963963964,1155.4864864864865,0.9144144144144144,0.7702702702702703,2586.373873873874,-0.7981981981981984,-6.890679875068452,70.90090090090091,32.35066148780488,-10.521571463414633,32.32804441463415,-9.001760894308939,32.38113872357724,-10.462865772357722,6246.0,552.0,4792.0
224.0,150.0,8.910714285714286,2220.897321428572,2267.0625,2241.03125,0.9151785714285714,0.7991071428571429,3621.799107142857,-0.1433035714285714,-6.11794707481927,63.973214285714285,23.526649375,-3.52991857638889,23.86140470138889,-2.872841263888891,23.70046465277778,-2.728228993055556,4540.0,702.0,4457.0
365.0,156.0,6.904109589041096,1433.9424657534246,1463.504109589041,1433.2438356164384,0.8821917808219178,0.5205479452054794,2972.6767123287677,-2.7517808219178086,-5.137727740814735,74.0,27.087209775862068,3.7215319482758566,26.69604885632183,4.910741160919535,26.699392534482755,4.937081390804591,104339.0,11118.0,104269.0
226.0,137.0,5.066371681415929,986.0530973451328,1018.1858407079646,1004.7743362831858,0.9292035398230089,0.827433628318584,2184.3407079646017,-1.0106194690265486,-6.907534832620038,65.84070796460178,29.24712338095238,1.647698918367349,29.24522168027211,1.6512071496598637,29.23545657823129,1.6499887142857146,4699.0,792.0,4539.0
159.0,126.0,5.358490566037736,1101.7672955974842,1140.0188679245282,1118.044025157233,0.8930817610062893,0.7547169811320755,2516.5471698113206,-1.5641509433962266,-5.745776300079728,70.062893081761,31.89791190566038,-29.124699811320752,31.907293981132074,-28.96380386792453,32.01333549056604,-28.802938207547168,2108.0,271.0,2080.0
578.0,175.0,6.532871972318339,1464.1730103806228,1507.159169550173,1501.0622837370242,0.9100346020761244,0.7577854671280276,3208.2993079584776,1.7403114186851216,-5.296451423240521,73.78892733564014,31.108184971576232,-37.54270576227392,30.961636108527134,-36.83602502842379,30.85481313695091,-36.90359324547805,163616.0,8093.0,162028.0
411.0,190.0,4.929440389294404,927.7688564476886,977.8807785888076,954.4209245742092,0.8832116788321168,0.7907542579075426,2877.301703163017,-2.043795620437954,-5.702404473530067,59.65936739659367,38.56983640522876,-25.10344832352941,38.49247725490196,-25.57223688562091,38.53198150326797,-25.492590153594765,57334.0,11470.0,57194.0
400.0,197.0,5.21,970.775,1014.66,999.1825,0.9275,0.77,2467.2025,-0.4825000000000002,-6.297409330960285,63.9,33.60666891134751,-52.127284670212745,33.533664656028364,-51.9864309113475,33.58505756382978,-52.09290573404253,15591.0,2468.0,15511.0
553.0,218.0,8.406871609403256,1566.7920433996385,1599.9511754068717,1591.820976491863,0.6962025316455697,0.4701627486437613,3021.719710669078,-0.0571428571428564,-6.440245420727423,52.07956600361664,38.48923279828328,-67.98685055364807,38.48071133261804,-68.012807527897,38.59020263733907,-68.234952055794,42672.0,9824.0,42592.0
694.0,198.0,5.138328530259366,1217.9106628242075,1323.00144092219,1303.8559077809798,0.9409221902017292,0.829971181556196,3444.6037463976945,-0.6236311239193084,-5.971085590014293,74.56772334293949,39.03257183008357,-30.454185208913653,39.2212694902507,-30.63374788300836,39.045818988857945,-30.56460749303622,291212.0,32411.0,291011.0
286.0,162.0,6.293706293706293,1255.6223776223776,1321.2552447552448,1280.6713286713286,0.8076923076923077,0.5209790209790209,3817.482517482517,0.4440559440559443,-6.161049374377113,58.91608391608391,32.19750573148147,-42.79920123148149,32.47487841666667,-40.92716229629631,32.319146472222215,-42.52061479629632,8579.0,1715.0,8579.0
1342.0,159.0,9.30923994038748,2159.855439642325,2174.2347242921014,2171.9061102831597,0.981371087928465,0.9113263785394932,3698.3800298062592,0.952980625931444,-4.856868254060688,89.84351713859911,38.5070477437186,-22.290676939698493,38.49908342211056,-22.177844276381908,38.460800005025135,-22.292989502512565,2150600.0,142296.0,2140333.0
261.0,167.0,5.505747126436781,1043.015325670498,1081.103448275862,1062.0689655172414,0.9003831417624522,0.7279693486590039,2279.624521072797,-0.8839080459770117,-6.307195713666159,69.11877394636015,33.0776386,-5.318195033333332,33.116697933333334,-5.2035870333333305,33.056845933333335,-5.273467699999998,6799.0,975.0,6518.0
325.0,200.0,6.864615384615385,1403.6092307692309,1434.1292307692308,1401.0092307692307,0.8307692307692308,0.6523076923076923,3109.944615384615,-1.2064615384615385,-6.313338125267941,63.90769230769231,27.19494617213115,4.197729245901643,27.71713223770492,4.645284586065577,27.22377076229509,4.333971049180333,7429.0,1024.0,7362.0
430.0,183.0,7.588372093023255,1620.1093023255814,1664.4023255813954,1648.2558139534883,0.8930232558139535,0.6162790697674418,3303.2558139534885,-0.7899999999999999,-5.732883050844588,67.67441860465117,33.861738899122805,-30.394408135964916,33.34952135526316,-30.243546293859644,33.30547457017544,-29.32136531578947,32436.0,5310.0,32023.0
275.0,156.0,6.785454545454545,1366.0727272727272,1380.5745454545454,1382.9963636363636,0.8690909090909091,0.6690909090909091,2406.3127272727274,-1.2032727272727273,-6.787538026971178,61.345454545454544,34.40557941919193,-39.96871095454545,34.77508396464647,-38.44826398484848,35.020787833333344,-40.2972468131313,6157.0,979.0,6122.0
299.0,153.0,6.294314381270903,1231.0434782608695,1278.8227424749164,1257.916387959866,0.939799331103679,0.7658862876254181,2961.3110367892978,-1.042140468227425,-6.042554981330139,79.19732441471572,32.921783612440194,-23.62396542105264,33.132573110047844,-22.86971061722489,33.55460322966507,-24.28776935885168,15618.0,1667.0,15556.0
1047.0,288.0,10.24450811843362,2198.458452722063,2250.6542502387774,2214.7593123209167,0.7449856733524355,0.5119388729703916,3947.50811843362,-0.2832855778414517,-4.95510499325433,58.60553963705826,36.00678888626905,-58.52741446324557,37.298252312066566,-56.94317613730933,36.80419073092926,-57.692902396671336,341032.0,49306.0,340793.0
830.0,276.0,7.939759036144578,1664.131325301205,1698.9012048192772,1692.2156626506023,0.8156626506024096,0.5602409638554217,2935.8132530120483,-2.483975903614457,-5.683119812657274,59.0,32.112923319739,-37.94673753507341,32.13921152528548,-37.78825259216966,32.09585018760195,-37.74008733931485,99468.0,14595.0,99249.0
652.0,269.0,5.144171779141105,1021.2699386503068,1107.138036809816,1092.29754601227,0.9217791411042944,0.8588957055214724,2747.532208588957,-1.909662576687116,-5.807281494444304,54.43251533742331,35.687854096590925,-44.34804195643936,35.66664138825759,-42.65151894507572,35.658425668560625,-42.64088921022723,46874.0,18690.0,46747.0
577.0,297.0,4.750433275563259,889.528596187175,926.0953206239168,900.0745233968804,0.8596187175043327,0.8440207972270364,2242.4124783362217,-1.3256499133448871,-6.189836550496608,56.88041594454073,26.72024794883721,-23.45686112558139,26.72385046046512,-23.01191198604651,26.810582041860464,-23.777944381395343,16438.0,3251.0,16197.0
635.0,229.0,5.228346456692913,966.1007874015748,1028.3511811023625,996.3968503937008,0.752755905511811,0.8645669291338582,2278.475590551181,0.207716535433071,-6.723700844195254,61.54330708661417,35.34371388817204,-53.69488601935488,35.232219584946215,-53.76402891397855,35.39192044516128,-53.81670411182801,64878.0,13318.0,64663.0
711.0,299.0,6.514767932489452,1364.3347398030942,1399.6933895921238,1383.223628691983,0.8424753867791842,0.7862165963431786,3529.1870604782,-0.2887482419127988,-6.309858797836935,70.042194092827,18.50288883720929,-7.271280757751932,18.65606926356589,-6.913610151162785,18.41740242248061,-7.255014375968987,40682.0,5284.0,40554.0
949.0,299.0,5.796628029504742,1214.377239199157,1257.0126448893573,1235.3350895679662,0.8777660695468915,0.7123287671232876,2778.853530031612,-2.528977871443624,-6.209428923379594,60.77976817702845,43.12769153257802,-6.6317938371104805,43.33609162747887,-6.278527233711049,43.13100641501428,-6.371541359773371,141010.0,28276.0,140943.0
835.0,243.0,6.338922155688623,1358.8754491017964,1404.251497005988,1383.5748502994013,0.9233532934131736,0.7173652694610778,3623.816766467066,-3.578203592814372,-5.975999633405189,73.55688622754491,34.56187551916933,-65.02625114696485,34.587114656549524,-64.93780178594251,34.56967631789138,-65.04212175399363,199764.0,24108.0,199579.0
765.0,281.0,8.556862745098039,1902.3607843137252,1855.9228758169932,1890.845751633987,0.7594771241830065,0.5137254901960784,3094.0366013071894,-1.298169934640523,-5.762660553987448,64.91503267973856,31.43908558632481,-56.31946723931606,31.16658025299149,-56.54250708034179,31.488818099145327,-56.35465721025624,102764.0,16169.0,102530.0
682.0,233.0,5.159824046920821,1021.4853372434018,837.9824046920821,1035.3812316715544,0.7419354838709677,0.8695014662756598,2448.7199413489734,-2.377712609970676,-6.309786834079654,57.72727272727273,31.75634638257574,-77.13211337121207,31.573794166666644,-77.22642984848474,31.581835265151497,-77.19498382575746,100442.0,20263.0,98984.0
489.0,230.0,4.292433537832311,904.7341513292432,962.59509202454,932.3006134969326,0.9038854805725972,0.8425357873210634,2325.3783231083844,0.0188139059304703,-5.8406618115858615,72.12678936605317,17.84083704934211,3.202454009868421,18.526578529605263,3.7663099309210537,19.550019361842104,4.616030434210527,79241.0,8352.0,79108.0
471.0,242.0,7.56900212314225,1393.7218683651804,1416.7388535031846,1412.874734607219,0.8980891719745223,0.6878980891719745,2489.2462845010614,-0.6297239915074311,-6.504953124181176,68.72611464968153,31.02278400378788,-0.9225851401515124,31.018599420454542,-0.9003733977272705,31.03772745075758,-0.9155893068181798,22090.0,3282.0,22080.0
440.0,238.0,5.318181818181818,981.3045454545454,1020.7318181818182,1003.625,0.9022727272727272,0.7840909090909091,2300.7727272727275,-1.3534090909090906,-6.49960245672665,71.04545454545455,29.80970546551724,-19.071564862068968,29.8124046724138,-18.97618175862069,29.796918120689657,-18.901858758620687,17846.0,1865.0,16180.0
688.0,256.0,8.213662790697674,1515.7674418604652,1551.9549418604652,1525.9171511627908,0.9273255813953488,0.5712209302325582,2849.9738372093025,-0.9348837209302324,-5.524701330707395,66.51162790697674,33.967856917721534,-56.5010770970464,34.002191786919845,-57.22678532489449,34.117564841772165,-56.97408680168776,58529.0,9911.0,58360.0
1021.0,291.0,4.056807051909892,741.0597453476984,787.9725759059745,769.8530852105779,0.6640548481880509,0.8844270323212536,2013.2713026444665,-0.13947110675808,-7.131991378695167,55.42605288932419,30.21814597170971,-52.54943165928659,30.251187054120532,-53.01106002337025,30.2347684809348,-52.71651592742926,118616.0,24466.0,118423.0
774.0,295.0,4.594315245478036,876.2377260981912,923.2571059431524,895.4896640826873,0.8992248062015504,0.8204134366925064,2429.0335917312664,-0.7824289405684749,-7.078512977692626,57.57105943152455,29.550887595541404,-46.93653212898087,29.5737851066879,-45.96028741560507,29.498219183121023,-45.91067141242036,58770.0,5324.0,58694.0
596.0,271.0,5.74496644295302,1105.0302013422818,1132.1208053691275,1127.3741610738257,0.9312080536912752,0.8137583892617449,2185.1275167785234,-0.3570469798657729,-6.965581266470906,76.62751677852349,25.06633552242152,-24.53166438789239,24.945420813901343,-23.847948154708536,25.00036825784754,-24.238462818385667,140843.0,3512.0,140568.0
596.0,255.0,5.016778523489933,1040.6191275167785,1071.9379194630872,1059.5369127516778,0.9228187919463088,0.8070469798657718,2562.8959731543623,0.8357382550335569,-5.03394287459943,71.84563758389261,34.38719628997868,-48.146300149253726,34.28234234541578,-48.11853810234541,34.17064,-48.14416006396589,77856.0,8738.0,77736.0
554.0,244.0,5.694945848375451,1135.173285198556,1153.3158844765344,1140.0306859205775,0.8592057761732852,0.7382671480144405,2834.0631768953067,-1.3805054151624547,-5.866015088934267,69.54873646209386,29.22618425980393,-38.24872682352941,29.42110754411765,-38.43101530392157,29.26868671078432,-38.0711486372549,62833.0,6989.0,62760.0
520.0,263.0,6.392307692307693,1231.05,1261.8942307692307,1245.9576923076922,0.8403846153846154,0.6576923076923077,2748.1903846153846,-1.5319230769230776,-6.714306761156565,63.71153846153846,23.54993530150754,-0.5642018115577915,23.35922433919598,-0.4328677738693522,23.34286655025126,-0.4667637537688482,20378.0,2735.0,18421.0
1234.0,233.0,10.731766612641817,2191.924635332253,2247.146677471637,2214.470826580227,0.9076175040518638,0.5445705024311183,4306.71961102107,-3.0521880064829823,-6.848060374779894,80.17017828200973,43.99660632375183,-9.854005630862323,43.9665852692889,-9.82611277609682,43.96014437670191,-9.856988857791222,866797.0,97183.0,865990.0
476.0,248.0,6.69327731092437,1374.6344537815123,1412.172268907563,1386.4663865546215,0.9327731092436976,0.8403361344537815,2898.109243697479,-0.2993697478991595,-6.493874042041365,75.3781512605042,35.187951847222216,-10.33148153055556,35.13012768055555,-10.220264030555564,35.047625458333336,-10.055805780555565,31657.0,2114.0,24606.0
405.0,269.0,6.683950617283951,1412.6345679012345,1461.9333333333334,1453.404938271605,0.8839506172839506,0.6864197530864198,3107.8345679012345,-1.2464197530864198,-6.907170379280887,68.29629629629629,33.365475484210535,-16.221065831578947,33.52345408070176,-17.500483866666666,33.570589782456146,-17.913279059649124,12183.0,1296.0,11123.0
482.0,233.0,6.817427385892116,1390.4377593360996,1418.8215767634854,1408.3672199170123,0.9294605809128632,0.7593360995850622,2859.674273858921,-2.5688796680497923,-6.315227322307835,70.74688796680498,33.915980888135586,-31.90503402711865,34.00195882033897,-31.861996772881344,33.93198336271186,-32.028257111864406,24991.0,2941.0,24788.0
340.0,208.0,5.044117647058823,983.1823529411764,1028.8588235294117,1004.7941176470588,0.8911764705882353,0.8,2671.5941176470587,-0.3129411764705884,-6.554816135610278,70.70588235294117,31.43192291542289,-26.68523019402984,31.16399853731344,-25.96550256716417,31.52561993034826,-26.475967407960194,14342.0,1427.0,13082.0
436.0,267.0,5.13302752293578,1025.2408256880733,1068.6811926605506,1049.788990825688,0.8256880733944955,0.7821100917431193,2400.2866972477063,-0.778440366972477,-6.274083630824898,63.09633027522936,29.39138759813084,-22.32259053271028,29.2008206105919,-24.2001408753894,29.35715761370717,-22.616415641744545,8643.0,1455.0,8415.0
699.0,262.0,4.928469241773962,1204.4577968526469,1212.1917024320458,1201.3419170243203,0.7696709585121603,0.844062947067239,2695.460658082976,-1.335479256080114,-5.312761981542307,63.8340486409156,35.52793130601094,-20.975706642987245,35.64539888342441,-19.162337663023678,35.713550213114765,-19.192112927140247,61884.0,10671.0,61859.0
1111.0,280.0,5.018901890189019,1515.247524752475,1511.4734473447345,1514.12601260126,0.6912691269126913,0.9108910891089108,2399.19801980198,0.5867686768676865,-3.988793969454232,55.24752475247525,34.8286013221809,-36.05966991325905,36.332641619578666,-24.999515493184624,36.248375076827735,-26.04841809541511,320838.0,56955.0,319960.0
565.0,244.0,6.265486725663717,1498.2513274336284,1489.1132743362832,1502.4654867256638,0.7415929203539823,0.7061946902654868,2827.7716814159294,-2.436991150442479,-6.226789835912284,61.50442477876106,33.312022104783594,-52.542176619589966,33.38127859681093,-50.89761427334851,33.31584823234624,-50.6233584191344,45409.0,10133.0,45244.0
942.0,207.0,12.634819532908704,2209.055201698514,2088.0944798301484,2210.082802547771,0.3481953290870488,0.2388535031847133,4230.981953290871,-6.583333333333333,-5.7436590282376985,31.57112526539278,30.96551556286724,24.34936435722678,31.56779974383074,21.124157290246803,30.961542636897796,24.514283323149225,139640.0,76808.0,139558.0
450.0,256.0,7.062222222222222,1322.86,1365.9022222222222,1353.6022222222225,0.88,0.7022222222222222,2711.7355555555555,-1.056888888888889,-6.231945649477511,69.22222222222223,30.038571842696623,-8.062387584269665,29.8123781835206,-7.80999345318352,29.78176143071161,-7.575321168539328,13049.0,1495.0,12927.0
989.0,266.0,4.958543983822042,883.4347826086956,921.3781597573306,917.2386248736098,0.9474216380182002,0.9019211324570272,2857.0192113245703,-0.8629929221435796,-5.057085005567,86.05662285136502,35.03030612949639,31.826665872901465,35.04917120143884,31.61020776019164,35.00920445083932,31.83700911870482,678954.0,68197.0,678619.0
380.0,218.0,4.323684210526316,788.6921052631579,831.5236842105263,811.4289473684211,0.9184210526315788,0.8342105263157895,2072.2394736842107,-0.9363157894736838,-6.111782253962157,75.94736842105263,30.085925353982294,-23.355586955752216,29.690365840707965,-22.418691778761065,29.81374316371681,-22.384567929203545,12167.0,1311.0,11676.0
1332.0,264.0,6.044294294294295,1147.7214714714714,1143.8806306306303,1144.129129129129,0.8325825825825826,0.7552552552552553,3517.973723723724,-4.7405405405405405,-5.14617448648921,64.75975975975976,38.30988975819694,-56.24194538442626,38.40366188934451,-56.34303828606559,38.36383647950845,-56.31093989262297,1042052.0,132494.0,1034052.0
494.0,220.0,4.921052631578948,1053.906882591093,1118.417004048583,1092.3502024291497,0.9089068825910932,0.8502024291497976,2144.431174089069,-0.6738866396761135,-6.322023254941199,75.44534412955466,27.60639493710692,-24.614641509433945,27.603312295597487,-24.50711402515721,27.626517295597484,-24.595488584905645,48576.0,6150.0,48352.0
443.0,227.0,5.331828442437923,1044.1309255079009,1063.923250564334,1053.6749435665913,0.8781038374717833,0.7268623024830699,2466.6794582392777,-1.803837471783296,-6.274525205792037,62.144469525959366,28.93231748064516,-25.341798303225808,28.774827932258063,-25.00269669032258,28.713489674193557,-24.98390798064516,15074.0,2631.0,14867.0
561.0,237.0,7.447415329768271,1325.2976827094474,1627.7807486631016,1626.536541889483,0.7522281639928698,0.5668449197860963,2857.775401069519,-0.5821746880570411,-7.105182108806534,57.66488413547237,32.64321794457276,-45.08253514549655,32.27827568360278,-44.52179384988455,32.2617907713626,-44.66671358891457,30216.0,7104.0,29970.0
550.0,203.0,5.3,1048.5636363636363,989.0454545454544,1064.6181818181817,0.7927272727272727,0.8854545454545455,3250.1272727272726,-0.2341818181818182,-7.2239145462228125,60.0,24.476125023316055,28.51633658808297,24.60552834974092,28.267925007772085,25.04204524093262,28.672436303108928,82007.0,12831.0,64207.0
593.0,237.0,7.062394603709949,1433.8026981450253,1482.5986509274874,1461.470489038786,0.9258010118043845,0.6509274873524452,2987.9342327150084,-0.7544688026981452,-6.733418148989513,62.32715008431703,35.73685144083526,-25.093668454756376,35.56489430626449,-25.09879806032482,35.658941928074235,-24.673908593967514,40742.0,9531.0,40040.0
559.0,212.0,8.254025044722718,1862.9194991055456,1913.5241502683364,1901.5295169946328,0.9230769230769232,0.6994633273703041,3193.184257602862,0.0450805008944547,-6.224046395442167,77.71019677996422,32.78569875724638,-44.78646231884058,32.75223825,-44.35199217391304,32.8971810036232,-44.75551210144927,263191.0,27265.0,262776.0
506.0,237.0,5.800395256916996,1131.189723320158,1177.5770750988142,1154.1126482213438,0.8754940711462451,0.8280632411067194,2120.618577075099,-0.1679841897233202,-8.336445164880143,62.01581027667984,20.67722403287672,-18.65690101369862,20.453027046575347,-18.90511013698628,20.688846498630145,-18.67907479452053,30321.0,4932.0,30271.0
431.0,207.0,4.406032482598608,817.6542923433875,853.1299303944315,839.4338747099767,0.9071925754060324,0.8863109048723898,2690.5313225058003,-0.3211136890951275,-6.817637942559317,62.64501160092807,24.882480841121502,8.504733158878514,24.751808257009344,8.49075464953272,24.824647976635514,8.40483128504674,46468.0,6867.0,46448.0
283.0,162.0,5.477031802120141,1069.5017667844522,1109.791519434629,1088.268551236749,0.978798586572438,0.8127208480565371,2496.689045936396,0.2890459363957595,-5.848522744221376,78.97526501766785,33.141183372093025,-31.96946112790698,32.825565715116284,-32.40388697674419,32.9965297383721,-32.26369484883721,10159.0,1150.0,10109.0
867.0,240.0,9.23760092272203,2124.093425605536,2133.387543252595,2132.7289504036908,0.9480968858131488,0.6851211072664359,3203.7301038062283,-1.4808535178777391,-4.944857811055693,64.29065743944636,32.96140038549616,-40.82749827671758,33.35449688931296,-40.076088085877885,33.08896388549616,-40.22690552862597,358261.0,53273.0,358210.0
626.0,230.0,5.175718849840256,925.8274760383388,972.476038338658,957.7364217252396,0.7587859424920128,0.8450479233226837,2353.7044728434503,-3.070926517571885,-6.365092618884059,58.86581469648562,30.248910775100395,17.579701034136548,30.477737281124504,17.71556883132532,30.42786940963856,17.67184687751005,88531.0,18144.0,88337.0
398.0,225.0,5.050251256281407,934.71608040201,971.4070351758794,947.138190954774,0.8994974874371859,0.864321608040201,1961.610552763819,-0.202010050251256,-6.179967147722804,62.11055276381909,31.058798453815275,-39.78395666666664,30.976229277108448,-40.51007675100399,31.07402014056226,-39.66728759036143,10335.0,4166.0,10280.0
373.0,233.0,6.101876675603217,1137.656836461126,1191.745308310992,1132.9168900804289,0.8471849865951743,0.7319034852546917,2458.9865951742627,-1.4246648793565684,-6.314856813261205,68.76675603217159,31.52090217509728,-21.025230354085604,31.769809957198444,-21.82962883657588,32.02171657198444,-20.0686323151751,7990.0,1053.0,7862.0
674.0,288.0,8.335311572700297,1708.013353115727,1752.5652818991098,1733.6038575667656,0.8783382789317508,0.6602373887240356,3527.3916913946587,-0.9817507418397632,-6.032931099722769,66.33531157270029,25.55676693473684,-10.646554345263157,25.65553356631579,-9.933489776842102,25.52327118736842,-9.759800155789469,49124.0,6149.0,48479.0
662.0,225.0,6.31570996978852,1239.1993957703928,1285.012084592145,1262.7537764350452,0.9395770392749244,0.8353474320241692,3335.418429003021,-2.084138972809668,-6.231891288070275,79.38066465256797,18.772153862332715,37.31254043212239,18.73920040152965,37.50842857743788,18.742754378585108,37.48950601529639,276712.0,18552.0,200408.0
681.0,219.0,5.973568281938326,1255.913362701909,1276.6637298091043,1259.798825256975,0.9236417033773862,0.8458149779735683,2550.080763582966,-1.7447870778267258,-6.094435827944731,68.89867841409692,35.68988913974592,0.9931636914700356,35.64935705989112,0.2227335136115973,35.64949742286751,0.2302815898366409,129405.0,20038.0,129177.0
435.0,223.0,5.958620689655173,1229.7425287356325,1256.7701149425288,1261.2344827586207,0.9057471264367816,0.7770114942528735,2804.268965517241,-1.582758620689655,-6.515384142508667,65.74712643678161,23.310119692028984,-23.206005003623197,23.35025650362319,-23.146545221014502,23.37786686594203,-23.24687988405798,16342.0,2580.0,16287.0
915.0,233.0,6.524590163934426,1167.3934426229507,1152.7169398907104,1134.696174863388,0.6863387978142077,0.7377049180327869,2459.0994535519126,-4.554754098360653,-7.64268652464401,53.256830601092894,39.51797343187667,-91.19201425964008,39.421474935732704,-91.54488988946017,39.36647744215943,-91.663192588689,169018.0,12740.0,168843.0
492.0,269.0,7.784552845528455,1626.3556910569105,1651.121951219512,1635.3191056910568,0.782520325203252,0.5447154471544715,4009.892276422764,-1.307520325203252,-6.557500555857604,62.073170731707314,35.3710014403183,-62.650769347480114,35.063366514588864,-62.100021734748026,35.27055946949603,-62.2543671458886,13476.0,2282.0,13446.0
340.0,219.0,5.576470588235294,1159.8147058823529,1202.3617647058825,1181.2941176470588,0.9176470588235294,0.7735294117647059,2690.20294117647,-0.9191176470588236,-6.3298322728333085,71.0,31.35804368018017,-36.92575781531532,30.905552689189182,-34.92677643243243,31.071553139639647,-35.91203409009009,7890.0,937.0,7704.0
388.0,229.0,5.783505154639175,1173.4072164948454,1207.755154639175,1193.6829896907216,0.884020618556701,0.7396907216494846,2316.409793814433,-0.2525773195876291,-7.01993292570084,66.18556701030928,29.02679813358779,-37.6585696870229,28.738859984732827,-28.9010872442748,29.072942637404584,-37.57013304580152,8766.0,1438.0,8546.0
508.0,243.0,6.846456692913386,1168.767716535433,1201.1102362204724,1190.7696850393702,0.8838582677165354,0.6988188976377953,2451.763779527559,0.0478346456692912,-6.655711881035297,65.57086614173228,32.49407091591591,-34.696980657657654,32.413238303303295,-34.28839735435436,32.51451746246245,-34.91089606306307,22720.0,3322.0,22540.0
409.0,202.0,6.295843520782396,1298.5354523227384,1321.1271393643033,1309.7530562347188,0.8777506112469438,0.6454767726161369,2753.682151589242,-0.3261613691931539,-6.936814401108292,65.72127139364304,29.657117764505102,-32.62005961092149,29.4070258430034,-32.36843287713309,29.69226725255972,-32.9046890648464,35918.0,6380.0,35838.0
491.0,249.0,5.154786150712831,967.7433808553972,985.3197556008148,973.325865580448,0.8778004073319755,0.8411405295315683,2245.8391038696536,-0.6566191446028515,-6.475373856240213,74.4602851323829,29.74476419817073,-20.53319181515152,30.25473950304878,-23.106489087878792,29.559409899696053,-20.589548178787883,33153.0,3408.0,32113.0
656.0,209.0,4.214939024390244,626.7850609756098,637.8170731707318,650.9131097560976,0.9070121951219512,0.9329268292682928,1873.9908536585365,-2.4620426829268287,-7.617641598754641,79.66463414634147,34.15686301190477,-45.18014573511906,34.24942143452381,-45.23216237202382,34.24336438095239,-45.21679954464288,379296.0,35376.0,378946.0
467.0,232.0,5.248394004282655,1110.152034261242,1141.3961456102784,1132.1648822269808,0.8779443254817987,0.8244111349036403,3033.428265524625,-0.4629550321199145,-6.307440565123213,67.90149892933619,30.58377566558442,-24.90038079545454,30.50260878246753,-24.90435871753247,30.59163508116883,-24.819793133116885,19823.0,2549.0,19803.0
529.0,234.0,6.001890359168242,1263.786389413989,1315.882797731569,1300.6729678638942,0.833648393194707,0.7372400756143668,2473.858223062382,-1.4580340264650282,-6.184781758028732,73.32703213610586,19.251970682352944,-7.951411979411758,21.15186700588235,-1.1489608911764688,20.24931553529412,-4.4916015676470495,71614.0,6870.0,71221.0
838.0,266.0,5.577565632458234,957.5310262529832,1007.27446300716,978.926014319809,0.8794749403341289,0.8806682577565632,2231.3711217183773,0.3231503579952273,-5.303527960053899,80.50119331742243,11.472241657821248,60.95403398743023,11.544099157821249,60.52975340083804,11.460380344972087,60.5219574511174,197635.0,18566.0,197168.0
405.0,213.0,5.266666666666667,1149.59012345679,1168.6938271604938,1155.325925925926,0.9061728395061728,0.8444444444444444,2360.7555555555555,-1.274074074074074,-7.451488323977489,64.27160493827161,31.083442552301253,-29.64515258577407,30.938240878661084,-30.45641213807533,31.27334087866108,-29.469079920502093,15591.0,2146.0,15352.0
366.0,226.0,5.7103825136612025,1105.3661202185792,1146.9153005464482,1125.6639344262296,0.918032786885246,0.7786885245901639,2258.42349726776,-0.9912568306010928,-6.592876505002514,74.37158469945355,29.338639673170725,-23.686433136585364,29.347833819512196,-23.68420435609756,29.335266502439023,-23.707882892682925,10379.0,1039.0,9754.0
790.0,208.0,6.753164556962025,1302.2556962025317,1327.7481012658227,1329.3518987341772,0.959493670886076,0.6430379746835443,2695.6303797468354,-0.3110126582278482,-7.032270454977646,64.89873417721519,-5.400022502392343,63.30379648803837,-5.399211641148323,63.36261806698575,-5.215339328548642,63.39947506858064,275999.0,29429.0,275693.0
414.0,225.0,6.739130434782608,1360.9492753623188,1409.2415458937198,1379.9927536231885,0.7946859903381642,0.6690821256038647,3096.555555555556,0.4946859903381643,-5.696657212679721,64.1304347826087,29.75095378156997,-32.886512003412975,29.808882791808877,-32.990558078498296,30.429184839590437,-31.646726679180883,13093.0,2104.0,12913.0
453.0,218.0,5.966887417218543,1116.5386313465783,1157.3973509933776,1141.8211920529802,0.9205298013245032,0.8079470198675497,2238.635761589404,-0.977924944812362,-6.064976419393284,66.24724061810154,32.39397981072556,-26.3794216845426,32.40279722397479,-26.588812410094647,32.417091798107265,-26.33317594321767,18532.0,2833.0,17920.0
683.0,215.0,7.185944363103953,1342.3265007320645,1384.7335285505123,1365.8682284040997,0.8521229868228404,0.6954612005856515,2600.598828696925,-1.963836017569546,-7.045813613382838,70.96632503660322,13.350926301056337,12.45753449823942,13.379578589788732,12.370301283450695,13.88786086183074,12.625673452504309,523610.0,22154.0,297019.0
363.0,222.0,6.181818181818182,1226.421487603306,1269.6831955922864,1240.900826446281,0.8787878787878788,0.7658402203856749,2786.314049586777,-1.7195592286501376,-6.389708038384506,65.34435261707989,25.040298251999992,16.628777036000002,25.311713851999997,15.311588676,25.007824892,16.630400756,10583.0,1672.0,10049.0
610.0,227.0,6.067213114754098,1199.8377049180328,1236.8540983606558,1215.1524590163935,0.7754098360655738,0.7081967213114754,3280.6852459016395,-1.840327868852459,-6.300899159654965,68.04918032786885,1.717059967181474,68.22654995366796,1.7192375733590772,68.22780599613897,1.7311059131274178,68.21946815830113,95920.0,9435.0,74522.0
430.0,200.0,8.869767441860466,1945.5627906976745,1972.093023255814,1961.7232558139533,0.9023255813953488,0.8558139534883721,3508.020930232558,0.326046511627907,-6.48106074645795,79.04651162790698,30.933018756410256,-23.492212824786307,30.825093649572647,-22.754762867521357,31.0272320042735,-22.84891461965811,83574.0,8482.0,83464.0
645.0,244.0,5.079069767441861,915.8465116279068,948.3131782945736,932.5922480620156,0.8883720930232558,0.8356589147286821,2149.0573643410853,-2.2122480620155063,-6.114990427841168,66.46511627906976,17.094118169230775,17.594142129230782,16.457540492307693,17.73510736615386,17.091969707692314,17.636196286153858,98703.0,10445.0,98315.0
1049.0,312.0,9.146806482364155,1829.232602478551,1868.3794089609155,1859.0581506196377,0.797902764537655,0.6939942802669209,3234.838894184938,-2.55996186844614,-6.918761412962316,55.07149666348904,20.378089781954888,40.09608122341573,20.581556162191188,39.79624444897962,20.75505783780881,39.35857836305052,131031.0,29921.0,129977.0
684.0,315.0,7.173976608187134,1577.2558479532163,1631.077485380117,1601.3318713450292,0.7953216374269005,0.7397660818713451,3049.654970760234,-0.509502923976608,-5.891759185152446,70.5701754385965,19.75760609280304,37.06224611553029,19.793391320075763,36.8040760587121,19.71137957765152,37.01739329356059,88540.0,8332.0,88245.0
848.0,290.0,3.7110849056603774,712.8537735849056,743.8903301886793,723.252358490566,0.7924528301886793,0.8502358490566038,2888.0271226415093,-3.023820754716982,-4.877972245204536,72.42924528301887,34.80421644351468,14.029543299860542,34.73567940725247,14.322421570432368,34.7888186959554,14.057466535564863,309812.0,33952.0,308903.0
614.0,278.0,5.035830618892508,876.8973941368079,922.6416938110748,898.4071661237786,0.8501628664495114,0.8175895765472313,2058.3078175895766,-1.228827361563518,-6.76382520142663,66.43322475570032,28.966876919689124,-22.57118540673575,29.242193194300523,-23.350847196891188,29.219741427461145,-23.470043437823836,62438.0,7993.0,61793.0
547.0,286.0,5.722120658135284,1159.6398537477148,1183.180987202925,1170.82084095064,0.8354661791590493,0.7989031078610603,2596.6124314442413,-1.0703839122486294,-6.034980925754398,65.52102376599635,29.24229410242588,10.139017285714294,29.29903129110513,10.17896078975742,29.26182617789758,10.1553738625337,18431.0,2721.0,18233.0
616.0,298.0,5.233766233766234,1103.564935064935,1148.1931818181818,1137.946428571429,0.8311688311688312,0.8214285714285714,2632.121753246753,-1.1357142857142857,-6.937543117857719,59.62662337662338,30.527231142222217,4.142702842222223,30.787497253333324,4.027634975555555,30.662564342222225,4.218059286666668,20555.0,3055.0,20364.0
520.0,249.0,6.673076923076923,1322.5961538461538,1330.7269230769232,1318.8826923076922,0.9115384615384616,0.6038461538461538,2752.317307692308,-1.925,-6.664487673943626,73.8076923076923,29.846407688461536,-4.093218588461537,29.76053691923077,-4.161152049999997,29.780525380769237,-4.021955896153844,122335.0,12449.0,122273.0
591.0,252.0,6.16243654822335,1558.4196277495769,1559.0710659898475,1557.4737732656515,0.6920473773265652,0.7309644670050761,3420.539763113368,-2.9340101522842645,-5.4382768606459,56.39593908629442,29.9095081587983,-18.96932972746781,31.217200154506457,-19.33001343991417,31.32857890987127,-19.192792079399144,25418.0,3811.0,25298.0
668.0,265.0,5.299401197604791,1011.8053892215568,1041.618263473054,1038.8592814371257,0.7155688622754491,0.8862275449101796,2413.8997005988026,-1.3853293413173648,-6.7260943360855725,57.11077844311377,27.698446390334567,9.885988674721178,27.74042429553904,10.02114513011151,27.761764866171017,9.785836351301104,39331.0,9754.0,39056.0
353.0,206.0,6.439093484419264,1179.0793201133145,1285.416430594901,1273.872521246459,0.7422096317280453,0.7818696883852692,2499.7932011331445,-0.5042492917847027,-7.156548132218034,58.75354107648725,26.67607495348837,-4.035711073643412,26.83224006976744,-4.591089240310079,26.810989682170547,-4.610534162790698,6894.0,1216.0,6694.0
304.0,195.0,5.095394736842105,1144.4440789473683,1188.6940789473683,1165.7565789473683,0.9177631578947368,0.8519736842105263,2526.019736842105,-1.4891447368421054,-6.75257192332593,67.69736842105263,34.3971328271028,-39.971588490654206,33.77885151869159,-39.46947148130841,33.72524871495327,-40.0344808271028,5996.0,701.0,5769.0
548.0,252.0,6.032846715328467,1228.1222627737227,1284.492700729927,1249.9744525547446,0.8211678832116789,0.6934306569343066,2603.5620437956204,-3.152737226277374,-7.379629982124301,64.74452554744525,28.34620834249999,-24.602552455,28.34521109249999,-24.588216055000004,28.31886459249999,-24.624277905,42939.0,6845.0,42843.0
328.0,203.0,6.695121951219512,1330.75,1349.341463414634,1340.1646341463415,0.8536585365853658,0.7012195121951219,2669.6554878048782,-1.1521341463414634,-6.100321802948446,66.98170731707317,28.88418902816902,2.403427159624407,28.660349122065725,1.8785140140845031,28.545016727699537,2.651043591549288,7596.0,962.0,7526.0
441.0,212.0,6.519274376417234,1326.84126984127,1367.718820861678,1343.655328798186,0.8684807256235828,0.6780045351473923,2767.170068027211,-0.776190476190476,-6.302530474013299,63.94557823129252,28.974645899653986,-17.363808906574366,29.022083719723184,-17.009421709342543,29.084688460207623,-17.29281029065742,21790.0,3369.0,21548.0
567.0,240.0,6.35626102292769,1316.6243386243386,1354.3721340388006,1343.4179894179897,0.8871252204585538,0.8077601410934744,2672.964726631393,0.4216931216931205,-6.1061906379105615,77.4074074074074,32.00551440222222,-43.96572576888897,31.266135135555547,-42.49543430222232,31.2654906911111,-42.49193214666676,299676.0,28593.0,299664.0
548.0,230.0,5.631386861313868,1285.565693430657,1302.051094890511,1291.7609489051094,0.9233576642335768,0.8613138686131386,2421.905109489051,-0.4474452554744529,-5.831726205715894,72.48175182481752,18.47496168264841,21.88942436986299,18.327886148741424,21.99233366210043,18.383246614155254,22.56056797716893,91393.0,8675.0,87646.0
358.0,200.0,5.782122905027933,1156.0,1176.854748603352,1163.0810055865925,0.835195530726257,0.8016759776536313,2331.5670391061453,0.0938547486033526,-6.155748755888671,60.642458100558656,32.30467411507936,-16.812120015873017,32.375463936507934,-18.03396275396826,32.357027527777774,-16.863989063492063,12840.0,2826.0,12810.0
355.0,211.0,6.132394366197183,1300.3774647887324,1320.425352112676,1314.1887323943663,0.9126760563380282,0.7464788732394366,2393.0704225352115,-1.4799999999999995,-7.055335211725118,62.7887323943662,28.35831429554656,0.8151778785425096,28.360919680161945,0.5377599149797561,28.36904789878543,0.7656661376518225,7685.0,1422.0,7441.0
894.0,255.0,5.798657718120805,1104.748322147651,1119.6085011185685,1112.6275167785234,0.8131991051454138,0.8489932885906041,3887.1118568232655,0.9372483221476507,-6.9882791530288735,54.50782997762864,32.82380713207549,13.919045994609158,30.50127871293802,17.122223909703497,32.97368492587604,14.0949232277628,174801.0,33366.0,172002.0
252.0,168.0,6.714285714285714,1530.6507936507935,1566.0436507936508,1547.0753968253969,0.9206349206349206,0.7658730158730159,3821.246031746032,-0.526984126984127,-6.214925950710569,69.04761904761905,26.178414918238992,-9.854540679245288,26.190397308176102,-9.578846968553464,26.18272686792453,-9.75948784905661,4489.0,547.0,4457.0
354.0,189.0,7.8192090395480225,1730.1892655367233,1777.2005649717514,1749.593220338983,0.8587570621468926,0.711864406779661,3546.494350282486,-0.0127118644067795,-7.400122418929308,68.07909604519774,35.595210656,-24.053465328,35.74321309599999,-23.888450608,35.633798696,-23.978123008,19579.0,2282.0,19561.0
355.0,158.0,4.642253521126761,921.5295774647888,964.1859154929576,962.3408450704226,0.9211267605633804,0.8450704225352113,3118.5408450704226,-0.0687323943661971,-6.000025240272471,78.50704225352112,10.5634836496063,37.28735035039365,10.398650814960629,37.4315428700787,10.436164594488186,37.38428775196847,75895.0,5764.0,75773.0
650.0,265.0,5.090769230769231,1040.3061538461538,1076.4646153846154,1069.2769230769231,0.7292307692307692,0.8076923076923077,2844.1846153846154,-2.8961538461538465,-7.334016484115384,67.75384615384615,29.40387845528456,30.18443334552848,29.21997784552847,30.978363589430916,29.279411991869928,30.9304509878049,124191.0,13824.0,123639.0
451.0,236.0,5.736141906873614,1058.50110864745,1097.0753880266077,1085.720620842572,0.7849223946784922,0.8137472283813747,2728.7472283813745,-2.5223946784922404,-7.123237921018552,66.96230598669624,26.908164133956387,37.15817178504674,26.450251716510905,35.81769909034271,26.459432442367607,37.08672588473522,17069.0,2163.0,16942.0
620.0,228.0,6.453225806451613,1460.8935483870969,1487.2709677419357,1478.5016129032258,0.8919354838709678,0.7225806451612903,3443.6032258064515,-0.7409677419354833,-5.922222345469796,59.516129032258064,25.13091116338582,0.9351266594488508,25.037103801181104,0.6186888641732617,25.07015262598425,0.6247396515748377,79035.0,14966.0,78900.0
765.0,260.0,5.065359477124183,942.843137254902,977.6274509803922,960.8718954248366,0.8705882352941177,0.6705882352941176,2486.423529411765,-1.0715032679738572,-7.140566283773425,77.69934640522875,37.73097713333333,-29.39444397073176,37.537920710569104,-29.69434631219517,37.53913648292682,-29.667037108943138,196841.0,22566.0,195345.0
290.0,165.0,6.062068965517241,1354.4724137931034,1379.289655172414,1370.9862068965515,0.9172413793103448,0.7655172413793103,2869.38275862069,-1.5451724137931035,-7.118738065136934,76.03448275862068,33.62658282080925,-33.11372680346821,33.346981086705206,-32.86357917341041,33.43445623121387,-32.78138287283237,9868.0,1065.0,9694.0
807.0,242.0,9.54275092936803,1345.0619578686494,1988.814126394052,1986.899628252788,0.7137546468401487,0.4337050805452292,3230.039653035936,-5.156505576208179,-6.38531434433354,61.99504337050806,31.39896771988385,-38.61072233962267,33.7919624208998,-30.84982560522505,33.89873756023216,-30.836396940493557,199764.0,36265.0,199705.0
854.0,273.0,5.717798594847775,1249.128805620609,1259.5995316159251,1274.0269320843092,0.9355971896955504,0.7810304449648712,2940.9121779859483,-2.4165105386416874,-6.825333225306312,71.27634660421546,36.84986552249632,-29.58492775471696,36.47441124092886,-28.69699120899856,36.98087841074016,-29.302237580551505,206401.0,18852.0,205535.0
284.0,178.0,5.630281690140845,1101.31338028169,1147.1338028169014,1126.651408450704,0.8802816901408451,0.7464788732394366,2119.0140845070423,0.2292253521126758,-6.539941785012528,69.96478873239437,32.57581481182796,-33.57943609677419,32.77008631720431,-33.51431582795699,32.45858900537634,-34.66669518279569,14158.0,1427.0,14158.0
561.0,248.0,6.019607843137255,1378.7736185383244,1378.390374331551,1366.48128342246,0.7914438502673797,0.6773618538324421,2682.2442067736183,-1.7096256684491984,-7.330628690302674,60.01782531194296,31.77861860981913,-56.18827078036176,33.41307995348838,-54.100102987080085,33.302071839793285,-53.74476583979328,40216.0,8469.0,39860.0
462.0,224.0,5.406926406926407,1022.1082251082252,1066.1623376623377,1046.891774891775,0.9134199134199136,0.7121212121212122,2258.073593073593,-1.2049783549783546,-6.3526936013337645,68.03030303030303,19.12767609027777,-27.172021006944437,19.421719597222214,-27.06120607638888,19.22434140277777,-27.010890104166656,31812.0,5328.0,31516.0
498.0,207.0,4.606425702811245,960.6807228915662,974.6706827309235,972.3413654618474,0.9437751004016064,0.8413654618473896,2272.6907630522087,-1.1407630522088354,-5.396359178754158,74.85943775100401,29.41342531092437,-44.66613301680672,29.447059932773115,-44.651917050420174,29.399331823529412,-44.829570621848745,218345.0,21957.0,215212.0
369.0,215.0,5.471544715447155,1068.8238482384825,1087.2330623306234,1094.8130081300812,0.902439024390244,0.7181571815718157,3011.222222222222,0.2785907859078591,-4.885947598204851,73.2520325203252,19.231280783505152,8.213794355670109,19.22627769072165,8.594197963917532,19.16475810309278,8.209004819587635,38224.0,3944.0,38121.0
358.0,210.0,5.011173184357542,1017.7877094972068,1080.63687150838,1040.2541899441342,0.7541899441340782,0.7458100558659218,2542.58938547486,-0.5857541899441342,-6.299258549111035,59.52513966480447,29.781336570212776,-23.55374628085107,30.74775529361702,-24.928287046808517,29.906202102127665,-23.890571302127668,8182.0,1493.0,7515.0
392.0,264.0,5.594387755102041,1096.844387755102,1138.4872448979593,1116.0051020408164,0.8494897959183674,0.8086734693877551,2315.6938775510203,-0.4007653061224491,-6.19943140051828,65.53571428571429,32.918269762962964,-14.75806118148148,32.825657911111115,-15.015364059259255,32.90287754074074,-14.782047244444444,8069.0,958.0,7741.0
414.0,187.0,7.695652173913044,1692.1739130434785,1760.743961352657,1761.0531400966183,0.929951690821256,0.6231884057971014,2510.243961352657,-2.247584541062802,-6.01728030788305,80.65217391304348,30.88239671052631,-34.61319348947369,30.96054179473684,-35.44649840526316,30.89227898947368,-35.37480068421053,76329.0,7674.0,76294.0
433.0,212.0,5.646651270207852,1170.6304849884527,1188.3556581986145,1219.473441108545,0.7528868360277137,0.7644341801385681,2545.6258660508083,1.4334872979214774,-6.546026974410664,59.42263279445727,33.32438468338558,-30.475102589341716,33.16840714733544,-30.14643602507837,33.36812752351098,-30.38515107210033,18272.0,4687.0,18151.0
647.0,191.0,4.0649149922720245,873.4868624420402,900.403400309119,912.680061823802,0.955177743431221,0.9119010819165378,2556.986089644513,-0.1964451313755797,-7.558645865588256,86.55332302936631,38.69763101526719,-39.27837323155214,38.51879539185752,-39.14522361323152,38.689265417302806,-39.24200071246817,360762.0,36212.0,360421.0
600.0,220.0,3.895,747.295,811.21,787.2366666666667,0.965,0.925,1728.145,1.3728333333333298,-6.506293898133656,80.75,34.34559122101451,-58.550453340579686,34.29673216304349,-58.244318557971,34.3539107862319,-58.5589855869565,196865.0,9343.0,196282.0
276.0,169.0,4.63768115942029,863.9565217391304,905.6123188405796,880.8949275362319,0.9057971014492754,0.8297101449275363,2144.731884057971,-0.2840579710144928,-6.839958958782103,74.7463768115942,30.8900657051282,-26.267845243589747,30.901048653846157,-26.78626062820513,30.74977980769231,-26.2096772948718,7234.0,848.0,7132.0
