mentions,events,avg_sentenceid,avg_a1co,avg_a2co,avg_actco,avg_raw_text,avg_root_event,avg_len,avg_goldstein,avg_tone,avg_confidence,avg_lat1,avg_lon1,avg_lat2,avg_lon2,avg_lata,avg_lona,total_num_mentions,total_num_sources,total_num_articles
1126.0,343.0,4.541740674955595,1211.4529307282417,1270.0799289520426,1238.5728241563056,0.7921847246891652,0.8632326820603907,4741.802841918295,0.8877442273534634,0.348095876169709,64.20959147424512,1.6790045063868444,66.48764537864967,1.6306663585766237,68.4737599279198,1.4943486395985224,66.76015813959859,295956.0,38896.0,291024.0
884.0,310.0,10.116515837104073,2454.962669683258,2481.755656108597,2485.3947963800906,0.9004524886877828,0.6040723981900452,4037.288461538461,1.5194570135746603,-1.135362736376706,60.40723981900452,35.773343606976766,2.2457388965116425,35.635548127907,1.6817915325581538,35.82209210697677,1.5526459546511782,187306.0,23171.0,160031.0
728.0,322.0,8.155219780219781,1828.407967032967,1871.1456043956043,1860.559065934066,0.9010989010989012,0.412087912087912,3881.721153846154,-0.251510989010989,-2.2999694804124915,49.89010989010989,10.230852077727956,31.438150666666683,10.113542520179376,30.596317414050844,10.059768753363231,30.82747564424516,97052.0,24878.0,96690.0
723.0,336.0,7.477178423236515,2093.492392807745,2149.637621023513,2143.82295988935,0.8229598893499308,0.5656984785615491,3927.2337482710927,1.2067773167358231,-1.2095880281316642,55.64315352697096,10.951879418960251,42.58428264984715,10.363835275229365,44.34445093730893,10.390541061162088,43.28051890366978,125499.0,23372.0,125153.0
695.0,338.0,8.223021582733812,1962.010071942446,2002.3856115107917,1994.792805755396,0.7122302158273381,0.6345323741007194,3671.048920863309,-0.956978417266187,-2.521255434636049,54.82014388489208,25.29620176969696,28.7635963439394,24.87388369954476,28.570304623672232,24.292219572727262,28.487563268181816,36617.0,6062.0,36294.0
1426.0,368.0,10.154978962131835,3457.4488078541376,3508.1746143057503,3498.353436185133,0.717391304347826,0.8099579242636746,5003.652875175316,1.8028751753155676,-2.0053642134097256,42.279102384291726,30.57482430797099,-32.35660495217396,30.23264174999997,-32.35596590144932,30.197405931159395,-32.05005992318844,490864.0,127955.0,490394.0
496.0,272.0,7.828629032258065,1828.0564516129032,1859.564516129032,1855.667338709677,0.8709677419354839,0.5625,4033.786290322581,1.4060483870967744,-1.955776239595623,63.04435483870968,24.765739304444445,0.1806987911111084,24.21235186,1.333009673333329,24.359963875555557,1.4510012066666638,20553.0,2814.0,20434.0
570.0,288.0,5.887719298245614,1484.7421052631578,1519.0912280701757,1536.5947368421052,0.8894736842105263,0.7263157894736842,3942.031578947368,1.4757894736842103,-0.1795247892424679,68.42105263157895,29.819456513761462,-2.0457663256880694,29.45249658256881,-1.3991365091743102,29.433944977064225,-0.9188789862385288,38809.0,4055.0,37577.0
1141.0,294.0,8.865907099035933,2440.9184925503946,2493.9991235758107,2477.723049956179,0.6468010517090271,0.3146362839614373,3885.8028045574056,-1.8116564417177916,-1.9036835156020024,48.23838737949168,31.44582428725318,-52.557077780969536,30.785016190305225,-47.67845945332143,30.95886132495513,-49.58287593447047,238488.0,73315.0,238329.0
898.0,359.0,7.927616926503341,1983.599109131403,2045.087973273942,2018.8953229398664,0.7438752783964365,0.5902004454342984,4367.212694877506,0.4683741648106904,-3.0634228049595245,55.28953229398664,24.4873720255814,7.452720383720922,24.385753382113823,7.028897200929143,24.29356289430895,7.176678513356552,85112.0,14982.0,84000.0
964.0,363.0,8.273858921161827,2239.7095435684646,2264.466804979253,2264.575726141079,0.7033195020746889,0.6970954356846473,4590.149377593361,-0.1689834024896266,-2.815332827622317,54.5746887966805,30.432682487264664,1.5875118737541498,32.090664491694355,0.3415856954595756,32.05145109191584,0.1133576345514879,78783.0,11338.0,74465.0
465.0,246.0,6.161290322580645,1507.67311827957,1546.8279569892472,1542.4666666666667,0.8924731182795699,0.6795698924731183,3664.737634408602,0.646236559139785,-1.3598401349055595,60.88172043010753,21.62806880614657,0.275634640661939,20.9660847985782,-0.2979125592417057,20.87954301909308,-0.3901451073985681,26176.0,4077.0,25866.0
867.0,317.0,6.922722029988466,1856.892733564014,1927.8615916955016,1899.683967704729,0.6931949250288351,0.7854671280276817,4131.687427912341,3.192041522491349,-3.0053274518809325,48.86966551326413,17.874096064757143,22.22991926276464,24.204593225404736,7.388270059775813,23.723545579078458,7.487243085927746,114340.0,33025.0,113817.0
886.0,325.0,12.091422121896162,3091.9446952595936,3175.880361173815,3141.133182844244,0.8769751693002258,0.3216704288939052,5039.066591422122,2.10372460496614,-0.5097740023144378,60.89164785553047,14.485214808460624,-17.490007363102233,14.248407299647464,-16.925766145710927,14.160987945945935,-16.91945126439483,518705.0,68538.0,511485.0
653.0,309.0,7.7687595712098,2155.5497702909647,2197.7013782542112,2173.4869831546707,0.7090352220520674,0.7197549770290965,4083.159264931088,1.901684532924961,-0.9089442618535772,56.9218989280245,26.931031352564094,-1.2419362820512965,26.800317147435887,-1.5194941185897386,26.96813119230769,-2.747033701923089,30773.0,4724.0,30670.0
581.0,329.0,6.10671256454389,1692.275387263339,1732.1290877796905,1735.2598967297763,0.7108433734939759,0.7263339070567987,4423.977624784854,0.5864027538726335,-1.3365074312691612,53.70051635111876,23.599047726277377,-0.5677518229926983,24.600857470802925,6.777863523722626,23.762716802919712,16.037924326642337,17462.0,4752.0,17449.0
725.0,360.0,6.982068965517241,2085.908965517241,2126.918620689655,2112.743448275862,0.8593103448275862,0.7172413793103448,4235.987586206897,1.9841379310344829,-0.4899148386528212,56.63448275862069,32.69399041729892,-11.391399104704108,32.45263839908952,-10.796606858877096,32.55171732169952,-10.83201933232171,37725.0,7366.0,37725.0
595.0,324.0,8.00672268907563,1974.7613445378151,2020.18487394958,2009.0974789915967,0.8554621848739495,0.6705882352941176,4644.164705882353,-0.1152941176470589,-0.7850064597229635,68.21848739495799,29.85504954740608,-1.5998639302325537,29.5195663685152,-2.3375296368515146,29.43833799105545,-1.900572373881928,50242.0,5404.0,49156.0
554.0,268.0,9.590252707581229,2591.626353790614,2629.164259927798,2597.7996389891696,0.6877256317689531,0.7093862815884476,5075.931407942238,0.7043321299638988,-2.483893844297385,55.74007220216607,29.70575337099812,2.7186958983050853,30.67630407156309,8.256573964218456,29.657172146892663,2.5409972598870065,43057.0,8983.0,31557.0
664.0,302.0,7.274096385542169,1933.6656626506024,1956.2213855421687,1949.3930722891569,0.8298192771084337,0.6551204819277109,4226.7725903614455,1.1679216867469877,-0.8498053325131066,72.40963855421687,25.103433494932435,22.953126659359192,25.02237075844595,22.859960824620572,25.091821771959463,23.3206264232715,85018.0,2057.0,83930.0
796.0,328.0,8.388190954773869,2151.462311557789,2210.4836683417084,2189.1608040201004,0.7801507537688442,0.5062814070351759,4246.641959798995,-0.1231155778894473,-3.030435498491944,65.7286432160804,26.045842469987253,25.70366616985952,26.218801752235017,29.64980853767561,26.23913299872288,30.53948856321839,188435.0,20803.0,187191.0
570.0,263.0,8.005263157894737,2198.917543859649,2246.70701754386,2221.7859649122806,0.7631578947368421,0.7,4583.724561403509,1.57701754385965,-1.820431500459976,59.66666666666666,18.46190965454545,-11.602425205454557,18.10599154545454,-12.790800387272736,17.19689723636363,-11.184721569090929,88082.0,10643.0,88062.0
538.0,247.0,7.408921933085502,1791.3048327137546,1830.0446096654275,1818.9944237918216,0.7490706319702602,0.4851301115241636,4055.949814126394,-0.2845724907063195,-2.6042422952239788,60.50185873605948,27.94776050202429,23.865991050607285,27.568503421052636,25.32134515991903,27.835907870445343,23.81894226518218,24664.0,4169.0,24639.0
470.0,242.0,6.259574468085106,1884.431914893617,1929.0744680851064,1912.2851063829787,0.851063829787234,0.7319148936170212,3943.453191489362,0.5327659574468084,-0.9512237973457964,56.95744680851064,9.0917397264151,49.05580425471698,9.057264455188678,48.92182250943394,8.809110068396228,49.235324655660335,21875.0,5215.0,21875.0
573.0,289.0,5.886561954624782,1619.5811518324608,1674.87260034904,1668.546247818499,0.8359511343804538,0.8132635253054101,4042.479930191972,0.5429319371727748,-0.6757201067794208,53.22862129144852,27.83577405936921,11.219967617810768,29.191681313543608,10.39526604267162,28.4128425613383,15.633313345724916,38292.0,6800.0,38292.0
1084.0,265.0,4.666051660516605,1117.768450184502,1209.2573800738007,1150.090405904059,0.9095940959409594,0.8994464944649446,2372.4059040590405,3.403782287822878,0.4072678736407704,54.132841328413285,25.38985496818181,3.383276163636366,25.24254012756264,3.657304471526198,25.24877181321184,3.1050767198177702,792940.0,2744.0,792909.0
1051.0,314.0,6.220742150333016,1662.1579448144623,1730.2949571836346,1691.0047573739296,0.6384395813510942,0.8610846812559467,4235.980970504282,4.785918173168411,-0.7747693207205282,43.786869647954326,34.72873118343197,-33.06529634812632,35.85902702169631,-37.000435237672576,35.30559679487183,-35.112550361933,181674.0,39319.0,181656.0
490.0,309.0,6.655102040816327,1953.8591836734693,1983.7938775510204,1982.0877551020408,0.7938775510204081,0.6510204081632653,4403.6,1.7122448979591838,-1.03053930380017,67.85714285714286,26.54777275,11.65924153828829,26.75397079054054,12.577233722972975,26.61623549774774,12.478456560810814,24468.0,2417.0,23440.0
799.0,407.0,5.385481852315395,1623.1301627033793,1639.404255319149,1635.125156445557,0.7947434292866082,0.7609511889862328,4719.864831038799,0.7374217772215271,-0.7898335788172471,68.31038798498123,30.87663494778068,-27.28231599477806,30.839151214099218,-26.66412762663185,30.87725763707572,-27.0994413994778,141081.0,10976.0,140873.0
993.0,420.0,6.891238670694864,1837.9677744209464,1873.5176233635448,1874.9415911379656,0.8086606243705942,0.5871097683786506,4396.996978851964,1.8386706948640483,-1.842764342828868,61.8932527693857,26.172424208242944,42.18707107049891,25.03204922993492,42.16209098590021,26.03201745119305,41.90411231127983,83876.0,8742.0,83686.0
620.0,344.0,6.896774193548387,1721.7516129032258,1735.791935483871,1752.2548387096774,0.8403225806451613,0.6612903225806451,3464.058064516129,1.2382258064516132,-1.774055359594957,64.24193548387096,21.44718143362832,21.992995132743367,21.42490219469027,22.140574953982306,21.431379203539823,22.962213674336287,23468.0,3912.0,23281.0
691.0,282.0,6.342981186685963,1558.1794500723588,1546.575976845152,1521.671490593343,0.6903039073806078,0.7698986975397974,3561.400868306802,-0.8562952243125903,0.3337147751922256,39.4356005788712,35.561741033485475,2.894498990867572,35.421632449010595,3.2632098280060866,35.2745235753424,4.131818914764078,59380.0,35572.0,59380.0
1908.0,339.0,18.558700209643607,5367.559224318658,5413.617924528302,5405.921907756813,0.5880503144654088,0.4675052410901467,8078.584905660377,3.0187106918239004,-2.845236420815022,50.791404612159326,30.744517093073576,52.25720198701303,30.56078479329003,51.812501987013015,30.49819144372293,51.75930862500004,1066588.0,3341.0,1066482.0
1688.0,336.0,8.393957345971565,2092.4383886255923,2142.8376777251183,2107.97037914692,0.7896919431279621,0.5479857819905213,4566.259478672986,-0.3892772511848334,-3.105428828609932,61.37440758293839,27.194982683667256,4.998577234972744,24.31333129326046,1.5631848099575518,27.33935663630842,3.908719157255685,742234.0,104684.0,742218.0
1222.0,389.0,11.904255319148936,2802.082651391162,2794.207037643208,2834.900981996727,0.8551554828150573,0.8355155482815058,6027.842880523732,-0.6261047463175122,-1.2976160183006735,60.171849427168574,35.46204920753139,-33.81737475062759,34.190764261924684,-32.44236379414224,35.6258033414226,-33.20428348702927,824073.0,47711.0,823989.0
871.0,370.0,6.656716417910448,1696.6486796785305,1773.0068886337542,1748.2456946039035,0.8289322617680827,0.6521239954075775,3559.0436280137774,-0.100114810562572,-3.399946401403336,66.95752009184845,17.468088407582933,-25.29369988744076,17.783752625592413,-25.63706565758294,17.56377038625592,-25.15585356042654,210095.0,19059.0,210055.0
518.0,265.0,5.897683397683398,1459.8822393822393,1510.1196911196912,1496.6138996138995,0.862934362934363,0.6505791505791506,3597.1737451737454,0.4646718146718148,-0.4691433320711143,60.38610038610039,32.53795394481236,-7.280624218543048,32.35711686313465,-6.891549560706404,31.992393909492264,-6.289875741721857,39023.0,5645.0,38998.0
1951.0,349.0,12.76319835981548,3276.12352639672,3317.3967196309586,3353.543823680164,0.6442849820604818,0.2511532547411584,5824.034341363404,0.1987186058431573,-4.423051724408376,55.66888774987186,36.19919424621813,-48.21451192868293,36.298373385498266,-48.77742312077038,36.28419681272831,-48.52807539562722,3278476.0,350302.0,3275326.0
696.0,304.0,7.864942528735632,2142.7155172413795,2141.182471264368,2148.675287356322,0.8663793103448276,0.5747126436781609,4384.775862068966,1.6676724137931038,-1.3585053880904974,57.298850574712645,28.997678092868977,14.646935545180725,30.62913870646765,8.164673899096385,28.610702570480928,14.321773692771083,54529.0,9412.0,54508.0
909.0,285.0,4.013201320132013,980.2662266226624,1089.5478547854786,1070.908690869087,0.4389438943894389,0.8404840484048405,4151.640264026402,-2.6337733773377336,-1.4215030535813922,36.99669966996699,32.069079674208126,-31.842918535067973,31.933050735294103,-34.02369985181004,31.961543938914023,-33.377401107466135,62538.0,39808.0,62498.0
381.0,267.0,6.73490813648294,1746.6614173228347,1819.044619422572,1774.280839895013,0.8083989501312336,0.6325459317585301,4122.608923884514,0.6879265091863518,-1.6076945918437784,66.37795275590551,25.602852937869823,18.770291721893493,25.69008154733728,18.803880775147928,26.129980589970504,19.35920755752213,6481.0,862.0,6461.0
723.0,326.0,10.38865836791148,2930.2240663900416,2960.951590594744,2929.157676348548,0.7814661134163209,0.6721991701244814,5268.731673582296,-0.86804979253112,-3.0641575136224204,62.0746887966805,25.439527482404696,20.7288672032164,26.199511929618765,19.18089542397661,25.49595505278592,20.64943181286552,173604.0,13797.0,173576.0
1022.0,346.0,9.434442270058709,2333.930528375734,2149.5117416829744,2371.1115459882585,0.700587084148728,0.5557729941291585,6573.941291585127,-0.195303326810176,-3.5197837831160825,54.256360078277886,35.852400595959594,34.283645220202025,40.0781275959596,29.60800203434344,39.02126547474748,30.05977398080809,171657.0,25708.0,171479.0
1032.0,350.0,11.11046511627907,2996.0368217054265,2960.7451550387595,2956.2994186046512,0.685077519379845,0.3420542635658914,4938.852713178295,-1.5359496124030978,-2.693525078827402,52.89728682170543,35.771437658102755,16.810978530632408,27.91405683201581,41.54314673913045,28.571610122529645,39.423478409090926,202695.0,22248.0,201649.0
815.0,397.0,6.776687116564418,1843.4343558282208,1836.633128834356,1845.3374233128836,0.8098159509202454,0.6920245398773006,4850.19754601227,1.818036809815951,-1.0104710957677503,51.079754601227,30.967967915693883,-3.5524216212710766,30.272543155642012,-4.991656819714658,30.29998162516212,-4.683425578469521,45207.0,7977.0,45159.0
550.0,333.0,8.501818181818182,2641.28,2672.6036363636363,2688.0654545454545,0.8690909090909091,0.6454545454545455,5531.450909090909,0.6847272727272725,-0.6990184453981471,58.763636363636365,20.891980943469783,11.694038594541908,20.918731469785573,10.721092851851852,21.77758174269006,10.382443013645224,13864.0,2711.0,13798.0
1190.0,344.0,6.329411764705882,1869.609243697479,1955.9613445378152,1944.7882352941176,0.7218487394957983,0.7747899159663866,3549.524369747899,2.362268907563025,1.3423382761008515,56.46218487394958,38.27212856686799,7.788104042277753,37.76265572821397,3.742996987920583,37.930374528904224,7.588967407247558,326664.0,59440.0,326640.0
871.0,394.0,8.280137772675086,1984.7761194029847,2039.9081515499429,2020.5154994259472,0.8105625717566016,0.4833524684270953,3859.433983926521,1.539494833524684,-1.4353071584638186,63.9609644087256,27.587804647971364,24.086027439140818,27.470808249403337,24.606601102625305,27.7801111849642,23.703122069212423,98988.0,9228.0,98226.0
1405.0,389.0,10.767259786476869,2918.1274021352315,3010.992170818505,2935.299644128114,0.604982206405694,0.3480427046263345,4649.881138790036,4.33864768683274,-1.0907407643321323,43.30960854092527,33.35907950190401,-32.44977934805787,33.55599898857576,-29.312253392231423,33.41709074028938,-32.06645103122617,205678.0,61510.0,204664.0
957.0,276.0,10.845350052246603,2760.6300940438878,2819.702194357367,2798.298850574713,0.9320794148380356,0.3312434691745036,3841.4827586206898,1.5382445141065826,-2.4011528372552022,46.7816091954023,35.57151713781695,-5.275776630650438,35.571387609702285,-5.292309963616259,35.56869088643878,-5.25490194818076,98059.0,29184.0,97884.0
418.0,266.0,10.882775119617223,3333.894736842105,3382.284688995215,3372.2416267942585,0.7894736842105263,0.5980861244019139,6317.444976076555,1.175598086124402,-1.014283818191941,56.889952153110045,29.38901036745407,35.400863981627296,29.74836514435696,34.84383894225723,29.52987905511812,34.44325574015748,7725.0,1003.0,7622.0
749.0,415.0,9.967957276368493,3401.064085447263,3446.1415220293725,3442.305740987984,0.7263017356475301,0.6889185580774366,6744.173564753004,1.0943925233644864,-0.6435640277014387,60.026702269692926,28.317248898843925,43.46658652890172,28.529142346820805,43.54004919219651,28.550736005780344,43.50814855635836,31189.0,3014.0,30852.0
708.0,428.0,12.331920903954805,4057.293785310735,4101.5183615819205,4085.5338983050847,0.7994350282485876,0.4971751412429379,8160.031073446327,0.7562146892655368,-0.7757515866595466,55.90395480225989,30.45931059431137,11.410216428143714,31.36616727095807,10.615760923652694,30.61761987574849,10.476896652694608,39358.0,7395.0,39103.0
677.0,306.0,11.240768094534712,3614.698670605613,3664.251107828656,3644.1506646971934,0.8005908419497785,0.4519940915805022,5702.849335302806,0.4644017725258493,-0.9077539459368342,55.00738552437223,32.26143810937499,-10.859350185937505,31.9001313125,-9.013701467187506,32.473506984375,-11.775744998437505,28241.0,6026.0,27931.0
596.0,296.0,6.889261744966443,1811.6208053691275,1859.768456375839,1840.743288590604,0.87751677852349,0.5234899328859061,3577.718120805369,2.4291946308724826,0.0081025207967206,78.18791946308725,33.89085845567376,9.359123654867252,34.26830978546099,10.396958454867251,34.11975501595745,10.3151224619469,189957.0,18666.0,188983.0
864.0,399.0,6.811342592592593,1673.9155092592594,1732.7256944444443,1719.300925925926,0.7997685185185185,0.6018518518518519,3311.539351851852,1.103125,-1.9459635243596332,69.10879629629629,29.657021084076437,18.771918238216568,30.756598357961792,14.32354042038217,30.209975555414022,14.700522684076436,50205.0,5705.0,49860.0
1049.0,323.0,8.382268827454718,1790.4280266920878,1877.9809342230697,1836.0209723546236,0.7502383222116301,0.657769304099142,5007.39466158246,-0.4026692087702574,-2.5928710761789917,58.86558627264061,27.20370366764994,29.3628673716814,38.07986141592925,-28.297349643067925,33.79336397246804,-4.656944267453295,223045.0,36493.0,222921.0
543.0,315.0,9.390423572744014,2439.451197053407,2485.202578268877,2471.839779005525,0.7384898710865562,0.5285451197053407,4908.598526703499,1.4034990791896869,-1.8561477861067792,49.41068139963168,19.579366386407766,14.752678219417476,19.93781248349515,17.67364159223299,19.12325846407768,15.088177520388353,13999.0,2221.0,13952.0
616.0,323.0,9.392857142857142,2402.553571428572,2437.186688311688,2424.9188311688317,0.7922077922077922,0.6314935064935064,6176.970779220779,1.8095779220779225,-2.115364999257774,62.95454545454545,25.333404961739134,7.812720469565216,25.125487796521732,8.02427448,25.426432022608697,5.774792457391305,21780.0,1478.0,21759.0
405.0,255.0,8.686419753086419,2289.627160493827,2329.869135802469,2330.553086419753,0.8123456790123457,0.562962962962963,4621.871604938272,1.0360493827160495,-0.8818465294255359,57.55555555555556,29.328352921465964,11.514488578534028,28.845018209424083,10.969968089005237,29.132653890052357,12.01358632722513,6587.0,973.0,6581.0
620.0,359.0,7.879032258064516,2192.5661290322582,2236.064516129032,2244.4387096774194,0.714516129032258,0.6548387096774193,5219.061290322581,1.2956451612903226,-1.355976660145734,56.83870967741935,30.65943705964912,21.47251231403509,30.59181705964912,23.373879431578956,30.57904527017543,23.60261489298245,11826.0,1686.0,11699.0
787.0,356.0,6.565438373570521,1861.1346886912324,1902.3773824650573,1910.3634053367216,0.7369758576874206,0.7662007623888183,4393.886912325286,-0.1033036848792884,-1.306463852618514,55.324015247776366,27.842569654986534,-7.367287749326128,28.148194365229102,-5.08659457951482,28.3697055444744,-5.454037183288402,47387.0,7981.0,47377.0
459.0,249.0,7.657952069716775,1976.3507625272327,2030.8017429193897,2005.1590413943356,0.8235294117647058,0.6884531590413944,3885.078431372549,0.930718954248366,-2.018156343734024,55.62091503267974,27.87171045581396,26.25561123023256,27.838628990697675,26.85065566511628,27.751278525581395,25.73653233255813,36898.0,7035.0,36830.0
377.0,274.0,7.031830238726791,1826.7453580901856,1869.318302387268,1860.994694960212,0.7798408488063661,0.5755968169761273,3891.549071618037,0.5323607427055702,-1.0042466983553613,58.11671087533156,25.487883115384616,15.0621779704142,24.89739400295858,15.452182002958576,25.25958202071006,15.428114662721892,4447.0,632.0,4437.0
459.0,255.0,6.2636165577342044,1738.843137254902,1466.0021786492375,1748.677559912854,0.8235294117647058,0.7429193899782135,4067.392156862745,1.3183006535947714,-1.37430848052195,58.474945533769066,25.608134058004648,-2.500158865429209,25.433197219907417,0.0881336944444634,25.39954032250581,-0.4000321670533412,37585.0,5894.0,37565.0
1482.0,238.0,9.92037786774629,2586.978407557355,2548.363697705803,2617.7887989203778,0.7240215924426451,0.8906882591093117,5186.435222672065,-3.03076923076923,-3.984782514977097,67.42914979757084,32.95319405528678,89.61043662750525,32.59935111126465,90.33319988251554,33.123614255701426,89.40257094678651,1956726.0,180970.0,1956662.0
916.0,262.0,8.039301310043669,2358.7248908296942,2394.6943231441046,2395.7805676855896,0.5524017467248908,0.334061135371179,4043.519650655022,-0.4670305676855896,-1.81446167816573,46.47379912663755,31.127890195945945,-37.447218676801896,32.3231856463964,-37.302165152027136,33.29523548873874,-33.278754893018125,259097.0,64589.0,258935.0
527.0,288.0,6.83111954459203,1650.753320683112,1690.2675521821632,1684.641366223909,0.793168880455408,0.635673624288425,3838.326375711575,1.7895635673624293,-1.317969791176585,65.52182163187855,28.48101062916668,2.17095823541666,28.229901695833338,0.1674630604166575,27.943721175000007,2.5762568166666577,33481.0,3625.0,33471.0
630.0,241.0,6.758730158730159,1852.4968253968252,1912.8015873015872,1886.8079365079368,0.8428571428571429,0.6761904761904762,6250.442857142857,1.2423809523809524,-0.6237345819269171,69.07936507936508,35.16463237285223,17.580176477663212,34.92813878178694,19.54630348797249,35.13673663402063,18.540051254295516,111614.0,12655.0,111570.0
750.0,300.0,6.916,1598.0386666666666,1636.8573333333334,1625.7906666666668,0.8266666666666667,0.7346666666666667,3156.9146666666666,0.4569333333333333,-1.6899563571866911,75.45333333333333,35.56562736056335,25.5807168649789,35.628448557746445,25.82186566526019,35.676254121126725,25.83351499015471,170209.0,16338.0,169034.0
597.0,319.0,5.69179229480737,1453.0251256281408,1482.5778894472362,1487.4221105527638,0.7755443886097152,0.7688442211055276,4182.22445561139,-0.0331658291457287,-1.93652045351103,58.55946398659967,32.29734908156028,1.969737416666668,32.26636768085107,3.114639893617023,32.11688769858156,2.889389893617024,36750.0,6699.0,36727.0
456.0,250.0,5.1381578947368425,1447.90350877193,1445.6469298245613,1432.4276315789473,0.8114035087719298,0.7236842105263158,4807.464912280701,0.8335526315789477,-1.601847042633186,67.01754385964912,28.10033936507936,-6.90740644217687,27.50746743764172,-8.13879211791383,25.47695748299319,-7.534971272108844,50743.0,5863.0,50733.0
534.0,290.0,5.801498127340824,1368.4007490636704,1418.2378277153557,1401.084269662921,0.8220973782771536,0.8127340823970037,3518.275280898876,0.7762172284644195,-2.0062058991723304,67.13483146067416,34.53964502386116,10.365142607375274,34.35463060303687,11.284409245119308,34.45145439913232,10.693549917570504,63255.0,7263.0,63255.0
354.0,217.0,11.646892655367232,3595.610169491525,3625.288135593221,3613.169491525424,0.8926553672316384,0.6271186440677966,6339.149717514124,1.129943502824859,-1.0705273119687724,72.57062146892656,30.66881770153847,8.507245076923077,30.779174409230773,8.546113624615385,30.51318957846154,9.63792531076923,17923.0,1814.0,17842.0
690.0,325.0,6.118840579710145,1394.427536231884,1431.936231884058,1425.71884057971,0.8173913043478261,0.7768115942028986,3554.71884057971,1.7088405797101447,-1.051208141689742,69.73913043478261,36.124706822122576,24.51188432286995,35.998801946268664,24.075040192537312,36.11671839162931,24.51001501494768,105675.0,10414.0,105630.0
492.0,289.0,5.628048780487805,1420.4451219512196,1439.1951219512196,1435.3455284552845,0.7113821138211383,0.7784552845528455,3751.6666666666665,1.6628048780487807,-0.2285432755876989,56.21951219512195,24.37552073791348,50.864892417302805,24.32467173027989,51.27245625954198,24.12102124681933,52.07478781170484,12010.0,1737.0,11937.0
404.0,247.0,7.346534653465347,2063.487623762376,2120.987623762376,2102.7995049504952,0.7995049504950495,0.6237623762376238,4628.272277227723,0.1556930693069306,-1.6128777628241573,59.801980198019805,32.1677641684492,19.48428116266667,32.48866277807487,20.081332904000003,32.25663213636364,19.799826637333336,9556.0,1509.0,9492.0
263.0,190.0,6.650190114068441,1786.8859315589357,1846.9087452471483,1836.3954372623573,0.752851711026616,0.6730038022813688,4185.045627376426,1.300380228136882,-1.193749793541775,55.85551330798479,24.61030118220339,29.80018005932203,24.37301923305085,30.83510743220339,24.2902675381356,29.91013467796609,3180.0,496.0,3180.0
576.0,302.0,10.61111111111111,2959.274305555556,2967.262152777778,2962.739583333333,0.7482638888888888,0.5190972222222222,5436.550347222223,0.640625,-1.5466565664205,58.802083333333336,11.918426471512769,35.82001380943026,12.555295288801572,33.78273663850688,12.093848161100196,33.33050638310413,16865.0,1853.0,16639.0
529.0,247.0,8.32703213610586,2090.4574669187145,2140.1984877126656,2129.327032136106,0.8015122873345936,0.6238185255198487,4016.586011342155,1.3603024574669185,-0.4295038221669405,71.3421550094518,25.522383946830264,0.0369423333333342,25.872928895705527,-0.5042656421267906,26.12476858895706,-1.7386942658486673,51088.0,5262.0,50628.0
336.0,236.0,6.693452380952381,1798.5059523809523,1909.6130952380952,1905.297619047619,0.7321428571428571,0.6934523809523809,4156.059523809524,1.6288690476190475,-1.4477885545116855,55.625,27.083340281250003,26.836938740625,26.96945586206897,23.68932893730408,26.8653741875,24.302491378125,6509.0,798.0,6303.0
659.0,262.0,8.361153262518968,2840.939301972686,2886.7784522003035,2877.030349013657,0.8406676783004552,0.4188163884673748,4591.253414264036,1.6523520485584202,-1.8386234418524765,56.6464339908953,28.88182891509433,60.70674883490573,29.04151685062892,60.8035976179246,29.17065481132074,60.76528326729566,104614.0,18967.0,104614.0
388.0,254.0,7.845360824742268,2351.1649484536083,2344.157216494845,2384.814432989691,0.7731958762886598,0.6211340206185567,4524.860824742268,1.5925257731958762,-0.9562116589714614,53.91752577319588,22.76395325268817,10.55202541489362,23.78980099462365,9.471361957446817,23.686354327956987,8.861221478723412,13130.0,2767.0,13088.0
365.0,212.0,8.26027397260274,2219.772602739726,2232.0794520547947,2257.545205479452,0.6876712328767123,0.5150684931506849,4197.509589041096,1.378630136986302,-1.5093367204851815,51.56164383561644,24.423087973451327,6.375219182890862,24.56301472271386,2.9949250737463187,24.34104321828908,3.705566961651925,6482.0,1277.0,6461.0
259.0,179.0,7.509652509652509,1762.976833976834,1805.2277992277996,1812.7490347490348,0.7644787644787645,0.6293436293436293,3846.926640926641,0.3459459459459458,-1.40490854672188,62.50965250965251,25.63733911061947,24.013142592920357,25.126296061946903,19.25405576548673,25.417083119469023,19.021794876106195,4528.0,716.0,4313.0
603.0,255.0,7.965174129353234,1996.558872305141,2056.588723051409,2028.804311774461,0.7296849087893864,0.4444444444444444,3741.678275290216,2.2883913764510764,-1.9185756677697907,54.42786069651741,29.01865228230618,11.226741642147118,29.06887089065608,10.841048415506965,29.232768001988088,11.126324723658056,51786.0,10213.0,51784.0
516.0,300.0,7.125968992248062,1722.2422480620155,1872.5116279069769,1858.9205426356589,0.8158914728682171,0.6608527131782945,3913.932170542636,0.1261627906976746,-2.1824971713458288,64.47674418604652,23.05314913958334,13.911221331250005,23.047589954166664,13.850905479166668,23.01217947291667,14.24664200625,25577.0,3740.0,25501.0
258.0299796394004,198.3459141192795,7.263576034312448,1155.8836974078333,1474.6338077185883,1751.1136042151657,0.9829080877111049,0.6231987403744442,4134.164728847456,0.6790625480975653,-2.7991718252726594,65.88853668428557,19.694898079379882,23.124904900781935,29.218811316657877,6.903267388271409,26.251478825037047,21.923466238273072,-57918.77865370404,-5529.039819116261,42555.05490700529
394.76478682603204,266.5692506664306,7.948234836643213,1187.2692253641812,1535.0359441506357,1771.8589123284662,1.017244279493531,0.5203485571126654,3965.749608896948,1.7178830126651872,-1.6097226538776286,65.86502821610179,21.49877108743846,26.235822880823157,30.874333977599374,7.564044660247712,28.012663239379695,23.110948962372497,-37399.89057382248,-2445.2346597279693,60397.964663512
458.74162321610754,269.62402692973586,8.042554643049122,1440.5250019188945,1718.9248356545513,2074.697210516011,0.856267965722591,0.6872871644130355,4406.869148391991,2.1311717728382433,-1.6996067802657713,55.05698855835118,15.09460754138128,21.809034699547254,25.354632112267424,-26.446237962588157,19.606712453847926,20.702972373005583,-53385.16562128441,-4229.333445563809,46992.49998756703
344.5868759318553,254.35014561320952,6.674522301759358,849.2936848214354,1283.8946104226218,1464.9324384795311,0.9604314797021598,0.733860784543945,3257.7230782593533,0.8567240295860391,-1.5844318015999304,62.71206581795095,13.50880904015081,32.49389875440066,20.711570790054143,12.334262835679128,17.3913801677528,27.005653227325467,-64272.82275194003,-5772.435016377468,37817.5260938288
1148.6878980110382,279.80661447408676,7.900459781953382,1234.0866886439157,1605.017811508256,1906.0968204674828,0.9246463293648987,0.7883301267171734,4931.281102050108,-1.0001357707856493,-4.860446651466836,55.29842112137647,28.78200371064034,-25.673163809255733,42.051513021894046,-35.978998115050366,37.938116494106055,-9.268078276678096,380919.14198247716,77471.12042919421,411485.5841078479
511.4284296549931,331.7378109502764,8.158914017025342,1126.1432056851215,1497.6976289638292,1742.941725511076,0.9044007886779493,0.5730213766554068,3857.0960261694268,1.8542777498866496,-1.3996646441523928,58.11513654145025,17.971250226677917,14.770937747383964,26.81140227905595,-2.5886056733187273,22.833020440533556,16.05255230676754,-61707.57649271687,-4898.370490252249,39826.707407025235
487.5939219802591,266.5692506664306,8.483321728019527,1306.9776065114656,1638.0199576775694,1916.9012534590227,0.8163503920064914,0.5420798519527013,4146.175045158508,0.028994824791255744,-2.9298179117093492,51.84853327847204,21.528818667123907,25.14778637174647,31.868604849506134,6.887226416839429,28.595724823026163,22.084670458019296,-58758.10832682592,-3517.132720572889,42471.41087808681
659.4532667928146,321.5552234059255,8.429901828930088,1418.3913480167748,1744.056305876968,2035.421981634291,0.9613050342585189,0.6298256755660919,4201.638614514765,1.9611742191391788,-3.075644378142823,65.32700510143697,20.874727729373046,29.83431934319767,31.510135463366062,11.748426563383875,27.43366808277904,24.243650105774705,1996.2101665419177,546.2481834577966,93486.50773217023
437.41601108608234,270.642285684171,7.5918879224140134,1019.7340957087035,1396.566995672935,1637.9263874870408,0.9132918864632679,0.6071195828190814,4015.0626848981433,0.5911906398114202,-2.5650998147721205,66.0714569899318,15.973127985592795,29.443868854150253,23.39834573298528,10.119816698049556,20.705768758479806,24.569755628024073,-56765.08560239943,-4780.869360539942,44146.87838518581
723.43010318289,320.53696465149045,6.57049161381887,866.7885014875792,1277.3648623958147,1475.242900978611,0.9270929202137779,0.6681033302663757,4108.607811117735,2.1947351965889936,-2.5419941303120663,67.37854610775027,15.541486754941502,46.260743296736266,22.297242877270733,23.38592924856323,20.011251497053948,34.59102340553767,-2730.5411505128577,1485.0582300367369,89501.77517926003
616.8020425327644,268.6057681753008,8.45360002327569,1334.7548178988104,1666.5739027164605,1590.3612948751518,0.8122542894755568,0.45585488429300564,4705.188680425979,2.977654483847723,-1.8664539493030006,48.8397587880615,26.91494109320403,26.828487985414817,37.57448813197878,9.499651230032393,35.47529364875622,23.780649377682938,-48377.952858988174,1139.7487876168962,51187.63607713813
413.5815034113483,261.47795689425516,8.703170613319235,1432.4203734626594,1748.5977744767843,2066.2355703019016,0.9742062517019767,0.6044817125957831,4477.141932079834,2.02327043389801,-1.694374727020048,67.32125694942279,19.6043782267372,21.458188311275762,28.901698941697102,6.550265449520639,26.185786659097776,19.934166729007515,-55078.20760574567,-4903.166454730302,45554.167613999794
723.43010318289,262.4962156486902,8.415315550254858,980.9464446764355,1398.2154998974065,1623.802906867767,0.8651036918722774,0.5954976801293306,3431.511263200669,3.0395804073826374,-1.7671960818328958,63.310192408371385,34.10638280372348,22.012609979352113,50.16346217673714,3.973945867261701,45.457597184602946,20.31491901754362,132977.8690821109,24685.53639261973,190833.49813047872
403.545921232513,239.07626429668315,8.957784541348133,1550.6057465370313,1849.1829112350856,2166.365628566542,0.9048079765980386,0.6241015260964287,4231.187865779493,0.7251102898405798,-1.6492647846119843,63.28189770795566,19.56677967829511,11.39027799748624,28.37785687670659,-3.144016665870092,25.549155243288627,14.644367139069185,-60147.060246116955,-5698.097566967642,41325.40145094601
411.0726078666395,230.93019426120242,7.783907482081475,1160.6883030174465,1528.4859648704773,1781.843760367354,0.8628533522493589,0.6486074382996068,3627.1108782339984,1.4011949776490047,-3.2446536025609927,63.80531705987386,22.743974724943016,25.619387711530038,33.54394374014976,7.606918503766151,30.130075442228836,22.808329350992004,-42748.17732813397,-2964.3978144772427,55929.476438197016
329.53350266360223,196.30939661040932,6.079811251646566,595.2937996807455,1041.3604935951794,1185.3888647917008,1.0409196915333094,0.7544635648286138,3039.216830914285,0.32946103825949336,-1.0498087736990547,68.78187751385752,27.037215965696458,45.52490210360013,40.363384404379644,23.4903938482776,36.07646287009258,34.4290733259953,-43662.502186247155,-1459.6639594880098,55133.56469910675
378.4569657854246,231.9484530156375,8.578798862085684,1567.0503104630234,1857.898459546174,2161.5138081587365,0.9724822662622483,0.5202466267014669,4572.100490899349,2.07396504474694,-2.2594271226088076,61.531469148294036,18.58581543906359,12.146488287925184,26.943117127819193,-3.3599751973796765,24.655724099854645,17.010112102788828,-60121.37696358569,-4871.992685622955,41259.00361355711
473.7949964843606,241.11278180555334,6.180177161975351,851.665293984945,1269.3725408741934,1445.3930345466406,1.011632147672136,0.7097591367110622,3544.396370657669,1.561213461656108,-5.5437712642226185,56.095796265373366,26.778188105549855,17.520874842492823,38.98178669734796,1.0686408407613062,35.14734021823642,17.669927884055618,-35629.79874176741,-381.7709430455234,61788.00770079641
1862.4686804807031,365.3403498466344,31.340189081358016,4083.051769304687,3976.500284939988,4779.8900003018425,0.6040375155172284,0.31612370316613025,7102.288202224005,-0.5462854579567585,-7.04096758553299,41.61474885403306,29.005366692255116,16.923221919705206,43.87489179957418,0.48636921049238957,38.93933018249608,17.497823218427712,572487.6643893102,121864.96562029488,572312.356288246
320.75236825712136,247.22233433216388,9.28960392122355,1381.669854179107,1686.778072439872,1992.2222648526351,0.891833848493843,0.5960682911457454,4136.012356003279,1.4639768560741915,-2.56012854907057,57.41516892355354,21.680320590017278,20.79199694660063,31.96381955426985,6.134302680977182,28.230089331710587,19.90931341383122,-67622.95012531878,-6217.260721716914,35022.78075645985
541.5351761914992,298.1352720539184,6.206565045063263,1555.167538002533,1848.8608942418457,2173.581806149988,0.9268741435773042,0.693212709887166,4429.611941016991,1.2741663238436671,-4.257280665534975,59.63964410229607,13.820884508432627,32.71061037013991,20.314393769385642,12.49770418076256,19.252312199247545,26.600039350785533,-39416.54191817774,-541.2367619407969,58632.81696045917
757.3001930364594,277.77009696521657,8.071471781237577,1228.5190280519944,1534.4976888740441,1795.3170317744189,1.0774735733369376,0.6060402063006157,3435.6346015672757,0.787947324058198,-5.6873679834898025,82.3981042145395,14.17418156630449,32.70090636406077,20.380179022194458,13.230183545803426,17.98333454224883,26.989300666135257,181458.66051943583,10380.373345706152,243988.8473533834
708.376729914637,270.642285684171,7.1403888430501645,1014.3005516677972,1384.2187480668135,1607.7564549009894,1.0430782405524994,0.6368269418264099,3565.2868671242322,0.35060568397866554,-4.161171533078481,69.41365808670609,10.747277201617925,26.728853928226997,15.117148659506295,7.733979993795513,13.41642446283578,23.11666596133366,12292.124467677102,-2406.866943903543,102088.9080671263
861.4193581418762,336.82910472245186,8.524997693130372,1288.0701954401825,1608.2663333339522,1900.0395824390528,0.8967257071830288,0.5112623746731555,4097.585446008268,0.49887453701403806,-2.5367333715323688,53.180097691960775,19.921716176389435,28.23637849218745,28.958285143971352,10.240617488806448,25.96310971116402,24.18699917653965,-6395.031902074348,7001.616370917582,86212.06414499205
685.7966700122574,275.73357945634643,10.612793428591418,1776.5930079636878,2034.1810986010978,2399.0455835968114,0.9841975358716879,0.33815697616787965,3857.225542135434,1.0180911749878903,-1.382444414437441,61.059382550966866,19.609783788570795,21.133705250814877,25.35105508183724,14.11419245547953,25.89233651529397,20.28941371978042,12912.632573632553,6067.602288816695,102607.15612259027
853.8926715077497,341.92039849462736,10.01320896817538,2011.4455174674695,2222.3455802979183,2641.8187217309764,0.9850838169231748,0.692574983019995,5322.437601605646,1.6093026327919264,-1.130446423494937,71.26823348767239,24.06145395049964,25.546513249124196,34.88760641799249,8.149116936635268,31.597953904016443,22.757449251015423,174672.10994337325,11057.803328231186,238106.1714226426
614.2931469880556,305.26308333496405,9.025793826784732,1659.22836711021,1952.3853462591674,2301.8103544721926,0.8457278348557904,0.41804503661056347,4024.189723432161,0.07821140496293408,-2.614403660231248,61.49204002367656,24.73691134538713,9.269185432116007,36.25494458972167,-6.466953721554654,32.71361369452463,12.40397243908175,-28321.36386466946,1897.5111751493223,67894.8841214218
561.6063405491699,280.8248732285219,10.174217798077088,1771.460956303867,1999.731878797677,2390.7450808543217,0.8944756661784111,0.5403443688285307,4670.186825278516,1.2523418639449702,-4.165388767943635,66.831801036528,15.94597995632913,30.192907380003078,23.045785694801722,11.222506833915896,20.800649006930147,25.10524802655624,9638.527716546363,3554.516902316749,98849.2109882941
954.2484932961033,276.7518382107815,6.269933491590171,1022.2491765948887,1418.8192953239536,1639.7009836331677,1.0306649708500952,0.8362432020875816,4175.147521241281,1.3321607030900475,-4.231161485792895,59.67882143717237,22.586698518887125,14.576020501212781,32.986221222377075,-1.5556728951958219,29.693452625008717,16.134633823215957,116652.54737393497,26010.421579681963,189011.43799537828
542.7896239638536,277.77009696521657,8.768909912764224,1396.1255754780786,1725.4354964355732,2024.779729292826,0.9249396537650418,0.5505523150941862,4505.116785009177,-0.06376045025017549,-2.354739467987564,70.70749617351886,23.76085697040114,11.575622783820787,34.87026268624615,-4.234435454592741,31.618265906506796,13.917783961991107,1779.4432619779982,4754.707012949595,93262.30724228563
1126.1078381086588,307.29960084383424,9.806961370589939,1719.7918031739264,1979.252614310144,2356.0093755005437,1.0240714162561455,0.7267568784834031,4898.181692669407,4.069449530973769,0.3414768174529277,75.5331172273777,28.957105248001866,-18.942012333972464,42.095432772590335,-26.99699016249337,38.14155243416679,-2.3541946906686153,389010.40331112815,49369.16657004071,418321.9744301746
635.6187591180807,272.6788031930411,9.320994174851725,1806.7214104224854,2055.1173987637862,2455.2305027272096,0.9775917341845046,0.7202075880079907,4736.247187302876,2.415763834382976,-1.2447433314960858,67.68203446472604,28.86963112638526,5.80060174087803,42.875636025727516,-8.75801954104008,38.62522357920595,10.797216395683135,51607.06603524268,8742.55147645094,135111.0532983956
653.1810279310425,291.0074607728728,10.424928741032966,1563.7997349055922,1867.6314444731809,2198.9120418160346,0.9862820569338435,0.4841545440901508,4016.066116814829,1.5150951629361482,-3.5659170316453137,47.384505801671715,19.68675280745909,-9.876400806080062,28.876405867977958,-22.32497562900128,25.722560165744138,1.5463397029728672,-20710.89358500378,9475.135050473587,74390.66216103929
449.96048880962655,288.9709432640026,8.196793673181924,1196.5251978809836,1548.47064485062,1800.3835890465893,0.9392123115943408,0.5975581814129317,3667.770679895881,0.2546348555805126,-1.4670689551262133,64.80198299252622,17.483974354149353,18.64060027934545,25.457360265756336,2.1446869037335734,22.73530074526597,18.340659080727754,-61207.266149007744,-5696.8985758481285,40409.628680725145
714.6489687764091,353.1212447934133,7.771685765052945,1303.1340159789152,1631.6504812528472,1919.500431622335,0.8769474504795491,0.4701105833277122,3700.580132149437,1.1404563969384804,-1.0281739206198035,62.801379628742886,24.537227918858473,4.105739456890233,35.614628048677886,-9.581072925031117,32.08513146899213,10.052935190794164,-8992.125431636283,2826.7292927721555,84252.03447765493
1006.9352997349888,282.86139073739207,7.119645740622179,1213.6882370702065,1584.1109437545801,1847.302132686463,0.8261012980735645,0.7930305410632276,3570.4392491492194,2.8000369314920133,-5.1657779627359135,46.945235274741165,32.22292994052702,39.74189617573702,45.39988415192542,18.262186050272994,40.986886110822546,30.458095353778713,182009.31009690624,77642.57615928462,244566.59476962444
407.30926454957626,287.9526845095675,8.043944054970897,1260.0413495810662,1587.7696490958842,1864.7788203253015,0.8883034116011084,0.6340117582306297,3823.386793988641,0.4673318912584291,-3.0340059135745547,63.290256117034936,22.632995563722194,17.313810690980212,31.514308306518977,1.8787156730211638,30.023126725531725,18.037123313800294,-65851.83096196246,-6108.152529841202,36514.57632376879
342.07798038714645,288.9709432640026,8.654644464281098,1306.5372813179222,1603.300508532981,1917.7930751525003,0.9271317085036135,0.5723098543526148,3990.080050445501,1.2750923951304112,-2.5868716216752534,60.395129814882765,18.27289644102193,25.888620558785036,26.66801381499981,6.801979258793645,23.61659428620516,22.58855236283597,-66456.92909839917,-6216.061730597401,36012.712150257925
409.8181600942851,280.8248732285219,9.267486803290907,1481.9779850046145,1800.7784213692871,2105.9232583287303,0.9573490552590165,0.5750774588517569,4306.249661457394,2.1269725333492544,-1.3906807201361664,62.415017094062506,17.875262147587357,24.047490399785623,25.91214085849625,6.533866668332873,23.13511722884643,22.27613865071303,-57244.84932008354,-5509.855961204048,43730.38285974638
599.2397737198025,269.62402692973586,7.3361900029172675,966.1703620576254,1363.9650826451139,1576.3168938210129,0.8785533378387516,0.5496397597471542,3455.5167601620774,1.696338724272357,-2.4949722076604313,59.46465506070832,25.585001346416263,-2.7962847775048587,36.65559423048526,16.46013787460963,33.94059349286952,17.528828286163414,-14064.060065911319,5218.7165762012555,79987.05131238901
861.4193581418762,375.52293739098536,8.509568430213012,1226.2216004544684,1552.3456680426968,1837.2078480488258,0.8020866731940755,0.7377494200650162,4315.826672106624,1.6207998237267174,-3.8532790564467936,49.149151581618476,21.499482355152573,20.958097505258728,32.10014566249114,4.354128920984206,28.817344881460905,20.245655289088496,17349.67646373462,14165.588310009744,106337.5073504391
564.1152360938787,283.87964949182714,8.80797216913507,1186.577399338023,1537.2812461873605,1807.039404862302,0.874474156621574,0.43119595262414245,3835.6559019414703,1.8230766313772973,-3.876973677530555,59.243554018780536,18.433592843203815,11.218867578535374,26.404029747669302,1.0953241737039097,22.858974173125738,22.712048252627707,-35827.04635160756,-329.01533378693694,61666.42205051285
364.65804028952596,272.6788031930411,8.024700601593223,1299.6588339909404,1619.0951002078534,1895.3354928167853,0.8682976025422793,0.6747400669364229,4306.772966369738,2.1935516825936805,-1.8887831715094907,62.13384342511715,16.762430647485704,27.442555403914994,25.0749274350415,2.1625282705586173,21.956668464163652,23.99701038687205,-62358.90453770985,-5870.752288177561,39453.327360409756
996.8997175561535,337.847363476887,12.460696228510178,1719.8324898029846,2009.76276530849,2343.525094093363,0.6784182207595646,0.33886099826825955,4077.7820628215936,2.233232907065807,0.03957807037911787,45.44586306588635,36.73864626509092,14.129204443104015,53.593614166082965,-1.3514998876786466,48.89357170146364,15.620278864899365,-12048.436052857316,17149.877206478428,81685.80117805295
733.4656853617254,362.28557358332915,11.422407071487504,1565.666695975418,1869.24312925699,2190.1263063765364,0.8298803752794042,0.48146681815196996,4156.303278696589,0.6027232809463808,-2.985097066374422,58.42042540271378,25.348546332185048,20.052890824312357,38.18130431823124,4.856840246770947,34.308498292914095,22.25437160895732,-51857.52397632452,-3133.4555623286224,48229.05192023814
700.8500432805105,332.75606970471154,8.152945087528414,1106.6401824702136,1513.3705200491506,1753.22676641793,0.8911256428531603,0.6077807780349642,3633.055602144921,0.907966066687072,-2.6546795099567464,62.928177101613215,19.096299591516246,15.614384339601097,31.334407639724073,-5.932479374799554,30.013691207446556,2.2358888229538483,-42077.32998841722,-1321.779980743976,56229.56017081176
526.4818029232462,326.64651717810096,7.250673915465694,971.186370082793,1378.4629408616202,1580.9056278473786,0.9432531000177319,0.6904728463096906,3742.106902962376,0.8589715786246549,-1.7713878659759756,57.550557375761876,14.039885368045681,24.86286550714761,20.51853281548987,6.9389058500269964,18.115601486165765,21.951742814913395,-60675.10853495985,-5145.362660871995,40793.35644225837
803.7147606135729,335.8108459680168,7.4648458363010475,1061.4070047653388,1434.305114701845,1651.1615194295562,0.8482320789980532,0.6988385973985457,4152.959565251701,1.8901501665721931,-3.0349334175225273,50.55014016590051,21.99709236655852,11.292026409652935,32.4315527199915,-4.368196385279632,29.05100889600726,13.644505325015745,-32149.200293129812,5094.021499771869,64812.12738550881
620.5653858498276,325.6282584236659,6.8812201283255705,936.56987959499,1334.609063865917,1538.6920321555776,0.9821007008648972,0.7133164525715137,3514.0466238290105,1.1446007341310824,-2.137128376154376,60.491363760026374,22.933277119560092,16.917216141685984,33.120083875477185,0.40326517569383213,30.0766718037788,17.377107765107784,-40130.53717254702,675.7392243652366,58087.83730812435
764.8268796705859,318.50044714262026,6.054590105233798,598.416347365129,1067.8744632724658,1188.5368939104806,0.8192092102832411,0.7191425333650684,3579.928056388352,1.0211379495753987,-2.7875302408765186,55.93266050175685,27.285791621091164,19.93056897635748,40.399256630271076,2.8488488800279974,36.093854525347744,19.729527770716743,31533.012408802708,21418.285591945896,118258.07493568696
597.985325947448,326.64651717810096,7.037608223442329,933.7942308629824,1306.1099702559063,1525.0483476041638,0.7089630690030535,0.7032859757061819,3096.3994693536642,0.038929640038765964,0.11323201988645948,52.860546460983144,21.08519552256423,26.644462876402613,31.22744545828984,7.647449670030044,28.24585721703447,22.613012217727118,-40320.59346327841,8396.043042911588,57931.759274781616
601.7486692645114,342.93865724906243,6.561844404938137,612.8187687286734,1057.1530947005392,1198.8893414577187,0.9150136561052749,0.6785379839546817,2884.3322944673196,-0.7890306211932518,-1.8011750854057955,62.94491310493752,21.461164879890728,34.442671298394664,31.246562166855743,14.225903665887417,28.159051398414288,27.736465940508776,-1503.9075768194452,3634.8493073241425,90546.89438595278
870.2004925483571,347.0116922668028,5.765165435102397,593.0832670468533,1014.4616996436959,1157.9597300176274,1.059754317852269,0.741077467725545,3061.503107625278,2.887744429129986,-1.3665750598782336,65.16828914465562,20.742298637258486,33.4640905350163,26.73941129991251,16.86742846610069,24.067626294263782,29.380829996817656,119458.1891576508,25217.888449683647,192045.90539500842
986.8641353773182,276.7518382107815,21.161301743065888,3378.802939516879,3327.049462216133,4022.610370892935,0.7630215333668152,0.5385276846297844,6201.900873058435,-6.011789099269496,-4.47176451570936,52.40464670352049,24.01226411934646,-30.527652563445777,35.233245959055495,-38.575680312888935,31.821999160100322,-10.292233391677449,147438.58447851668,32056.933795387697,214565.1199847616
930.4139856213693,287.9526845095675,5.858916539122878,649.7746563423802,1039.6247678422671,1218.3298775733278,0.990030678601908,0.8061424569274638,4192.135864536696,0.43579790817937436,-2.1719787905792747,57.3483177088503,15.607654384043679,13.679371163620534,21.613802323912388,-1.5004794033344337,20.076839846881228,15.288330945143088,204768.80774481574,45214.66234092701,263664.16495990835
555.3341016873978,317.48218838818514,7.429380586686657,1254.794936890084,1605.3411653653313,1872.329051480892,0.9273697072665619,0.7477101667463739,4232.066975998089,1.4775829942251444,-2.614624046271316,53.76555603962281,21.27089196056349,12.830987232774472,30.805628582361077,-2.7785324833461056,27.925146632250836,14.760985947933294,-57815.01819227771,-4073.4646000270754,43194.888612752824
743.5012675405608,373.4864198821152,6.412366354673369,857.0046724554197,1262.4539974849265,1457.2193223791671,0.9274777340191811,0.7403222419368646,3790.288857534934,1.0342548202224338,-1.9245810796989917,60.967339253721484,17.617628829576443,8.729200168730848,26.275164451530827,-6.1158545151568156,23.41583095158686,12.998281250331164,-46536.9751671468,-2646.665167806209,52744.96717225949
581.6775049068406,330.71955219584135,7.591201234281721,1135.336398968764,1506.4613112954855,1743.7076571245982,0.9916552863354917,0.7077023456125869,3782.480728207509,1.8280449603991598,-1.3354731594108746,60.08231733908095,23.15421697009713,6.1086075403645035,33.62451496688171,-9.36142358623086,30.145244707023473,10.558055216052997,-41481.47783369178,-1674.2833698808963,56926.306308606916
878.981626954838,303.22656582609386,6.9713714992488,881.2107688297024,1297.2954792920746,1495.831346166399,1.0150867167876696,0.7667042875434598,3537.8687620349106,0.1983090167453969,-1.902520051036308,61.60285404969368,3.0840344226568934,56.99950039226506,4.644267708179173,32.1867534492791,3.1578775917363764,41.087753413344075,133585.0218811501,25834.1698851135,203810.39494691356
516.4462207444108,350.06646853010807,7.651791792627462,1054.6414673319414,1423.7969808501655,1665.6599839536013,0.990005659944923,0.6400679148518322,3998.3242235616362,0.6270424802592179,-3.497401644516803,61.21019994180707,21.031411760040374,11.023606411722485,30.368522626948558,-5.579641254456902,27.5396587266206,13.837130072932112,-62803.73899115143,-5288.042604094082,39088.57040955908
1195.1024655881517,347.0116922668028,8.369405916990827,1410.2906461696427,1734.6144223512367,2016.010959903688,1.0508815029704943,0.5796216013767268,4574.771912023035,-0.3055858083822809,-3.8474986170981778,55.00729354273086,27.40583678473178,-10.982067750301107,40.01437162655629,-22.146339638253316,36.17101376151045,1.0825417938966115,89684.0733848011,26551.166574582472,167066.5215835602
594.2219826303848,358.2125385655888,6.929140457775216,908.9090016548264,1323.202980781067,1528.7471089638918,0.9099502200304495,0.6577338385102195,3765.903558722172,1.8998068322454467,-2.9350331148168594,63.502251599480736,21.477731067594185,32.210364638805764,31.324055288389907,12.703182153070808,28.09731996990174,26.428035848498844,-58522.8494588395,-5006.279691008449,42519.700214369645
843.8570893289143,303.22656582609386,10.961299186350905,1659.939615235804,1963.1427662720728,2307.041117761272,0.8817531135164661,0.4614486138259378,4183.416887365287,1.0188680182373417,-3.581885961398896,48.38339096050358,27.459205263628544,41.481562792001185,40.37861310242888,11.984292952267145,38.28582170727731,31.041433376493565,-26438.265589476803,6691.077670963628,69604.84401157996
557.8429972321067,305.26308333496405,8.140878493268392,1113.209560750137,1491.283086549053,1730.876172220049,0.899952644293402,0.6739723280649051,3696.4361446322896,0.9249546759651472,-2.3546714621626177,59.96843679765153,26.24582970637213,20.6530104317551,39.579309739297244,-6.050551545044975,34.96760380617782,15.456145203725104,-45576.420400477335,-1532.8024177783227,53320.12765977108
520.2095640614741,318.50044714262026,9.757635412878928,1538.041507823436,1833.2818156376388,2150.1780703282916,0.9609911437382677,0.5351187610964447,4148.086190019307,3.1638203835434053,-3.1906782153657574,66.89682090181692,22.960728072914844,17.67760155680662,33.73094594264748,0.9004416442975138,30.46675326052367,17.375553897871686,-38419.00322466324,-2108.3181551447224,59541.6912540682
1116.0722559298233,313.4091533704448,10.158948566380493,1378.8120507873782,1712.8024432464597,2002.9912764540888,0.8952474966138445,0.7885635497822371,4580.5768136126635,1.808265398171669,-3.3781578021988152,47.0480175928098,32.08502101252353,5.647334797520277,47.186291720841716,-8.893857602259345,42.83754984424821,10.632153372675594,166267.51256784075,54547.6092152188,231320.6573653281
551.5707583703346,315.44567087931495,8.0552894599703,1168.44589395443,1533.5452642457903,1785.4938557406613,1.011868702846818,0.6842971370445422,3666.0244094243017,1.0742636859463361,-1.1456952662823445,63.470168329643315,26.02166125021989,11.62328472696106,37.56999902278806,-5.081413059809304,33.880143262620784,13.541911282282054,-46194.8738438303,-1812.1673486249292,53022.63085588577
250.50329300527383,220.74760671685152,6.5531088899180086,926.527955774448,1329.3067845488101,1529.3198802525612,0.9877827616773067,0.7301529187945747,3601.060619465919,0.9005267560746585,-2.019852328261607,64.2336454183363,16.520847205336175,27.101184995815764,24.52721229704037,6.859673956886706,21.83395810682197,22.632646112474625,-67991.76206246781,-6424.686185392721,34739.080905798204
269.3200095905901,223.80238298015678,8.811954529188768,1407.0468242627446,1734.2987032349683,2041.2446447934215,0.9845831999222763,0.6069561794936852,3980.4379303439327,1.2067304570717514,-2.4002874022604814,66.58611732220935,17.952332885507808,20.745777638625256,25.850274153919074,2.2982318146465293,23.562726832932878,19.010444701600512,-67792.45979002515,-6430.6811409902875,34866.70272311712
594.2219826303848,313.4091533704448,9.28721185306063,1269.7107620442362,1692.573614118042,1996.272150615836,0.9256075442035748,0.6489119501810208,4848.674819612139,2.664640568232036,-3.2385641982333717,62.17097860777559,24.703307973943144,2.5392358163421687,36.12011037554502,-11.219784676922698,32.62314176560234,8.954704721666857,-23039.853644939263,1915.4960419420222,72472.02335337317
471.28610093965165,333.7743284591466,5.670011564930651,559.1751306607136,1014.4966383639323,1146.1377204077148,0.8086988489716608,0.7840584892187377,3357.480247244236,0.6944689876651199,-2.5782311672747884,58.69378926587905,22.90196485687979,16.78256766208422,33.442582137873146,1.4890837611289136,30.46081216532768,18.092923626792512,-65158.382333618196,-5417.533645001522,37100.946835774615
572.8963705003597,317.48218838818514,6.781927605058073,843.4888924365023,1264.728256963135,1465.1314673445152,0.8784217322390591,0.6878901902405093,3712.6712737322623,0.36369895463169943,-2.5461787433690737,60.5658217232847,17.09697817185686,24.649899864671973,24.691205473552927,9.993758483221542,23.47618273930465,25.09474238929462,-60406.9750653334,-5015.871619964555,41089.9909365672
540.2807284191448,359.2307973200239,7.27834118972292,973.6797068249646,1361.642192741693,1576.2298688753417,0.8923621709161713,0.6217398241159553,3701.1622909694834,1.296902014688012,-2.5656035600492206,59.39574466628696,20.091227916159188,27.920375064300657,29.341781390051043,9.30994380524083,26.297246091284478,23.977261857516645,-64242.00281290251,-5695.699584728614,37870.989287570505
1256.5704064335184,407.08895877847317,10.876100975164798,1597.70505506049,1862.4955093548585,2202.519667526287,0.881023125129539,0.3938106939560091,4398.028754680504,-0.48885802122184696,-3.898945139480207,52.54501063061166,30.15457345806764,22.021804799417552,43.852153230477306,5.162053449534849,39.70273561480232,20.597507613828192,50214.004790746636,21234.839950660353,133917.61684454847
778.6258051664845,449.855826464747,8.324390324527123,1100.587588185543,1496.8397080179795,1733.1177265739714,0.9267894133395373,0.5496907467719184,3822.53271476915,2.7052533824778338,-2.854129602642815,61.18843002480252,21.473518920665754,19.215957471110737,31.475416915271264,2.386433824788176,27.937707667956325,18.831557174465086,-13850.37515525116,1622.9422087807689,80185.38251497922
418.59929450076606,305.26308333496405,7.348149950687474,986.3504029977889,1369.0611100713566,1591.1893971877134,1.0063546017249783,0.7176344602654794,3628.14623020478,0.5958036087842458,-2.771980449952576,63.71396098496718,20.59023584164414,17.66631968081513,28.97178512801859,2.8702083057489975,27.114502981294876,17.95063736598683,-58942.000629749804,-5051.841353549955,42316.19515432056
656.9443712481058,308.31785959826937,12.054765861510402,1907.0072277608688,2168.875413826775,2564.6357759282823,0.8152480510607953,0.4219950395303072,4078.1655840297108,3.4122566896969158,-5.350395164469551,56.4738948704385,23.482595790372617,-23.740209286519587,37.348288054963234,-27.556089863216272,29.94537991135358,-5.539558982370725,77812.23286754722,24927.732598761424,157124.09216675552
658.1988190204602,403.0159237607328,7.46347223652924,1057.7425265499057,1423.4733114442047,1653.2789995065364,0.9466467187451275,0.7050316986792539,3587.219896402203,1.213839788711221,-2.652526165101584,61.82023360143026,22.207133482786432,25.65893896395542,31.98120440248993,5.53327187427128,28.924522698084346,22.436502587035427,-56271.96657779906,-3967.953381509902,44567.685458507636
791.1702828900287,378.5777136542906,6.924155216931524,841.0175191815595,1249.5843052437167,1442.7584588662678,0.9181399087555603,0.6759117381061955,3481.027393737953,1.508903219178502,-3.0242980445957834,59.510316100820155,22.574202306529823,17.068053547993056,33.08433013118314,0.5194057480313194,29.78241953450785,17.479431558551504,-40717.143345561206,114.61138043299616,57142.746012303185
675.761087833422,352.10298603897826,6.854975079617712,1052.414912925828,1445.1341559888328,1675.8649268187291,0.7860965341273328,0.6653308696168518,3500.6295966274597,1.2508461442516794,-2.8917387397399272,57.379343254137105,24.829686322175174,22.785439122565748,36.13695149634038,5.345343759836997,32.5235319443582,21.01732735571182,-37663.91471824393,-243.88696430148957,60176.35110235686
466.268309850234,348.0299510212379,8.145046809796261,1211.6139604821765,1550.7319132535522,1833.2489666480976,0.9488024451802007,0.5714243502264691,4516.006207506086,1.0262832780619568,-2.065448952638844,62.43363654011924,19.18845071719468,19.8472064267497,27.52775278531918,3.480659206591824,24.7846908836897,19.272432729589617,-64892.303526594245,-5736.465282792068,37335.49504057695
1837.3797250336147,358.2125385655888,8.38621192669417,1242.314114870815,1665.2144918454403,1940.0319114514034,0.6037521581194386,0.25975546490597057,3704.6101392143955,0.7749306572785593,-1.6632132511207707,43.2326444783432,30.628889125623953,-29.39193876602816,45.425692793327556,-36.94700514545269,40.61253533141687,-9.49218489728193,266687.0926025007,117636.12394177135,315657.12087371916
1319.2927950512394,339.8838809857572,12.958702658376602,2242.670559679605,2455.5980041792845,2926.1526555321598,1.0462525687739561,0.600784525049134,5226.64379091088,0.8972747166928134,-2.608868888363923,59.84637776837869,26.163452780978943,22.064557486072125,38.39361006310249,4.082017804906023,34.72614962159629,20.41373309185736,583770.8440709473,98265.22341491395,581808.9716540109
910.3428212636985,306.2813420893992,9.63615008872662,1380.626890237609,1720.1360132761226,2015.6990124475742,0.722570684633891,0.34463700180847306,4640.972905248442,-0.5639743928689592,-3.927514234871168,43.51970952196705,27.5536501034808,3.997831162455965,38.42139349271298,0.11612669044449575,35.09959211590137,17.123976062661818,-31737.240441328257,11349.158170272925,65171.71047890061
685.7966700122574,328.68303468697115,7.15954316306497,901.5775959049734,1337.216008942692,1520.1523529154267,0.9132633988580415,0.7142889066278141,3685.2531833036082,-0.22801339550566233,-1.7686580605557154,63.062807240767846,17.762018813193276,12.790387514766326,25.135585314593317,-2.9951085705436906,23.672417502776028,15.193504413128657,45769.76958153583,7822.925287784214,130228.65647637063
685.7966700122574,266.5692506664306,8.431294495758848,1443.4917551601716,1763.0514802893329,2081.143981855873,0.7773063029152193,0.5573082249069322,4955.264687357619,-0.6781455384670557,-2.619988982613545,48.74565031121448,31.140888538057958,-13.977797148523939,48.469265810680454,-32.2279901017583,41.73569573989296,-2.8381993644595767,-12642.233544980256,6013.647688438594,81187.386242848
456.2327276713986,314.4274121248799,7.467371954954921,1167.915258207593,1518.7538520238327,1770.6553103929348,0.891327887625204,0.6948678335703353,3890.9956462495225,1.0153407534978562,-3.3801887803684743,60.99665478983413,25.46852068317912,20.40402310258548,37.893275339870534,3.9887638080598826,32.95472632131519,20.741493982327903,-56805.15152314821,-4559.056003429975,44121.871407467916
340.82353261479204,237.03974678781296,7.013610092961362,935.8017708523143,1329.8331390732797,1538.5964298390952,0.9192678499694861,0.6388059289944356,3774.214413483836,-0.08785834241968371,-2.788174880076693,65.76950753366104,22.461131766719184,0.07525706384469988,31.78563574007169,-8.971972588090294,29.365092285010917,7.245261693291985,-64683.755272440336,-5895.931101687342,37255.300249964384
843.8570893289143,382.650748672031,6.730626612265482,804.186899627774,1205.7101959770266,1390.2062340147083,0.7804178702695618,0.7373504853610429,3832.882151316107,1.3025441477653987,-1.8244593417810946,56.73312075286268,29.916028761042227,15.747191438245801,43.713267244884236,0.015621459860346576,39.767231480187256,17.001655627917106,1305.8435321013967,10639.355427521032,92867.36945625818
753.5368497193961,328.68303468697115,9.350444753346501,1569.4515028685419,1843.9257710312438,2181.80914077733,1.0010034789614195,0.6287181584253675,3915.052799939092,1.4327571438454927,-2.245068903063344,66.65659572852326,28.671091226750963,7.037049689071091,42.24500788145378,-7.91841595819154,38.15797979704059,11.477754321145383,49359.265148106,5344.610643750155,133213.97223014146
1247.7892720270374,285.9161670006973,8.823465950335601,1225.272384567954,1579.6876944133217,1826.2391503383037,0.8187848333948452,0.7725979841393898,4521.583047592532,4.9645180188549585,-0.7542799244356003,45.28049609267638,32.52525926460878,-33.1842415083069,47.72291076901796,-40.23528817457663,43.04919913306879,-12.70749340462796,245006.2928209045,94915.2422269937,296351.7340755038
487.5939219802591,280.8248732285219,10.247761369546758,1493.8082098185391,1789.406410880005,2107.2804149936223,0.9251896878284679,0.378748890886392,4026.9527375271146,1.4252393366801466,-3.3705952069088414,65.78301157077047,24.923813875679905,35.90685003599815,36.50010566879495,15.202789644328101,32.69629108918083,28.73851982950809,-50002.16364626563,-4103.4393780149085,49840.70851867768
828.8037160606613,321.5552234059255,8.546350349830721,1455.144649122555,1790.30797412698,2087.6812435995366,0.7839655255440795,0.567187529934132,3769.0956705604576,0.31284813255931987,-1.0883086004199738,58.31004786018687,28.139764926069397,1.5952800969644692,40.90910767417526,-10.110901942743089,36.763688667975934,8.37940856186316,-5399.547871162358,7087.9437315225405,86090.47849470848
320.75236825712136,261.47795689425516,7.590166444807638,1073.3799516256865,1436.0360887033423,1677.8697386485205,0.9743578108615134,0.670040646701139,4225.056315359343,0.7109072835952984,-2.3320081892462827,67.5237480065321,25.642974957842448,7.044303106464697,36.873230836835354,-8.663954000043754,33.66589885953493,11.298118615073456,-66092.22648645514,-6186.0869526095685,36178.27558894192
333.29684598066547,246.2040755777288,6.359375163733647,951.4748827358674,1352.2890802670906,1552.097706378012,0.8929185007922132,0.7563476697370947,3763.058872985519,2.3078130751620156,-2.101023310464815,62.15583025378698,22.19639638207164,19.396081603348243,32.73900473027242,6.080634585934181,29.09486472618964,21.69095196814676,-65080.30515472314,-5840.777510189728,37149.23617205745
488.8483697526136,275.73357945634643,6.403149215405798,929.2421481570016,1332.9112679004388,1546.5977631882845,0.8701005641462168,0.7665680818978089,4490.371109722368,0.8999714377662367,-3.600364079816758,50.44546086139008,24.155803251382952,4.556935255105727,35.445381597088904,-10.654224895990257,31.958577362894736,9.930397060837269,-50644.245709547366,-3633.434859165682,49287.10577057807
541.5351761914992,271.66054443860605,7.785991767809066,1030.972230989391,1424.527109988792,1641.0061192989288,1.0287410719325776,0.7582608503386077,4226.938002393098,0.43011639399073753,-3.879190096521785,70.005128088916,27.286671997688412,-16.290388893689574,39.45474289349763,-25.6917076706901,35.649257760381666,-2.0942696314259095,113782.18371824033,19954.317435020115,187284.2319136905
634.3643113457263,306.2813420893992,7.680143046308672,1201.2894105068383,1555.307201746663,1808.476269135462,1.0068191596949503,0.7247801898121303,4079.3067540593315,2.1464233794716483,-3.2725558203611254,52.45498730865941,27.131604854561,12.105119220100796,39.57591324634988,-3.6680455050039766,35.671059961986124,14.55800406679834,-37376.261953893714,3494.567346341082,59662.414594775284
813.7503427924082,329.7012934414062,8.570603573199666,1427.4479545500653,1740.156514681714,2033.5464226752342,0.8940582706199646,0.631169467079779,4084.2505750318724,1.1087846357729698,-3.8943688271735857,50.33239820300364,31.067401256115676,0.42100323222232205,45.2971858412869,-14.514793018627559,41.00041763189052,6.279615750698971,-33036.81453741048,3680.4109698656484,63612.654764626306
1044.5687329056213,391.81507746194677,10.827433313579647,1731.4854805185546,1995.8924585163752,2355.1684604221005,0.7488835526744282,0.371600453598344,4324.684553982044,-0.7135655160496752,-4.400893626196764,51.102972235213194,28.20123811290978,-13.610760737484933,39.72784082354659,-25.689480409075017,37.29760807890556,-0.8870030444294983,102203.13262184293,36488.404973108976,177553.93065269972
658.1988190204602,306.2813420893992,8.057162077981847,1081.7348295614283,1459.6504237906768,1683.9128097963078,0.6523480656868179,0.676013507626864,4006.19732088656,1.2572294109091913,-3.1379708031742104,47.6627873190836,27.95900238803539,-0.3968508910142088,40.18337575459252,-13.495325165259587,37.02926150545878,6.447278512756156,-50297.0077297246,9054.289167524406,49589.77643192225
660.707714565169,309.33611835270443,8.834691360584259,1234.4988129045191,1585.3209195081968,1837.8923571098228,0.9718402164247257,0.6400275796747854,3986.858397983517,0.4555439212818041,-4.279815348717977,65.89225080519536,26.710652877825122,19.520389846130122,39.198807377009935,3.1828550103265805,35.031213489688746,20.146506380111887,-27619.696585915182,-712.6924920312031,68607.15183159358
299.42675612709616,231.9484530156375,9.995345743857944,1579.4118537447057,1859.2122527992767,2204.631522889687,0.9357646374025342,0.6162275770269399,4668.525206289722,1.5580702435702398,-2.6705093896088217,60.94488588203621,22.939378743203452,23.463445607857352,34.73671527304665,6.62680750073897,30.878849406349893,22.034030511990046,-66674.72333426433,-6205.270810521782,35835.07637750322
258.0299796394004,231.9484530156375,7.041462718580057,953.6184138659116,1333.0153052971104,1541.842333488638,0.9340611835155354,0.6582268263874395,4054.145231566997,1.4854108645530066,-1.9910016112814315,66.43915510916362,23.298080331166716,19.65798037090208,34.669480657504934,3.086651127578353,30.792589488955624,19.046851851362696,-67150.37772674343,-6550.580252941621,35415.13161375787
634.3643113457263,276.7518382107815,9.258354335985459,1549.1938277916333,1831.4293464787409,2172.7644959847903,0.9054610571556372,0.7114548200281657,4694.648291952285,2.498666054183202,-3.0350813530926084,50.29050499697097,22.021323354049457,15.326124970740988,33.3139286131536,-2.694731583926095,30.063672226836164,15.130865836284086,-36580.08019542437,2656.4725538012626,59083.80486895777
1171.2679579134178,320.53696465149045,8.582587416969414,1319.08131846022,1612.1139424223988,1912.1071625534269,0.6923134140240071,0.4360927161274289,3410.8639285993177,0.3774222405966261,-2.073928014447881,43.699935645919865,33.93235632754676,-4.331589160259783,49.92881159565762,-16.981066502310426,45.32158281697432,4.459451901955348,133371.33697048994,62650.3912008899,203746.5840382541
290.6456217206153,251.29536934990423,7.442401907252387,928.947475959493,1318.7637027110657,1528.574995069417,0.9424357900310661,0.6336601486132246,4525.978201562061,1.0275507877187646,-3.6928145596477933,62.952890531781385,25.385306539751017,3.691031390470973,37.42384161284757,-11.214791061198667,33.77353675374277,8.81489519631457,-67822.25239776143,-6350.348735982894,34876.188128458394
424.8715333625381,240.09452305111824,8.451702979731097,1224.1213297682796,1579.409755157574,1842.5427901364365,0.9845089065691415,0.6994907766017604,4901.556610780597,-1.1319547066267217,-3.1641774530573756,68.93211968138925,29.458251311333182,4.445795068837248,41.99794736163581,-9.403713628510229,37.917031107499994,10.46505652507144,-51270.91780331033,-5114.188891764648,48767.13309596114
757.3001930364594,305.26308333496405,5.647249020412779,677.080539367166,1124.27182473198,1282.2895824068205,0.922436017985138,0.7425556364455906,3397.3708488440766,1.8257420924370555,-3.780345840423301,67.1828461041183,27.706714702700676,-14.005544933077521,42.299251097033384,-19.231771162078182,37.91235984308521,3.120827064648579,39380.7962190573,9356.434929641766,124860.77936278787
754.7912974917505,292.0257195273079,8.40744426395132,1075.6767392322586,1437.9040295536759,1656.948798163083,0.9614760763982964,0.5821508575436468,4157.5397201487385,0.748322985936306,-3.682393259790956,54.00309178607961,30.555650288125793,-1.959666763482022,45.17105416337919,-16.397851619030625,40.95194003380539,4.941647588170667,-16838.88191058964,3326.708589609216,77664.85162293064
813.7503427924082,289.9892020184377,6.987923731608737,791.5411758761452,1173.6347289427522,1351.833984510403,1.0173772953761286,0.6711455764316727,3347.819820073003,0.5931261512685508,-4.247186282193363,58.93446984171385,23.057931956266565,4.659168029458383,34.31819703150561,-8.79302251492513,30.50451791997687,11.3516070916167,64392.20407930846,-2851.6926492429893,145859.7421692083
1183.812435636962,326.64651717810096,8.753697560810474,1060.661359175618,1431.6016064955438,1616.2533015951446,0.8393483113120285,0.655445388270368,3144.8445091040026,0.7755416492721308,-0.7843782755451688,49.170380215869464,26.713046695770156,-11.257111424338396,39.98443699847081,-22.58854591302106,34.926610826039465,-0.09607155442061455,155120.96794926992,43255.510851642226,221649.85546511438
1069.6576883527098,319.5187058970553,7.498545410798914,1087.4813202121813,1416.903411437708,1655.897474048928,1.066898283450287,0.7856886571122026,4306.707840626244,1.765084004679191,-2.4343799152707732,69.89772584220066,32.88136538204654,0.3151151897910447,48.36650750037018,-12.775192879154062,43.77658879329667,7.53000023004345,302264.602896116,44845.373076116906,345449.0544314975
832.5670593777245,354.13950354784845,4.947114369614671,542.5800833440576,991.898587271739,1123.3144939671593,1.0072646262414986,0.8585586881740902,3815.2597532975396,-1.180398523325894,-1.7165094680608686,55.25752801633874,22.92963528629889,19.34299813001286,33.97878428814581,2.9480340077011196,30.500164729570038,19.283721049625804,-27794.342907127815,1312.4035088268156,68474.35615681579
1313.0205561894672,295.08049579061316,9.398551821773333,1233.3478126571827,1579.627994378465,1849.9935524743207,0.9523702943015737,0.41511050864998494,3664.0398246498935,-1.200389791055508,-4.885856093419624,72.8397521201045,29.663424369808414,11.563616857592443,43.802146847787725,-3.9262755203138564,39.387070925173056,14.505474862515833,362227.87628752075,64151.52808252059,394955.1095267424
1052.095419539748,304.244824580529,9.508034393641228,1152.8200240611045,1542.0644691997195,1781.8104317408465,1.073320248103628,0.5660739313726988,3577.8753248364724,1.411071068553347,-3.3580021366213546,80.23990398375896,22.422237441707786,15.726818877068382,34.033684945395585,-1.2973949210898548,30.19686863481844,16.404385898419545,445873.1908353581,55274.19783364388,463450.0838056348
743.5012675405608,305.26308333496405,7.4419641128576455,995.9054562432934,1378.903088813796,1603.6273548815466,0.7771837139918691,0.6275520032643748,4123.290123970338,3.2739588916078084,-1.9566864599169085,51.93730849056211,29.024690478855096,4.381241402798455,43.66404085422421,-7.204281912320259,38.63737195817036,10.655979130568888,15231.319320555544,16151.117603923825,104587.88121976289
432.3982199966647,265.5509919119955,11.237608523066234,1420.711326424178,1742.7221959547417,2044.203720321874,0.9343096857930178,0.5503386169376812,3882.3281757703753,1.040692880310867,-3.5042713626397735,67.31076665959101,25.534852558798985,34.45511765728608,38.162394588002556,14.205219941236718,34.61514825213268,27.331437972639623,-43258.7609848556,-3731.7521309657755,55500.90857868687
664.4710578822323,295.08049579061316,7.830326195906325,1002.7314305664875,1381.4429391732774,1609.1507293308557,0.9059570769527396,0.6832166622477173,4088.2003849454104,1.275790743276471,-4.538847206080157,60.28922770861294,26.009660114340033,29.86943133136471,38.18390402803416,11.189154854997328,34.340102726104064,25.39381110455946,-18517.541256833392,1061.8143648485293,76217.89615359862
362.14914474481714,205.47372540032515,7.622446660262301,1101.0343255063074,1465.41643214838,1707.1689516017682,0.9448562867987047,0.761683018456807,4309.588774537661,-0.0877283426767361,-5.517035100148498,59.18681248650225,17.68165080843479,34.36220330278692,25.85182282877514,14.234717104398973,23.332058846791032,26.840595941416893,-52675.27969212013,-3200.599065021369,47596.97900067892
414.83595118370283,218.71108920798133,13.032561636063583,2308.803727662511,2471.6948076624326,2953.900232535776,1.0172921920154743,0.33899479111384234,4890.314037847675,1.0981495750247703,-1.2922689702409285,54.55439621047341,28.703857864993857,8.943609649780079,42.2253062486051,-5.7438352450416845,38.021956723966696,12.94408148779646,-9302.379484614015,12394.678426488552,84002.82701005245
384.72920464719675,266.5692506664306,7.661149250212486,1096.4967749803661,1453.7004046513869,1699.775484869871,0.9395018452794581,0.6411259833231863,3604.181483321627,0.5745010148678668,-2.372870872907468,61.6587636903162,27.47521053121282,4.754649910529057,40.44512793848683,-9.78224341494212,36.26896267557375,9.953578083509047,-65373.094575579606,-5949.885702065441,36930.209539631745
388.49254796426,246.2040755777288,11.819625438688963,2045.4390927717345,2248.053029706471,2685.4741319101367,0.9060001959989314,0.5651415510039692,4655.548525320124,0.5285840053199361,-3.504524909873924,58.068974031974875,27.257199106533747,4.393624339615409,38.23556159612905,-8.22308290745421,35.059273464255135,9.95103939291872,-59880.981439093004,-4809.645147408262,41491.827199206484
1346.8906460430367,388.7603011986415,8.08473585678058,1485.5351670617115,1795.952732462944,2100.204041675632,0.9267847866226068,0.6704559301007483,4133.515675736682,-0.10910116258995958,-3.3170371642831658,50.28781011237238,27.915400266607172,2.9193389706545436,41.267908869761534,-11.852715777653028,37.18037503185652,8.833243284354609,28368.832000950337,21158.104519011504,115612.50915504892
776.1169096217757,258.42318063094984,12.523246787649091,2379.8712905561642,2580.372305128706,3068.8400396402017,0.8608394472329927,0.5596112586851602,4614.339740494302,0.4790464833147049,-3.291362139567022,60.38717537061349,29.59322757500067,-8.686906008226712,42.52645914887492,-19.104090453787023,38.80574801044437,1.903031243673265,141626.9713073411,22005.79124050743,209756.88178631384
797.4425217518008,307.29960084383424,10.259866653039039,1831.8342173263154,2053.3037161851007,2446.755538600961,0.9302531239032933,0.5585215251464607,5429.068880818851,2.1512668597169493,-2.2931424766014965,51.92615023250614,29.0243227726613,-10.281389277648382,42.70876404329242,-23.68215058056719,38.70475302035518,0.057437097562406336,-23617.213836242197,2536.5734418499287,68482.1169430041
577.9141615897773,258.42318063094984,9.68339864652848,1273.5200304439563,1596.1385048046266,1888.234437191621,0.9768917534700083,0.46218253854051444,3955.365874097418,2.1475621942869165,-1.6295785005537518,58.29592304919297,34.75732794201138,5.935666984693938,50.50018301129474,-9.141968716460813,45.65527782722107,10.431806867585678,3441.6653074017377,7716.215078147527,94699.77730627639
492.61171306967685,232.9667117700726,11.759314073118057,1764.024621855633,2023.6607827249918,2407.5390994820787,1.0431032625783725,0.43365787494857,5291.713228465889,-1.476429178982207,-5.716589430701089,52.40722236060473,30.90971823408902,-6.363997072355973,45.443759998405774,-18.93480180496195,41.09085360751492,3.277410992091836,40142.04871328412,18971.144717019182,125404.03439596975
564.1152360938787,328.68303468697115,7.977133272540387,1320.3925583820057,1636.8794031691102,1928.8166106114265,0.9306532599670072,0.6896977966890375,4711.16642226095,1.364588616771502,-3.0179619851994315,53.8062326427755,24.396056142442813,1.5765154837065642,35.678276398887235,-12.399253207186028,32.03900834172215,8.304368490859568,-55636.04850232484,-2494.393295628016,44027.017354055206
604.2575648092202,329.7012934414062,9.906175755655227,1790.1550979973904,2041.8286660548313,2419.5893817599085,0.8983092688986055,0.5578726383575079,4380.58552305952,1.3988021193088798,-2.4402761402389945,54.06484332515243,23.791471907116257,-0.3250086249660331,34.29303056933222,-13.294764932215802,31.256122247684637,7.466556626560019,-54091.96955654494,-4683.751079859361,46402.680237255285
263.047770728818,238.05800554224805,7.463279924098594,1103.1227567027508,1472.9265282704005,1707.3620567788446,0.8980856638247271,0.6626434111455998,3884.416654790252,1.5553581053662209,-2.2042051910111535,55.146423413621235,22.64554357921236,14.795233951143366,32.7174281275387,-2.6720876223979433,29.996291097907104,16.064145439237226,-68553.71228425197,-6236.4445796291275,34249.28906635805
143.87523235514814,163.72511646848642,14.179720258886578,2901.8290723996947,2992.4843052541933,3574.711270687822,0.9758914053404706,0.5208044845209868,6710.719932925293,1.5873493488224688,-3.4645988868322966,56.02323920370808,24.498704329658104,2.041501555616125,32.895157519904096,-10.632742335660947,31.031007510537428,9.16578559364757,-70193.3330410482,-6762.801681095481,32892.87610255633
217.88765092405887,184.09029155718824,9.797661158290067,1738.8825183962617,1986.6294816899426,2355.118054484393,0.9681059955306293,0.6136243968642255,5733.98779203272,2.2092417114114093,-4.581003302214404,54.511536429805325,20.344581346887647,-3.473589196406502,28.91052563183253,-12.976303454815483,26.7215241079427,7.182300685987728,-66687.05130987933,-6517.008501595248,35829.040210467865
160.1830533957556,162.70685771405132,9.260217977599135,1727.1430708564408,1990.6641056915184,2348.790283840394,0.9328251325190213,0.6683019150447854,4612.202307110062,2.2156579087629895,-4.19524270843639,66.24123522173322,14.017964897798828,5.119763855470029,19.96225676258351,-8.93758104713541,17.846619612308736,10.44588762758628,-66014.14930756009,-6237.643570748642,36400.75145967354
293.1545172653241,200.3824316281497,9.909002576817459,1538.7850771443038,1844.6897952209558,2169.407843985104,1.008367686261523,0.5310515221029247,4096.727156560683,2.767800117057239,-3.134370182868864,71.69327847899994,26.45789946679069,35.784939538323904,38.89843652898718,13.349998259291182,34.96275966836021,28.193807200499727,-59959.05861798806,-5333.604266635588,41431.46552885295
57.31833606269319,117.90347251890734,8.045244049293746,1217.26400823435,1562.5687736226805,1815.8814057077382,0.9537268202695958,0.5631505929235953,4484.965645558605,1.9847857532691766,-2.6663349909923197,63.45008365982563,24.799567269372048,5.0650422024283195,35.81679788378155,-8.54237168122237,32.39463805362938,10.45736864865392,-70680.28807784106,-6827.547201549201,32477.242886693377
112.51403804628765,146.41471764308986,22.487976215129354,4666.602226509612,4418.21179900656,5367.171364406561,0.7513122762104322,0.5110190495276979,7372.161789191876,2.7832836445219797,-3.402688094780836,51.69858219973603,19.205320981908024,26.320926942329372,32.86862138780924,3.9254378143298734,24.641043753157394,24.420196335397684,-70573.44562251099,-6822.751237071147,32573.821559259042
123.80406799747743,137.25038885317406,8.472566252416657,1695.7795762167598,1971.499205850439,2316.1150294255076,1.0449692232896082,0.5645426181599558,4374.072579131565,1.3483785192248634,-3.3478414722928074,64.18973979847999,24.64361634044243,12.49200930265813,36.37755963083285,-3.544203951698906,33.39541832854597,13.63433317654728,-68455.0884793319,-6447.467016663474,34334.657714429486
201.57982988345142,144.3782001342197,9.241935047314149,1377.1653691292174,1693.599537359377,1986.7871416615462,1.0789586682478478,0.4173354383923431,4603.069447515246,2.1810956679687767,-4.078618177072453,66.62916293566339,19.60664415818566,20.83590000694229,28.615205653449763,2.747400758280971,25.766397317640692,19.40495219482804,-62264.39005799478,-5330.007293277048,39436.08116888018
274.33780068000783,170.85292774953206,12.069586625129295,2187.887394053183,2371.6890720205706,2830.380687480917,0.8769874322975539,0.525034065642587,4556.570005084344,1.7829941863546852,-4.369381263078894,64.23114302549475,32.58724455880395,21.91821924702734,45.872440848006455,1.4183259547358968,42.7425316466472,19.426358491990612,-25237.315298314657,-1555.5832490490766,70610.29697775467
141.3663368104393,158.63382269631097,9.387588306910223,1631.128785792443,1900.8791387007113,2249.018495046312,1.0007202142791185,0.5478002960123937,4295.298435592538,1.1909402378253877,-3.8892738741111756,68.46178063041955,17.290701588379452,36.32261301704243,26.048833851240836,14.848118376318743,22.783176352317213,28.063504730115003,-68628.70746924328,-6567.366128614808,34128.565725650966
311.9712338506404,168.81641024066187,11.528178816437318,1711.3042968776754,2020.586151292383,2347.1657906867517,1.065884387305657,0.31872127271672285,5037.501538013239,1.6814079571339682,-3.3140231579976427,62.97661008093049,31.762676762036346,9.711453599177243,47.97300295984096,-11.033400494627259,42.89389523957665,13.217763526153588,-43859.7497960873,-2572.327718396383,54974.03742745811
227.92323310289427,187.14506782049352,9.218779477390997,1472.025378148091,1786.131521475111,2083.4676113178452,0.9551183533593732,0.5096399453968307,4463.191229970297,1.940369245342303,-3.22343444204173,58.66773850169126,15.2129142439026,36.73845610613037,22.52868392334817,15.849274502825738,19.89935817747368,28.34361104261091,-61412.7324092579,-5256.868834986735,40245.789861194105
633.1098635733719,180.01725653944789,7.720325152997222,975.8783214456437,1372.4280063011647,1600.8177826712297,0.896537490991475,0.6125676242517611,4317.024671190706,0.770788838644139,-5.806363216630477,40.67182000065861,27.98680816167689,-10.179516876106176,40.28375776710549,-22.13904270226224,37.43115337162175,1.8507279618523658,-22509.750693493872,11556.583633948734,72905.76507034218
996.8997175561535,347.0116922668028,10.24095214758235,1769.3345438052215,2043.4362952874942,2398.172813583686,0.43712864564758797,0.6940726412376718,6258.649840185593,4.2292509757269015,-4.488141196080417,35.913577358729256,19.907542736291564,44.5291726932919,29.326196117007953,22.937586261718018,25.955552174508906,33.783886162581254,-31343.77255294921,28950.347804728648,65479.55499770367
347.0957714765641,258.42318063094984,8.44345651269219,1200.2956567373499,1549.1758161112557,1803.4397707142527,0.9158714405007525,0.6185317329960364,4278.932052506295,1.2315055343157049,-2.5999924588740204,54.23147909217348,15.835533239943954,25.620181756512963,23.726736056570793,5.85130577848134,21.84703890124057,22.281568707145833,-66652.1220456368,-6134.530334470494,35860.94566479759
284.3733828588431,203.43720789145496,7.774366685180884,1131.2536651164298,1464.2261662041003,1729.1534088856,0.9756636507872816,0.6833203255482848,4007.9375574769347,1.799767907535339,-2.396908665157936,61.55424885104757,21.233218243732793,-8.26908874175514,30.946774089789038,-20.72023100628375,28.33543120848461,2.7128218535363366,-36610.900134461896,-1692.2682366735962,61061.080727824476
122.54962022512302,152.5242701697004,7.4979826761501025,1213.0131486147345,1558.0592203142064,1822.3935941626876,0.9779259200991399,0.695732508728183,4274.385848331293,1.6612803321756269,-3.16708732366399,65.24391023564785,17.161195663826266,14.201834470680621,24.895506940891597,-2.2482297830078384,22.0474783284865,15.615298294277423,-69863.5596933467,-6736.423876466188,33169.67747660614
263.047770728818,217.69283045354624,8.789274133404003,1450.2791857391364,1770.9658106725356,2071.0484690459652,0.9462246418725347,0.5590821133680486,4777.453319361717,1.7878481512557818,-3.398280785314584,65.38420212700595,20.987208717140636,27.8713381802335,30.636756633213558,9.195079376359276,28.165239522076632,23.735064422480953,-64796.76171557792,-6105.754547602175,37405.34211627176
349.6046670212729,208.52850166363044,9.451008386428798,1535.260495975918,1839.2710758408778,2161.476109129332,1.0573819184556548,0.41064425322022524,3873.1839669052833,2.4195531488717266,-5.085432283296677,69.98577616355203,21.393398228906207,25.50613628685852,31.100825683929074,5.6489537168387205,28.2347886457267,21.96618140080841,-31539.99283148811,-1376.93357224159,65337.27391758462
327.0246071188934,221.76586547128662,12.463593080884275,1642.4996557001605,1902.1207817871273,2253.075434917299,0.807428605916512,0.4239457043109199,3891.5188704647912,0.6569638063564176,-5.37710654719256,52.249364691893504,26.427739378291164,15.99629875553282,35.495903238408374,-1.139381583156112,33.226115568855796,16.44491817723951,-63121.184363237924,-4217.343534368675,38785.89974821489
677.0155356057766,253.33188685877442,8.662822257526818,1211.526762962742,1578.1575297869283,1849.4183275145335,0.8564894271677556,0.5133169061983651,4464.896897543258,-0.9593988383170508,-3.2322880736530464,57.500722104559124,27.84569075854157,-6.222660988868631,41.59524086845073,-16.865220848286896,36.9794318703838,2.2390205864684187,5093.614039812979,7753.383802852441,96086.37110525488
496.3750563867401,264.5327331575604,7.887127918522211,1192.0012758790936,1526.3984794563833,1779.602850473369,0.962877204526617,0.6515699736776105,4127.109383120281,2.5214504148767345,-4.615539042633038,72.8214026700228,23.530437343032034,4.1204021849031935,34.22860161725748,-9.472213339123787,31.128431626618642,9.97542714801617,-22891.917937559156,-2183.8545956740627,72566.01509720938
372.18472692365253,264.5327331575604,6.954834289335415,1239.425362996078,1591.050918392448,1847.8001280288854,0.9498052270165868,0.6585066650911245,4375.316124238341,1.0100753013605999,-2.1467406259213146,62.30835400028511,17.266692331823318,11.452907327923946,25.085917860523466,-3.815925022218855,22.571730706744628,14.629520230755466,-57628.04389545007,-5367.176017981961,43419.0891026374
327.0246071188934,250.27711059546914,8.089878323573773,1239.221354891755,1583.2675864234643,1836.1912088752472,0.9699528620779179,0.5375781007714256,4396.9014638393965,1.3222670664034997,-2.517191547675299,65.71476353001212,23.764868021165352,10.546952424534073,33.909618055269526,-4.857528086850239,30.95410747035226,13.931051749120911,-61096.31436847266,-5642.943975470028,40520.866616090956
379.711413557779,243.14929931442353,11.155837549934368,1963.4527785763385,2208.024780492559,2606.866655917034,0.8584501711822602,0.6376371465602886,7980.629429386821,0.416554058399481,-2.7567631246041637,58.95959819655189,26.64531273390481,2.6721207588015052,38.59051042364791,-11.36228610748078,35.20823179570608,8.486858006704058,-60065.90107331814,-4646.582355154449,41390.074669181944
360.8946969724627,199.3641728737146,9.02614799807411,1424.0365052062662,1775.2160277031012,2075.7512035060317,0.9305739109509826,0.6722974304299477,5782.638423442517,1.7770135650425556,-3.7444778813264215,50.69188293612587,25.626957358778174,-11.018958454146846,36.976069725503244,-9.84351748768618,33.170059053418555,9.278030283177854,-53501.25405832575,-1164.71214408773,46896.783624577845
329.53350266360223,229.91193550676732,10.727105242355046,1731.4292763379253,1999.5754868241268,2351.026190716838,1.0409196915333094,0.48224529638476515,5673.851624020445,2.5057605781363366,-1.9374974114562766,56.64261011229078,24.961380231773756,1.4776299527095071,36.416653380128125,-11.94590483818223,33.13466674089295,8.01937140974355,-63639.98667036956,-4553.061047832409,38359.056507857706
249.24884523291936,238.05800554224805,6.609131560773513,828.894837574838,1246.064841522507,1427.9323702914967,0.9597497955676136,0.6142236194677182,3693.616818569003,1.204856276983735,-1.7394029317501758,59.7620582703217,20.007278556090352,18.78020483386862,28.714543933879753,1.8606940093962603,26.12910546278305,18.852908502754605,-69045.8039775511,-6584.152004287995,33856.07589948355
426.1259811348925,227.87541799789716,7.803793661075748,1263.596052399351,1602.211768076337,1862.1721204537048,0.8867892802613365,0.4865892049237628,3594.828699864859,0.17076956274189858,-2.022566604380626,62.64160583465987,28.260391079700042,-0.8774356306301909,41.245396032028395,-14.101236274175452,37.38938218266271,6.837609231388703,-36249.27951642162,667.3462865286428,61384.44681900416
239.21326305408402,206.49198415476025,6.874096578994217,858.4619146764255,1272.6415635971468,1457.9714272358221,0.9062251868197225,0.6812199707858531,4419.672488315182,-0.09582751366823908,-3.6755065846770814,55.37093919159553,24.857999027004315,8.392070167278682,36.33730989079165,-8.139440235302892,33.17799216238212,12.685264306844456,-69118.7444999399,-6334.761851429221,33794.851919553534
286.88227840355194,186.12680906605843,8.976918188850505,1578.201603903417,1854.8295235613393,2193.2606248175734,0.9728828062953117,0.44621785155285304,4355.947708418875,1.7167927142509738,-1.9540573346515626,59.384644292980276,19.880435438403552,27.647019293227558,29.060725018656147,8.940079620265822,26.042464409976464,23.720460587951287,-52960.87779386784,-2903.2492673820625,47328.8007223939
202.8342776558059,174.9259627672724,9.822375386201184,1713.6785781126932,1973.7316730988496,2317.642215201759,0.9363204502167657,0.4865892049237628,5429.686685617752,0.7665099376420798,-4.048264912702254,59.72933830354443,20.702304686485576,18.251674281375347,30.369067244037144,2.445488144108767,27.08239923243852,19.426449639793283,-65772.72645176615,-6266.419357616961,36596.49573353431
423.6170855901837,143.3599413797846,7.524005165744295,1175.413816573839,1564.643986432587,1785.8016078381684,0.9810614900727486,0.8120382733850966,6472.893053085717,1.4096909654056595,-3.3800136811679287,31.089452231992816,28.925011238878902,-37.381064240015945,42.41791142629994,-43.32895878778241,38.364244429854104,-14.433892453042304,-25281.49054426844,22828.299148493577,70568.04380850718
77.3895004203639,124.01302504551788,12.973917168345903,2305.9063714040403,2485.749882994796,2958.0601677627706,0.9335061050587674,0.3749371807573405,5525.229206782455,-0.37324155534782033,-3.2660208511435225,64.16326561966768,20.141438792779404,30.473798838742148,28.962652412015615,10.97100174464237,26.057775085132896,25.573828900761704,-70005.33141291932,-6779.587556768668,33050.67875505202
143.87523235514814,125.03128379995297,13.91654477046248,2511.604721726189,2642.6361953107094,3145.3083666363273,0.9558717801151643,0.3260405852752499,4745.793194802677,2.485062813155958,-3.8622850383214713,62.47733892868748,15.918936330000323,18.492385714975878,23.042881976661896,0.9160236478713362,20.90943151150498,17.972822288571535,-62480.12963125744,-5333.604266635588,39255.85846739603
268.06556181823566,192.23636159266897,7.810804664941041,1329.6151903079442,1647.9820561779657,1936.305645063758,0.884706779016635,0.5716574138124655,4022.2192882627255,0.45214054112216606,-2.3157422345904446,59.0818441557931,15.167065747146944,25.014242761114794,22.594274264234766,7.363894598129043,19.196170435555956,25.468757549256388,-66661.36802734807,-6176.495023653461,35831.6271391973
470.0,170.0,9.493617021276595,3321.959574468085,3375.98085106383,3371.385106382979,0.8297872340425532,0.676595744680851,5807.091489361702,0.312127659574468,-2.2256788162471963,62.53191489361702,34.325562780434794,-4.534004719565223,33.91123073695652,-6.696385554347837,32.991879117391306,2.255385795652161,68992.0,9473.0,68589.0
459.0,224.0,9.270152505446625,2617.60348583878,2655.657952069717,2663.335511982571,0.8213507625272332,0.3769063180827887,8456.407407407407,2.6381263616557726,-1.5136817768264532,54.70588235294117,30.293011688073413,-6.813228155963293,30.526380954128445,-7.145324511467874,30.31214288073395,-6.808125658256865,52487.0,8421.0,52482.0
368.0,204.0,6.758152173913044,1588.8125,1614.241847826087,1625.6440217391305,0.8315217391304348,0.7255434782608695,4213.078804347826,0.961141304347826,-1.993797159669314,57.5,23.409307937853107,38.08105383050847,23.79106871468927,38.566198966101695,23.73383329096045,37.761321008474575,16996.0,2050.0,13070.0
208.0,136.0,6.8173076923076925,1803.3557692307693,1834.7451923076924,1821.1971153846157,0.8653846153846154,0.5528846153846154,4054.6346153846152,0.9370192307692308,-2.042174034084068,63.26923076923077,26.70723752763819,13.55599659296482,26.76193221105527,15.055892919597987,26.82385963819095,13.581457211055271,5813.0,717.0,5799.0
203.0,153.0,8.596059113300493,2217.4532019704434,2250.8768472906404,2246.8128078817736,0.7044334975369458,0.5073891625615764,5380.625615763547,0.879310344827586,-1.845230127855382,55.71428571428572,29.22819981005587,22.67163520670391,29.499771268156422,24.550930363128487,29.60834672282609,24.48651468478261,2789.0,332.0,2789.0
181.0,96.0,8.447513812154696,2321.475138121547,2356.502762430939,2338.5911602209944,0.8397790055248618,0.6795580110497238,4450.50276243094,1.2005524861878452,-1.2723824245587994,56.187845303867405,27.90487682857143,-15.776899280000004,27.126017160000004,-9.815101051428575,27.43074904000001,-14.89175869142857,5620.0,1187.0,5620.0
1002.0,221.0,11.322355289421155,2579.176646706587,2577.718562874252,2601.231536926148,0.8363273453093812,0.3952095808383233,4700.8003992015965,-7.158483033932135,-3.4443504525298194,74.96007984031937,36.64760581287724,-55.233988938631896,36.12375888430582,-53.43684601710272,36.11272636921528,-53.33099653118722,1686883.0,170356.0,1682213.0
452.0,172.0,7.721238938053097,2581.5619469026547,2608.7190265486724,2613.4048672566373,0.8805309734513275,0.7300884955752213,6167.980088495575,-0.4046460176991146,-1.378238908634899,78.58407079646018,25.092233764705878,14.75257958597284,24.90783322171945,14.225113334841623,24.93194136651583,14.6881900316742,170859.0,16946.0,170810.0
225.0,168.0,6.377777777777778,1522.9955555555557,1559.9333333333334,1543.2044444444443,0.8533333333333334,0.6622222222222223,3582.391111111111,0.7924444444444445,-0.6663486166670178,61.644444444444446,26.412231156097555,8.607993400000002,26.684912770731703,8.01319896585366,26.68491423414634,6.318665307317075,2650.0,367.0,2640.0
405.0,174.0,9.688888888888888,2501.4419753086418,2550.565432098765,2531.787654320988,0.8074074074074075,0.8197530864197531,5100.703703703704,1.3644444444444446,-2.331559197866753,58.39506172839506,33.859643939790594,-8.77460623298431,34.131242638743466,2.948596638743462,33.75896839267018,-8.783402997382215,29735.0,6926.0,29735.0
220.0,127.0,8.177272727272728,2038.7045454545453,2074.3,2054.186363636364,0.8,0.5727272727272728,3878.909090909091,0.7304545454545454,-1.688930878041767,63.5,22.43806579310345,7.480809123152712,22.45923897044336,5.802511044334979,29.035552147783257,-3.348452847290638,6803.0,960.0,6794.0
298.0,141.0,6.761744966442953,1709.3020134228188,1771.8255033557048,1727.3221476510066,0.8859060402684564,0.714765100671141,4065.503355704698,-0.5446308724832215,-1.9842566065635745,55.06711409395973,27.11454581118881,30.527427912587413,27.06252441258741,30.365972003496505,27.069571090909093,30.460889136363637,17900.0,3462.0,17896.0
242.0,137.0,9.425619834710744,2780.5,2814.8884297520663,2790.805785123967,0.8388429752066116,0.4586776859504132,5860.640495867769,0.7157024793388429,-1.1635552058572625,58.88429752066116,32.40472572248803,37.66583871770335,32.37737389952153,38.16358884210526,32.52821457894737,37.58861605263157,9251.0,1567.0,9251.0
432.0,152.0,9.217592592592592,1910.8819444444443,1968.4212962962963,1976.4907407407409,0.6712962962962963,0.3541666666666667,3648.016203703704,-1.9127314814814775,-3.0077846977201146,47.129629629629626,30.68394169879518,33.34237271764706,31.393919724220616,3.316849282352944,31.24865437349397,4.206816294117648,32811.0,11628.0,32792.0
229.0,169.0,8.969432314410481,2461.13537117904,2505.6943231441046,2492.890829694323,0.7467248908296943,0.519650655021834,5761.257641921397,0.3331877729257643,-1.311487537156513,57.11790393013101,23.959218389140275,24.00974268468468,23.41494586877829,23.9893538963964,23.49708689592761,23.8704673963964,2510.0,335.0,2502.0
230.0,157.0,7.056521739130435,1915.4130434782608,1948.9478260869564,1937.4,0.8260869565217391,0.6521739130434783,3894.6478260869567,-0.5752173913043478,-1.9258470067716844,66.34782608695652,23.992368566037737,37.40873334433962,24.57286275000001,39.24181966037735,24.354706792452838,37.15981620754717,6427.0,620.0,6411.0
350.0,145.0,8.26,2059.54,2052.997142857143,2060.6428571428573,0.7885714285714286,0.4714285714285714,4197.631428571429,-0.2708571428571429,-3.097618825615416,52.2,31.09774608982037,18.44085630538921,31.01414108982037,19.86555402994012,31.031724293413177,20.584013601796403,15390.0,3445.0,15390.0
223.0,146.0,10.076233183856502,2723.865470852018,2733.156950672646,2749.1300448430493,0.7623318385650224,0.4170403587443946,5315.67264573991,0.952914798206278,-1.1617753460724176,60.26905829596413,25.98618809045226,30.803545115577894,25.72524488442211,31.58752230150754,25.624770894472363,32.08048762814071,5462.0,830.0,5457.0
256.0,132.0,6.7578125,1598.95703125,1647.078125,1646.71875,0.87890625,0.546875,5052.3828125,0.9003906249999999,-0.9511565252492528,63.3203125,32.4829847593361,-6.509544589211607,32.514699033195015,-6.684863676348536,32.97014542323651,-8.948714630705386,23789.0,3987.0,23789.0
504.0,176.0,7.365079365079365,1791.6984126984128,1831.44246031746,1841.0853174603171,0.8392857142857143,0.5753968253968254,4935.301587301588,2.248809523809524,-3.834804089279772,54.38492063492063,41.836025979166685,12.975591322916674,42.40506702083336,12.43661240208334,41.72171493750001,12.844058177083337,50466.0,9812.0,50463.0
402.0,105.0,7.63681592039801,1858.1268656716416,1954.641791044776,1906.0124378109451,0.9203980099502488,0.8383084577114428,3458.069651741293,0.2783582089552239,-2.140195567129817,73.93034825870647,45.21323468367346,8.719939275510205,45.31820534693878,8.015377693877552,45.19682345918367,8.77818748979592,203171.0,25403.0,203171.0
262.0,110.0,9.99236641221374,2729.7442748091603,2736.648854961832,2725.8015267175574,0.8969465648854962,0.4351145038167939,4927.31679389313,1.6992366412213742,-1.5381510476498872,60.76335877862596,24.50173860360361,14.477357513513496,24.820850180180184,-11.633781463963915,24.94364103603604,-11.766599662162117,20779.0,3758.0,20779.0
178.0,122.0,6.415730337078652,1647.4662921348315,1679.9887640449438,1684.438202247191,0.8539325842696629,0.6966292134831461,3904.904494382023,0.0365168539325843,-2.348356771304297,61.62921348314607,32.083046932515344,3.4668830858895694,30.96703552147239,1.156737343558281,31.83486668711657,-0.2387844785276078,3744.0,469.0,3744.0
180.0,96.0,7.133333333333334,1583.411111111111,1670.3666666666666,1647.8333333333333,0.8666666666666667,0.5111111111111111,4362.438888888889,0.6411111111111112,-0.5877911745161102,70.94444444444444,28.17377804545454,-17.06110872727272,27.614163909090895,-14.511074545454536,27.417458792207785,-14.494161064935057,21418.0,2127.0,21418.0
116.0,96.0,8.5,2238.7241379310344,2278.206896551724,2257.5172413793102,0.9224137931034484,0.5086206896551724,4632.293103448276,1.1931034482758618,-1.5469995657150055,67.5,23.948658624999997,24.44112114423077,23.199366605769228,25.976809125,23.58868175961538,25.754485375,1325.0,169.0,1315.0
270.0,142.0,5.933333333333334,1612.2407407407406,1635.585185185185,1646.4962962962964,0.8777777777777778,0.7777777777777778,3503.5148148148146,1.1937037037037046,-2.668315866342907,74.92592592592592,29.49067989669423,28.390275909090903,28.913201371900843,29.78741223140496,28.74091414049588,29.07676516528926,22239.0,2204.0,22239.0
144.0,119.0,6.131944444444445,1704.125,1756.013888888889,1746.4375,0.8680555555555556,0.6041666666666666,3759.8125,0.4388888888888889,-0.7394682862978215,63.958333333333336,26.008972264957265,24.54867681355932,26.33902783760684,24.40900613559322,26.00238482905983,24.25996850847458,1462.0,184.0,1459.0
265.0,146.0,13.558490566037737,3621.309433962264,3648.739622641509,3640.173584905661,0.8339622641509434,0.3283018867924528,5916.369811320755,0.9898113207547172,-1.0772673345093493,47.66037735849056,27.828304696498066,-3.3173464824903043,28.16856866536965,-2.356210785992248,28.17551123346304,-2.185170073929992,7211.0,2100.0,7185.0
249.0,157.0,7.815261044176707,2002.574297188755,2021.9357429718875,2004.951807228916,0.751004016064257,0.6546184738955824,4421.714859437751,0.3879518072289156,-1.49006416155323,56.3855421686747,31.104858568281927,17.394813127753306,30.951059273127743,15.846289132158596,31.00567469162996,17.28323831277533,7491.0,1279.0,7488.0
204.0,165.0,8.21078431372549,2156.1960784313724,2197.6029411764707,2184.421568627451,0.7549019607843137,0.5980392156862745,4402.421568627451,0.7102941176470589,-2.0727325713104685,60.78431372549019,30.072293657754013,16.3514982459893,29.048606090909093,18.35198093582888,29.403851679144385,17.114771508021395,2803.0,450.0,2783.0
881.0,235.0,7.076049943246311,1600.0431328036325,1677.8354143019296,1644.9182746878548,0.6583427922814983,0.8081725312145289,3875.909194097616,2.7312145289443817,-1.109547671165488,47.4460839954597,44.48611472345388,4.019442168028004,44.21260272112019,5.932527774795799,44.44186388798132,4.635621260210035,169813.0,37372.0,169800.0
406.0,178.0,7.270935960591133,1574.3226600985222,1570.8793103448277,1568.4137931034484,0.8768472906403941,0.7142857142857143,3873.100985221675,0.5312807881773397,-0.9918516830201918,56.72413793103448,30.967058684073116,9.967784242819846,31.18592479895561,9.925030245430811,30.81906791383812,10.123331501305486,40242.0,6507.0,40242.0
227.0,153.0,8.6431718061674,2204.4361233480176,2247.6343612334804,2243.506607929515,0.8458149779735683,0.5726872246696035,4528.453744493392,1.4290748898678416,-0.4033090011102984,56.563876651982376,24.30065619158879,18.461927565420567,25.398842384259257,21.55620226388889,25.381466875,20.624103606481484,4250.0,718.0,4248.0
439.0,182.0,9.849658314350798,2540.717539863326,2558.084282460137,2564.8451025056947,0.6560364464692483,0.3690205011389522,4483.462414578587,1.0911161731207293,-2.6501860284693515,50.56947608200456,28.99542246666667,2.7565703380952358,31.157969316666662,-0.2392496547619045,30.2198915952381,0.4811717404761897,22704.0,5640.0,22661.0
183.0,142.0,7.579234972677596,1908.4972677595629,1955.639344262295,1947.8852459016396,0.7814207650273224,0.5792349726775956,4001.5792349726776,0.060655737704918,-2.484159649005002,59.34426229508197,29.195687005988024,23.16149133532933,30.31018871856287,16.27900849700598,29.66524437125748,21.675787742514967,1812.0,321.0,1804.0
277.0,117.0,7.111913357400722,1633.8339350180506,1731.5812274368232,1689.5451263537907,0.6750902527075813,0.5270758122743683,4849.638989169675,0.1935018050541517,-1.945152997543992,57.6173285198556,17.796525398496243,-14.748053270676683,23.452292676691734,18.991517007518794,18.00073092481203,-13.982041052631567,18580.0,3069.0,18580.0
105.0,89.0,7.3428571428571425,2011.847619047619,2064.1809523809525,2033.8857142857144,0.8095238095238095,0.6190476190476191,4516.819047619048,0.6895238095238095,-0.3949111273816534,60.85714285714285,21.96183492,25.948986,22.00723302,25.9382255,22.00973302,25.9418921,885.0,129.0,885.0
139.0,99.0,5.906474820143885,1711.4964028776978,1733.6690647482014,1703.1151079136691,0.8633093525179856,0.841726618705036,5568.741007194245,0.7122302158273379,-2.0807394209047314,51.65467625899281,22.715624445312507,-15.1486101328125,23.190549757812505,-14.5342037265625,22.671286593750004,-15.1282739609375,2368.0,641.0,2368.0
249.0,102.0,5.662650602409639,1372.9236947791164,1433.991967871486,1410.5823293172691,0.8514056224899599,0.8032128514056225,3720.7911646586335,2.593172690763053,-0.7874458586933093,72.9718875502008,16.84729423849372,60.017556054393296,13.148885953974894,67.99020402928869,16.831082368200835,60.84042984518828,63193.0,6839.0,62761.0
1241.0,174.0,9.360193392425463,2073.09911361805,2039.5809830781627,2067.245769540693,0.3819500402900886,0.797743755036261,5045.568090249799,-7.923368251410153,-4.110701468397944,35.58420628525383,33.28325817362816,-85.02517579606825,34.96356328828831,-77.49582992874659,33.02955307534806,-86.82287321048273,576230.0,144432.0,574642.0
212.0,142.0,10.150943396226417,2755.1415094339623,2783.099056603773,2764.509433962264,0.8113207547169812,0.4150943396226415,4686.264150943396,1.0325471698113209,-1.5874218500443604,59.24528301886792,32.529235153465336,12.31942780693069,32.09978431188118,11.567982995049508,32.07310411386138,12.44566255940594,5779.0,761.0,5773.0
327.0,153.0,7.385321100917431,1874.0091743119267,1929.896024464832,1908.633027522936,0.8715596330275229,0.7370030581039755,3969.422018348624,0.5110091743119268,-0.7575012585177918,73.14984709480122,25.50992049664428,31.315399395973177,25.54427314765099,29.962501684563783,25.677086939597302,29.968085543624188,51504.0,5399.0,51224.0
206.0,151.0,6.174757281553398,1531.8398058252428,1579.509708737864,1569.1796116504854,0.8203883495145631,0.6699029126213593,4016.461165048544,0.1572815533980583,-1.3320972694219484,55.14563106796116,27.26543067525774,-1.5626511855670118,27.784196087628867,-1.3308687628866005,27.60776881958763,-1.3801821134020629,2657.0,440.0,2647.0
214.0,133.0,8.299065420560748,2237.7476635514017,2296.785046728972,2292.7523364485983,0.8644859813084113,0.5280373831775701,4683.490654205608,0.7289719626168224,-2.393859714487038,73.8785046728972,25.85025774038462,11.357011394230764,25.596638605769236,11.99008846153846,25.634345625000005,11.61802225961538,13403.0,890.0,13399.0
389.0,155.0,5.043701799485861,1236.426735218509,1322.7095115681234,1265.7403598971723,0.9280205655526992,0.8251928020565553,3733.383033419023,1.1177377892030855,-1.859222604767449,81.05398457583547,32.26978511999997,-22.084932730666804,32.427870879999965,-25.512198677333465,32.4397928533333,-25.00414262400013,121488.0,12467.0,121488.0
443.0,176.0,8.009029345372461,1874.431151241535,1905.1309255079009,1905.7990970654628,0.8984198645598194,0.3318284424379232,4110.613995485327,2.0959367945823923,-1.1693781794675795,80.58690744920993,39.41502383253588,9.994645766666666,39.44987844976076,10.679880528571427,39.438462181818174,10.52481179047619,231657.0,23261.0,231567.0
195.0,149.0,7.256410256410256,1722.7179487179487,1786.1333333333334,1768.3846153846157,0.7897435897435897,0.6307692307692307,4346.374358974359,1.1466666666666667,-1.657858065179775,58.0,25.512625994475133,22.742083723756902,25.05058069060773,23.08917875138121,25.199276988950277,22.629603005524864,2622.0,404.0,2622.0
415.0,111.0,6.190361445783132,1638.2265060240964,1697.0481927710844,1699.0987951807228,0.9421686746987952,0.5710843373493976,3636.1180722891568,-0.4048192771084362,-1.9902918041949784,88.48192771084338,33.64335744559585,4.86463852849741,35.45943747150259,-2.5997144974093254,34.981811046632124,-1.559452595854924,258381.0,25767.0,258381.0
227.0,149.0,10.211453744493392,3050.9911894273127,3123.9339207048456,3102.3788546255505,0.7136563876651982,0.4977973568281938,6063.462555066079,0.2651982378854624,-1.7071408723507109,51.36563876651982,19.369622443438907,15.520072099547512,19.00361535294117,14.701292434389142,19.007831597285065,14.70806433484163,3096.0,1105.0,3086.0
400.0,159.0,5.31,1327.015,1339.5075,1343.175,0.74,0.74,4149.235,-4.35075,-1.961933903633368,61.55,28.910104881266488,-4.126112155672827,29.26600820580476,-5.971865031662275,29.101368015873025,-4.864648801587307,146298.0,19642.0,146298.0
253.0,171.0,7.41501976284585,1769.711462450593,1817.197628458498,1799.6284584980235,0.7628458498023716,0.6205533596837944,3732.1501976284585,0.7169960474308301,-2.360961533354121,57.94466403162056,27.359457913580247,5.874986864197532,26.432990876543208,19.708349263374487,27.10718763786008,10.516192502057612,4209.0,656.0,4206.0
140.0,107.0,7.428571428571429,1776.2071428571428,1838.0214285714285,1816.3857142857144,0.6642857142857143,0.5428571428571428,3922.528571428572,1.4442857142857142,-0.6701164042282167,54.142857142857146,11.18997812977099,37.74361557894738,11.491595610687025,40.205867180451136,11.443299694656488,39.32752229323309,1682.0,229.0,1682.0
384.0,147.0,7.09375,1823.9583333333333,1848.2942708333333,1859.2630208333333,0.8984375,0.7526041666666666,3827.5026041666665,2.5484375,0.8230257777706221,45.755208333333336,41.10573119786097,31.187728467914432,41.04175080481284,33.079153665775394,40.9853409171123,33.122915556149735,53620.0,12101.0,52522.0
194.0,94.0,6.778350515463917,1872.340206185567,1880.298969072165,1871.5,0.8556701030927835,0.7577319587628866,3904.010309278351,-0.1773195876288659,-1.1365024573780689,47.11340206185567,37.65195142408377,11.44493856020942,37.27376779581152,12.95345810471204,37.5462795235602,12.227399293193711,4998.0,1462.0,4998.0
150.0,109.0,8.246666666666666,2162.0733333333333,2181.0066666666667,2172.28,0.8533333333333334,0.5333333333333333,4342.08,2.1253333333333333,-0.9533020093083576,66.8,27.956020328244268,18.05507170229008,27.97926460305344,17.98000597709924,27.945850862595417,17.976143687022905,2204.0,286.0,2204.0
153.0,119.0,6.163398692810458,1651.4117647058824,1699.7777777777778,1694.2745098039215,0.8627450980392157,0.6797385620915033,4693.464052287582,1.7705882352941176,-0.6864296011657746,70.0,21.489918345588237,24.870191272058825,21.50709786764706,23.49025208088236,21.59406330882353,23.66859399264705,1753.0,194.0,1713.0
210.0,155.0,7.9,1889.142857142857,1946.409523809524,1910.2142857142856,0.8142857142857143,0.638095238095238,4732.833333333333,0.6414285714285715,-1.11142090717327,66.85714285714286,18.73648864804469,35.26101916201117,19.17221068715084,36.56365396648044,18.81422889944134,35.54916498882682,2964.0,331.0,2964.0
133.0,102.0,6.887218045112782,1793.451127819549,1837.1127819548872,1825.4285714285716,0.8646616541353384,0.6992481203007519,3680.218045112782,1.0293233082706768,-1.2734388332676605,61.12781954887218,26.69880319834711,23.55339509090909,26.723818528925623,24.37196864462809,26.50410939669422,24.260468256198344,2748.0,453.0,2724.0
226.0,162.0,4.721238938053097,1226.6371681415928,1287.845132743363,1271.5575221238937,0.8230088495575221,0.7831858407079646,3442.075221238938,1.6367256637168144,-0.1904837505148842,64.070796460177,24.21787372081219,8.053784380710661,24.252388969543144,8.795334035532996,24.312840502538076,9.169226553299495,5470.0,634.0,5460.0
207.0,150.0,5.7729468599033815,1557.7971014492753,1608.5217391304348,1579.2028985507247,0.8067632850241546,0.7004830917874396,4052.652173913044,1.3903381642512076,-0.943856164745582,65.26570048309179,23.64386556914894,7.698857984042551,23.715477590425536,6.952954329787232,23.975419239361702,7.740597877659572,4027.0,328.0,4014.0
306.0,159.0,8.869281045751634,1963.8169934640523,1987.5228758169933,2010.8366013071893,0.8660130718954249,0.5032679738562091,3846.640522875817,2.2513071895424845,-0.114068012918844,60.09803921568628,28.79952641176469,6.8171469137255,28.78366252941176,7.33571761960785,28.75967658102765,6.1158100118577154,9066.0,2956.0,9060.0
277.0,162.0,7.086642599277979,2006.1263537906136,2087.5631768953067,2054.1516245487364,0.8158844765342961,0.4945848375451263,3704.555956678701,1.1346570397111917,-0.666921437597253,61.191335740072205,36.58375794650205,18.37295949382716,33.35336490123458,22.69535802880658,34.66347296707819,20.809891991769547,10857.0,2265.0,10760.0
518.0,194.0,8.467181467181467,2126.1949806949806,2166.108108108108,2157.930501930502,0.888030888030888,0.528957528957529,4385.563706563707,1.0283783783783784,-2.3424018882000444,64.92277992277992,39.68434014314116,4.523029071570578,40.1310132246521,5.253533246520877,39.56857081908549,4.4769826103379735,182141.0,23151.0,182131.0
338.0,152.0,8.621301775147929,2205.3076923076924,2309.7958579881656,2296.079881656805,0.6923076923076923,0.4053254437869822,3800.683431952663,3.813313609467455,-1.035240475600486,55.59171597633136,37.38225356957929,10.289554572815533,37.20930434627832,10.630164508090614,37.193952533980585,10.659268229773462,36250.0,6658.0,36250.0
165.0,131.0,7.442424242424242,2247.072727272727,2291.7454545454543,2277.6848484848483,0.8363636363636363,0.6666666666666666,5349.0,0.8496969696969696,-1.4890263530289316,61.15151515151515,11.835764513888892,50.138100854166666,11.704349791666663,50.2242748125,11.767536597222222,49.59633321527778,1917.0,215.0,1660.0
196.0,148.0,9.46938775510204,2827.816326530612,2802.938775510204,2865.1071428571427,0.826530612244898,0.5,5099.081632653061,1.1724489795918367,-0.8752877534435781,56.58163265306123,23.822522865168544,17.878631213483146,23.434168775280902,17.111582842696627,23.65190208988764,16.628915539325842,2124.0,356.0,2124.0
158.0,127.0,7.424050632911392,1924.5443037974685,1992.025316455696,1973.272151898734,0.7658227848101266,0.5632911392405063,4169.265822784811,0.6550632911392406,-2.22745644122103,53.607594936708864,25.450446575342465,30.139361506849315,24.445443356164382,31.780276780821914,24.231606164383564,26.532774520547942,1261.0,230.0,1251.0
408.0,207.0,5.715686274509804,1403.4411764705883,1440.3308823529412,1424.595588235294,0.8529411764705882,0.7598039215686274,3099.813725490196,-0.2193627450980396,-0.9862312799231394,46.22549019607843,37.49389387786256,15.98472765903308,37.23679526972007,15.784835045801524,37.53635501526714,15.406377819338422,32393.0,10275.0,32387.0
211.0,170.0,6.232227488151659,1621.9336492890995,1660.4881516587675,1646.255924170616,0.7914691943127962,0.6966824644549763,4173.857819905214,1.6796208530805683,0.4083114842328335,58.67298578199052,23.16524369109948,18.196616884816752,22.85493732984293,17.819230392670157,23.106202157068065,14.01801823036649,2012.0,298.0,2012.0
272.0,162.0,7.080882352941177,1622.514705882353,1680.9779411764705,1671.6764705882354,0.7463235294117647,0.5772058823529411,4279.113970588235,0.4433823529411765,-1.1425447893569654,46.91176470588236,28.008860343749973,30.057090726562503,26.756505480468743,17.345714203125002,25.5419249921875,5.330837445312505,4566.0,1873.0,4566.0
148.0,119.0,9.216216216216216,2417.1824324324325,2469.75,2451.5405405405404,0.8648648648648649,0.6283783783783784,4745.858108108108,1.395945945945946,-0.8967484287555592,63.04054054054054,18.3053388,21.60415443801653,18.39576788333334,21.298044851239663,18.32701038333333,21.591826256198345,1478.0,216.0,1468.0
348.0,195.0,5.313218390804598,1279.1867816091954,1316.7614942528735,1307.692528735632,0.8620689655172413,0.7212643678160919,3204.810344827586,1.4623563218390805,-2.2671852712615146,65.57471264367815,16.72246611377246,46.65591286227546,16.567947143712576,46.437971266467066,17.14844663473054,46.471446904191616,18028.0,1844.0,18018.0
334.0,154.0,12.020958083832337,2873.2125748502995,2889.3982035928143,2912.452095808383,0.8562874251497006,0.4461077844311377,5277.188622754491,1.3398203592814386,-0.9443172087524342,55.538922155688624,29.751109783950607,-6.050399466049401,29.78739404320987,-6.581892799382735,29.771411728395048,-6.184880546296315,57025.0,10970.0,57024.0
339.0,156.0,9.952802359882003,2547.0029498525078,2609.2064896755164,2607.6106194690265,0.6637168141592921,0.3126843657817109,5177.424778761062,2.447492625368732,-2.0189721089656607,55.07374631268437,29.94689874153846,24.680709553846157,30.5679910276923,24.50583094769231,30.35481391076923,24.41764007692308,43056.0,8550.0,43042.0
466.0,155.0,8.881974248927039,1994.802575107296,2046.851931330472,2020.716738197425,0.8755364806866953,0.4935622317596566,3537.716738197425,-1.5690987124463516,-0.2496440994095727,68.24034334763948,38.16528344196429,9.630913004464285,38.15727339732143,9.6386945,38.19214625446429,9.646269700892857,119163.0,15516.0,119143.0
267.0,168.0,7.850187265917603,2094.4681647940074,2124.325842696629,2110.775280898876,0.7752808988764045,0.50187265917603,5037.842696629214,1.1629213483146066,-0.3118630909851028,61.647940074906366,22.102697149193546,18.39871921370968,21.884863794354835,17.458732649193546,22.166366294354837,15.741900955645164,6276.0,838.0,6176.0
704.0,229.0,6.485795454545454,1488.3607954545455,1478.8948863636365,1483.6548295454545,0.8948863636363636,0.7798295454545454,4179.768465909091,3.0460227272727267,-1.5137076640899505,67.96875,37.43805551047904,22.084499124251497,37.48170491167664,21.566501983532937,37.43828600449102,21.743209842814373,262301.0,32784.0,262068.0
259.0,174.0,4.857142857142857,1159.6949806949806,1197.034749034749,1170.857142857143,0.8223938223938224,0.7915057915057915,3721.7258687258686,1.447876447876448,-0.15236951730922,64.9034749034749,25.490601087866104,34.161086242677825,26.144550251046027,33.95047385774059,26.22102163179916,34.72690067782427,4461.0,481.0,4461.0
343.0,187.0,5.743440233236152,1393.5160349854227,1483.7201166180755,1447.2274052478135,0.7113702623906706,0.760932944606414,3833.087463556851,0.275801749271137,-1.5429365830250827,48.075801749271136,27.30363129102167,-13.444747080495366,27.5739160743034,-14.224122055727566,28.27028700309597,-13.294419207430352,7944.0,3357.0,7944.0
311.0,202.0,6.247588424437299,1508.0996784565916,1559.2122186495176,1542.5048231511255,0.8553054662379421,0.6977491961414791,4002.369774919614,1.806109324758843,0.0374082373778686,61.768488745980704,17.605483404929572,24.97332882042253,17.32131263028169,24.75034815140844,17.112473264084507,24.96034470070422,7543.0,1049.0,7543.0
389.0,211.0,5.920308483290489,1642.0359897172236,1647.969151670951,1661.6863753213368,0.7043701799485861,0.8149100257069408,4898.66323907455,0.5565552699228792,-0.3864571168014278,55.552699228791774,24.588651588235297,-15.2729487406417,25.572862288770047,-20.71751538235292,24.803422417112294,-17.28323355347592,22660.0,3678.0,22605.0
200.0,155.0,5.82,1468.345,1525.09,1494.69,0.87,0.65,3765.995,0.633,-0.5400218936411817,65.5,20.30542188700565,24.64636385310735,19.87743070056497,25.428548994350283,20.148496971751417,25.542956564971757,2058.0,274.0,2040.0
336.0,194.0,9.291666666666666,3142.5,3083.4880952380954,3159.5,0.7648809523809523,0.5565476190476191,5253.199404761905,2.3244047619047614,-0.8118305617224334,52.94642857142857,27.93842512698413,6.02973565079364,27.859096015873018,6.438521746031738,27.841118587301587,6.306629142857136,14089.0,2626.0,14089.0
285.0,221.0,7.421052631578948,2009.480701754386,2055.1859649122807,2001.6912280701756,0.7298245614035088,0.6631578947368421,4402.536842105264,1.2273684210526314,-0.4121411445944051,48.21052631578947,20.25092177090909,18.316822243636363,20.919944483636364,18.0065702,20.202281094545448,24.613455065454545,2704.0,463.0,2703.0
731.0,263.0,7.087551299589603,1664.6019151846783,1715.827633378933,1692.8796169630643,0.86593707250342,0.6566347469220246,3480.5020519835844,1.6536251709986325,-1.9088845380223367,68.03009575923393,28.006512543918923,48.5155064206081,28.687070820945944,46.92578772972973,28.774893016891887,46.56207480067568,175924.0,19948.0,171825.0
350.0,200.0,7.674285714285714,1764.5057142857142,1814.1142857142856,1799.02,0.8085714285714286,0.6114285714285714,4285.994285714286,1.6545714285714292,-1.0081410362472136,58.65714285714286,24.79603418380062,32.648408295950155,24.98144096573209,32.3309636635514,24.20473457943925,32.83817026791277,11536.0,1648.0,11536.0
456.0,234.0,9.070175438596491,2139.118421052632,2190.4451754385964,2173.741228070176,0.7412280701754386,0.5197368421052632,4548.403508771929,2.228947368421053,-1.3939378036422023,62.80701754385965,26.45739506650832,31.01021743705464,25.116310365795734,33.1865576888361,25.44855135629454,33.1782959239905,28577.0,4031.0,28205.0
219.0,158.0,7.598173515981735,1960.890410958904,2020.958904109589,1993.0045662100456,0.7671232876712328,0.6484018264840182,4028.557077625571,0.9159817351598174,-0.7223258334195526,61.7351598173516,24.03166152475248,26.683000410891086,23.883249475247528,26.17508293069307,23.87952802475248,26.141693806930693,2966.0,367.0,2954.0
168.0,145.0,7.113095238095238,1752.8809523809523,1809.125,1795.422619047619,0.7619047619047619,0.6547619047619048,4834.684523809524,0.5333333333333333,-0.1949685626416166,61.90476190476191,17.99754255033557,26.479098476510064,17.994804630872483,34.50355572483221,17.71746932885906,31.373847738255037,1552.0,232.0,1552.0
452.0,173.0,18.8141592920354,3937.2300884955753,3996.466814159292,3960.772123893805,0.8075221238938053,0.247787610619469,5147.546460176991,-1.815265486725664,-2.624915686891854,70.35398230088495,29.647149576659004,59.4095590389016,29.98751383295191,56.219419496567504,30.102677997711638,57.88141354691074,92369.0,9146.0,92353.0
231.0,168.0,5.874458874458875,1481.5411255411254,1512.6103896103896,1500.7099567099567,0.8528138528138528,0.7489177489177489,3645.9220779220777,0.7541125541125541,-0.9612329249199472,66.19047619047619,10.469865168367347,17.04183305612245,11.778538122448982,16.803411454081633,10.302776719387756,17.443105739795914,6989.0,709.0,6831.0
367.0,206.0,7.506811989100817,1841.8446866485012,1884.50136239782,1869.6948228882836,0.6130790190735694,0.553133514986376,3629.790190735695,1.8762942779291556,-2.241096525950069,46.212534059945504,29.282162132947985,41.09938148265896,28.398466005780342,40.05709548554915,28.51304594797688,40.30411635549133,7143.0,1620.0,7084.0
733.0,229.0,5.757162346521146,1493.3110504774895,1555.8158253751706,1565.5852660300136,0.6889495225102319,0.7053206002728513,4354.899045020464,2.397135061391541,-1.0624710039620051,57.39427012278309,43.02556429831931,3.105949732492994,43.37019711064424,3.210944798319325,43.24184085014003,3.2920972310924346,195764.0,26621.0,195746.0
1347.0,263.0,24.63177431328879,9963.063845582776,9981.210838901265,9954.680772086118,0.5731254639940608,0.1596139569413511,11705.780994803266,3.4023014105419453,-0.2613562199771051,50.25241276911655,46.99210509509432,-6.620519658867939,46.9674981479245,-5.717970065660391,46.78866971396224,-9.987213721509445,545313.0,116776.0,545290.0
403.0,273.0,8.662531017369727,2195.24317617866,2249.2034739454093,2189.481389578164,0.6923076923076923,0.5508684863523573,4525.952853598015,1.4875930521091811,-0.0901324505815075,46.2531017369727,37.453120498721226,11.86749781329923,37.81360270588235,10.62779400255754,37.37259444501279,10.746993176470584,5140.0,1152.0,5140.0
266.0,206.0,6.240601503759399,1581.2932330827068,1629.5187969924812,1620.5037593984962,0.7593984962406015,0.6804511278195489,4937.902255639097,1.018045112781955,-0.69873742322132,52.66917293233082,19.75289862605042,19.957123911764704,19.93436589495798,21.14413019747899,19.99825459243697,25.39948601260504,3214.0,541.0,3209.0
274.0,200.0,6.660583941605839,1821.058394160584,1865.3321167883207,1842.2153284671533,0.8394160583941606,0.7335766423357665,4063.5,0.554014598540146,-0.7270465651000377,56.05839416058394,18.54199031153846,18.231717107692315,19.440055773076924,18.780658984615396,19.442860157692305,18.624071138461545,2958.0,487.0,2958.0
196.0,154.0,5.428571428571429,1243.7397959183672,1285.1173469387754,1278.091836734694,0.8469387755102041,0.7346938775510204,3335.6479591836733,0.3836734693877551,-0.8532403690411702,63.41836734693877,22.269050023121387,16.312430953757225,21.821917826589598,17.01589371098266,21.861776612716763,15.394626774566472,2282.0,342.0,2272.0
335.0,182.0,4.75820895522388,1343.4865671641792,1371.8328358208955,1365.1253731343284,0.7880597014925373,0.8865671641791045,3436.5522388059703,1.1185074626865674,-0.9362240890126732,60.08955223880597,23.49177447452229,50.325255308917214,23.64846689490446,48.19514272929938,23.434346353503184,50.53655499044588,44918.0,4717.0,44892.0
459.0,196.0,6.485838779956427,1553.6470588235295,1540.3769063180828,1550.507625272331,0.6470588235294118,0.7015250544662309,4112.165577342048,1.197385620915034,-1.5143849230835882,51.93899782135076,36.09257956651374,17.335264594036712,36.00517733486236,17.380743905963318,36.303734956422005,17.55634301146791,31655.0,8960.0,31536.0
379.0,179.0,9.725593667546176,2489.1583113456463,2514.807387862797,2513.3271767810024,0.8100263852242744,0.5092348284960422,4147.097625329815,1.257255936675462,-2.0592727735546905,67.0712401055409,34.51103799444444,18.69202188888889,34.38873682222222,18.857691175,32.86223928055556,22.51251358333333,128724.0,12455.0,128724.0
463.0,163.0,4.14902807775378,1089.358531317495,1116.2397408207344,1076.816414686825,0.9287257019438444,0.8855291576673866,3981.669546436285,1.0025917926565877,-1.827735240998631,72.44060475161987,29.98965013616076,22.923439832589327,29.866010850446475,22.5118320870536,29.80702004687504,22.859021618303608,94483.0,11138.0,94483.0
229.0,149.0,5.275109170305677,1171.240174672489,1219.598253275109,1208.5676855895197,0.8471615720524017,0.7379912663755459,3749.681222707424,0.3336244541484714,-0.4753508146665715,59.03930131004367,17.28196159047619,20.80711568095239,17.218443666666666,20.551285442857157,17.239743142857144,20.95379857142858,8592.0,910.0,8583.0
339.0,186.0,4.991150442477876,1093.1858407079646,1135.2772861356932,1129.4188790560472,0.8672566371681416,0.7256637168141593,3391.1592920353983,1.6061946902654884,0.4636636098850173,41.12094395280236,30.796273,3.361727098765433,30.499884234567897,4.502824990740742,30.693696086419752,4.086457469135803,11193.0,8490.0,11165.0
343.0,248.0,6.227405247813411,1563.3061224489795,1602.5014577259476,1593.0291545189505,0.7988338192419825,0.6938775510204082,3379.985422740525,1.8352769679300287,-0.1146302988589633,61.137026239067055,18.024038550632916,32.872505705696206,18.613115860759496,32.64994644620254,18.44920691455696,32.73218426265823,5711.0,810.0,5711.0
171.0,151.0,6.7368421052631575,1660.0233918128654,1720.2631578947369,1692.017543859649,0.8187134502923976,0.5789473684210527,4332.783625730995,0.905847953216374,-1.3916869587007183,63.74269005847953,21.39427857534247,18.78190286986301,20.938393117241382,18.337649165517245,21.086169671232877,18.946391294520545,1465.0,214.0,1455.0
306.0,127.0,6.696078431372549,1586.9019607843138,1619.0424836601308,1621.748366013072,0.8921568627450981,0.5228758169934641,3410.6666666666665,-0.1699346405228759,-2.173836179482977,52.94117647058823,36.95727416107385,10.969772842281891,37.003657483221495,10.894821734899342,37.05626567114096,10.893354486577191,39816.0,11770.0,39796.0
264.0,147.0,8.106060606060606,1907.8030303030305,1903.465909090909,1897.7689393939395,0.8977272727272727,0.4621212121212121,5347.045454545455,1.7852272727272729,-0.741533554216508,64.20454545454545,34.838597437246975,-2.1973996356275296,34.69887294331984,-2.402023967611335,34.764033550607294,-2.2749410526315788,22857.0,3639.0,22857.0
242.0,154.0,7.223140495867769,1711.0867768595042,1759.5454545454545,1752.0495867768595,0.9049586776859504,0.6033057851239669,3422.8925619834718,0.560330578512397,-0.3258980612328521,59.62809917355372,12.02497935840708,27.39575495575221,11.649830730088496,27.27898402654867,11.645176703539825,27.462606106194684,6623.0,1396.0,6623.0
222.0,161.0,6.486486486486487,1526.8333333333333,1580.936936936937,1564.7837837837835,0.8153153153153153,0.6576576576576577,4144.324324324324,1.525225225225225,-0.8415050323568517,62.7927927927928,24.32090458128079,21.89517663546798,25.080199162561584,21.89788725615764,24.567138866995077,21.90460275862069,4698.0,562.0,4532.0
275.0,197.0,7.632727272727273,1826.68,1874.8945454545456,1872.3745454545451,0.8072727272727273,0.6181818181818182,3854.687272727273,0.5454545454545453,-1.4606017492995234,52.0,20.216819619771865,21.91812619771863,20.63817764258556,20.89136482889733,20.52401174904944,20.9638808365019,6095.0,1073.0,6075.0
191.0,134.0,5.345549738219895,1191.4712041884816,1249.2251308900525,1224.890052356021,0.7696335078534031,0.7591623036649214,3485.0418848167537,1.193717277486911,-0.9020757617289068,57.59162303664922,26.175953614942525,30.58816579885057,27.025788,30.700349416184967,26.71332516763006,30.265705832369942,2753.0,476.0,2745.0
384.0,222.0,4.916666666666667,1217.7942708333333,1252.7005208333333,1242.9479166666667,0.7161458333333334,0.7395833333333334,3370.0182291666665,0.1971354166666666,-0.8324808140633193,52.942708333333336,29.51926748571428,15.969727928571425,29.965813628571414,16.77131527142857,30.007311999999988,16.75105727142857,10432.0,2364.0,10420.0
190.0,141.0,6.221052631578948,1545.7263157894736,1604.1263157894737,1571.7157894736845,0.8473684210526315,0.6526315789473685,3242.721052631579,0.3357894736842106,-1.80228297664386,55.578947368421055,26.194629055555563,27.517164604938262,23.208636697530867,29.75642388888889,26.05638257407408,27.495823802469125,2647.0,366.0,2647.0
211.0,159.0,8.649289099526067,2095.298578199052,2152.521327014218,2124.270142180095,0.7867298578199052,0.7203791469194313,3969.872037914692,1.236018957345972,-0.1022195224906661,53.17535545023696,16.945964768817205,24.853601962365595,16.52001476881721,24.69883253763441,16.84265697311828,24.614884596774196,3261.0,511.0,3063.0
201.0,166.0,5.303482587064677,1239.1990049751244,1273.825870646766,1261.9203980099503,0.7910447761194029,0.7810945273631841,3545.1144278606967,0.0646766169154227,-1.0487407117872074,56.66666666666666,21.33759044565217,15.24838180978261,21.447907891304347,14.124425086956522,21.53148658695652,14.628941282608697,1536.0,285.0,1536.0
503.0,202.0,8.41948310139165,1925.4572564612329,2021.248508946322,2020.2504970178927,0.8966202783300199,0.4314115308151093,4365.948310139165,0.3427435387673956,0.0072300241993878,64.55268389662028,36.27874125773198,2.8171971216494827,37.67269392783505,-0.9829132680412372,37.39667660824742,-0.7098630907216494,126901.0,18326.0,126856.0
441.0,210.0,6.192743764172335,1817.047619047619,1852.1133786848072,1848.7913832199547,0.8503401360544217,0.6485260770975056,3736.707482993197,1.724943310657597,-0.1824826380577267,60.31746031746032,29.02781290865385,-7.91833661538456,28.571951346153853,-6.314434314903791,28.749933125,-6.993733233173018,100999.0,4941.0,100987.0
336.0,174.0,5.913690476190476,1383.095238095238,1437.235119047619,1337.2886904761904,0.7202380952380952,0.75,4310.645833333333,2.7502976190476187,0.1259430460172754,55.98214285714285,30.846420182108627,7.875579281150159,30.871253600638987,7.803895782747602,30.846721875399364,7.768372980830671,34643.0,6537.0,34643.0
382.0,215.0,8.25916230366492,2018.6806282722516,2028.9842931937171,2000.4816753926705,0.8141361256544503,0.4973821989528796,3938.638743455497,-0.8772251308900524,-1.0369197323634451,65.44502617801047,20.4569847890625,20.57397887890625,20.4740395546875,19.96491055859375,20.90112278125,21.56242876171875,84727.0,8784.0,84711.0
390.0,229.0,5.966666666666667,1491.5410256410255,1537.123076923077,1525.948717948718,0.7205128205128205,0.782051282051282,4179.851282051282,1.7469230769230777,-1.270906833673881,58.1025641025641,31.915311092391303,-7.226987540760871,31.42442272282609,-12.948126807065217,31.343795831978326,-10.940285243902435,9027.0,1428.0,9003.0
230.0,173.0,5.665217391304348,1502.0565217391304,1558.7478260869566,1544.2304347826089,0.7869565217391304,0.7913043478260869,3745.643478260869,-0.0752173913043478,-1.8367677675563183,57.391304347826086,26.45831245588236,13.126625740196078,26.63265321078432,15.119658583333331,26.48973779901961,14.563439857843136,3249.0,540.0,3205.0
541.0,254.0,9.863216266173753,2663.029574861368,2684.4085027726437,2678.9500924214417,0.8539741219963032,0.5268022181146026,4787.408502772643,1.5576709796672832,-0.5399090945421148,75.91497227356747,35.72486687920792,28.62219988514852,35.94866331881188,26.953165106930697,36.051651497029695,27.42264635445545,74256.0,7450.0,73246.0
495.0,247.0,8.327272727272728,1911.519191919192,1937.319191919192,1947.9434343434343,0.8383838383838383,0.4848484848484848,3868.779797979798,-0.8828282828282823,-2.5295714205370903,60.2020202020202,27.297016040860218,27.255696795698903,27.353401744086025,27.820049010752665,27.544808260215056,27.382222172043,70130.0,13265.0,69980.0
347.0,246.0,7.665706051873199,1847.9682997118157,1883.5302593659944,1884.778097982709,0.7867435158501441,0.5129682997118156,4269.847262247838,-0.0397694524495678,-1.6748003847678214,57.89625360230548,24.847498293939392,16.362122927272722,25.337077718181817,15.564617696969696,25.10341629393939,14.481930657575754,4411.0,685.0,4380.0
318.0,242.0,8.11006289308176,1996.132075471698,2009.801886792453,2030.427672955975,0.8018867924528302,0.5534591194968553,4111.0157232704405,1.0437106918238994,-0.552384455292196,54.18238993710692,27.73180022807018,25.414199771929827,28.354129635087723,25.11856348421053,28.29513910877193,24.803264747368424,3255.0,494.0,3255.0
379.0,201.0,11.068601583113455,3198.0554089709763,3215.401055408971,3228.9287598944597,0.8179419525065963,0.4485488126649076,5270.88654353562,1.9572559366754616,-0.0398977356209557,52.45382585751979,29.43014983651226,-2.080990111716615,31.503838414168936,-4.3744501198910015,29.01080168937329,-0.5644269046321467,34636.0,6658.0,34624.0
264.0,201.0,8.803030303030303,2280.704545454545,2277.223484848485,2288.867424242424,0.7310606060606061,0.5,5004.598484848485,0.7666666666666666,-1.2143283385450123,52.99242424242424,27.16179179607844,22.93089533333333,25.88967320784314,23.14154423529411,26.47287834509804,22.279517584313727,2309.0,412.0,2309.0
509.0,244.0,6.662082514734774,1587.335952848723,1634.6168958742633,1644.1414538310412,0.7996070726915521,0.75049115913556,3558.6267190569743,2.2500982318271125,-0.6425404719899368,55.36345776031434,29.943254167441857,-2.605453232558129,30.64473883255814,-5.086143811627901,30.70016713488372,-3.443728518604644,30977.0,5708.0,30951.0
657.0,271.0,7.628614916286149,1792.0395738203958,1805.89802130898,1804.2252663622528,0.665144596651446,0.680365296803653,4014.624048706241,1.3593607305936068,-1.0800047596543731,53.37899543378995,27.714050055467517,47.29588823259492,25.931480333333337,48.51838375474682,27.44623675396825,47.11724581170884,79211.0,11644.0,79104.0
458.0,231.0,5.87117903930131,1530.3449781659388,1567.5786026200874,1558.8602620087336,0.631004366812227,0.6746724890829694,3571.065502183406,2.539956331877729,-1.119131192072842,51.17903930131004,27.344969616470596,19.761462882352937,25.671319571764705,22.32596227058823,27.63716358117647,21.201734882352945,10466.0,2009.0,10070.0
363.0,202.0,8.173553719008265,1984.8760330578511,1999.0247933884295,2010.707988980716,0.859504132231405,0.4573002754820937,3933.212121212121,-0.8603305785123962,-0.653253679854856,59.146005509641874,22.195271582822087,-2.226583969325162,21.98452155214724,-2.5552100736196404,22.09975903680981,-2.465619122699396,18199.0,3254.0,18124.0
285.0,168.0,5.87719298245614,1560.038596491228,1594.164912280702,1585.6456140350876,0.7052631578947368,0.7017543859649122,4976.568421052632,0.0614035087719296,-0.7529212553778375,53.68421052631579,24.172987468401487,-9.168817973977696,23.127732591078065,-8.316026624535324,24.36441746840149,-9.385049029739776,6340.0,1281.0,6340.0
326.0,203.0,8.484662576687116,2106.8742331288345,2165.0337423312885,2139.493865030675,0.7239263803680982,0.3773006134969325,3858.466257668712,1.2110429447852755,-2.0103750210790303,52.23926380368098,25.20280934200744,26.108419802973984,24.878616301115247,26.80967395539033,24.92182995539034,28.10925065799257,4371.0,786.0,4371.0
506.0,152.0,11.719367588932808,2512.0494071146245,2556.01185770751,2572.6660079051385,0.8517786561264822,0.4011857707509881,4815.99604743083,2.2146245059288514,-3.8742716340301113,46.798418972332016,31.74607242767296,-14.454319136268326,31.20000011111111,-12.93268815723269,31.794086484276725,-14.1710099601677,70694.0,15682.0,70694.0
282.0,178.0,6.379432624113475,1568.8971631205677,1605.0354609929077,1600.209219858156,0.8404255319148937,0.6950354609929078,3653.797872340425,1.3124113475177306,-1.4118950834432609,60.49645390070922,28.704401431818184,17.944263579545453,28.75229211363636,19.88347570075758,29.050209121212124,15.774096405303029,8476.0,1086.0,8476.0
314.0,188.0,6.710191082802548,1573.4649681528665,1604.8535031847134,1619.5796178343949,0.8280254777070064,0.7388535031847133,4525.675159235669,1.9423566878980896,-0.9437110017482836,67.32484076433121,32.83721056228956,-18.41594668013468,33.10663705050505,-17.09307505723906,33.27160803030303,-17.150526922558925,45210.0,4417.0,45210.0
337.0,180.0,6.682492581602374,1615.753709198813,1632.727002967359,1641.9970326409496,0.8635014836795252,0.6053412462908012,3738.06824925816,0.1338278931750746,-2.301486350413182,57.47774480712166,32.155051430921056,21.50501404276316,32.40309440131579,21.082240555921054,32.26316041118421,23.355947069078947,18917.0,3118.0,18900.0
327.0,180.0,5.755351681957187,1419.021406727829,1447.926605504587,1457.9633027522937,0.7828746177370031,0.7155963302752294,3531.262996941896,0.3489296636085625,-1.2373386609958554,60.21406727828746,25.72209185551331,26.059097908745247,25.77879132319392,26.566853399239537,26.07321227376426,25.848644752851705,14082.0,2255.0,14036.0
348.0,194.0,8.540229885057471,2219.1436781609195,2236.7672413793102,2217.9913793103447,0.8218390804597702,0.4827586206896552,4077.2241379310335,0.2382183908045978,-0.7674016193953078,59.54022988505747,27.8795876858006,11.974984909365554,27.98009431117825,11.759806450151054,27.90580904531722,12.051108987915404,13881.0,2385.0,13880.0
227.0,139.0,9.480176211453744,2137.6872246696034,2154.1057268722466,2163.4625550660794,0.73568281938326,0.5330396475770925,3812.480176211454,0.5105726872246696,-2.814735157152843,53.70044052863436,31.399488123222746,19.25765117535545,31.39079760189573,17.142992549763033,31.460660635071083,19.201546436018955,5553.0,1612.0,5543.0
255.0,155.0,7.647058823529412,2058.737254901961,2088.2980392156865,2084.807843137255,0.792156862745098,0.5490196078431373,4275.250980392157,0.7643137254901959,-1.3977093369016305,59.76470588235294,24.336317722689078,20.27607995378151,24.440892147058825,19.84529271428572,24.22709669747899,18.566234340336138,6251.0,811.0,6241.0
506.0,196.0,13.460474308300396,3600.905138339921,3651.312252964427,3644.258893280633,0.6996047430830039,0.4407114624505929,9934.128458498024,1.182213438735178,-2.0946092857265923,50.61264822134388,29.535310294605814,16.99330467842326,29.04114934024897,15.033338261410815,29.29377450622408,16.506410045643182,84150.0,13023.0,84120.0
387.0,187.0,8.682170542635658,2435.8165374677,2466.870801033592,2451.046511627907,0.8475452196382429,0.359173126614987,4938.922480620155,1.1987080103359176,-1.6296040805679624,49.6640826873385,29.21522987935656,7.879149120643427,26.776676501340475,6.333214616621982,27.011037546916885,7.577499603217151,16508.0,7903.0,16488.0
239.0,178.0,8.129707112970712,2146.1129707112973,2186.5355648535565,2171.7112970711296,0.8577405857740585,0.5188284518828452,3823.062761506276,0.8259414225941419,-0.8290344063750571,59.41422594142259,23.175601204761904,18.27585948095238,23.129297895238093,17.976109528571428,23.25383556190476,17.207194480952385,2622.0,372.0,2582.0
257.0,176.0,5.968871595330739,1507.84046692607,1546.4902723735408,1527.1945525291828,0.7509727626459144,0.7976653696498055,4405.428015564203,-0.0081712062256808,-0.893958429009383,49.14396887159533,25.77027607142857,-1.7726143781512598,25.325322710084038,10.33148381512605,25.94358492436975,19.939502302521007,2625.0,717.0,2625.0
272.0,183.0,6.845588235294118,1767.1286764705883,1803.5698529411768,1795.4963235294117,0.7389705882352942,0.6764705882352942,3816.268382352941,2.038970588235294,-0.7316909600391495,55.18382352941177,27.246698416,24.001758415999998,27.590276295999995,24.747518016,27.122091535999992,24.435360016,4103.0,726.0,4103.0
549.0,188.0,4.795992714025501,1205.063752276867,1259.1657559198543,1251.377049180328,0.6247723132969034,0.843351548269581,2737.952641165756,2.8009107468123853,-1.9322803248524836,53.40619307832423,34.02716983632731,-40.77123360279442,33.77736038922153,-41.351574708582895,33.24764209181634,-41.69257724950115,122760.0,28567.0,122720.0
296.0,190.0,6.510135135135135,1711.0101351351352,1763.2601351351352,1760.9527027027027,0.7668918918918919,0.7162162162162162,3645.074324324324,0.527027027027027,-0.6666474509213122,58.44594594594594,28.822017637037035,5.266127877777778,29.10595831851852,6.358969788888889,25.944601588888887,6.119473740740738,5401.0,741.0,5371.0
455.0,246.0,6.041758241758242,1671.131868131868,1649.3538461538462,1673.8307692307692,0.6659340659340659,0.7142857142857143,3543.2747252747254,0.9415384615384615,-1.275008489477155,51.95604395604396,33.53796454298643,12.755033852941173,34.715868106334845,-3.6700542918552,33.927676850678736,10.262313128959274,12972.0,2711.0,12962.0
232.0,165.0,6.418103448275862,1633.280172413793,1639.521551724138,1646.5818965517242,0.8103448275862069,0.6206896551724138,4027.379310344827,0.9616379310344826,-0.5086458235486881,62.1551724137931,24.270431883177565,26.55195828971963,24.2753033364486,26.33932809813084,24.435535906542054,27.423951742990653,3146.0,428.0,2783.0
271.0,159.0,9.18081180811808,2234.2324723247234,2278.749077490775,2259.6974169741698,0.7490774907749077,0.5904059040590406,4171.033210332103,-0.845756457564576,-1.8852090078151584,49.37269372693727,31.66571798069497,28.1753326061776,33.30655253667954,25.93588225868725,32.11540740154441,28.983295965250964,4953.0,998.0,4953.0
323.0,168.0,10.613003095975232,3021.9040247678017,3075.510835913313,3069.808049535604,0.7275541795665634,0.56656346749226,4977.520123839009,2.620743034055727,-0.0575565413232058,54.14860681114551,29.196484104761907,-8.162437692063495,30.007633184126988,-6.368114104761906,29.94135106666668,-5.911661714285717,13049.0,2123.0,13049.0
322.0,210.0,7.677018633540372,1996.527950310559,2037.170807453416,2030.72049689441,0.8012422360248447,0.6645962732919255,4220.310559006211,1.3689440993788822,-2.4588200808958334,60.807453416149066,19.52803031972789,33.84734912244898,19.67930384013605,33.68698640136054,19.47598548979592,33.76475761564626,6737.0,1180.0,6695.0
425.0,165.0,15.35058823529412,3516.72,3550.661176470588,3551.917647058824,0.908235294117647,0.4705882352941176,5661.367058823529,1.435764705882353,-1.8741461545749452,57.55294117647059,28.38059520646766,6.543666713930349,28.393995330845776,5.787774184079602,27.284723191542295,-9.248282298507442,56617.0,8692.0,56607.0
494.0,229.0,12.2165991902834,2959.1032388663966,3026.9858299595144,3005.1174089068827,0.9089068825910932,0.5870445344129555,4804.993927125506,0.6965587044534413,-1.4319698871085342,63.78542510121458,32.99473817811153,16.36924091630901,32.77792530901282,18.713090358369094,32.83504493776819,18.575012804721027,98123.0,11041.0,97383.0
232.0,171.0,5.857758620689655,1550.6637931034484,1576.728448275862,1575.030172413793,0.8405172413793104,0.7198275862068966,3638.771551724138,1.0189655172413794,-0.9834723665481768,63.23275862068966,8.90415325229358,43.099109857798176,8.49674502752294,44.45584109633028,8.617090211009176,43.886094155963306,6313.0,634.0,6313.0
156.0,127.0,6.5256410256410255,1798.224358974359,1850.371794871795,1840.6858974358972,0.717948717948718,0.717948717948718,4056.1346153846152,0.9121794871794872,-0.5040242066939481,58.84615384615385,26.164211204225357,27.298214218309862,25.56764888028169,26.74938222535212,25.712438950704225,27.42029048591549,2191.0,345.0,2172.0
460.0,191.0,19.067391304347822,4308.845652173913,4214.50652173913,4345.739130434783,0.6847826086956522,0.3478260869565217,6186.945652173913,2.595869565217391,-2.1970364062112293,48.630434782608695,32.65182687358916,-23.290028828442424,32.7778925846501,-24.257650950338583,32.63050876975168,-23.884195519187344,40395.0,11264.0,40395.0
224.0,162.0,7.102678571428571,1812.580357142857,1829.125,1820.071428571429,0.8482142857142857,0.625,4124.111607142857,-0.350892857142857,-1.1622692935490655,68.03571428571429,27.82637531219512,22.226802643902435,27.32067553658536,23.45871385365853,27.36303963414634,22.256222926829263,10011.0,1088.0,9995.0
297.0,129.0,12.673400673400671,3245.969696969697,3222.2861952861954,3238.892255892256,0.6868686868686869,0.3164983164983165,5191.73063973064,1.6616161616161629,-0.9372374784118876,66.4983164983165,38.58649351736111,4.327185555555555,38.84776554861111,5.116521527777778,38.6471007048611,5.159545833333332,41418.0,5792.0,41387.0
545.0,151.0,8.258715596330275,1969.822018348624,2024.965137614679,1996.0587155963303,0.8458715596330275,0.4899082568807339,3048.2477064220184,2.332844036697248,-1.0145942734619104,77.22935779816514,34.99041271578947,-30.541258931578906,35.52330826842108,-27.470403142105237,35.43524216315792,-27.779716221052603,539489.0,54116.0,539489.0
212.0,150.0,6.773584905660377,1734.3867924528302,1781.8915094339625,1766.6933962264152,0.7971698113207547,0.6273584905660378,3507.334905660377,1.1919811320754716,-1.606635735063607,68.9622641509434,29.392758226744185,26.597536959302325,29.534372761627907,25.099200563953488,29.78256395348837,26.26819420348837,3913.0,444.0,3913.0
443.0,205.0,6.507900677200903,1605.081264108352,1608.627539503386,1616.3408577878104,0.7584650112866818,0.7020316027088036,4003.821670428894,1.7589164785553046,-1.8020639303939736,64.44695259593679,37.33569001182033,11.540654245862884,37.484811307328606,8.704457768321515,37.89552965248226,9.677265971631206,70606.0,7750.0,69746.0
293.0,179.0,8.129692832764505,2103.3481228668943,2095.3890784982937,2090.1911262798635,0.8805460750853242,0.5290102389078498,4850.399317406143,1.3365187713310582,-0.8994974935186236,62.1160409556314,34.24732238403041,-1.7013128745247152,34.511892840304185,-3.484428950570343,34.47414083269962,-0.9631003155893544,30093.0,4833.0,30093.0
226.0,150.0,6.460176991150442,1615.495575221239,1651.013274336283,1643.716814159292,0.8097345132743363,0.5929203539823009,3814.092920353982,0.534070796460177,-1.433541806055471,55.26548672566372,27.769800685990333,-2.6738709951690813,27.379752884057968,2.632950309178744,27.681742352657,-2.1338676135265686,4118.0,934.0,4118.0
534.0,279.0,9.925093632958802,2327.752808988764,2350.0992509363296,2320.2846441947568,0.7677902621722846,0.4662921348314606,3862.308988764045,1.8200374531835208,-0.5947908522418495,63.29588014981273,34.75811442970297,6.887765118811879,34.680812964356434,8.41999204950495,34.73155002376238,8.377564425742575,54497.0,6368.0,54455.0
323.0,220.0,8.402476780185758,2385.53560371517,2444.6068111455106,2426.6965944272447,0.7461300309597523,0.6099071207430341,4424.402476780186,0.5380804953560371,-1.567212537442493,55.60371517027864,18.91702457377049,22.541418308196715,19.060171504918035,19.994282304918027,19.09738726885245,23.375616416393434,8882.0,1080.0,8860.0
341.0,215.0,7.416422287390029,1939.8475073313784,1974.7126099706743,1961.9442815249267,0.8123167155425219,0.5894428152492669,3535.633431085044,1.6178885630498534,-1.0498127506670598,58.97360703812317,27.30152383774835,34.360495466887414,27.71809067880795,32.221048572847685,27.765323980132457,31.14886992715231,7524.0,1022.0,7480.0
507.0,167.0,8.747534516765286,2533.538461538461,2567.5759368836293,2542.4694280078897,0.7928994082840237,0.4063116370808678,5354.698224852071,1.738658777120316,-1.8333415038110887,61.53846153846154,35.96705128163264,-32.42205222040816,36.04092287755102,-32.68325296122449,36.0318857244898,-32.41184236938776,57304.0,8425.0,57189.0
556.0,185.0,5.785971223021583,1314.2535971223022,1353.769784172662,1342.523381294964,0.9406474820143884,0.8381294964028777,4514.3345323741005,-0.726798561151079,-1.2855863390435245,62.42805755395683,36.069795932000005,28.06450561000002,36.146243064,27.977334816000013,36.092460998,28.001508350000016,168927.0,27785.0,168902.0
363.0,192.0,9.06060606060606,2296.236914600551,2335.9504132231405,2309.826446280992,0.8484848484848485,0.4876033057851239,5158.038567493113,0.9961432506887052,-1.0906336534160963,60.88154269972452,32.30483088081395,27.76590834302325,31.919947595930232,27.778602529069754,32.59231099709302,27.20390863372092,28558.0,3650.0,28428.0
578.0,233.0,9.906574394463668,2193.3546712802768,2241.78892733564,2219.5,0.9048442906574394,0.430795847750865,3629.8096885813143,1.9017301038062264,-1.9523096285929975,58.71972318339101,35.109032111711706,9.89136627927928,35.016505300900896,10.620739612612612,35.09387817477477,9.722628423423425,101423.0,25398.0,101423.0
496.0,264.0,8.076612903225806,2026.024193548387,2050.3245967741937,2054.5504032258063,0.8145161290322581,0.5987903225806451,4118.959677419355,0.2758064516129034,-1.6332860494028596,59.57661290322581,27.14268954901961,35.687741819172096,27.061209882352944,35.744687527233104,27.009075823529415,35.62195462962962,16688.0,1941.0,16656.0
397.0,196.0,7.564231738035264,2317.969773299748,2354.471032745592,2347.3073047858943,0.8136020151133502,0.5289672544080605,4582.055415617128,1.814861460957179,-1.4500617227069708,59.67254408060453,32.52244697289973,-9.40053573441734,31.13444290785908,-11.108750341463413,31.56145509485095,-10.71342659349593,25713.0,4941.0,25713.0
326.0,201.0,5.322085889570552,1405.3680981595091,1457.5184049079755,1436.276073619632,0.8619631901840491,0.7361963190184049,4388.769938650306,1.6469325153374237,-0.3356944519701396,68.92638036809817,15.814251975308643,17.187699271604938,15.559001358024693,17.64404133744856,15.541605185185189,17.72371096707819,20628.0,1927.0,20628.0
877.0,183.0,3.734321550741163,744.8335233751425,832.5689851767389,791.6077537058153,0.7537058152793614,0.928164196123147,4235.66362599772,0.4329532497149374,-0.8014411143288807,63.26111744583808,39.30919840212258,-10.713143484669809,39.7435298584905,1.085388767688687,38.6229391922169,-7.589118260613194,408215.0,60501.0,408211.0
235.0,166.0,7.114893617021276,1703.6468085106385,1718.591489361702,1722.7489361702128,0.8042553191489362,0.5702127659574469,3894.655319148936,2.127659574468085,-0.3706430498041225,56.680851063829785,28.61875337914692,21.153844615023477,27.682265734597152,24.825626629107983,28.298856919431277,22.331890103286387,4529.0,860.0,4529.0
281.0,158.0,8.405693950177936,2057.3451957295374,2117.526690391459,2093.0533807829183,0.8149466192170819,0.4483985765124555,4330.281138790036,0.8213523131672599,-1.5711143683742756,58.220640569395016,35.30806767045454,6.998025928030303,35.40658435606059,7.201315549242426,35.74041975378788,5.527139791666667,25961.0,5134.0,25951.0
292.0,172.0,8.058219178082192,1895.1746575342463,1933.3321917808216,1928.236301369863,0.821917808219178,0.5821917808219178,5571.25,0.3544520547945205,-2.3069415460628817,55.92465753424658,28.81473914705882,9.557379904761902,28.718935801470582,9.76220613186813,28.801830654411763,10.053395875457875,5946.0,1016.0,5874.0
242.0,188.0,7.363636363636363,2096.0743801652893,2143.8305785123966,2135.814049586777,0.8140495867768595,0.5661157024793388,4990.413223140496,0.9392561983471074,-1.5345226738497364,67.43801652892562,26.32152490454545,32.09291516363636,25.80543369545454,34.34689072727272,26.131191422727262,34.46605754545454,3220.0,386.0,3198.0
658.0,254.0,8.524316109422493,1748.047112462006,1818.212765957447,1794.323708206687,0.7796352583586627,0.3556231003039514,4041.103343465046,0.6954407294832826,-3.6100555008649873,65.1063829787234,38.47058021496809,35.16545125714286,37.16648814490439,46.1537249476191,37.262589593948974,46.95752378253973,250345.0,33148.0,249961.0
284.0,165.0,5.098591549295775,1184.06338028169,1213.7464788732395,1209.4260563380285,0.7147887323943662,0.7816901408450704,3262.4542253521126,-0.7264084507042256,-2.3841333171128034,55.88028169014085,25.12776464957265,22.67797757692308,29.379110863247863,16.921785115384612,24.739371944444443,25.23904025641025,5113.0,1124.0,5113.0
324.0,158.0,7.12037037037037,1986.712962962963,1978.117283950617,1998.623456790124,0.9012345679012346,0.7530864197530864,3679.382716049383,-0.9280864197530844,-2.6259756671285683,60.123456790123456,30.334276305194795,-17.647834275974024,30.404518405844144,-17.59425267532467,30.280854201298688,-17.505397805194807,70766.0,503.0,70741.0
211.0,161.0,6.919431279620853,1619.4028436018957,1654.345971563981,1637.4265402843605,0.8151658767772512,0.5687203791469194,3761.616113744076,1.6890995260663506,-0.7978955123117952,62.796208530805686,17.031854468749998,32.57607763020833,16.720199953125004,32.25253509895834,16.996145958333333,32.313551390625,2691.0,440.0,2685.0
308.0,206.0,8.405844155844155,2157.8279220779223,2174.461038961039,2164.564935064935,0.8084415584415584,0.5616883116883117,4473.727272727273,0.9727272727272728,-0.3432467358469366,63.31168831168832,18.34938868070176,8.309424599999993,18.601746691228072,8.408622729824552,18.511610901754388,8.449483080701748,8065.0,1590.0,7997.0
336.0,169.0,10.99404761904762,2789.529761904762,2799.752976190476,2776.6130952380954,0.6934523809523809,0.5,4948.0922619047615,1.4372023809523808,-1.6062754426072958,56.48809523809524,35.616276677631554,3.3651277203947565,35.4586316973684,2.59231681250002,35.63739235197365,1.0286205822368617,28275.0,5422.0,28207.0
659.0,237.0,16.250379362670714,3199.185128983308,3301.849772382397,3255.4370257966616,0.6312594840667678,0.3657056145675265,5021.511380880122,1.4301972685887712,-2.9254289831081453,51.86646433990895,-2.076062912087933,74.50611449607533,-3.344575423861873,72.53988715541615,-2.27020054160128,72.59425290109895,57406.0,14360.0,57396.0
756.0,290.0,15.35846560846561,3617.755291005291,3652.6388888888887,3644.3888888888887,0.7235449735449735,0.3333333333333333,4847.957671957672,1.776322751322752,-1.7158298237702174,51.7989417989418,35.60717843016759,-30.51859065921789,35.73030528770949,-42.269199635474855,35.9409212094972,-38.92495000837991,72380.0,18440.0,72312.0
446.0,221.0,9.957399103139014,2384.0313901345294,2425.237668161435,2418.670403587444,0.7242152466367713,0.531390134529148,4492.809417040358,1.3004484304932733,-0.4883029629312294,57.57847533632287,36.7574151484919,-23.75747869373548,36.5628015359629,-24.790275909512747,36.23801561252902,-23.75457428538282,17218.0,2635.0,16470.0
319.0,248.0,6.332288401253918,1644.0156739811912,1692.3918495297803,1673.3416927899686,0.7648902821316614,0.7084639498432602,4431.962382445141,0.8921630094043886,-1.2637403837039525,54.26332288401254,28.373295559602653,-6.7756176721854295,28.50744653311258,-8.059657993377481,28.089074245033117,-6.686507536423839,2851.0,530.0,2791.0
1010.0,407.0,20.993069306930693,5597.384158415842,5600.433663366337,5623.927722772277,0.7435643564356436,0.6118811881188119,8317.325742574258,2.637029702970295,-0.1519368165579229,46.53465346534654,35.625565212525665,-40.55108833880906,34.59570559548254,-40.00486675770022,34.87881730492812,-40.22423853080084,67377.0,16513.0,67367.0
489.0,191.0,6.793456032719837,1868.4192229038852,1943.9631901840487,1924.9856850715744,0.7627811860940695,0.623721881390593,4242.952965235174,1.3394683026584866,-0.5167213674016782,50.94069529652352,34.97243791982182,-50.491790775055726,34.79321846102449,-50.14079975055684,34.83157124498886,-50.42087770155906,35322.0,6831.0,35316.0
351.0,235.0,12.501424501424502,2815.792022792022,2856.156695156695,2840.1766381766383,0.8205128205128205,0.6894586894586895,5405.749287749288,0.4014245014245013,-3.0084846065955904,54.98575498575499,27.508951185975608,32.33841422560975,27.97901947865854,29.90291338414634,27.5705155152439,31.594769240853665,5044.0,990.0,5024.0
433.0,212.0,7.274826789838337,1924.7251732101615,1950.339491916859,1952.5496535796767,0.8914549653579676,0.5681293302540416,4252.26558891455,1.2896073903002312,-1.2692333300696683,68.56812933025404,34.02918494897958,0.0056099107142875,34.0175233265306,-1.0856094005102033,33.9787308010204,-1.057688482142856,64635.0,6761.0,64635.0
387.0,240.0,5.222222222222222,1197.2687338501291,1263.4780361757105,1259.1059431524548,0.7545219638242894,0.7571059431524548,3398.8656330749354,0.7392764857881138,-0.7277882722333776,54.082687338501295,29.42629970338984,-22.888535632768363,29.682309194915263,-24.827991443502825,29.753827296610176,-23.535370717514123,9983.0,1415.0,9977.0
289.0,198.0,5.83044982698962,1235.8235294117646,1308.8961937716265,1268.80276816609,0.8581314878892734,0.7335640138408305,4118.892733564014,0.4491349480968858,-0.965569632081505,63.04498269896194,29.45805478308824,-4.366483102941191,29.46454239338236,-4.490689169117661,29.435329727941184,-4.969401669117663,22031.0,2831.0,22026.0
313.0,214.0,7.054313099041534,1850.495207667732,1893.2076677316293,1882.8210862619808,0.7987220447284346,0.6837060702875399,4218.159744408946,-0.2495207667731627,-1.722134987536098,56.932907348242814,22.507395868794333,16.582878982269502,22.52251324468085,17.68051032978724,22.545397039007096,17.532506216312058,6177.0,836.0,6011.0
302.0,192.0,6.847682119205298,1676.23178807947,1702.2019867549668,1712.3278145695365,0.8410596026490066,0.6357615894039735,4200.327814569537,1.1172185430463577,-1.6649443558079775,60.82781456953642,28.70465398461538,-9.15100647692308,28.595341138461546,-8.288496784615388,28.645337830769236,-8.180805553846158,6146.0,893.0,6097.0
468.0,264.0,6.232905982905983,1623.5790598290598,1668.3867521367522,1664.758547008547,0.8717948717948718,0.7286324786324786,3178.267094017094,0.9636752136752138,-1.1998030010263827,58.376068376068375,30.43821698853211,-32.52717360779818,30.42051109403669,-32.9727250527523,30.479735245412844,-33.005103607798176,46606.0,8846.0,46577.0
791.0,265.0,4.152970922882427,937.92793931732,955.5221238938052,942.078381795196,0.7420986093552465,0.8128950695322377,3247.9190897597978,0.5268015170670032,-0.6828418794316393,56.20733249051833,37.623401306788494,-12.112840009138344,37.21592498825062,-9.026864765013034,37.35706684725846,-10.997040365535218,119846.0,20576.0,119845.0
431.0,242.0,7.916473317865429,2079.2529002320184,2108.5986078886312,2107.046403712297,0.7146171693735499,0.6821345707656613,4391.77494199536,-0.049419953596288,-1.6917282541259169,58.816705336426914,24.34717090673575,0.3869383316062144,24.40555559326425,0.0366672512953294,24.34908395336788,1.5157292253885943,21109.0,3151.0,21098.0
615.0,251.0,9.878048780487806,2389.0975609756097,2466.9024390243903,2429.970731707317,0.8455284552845529,0.608130081300813,5841.947967479675,0.2297560975609756,-2.889432950662517,63.65853658536585,33.72319012943263,-6.03337927659574,34.49389382269505,-10.707285228723409,33.78517406205674,-7.191217437943267,152164.0,20013.0,152164.0
324.0,212.0,8.82716049382716,2157.0401234567903,2197.1543209876545,2196.382716049383,0.7530864197530864,0.5679012345679012,4159.299382716049,0.4185185185185184,-1.3848767914852047,62.407407407407405,33.52145052542374,6.280426277966099,33.71313903389831,2.1927202644067787,33.42843530508475,1.331884783050847,41756.0,4353.0,41751.0
412.0,201.0,4.589805825242719,904.4247572815534,992.8252427184466,970.4320388349514,0.4660194174757281,0.8033980582524272,3132.3106796116504,2.232038834951456,0.3287602522758515,49.85436893203884,31.84508496891189,-34.59216217098431,32.75168869948184,-33.74148765025892,32.7307290362694,-33.59591303885996,61341.0,15137.0,61331.0
311.0,163.0,6.884244372990354,1879.7845659163984,1939.559485530547,1923.745980707396,0.8360128617363344,0.6720257234726688,3425.4951768488745,-1.802250803858521,-1.5656200394583824,57.52411575562701,17.800782777049186,2.2701056557377037,17.42329546557377,2.3528283934426213,17.52239241639344,2.250779868852458,25647.0,3890.0,25647.0
393.0,204.0,11.068702290076336,3272.6030534351144,3286.5903307888043,3314.908396946565,0.7048346055979644,0.5241730279898219,6828.753180661578,1.2310432569974554,-0.6794485903839582,54.42748091603053,30.908698094986804,-32.09645427968337,30.653149002638514,-31.841258432717662,31.706243419525062,-30.11826844327176,19049.0,2455.0,19049.0
275.0,157.0,7.058181818181819,1670.378181818182,1754.0363636363636,1730.8254545454545,0.8254545454545454,0.7527272727272727,4163.210909090909,1.308363636363636,0.1374909845818726,55.6,20.66212627235772,11.370779113821134,20.600788719512195,8.656495121951217,20.784204715447157,8.173805821138208,7310.0,1145.0,7278.0
308.0,175.0,6.98051948051948,1772.9610389610389,1821.5162337662337,1811.7012987012988,0.775974025974026,0.5941558441558441,3448.396103896104,0.5542207792207794,-1.5842778036860985,52.88961038961039,29.069709280276815,-7.405966771626296,29.715130522491343,-6.90705220069204,29.339108598615915,-7.843568166089962,11346.0,2362.0,11346.0
374.0,178.0,6.048128342245989,1532.5374331550802,1564.403743315508,1548.235294117647,0.8288770053475936,0.7299465240641712,3879.3930481283423,2.353475935828877,-1.3483106417840662,56.898395721925134,13.451660764204547,31.697077960227272,13.327236900568185,32.66741489204544,16.199516446022727,41.45540233522728,17328.0,3230.0,17322.0
294.0,186.0,7.687074829931973,1903.6122448979595,1952.7278911564624,1939.0204081632653,0.8129251700680272,0.6870748299319728,4322.428571428572,0.0642857142857141,-2.989070360499949,62.85714285714285,27.175633893382354,49.37662170357143,27.813640268382358,50.76187718214285,27.414633650735293,50.85695325357142,9232.0,1043.0,9222.0
275.0,151.0,5.530909090909091,1369.6363636363635,1395.44,1392.0072727272727,0.8545454545454545,0.7454545454545455,4137.08,1.9461818181818185,-0.8905489447719163,69.63636363636364,33.13907522222222,29.752354047619047,33.394356849206346,29.27947640079365,33.236614884920634,27.66744277380953,15870.0,1784.0,15830.0
304.0,135.0,11.467105263157896,3655.434210526316,3643.4572368421054,3626.970394736842,0.9177631578947368,0.4539473684210526,5703.911184210527,1.9453947368421036,-1.4455273951967171,55.82236842105263,34.97957814041096,-4.075323780821916,35.13174651369862,-5.322548472602739,35.01881949315068,-4.588004397260272,67453.0,11779.0,67453.0
382.0,138.0,12.157068062827223,3612.740837696335,3659.9476439790574,3638.8403141361255,0.6989528795811518,0.4083769633507853,5100.848167539267,1.3356020942408382,-1.2874068345031204,62.04188481675393,25.93141915691488,35.04747507978725,25.93865952925531,31.670934760638303,26.498233260638287,33.06739632978724,38698.0,4916.0,38690.0
536.0,121.0,5.382462686567164,1293.938432835821,1258.1268656716418,1250.25,0.6996268656716418,0.8097014925373134,3922.7369402985073,0.1723880597014927,-0.3744068322955149,46.92164179104478,41.61089869488184,-14.707832379921246,41.67807186417323,-15.221732330708653,41.62623806496064,-14.733163354330694,145495.0,35959.0,145493.0
402.0,223.0,6.141791044776119,1519.778606965174,1557.624378109453,1543.4800995024875,0.8606965174129353,0.6716417910447762,3875.547263681592,2.176865671641791,-1.2346338620709003,58.582089552238806,39.40345803457446,-35.47816820212765,39.01875718351064,-37.54852753723404,38.97461941755319,-36.35244030319149,20247.0,2756.0,19948.0
177.0,129.0,7.6158192090395485,2082.039548022599,2130.9265536723165,2112.514124293785,0.8192090395480226,0.6214689265536724,4659.435028248588,2.0259887005649717,-0.3998107648159473,58.70056497175141,35.11825736774194,-10.658371341935483,34.39592144516129,-9.256366806451616,34.67212494838709,-10.68464239354839,2439.0,392.0,2414.0
410.0,188.0,10.197560975609756,2457.7243902439022,2459.236585365853,2446.278048780488,0.7317073170731707,0.3073170731707317,4605.507317073171,1.9490243902439024,-0.8622016264362079,52.46341463414634,34.74654782712765,-19.697764997340435,34.7570336648936,-20.626068002659583,34.60866995478722,-22.6488189069149,45093.0,6538.0,45093.0
274.0,143.0,5.489051094890511,1296.5109489051094,1363.0839416058395,1350.0693430656934,0.8613138686131386,0.7299270072992701,4563.894160583942,1.5799270072992702,-1.455598852914413,64.67153284671532,30.604819917647053,-16.140469098039205,31.81984438823529,-18.03462737254901,31.56801536862744,-18.719414823529405,15337.0,1900.0,15327.0
282.0,157.0,7.230496453900709,1896.4290780141844,1945.826241134752,1940.9751773049643,0.8368794326241135,0.6524822695035462,4500.336879432624,-0.7468085106382978,-0.3718377974560435,70.35460992907801,22.289826854748604,28.630674826815643,21.668013586592178,31.837533541899443,22.330079117318437,30.383868346368715,45969.0,3553.0,45969.0
394.0,176.0,6.604060913705584,1972.7411167512687,1995.8477157360403,1984.9568527918784,0.6751269035532995,0.7385786802030457,4264.850253807107,0.6954314720812182,-0.876344636788827,45.65989847715736,36.83666415119364,-8.078818249336864,38.22320393899204,-9.846317798408483,37.91630579575596,-9.182197294429704,12468.0,3964.0,12448.0
206.0,140.0,7.383495145631068,1652.5,1709.3155339805826,1679.8300970873786,0.7912621359223301,0.5631067961165048,3321.645631067961,1.037864077669903,-0.7460599074512333,62.33009708737864,28.904978545945944,22.684484421621622,28.819560464864864,22.110457016216216,28.863458275675672,21.535228583783784,3423.0,522.0,3423.0
383.0,157.0,9.639686684073109,2219.608355091384,2239.0365535248043,2243.6135770234987,0.9112271540469974,0.5404699738903395,4424.19321148825,-0.8519582245430811,-0.8335206324333242,54.516971279373365,30.944897924528306,12.393705474393542,33.30786688679246,24.148864326145556,31.187455336927226,11.468775463611872,37870.0,6372.0,37870.0
208.0,150.0,7.985576923076923,1852.9375,1862.0913461538464,1879.8028846153843,0.7836538461538461,0.6634615384615384,3693.230769230769,1.0067307692307694,-1.6360562965999803,56.49038461538461,19.838198375,32.555954234375,20.25990873958333,32.988701526041666,20.05075405208333,33.987046302083336,2761.0,405.0,2761.0
262.0,179.0,8.293893129770993,2255.977099236641,2320.125954198473,2288.1221374045804,0.6641221374045801,0.6450381679389313,4744.125954198474,1.4549618320610689,-1.684246067937517,52.02290076335878,20.872667513944226,30.628949717131476,23.123176533864537,18.011572135458163,22.74857900398406,19.2097535936255,3273.0,589.0,3273.0
334.0,193.0,8.706586826347305,2119.2694610778444,2120.745508982036,2145.979041916168,0.8473053892215568,0.5059880239520959,4737.260479041916,-0.0949101796407187,-2.033046676147258,55.7185628742515,27.72311228213165,-5.246842789968654,27.92452911598745,-5.0315298338558,27.76220933542319,-5.30015169278997,22719.0,3525.0,21275.0
413.0,163.0,9.73365617433414,2572.3075060532688,2596.6610169491523,2606.0217917675545,0.8910411622276029,0.3946731234866828,6352.186440677966,0.2205811138014527,-2.9339337592621355,51.62227602905569,39.24591247749996,-17.818442977500002,38.69043157749996,-19.2105464525,38.63899437999996,-20.0138240125,65349.0,12995.0,65328.0
260.0,145.0,9.726923076923075,2108.4076923076923,2115.7384615384617,2117.8038461538463,0.8730769230769231,0.5,3617.334615384616,1.975,-2.387529087942226,65.6923076923077,33.81754223809524,29.93593083549783,34.898829130434784,27.842871343478265,34.99424726724138,26.36199141810345,28643.0,3003.0,28633.0
214.0,138.0,6.705607476635514,1818.303738317757,1830.785046728972,1813.3130841121492,0.794392523364486,0.4953271028037383,4254.70093457944,0.8070093457943923,-0.6241069691936726,58.691588785046726,21.060113613861397,32.4936053861386,20.1652827970297,37.88122749009899,20.51771732673268,33.84848360396038,12694.0,1281.0,12670.0
585.0,176.0,8.728205128205127,2115.5777777777776,2261.5435897435896,2179.919658119658,0.8153846153846154,0.8136752136752137,4877.80170940171,0.0582905982905982,-3.3605171939586964,26.017094017094017,36.51201966901417,-33.549396191901366,34.70363573415498,-43.944378322183,35.7614661919015,-36.65161365669008,57216.0,54919.0,57206.0
533.0,220.0,13.317073170731708,4085.2120075046905,4115.94746716698,4103.7410881801125,0.701688555347092,0.4409005628517823,6219.984990619137,0.9121951219512195,-0.8741679659785696,49.568480300187616,35.44834150000002,-7.632561759765625,35.48008565429689,-7.560577624999998,35.472841558593764,-7.328618986328126,95515.0,19037.0,95496.0
297.0,214.0,6.754208754208754,1743.976430976431,1799.2457912457912,1785.6195286195286,0.8585858585858586,0.6734006734006734,4019.5084175084176,1.3090909090909089,-0.8889321365036709,61.68350168350168,29.16408103968253,-1.0271609880952368,29.479858968253968,-1.2151446785714288,29.63614681746031,-1.287912972222222,4553.0,604.0,4517.0
486.0,201.0,5.901234567901234,1510.1275720164608,1559.5843621399176,1533.6358024691358,0.7469135802469136,0.6748971193415638,3684.954732510288,0.7434156378600827,-1.5639396379275454,54.053497942386834,31.393597609808097,14.33475859914713,32.53246206609808,14.210673588486149,31.668402023454156,14.183541754797444,30706.0,6882.0,30706.0
225.0,147.0,8.471111111111112,2221.133333333333,2259.231111111111,2237.4088888888887,0.72,0.5155555555555555,4792.204444444445,-0.3253333333333331,-2.065108285767091,56.04444444444445,24.74955074429224,4.583031881278535,24.203627228310506,6.304688319634701,25.457348461187216,3.357379369863011,4611.0,753.0,4601.0
248.0,186.0,6.350806451612903,1538.0725806451612,1529.479838709677,1570.008064516129,0.8185483870967742,0.6653225806451613,4163.637096774193,0.7463709677419356,-1.8868584367714567,59.67741935483871,24.533846535398236,0.6748762212389385,24.82447494247788,0.4118048053097352,24.912787376106195,0.4308838318584074,4184.0,604.0,4146.0
