mentions,events,avg_sentenceid,avg_a1co,avg_a2co,avg_actco,avg_raw_text,avg_root_event,avg_len,avg_goldstein,avg_tone,avg_confidence,avg_lat1,avg_lon1,avg_lat2,avg_lon2,avg_lata,avg_lona,total_num_mentions,total_num_sources,total_num_articles
1111.0,382.0,6.305130513051306,1520.6183618361836,1580.3771377137714,1566.7956795679568,0.2808280828082808,0.8343834383438344,3694.951395139514,0.4481548154815479,-2.472301038577261,42.88928892889289,33.000880467815044,22.95322692384405,34.20041553309157,22.439895452402528,33.5491005349048,20.99532673345421,153880.0,25757.0,153153.0
1252.0,402.0,10.09664536741214,2140.2492012779558,2191.361022364217,2175.664536741214,0.5686900958466453,0.5,4121.847444089457,1.5912140575079852,-2.775964493166082,51.11022364217252,37.6006056028939,3.045074720257221,45.69942043408357,2.3961440152733178,44.48397028135045,4.045304800643091,183733.0,27943.0,183270.0
2508.0,738.0,8.017942583732058,1683.25,1812.7723285486445,1842.025518341308,0.2858851674641148,0.75,4029.451355661882,1.8956937799043043,-1.7261560969492515,32.68341307814992,39.68104417433027,12.322964493402583,42.946619257497,6.547677708916445,41.549308665733705,7.152209337065183,159265.0,52855.0,156334.0
1237.0,477.0,6.755052546483428,1580.10670978173,1562.1123686337914,1596.1932093775265,0.6548100242522231,0.7857720291026677,3831.0412287793047,1.6724333063864196,-3.460495689134677,52.78092158447858,42.39840132844336,0.3355850399348035,43.40723530562349,2.7844488793806064,43.18971984515078,-2.020356431132841,230931.0,25933.0,228181.0
1554.0,489.0,8.172458172458173,2047.1377091377087,2085.6525096525097,2091.227799227799,0.3063063063063063,0.6518661518661518,3814.058558558559,1.876190476190476,-2.4825222697717915,35.50836550836551,40.68066229825699,-1.9185334544867565,42.776074086507485,3.248702249193033,42.317177540348666,-0.052094905745635,153549.0,47346.0,152866.0
1140.0,377.0,9.507894736842106,2756.483333333333,2771.2736842105264,2797.235964912281,0.2149122807017544,0.6201754385964913,5191.790350877193,-2.390526315789473,-2.9283363941368457,27.78070175438597,39.67682083669887,9.683406214222996,43.62725390956982,4.404706418788415,42.08297307550486,7.016697616330119,82627.0,52063.0,82315.0
505.0,286.0,7.120792079207921,1743.6554455445544,1798.4930693069307,1763.6930693069307,0.4633663366336634,0.7306930693069307,3702.994059405941,1.053267326732673,-1.942187757437484,46.93069306930693,39.54643347222222,15.55201862896826,42.83517561507936,5.333486134920635,40.308698115079366,15.564825984126989,12982.0,1726.0,12910.0
1507.0,447.0,8.127405441274055,1842.00199071002,1875.7106834771068,1862.6781685467815,0.5056403450564034,0.6668878566688786,4451.1877903118775,1.3412076974120772,-2.37165552488351,45.94558725945587,41.17185513639389,19.47037527744512,42.22347081170994,14.23365564471059,41.06873562874254,20.11135793479708,194783.0,31639.0,193307.0
2131.0,452.0,19.282496480525573,4424.152041295167,4441.859690286251,4441.050680431722,0.644298451431253,0.7897700610042234,7313.163303613327,1.6259033317691216,-2.563875182123974,41.013608634443926,42.78096631455404,8.920899920657282,44.08994484507048,5.512471044131464,43.2557715586855,6.927394069483577,1173595.0,124191.0,1173291.0
1635.0,470.0,9.451376146788991,2133.7003058103974,2163.5168195718657,2158.365749235474,0.5045871559633027,0.6483180428134556,4414.962079510703,-0.5648318042813458,-4.18822870008136,41.45565749235474,42.61356523341527,-0.2666625024569978,44.249058022113054,5.197596004914016,41.2251000675676,6.611668701474207,175773.0,32739.0,175561.0
2997.0,658.0,14.504170837504171,2336.377711044377,3109.8848848848847,3117.2285618952287,0.3840507173840507,0.629295962629296,5203.501835168502,-2.455055055055055,-7.0231821178330645,33.62362362362362,44.54386998430087,3.75848585396131,44.23932013643987,5.44913138987597,44.375565874456,3.678248294609981,567865.0,128334.0,503751.0
1265.0,410.0,9.273517786561264,2114.4687747035573,2172.467984189723,2146.665612648221,0.4245059288537549,0.6411067193675889,4521.939130434783,-1.9424505928853764,-5.29766391072122,42.1897233201581,44.198036434852135,3.811540321342928,45.08807367412144,3.0859592060702927,45.039147108626224,4.290806059105436,148118.0,25102.0,147979.0
2574.0,647.0,9.732711732711731,1994.5198135198136,1581.961926961927,2019.7195027195028,0.4673659673659673,0.7940947940947941,4136.41452991453,0.08049728049728,-3.8798623021141294,38.162393162393165,42.090877023791,12.02709038221531,42.977975042511744,4.080555778081119,43.25788124453982,13.2875306349454,379259.0,73855.0,377852.0
1475.0,519.0,5.713898305084745,1268.6840677966102,1271.937627118644,1293.4562711864407,0.4027118644067796,0.8271186440677966,3284.2210169491527,0.3552542372881356,-4.611916690580214,37.28135593220339,40.11559746979385,4.847552192608397,42.32998649237166,0.1392428418862708,41.05441131571624,5.315072826842849,130843.0,21782.0,130561.0
1141.0,497.0,8.307624890446977,2001.820333041192,2042.553023663453,2033.035933391761,0.5188431200701139,0.7072743207712533,3954.1402278702894,3.0122699386503062,0.0454771457457509,45.88957055214724,41.45592692775331,1.705749222907494,43.19471511423552,6.930181805799653,42.36133188927945,5.234982570298774,68708.0,10091.0,66254.0
1153.0,490.0,8.403295750216826,2180.021682567216,2159.683434518647,2212.045967042498,0.4830875975715524,0.808326105810928,4624.112749349523,0.7967909800520385,-2.0099776930874445,42.41110147441457,37.04466921602789,17.69844937195122,39.89990029616726,12.218552028745648,37.738397857142864,14.8951304695122,49026.0,12429.0,46292.0
1373.0,398.0,9.924981791697014,2221.3765477057536,2148.6154406409323,2259.5884923525127,0.5447924253459577,0.6176256372906045,4248.495994173343,-0.089220684632192,-2.8823422120042026,51.98834668608885,40.05317951094886,9.89258427372265,43.48648204379561,4.919020924087589,40.55020166423352,11.562331321897815,188630.0,23892.0,188492.0
1305.0,388.0,6.708045977011494,1626.6735632183909,1673.6206896551723,1653.0521072796937,0.4804597701149425,0.7731800766283525,3841.745593869732,1.512260536398469,-2.5893365522045646,34.42911877394636,43.585920924764935,6.5596948173981335,43.92609057993735,5.070177990595618,43.09807073667714,9.467238298589352,174729.0,46773.0,174227.0
1844.0,461.0,6.331887201735358,1380.3432754880694,1426.8627982646422,1412.4739696312363,0.5021691973969631,0.8459869848156182,3943.6247288503255,2.035520607375273,-3.786090029363869,43.926247288503255,40.79796428882834,8.022602271389657,42.12640491008175,9.206722562942788,41.23598269754769,10.172638034332431,1040285.0,62676.0,1040091.0
1145.0,421.0,5.987772925764192,1350.7379912663755,1392.9799126637554,1378.9039301310045,0.3554585152838428,0.7834061135371179,3333.5100436681223,0.9193886462882098,-2.295362734634055,32.585152838427945,40.65191143462899,11.211633743816252,40.26636561130744,12.125787878091868,41.0780522279152,13.44486007420494,43922.0,4967.0,43679.0
1389.0,443.0,5.860331173506119,1455.537796976242,1477.554355651548,1478.8941684665226,0.496040316774658,0.8063354931605472,3705.782577393808,2.004031677465802,-1.5409225817857133,41.84305255579554,40.481361493853896,11.115109258670516,42.0926961921965,10.963728685693637,40.82966227765724,12.371990729768775,168863.0,28175.0,167561.0
778.0,365.0,8.079691516709511,2083.434447300772,2123.9627249357327,2110.1439588688945,0.4562982005141388,0.5668380462724936,4167.023136246787,2.6218508997429293,-1.905433760857408,37.005141388174806,38.53353933766234,0.0967327135483894,41.55648198966409,-4.649577123870968,39.12228464332036,-0.8892093290322587,33550.0,9481.0,33313.0
888.0,314.0,7.748873873873874,1800.6103603603603,1767.9695945945946,1822.436936936937,0.4673423423423423,0.6599099099099099,3459.533783783784,0.3904279279279277,-2.92779512286341,45.67567567567568,40.31342723163843,7.604976452085686,43.43542077790304,7.0966554114994365,42.559570011286695,8.332576099210828,71585.0,6930.0,71569.0
904.0,382.0,6.513274336283186,1631.9092920353985,1678.5741150442475,1659.491150442478,0.5442477876106194,0.7168141592920354,3238.5774336283184,2.1147123893805286,-2.805511721187256,39.5353982300885,44.23704167591562,2.549544334073252,45.73754441731407,3.049479896781359,44.54532476137622,3.629674270810207,184732.0,37510.0,184702.0
2187.0,556.0,6.714677640603567,1500.8605395518975,1574.673525377229,1549.2354823959763,0.4910836762688614,0.6835848193872885,3782.983081847279,1.4636031092821216,-2.781190659202363,33.25560128029264,47.36270857667585,-2.557212420064129,48.47092267431184,1.6574473843334836,47.92408055555551,1.0162436289509724,294116.0,109857.0,293640.0
535.0,293.0,7.760747663551402,1973.23738317757,2006.684112149533,2019.6429906542053,0.5065420560747663,0.7214953271028037,3835.295327102804,1.8373831775700935,-0.3362438125191999,39.28971962616822,39.98999433009709,15.900014660268711,45.32879043643265,3.2092833478260867,43.83800464491364,3.598535690702087,24924.0,1329.0,24740.0
4261.0,902.0,19.689744191504342,3615.451537197841,3665.455996245013,3672.0748650551513,0.522412579206759,0.6592349213799578,5898.593522647266,1.7161229758272705,-4.43632129901343,46.26378784322929,42.33194421107171,4.943172310425969,44.20643085613356,7.665588314897628,43.24560619222596,8.851662183807958,2504853.0,363122.0,2496786.0
1744.0,566.0,8.431192660550458,1978.730504587156,2023.1123853211009,2023.8033256880733,0.3635321100917431,0.6720183486238532,3687.0091743119274,0.380848623853211,-3.6676028262063354,40.607798165137616,41.84023427582221,11.182052635891512,44.311429913444826,8.87834308944028,43.33547611079047,9.071692278707449,266378.0,69277.0,265506.0
2770.0,557.0,12.458483754512637,2767.0862815884475,2801.4371841155235,2747.1115523465705,0.2909747292418773,0.6501805054151625,4519.836823104693,0.071227436823105,-5.10859851828845,30.76534296028881,45.739435284729794,4.775294391730137,46.34939395003621,5.577215133960899,45.48077830557567,8.139187729905865,533433.0,149305.0,530365.0
997.0,361.0,7.405215646940823,1824.4042126379136,1799.1995987963892,1862.251755265797,0.1725175526579739,0.7622868605817452,3775.5867602808426,-1.081444332998997,-2.833162193281135,25.87763289869609,43.57843138244196,2.0243267673716026,45.727059274193536,3.6252538288016103,44.05612795156407,0.5102438378650554,67749.0,26269.0,67692.0
1853.0,420.0,7.473826227738802,1763.141932002159,1798.173772261198,1808.5358877495955,0.441446303291959,0.5213167835941717,4053.068537506746,-3.037398812736103,-4.578261411860463,46.07663248785753,42.69090863956646,7.37756462844781,43.645552717921,4.705772018388317,43.22340575839659,5.287219211465665,540970.0,95376.0,537656.0
831.0,352.0,8.53309265944645,1959.4488567990368,2014.5667870036104,2014.6582430806257,0.4187725631768953,0.6726835138387485,3914.38146811071,-1.3268351383874848,-4.11763848411003,44.24789410348977,42.62838870460048,7.316041979468601,44.15443731559855,3.980623619565216,43.240838656174326,4.899869809178743,139119.0,13852.0,139091.0
2197.0,516.0,8.246244879380974,1799.128812016386,1812.1847974510697,1821.387346381429,0.4852071005917159,0.7428311333636778,4283.421483841602,-0.8454255803368232,-4.272069132346372,40.013654984069184,40.18649676082004,19.094578001822324,44.58313128473805,6.142176011845105,44.2405241047836,7.393760315261961,407556.0,79675.0,407145.0
1657.0,509.0,8.748943874471937,2015.0416415208208,2054.45503922752,2059.658418829209,0.4103802051901026,0.6077248038624019,4334.711526855764,0.8876885938442965,-3.542162138851639,44.93059746529873,43.73038626187576,4.9155291040146,44.89797966768106,1.517975152676402,44.19756527953713,2.9923031070559643,245022.0,49925.0,244802.0
1839.0,560.0,7.532354540511148,1822.8591625883632,1882.505165851006,1878.0348015225663,0.5051658510059815,0.7504078303425775,3465.022294725394,0.4940728656878731,-4.0116146118739975,46.46547036432844,38.88707384417716,12.276466908496724,45.016283444626296,6.385259306644881,43.46535813285949,8.117178764705871,502026.0,71740.0,501964.0
1251.0,513.0,7.171862509992007,1594.7881694644284,1599.538768984812,1633.939248601119,0.4396482813749001,0.709832134292566,3399.4964028776976,1.989528377298162,-4.013689752821912,43.78097521982414,41.93587152180932,11.804691635702738,45.31033319614142,4.920247418810292,43.90098337359092,8.79429367874396,346448.0,32376.0,345513.0
1489.0,544.0,7.079919408999328,1713.0443250503697,1776.6823371390194,1765.0174613834788,0.4916051040967092,0.7474815312290127,3594.425789120215,2.039220953660174,-2.0780756535394307,44.26460711887172,39.880597471506086,-8.2284528202171,44.06174249050202,3.219914595658073,41.56810254341926,-4.263724407734061,103126.0,19547.0,102152.0
1848.0,623.0,7.588744588744588,1873.2169913419916,1917.030844155844,1899.4664502164503,0.5367965367965368,0.6488095238095238,3924.756493506493,2.975378787878788,-1.2612158346679592,48.2034632034632,42.54740579673912,7.0292386344378,44.57908926290059,0.2369425192829993,43.50985204673913,4.36915216404128,478263.0,65790.0,473356.0
1675.0,430.0,9.372537313432836,2130.996417910448,2205.4585074626866,2177.005373134328,0.3080597014925373,0.6328358208955224,4049.253731343284,1.582268656716418,-2.168495198832228,31.062686567164175,44.71637498503883,14.12894591262716,46.20873572710948,4.908126670257331,47.471041567923365,10.991057003590663,105878.0,47608.0,105007.0
1817.0,480.0,8.33516785910842,2138.1040176114475,2170.947165657677,2137.53164556962,0.3703907539900936,0.7903137039075399,4414.761695101816,0.1889928453494773,-2.771881687044276,33.78095762245459,44.61539504212859,5.492347074279384,46.031752743902416,3.0035640532150825,46.20935878603102,5.618264355875835,307604.0,93479.0,307538.0
1440.0,452.0,7.915277777777778,1793.1409722222222,1859.0506944444444,1833.5236111111112,0.3347222222222222,0.5694444444444444,4090.197222222222,0.8628472222222222,-2.162656982091093,36.3125,33.73708264320552,28.873924544250883,35.95742239233447,23.29083614216029,34.3865925156794,26.630690475958204,254355.0,71381.0,254209.0
1006.0,450.0,9.39662027833002,2531.0109343936383,2566.94731610338,2554.1669980119286,0.4771371769383697,0.5725646123260437,4742.720675944334,1.6761431411530818,-1.953224522272758,41.53081510934393,42.38664027081244,-0.1917360411233733,45.38425179538616,-4.918615837512543,44.31660801404213,-2.500198777332003,51182.0,13314.0,51108.0
1344.0,437.0,8.202380952380953,2189.348214285714,2240.4605654761904,2237.4136904761904,0.5037202380952381,0.6651785714285714,4020.3586309523807,1.0789434523809525,-2.557914532840525,40.82589285714285,37.66848825787103,16.077343748875563,43.99408328785602,3.6079065682158897,42.34756768065961,6.29467193703148,95393.0,13777.0,94870.0
1954.0,530.0,11.00460593654043,3268.284544524053,3338.8126919140227,3334.665301944729,0.4309109518935516,0.40992835209826,5765.562947799386,2.977021494370521,-0.1528281719091993,29.68270214943705,25.32905190061471,42.88483701331964,39.403224239631285,16.795432518177225,38.34842677931382,18.53217887967236,202766.0,89815.0,202504.0
1802.0,616.0,7.698668146503884,2068.562708102109,2128.6154273029965,2102.95782463929,0.4583795782463929,0.693118756936737,3992.03884572697,1.461764705882353,-1.3149484483599574,38.795782463928965,40.86126140468221,-3.279380167224081,42.54292359531764,3.565565445930877,41.63725105908576,-0.9624424576365634,126527.0,31254.0,125872.0
952.0,371.0,7.438025210084033,1827.5483193277312,1891.747899159664,1892.9831932773109,0.4600840336134453,0.6754201680672269,4001.530462184874,-0.0201680672268907,-3.8680475134215873,40.535714285714285,42.77144594680849,6.281111546808508,45.18775978723402,2.723584385106382,43.86324853191487,4.4584835510638285,74586.0,13466.0,74362.0
1521.0,383.0,5.658119658119658,1380.4608809993426,1390.457593688363,1388.8139381985536,0.2057856673241288,0.7337278106508875,3034.0907297830377,1.4138067061143955,0.5235143545445137,30.24983563445102,43.651195098944605,-3.268958418865431,44.36641315963062,1.424107573218997,43.965893100263855,-4.793159695910287,319598.0,20890.0,319359.0
1368.0,559.0,4.885233918128655,1282.1059941520468,1346.3223684210527,1323.4656432748538,0.5007309941520468,0.8055555555555556,3269.3347953216376,-0.3606725146198824,-1.076865463595271,50.97222222222222,41.95531056463594,2.5525527284866456,43.412438582034135,-0.440393717359048,39.77513835809805,4.792707331602372,203792.0,25483.0,203498.0
1099.0,289.0,9.18835304822566,2416.5095541401274,2473.408553230209,2458.3111919927205,0.4049135577797998,0.7497725204731575,6860.660600545951,0.6943585077343037,-4.854969605051684,42.52957233848954,40.9110332632541,9.935537857793992,42.52784055656932,10.722105640838649,41.78256101462522,7.340673984503191,156993.0,29692.0,156978.0
2263.0,308.0,20.465311533362797,4454.095448519664,4392.752982766239,4465.1833848873175,0.5868316394167035,0.5497127706584181,7380.630136986301,1.3320813079982303,-5.586245510604021,42.35969951391957,49.30598885144127,31.873050174279417,44.87059180931264,6.023873925942347,49.92499450110868,31.738992376496675,2307540.0,248508.0,2307518.0
611.0,197.0,16.073649754500817,4091.474631751228,4101.283142389525,4082.5679214402617,0.6366612111292962,0.3387888707037643,6106.063829787234,0.389689034369885,-2.033510790636874,46.10474631751227,45.03471520661157,4.5120730347107445,46.05187933884297,3.45531708429752,45.27210115702479,4.257492153719009,476439.0,64804.0,474735.0
2207.0,447.0,8.077027639329406,1727.5215224286362,1726.6080652469416,1752.6157680108745,0.3910285455369279,0.4635251472587222,3277.2378794743995,0.6714997734481186,-6.410268772277355,39.32487539646579,43.12477508883828,11.320397377676542,45.08394865367181,6.5170750240253845,43.25523299863698,10.963284054520686,309708.0,51008.0,309083.0
2783.0,621.0,11.43190801293568,2401.826446280992,2429.588932806324,1869.5443765720445,0.4430470715055695,0.5389867049946101,4302.00503054258,-1.3632411067193662,-4.101046440567763,39.65864175350341,39.68604518609708,14.321420435916004,42.4528507756572,8.201048397551311,39.97113908330332,14.058686210241609,880360.0,151858.0,879992.0
1246.0,456.0,6.54975922953451,1604.930176565008,1640.6821829855537,1636.6677367576244,0.3226324237560192,0.8073836276083467,4212.313001605136,0.7065008025682187,-0.9166622027452276,33.4430176565008,42.18174969379529,9.929713381144238,43.68455344605472,2.3519763309178674,43.22928909017711,4.438869217391296,87629.0,28052.0,87568.0
1015.0,407.0,6.14679802955665,1581.2778325123152,1601.0709359605912,1607.3221674876847,0.3605911330049261,0.7931034482758621,3662.733004926108,0.9857142857142854,-1.7991891428873392,36.35467980295567,45.338676864222,5.454040407333992,44.67610776015857,1.1570797244796838,44.49072256689791,3.755560656095143,58584.0,15718.0,58561.0
2609.0,468.0,40.48639325412035,9499.68991950939,9496.760061326178,9518.89957838252,0.4802606362591031,0.6400919892679188,10770.385971636642,0.9605979302414714,-3.300261044423141,46.66155615178229,43.30014516314772,6.9063291174664,45.12913837619954,3.745611862955844,43.286646863723526,9.449694042994238,2794719.0,151692.0,2794679.0
1564.0,503.0,6.312020460358056,1567.5581841432224,1619.5971867007672,1591.8113810741688,0.6042199488491049,0.801150895140665,3259.498721227621,1.1243606138107416,-3.403104988649273,53.91943734015345,43.01013026957635,15.495396266367123,45.45669920410781,3.34968568613608,44.73820739409498,5.209221944159184,477866.0,50284.0,427403.0
2207.0,530.0,7.4454009968282735,1575.766651563208,1620.3502492070684,1599.0113275940191,0.3207974626189397,0.7412777526053467,4458.342093339375,1.9251472587222451,0.2861237884052991,37.6483914816493,47.5390392860391,1.1313727785356995,47.46421281946337,2.970503714870395,47.23905660754887,2.881907455661667,727490.0,132690.0,725799.0
1195.0,393.0,8.426778242677825,2290.138912133891,2278.397489539749,2265.67949790795,0.3916317991631799,0.7188284518828452,4636.926359832636,1.4848535564853564,-1.1193043920441414,38.10041841004184,43.10754360406089,7.319530995769876,46.55909208121825,1.5742260998307946,43.52296485207099,7.003608744716821,88213.0,21785.0,87991.0
922.0,377.0,7.912147505422993,2033.2310195227765,2068.447939262473,2048.88611713666,0.4501084598698481,0.7212581344902386,5075.676789587853,3.258134490238612,-2.399484173261902,40.813449023861175,40.0249369749728,6.827153844396081,41.23827971708379,9.224236831338407,40.03060140369967,7.102964520130575,129774.0,19966.0,129554.0
987.0,324.0,8.97872340425532,2297.726443768997,2332.714285714286,2348.792299898683,0.4305977710233029,0.5906788247213779,4399.817629179332,0.3679837892603847,-1.6151198956878765,40.516717325227965,43.21367961264015,6.793578039755347,45.51054427115184,3.929476813455661,43.62921216106013,5.813958179408763,122154.0,23347.0,122072.0
1949.0,539.0,8.63930220625962,2016.7716777834787,2097.351462288353,2076.2503848127244,0.4468958440225757,0.6844535659312468,4287.050795279631,1.4944586967675737,-2.6607031873765576,47.11133914828117,43.07383986597932,-1.9538485061855544,46.91906726804119,0.3784081283505137,46.45347022680407,-0.7776892201030949,1007280.0,116543.0,997820.0
2411.0,473.0,6.928660306926586,1593.9493985897968,1652.2160929075071,1631.2169224388222,0.3334715885524678,0.8494400663625051,4323.362919950228,0.747075902115304,-4.392021520518532,40.0,45.442566576651416,1.066303898213548,46.34354252596591,1.2517628903199012,45.9413669879518,1.3816033805567134,705813.0,192241.0,697000.0
6795.0,557.0,11.45018395879323,2709.68153053716,2776.5761589403974,2716.3038999264163,0.5187637969094923,0.6704930095658572,5313.079470198675,4.180676968359088,-1.7423432384214663,50.613686534216335,43.5600901811753,-21.92119635469145,44.33904512590178,-22.33674212811077,44.146363759387285,-23.25299653703433,19932156.0,1921678.0,19889528.0
3058.0,394.0,21.60693263570961,3837.1285153695226,3918.276651406148,3879.361347285808,0.5219097449313277,0.6739699149771092,10567.022563767168,1.5386527141922834,-6.80513244004666,42.70438194898627,39.05391805118098,11.882531741469956,46.68676099737534,-7.825388098753276,47.06151456036744,-4.854342359251966,1904405.0,227100.0,1899889.0
900.0,362.0,7.262222222222222,1764.841111111111,1830.4388888888889,1802.391111111111,0.4711111111111111,0.7166666666666667,3526.2966666666666,1.6357777777777789,-2.8294152781017465,37.74444444444445,42.83214907469342,14.887005531772578,45.50597782608696,6.555197481605348,40.801778249721295,19.53672189520624,69500.0,18720.0,69430.0
3786.0,516.0,9.990491283676704,2327.809561542525,2379.7749603803486,2373.6458003169573,0.4006867406233492,0.6677231907025885,4229.207606973058,-0.4843106180665628,-3.673834356274581,35.53354463814052,45.14870478560076,-7.1969311328394205,44.50124914792268,3.7973298422863233,44.88565092087845,1.270145669224655,1085153.0,213019.0,1084533.0
3686.0,604.0,14.664948453608249,3485.785132935431,3412.7604449267496,3511.184753119913,0.4804666304937601,0.6926207270754206,6347.211882799783,1.99500813890396,-2.2721891295111134,46.085187194791104,44.87422851439432,4.997156352797383,45.70663134709388,6.284930421781637,44.27126953532604,7.074264201358691,3525253.0,230819.0,3523225.0
814.0,345.0,7.96068796068796,2067.547911547912,2059.94226044226,2097.3746928746928,0.3415233415233415,0.7493857493857494,4455.374692874693,1.073832923832924,-1.2010761461082702,34.926289926289925,42.04368161131613,-7.438017265682656,44.15851974169742,-4.182292136531367,43.29687622386225,-5.445722091020911,29887.0,10054.0,27864.0
2357.0,601.0,9.470937632583793,2178.2189223589307,2233.071701315231,2217.34111158252,0.4896054306321595,0.7967755621552821,5211.094611794654,2.0314382689859976,0.0683036197613377,44.82392872295291,47.20660385204069,-12.689991673044217,46.42538068027198,-7.581894957483006,46.67199449829919,-5.4825084702380975,1186327.0,67801.0,1184835.0
2226.0,512.0,8.563342318059298,2004.054806828392,2003.6325247079965,2014.585354896676,0.2906558849955076,0.8724168912848158,4655.187331536388,1.9311320754716967,-0.0066765293015272,40.53459119496856,46.893380112815855,1.8414226958483773,47.559141985559535,1.1226993416065008,47.25152215703968,1.1028103786101116,741449.0,122580.0,736948.0
4478.0,618.0,18.524341223760608,4035.6219294327834,4050.9729790084857,4050.11500669942,0.329388119696293,0.623492630638678,7497.058508262618,2.737628405538191,-1.3083977443277417,31.962929879410453,46.73239233355734,-1.2266662403048716,47.61454228199932,-0.2097173259358953,47.1697842681011,-1.530736249047305,2478105.0,418999.0,2420467.0
13539.0,2323.0,7.384297215451658,1609.7563335549155,1656.748430460152,1650.3287539700125,0.5416943644286875,0.8281261540734175,4275.481128591477,4.910133687864684,-0.9410301879538698,42.94408745106729,41.32004830735109,-14.20660718618389,45.0548344506829,-8.378099177539674,43.25442285112637,-12.401442826154335,8999579.0,1096148.0,8697487.0
4537.0,1410.0,6.231871280581882,1593.3808684152525,1654.864447873044,1636.2576592461978,0.5181838219087502,0.8190434207626185,4142.049151421645,5.646242010138865,-0.6462794737782876,39.44015869517303,41.03095813135779,-26.059420127377287,44.07672869969037,-12.535327891640843,42.54676525652365,-19.063094862007954,852249.0,176538.0,836222.0
2329.0,752.0,6.851438385573207,1788.3168741949337,1815.641477028768,1801.6882782310004,0.5401459854014599,0.8097896092743667,3926.67453842851,4.27024474023186,-0.5086895404923083,47.4237870330614,44.06247407646048,-11.22488491666667,45.61321198024053,-9.185983381443306,44.4293565936426,-12.394030516323028,458504.0,69086.0,440331.0
3823.0,774.0,7.159560554538321,1742.9081872874706,1779.482866858488,1784.1164007324091,0.3664661260789955,0.7405179178655507,3689.10986136542,3.0906356264713573,-1.4832163986342173,34.23227831545906,43.26715351585011,-12.434685516636105,42.02222960240957,-8.145065487427969,42.98690599056846,-14.816422167932927,622917.0,213314.0,619088.0
1529.0,580.0,7.664486592544146,2221.5035971223024,2271.509483322433,2261.775670372793,0.5016350555918901,0.7822105951602355,4668.971877043819,4.490255068672335,0.1407787952369302,39.64028776978417,40.06207294502615,-20.335349585732992,45.599033828533976,-2.7368473520942382,42.6269823429319,-16.0424693579843,112198.0,26385.0,110449.0
3197.0,646.0,11.582421019705974,2675.707851110416,2737.9340006255866,2711.134501094776,0.3528307788551767,0.3303096653112293,4817.099155458242,2.91022833906788,-1.280368677756904,39.75914920237723,37.12174580331981,10.675351948950816,42.25576589101159,22.37577291825869,40.165535261509575,16.76884221171308,1049091.0,175364.0,998744.0
8319.0,975.0,10.676042793605,2606.9739151340304,2651.953840605842,2657.93220338983,0.5011419641783869,0.8746243538886885,5546.676283207116,2.5281404014905844,-0.0009037071277564,44.40317345834836,46.104076862293965,-1.9079329045256403,47.70608913048663,2.3574837443175114,46.75415197922919,-0.5036951357323509,12238682.0,1150481.0,10957924.0
1372.0,495.0,7.615889212827988,2126.9708454810498,2165.4905247813413,2156.487609329446,0.4934402332361516,0.7485422740524781,3915.6078717201167,3.2946793002915435,-2.351433191769672,42.033527696793,43.629793844460735,-9.740792470286122,45.09911759354364,-4.508222006603077,44.36236666177548,-11.259469363903154,112692.0,22079.0,110799.0
1981.0,558.0,7.488137304391722,1901.854114083796,1915.6163553760728,1920.6552246340232,0.4820797576981322,0.7879858657243817,4349.737001514387,-1.8221100454316008,-3.5910048548301168,46.5572942958102,43.43675526369167,2.664894337728197,43.893277535496935,4.06391872363083,43.69060029918862,2.045000146044626,491463.0,68932.0,489598.0
1036.0,357.0,3.965250965250965,1119.4324324324325,1168.623552123552,1157.7818532818533,0.5019305019305019,0.8754826254826255,3338.653474903475,3.79411196911197,-1.4775827774909676,40.366795366795365,44.073083401360506,-3.993531497570457,44.36186807580171,-6.192885882410112,44.27018103984447,-6.1895584324587,144746.0,30239.0,142788.0
1134.0,347.0,10.885361552028218,2373.538800705468,2429.021164021164,2394.1164021164022,0.3324514991181658,0.763668430335097,5032.041446208113,1.5689594356261034,-3.890892732526432,36.98412698412698,45.3649701959038,-7.959373563668743,46.39066161175421,-3.178319051647371,45.4933576847729,-8.662717487978627,230768.0,36420.0,230548.0
514.0,203.0,8.544747081712062,2400.2237354085605,2414.581712062257,2404.529182879377,0.3560311284046693,0.4805447470817121,4474.698443579767,0.783268482490272,-3.731737942679584,33.65758754863813,43.16219710371821,-16.16952794911937,44.97378880626224,-3.798188371819961,43.33164055772996,-13.737841346379646,18819.0,7279.0,18808.0
880.0,262.0,7.535227272727273,1856.486363636364,1834.3011363636365,1863.3920454545453,0.3943181818181818,0.6897727272727273,4445.826136363637,3.7245454545454537,-0.924136916410872,36.72727272727273,45.7108386132723,-3.9586898524027454,46.26564769908462,-2.463520226544619,45.84346607780317,-2.541846350114414,76883.0,19142.0,75312.0
1165.0,334.0,9.14334763948498,1947.6849785407728,1984.3476394849783,1985.2412017167385,0.4815450643776824,0.6686695278969957,4049.631759656652,-0.947725321888412,-2.8694428790403346,39.87982832618026,42.42661343459551,-35.12696699827867,43.292830458691874,-33.82517729087765,42.96770349655763,-35.087798299483495,194485.0,48281.0,187285.0
3115.0,491.0,9.56565008025682,2177.865489566613,2218.6022471910114,2215.538683788122,0.4109149277688603,0.7210272873194221,7762.678651685394,1.788154093097914,-3.7557221023097207,36.48796147672552,38.072898685787926,33.34645783435383,40.42323948228092,21.942742621134155,40.41671130863399,17.09267343363408,732034.0,154930.0,731595.0
1865.0,418.0,8.047184986595175,2008.6466487935656,2039.4386058981236,2013.4321715817691,0.2026809651474531,0.4659517426273458,3874.09490616622,2.604182305630027,-1.257041872987055,25.576407506702413,40.53942468689583,14.129231127282493,42.76883482653061,-1.1804410843179358,42.78991296186896,1.0857045778732537,201837.0,113830.0,201694.0
2951.0,598.0,13.285665875974246,2939.4249406980684,2990.2619451033547,2966.284310403253,0.3632666892578787,0.5747204337512708,4816.907488986784,1.7581158929176552,-1.6699900707347817,33.54456116570654,40.1108947565217,-1.732097828260867,43.559649661073344,-3.2370264315217443,41.34367984823367,-2.922267994701089,591289.0,138061.0,590058.0
964.0,318.0,8.66286307053942,2687.1431535269708,2701.4190871369296,2726.988589211618,0.483402489626556,0.7873443983402489,5092.72510373444,1.0433609958506227,-1.977615461625424,36.76348547717842,39.94904219361703,7.399708772340434,42.89685968510639,4.254822064893618,41.13070994148937,5.722970338297878,74581.0,22999.0,74457.0
842.0,328.0,12.589073634204276,3533.5890736342044,3573.108076009501,3577.933491686461,0.5142517814726841,0.5475059382422803,5920.1828978622325,2.0149643705463185,-2.988792638336349,42.37529691211402,43.62665403739445,-1.4828198817852871,44.4270254583836,-3.0240668781664697,43.77580264414958,-3.1272428214716568,44109.0,11350.0,44091.0
2057.0,391.0,12.473505104521148,3159.9402041808457,3233.8633932912007,3193.453573164803,0.416626154594069,0.2411278561011181,4527.513368983958,5.199465240641712,-2.6650710581128085,39.53816237238697,39.20538589073176,-48.99318724731722,44.53270489365848,-17.63687786146339,40.085455544390285,-50.50098087414651,905419.0,173892.0,903296.0
626.0,373.0,7.10702875399361,1782.6964856230031,1794.9185303514378,1806.1693290734825,0.3466453674121406,0.6932907348242812,4019.4249201277953,2.380511182108627,-1.1821602211895548,36.91693290734824,38.27907779742765,4.60538765755627,42.382132220257255,5.355411823151122,38.923377305466246,6.650589260450159,6815.0,1794.0,6794.0
972.0,444.0,8.209876543209877,2183.7458847736625,2203.001028806584,2186.546296296296,0.5288065843621399,0.7242798353909465,4486.374485596708,3.1504115226337457,-1.590627944229242,47.0164609053498,36.679591860681136,3.6435521073271406,42.978477772961824,3.1051915686274474,40.98557276986584,5.251721100103199,49468.0,8958.0,49216.0
504.0,336.0,7.962301587301587,2522.924603174604,2525.1071428571427,2550.9821428571427,0.4781746031746032,0.6587301587301587,5586.130952380952,2.1182539682539683,-0.5261940505546845,41.26984126984127,40.35687987951808,-1.758555445783133,42.46704356425704,-2.275700002008034,41.40111543775101,-0.5170567650602388,6950.0,2090.0,6872.0
1988.0,481.0,7.798792756539235,1695.486921529175,1849.8712273641847,1856.6167002012075,0.2676056338028169,0.761569416498994,4174.443158953723,3.3025653923541247,-1.0640590226017437,29.96981891348089,41.59656568674089,7.977830057692317,44.90092062246961,2.321753402834008,42.34325752732791,5.256707027327936,140455.0,71753.0,139562.0
3611.0,674.0,12.115757407920244,2463.854610911105,2466.876211575741,2483.433674882304,0.2428690113541955,0.5303240099695375,3977.62364995846,2.2333979507061694,-2.307803449377774,28.582110218775963,38.5179587940604,16.496416639467117,43.41953250138719,9.63580469783575,41.30409154689221,11.243481244173129,349475.0,118992.0,348194.0
1271.0,416.0,7.623918174665618,2401.014948859166,2189.4854445318647,2437.144767899292,0.5082612116443745,0.6585365853658537,3750.492525570417,1.643273013375294,-2.8658022265371685,51.44767899291896,43.63313912905781,9.9730806310372,45.28939290348101,7.078764316455684,44.2740371868567,9.108016357878055,846506.0,14242.0,845131.0
1919.0,496.0,11.016154247003648,2577.237623762376,2598.9661281917665,2584.601354872329,0.522146951537259,0.440333507034914,4416.288170922356,1.9223032829598736,-2.129368090401803,37.45179781136008,44.17605549238838,3.8241964902887178,43.56267585107492,6.150954516518097,42.73586759475059,2.971875507086619,347918.0,78481.0,347784.0
1231.0,458.0,6.446791226645004,1490.242079610073,1545.1080422420796,1533.072298943948,0.5077173030056864,0.7896019496344435,3953.883021933388,3.3271324126726243,-1.0117328283948008,43.07879772542648,39.99225086797068,11.263700918500398,43.14134068378159,5.530674621026899,42.20424243194785,2.7576267766911142,75193.0,16975.0,74399.0
1772.0,579.0,8.191309255079007,1932.9328442437925,1994.1461625282168,1961.668735891648,0.5829571106094809,0.822234762979684,4297.979119638826,4.298024830699777,-1.5269725775169762,42.121896162528216,41.59952016038808,6.708262303082191,43.69340138409088,7.89026760965909,42.34503378754993,8.027287933181038,404772.0,57417.0,403192.0
745.0,329.0,9.5744966442953,2413.574496644296,2449.947651006712,2436.093959731544,0.4174496644295302,0.5610738255033557,4537.779865771812,3.241476510067115,-0.8686437528164539,34.308724832214764,40.73723967750678,-13.450314840108383,44.24719528319782,0.826448735772356,42.39481628726287,-8.072104195121952,29801.0,13789.0,29765.0
1259.0,255.0,6.223987291501191,2048.1914217633043,2126.931691818904,2099.764892772041,0.6147736298649722,0.7688641779189833,4114.863383637808,4.897220015885632,-1.4367812172443404,57.81572676727561,42.99844708525901,-43.85379206215139,44.80425145418332,-38.56031467410353,43.87644870597614,-38.16526038565735,341056.0,48938.0,340980.0
636.0,292.0,7.518867924528302,2080.224842767296,2065.509433962264,2080.7185534591194,0.4921383647798742,0.5943396226415094,4498.888364779874,2.380188679245283,-1.8890181177694807,44.87421383647799,37.33163562618297,10.484532080441634,38.45457902839118,13.628996388012611,36.97249809305994,9.295515176656147,31305.0,4098.0,31210.0
686.0,374.0,6.223032069970846,1625.3236151603498,1673.567055393586,1668.0408163265306,0.5131195335276968,0.7784256559766763,3848.983965014577,2.624781341107871,-0.901273390770654,39.70845481049562,41.90785411160058,-9.97570178120411,43.53866296328927,-0.6918337209985344,42.81523880763583,-4.545925456681349,12857.0,3093.0,12674.0
1327.0,456.0,6.779954785229842,1951.3654860587792,1930.761115297664,1975.0535041446872,0.4672192916352675,0.7302185380557649,3927.1424265259984,1.9088168801808572,-1.6509010175141288,36.59382064807837,43.03960666717207,18.097200970432144,43.43162476800604,14.76094283623958,43.11700164821831,14.619428207733131,113910.0,28026.0,113848.0
1060.0,479.0,6.971698113207547,1853.633962264151,1879.4943396226413,1877.790566037736,0.3226415094339622,0.7783018867924528,4405.014150943396,2.5813207547169807,-0.9452711083213692,32.424528301886795,41.61656583794088,2.56893537273594,44.672232742612,2.9667686615824613,41.64337327454718,-7.548112677788369,29292.0,8138.0,25069.0
987.0,337.0,6.940222897669706,1681.128672745694,1735.514690982776,1695.9625126646404,0.5045592705167173,0.5623100303951368,3341.7872340425533,0.1315096251266464,-3.650056893795335,40.23302938196555,42.26235968191055,-0.9757450660569154,43.53250521036584,2.836487901422758,43.2650204461382,-1.8622123790650456,70181.0,16998.0,70175.0
879.0,358.0,6.678043230944255,1684.9977246871445,1723.5642775881684,1710.4425483503985,0.3640500568828214,0.7098976109215017,3554.718998862344,1.5295790671217302,-1.4508487370913186,34.00455062571103,42.32738886025199,-13.375572533791503,42.26385959908362,2.756943479954184,43.4203987754868,-17.091294061855653,39899.0,14806.0,39872.0
556.0,299.0,8.111510791366907,2101.210431654676,2070.19964028777,2125.7535971223024,0.4496402877697841,0.75,4511.298561151079,3.0179856115107917,-1.1108275308994984,45.37769784172662,45.36966656672762,-11.127666877513713,45.886807363802575,1.3087374936014615,45.63289815722123,-6.385467976234005,13699.0,2448.0,13330.0
563.0,280.0,6.097690941385435,2304.8507992895206,2339.2486678507994,2331.451154529307,0.3712255772646536,0.7761989342806395,3413.429840142096,1.3557726465364122,-1.1986852597364968,35.31083481349911,42.45754813949272,-3.775263518115938,45.77996817210141,-1.9055140072463763,44.366226074275325,-4.212058777173914,14868.0,9026.0,14852.0
1757.0,371.0,8.983494593056346,2805.589072282299,2850.4900398406376,2831.5503699487763,0.4513375071143995,0.6072851451337508,4339.426863972681,-0.4228799089356866,-1.771222641533598,49.61297666476949,43.28246588774929,-0.2050266159544178,44.91035281595438,-5.776837309401718,38.3950805162393,5.720590829059815,817693.0,93675.0,817691.0
2140.0,624.0,9.06214953271028,2147.856074766355,2157.4397196261684,2177.4929906542056,0.3822429906542056,0.7574766355140187,4257.964485981309,2.9085514018691665,1.2914850553799126,38.0607476635514,39.2139323651685,14.761918973314582,42.09830518539318,7.343933597846451,40.04702619335202,13.594170714419482,325170.0,58288.0,323166.0
2307.0,453.0,16.465106198526225,3962.7156480277417,4039.270481144343,4020.614651061985,0.5002167316861725,0.5938448201127005,7479.756827048114,3.027785002167314,-3.2484287871403663,32.45773732119636,45.21775028862851,-9.185760756944498,46.5335092513021,1.866788986111107,47.785415784288205,2.4690438159722183,572407.0,148786.0,572365.0
1176.0,385.0,14.375850340136054,3035.2899659863947,3063.7619047619046,3054.437074829932,0.2270408163265306,0.6335034013605442,4708.210034013606,2.0356292517006804,-4.303493820468201,35.5187074829932,45.41168720976029,4.311487278253427,46.25364611472603,2.784868599315068,45.90266677654111,5.108055883561643,192519.0,46890.0,192321.0
1430.0,412.0,8.615384615384615,2030.5447552447552,2073.6097902097904,2067.126573426573,0.3797202797202797,0.634965034965035,3829.399300699301,0.6165034965034958,-2.5801572781169595,40.79020979020979,44.71415573879551,-0.5305759369747863,45.35088872058822,-2.9985024152661057,45.62445112114843,-2.4706313242296987,156579.0,17068.0,156348.0
657.0,343.0,8.252663622526637,2252.8888888888887,2271.812785388128,2252.497716894977,0.6301369863013698,0.7336377473363774,4887.07305936073,-0.257686453576865,-1.6197265851612792,44.627092846270926,38.17213372153847,-18.34459526923077,38.94528187230769,-17.337871806153846,38.47514885076923,-17.60117012769231,40060.0,8988.0,35956.0
6135.0,876.0,24.488345558272208,4695.770823145885,4796.430317848411,4729.79543602282,0.4477587612061939,0.6070089649551752,7599.406030969845,0.4770497147514295,-2.716976193631192,34.552567237163814,38.28051081545484,9.06403848402344,42.92124425643949,2.467988708346935,40.69898058526248,3.421218390609678,2454590.0,468967.0,2412274.0
1697.0,526.0,10.807307012374778,2432.855038302888,2490.535651149087,2465.416028285209,0.4702416028285209,0.6116676487919859,4849.4513847967,1.414496169711254,-1.7020527666867322,38.709487330583386,43.8229148149024,-26.302485228267308,46.18610063217031,-12.956156179183903,44.878255230041376,-23.46010067356595,252153.0,51630.0,252130.0
3079.0,694.0,7.827216628775576,1911.900617083469,1926.238389087366,1941.867164663852,0.3705748619681714,0.7119194543683014,4684.008119519324,2.3148424813251043,-0.4946927227428155,33.51412796362455,40.929171359674775,-7.265962570081304,45.67616908552844,-4.230373253983728,44.24780217235771,-7.346738202601604,615284.0,145473.0,608693.0
1590.0,415.0,5.921383647798742,1531.378616352201,1577.6672955974843,1559.5025157232703,0.3415094339622641,0.8213836477987422,3164.591823899371,0.8769811320754722,-0.719597804106656,34.855345911949684,33.75119727410201,21.301337367359803,36.50253764839311,17.542429796471332,30.531205653434096,29.08134594643985,255054.0,60610.0,254612.0
3209.0,487.0,11.530694920535993,2898.8451230913056,2948.937363664693,2943.704892489872,0.2094110314739794,0.7273293861015893,4620.916484886257,0.0715487690869426,-6.1837167907118,30.48301651604861,46.138319590015286,6.282520123245006,47.2331309432134,3.9621284043681726,46.68839756131014,5.070624354446229,1842432.0,680205.0,1839953.0
1570.0,493.0,8.315286624203821,2440.06050955414,2494.108280254777,2460.874522292994,0.3222929936305732,0.7286624203821656,3776.809554140128,1.8639490445859863,-0.5597672321586575,33.2484076433121,38.719491060586726,13.997309647321435,41.89893765051018,-9.174034148596933,39.578698408801,9.285751757015316,87210.0,28275.0,86930.0
872.0,307.0,7.715596330275229,1770.8818807339449,1806.9931192660551,1803.352064220184,0.3543577981651376,0.8096330275229358,3733.2637614678897,2.501605504587157,-2.1724003127662925,37.70642201834863,42.17861086589592,8.527110078612711,43.80914352369939,6.090512479768786,44.06579227514448,7.763558945664736,71323.0,25125.0,71234.0
3395.0,515.0,7.968483063328424,1865.382621502209,1945.3310751104568,1910.717820324006,0.3882179675994109,0.738438880706922,4004.782326951399,0.9068041237113368,-2.092579760137168,38.10014727540501,43.705565644313126,-7.253080510782844,46.21772926749328,-1.931846112127444,45.8377271477104,0.3067311855243982,2139373.0,453006.0,2132619.0
1254.0,507.0,6.187400318979266,2388.7049441786285,2445.551036682616,2440.1491228070176,0.2511961722488038,0.7655502392344498,3499.809409888357,1.433333333333333,-1.5512761408802038,30.566188197767143,43.22416172137711,-11.650391839071258,43.33922392794235,0.0899758486789431,43.01620230584468,-6.360492275420339,43950.0,17099.0,43858.0
1832.0,373.0,11.844978165938864,2777.184497816594,2824.075327510917,2823.942139737991,0.3395196506550218,0.6419213973799127,4917.360262008734,0.7207423580786025,-2.120646932017193,34.11572052401747,42.20506598851201,-0.7508954956284158,44.92268750547044,5.017714594535511,43.589804693107205,1.6877964426229468,223437.0,52751.0,202910.0
735.0,339.0,8.476190476190476,2609.107482993197,2677.8068027210884,2655.021768707483,0.5360544217687074,0.5782312925170068,4727.94693877551,0.3832653061224489,-1.0842030947243797,47.265306122448976,37.73339003910616,22.14575383519553,42.82706924581008,12.452404786312847,39.60157262150839,17.7881481829609,22283.0,2288.0,22020.0
591.0,310.0,8.390862944162437,2492.0,2546.0186125211508,2502.187817258883,0.5245346869712352,0.5871404399323181,4629.864636209814,0.0509306260575295,-1.5221550163568722,44.51776649746193,34.90869137157535,18.64441208390411,39.257070202054805,9.668775751712328,36.35024765068494,14.014587215753428,10876.0,1376.0,10662.0
1675.0,447.0,7.87223880597015,1907.516417910448,1948.7785074626863,1948.1259701492536,0.4997014925373134,0.666865671641791,3544.8770149253733,0.6308656716417906,-2.788824730871029,38.322388059701495,43.03414267045452,4.760563861842105,44.114393657894674,8.036441660287075,43.38881279784685,11.51206702033492,205416.0,38053.0,205305.0
952.0,318.0,9.620798319327733,2904.558823529412,2904.61974789916,2955.893907563025,0.4716386554621848,0.2930672268907563,4744.050420168067,-0.0765756302521008,-2.8913730220214875,46.02941176470589,43.73915275026452,9.02542725820106,44.59657699682538,6.019092946031748,44.00536847513224,8.278443223280425,106797.0,18298.0,105766.0
737.0,300.0,9.472184531886024,2506.210312075984,2549.2374491180462,2531.503392130258,0.4192672998643147,0.4396200814111262,4098.880597014925,0.3175033921302579,-1.932017262982468,42.6865671641791,36.97888613642566,19.50382413233287,40.83112604638473,14.512249031377896,37.75690811186904,19.717117068212826,27639.0,4332.0,27593.0
933.0,301.0,7.752411575562701,2107.315112540193,2168.384780278671,2149.156484458735,0.4758842443729904,0.6570203644158628,3755.844587352626,1.8588424437299031,-1.8537359850112336,49.560557341907824,42.29999679224973,12.896491229278796,44.45689766738428,7.256804993541444,42.85638602368138,10.183582567276645,211971.0,23223.0,211190.0
545.0,263.0,8.645871559633028,2715.88623853211,2744.7284403669723,2737.3119266055046,0.4972477064220184,0.4844036697247706,4870.875229357798,1.0143119266055047,-1.2328033088514987,44.642201834862384,40.59201013678375,6.573097634011094,41.4212755951941,5.41548333271719,40.11718267467655,7.179263258780038,14160.0,1665.0,13978.0
916.0,322.0,8.66593886462882,2384.848253275109,2409.3045851528386,2422.7194323144104,0.5382096069868996,0.4192139737991266,3859.552401746725,0.8084061135371184,-1.3343898939267194,47.17248908296944,39.66402341273326,16.33168260043907,40.36898057738748,15.116043799121838,38.65015979253566,18.405549750823265,106329.0,16157.0,106277.0
910.0,265.0,7.103296703296703,1679.6296703296705,1752.428571428571,1734.9736263736263,0.3230769230769231,0.8,3371.2098901098902,0.9325274725274731,-2.636725619290976,36.54945054945055,42.78420066037733,-12.647937347006708,45.23777959201774,0.2036450554323703,43.93959648057712,-3.039387719512201,79601.0,21221.0,71409.0
665.0,262.0,5.41203007518797,1321.4,1358.3503759398495,1355.6781954887217,0.324812030075188,0.793984962406015,3229.7969924812032,1.5064661654135325,-1.7100845280440016,38.67669172932331,41.98609144122135,3.595306445801526,43.22893956030533,4.629479661068704,42.84468713435112,3.986388241221373,33233.0,8654.0,32425.0
1767.0,409.0,7.860780984719864,1799.0848896434634,1831.7973967176003,1814.148273910583,0.4255800792303339,0.6106395019807583,3839.877192982456,1.243520090548953,-1.4146751772872783,37.47594793435201,39.71695677525538,4.613138140102115,41.50814627979568,9.596528089052764,39.29163626674235,12.311972781622234,286700.0,57565.0,284921.0
1054.0,268.0,6.46584440227704,1479.4487666034156,1540.107210626186,1533.6290322580646,0.2210626185958254,0.784629981024668,3052.639468690702,2.800569259962049,-1.2386851770256406,30.104364326375716,38.02638986324783,17.15191739126306,30.88705218993348,27.600475247863265,30.36959886134849,29.48070525261161,99514.0,45918.0,99245.0
2001.0,432.0,6.266866566716642,1517.1399300349824,1557.831584207896,1538.5632183908046,0.5657171414292853,0.8510744627686156,3124.586206896552,4.415442278860569,0.0413157565722918,44.63268365817091,37.34095251727596,-11.513409024036012,44.9833509389084,-3.961513035052562,42.80547880520784,-17.435189636955396,380124.0,68276.0,379035.0
1675.0,370.0,7.28955223880597,1616.2698507462687,1609.5779104477613,1642.2889552238803,0.3755223880597015,0.6083582089552239,3449.046567164179,3.577014925373136,-1.8641051150543384,37.89850746268657,37.84058536734695,0.602893848139236,40.30491250840336,1.8991041932773087,40.0703162947179,1.3016996164465946,239838.0,53108.0,237923.0
1666.0,500.0,7.340336134453781,1756.1686674669868,1814.370348139256,1793.515606242497,0.3961584633853541,0.6674669867947179,3702.832533013205,3.654381752701079,-1.8623774642335469,34.95798319327731,41.78914601325298,10.528265775903607,44.44796179879513,8.366268664457827,42.82852813433732,10.65008147469879,104086.0,27266.0,103669.0
763.0,358.0,10.504587155963304,2508.094364351245,2545.6579292267365,2548.7719528178245,0.3735255570117955,0.5779816513761468,4334.768020969856,1.724639580602883,-2.1439990927952715,39.31847968545216,41.53592601978892,8.318383819261214,44.09997404881267,4.368150784960419,42.08457239050132,7.872875704485486,17717.0,3674.0,17396.0
1851.0,542.0,8.284710967044841,1974.9902755267424,2002.720151269584,2008.9070772555376,0.3090221501890869,0.6985413290113452,3992.854673149649,1.582874122096164,-1.7198676627109253,31.750405186385738,37.61749571343443,4.758170191224276,42.84293525785482,9.942003458829909,40.62724017118092,9.284455794149515,151981.0,61796.0,151567.0
2845.0,515.0,10.736379613356766,2877.9673110720564,2924.5894551845345,2905.69841827768,0.4007029876977153,0.6196836555360281,4961.959226713532,2.242179261862922,-2.7249639219779547,32.54481546572935,37.92440160944658,4.907316841141244,43.308204380063344,7.742090162028901,43.0435941120902,2.558810188798877,826337.0,219424.0,825216.0
2448.0,511.0,11.763480392156865,2827.048202614379,2874.799836601307,2860.815767973856,0.3884803921568627,0.673202614379085,5505.391748366013,2.974142156862743,-2.821185158390654,28.059640522875817,40.394549367616726,-19.397484326724435,40.15873329450638,-1.3853094411400149,38.93887120074351,-17.853101741429246,565370.0,184915.0,565334.0
563.0,284.0,9.124333925399643,2405.2699822380105,2254.733570159858,2420.879218472469,0.3570159857904085,0.6039076376554174,4432.701598579041,2.2950266429840145,-0.9241385134539132,33.69449378330373,43.93882179390682,2.597336369175628,44.775465562724015,3.251978467741936,44.08987803590664,0.7238866702508945,14928.0,2523.0,14814.0
7004.0,843.0,7.018275271273558,1477.65962307253,1501.631924614506,1490.1103655054255,0.462164477441462,0.9164762992575672,3914.609223300971,2.0478298115362725,-1.670466264675218,39.97001713306682,45.8072317813033,-5.866652069611191,47.17827274999964,-2.306004035734669,46.24774170311574,-2.7906776630931867,4876465.0,751517.0,4764060.0
4764.0,1047.0,8.185978169605374,1947.7084382871535,1999.4242233417297,1952.862510495382,0.4378673383711167,0.7178841309823678,4634.414777497901,1.2662888329135151,-2.047670042223838,40.47229219143577,42.82465898171108,-14.655885823492367,44.20436484909614,-9.854984929186813,43.625837584279,-14.27065150661904,961985.0,149061.0,931159.0
2743.0,487.0,9.794021144732046,1974.7520962449876,2080.875683558148,2015.1782719650016,0.3007655851257747,0.6248632883703974,3783.7572001458257,2.532008749544292,-5.88678896282958,35.574188844331026,40.62721085735122,-1.4883025647573471,45.0027310364829,0.445949481576068,42.72631696752998,-3.014530781831433,924928.0,268895.0,923150.0
3650.0,548.0,12.284657534246575,2564.065205479452,2645.2084931506847,2599.1093150684933,0.3920547945205479,0.5402739726027397,6387.6580821917805,2.333178082191781,-2.1489379931407493,36.43835616438356,33.43909253236029,-2.671299404231895,43.06227912634173,5.345235602088494,41.41597196366629,-1.55341175707609,995280.0,226390.0,990132.0
2509.0,513.0,8.867676365085691,2025.747708250299,2008.9166998804303,2071.963332004783,0.3415703467516939,0.7684336388999602,4272.957353527302,1.1603826225587872,-4.140548232046075,32.29174970107613,42.12063254396474,10.042960349720246,44.69584636490798,7.852662777777774,44.077655255395584,7.426333229816143,329882.0,92743.0,329310.0
3505.0,575.0,9.186590584878743,1986.1255349500716,2037.1358059914407,2023.6796005706133,0.4313837375178316,0.7905848787446506,4395.575463623395,-0.6142082738944366,-5.825401613013771,44.16833095577746,44.98711824349807,1.0978599111174565,47.18297696338666,-1.943069638182336,46.30308814673906,-3.751977180337229,801947.0,205664.0,781753.0
769.0,293.0,8.133940182054616,2020.319895968791,2042.444733420026,2034.319895968791,0.3758127438231469,0.6684005201560468,3941.816644993498,1.2531859557867364,-3.318078964582644,40.5851755526658,44.26127654139289,4.725068247058821,46.00367905228757,3.154404128104573,45.15417674206349,2.892567181699345,85463.0,21138.0,85411.0
341.0,194.0,34.35777126099707,8778.73900293255,8785.99706744868,8786.607038123168,0.4134897360703812,0.4193548387096774,12269.190615835778,1.7583577712609972,-3.249065450364057,48.41642228739003,40.73034288922156,-1.299270161676647,42.73314898529413,2.846222802941176,43.3182825591716,6.136132849112423,14772.0,636.0,8502.0
824.0,268.0,32.19417475728155,8307.25,8317.456310679612,8318.858009708738,0.4053398058252427,0.3968446601941747,10863.192961165048,1.1523058252427187,-4.231617139493165,45.99514563106796,45.1408939914945,-0.1904669817739992,47.09799063791005,0.4611895358444716,46.67841538882137,3.857134933171329,55423.0,10442.0,45193.0
1509.0,347.0,8.482438701126574,1942.5957587806492,1976.037773359841,1974.1153081510931,0.3253810470510271,0.7289595758780649,4205.273691186216,-1.0571901921802536,-6.141445891611595,38.32339297548045,44.96668960571793,4.505244632313832,46.55158849867005,2.49603198803192,45.93001360505303,3.4489929873670317,565217.0,161837.0,564477.0
1108.0,328.0,9.326714801444044,2027.8574007220216,1858.2969314079423,2025.9539711191333,0.3862815884476534,0.6516245487364621,3730.73285198556,2.4271660649819498,-3.352551747659456,39.2057761732852,46.10156370081596,-3.2850080743427124,46.515834709882135,-5.6968323182230245,45.83739220580236,-3.626835954669095,111864.0,28037.0,111520.0
812.0,387.0,9.16871921182266,2344.5775862068967,2386.2610837438424,2383.807881773399,0.3990147783251231,0.6379310344827587,4572.278325123153,1.9661330049261088,-1.9331531685513168,37.635467980295566,44.74349624533001,5.819096980074717,45.22979528642591,1.7248927185554144,45.1404983150685,3.2521989364881656,21264.0,6162.0,20595.0
666.0,297.0,11.415915915915916,2628.42042042042,2267.9444444444443,2652.801801801802,0.3843843843843844,0.5375375375375375,5191.22972972973,1.9157657657657656,-3.213176849354914,38.408408408408405,42.38672489172933,10.391240658646607,44.923201493233066,6.0432468721804415,42.72190742857143,10.792625207518787,38886.0,11352.0,38296.0
1060.1246502215536,455.1629727651588,8.401506460191218,2581.8485147975694,1976.6997093412247,3090.810636743461,0.6184770087374736,0.5464627482172997,3327.3651064899773,3.8419401911551816,-3.9706532263383014,51.44288776187183,51.43914433567299,-18.20366604196677,32.911057344006615,-24.24973720282004,34.68285104192948,-14.614807979088603,753342.1427836666,180318.41796699868,-762861.0268457924
1590.744153076876,546.4891145901574,9.474041887344411,2676.995512501347,1988.0391192788993,3209.9687088621013,0.3232951488898809,0.5795898859320882,3706.1386731981443,2.1915496747281287,-4.228306695750643,36.739239587739846,46.146653004749226,6.997367758993663,32.05072605698411,0.9605080450225065,32.652045795885044,10.104810503071942,796531.2630364068,224678.40222277096,-725398.9952923821
1256.3043959955285,532.4389389247731,6.364179316232479,2229.944317176667,1393.5488965552795,2516.3157717668373,0.6527082529331818,0.7548258366904341,3247.484519583102,1.8123769622020185,-2.7933474408060217,57.66786136524053,51.471423443693105,4.203136488575247,33.51247152736697,-2.8688622119034686,34.862591804926474,6.70675514321718,949139.9376863004,201464.2088101881,-592844.3722565185
573.4120428489778,422.3792295459285,7.955994660368533,3038.2978636981316,2504.8380631355744,3790.3034416420974,0.4651167697873555,0.6543969524225809,3824.041918215377,2.8555037751217154,-2.4673506721739615,48.028860939880445,50.42849105761019,-14.182851267065752,33.07741916253282,-20.032397966205266,34.31841515703596,-8.996632253556516,652535.7320745555,162097.3941518223,-850162.0832821048
513.6239298511949,354.47004716323727,5.199080191408264,2050.8525998354517,1324.916332308268,2219.622363950745,0.37455993968733287,0.7199711614432868,2643.7963302693256,2.1171093564435504,-4.581067529797793,41.538844713989455,47.191135149374,-1.0893623198374085,31.302107542054884,-0.6846428252801235,32.35595873408,5.482091133215184,648096.295088823,165603.75629344338,-854613.5445034584
1303.0138592750463,394.27887821515975,14.171387561223218,4512.796986328935,4166.360449082492,6125.533237318943,0.5077162355501339,0.3206826832575887,4851.250694534296,0.2854619534806355,-4.395890114010622,31.725703892360347,49.8248027603002,0.7003681729459266,33.755528355493354,-6.729735173264532,33.83950757562384,4.539709151712753,780773.6843493269,224482.24744035985,-738892.6308051853
525.7683903038695,423.5500775180439,6.9845096566789335,2193.202102176529,1673.449467462357,2553.847037035493,0.3976858174736618,0.5480107863685875,3025.509507907167,2.534023011353935,-4.325332209327785,44.029445862701856,49.439205626765485,4.4896732782915425,32.30456983930465,-6.715110512562683,33.50542677390314,6.499287400716395,641376.574303461,161074.6415898344,-859861.1059166788
1498.259415783431,574.5894659209263,5.1533906117931005,2087.2545215763666,1374.1802555288732,1874.5727111076412,0.5581714244109431,0.7692072552941907,4344.876618194945,3.172372465770472,-4.447128577005057,45.65391854019795,45.52539662540476,15.923589673359256,31.76497546510176,4.427239477161162,32.523202153925396,11.408112507049632,817446.7346606961,176991.41914781573,-707118.9059032318
2089.6012209021264,612.056601028618,4.74700087682953,1970.6796706040923,1107.742125845402,2080.9005212007905,0.43578213954861117,0.7365434577255894,2654.2887264942615,2.3046366460131664,-4.155562829332844,50.10905657807665,53.1924222271345,-7.721140385716016,32.742387399478275,-7.550894842528247,34.63219226265069,2.8528960327764055,1026293.3249054318,212887.74432904815,-531194.5573158977
952.6928846786626,560.5392902555419,7.732557494796798,2377.645773139353,1738.8908723881214,2768.6101552546465,0.4927856018683545,0.5538788056539315,3040.3045736567865,3.658786967194529,-3.94509886517823,43.04411590016732,42.006428674130184,20.47224137943067,30.48619037361604,4.746193656889638,30.529345820069704,16.559568667116096,690523.0495426831,177566.14502779848,-817323.6072159468
12044.322035032968,846.2261954516913,14.754354686231052,3951.7366682046136,3594.17723114053,5211.835120890872,0.422772235888981,0.818743178466804,4651.923235677947,-1.013116100572845,-2.691417920753163,52.784948457737606,54.73361009403049,-3.1004242419664565,34.828051293580266,-5.114407698004798,36.86146645711966,2.866646427868231,31709157.711129256,3554556.1935428707,22661036.638638273
1263.7779101202514,530.0972429805423,10.58581759234063,2951.014103639332,2384.8250017791297,3596.3349034161656,0.47582194023120766,0.4666568312800433,3166.7973592495996,3.2833245572499252,-1.9751627084723755,40.86855559830328,50.41229526953322,-6.15255587861108,32.891159478218206,-6.624566886837987,34.9417542455191,1.2297521201615413,774960.1719664074,220724.7766473253,-744419.3527642335
699.5275937036758,461.0172126257356,7.7124476953359915,2666.7405888750122,2054.10785402211,3196.265803403011,0.48904029091800644,0.527374407751059,3473.2685829844827,2.7323117057366617,-2.739506804279274,48.079845561046334,48.909164076044426,-4.540091187401871,32.60241748583282,-7.654751056666023,34.13456545105218,-3.6027881748583317,647837.3784024108,161207.4467732567,-854603.6917783116
1164.7538479676737,517.2179152872733,7.121902984302426,2477.6871712218935,1848.9079416614327,2910.744180417864,0.5351206676633283,0.5785877808548139,2738.2654096697433,3.487860044093589,-3.6124926554571593,51.219784327179674,47.82633892101914,-3.1515121860818516,32.666574515877635,-4.933078350871753,33.83544850538272,4.5364467585488795,787396.5006438679,178110.3409805577,-734027.3551276634
1199.318850794517,458.6755166815049,6.781026855889347,2322.318455847072,1621.7624685622723,2632.0351497959286,0.3393161014241276,0.6731293058388605,3371.476386435224,4.101160649893692,-4.285478613614473,41.62021217591274,46.04802669968425,-0.5135539182633,31.438256754607053,-1.1693911868739892,32.06004665619645,5.88759165511075,732973.273052914,192796.76247143123,-781210.0853109707
918.1278818518193,450.47958087669736,7.496825582664155,2547.512553691982,1898.6129292799947,2987.3175931704004,0.4863505209512728,0.46653174565007627,2982.7363797815296,1.9392955943695318,-3.6591339131591205,45.68573667408366,49.97007793491496,-11.464953654260707,32.522006172195276,-13.333319453996214,33.461157522504806,-2.823412511078925,698348.0871764708,178455.32915818345,-810658.5670782641
917.1936925862291,421.2083815738132,6.740697121578838,2288.4436966256685,1590.534629720476,2562.0076040809195,0.47883421434808787,0.6154893724503633,2744.05382028747,1.3634571293018993,-5.358993369839595,42.48438273040046,46.79823980322843,2.6649373450681737,30.51586713920501,-1.5735740823270978,32.14988359028806,4.9339135478036384,719656.4762283855,196275.64767855115,-792138.0711955304
2879.9253395915684,855.5929792286142,9.725391608374578,2838.2021138664904,2234.348349938345,3478.848138729678,0.2957463374341436,0.6597414439697842,4616.707408688832,3.893317933608165,-1.4648244355137072,36.60843541637875,55.179828691108376,-12.452846586670821,35.012061272253405,-10.745632660253769,36.93271545705685,-3.732648616082919,929029.2275756253,277306.6540188526,-611255.1744659505
760.249895967049,464.52975654208177,6.241413917754061,2250.7210963648545,1524.9061185433284,2483.82221118344,0.3898641474165847,0.5919355263652151,2872.0911903509977,2.5161225582200153,-3.1878028045683493,42.34985082273996,44.624506172543114,10.687299662636024,31.99789518309294,-0.6975841188601892,33.221027884404805,9.162099868606163,651619.6818097641,164371.11048179382,-851530.2983808329
2509.9863904177873,505.5094355661196,13.997261753954206,3157.387314408211,2681.8941271668496,3986.4501076660445,0.5084124371848991,0.3066023852421071,3341.6839395328902,-0.6215210610093569,-3.9615235060511687,35.861295390993575,43.857520700613065,-25.729949749291013,32.60141422053116,-16.64640446104891,34.393937800862936,1.6073198689577304,1139704.8900846054,374591.7936129553,-427733.71794204024
1388.025082443769,487.9467159843891,8.760583469842251,2502.814315009287,1859.999447960925,2920.118004299776,0.48174380308267073,0.3224026077644583,3849.7938965419476,2.9685344026677014,-3.809398431585689,37.7729229699399,48.468187942943814,9.270165914588656,33.04462216118368,-6.560274252601965,34.44682797233596,3.01694721367491,853819.2296372536,278764.45804377564,-676918.3327830611
685.5147547198205,375.54531066131386,6.907837221578963,2462.543687656347,1811.9902152625318,2891.451185314398,0.6111315746054622,0.3866006959484357,4134.421424215298,2.9891005966251765,-4.1811857190333335,57.56141677424069,45.9795388332462,29.571272142374333,28.46282643053315,27.910281661117832,29.798113531968426,32.469201448063124,731638.565105123,173659.8408395493,-781653.4579425796
721.0139468122541,477.4090842353508,5.665354420749947,2283.6613475549634,1601.5190441690565,2590.755112097451,0.499813132185578,0.621649013120657,3090.769096293105,2.1546623110462884,-3.7984243661930925,50.18929724913444,46.00544909570334,-1.0753543006701305,31.75324076056152,-6.389583735985179,33.08479556892883,0.978832668559494,653728.1115514532,164558.10628603786,-849323.9447962781
939.6142349603975,421.2083815738132,6.8222623206016015,2385.0274406546746,1737.133228025663,2769.926556785329,0.6195856534268329,0.6244762129396574,2600.478111636954,1.7692782488964325,-3.3528544290479463,57.746821847900776,52.00343031780342,1.7911252537754252,33.331396829048394,0.6476255687669532,35.08762889645072,4.83578250939392,740054.8715461851,173498.03222526464,-775568.4148918758
707.9352970939891,435.25855723919756,4.282545401550108,1918.6469214691065,1171.4136762856683,1995.3341717370618,0.6083199386726855,0.699245852418514,2452.2153763984716,-0.570635379077113,-4.4307044915328735,56.59665617185448,50.88449023869256,-2.17534195854653,32.834269917920864,-3.759960657039214,33.865217884770146,5.213111519934415,747775.4340258066,173501.84846616758,-770511.3394981616
1401.1037321620338,334.56563163727606,8.130796164053207,2568.484339142708,1997.424648729812,3052.6653148024275,0.5238431170488786,0.41091919246540654,3287.429421821869,3.6314827764777333,-4.064262110721297,38.27735952609198,46.574060060843735,-14.602626054392896,31.771207685727536,-0.25331570306097984,33.30665269712992,4.063920442739102,796311.7137993907,232126.9412171289,-725824.6330187267
235.23552870526856,263.1439053382387,4.654918202042685,1985.8612838545014,1283.5327350491389,2182.048110702969,0.48126421926385254,0.6433544135778823,2504.125056616913,1.7251441683577802,-3.6840406057213135,52.88514610593135,46.90188044917081,1.284132945998501,30.253277817518672,-6.749131147647276,31.859654015634693,2.4965019584674635,638086.3640135577,159282.53486181388,-862719.0530576127
753.7105711079166,322.8571519161224,8.072244167253082,2663.6197578550627,2077.4123114395024,3230.4436812791905,0.25259569057534925,0.6161484821876985,3745.693305015206,3.021543228696928,-5.365757702293114,41.014389256558474,48.52124506217986,-39.89522721132419,33.0899966134081,-6.090772036620458,34.85068091978987,0.26309673534268496,719332.4518372031,193579.8551047145,-792637.2759363048
6380.332517758635,1415.2583098997595,7.670849298427643,2135.3952901555576,1532.4533781694013,2497.296766432559,0.511918510411679,0.6308475276864433,3016.5422844491695,3.8957069575696734,-2.8683873656222483,45.826427852259116,51.11947553001865,8.024649990162022,32.53016185413119,-1.3870712062764046,34.77908878127335,6.4938372536289135,2492889.041770014,495839.109836617,621182.1464064679
3805.706901791612,1395.3538943737983,8.12972682854071,2321.440415158574,1632.1870350373129,2637.596027341305,0.372123528021451,0.659184719334712,3286.9313328195553,2.9219232234384585,-2.54348224389308,43.00268178371785,46.07399931550632,9.633120153207948,30.60554995415819,1.1697425408216144,31.373626630923408,13.793759906986946,1212466.5354970803,271929.57058661047,-368099.11371812486
939.6142349603975,541.805722701696,9.928716947334161,2901.4153195106937,2351.4109053285997,3593.274481006182,0.44727615599489223,0.4365695481635081,3429.7880983757113,2.5310566890532447,-3.4922333626416586,42.38662964269241,46.85387431203569,10.78836137694649,31.85680817231862,-0.8698935526396525,32.38274926052179,12.072000436213147,673744.188370311,169354.3578528526,-832517.1662407558
1268.448856448203,455.1629727651588,7.688225887770989,2876.4366201268904,2313.5284200874416,3514.947904776011,0.43995735970877625,0.5069459225255977,3630.5593287489237,0.32336966859572924,-4.465435535837053,45.53758690596627,44.62440736570663,6.453698814796317,32.44577224700816,-2.799472908281699,32.08091310846948,6.21336851066229,829708.9380812128,206792.4443588727,-697119.0467275069
1456.2208988318648,581.6145537536185,8.400653820133329,2640.3705106740244,2084.1717634557253,3163.8855579650335,0.5737549472234791,0.4018584838625988,3211.4188431396215,3.451457338463981,-4.223630043560255,41.81670615269154,46.5036173152319,4.189341129473483,32.771283374689126,5.201050107632746,33.724995924538895,14.772684569212494,746732.9536831473,182361.63334643265,-768475.7664828192
1573.9287462962498,605.0315131959258,8.88340622977856,2666.7581701882864,2071.708163436087,3200.9570308578636,0.3234805635933366,0.5700014105177031,3466.988389501405,3.3619099152788134,-3.1414775451905252,44.9129204382628,48.55286618677137,9.055008774721859,32.02997662922202,0.8063601843674677,33.249063361067684,10.84149238528305,753735.060211292,186823.58221014985,-762746.0783857456
678.975429860688,446.96703696035127,6.356325741232738,2190.515184686211,1520.928665174495,2481.3970094596248,0.4269539227337561,0.5895719916369476,2614.383157331391,2.8980905831899513,-2.816765600943788,50.1368806544747,48.105158076911664,4.951453184070035,31.419469830034217,-0.5347820537055128,32.86848120236895,7.931218999957965,675680.76405406,167295.8775098069,-830166.962869057
750.9080033111455,421.2083815738132,5.312521113410265,2038.1906845947478,1309.5656790519265,2192.8964195622184,0.5524141544279408,0.6597900649547919,2499.2888926623586,3.227815698069013,-1.9676525306260157,51.25624235888679,47.49782225395239,-1.4808429358155937,31.213885656704065,-6.908224105286048,32.94944126530166,2.6149593345953184,697012.6221623453,170093.94533984235,-811639.2416545488
877.0235541658436,438.7711011555437,7.1320610148545525,2346.198344189667,1668.5165786697003,2684.9037928782122,0.38129559303015054,0.6967654219744855,3206.573901996614,4.382686023695088,-3.433812066013205,40.26399655582938,49.91118796410659,1.1773231474958998,30.33938778627975,-4.143104377882727,31.82146494407338,4.594711449539232,700076.4696182217,188447.01109026046,-809013.8188270808
579.0171784425198,328.7113917766992,10.454955650731277,2684.079678461266,2075.956697143653,3171.643580097799,0.3072689251867895,0.45451742960002167,3059.429647486443,4.400226792142859,-3.4700277028915663,37.5326403700288,48.558829808103184,-2.513855143703912,31.005942110072827,-4.983330212121808,33.87275049856276,14.243380245716837,663421.5888988815,176753.2857154723,-840759.9560986231
625.7266417220377,340.4198714978529,7.264813667098424,2337.739598304939,1642.0574559051292,2429.266116872647,0.3885128124262425,0.4640686748863043,2727.2292995653106,2.445059737495587,-5.926091207129827,38.83118815037654,44.276985847340164,2.3465222376760617,29.984080765461066,-2.8668854196516675,30.2928210325132,5.640276976717066,659824.0096771555,169752.01015493894,-843876.044638405
1656.1374016682012,550.0016585065035,4.393180245730759,1965.461399413029,1249.0880131908234,2099.987528565072,0.6495142896770724,0.762642426024147,2720.470950550907,4.458051788726879,-2.1394502809123233,53.890730713754856,50.1805989364308,-24.898601723937293,32.77176832647782,-18.869669473093097,34.31771554574624,-13.025942437387378,1155065.7660123874,215462.18044217135,-435003.7154037404
666.8309694080134,466.8714524863125,7.694722876685387,2579.501349964739,1949.6017276424682,3062.434011905314,0.5210615272605524,0.6622660972283625,3373.2512366953006,3.4220851247958306,-3.2426583144043115,48.63116040684121,50.35984346942254,-6.778630141089092,32.332458766736195,-8.102496406648381,34.03921325677689,-4.094721412326862,651023.8706044825,162398.87718315452,-851582.8462482828
581.8197462392909,446.96703696035127,5.9226454185025466,2372.9817645450516,1717.2762961696717,2738.2548948951426,0.42447482147233256,0.5201858189426651,3016.3743358308025,1.3233333157904896,-3.6431798713060353,44.46036814171911,45.64177019344921,-1.4512979891822657,29.63315745201315,-4.207427921781546,31.38804603508845,2.8649698623834783,662504.7815677556,166655.51228629358,-841510.076906471
499.6110908673395,350.9575032468912,6.971120377734624,2427.5745599752727,1797.2028762368413,2814.5924896483834,0.5251431748343809,0.5849740563000492,2804.9161154429707,4.178052526552747,-4.294396829879816,51.141044948411775,50.13014631659778,2.531028293366686,32.89150425379352,-1.8998593543701778,34.2787904610989,5.595793637388518,648284.8046061229,161465.42465829544,-853856.1983638362
2733.2576248938826,829.8343238420762,9.645921224079569,2860.099749314639,2304.546127952683,3505.4248313363187,0.5666051551949152,0.6353384428425686,3271.177394131504,3.374382712292091,-4.814105511944207,53.846027302152116,52.435270382214966,-6.3103404166521795,33.15893683977124,-4.440893536077163,35.26247715532966,1.1845273024431808,1759276.622275722,306960.37233105605,108942.90711101273
1092.821274517216,408.32905388054417,7.655316645047136,2389.1075802123714,1722.710713331568,2744.942889297877,0.5004649254311873,0.5730834594795068,2994.011096704985,1.4867777143506384,-3.6822686606718316,47.17367843828602,56.2743527337822,6.062797639710432,35.072233795016494,-2.663389347291271,37.68576689040734,9.841382090552022,791501.3143097344,195151.3831085451,-729606.7657784366
1044.2434327065175,375.54531066131386,6.262012516913736,2344.5856491837767,1637.1489578111282,2611.527501415115,0.5763585396036709,0.7095128434981318,2906.215021582107,3.807118282520587,-1.8243540296292482,48.35992428873775,53.36269470806663,6.181843485099158,34.39234033566338,-1.0489634592536143,36.27281849387627,9.421576294300813,921397.9989234793,219164.69736620353,-616967.1276577597
305.2997236245453,174.15945945747086,7.72687881165217,2784.2082382533968,2192.794365770666,3365.3738069700394,0.7160559581989129,0.49252518239556414,3637.3253052982564,3.7788567145209195,-4.033705266676532,57.57992740598994,41.665873492515196,4.503629699227648,26.23722708609968,0.5744618902819489,28.07762040058194,7.764489394566465,668306.1808893225,163587.25460032996,-836471.3932663642
374.4297292782317,283.0483208641999,8.201170816058736,2554.85446923925,1931.8047051217923,3016.4373698607624,0.3925964072719333,0.5104984300578775,2733.543628333725,1.6859263731521459,-6.4561251269984625,46.07573520840671,50.089579738696045,1.2892012609544303,32.34673312724092,-1.621810764181804,34.13611563512082,5.471644817792127,643884.7350697864,161888.26415034116,-857674.4577824179
728.487460936977,420.0375336016978,11.723465149256336,2979.560089776412,2435.75589255995,3710.2980240629763,0.4760176849143615,0.5296650457776046,3666.661253272993,1.8630148998993536,-4.8852353655336005,45.84760533389166,51.12828845689193,-9.271405691926484,33.60431000355693,-15.02947283573888,35.267673426960876,-6.204593376501993,666719.3698521303,165475.5305991046,-837845.5200001803
1411.379814083528,470.38399640265857,14.843802871902367,3891.7889103423927,3545.7991690560575,5181.67371390286,0.5068023486268075,0.3451765325361629,3991.8312513052942,3.9916283604359157,-3.0886097195326347,50.47320976715175,49.07312797782567,-11.056438164166595,31.540162540359308,-13.089454158671867,33.33901453805251,-3.0299010616880215,1085193.8427988451,218503.72444181435,-474947.31999747443
1149.8068197182279,393.10803024304437,9.268952207573411,2794.5294046256704,2219.466784265153,3398.702736296724,0.6398906903233363,0.6858287848020175,2899.936559587884,4.167787175722291,-3.055535456799945,56.50050106300013,53.53566329137816,1.7206177382771286,34.21678823718026,-1.4357643348229514,36.25793927179998,7.238926818032537,1079492.3762334373,210326.28343499493,-479777.12586446764
465.04608804049633,335.73647960939144,6.90262457757824,2496.809475216179,1872.4174071335597,2949.9166504596574,0.6468406012964939,0.5049376606917799,3399.456150675721,1.4715751123296315,-2.6535808772700897,55.64519124702599,48.84974260545715,-8.060140246444535,31.00711445594675,-13.699427559587448,32.84932796040236,-3.0405998850843865,671522.9557447757,163978.8009169716,-834095.5728092836
323.98350893635245,295.92764855746896,8.145178986560172,2737.5064189867376,2149.7197246025676,3314.4025622548183,0.42298263376968803,0.45656136785940454,2939.118557346354,2.035598390790155,-2.9829232673124317,49.16246110101955,48.809895826427024,-3.180357436988867,32.157930911960904,-6.574968535891068,33.19319094730706,3.262483478468278,642252.5000525218,160526.62939617224,-859564.8673139297
735.9609750616997,357.98259107958336,6.257650014661701,2505.9981305653387,1884.528018168622,2944.9902571372395,0.4598456353334218,0.6410483412087083,3186.8987867991796,3.5787301223618204,-4.225336188124482,44.76333566014407,47.1364655844879,10.504505753004223,30.957605063410814,4.957632285425586,32.355895600585065,12.701986531090567,670316.9490738562,168258.3334655283,-834933.0544467671
710.7378648907602,415.35414171323634,5.7688239477069105,2246.134756586412,1532.8491773674436,2523.5659916243185,0.4267354143476414,0.6470099605937233,2932.8391081354152,3.573480884861979,-3.9686967808587807,43.82123168689927,50.23312862612526,-6.717846491403281,32.24188365581829,-6.245288692625473,34.22053502605819,2.2178092696825256,704547.7033900048,179229.26281329966,-805225.1175839396
608.9112349414113,329.8822397488146,5.451705337124134,2283.1872971792905,1603.244554509275,2566.59917197003,0.6918680273495539,0.73843331148572,2566.182814735065,4.002875087678812,-2.7698863967155796,62.97858083783226,51.67891183306533,-1.5505556306575474,32.65270617583861,-9.318711248858149,35.177200227732456,3.3788712600454796,852006.0557660344,183395.8346311293,-677113.416740969
312.77323774926816,270.1689931709309,5.604597505967212,2172.276278167468,1489.3579777248287,2424.4818638286683,0.44085105609065045,0.5767247004986484,2799.6934944801465,2.888488087230193,-3.6537883756191443,50.079127097449614,42.56533822525927,1.5072173153224564,28.308970600233355,-12.494309596458514,29.18780993019722,3.085451065232071,651226.0073158041,160821.2431938792,-851266.90219524
378.16648634059317,377.8870066055446,6.328569060959283,2340.5806794435607,1667.0389730559918,2676.236510019118,0.565719845055324,0.6475571775791338,3575.039423501698,1.9340360343363838,-3.33702429412093,46.40219828496818,44.584020093471665,-7.609927745599384,30.41995020305196,-9.039343695032066,30.90525438654141,6.134030346416639,641880.023415929,160151.11129132297,-859376.351839453
427.6785174168821,338.07817555362215,8.144733163780653,2844.65321208104,2241.7640146833355,3485.4209837181793,0.4311499171047991,0.5768697301652667,3488.6662632871767,2.343545767336236,-4.16671121257201,47.92814930420239,49.77919103669354,-16.351594177659244,32.56178028198293,-19.23734762826738,33.983007621656554,-9.694416499082719,656539.0988515939,165322.1177148064,-846666.3363999971
572.4778535833874,313.49036813919946,14.18437778135109,4111.586771926834,3860.6308444725055,5593.79089516259,0.5190785672753641,0.47250063550915006,6507.23342743189,4.150871068547886,-4.89617509871692,42.493023331011706,50.76269212522037,3.4382051609538933,32.48501804860469,-2.2661580017436282,34.00317331251413,3.85100037801178,680253.4447146712,173279.7432456165,-826090.5620516273
546.3205541468574,305.2944323343919,4.844482847648537,2032.4198176221207,1306.83187262195,2203.4036910811433,0.41776903574500407,0.6796289319449892,3070.92931017237,2.0739947243470866,-5.408297326280923,42.6939279638178,39.64118605210825,-11.475861433779729,26.552904971070117,-6.86602985286319,27.548697243476813,-9.523756727194407,679610.6953966483,168456.01474430057,-826699.4604657035
407.1263535738942,257.28966547766186,7.445180708390427,2677.664907294769,2062.1354750019755,3226.197306219221,0.3684125165452569,0.7227697807913115,3122.7243521959062,2.9781896474726026,-2.675921495409778,39.55421961823005,53.14245376320384,-5.158444406755415,33.719283972649116,-9.401267378010601,35.44258180984573,1.2494964072021637,651504.6077269142,165537.3537017322,-851118.4544696938
1788.792277382032,349.7866552747758,14.242690101776684,4246.203821492192,3933.331279038235,5763.824925433655,0.587430309380521,0.36991903627721456,6538.241445372442,-0.27969940811364746,-4.57272924896698,53.960564280006565,48.31726664782892,-9.11813541257914,34.27238950173686,-4.756887273132358,35.44681131123503,-4.821226558969844,1377167.830708554,244604.52247338084,-221660.68725364213
787.3413846691694,274.85238505939236,14.95015557622199,3992.576167818261,3634.681313381663,5333.466785836516,0.63469619541933,0.39420182712191515,4262.401177762557,1.8524913502508644,-4.289844839080369,52.65075396976335,51.73214437455197,1.8365420648418893,34.17054803302011,-4.365690429817817,35.36048054096178,-3.7264031250492513,737294.6076904585,174954.30975382647,-776604.921577326
301.56296656218393,237.38524995170064,5.863180468317234,2358.7700918357664,1692.8962957402541,2729.2945882017116,0.4042255896818639,0.6707620587819259,4191.191571383602,2.9853494438098838,-3.9813401789921077,43.45647031588422,49.75464427496868,-5.582030627854644,32.06512316180811,-0.46805115558944266,33.98348316363116,6.726639384585128,647295.3189068814,162736.2328789744,-854693.0231529765
339.86472645138855,271.33984114304627,6.069099350806542,2374.433162757482,1714.9281634408976,2668.902369151124,0.5347057261204343,0.5764783148718367,3171.387648320938,2.351361049995847,-3.1445595676721716,48.446371021307925,49.37332447366612,-2.4503660931654596,31.02025376487514,-6.182677796250401,33.29679714099233,0.08363441859143217,640136.4996474873,160064.10099873596,-860888.4167253253
353.87756543524387,253.7771215613158,5.357274796258525,2190.380071366964,1536.7523192813292,2480.3581959935905,0.3062874731250554,0.7489838584994255,3467.335406803823,2.003407692296921,-4.676690779051439,40.82503336270021,51.774554896809406,-0.9269866994392837,32.71904341917858,-3.571767620934105,31.76644039958336,6.470365740711824,644922.6730144384,162128.6873272264,-856745.67422524
283.8133705159671,268.9981451988155,5.97791412464082,2197.924096726038,1492.663890293884,2456.593052463217,0.4343180818636919,0.533249845663199,3014.403450693904,3.558173855422717,-3.8501000295066063,42.4906461300262,49.27693280091321,1.9865725060802641,31.283238498655244,-3.519582977814494,34.54407675988815,8.493171278337664,637115.047906345,159797.72738371074,-863555.8778467532
299.6945880310032,251.43542561708506,7.306313513217016,2582.7700394495414,1965.1468980000259,3061.775024102912,0.3116217838301014,0.5762244468181803,3597.6322351935605,2.7503546778628163,-3.870683361107302,39.804087587194786,50.25395454074519,0.4992493365689321,31.705977385215174,-3.9076430541217597,34.13581573352525,2.4224914709826106,640162.2399028616,162153.1112690052,-860866.083881659
576.2146106457488,312.3195201670841,18.40780042068934,4417.009080965212,4174.06535893211,5987.900944228194,0.3055605352536191,0.5441666463094375,5405.493864261324,2.457753391738304,-4.400592238136303,41.023080595683155,50.24840682637217,1.0583657376252176,32.733379525882505,-5.690102475302231,33.80821796082637,3.8769336956716165,679342.6939142216,173384.30824635705,-826878.7800633765
941.4826134915783,279.53577694785383,9.910338629482013,2978.448898404066,2430.374072854226,3699.074698945459,0.8293782922861967,0.35586874535982016,3376.2804636151186,1.3710362125805569,-3.6477020555679633,58.37663453700432,52.260865752805486,-0.8783008185623342,33.35935699221555,0.7242431065695918,35.692787663992824,7.420170086433334,845091.7689326962,196832.81885038037,-683208.9693651628
552.8598790059899,380.22870254977533,7.933396505893444,2631.596121106838,2018.3274984521972,3129.3678979867045,0.5143120033564619,0.5835130957466529,2814.1658646445903,1.0766370333809734,-4.385669368427769,49.190315853221726,50.63118849532238,-4.806120177351859,32.42414342478941,-4.954989286981103,34.56265664245948,5.579827166938695,658194.8029252291,164371.8737299744,-845275.7884576028
366.9562151535089,242.06864184016212,6.166776738542772,2089.0736470711227,1411.1891223160183,2299.3501886031813,0.4864809912454896,0.6026076723869098,2414.518990882347,2.978987654332824,-2.523407361938453,40.03266342471857,52.18077022613524,-7.586638653819557,32.41474152244601,-3.0620113530868456,36.1938536286714,7.115630598962889,654117.2436474059,165389.28355469814,-848771.5353397107
360.4168902943764,339.2490235257375,5.659919546752284,2252.1608371874577,1588.7711467011313,2537.5994026954236,0.45272849621781436,0.5680234468795324,3136.156961162033,2.692111986213769,-3.918314025505434,43.11908587496854,46.525836616876546,3.3826562382507928,32.44484390984851,-1.9174628305036894,32.76868105244797,10.023151253939968,636122.5339417653,159815.28209186427,-864472.8381337548
667.7651586736038,352.12835121900656,9.10434275295333,2996.9223878067296,2467.843802508113,3679.3104112650417,0.486520160673167,0.6757169701154571,5090.784046158803,3.2961897213014724,-4.494406198221199,41.1461639650041,50.679353658833335,5.4976313408798685,32.93034139773125,-1.579409741563719,34.59706001327935,7.256406345727116,692610.2814270052,172772.94645370607,-815476.5496750812
411.79729990184603,283.0483208641999,5.806083361783989,2126.586882114384,1407.5085591398924,2340.114115410266,0.5149704295126712,0.6294554653528306,2397.7760912844697,0.7696737798978438,-3.954080770542804,52.22861833897612,49.885236079124695,5.613835112030296,31.719844836697657,3.678615806358371,33.3214068366933,9.67819485893553,673773.713957358,165029.03041346063,-833392.0882337973
213.74917559669035,249.09372967285432,6.6039785433152245,2450.953121856011,1770.6806563614696,2814.7288498648377,0.6143936535042134,0.6104147633344574,3271.477199124109,1.3534135241186205,-3.910128956644752,57.96922450035403,43.94032563506187,-15.610991558946996,27.986073502098364,-17.554013025771695,29.39328850752608,-7.405639112038398,643957.4134379021,159547.3819804779,-857573.3031375767
393.1135145900389,301.7818884180458,9.073713926021737,2860.1781288692123,2280.3307577172013,3518.353319089603,0.4977263611253474,0.4736309812557209,4356.000475468528,3.625363591439886,-2.865035453243361,43.743680587225796,46.52582700426071,33.444786645653565,31.040410543301224,22.83893879591449,31.690223064733967,22.48415357659895,646976.5939800408,163933.7692743169,-854995.1733908138
747.1712462487841,249.09372967285432,7.279280503909686,2229.738072450386,1508.095402564596,2494.7127794891503,0.5405457397112078,0.5510796263207108,2915.0668747261852,1.5027303259223177,-5.594306843603344,47.383401198411256,52.608654163772535,-1.1915531415096323,32.38174389049894,-0.36038570727929464,35.452448572002005,4.040309673637013,781020.4879743864,196266.4887003841,-738678.4982453268
1791.594845178803,472.72569234688933,10.21188059523808,2901.0069822037062,2395.0357043934387,3604.3961573321794,0.5572930071249069,0.5135829363268651,3646.268448709884,4.249316395978857,-4.7064675655996115,50.26407564108524,48.754726772831056,-17.34258737377319,33.45894327089777,-11.523148429091002,34.3609733531176,-9.076515669363209,860970.4782333022,203866.15083449843,-669318.5974531125
516.426497647966,318.17376002766093,12.13765378569277,3575.074878308482,3167.9345128657665,4674.410019658405,0.5371205117987308,0.49119440111791474,4457.727973660768,2.1552053082859017,-4.774374602519558,54.543492299827754,45.3971973815676,-2.185878542417848,32.35679352198769,-5.295894549664936,33.172726213899054,2.4918264944117903,703344.7249844235,166512.78487652363,-806056.687586335
288.4843168439189,294.7568005853536,8.406647784920672,2862.687131956332,2326.072029565763,3497.0874951308037,0.533778893013026,0.4980217781381851,4148.482376675491,2.658529377051968,-3.9261549135666183,50.61984109776358,46.70909010034792,3.2701817432264764,31.08544869880419,-5.892618320503736,32.4698290856134,9.180444501508402,639589.1406876162,159324.51351174622,-861896.6789320211
1329.1711587115765,435.25855723919756,13.451538908495193,3359.149406603037,2935.9899055842375,4329.391532195843,0.6519858256886704,0.27225196757518844,3702.7763987745025,1.570165514388782,-5.209059252649767,50.18764522550673,48.7162155081512,-27.061766964782365,33.40509160913367,-2.327707315446564,33.2096248058243,-12.602036677858178,1116054.8948599638,248797.8079775311,-448013.9105360041
743.4344891864226,465.7006045141971,9.491054739770354,3440.1766675892804,3008.924185957716,4436.885734761994,0.6239289610544091,0.503457617353056,4592.7387882990415,1.611759361123137,-4.135465909611382,49.56804529201742,46.56029075327259,14.456487610560586,29.51014162153936,0.20840135798578263,31.6266413489511,9.777773236971017,719474.0232417617,170849.56103862444,-792063.8473327573
301.56296656218393,350.9575032468912,6.381055778641165,2485.554642469997,1842.3607851172028,2917.0604597361307,0.531932808080922,0.56560914332188,3586.641648723222,1.2309098037304091,-2.9305558315203806,47.67373553781018,49.04962669133086,-9.388801945076027,31.671540001474757,-4.940952145784953,32.998464918584716,2.200171666208355,635232.2239323483,158845.19365433697,-865207.1945813678
1946.670263266802,376.71615863342925,8.63359618036633,2249.397374639479,1589.4876037139807,2559.145007651317,0.5504076238823061,0.6484663455832905,2682.497569594644,2.2611653490630177,-8.627046865991213,56.946600097598356,52.156126390400445,2.8388925872266353,34.03526905208993,-0.5864541058976496,34.643572403730005,16.392822049123094,1601693.2647415774,311023.9056445064,-29198.86793146655
601.4377208166884,339.2490235257375,8.02046158650903,2685.4174019060065,2084.809569435844,3210.653204643322,0.5054551972196425,0.4355608211698119,3563.274084687474,3.1956039645448175,-3.048783985328768,50.982813926807026,50.8696971403881,13.800072489020529,33.1185391606425,-1.2301033529702083,34.044544549924915,15.722440508479446,698315.5333240856,171543.35363477888,-810448.3756084644
644.4104270338448,343.932415414199,5.894029020237513,2240.5096600296542,1622.1134078928053,2655.017479695607,0.4327862538012077,0.676027013608366,3075.9195445308055,0.9133867876304681,-4.753028720259104,45.51556914631481,50.37390917589105,-4.9090823014349665,33.14069391199584,-4.914959471176562,34.877626737026766,4.2848102067884435,661903.6708981321,167304.27323979334,-842136.7102258117
438.8887886039663,250.26457764496968,6.84800365580653,2182.862162964623,1494.876791837211,2443.75474161454,0.3567215065248248,0.5530716803247206,2631.615310632737,2.4149706380139566,-7.631192697365636,48.84716292174437,50.60704154615724,1.7571128256904713,32.998794482389066,-2.1588734612218654,34.40455140972392,4.708454295642534,681273.9701336288,168621.63959948818,-825269.5016227219
308.1022914213164,256.1188175055465,6.922835247115141,2359.389272328615,1679.924861890458,2643.5776736638572,0.4693352514108097,0.5929127604049181,2971.787079476256,1.0785969535395858,-6.788582923684292,45.73414523751758,52.14825300517732,0.7225925752365323,33.64148644662773,-2.584045108525935,35.57921613157057,3.2658722153927204,639686.8022447716,160523.5764034499,-861436.2282434909
884.4970682905665,445.7961889882359,8.787671900285623,2497.9285774564287,1857.044447158361,2941.819633748811,0.48929427818375165,0.6510909999737289,3491.1669076987023,1.11176886907106,-6.738228428421507,49.6969458784063,50.72988316481017,2.8937415053351523,33.18656154067078,-2.603192294354233,35.5148416521517,6.25329877261297,686368.269498737,169682.55457050542,-821030.2024161974
369.75878295027997,280.70662491996916,9.523913044871916,2670.937307316425,2108.458511618959,3234.9636116147863,0.4837279185113254,0.5031142364405776,3127.7287934455617,3.4091592794463086,-5.330972842565507,45.65165128028226,51.8018846652156,1.350340533583513,33.39553911176163,-4.11559023370755,35.27783707249444,3.009041650417653,662322.3285811319,163059.8501075437,-841639.4760300666
208.14404000314823,271.33984114304627,9.02230271934929,2860.1779981769446,2296.436866680243,3522.0260592742356,0.400282656695272,0.5587460159725064,4012.2675176769485,2.8422098037029775,-3.285442249702894,43.5099472728908,49.019302335862996,-5.658546526382963,31.957158232501623,-10.391166991247434,33.09639844154952,-4.191072814494341,635130.7770435202,159027.60996949748,-865238.0664534946
527.6367688350502,405.9873579363134,7.334232480998845,2441.344173636926,1845.7652491667645,2895.913936243334,0.35381601483460823,0.5238548882659093,2776.473411796618,2.497858697150454,-3.1544208302233185,41.01602058989768,46.88808905546266,3.7201332501730566,32.39299614862639,-2.1299239488844277,33.044538226866244,7.949454318210074,639804.1475266251,160425.11738815406,-861185.3121764174
466.91446657167705,367.3493748565063,7.4124601477081145,2430.781348149644,1788.8610170514112,2843.4781288339145,0.6761794666458725,0.4799259473649832,3123.028428268466,4.514039239814961,-4.440508827383868,48.05797820140337,49.14527876885614,-6.7331783000371335,32.27105492090202,-8.929267121221987,33.85636163168837,-0.25596823600174035,696915.7176715244,173881.1828119198,-811668.7998299893
717.2771897498926,345.1032633863143,7.6729994139340105,2338.6990229260473,1660.8951628724672,2681.822960477663,0.569615513202413,0.5140949937220342,3335.0204729577886,1.0349231713496554,-3.7499695453326565,53.36139075476269,51.914531579622334,-7.404344236145391,33.28862961776312,-9.890714314690545,35.11658190029193,-1.2492528678337498,749823.2984607327,176638.03524020352,-766153.8075898747
706.0669185628084,395.44972618727513,7.1483584793437425,2410.2025859052205,1784.8409598011458,2802.4035023506917,0.6345923295424628,0.5806580710409645,3468.29962258133,3.458497290151713,-2.4164029512018663,49.950298105900735,47.48908308032831,4.771022785288022,32.64388077655601,-6.85648398643836,33.08634567979765,4.594432306059989,702016.0735673088,169997.77606908826,-807208.142731832
758.3815174358683,340.4198714978529,5.587120298216299,1951.745547971594,1175.2675417028786,2024.1933847044288,0.4258509756419391,0.7584206422338726,2818.865809300238,3.141451549498342,-3.7669845087946596,45.969314646684474,49.19832997203737,-7.794810628682441,32.172058434423604,-8.494422352207785,34.13169019975686,-1.1659662825552413,709928.930895903,176992.9456441769,-800348.0186362414
694.8566473757242,329.8822397488146,8.825588615727682,2701.418467562735,2091.327213995847,3241.8268131496848,0.3631102545343484,0.6553830331415262,3839.586774985515,4.201496903176989,-4.660320446014225,37.36713978335434,51.52406394528463,0.8496592019264857,30.83831436644294,-2.7745767269896904,34.50040486021559,4.654235634141607,661412.3348470168,170842.69180499914,-842490.0946344126
282.87918125037675,192.89302701131672,6.361524487057388,2386.8617140679676,1698.5659364216604,2715.0953882179506,0.5813752296170793,0.49431732904618114,3298.435652421854,2.6741123194253893,-3.707908194295844,52.559634175197864,49.9777935658513,-2.820148378806385,31.4997907393413,-2.1949146296718816,33.68034925797523,2.234517729183689,653709.1848930898,162215.6976198134,-849166.9580422714
469.71703436844814,276.02323303150774,5.013808967923069,2084.718791917162,1377.9228975052847,2259.807171231746,0.6001277656919454,0.7033400899833439,3045.518138738138,2.4289604395873288,-2.9973789900816907,48.43174707949274,51.57955454817802,0.7667071904009419,32.55279111488722,-1.7231537293679722,34.467190677856436,5.222649814686494,652548.6022022426,161313.53827035843,-850152.8874053011
451.033249056641,302.95273639016114,4.6753563601024455,2047.08152998783,1348.797120894752,2231.9939424381196,0.5998687628699664,0.7186839517271079,2862.027152662821,1.2172878710472677,-3.949746822888325,46.969185522270756,46.2410908670386,-16.403135328409093,31.417019418821415,-22.795686970380412,32.779552491504276,-16.082526355397203,644136.8381591877,161535.64349090954,-857428.1396537463
720.0797575466637,497.313499761312,11.161550383559618,3354.5747308581954,2921.788190820957,4330.103718843412,0.4085210253979558,0.5288171654921439,4219.6424990402475,2.8781169313471593,-2.343561619529334,42.54631855925335,44.842458134737086,-7.917952768483179,30.716174117356427,-7.859577519264186,31.764466411548657,1.609394334621987,644750.0618901637,162972.0765667761,-857098.4017854978
1292.7377773535522,420.0375336016978,11.542335954457053,3709.3209301327815,3304.164864611386,4866.205837077713,0.4404118312940469,0.48954816294488357,4940.3920724243935,5.718613101715638,-3.841157668690512,36.789757669676106,48.81969476085278,-29.65501301774537,31.608835345907234,-30.7215238805259,33.272965874823164,-21.87111121498065,848329.7416455165,217349.69319276535,-680448.2357790113
359.48270102878604,278.36492897573845,8.523868525550634,2729.8926396436423,2146.3944264017077,3287.1676225811734,0.37072567999292494,0.6030058340252348,3319.76646540449,2.8804179415889872,-3.5378688397661238,49.13087686330511,46.69412096346376,8.822509816295563,29.97712742491032,2.428337363279603,31.733496902832428,11.879284060332214,680109.602111109,166433.40706574247,-826237.6960804871
415.5340569642075,285.39001680843063,5.069472238816329,1963.8525544129348,1200.3314548822664,1952.0992018202799,0.4770852247813943,0.7179184056821871,2432.081826367694,0.4776614061764364,-3.312243308585429,49.08583018498343,52.19414051418968,-5.54803634399555,34.01713287078331,-4.179993809628424,34.950435342636396,-9.796469199240448,731358.4505613438,175739.69213165148,-781742.1324689015
732.2242179993384,409.4999018526595,6.595650133965473,2159.6638954671894,1481.081588495812,2401.529653343883,0.6695312598253128,0.7178300689550695,2882.750250209822,2.60227303556872,-3.0380082112374156,48.3030134527854,48.8402925092343,-10.193389457040935,31.401794172436063,-8.067886841661466,33.361399898845065,1.128988616992372,676482.497302336,165620.5477534163,-829725.5607824774
366.9562151535089,278.36492897573845,6.455552568654581,2455.065155530706,1805.6719291275144,2864.61122745783,0.6099748524443664,0.5990944814605135,2835.94153127541,2.237543023546861,-1.2947702560294196,58.84672304083158,47.00929040892864,9.059957216708346,31.19603796512638,3.0530256899889654,31.91896449725873,11.739105441827576,731952.7476339564,168087.3658730766,-781226.5065195488
292.22107390628037,254.94796953343115,5.617993813688225,2193.418781571032,1468.9965404203508,2447.9169774809757,0.5437944889934924,0.6299570494331281,2918.0283063097836,2.215178734088828,-3.634868990996771,50.73421997787359,43.44076396519961,15.999753328416126,29.536264910746045,9.428574251349495,28.885054337940076,21.180564025839406,648360.5112395767,160762.47308397392,-853940.9318000991
693.9224581101338,311.1486721949687,6.159944506323658,2316.8239064382997,1608.6685683155001,2565.088591622077,0.5277767771054361,0.5978173191871576,3700.9767097862286,1.485417181478512,-1.8959831817332566,45.52433837373372,44.03437690490981,5.3482747584933765,32.38999748135991,-9.999749632538679,34.002669576007214,-1.5835588885879492,710284.752073136,172930.93882708778,-800057.0348202373
373.49554001264136,333.3947836651607,6.646920215003807,2431.660239287988,1787.2816991642408,2822.2626472532106,0.6433174197398072,0.5946834750751491,2900.8842153475134,1.314977815228864,-3.2344364457236874,51.907836854843225,47.81477583592855,-2.1796483720131157,32.323314539973666,-8.618401485702613,34.12703234865864,-0.794099608459655,642460.6932945199,160186.22070763,-859101.789232027
388.4425682620871,297.09849652958434,5.19864350787502,2192.846137239864,1463.843077634277,2416.9384840247353,0.5423815016997673,0.6884596959785426,3184.509754064513,2.0140330141999403,-4.275826643012152,51.02585230155246,47.97208296809567,9.302893781894815,32.31719128399714,6.349031255530173,33.78375985771927,12.743745732411014,644207.2453282997,160625.0884114681,-857451.7861940988
411.79729990184603,266.6564492545848,4.515733127097026,2025.9712481310412,1346.7641028890193,2218.7689042008183,0.6417030369181991,0.6874684666400028,3536.600936721224,1.5889637161535943,-1.369020415699936,53.14057973873388,54.435769784694216,-1.180507594654355,34.975534775262915,-4.508759123605622,35.23688243631833,9.892735385342068,724201.1454346188,172805.00287729077,-788001.8971788763
360.4168902943764,322.8571519161224,6.517870065631453,2457.5842523598903,1693.3554891458207,2861.866181877793,0.4612123820229315,0.5626835302528139,3043.7888737251187,2.889454663609274,-1.9582847627629922,45.450841847979646,48.704696759775956,1.9610132475990487,32.538165428865476,-2.9450652358942753,33.1190824954167,3.44941889273737,648780.6830552456,163169.75784554836,-853388.5223435316
945.2193705539397,427.06262143439,8.627665415270638,2375.1706560156526,1680.5365648146512,2718.7489702358,0.3558229307953891,0.4212468149239494,2841.38113744451,-0.5344778468908735,-5.077340682997192,38.4895463180531,44.433374238346964,25.714059583452176,30.04050103771559,11.389451276522415,29.139739113886826,23.74538481825855,703755.0549377432,174562.00018900426,-805717.7538412828
2102.6798706203917,540.6348747295806,9.517325508756223,3137.5826338632164,2677.8450817436255,3942.6284495257178,0.6072391818417076,0.5297335721020838,3975.2526683039478,5.202697277845761,-3.228488390107951,54.26084980836212,47.44026849575724,16.40081858025515,32.16451219512172,-1.651621072026563,32.47621464909997,19.246426694845024,1513077.8932175364,277304.3642743109,-103796.47741175431
430.48108521365316,274.85238505939236,11.510451766406852,3229.1401221432384,2750.622847418736,4142.555451990718,0.5143601857771178,0.38856315399024827,4453.653147008396,2.280951141367254,-5.002068737332097,45.6185420479421,47.65615235972068,7.152295115351171,32.24342632922846,-2.6373923689388374,32.80276772079824,4.262828423442706,666610.3522999567,166294.49589687548,-838872.8308088268
2058.772975137645,520.7304592036194,9.315445520769318,2658.1984655017277,2049.539081925921,3085.4659040000597,0.44960856892941375,0.38794706049916183,3183.203689132149,2.8620169594440883,-3.6927054208801975,37.43574504010867,49.55280606536845,3.4180903365791955,33.79402728164515,-7.089888242604407,33.22015706843421,7.580740937770678,1046155.7172583783,261821.1116829035,-508830.8417775433
394.9818931212196,332.2239356930453,5.496389446367453,2060.9837300714066,1359.2663131262811,2256.3299694688667,0.5870918492929956,0.638216951288297,2938.5229633341883,2.3640397104783633,-3.296309266543441,44.90338033548142,44.05048810447956,3.8943532734357587,30.340650402567896,0.22401773308290984,30.766868582936542,6.289947768688974,645045.3177606337,161289.87757676022,-856666.8524240651
973.2450485216503,449.308732904582,7.92344900526716,2330.064506526395,1693.4185891326788,2685.310740127107,0.4410398261385984,0.46102934752015623,3066.8715878834814,2.5957814469112055,-2.649908031387919,40.184592682862736,45.77848850798743,2.758692859452705,30.463844914038116,-2.8426260455129375,31.467366542891657,4.130112630942966,729147.0597981574,186564.84107693055,-783758.6568822932
188.52606542575074,281.87747289208454,8.478557246196418,2867.578806671013,2306.6393625000005,3533.6163042384746,0.5132692076429266,0.5689498651636999,4440.215063835642,2.8617291832619776,-2.1699777746578928,45.426733400258684,45.384189199985286,-0.1804220334878126,31.27898966921887,2.136115596517117,32.112507801895426,7.666281778959533,632073.7431846546,158236.88485440836,-867884.5084279425
254.85350328266605,253.7771215613158,7.375738646797095,2538.407796132548,1928.831809743208,3025.714613150682,0.413297942215581,0.6351365878894275,4061.724193999316,2.3956620745984694,-3.092875179054636,40.937872132621756,45.973341039995354,-8.508997638824333,31.368322647748805,-10.550571927146972,33.48600377212768,-3.040682212280796,635126.234645513,159640.49825850961,-865243.9780885827
866.7474722443498,409.4999018526595,9.089358245447489,2670.7665810487383,2087.9193014604984,3207.5414482722385,0.46466789730872354,0.4831147725771605,3714.4761268431707,1.819403477543141,-2.889779322025106,47.53223534820318,45.858306374271315,-18.96344704095973,32.84280214175907,-18.32578488985215,30.559105997085688,-14.361087864431488,704082.8646605983,169560.43486161134,-805499.6801913655
503.34784792970095,306.4652803065072,7.908689858497664,2828.2493615087287,2218.4517339050717,3410.9874912017294,0.6058132810253185,0.6724834359524228,3940.0462275221794,-0.5733236016980654,-4.516503361687984,57.34138245987847,50.513045509162055,18.54056384774793,32.36675216060458,8.730208983931709,34.69993545817588,19.089789197415012,774956.3866347347,177899.6844827154,-743937.2260803803
349.2066191072921,259.6313614218926,15.837113301906191,4760.766037453205,4584.745588502727,6528.233199630311,0.4829585290039468,0.47766042193945984,5903.388205884176,0.9796906091745369,-3.4000159725124046,38.97636300618693,46.34428133055269,16.878905637305145,30.621387707246736,10.48229093582335,31.468041851464896,18.076735990643417,656796.5014053369,165335.856182057,-846435.7826315605
384.70581119972564,257.28966547766186,8.09935481652447,2663.4586500025916,2097.614199996721,3237.1699808191092,0.33009638600218094,0.6578926959052835,3581.520608257453,2.2214181818305208,-2.852582096360625,35.52364424462104,44.694171173406815,9.903676030221332,31.861443757351825,-2.1733065762423065,31.593766943541482,9.581228633720485,678405.4457920633,179735.29635702947,-827699.840492282
243.64323209558177,291.2442566690075,6.220689202457484,2230.3136556330273,1557.3550628669059,2523.195918758393,0.4870342838312743,0.6170459233761898,2951.787588704079,2.669990403373353,-2.6114782313486877,41.165853559860494,47.58159703322226,-13.592058508191785,32.26604727290026,-9.75605978627123,33.40695953870106,-3.129729860364491,633505.3556232664,159073.40486033278,-866643.7219077807
895.7073394776509,318.17376002766093,8.349581173873814,2636.269319835924,2037.2617980987593,3138.3550854282526,0.46257489871501817,0.5050231202352815,3064.1845113972086,0.9285414184745377,-4.419240950707407,54.91071854439722,53.60918576101136,0.4736537914077745,34.24729846065973,-2.1258447500873117,35.78036770376097,6.50763161956743,845612.6305708586,186777.024071134,-684089.8029932926
314.6416162804489,266.6564492545848,7.900901976509794,2754.5083941888206,2169.8572691849217,3350.172163117445,0.6424598417651669,0.5546419367303973,3118.6906218167082,3.3833618530791307,-3.2278902741069007,49.44660145456096,49.807685393656946,-8.161136205232028,31.134792764410513,-6.98038335521188,34.285267982211046,0.10004744831695689,644990.8089845468,160944.12615095387,-856678.0188458982
268.86634226652143,226.84761820266235,2.775161619979933,1799.174206502858,953.3392031940992,1778.2909667762233,0.3986239020470966,0.7525749579599522,2352.162010562912,3.0110887781819184,-3.8899879938391093,45.30178380260211,50.704219205760964,4.484948356735535,32.90680711866993,-0.906567120453313,34.52087966321049,5.9159466852408205,672915.2007339916,171417.41768498186,-832473.8142501096
197.8679580816543,206.9432026767011,7.431795024474934,2655.4012010751812,2046.4833487868777,3203.289357467956,0.5143812799947736,0.5179617285040466,3068.9997929752276,2.9765346371360275,-3.4531772359428583,47.740202257845105,49.87464465293759,-1.6946654803951873,32.435566673036114,-6.202293614107061,33.68926598683227,1.7110880439976186,636071.0534310167,159423.73577522265,-864438.0251715692
331.45702306107535,165.9635236526633,13.001892086889066,4209.3250301784055,3977.453018150377,5660.102083145225,0.866819249742123,0.7365418662697913,8359.848598282582,0.02649041428291765,-4.715969075817211,76.92851114764164,50.890984236414134,-14.979189167214939,32.483509230803534,-14.865404443245,34.30496187879459,-7.904172387714888,799424.7705670121,170245.06847959876,-722686.2116352785
331.45702306107535,279.53577694785383,6.700507018760967,2252.0603938189734,1549.3781888750418,2520.787659307839,0.5828404539744746,0.5795519133477206,3089.4469592100872,-0.6967658200768403,-4.57103932990333,54.13288790603484,41.099577451279956,20.535622554415262,29.02084156966535,7.154743213300678,27.965659859369158,21.024854546238036,646831.2372438094,160836.50815749096,-855489.7801931864
1473.9704948780818,242.06864184016212,36.74088144682822,7322.364625640095,7654.249694515924,10648.32026948446,0.4491630913567582,0.5820642986694604,10409.616482845355,2.4138426827258757,-3.7648527322307697,39.03460947040725,47.79627904427751,21.54857885750491,33.14207083627894,-4.669272245614051,33.77695956089728,11.796832719986133,1012237.631338394,249074.86706708453,-538092.1217670463
110.98835638175112,178.84285134593233,5.896386447059152,2499.907710460576,1866.5741664489897,2907.7255544131135,0.4942635047154535,0.7179122263244873,3384.551522355188,3.6668209175180317,-1.6594449782540073,45.34143837854324,44.690578150133625,13.136271046024067,30.862039966477973,-2.580706712403101,31.517625060270166,11.414338951658417,633145.7491143608,158505.54821397533,-866963.6070508822
431.4152744792435,265.4856012824694,12.029483448636629,3781.663166904144,3400.495506408816,5003.764673880485,0.5765058534044321,0.5465395962650604,5050.819620200145,0.011844791887980599,-3.058065391473688,55.31777957489115,47.35248642909961,8.736154537230206,29.134480333281527,7.909236560461297,31.980645625167543,13.58913833448372,741448.63066807,168102.63083668836,-773004.7358086616
1625.3091559037193,366.178526884391,9.302107336218725,2544.7405879891403,1921.03921859592,2999.4391251943125,0.7838482414042349,0.6387300024971452,3307.150350379459,2.0959423713285057,-1.8908248787972328,59.554492656651966,50.68448497064938,-4.981585652072578,33.34569130146283,-0.7918917260683473,35.23600158057988,7.579138170115442,1308941.769706298,266137.2801441284,-284465.2415814756
1174.095740623577,580.4437057815031,10.219647691857553,2708.160762582344,2076.7204439439556,3257.032883904028,0.4513924512091345,0.4631312263169049,3206.608657263315,3.0939301949689857,-2.474285905685577,42.490029188419925,44.52080887583665,0.4884255692524828,30.07636979750806,1.1352092783133534,31.510379802296473,-0.11853765181692766,681252.7722762617,169967.24614186474,-825609.7490644603
868.6158507755305,393.10803024304437,4.588431121118581,1816.9786799864619,1051.6421551422936,1841.6078427293232,0.6243567131688104,0.7954506623640151,2904.1690121257643,3.6431975485268833,-2.821566013811812,48.51132604283648,48.12438140327441,-9.558056994168824,33.63507507761855,-7.147106654846372,32.8960164004506,-10.783653601379617,796479.0254593237,191854.9142165857,-725255.1455052379
967.6399129281082,453.99212479304344,9.6195398718269,2837.5170924977424,2247.1745555486045,3369.1612057611846,0.6235640895920291,0.6266353889013709,3271.6994043513782,3.375020595318094,-1.8082215593926123,54.770791160677405,50.09752691938631,4.852526775162566,32.631963598177556,2.075529581767878,33.05572908834796,10.75175036725848,931629.7504347642,191132.8814377495,-640695.1172047833
692.9882688445434,327.5405438045839,8.160840953427249,2681.1983541094096,2101.3226459849,3249.351359520343,0.654870061064228,0.6685656412646852,3887.9077493283953,6.0802306883278785,-2.445031959898411,50.5851041291246,47.26653970245495,-15.49062280609965,31.952910209745507,-4.262534411538381,33.29740616651274,4.992721057635968,745051.5093541378,177406.6261580556,-769894.5589039677
236.16971797085893,285.39001680843063,8.160995009831076,2582.441291945459,1940.466360994356,3077.05761422252,0.5027359299774935,0.5535481512569775,3072.3823417466097,3.519538053977652,-2.161110528232398,43.730729792896696,48.04984671599623,-4.373277947563546,33.39381494282634,-3.996164849249624,33.25470400729785,3.6932065422074416,633807.4250907473,158581.10978385355,-866403.3154141972
2268.031370629885,644.8403442478483,8.818170091911915,2644.5490841884653,2054.2051609125106,3198.108871228465,0.5028884799324147,0.5524154195430259,4146.098785244175,2.6961315462792896,-2.64752243331367,44.54906972959477,46.18853128058429,-2.2893622168024454,34.089869991666106,-4.192640344843608,35.88302198562883,4.5572732196868735,901649.1665207136,236854.5004476907,-634075.3996027762
1434.7345457232868,607.3732091401565,9.204789380405197,2744.6227141612694,2167.5851438000423,3315.1238905847754,0.5604019657647398,0.6331793508272608,3703.633454591816,2.3794748460712833,-2.764575308476888,53.05868821685826,49.033941998997996,6.02710650206679,32.73077826489581,-0.18986580842176082,33.71748641382708,8.110118911596512,775583.9946260669,179178.12518520025,-743531.2938043294
1433.8003564576961,709.2369827141935,5.113689366136741,1953.2143991941111,1203.7123139308223,2060.152588939072,0.5367620182433059,0.7425606143300297,2988.1163619875992,2.540119774138518,-1.6603870315928513,49.395599411949746,41.05633775821204,8.91407750664399,30.32647448321471,-1.8232660282118252,30.409269626230692,7.649132556206572,728295.3601718019,176366.3188879142,-787971.6821550927
588.3590710984234,338.07817555362215,5.698625169944073,2077.507179238406,1372.5367418455244,2263.346212467465,0.4698284842302063,0.6466982185131845,2946.5449688406884,1.9724807038528736,-2.3851445300020373,51.282727062224005,53.667823561657016,-0.6138975313119968,34.216460111496794,-3.4139097136241405,36.13685128203938,4.273621224949778,743886.3842652834,179007.15759274855,-774983.8198664951
1001.2707264893612,427.06262143439,9.700685628163045,2808.0445565573978,2223.250089938543,3411.665315618735,0.4483990544930084,0.6610666476411171,4049.6440399960406,2.0704519813828384,-5.301803290400737,48.79853543331101,54.563660623321596,-0.9330100078726358,34.84004379511821,-2.987524294892208,36.73444843598973,3.7609877491568096,768858.2173100288,179609.36040723245,-750173.3442500026
468.7828451028578,409.4999018526595,6.5393512301868055,2181.9278628922793,1363.004690237985,2267.799789619452,0.4603137772959098,0.6111143005723977,2953.25852308606,2.613886297403722,-3.359274935915984,41.41976604536627,50.098128287665446,12.281210464209233,32.77736753213319,4.5121546357484235,34.8388040816215,14.90361806204307,639216.6640510233,160738.04914219512,-861785.0147136899
490.269198211436,321.686303944007,4.221221404169724,1823.5879952027112,1038.5054220143975,1840.6811878151912,0.5146672414566771,0.7318772494966743,2278.001005627839,2.4423470752363174,-2.810520578523069,37.13610159861853,50.615234442755366,-5.838814001391002,33.16821598105157,-12.463455827941235,31.75551222502635,-0.20227193195508963,647636.7558237582,159659.57946302433,-854402.0393369724
376.29810780941244,274.85238505939236,5.6503404501897005,1956.4008980451354,1247.3645340615985,2098.883335585909,0.48358609191782603,0.5051376515652494,2932.326436650547,3.3198563209897527,-3.428346236143428,50.793216847890235,48.811754142041416,15.024581039894013,32.02655785067115,0.4698672961289283,32.06721352993511,10.497050969910374,688079.996481128,168884.960221791,-819294.8090936629
263.26120667297926,199.91811484400893,4.6669569884664694,1827.7092108597703,1055.5864489272608,1851.344231189853,0.6660921930180709,0.4949433556674278,2266.1930735458523,3.2842096867214456,-2.106587829145502,62.58507098061702,44.802745550744916,18.994882818991307,30.61898475203151,11.380716933939137,30.2134574118597,18.31180993298725,717975.7889657104,169375.72880190908,-793353.2406303104
453.8358168534121,183.52624323439377,3.2801042260102244,1927.6353782532897,1215.4641938504828,2011.2215726243503,0.6504328510501608,0.8288661474485665,2186.582263435037,2.014862592553309,-3.632160272603138,63.22058049142857,51.99441446705311,6.46291705760461,32.99619280174939,3.9712823840994655,35.01969223820711,12.063364663102767,773649.6901413216,179165.14996613027,-745049.2703252898
320.24675187399106,276.02323303150774,5.4819809396677535,2139.1288339267126,1384.4183686910442,2334.7326478603436,0.5119927419868936,0.6406890618178588,2621.428171682903,2.090552436955772,-2.8683991814290395,50.322946986717945,48.444140175449526,-2.3162624398192317,31.102560117886725,-2.318493225128124,31.60856410361125,4.405621988081989,638726.8421325771,159713.77008384606,-862137.7422739477
240.84066429881074,261.9730573661233,6.54585856441101,2262.7554427945715,1562.0394106640201,2548.217640529777,0.5131708535052759,0.6076479538416142,2774.6682152113995,1.0764996043984159,-4.468180588453489,51.012372777778616,47.63243013261213,-9.186630801691098,31.728330459079512,-12.313690711559884,33.28900595404468,-1.9653655389287594,636463.2137923075,159155.83566383627,-864083.9839146251
209.0782292687386,263.1439053382387,6.956349914460726,2494.3055517394387,1874.2324294102164,2923.909977969616,0.6474266832316772,0.5880530242632676,3107.041683720639,2.1852214531314784,-3.3285880824903504,52.009072076071476,51.81457625260552,2.949500913687371,32.34222391972335,-5.195275119122001,35.21520416162527,5.9205295104171265,634232.1393044232,158664.30383553763,-866032.852948675
531.3735258974117,315.83206408343017,16.14135042659778,3718.8112309808184,3329.7534309171824,4898.9575622617385,0.47609807164432183,0.3821933440540967,3930.9355976036622,2.5961530371552426,-4.43794234782685,44.50622086406972,49.94756696525307,17.12178330952367,32.32857875795256,2.401743081303147,34.48949588060212,12.584120855516927,653656.190249672,164215.40785295385,-849162.3601038696
309.97066995249713,313.49036813919946,8.807520662900572,2646.3760524228537,2044.234146275116,3143.735793715606,0.5145961549915712,0.5268879874415062,3304.479114049377,2.3345589326805323,-3.3239763764719474,52.09816435029451,51.213562747760655,6.123161689845428,33.6811881172254,1.8027482596001505,35.356551847525886,7.59959151192539,644678.8976547171,160090.05143687595,-857009.0704108329
749.9738140455552,417.69583765746705,10.302053458653194,2725.7671288791357,2156.743917431185,3286.7143936035286,0.4122208654250891,0.407320081108745,3507.9009549558737,3.692092308786794,-3.0642178327767216,39.628464492269956,51.70492787157459,2.3358321587371083,31.14185302900603,-1.0742623900445336,34.07020548268723,5.639143816121362,688356.3256932346,179765.82628425298,-819087.2450172356
554.7282575371706,374.37446268919854,9.52204474330626,2688.3150774730498,2097.8832681045997,3243.5296466072236,0.42473976396019697,0.4517917466440116,3580.3631073271354,3.2163803585559765,-2.0203598665281164,41.362504846711516,51.00087969323135,15.523342219663945,33.522585345719925,1.8219961030939729,35.26485990164734,11.747232438973011,649690.6767893606,163636.1024838876,-852776.3396877397
584.622314036062,359.15343905169874,6.3508360032727476,2077.710055877794,1395.2953408827989,2298.869479385159,0.46939722746677176,0.6806775626599118,3010.884790794702,2.868825008808379,-4.353723315904294,47.64471372366241,52.93111690741124,17.90550940954712,32.934210844963495,8.86819564276693,35.06335533756652,13.781839238191134,694579.4109631393,179739.1125979324,-813652.4818262248
1263.0,268.0,6.315914489311164,1458.21694378464,1526.9224069675377,1496.3444180522563,0.4410134600158353,0.716547901821061,6093.585114806017,1.6503562945368169,-3.998691143005574,34.23594615993666,47.26161136616363,11.353066623510736,48.39877624225574,-11.114132494837166,47.7135185408246,15.733573075990313,181845.0,42122.0,181837.0
490.0,255.0,15.275510204081632,3680.1204081632654,3647.0857142857135,3718.04693877551,0.4979591836734693,0.3897959183673469,6709.002040816326,2.651836734693877,-1.6482866882600091,39.53061224489796,45.94116279141105,10.45289135378323,46.72958311247445,4.060024110429447,46.2016614212679,9.4336732801636,36533.0,5021.0,36533.0
781.0,215.0,12.156209987195902,3413.846350832266,3475.139564660692,3492.9871959026887,0.4225352112676056,0.7003841229193342,5878.45966709347,-1.395518565941101,-5.992174937972718,30.448143405889883,31.67291720978124,42.89418146203353,41.2845396138996,18.82295117760617,41.72425347104247,13.459167577863576,66740.0,31642.0,66712.0
403.0,200.0,11.300248138957816,2885.446650124069,2933.3995037220843,2904.985111662531,0.5037220843672456,0.4937965260545905,4814.466501240695,2.2461538461538466,-1.7424776844464744,45.13647642679901,45.0209833325,8.3283301575,44.67523656750001,4.800875815,43.9985600425,11.460494982499997,9035.0,1592.0,9035.0
1223.0,184.0,17.97056418642682,2544.0245298446443,3420.103025347506,3491.1586263287,0.3638593622240392,0.3417825020441537,17744.199509403108,1.088143908421913,-2.236722640482136,36.206050695012266,48.3533420877048,6.179173522950807,49.168963601639376,14.41468071721317,48.48721356311464,5.885887290983612,480960.0,78584.0,480890.0
726.0,208.0,15.962809917355372,3774.384297520661,3824.3126721763088,3772.326446280992,0.3705234159779614,0.3457300275482093,6242.884297520661,-2.578787878787878,-3.89324592576422,37.90633608815427,51.186230013774114,24.173436011019287,46.38905831955923,33.340504574380155,52.96098761294767,56.30488932644628,141651.0,26932.0,141395.0
577.0,178.0,13.358752166377815,3635.2928942807625,3579.0242634315423,3669.7694974003466,0.2599653379549393,0.3206239168110918,4754.544194107452,4.497746967071057,-1.7806959995835865,25.16464471403813,48.855918916521794,8.136597577391317,47.76351126434788,4.744258961739126,47.80555972869569,5.5473229217391244,17859.0,8431.0,17843.0
214.0,134.0,9.481308411214954,2600.9018691588785,2655.11214953271,2653.4018691588785,0.3691588785046729,0.5233644859813084,4934.523364485981,0.8957943925233645,-1.3885303831957678,35.467289719626166,45.63120910194175,3.717798446601942,46.3494822815534,0.6361165388349515,46.09088814563107,1.154315485436893,2020.0,582.0,2018.0
429.0,270.0,5.948717948717949,1555.8951048951049,1605.6550116550115,1586.6550116550115,0.4009324009324009,0.7645687645687645,4342.349650349651,1.506993006993007,0.0171386192052005,34.00932400932401,42.591544501170965,16.19892223419204,46.25568406088994,0.9020325784543326,44.510115735363,7.332250697892271,4019.0,991.0,4012.0
1316.0,367.0,9.122340425531917,2061.047112462006,2075.01443768997,2076.9658054711244,0.3214285714285714,0.7887537993920972,4116.073708206687,2.051747720364741,1.8014245311873642,31.1322188449848,41.42904949847565,25.30991159832317,44.12655104192078,16.678663328506122,41.48706201753052,25.099199898628054,126984.0,32252.0,124768.0
264.0,187.0,10.818181818181818,2762.1401515151515,2821.5492424242425,2806.219696969697,0.4318181818181818,0.4924242424242424,6104.587121212121,2.121969696969697,-1.0258585212351683,34.28030303030303,42.69614570342205,10.866572733840304,46.4176053269962,-3.8541367110266167,43.08546541825095,6.404030300380229,1759.0,523.0,1752.0
715.0,234.0,10.4979020979021,2374.8293706293707,2404.551048951049,2401.755244755245,0.3636363636363636,0.5706293706293706,6555.437762237762,2.1958041958041963,-1.0172259390845466,39.72027972027972,47.70702028892008,20.56636360308556,46.67157067321179,14.377122255259458,47.35013728190745,19.059293645161294,33966.0,8657.0,33820.0
928.0,186.0,12.617456896551724,2698.780172413793,2694.870689655173,2753.947198275862,0.6724137931034483,0.2532327586206896,5112.104525862069,0.0477370689655177,-2.830522509185048,46.002155172413794,46.74265741702585,-4.758150342672388,47.49322715193965,-2.682390306034441,46.5582843351293,-1.408474042025823,348158.0,51864.0,348116.0
387.0,183.0,9.545219638242894,2369.3023255813955,2456.405684754522,2446.1033591731266,0.4418604651162791,0.4728682170542636,7742.627906976744,0.4565891472868218,-1.429976794722771,43.798449612403104,45.61422239005235,16.876013023560212,44.403962348167546,8.785254455497382,43.382763730366506,14.286582193717278,24476.0,3543.0,24476.0
452.0,207.0,7.106194690265487,1872.066371681416,1906.1106194690265,1901.9977876106195,0.584070796460177,0.8030973451327433,3945.347345132743,1.506637168141593,-0.5560510972376411,44.40265486725664,41.97164907606264,12.697498827740496,44.465158017897096,0.1446467158836683,45.555767156599565,0.9107094451901606,16470.0,3673.0,16458.0
413.0,232.0,9.046004842615012,2354.2106537530267,2405.491525423729,2436.90799031477,0.4406779661016949,0.5520581113801453,4936.878934624698,1.847699757869249,-0.5086846473135614,34.91525423728814,42.403631822660095,1.480069807881776,43.0321589729064,-4.523951167487683,42.805927100985215,2.155835975369456,4398.0,1736.0,4349.0
505.0,198.0,8.588118811881188,2192.881188118812,2208.9168316831683,2179.831683168317,0.5900990099009901,0.6079207920792079,3834.073267326733,-0.2974257425742574,-1.2621749348943796,54.59405940594059,44.27907478727635,5.663358278330019,45.67777711729624,3.4123985109343926,44.35096647316103,3.4362123797216686,48360.0,5658.0,48152.0
555.0,259.0,7.7855855855855856,1729.3891891891892,1942.827027027027,1763.2126126126127,0.3171171171171171,0.6648648648648648,4262.172972972973,1.883063063063063,-1.3270342900192802,35.24324324324324,39.05079694727276,16.759397885454547,44.116412821818216,7.915222398181823,39.730161832727305,13.87410888727273,18126.0,5024.0,18000.0
464.0,221.0,6.967672413793103,1631.103448275862,1669.625,1645.3663793103449,0.5711206896551724,0.7758620689655172,4415.918103448276,0.1407327586206904,-2.0736322811571988,53.55603448275862,41.263781,10.81294459611231,45.56588785313176,2.824256933045356,44.30974854643628,5.176009354211664,18634.0,2295.0,17808.0
1692.0,270.0,5.222222222222222,1040.1128841607565,1105.8906619385343,1066.9739952718676,0.6453900709219859,0.8693853427895981,3813.0141843971633,-1.8592789598108743,-4.47524472863421,42.07446808510638,43.39760327439381,9.448754345357813,43.3818698047336,-13.529646988172605,44.15109148610284,7.581774221170929,517482.0,123814.0,517251.0
1209.0,369.0,9.901571546732836,2742.164598842018,2780.7220843672458,2765.7526881720432,0.47808105872622,0.6923076923076923,5177.423490488007,-1.4980976013234075,-1.63616698891517,44.03639371381307,45.87078502570478,-1.3565852131011618,45.364955956053045,4.637013216417909,46.027640761194,-3.717563101160863,105341.0,26186.0,102754.0
520.0,211.0,10.538461538461538,2256.132692307692,2247.313461538461,1999.2115384615383,0.4134615384615384,0.5807692307692308,3963.388461538461,2.4801923076923096,-0.9913840569269806,43.23076923076923,41.16348851445086,11.13982119075144,45.56111443930634,3.614636554913296,42.41348076685933,9.680193936416185,26323.0,4723.0,25490.0
241.0,136.0,8.576763485477178,2303.4771784232366,2339.7427385892115,2332.4896265560164,0.5186721991701245,0.6182572614107884,3643.6929460580914,0.8975103734439832,-1.1988143669976283,46.88796680497925,44.263525456431545,1.515664867219919,46.09988201659751,2.45543336099585,44.651392780082986,2.674999182572616,5670.0,971.0,5668.0
697.0,256.0,5.047345767575322,1231.8077474892395,1280.5925394548062,1277.2553802008608,0.5724533715925395,0.7302725968436155,3625.2697274031566,-3.0464849354375905,-3.1316576751090537,54.39024390243903,41.31818532514451,7.515426260115607,42.29751471387283,6.707427216763004,41.87690978179191,6.469626054913295,173320.0,21024.0,172154.0
264.0,134.0,6.102272727272728,1683.060606060606,1711.0795454545455,1715.4507575757575,0.4431818181818182,0.7462121212121212,3919.742424242424,1.3727272727272726,-1.2090464394098812,47.31060606060606,42.29274276538462,-2.8747640192307697,43.06006574615386,3.871486242307692,42.88246421923077,4.240406919230768,9327.0,2161.0,9325.0
502.0,180.0,9.173306772908369,2370.906374501992,2426.7788844621514,2398.338645418327,0.3286852589641434,0.3904382470119522,4974.792828685259,1.91155378486056,-1.233380886188559,35.0996015936255,47.61997235000004,-3.227776548,49.093462234000015,-4.395132471999999,48.91527668000003,-4.369033167999999,56127.0,17264.0,56127.0
588.0,178.0,5.641156462585034,1252.2925170068029,1265.7772108843535,1257.8503401360545,0.4115646258503401,0.8673469387755102,3537.200680272109,1.85697278911564,0.6108198775413691,44.57482993197279,44.45001545283032,1.231776276157797,45.08313523499154,-0.6797313533447743,44.924965766723965,0.6027645128644872,148228.0,28157.0,148186.0
369.0,185.0,7.7289972899729,2138.710027100271,2149.9024390243903,2134.6449864498645,0.5745257452574526,0.6747967479674797,5719.867208672087,2.6590785907859087,0.7563996353864613,40.46070460704607,42.63112807182322,9.29528256077348,45.91960700828731,-0.3010339116022103,45.33639733977901,1.7729929171270709,54738.0,9069.0,54713.0
538.0,222.0,8.66728624535316,2164.475836431227,2207.5557620817845,2193.9219330855017,0.4907063197026022,0.5855018587360595,3927.4219330855017,2.1723048327137557,0.214225443071106,42.4907063197026,41.44690483271376,16.40554116914498,45.43284860594797,4.728041327137544,42.84223494981414,13.436462996282527,24223.0,5191.0,24122.0
682.0,240.0,12.17741935483871,2703.341642228739,2767.8064516129034,2755.910557184751,0.3299120234604105,0.4428152492668621,4849.91788856305,2.060997067448679,-0.7709264870157333,32.15542521994135,43.47601838619678,21.246270180616747,47.15131710425844,9.24233929515418,45.05612295594713,12.236291116005871,59684.0,25004.0,59590.0
327.0,174.0,9.825688073394495,2673.4587155963304,2599.3394495412845,2597.045871559633,0.4801223241590214,0.5932721712538226,5995.85626911315,1.2712538226299692,-0.8526968234378965,42.07951070336392,44.17543838957057,-15.837140736196304,45.41100989263805,0.600803343558281,43.31811777607364,-13.300416055214708,10072.0,1976.0,10065.0
384.0,177.0,6.380208333333333,1653.8619791666667,1673.9296875,1689.1380208333333,0.5520833333333334,0.8333333333333334,3923.2708333333335,2.0606770833333337,0.4222301262077053,49.505208333333336,45.36978915706806,8.32854395287958,45.93207137696336,4.5129693534031405,45.87290557329843,6.374655976439789,13254.0,1979.0,13141.0
300.0,164.0,7.93,2126.7,1926.73,2155.03,0.3366666666666666,0.69,4771.286666666667,1.691666666666667,-0.8860035147078329,34.13333333333333,41.266670761744976,7.575495526845635,42.61698613087249,5.796872999999999,40.15752498993289,6.607415416107383,4059.0,1722.0,4045.0
511.0,260.0,9.634050880626225,2362.8414872798435,2197.035225048924,2388.0939334637965,0.471624266144814,0.49706457925636,4253.07240704501,1.5682974559686889,-2.237698770411632,41.2133072407045,42.62583397623763,4.245788443564358,43.75323806930694,1.123611138613858,41.86414105148516,2.2826405326732684,11251.0,2298.0,11241.0
386.0,146.0,7.1217616580310885,1793.738341968912,1825.7875647668395,1822.0880829015543,0.5803108808290155,0.5414507772020726,3926.717616580311,0.2041450777202074,-2.831125531856399,39.84455958549223,48.38016668848168,-1.3216995628272237,49.02588954712043,-2.576830761780104,48.3906417303665,-1.069373667539265,42790.0,8980.0,42758.0
799.0,189.0,8.245306633291614,2106.778473091364,2137.0300375469337,2133.727158948686,0.4968710888610763,0.6195244055068836,3440.424280350438,0.749311639549437,-3.914569608588572,24.355444305381727,42.45645568460573,-26.786117181476875,45.457366780976166,-10.485559866082497,44.90976022152686,-11.71847920650808,95220.0,52614.0,95215.0
370.0,161.0,7.635135135135135,1601.2027027027027,1611.954054054054,1657.045945945946,0.4972972972972973,0.6351351351351351,4171.435135135135,0.6335135135135147,-0.6973443365870742,48.83783783783784,38.79999076693767,3.665015219512207,43.41624481842821,-0.3296251680216808,40.84042072628727,1.9188537831978456,59361.0,6748.0,59361.0
1550.0,283.0,8.759354838709678,1980.3348387096771,1946.7412903225809,1857.4541935483871,0.3806451612903225,0.8432258064516129,3330.963225806452,1.3110322580645162,-3.1376134042024497,34.18064516129032,48.21312588831498,2.9305564925758523,49.173715559715895,-32.90335320271138,49.86315600645571,-25.36333594189796,663246.0,220244.0,663221.0
297.0,181.0,5.6767676767676765,1530.1616161616162,1484.141414141414,1564.919191919192,0.5050505050505051,0.7946127946127947,3917.222222222222,1.4696969696969695,-0.2217705877761671,50.976430976430976,43.43404616891892,14.23799608108108,45.46092850000001,2.311174108108108,44.13163522297298,3.741362273648648,6661.0,928.0,6549.0
913.0,243.0,5.362541073384447,1787.1423877327493,1779.472070098576,1799.6100766703175,0.1599123767798466,0.8740416210295728,4083.958378970427,2.63132530120482,1.5465992172234984,30.613362541073386,41.19550443859648,-7.834173629385956,42.86136408771928,-1.130751421052633,41.75450246491227,-7.037137065789463,70825.0,27910.0,70809.0
304.0,177.0,5.302631578947368,1386.3815789473683,1379.3782894736842,1427.2993421052631,0.506578947368421,0.7368421052631579,3778.0888157894738,1.2151315789473685,-0.1279517235751103,40.85526315789474,44.25550400996679,12.247195910299002,45.704331272425264,5.626597657807309,43.97796873421928,8.339871332225911,4250.0,775.0,3980.0
389.0,194.0,5.951156812339332,1344.2262210796914,1357.1619537275064,1352.8560411311057,0.5758354755784062,0.7532133676092545,2958.596401028278,1.2488431876606678,-1.4946054979183157,50.0,42.102761132812525,12.593736453125,42.69328283333335,9.681524833333333,42.05978795572919,11.179984130208332,35310.0,4200.0,35186.0
304.0,164.0,8.052631578947368,1722.2302631578948,1682.203947368421,1762.9901315789473,0.3421052631578947,0.6019736842105263,4182.006578947368,1.0980263157894736,-3.335881331143749,35.19736842105263,38.49073448504983,22.86925128239202,40.56169263455151,14.03394810299003,38.12383348837209,20.78769546843853,5674.0,1310.0,5674.0
162.0,105.0,6.469135802469136,1709.4444444444443,1668.2654320987654,1715.6234567901236,0.5185185185185185,0.7283950617283951,3884.407407407408,0.4296296296296296,-3.753060930584331,50.8641975308642,41.86488867295599,9.556989037735846,45.6608533018868,2.455772534591196,42.95743820754718,9.69702250314465,2591.0,432.0,2585.0
308.0,167.0,6.935064935064935,1769.4935064935064,1825.0454545454545,1824.224025974026,0.3376623376623376,0.6363636363636364,3590.292207792208,-0.3269480519480521,-3.1027745110143674,34.09090909090909,44.06341602922079,9.249999366883117,44.89032461038962,10.12268708766234,42.32304943181818,17.197510331168832,4690.0,1406.0,4676.0
663.0,211.0,14.075414781297134,3132.4555052790347,3164.2413273001507,3161.3634992458524,0.3574660633484163,0.6742081447963801,4473.761689291101,1.2630467571644033,-1.8769943322439544,45.052790346908,41.98760667019668,-6.107686332829,43.57293016641455,-8.423341829046855,42.50792348714072,-6.217603948562742,151319.0,25801.0,137310.0
374.0,199.0,6.858288770053476,1649.72192513369,1810.655080213904,1816.0267379679144,0.355614973262032,0.7780748663101604,3612.935828877005,1.562566844919786,-0.661484740953492,38.04812834224599,45.0961969380054,15.642301574123984,46.20413873315365,6.204706533692723,46.27861642587601,11.898049398921833,5731.0,1852.0,5466.0
676.0,202.0,6.31508875739645,1213.7307692307693,1294.6405325443786,1271.7426035502958,0.3772189349112426,0.8461538461538461,2655.2041420118344,-0.7755917159763311,-1.0530080073519132,36.86390532544379,33.549636161481494,9.45345760148148,41.273385460740734,9.21525555407407,39.97064539407406,8.689323561481478,77914.0,23055.0,77892.0
247.0,155.0,9.40080971659919,2154.5789473684213,2185.975708502024,2178.7854251012145,0.4412955465587044,0.5344129554655871,3736.417004048583,1.845344129554656,-1.5342623086545573,40.8502024291498,43.65179653252033,3.372062621951219,45.09043975609756,1.363323752032521,44.621965772357726,0.0860518414634152,4416.0,965.0,4411.0
425.0,178.0,9.896470588235294,2178.569411764706,2003.5835294117649,2212.1623529411763,0.4564705882352941,0.4494117647058823,4317.889411764706,2.4162352941176475,-1.7096320092925017,35.90588235294118,44.91852386052009,3.190602021276595,45.85500984869975,2.520928586288418,45.592751238770674,8.047036274231683,9357.0,2605.0,9172.0
328.0,216.0,7.173780487804878,1793.4908536585365,1820.4847560975609,1843.8597560975609,0.3292682926829268,0.7164634146341463,3747.487804878049,1.442682926829268,-1.2523617234333182,34.420731707317074,40.80934383850932,19.68240568012422,43.29758395341616,8.060050186335404,41.193202689441,5.29091948757764,2510.0,885.0,2507.0
300.0,187.0,12.0,3032.07,3048.0,2811.766666666667,0.5433333333333333,0.4566666666666666,5233.09,0.6196666666666666,-1.874325596568124,43.0,43.09167555136986,-0.6574329897260265,43.297174626712334,-3.362249791095891,43.52119728767124,-4.550163020547945,5805.0,989.0,5749.0
1080.0,318.0,8.997222222222222,2048.000925925926,2067.071296296296,2050.0,0.6907407407407408,0.8240740740740741,3874.3,1.834166666666665,0.2946490083484188,65.49074074074075,46.40041477715872,9.09166796843081,46.68692850789223,1.0414757214484625,45.76354618012995,4.470031522748377,395758.0,41784.0,395038.0
669.0,211.0,7.995515695067264,1766.324364723468,1798.7189835575489,1780.90134529148,0.5246636771300448,0.6756352765321375,4496.735426008969,3.513602391629309,-1.046618705248228,53.67713004484305,47.903673618263504,3.549214143712575,46.27801707634735,7.068775386227551,47.42272047904196,6.907343166167664,109672.0,20429.0,109624.0
453.0,189.0,10.055187637969096,2361.525386313466,2396.17880794702,2374.708609271523,0.6136865342163356,0.6887417218543046,4357.845474613687,1.4520971302428252,-1.8356904589213736,46.5121412803532,42.06621521412806,10.33203966445916,45.38876940838853,4.09018968432671,44.44420428697573,6.491707841059602,21606.0,4487.0,21450.0
2810.0,490.0,5.847330960854093,1099.947330960854,1141.2722419928823,1121.0370106761566,0.6786476868327402,0.8782918149466192,3598.8046263345195,0.8413879003558715,-3.1662487339582115,56.562277580071175,46.9262713366547,8.339605697153026,47.698803396797,4.898827507829164,47.311399526334405,6.955168849466189,2747422.0,251633.0,2171446.0
1557.0,441.0,7.49004495825305,1992.086705202312,2030.9486191393703,2012.0019267822736,0.4322414900449582,0.7700706486833655,4557.427103403982,0.8355812459858702,-1.0572013229039217,41.36801541425819,41.604383411726765,24.139903005148,47.0400987867267,3.761467799871285,44.55889525773188,12.207251612612556,206771.0,41376.0,201657.0
546.0,303.0,10.705128205128204,2904.051282051282,2932.923076923077,2795.346153846154,0.4945054945054945,0.5256410256410257,5227.518315018315,1.0391941391941393,-0.2400172309545048,43.6996336996337,39.9247426808118,15.48174740405904,43.77411317158673,5.427628271217712,41.53638248708487,11.058152433579334,14536.0,2496.0,14530.0
1044.0,351.0,10.169540229885058,2682.8419540229884,2479.3189655172414,2515.347701149425,0.407088122605364,0.524904214559387,5298.557471264367,1.8897509578544047,-0.1111244509026107,39.47318007662835,37.73325041402498,31.538512712776207,43.05165982901055,12.89043450336216,42.2341520528338,14.740121081652262,32748.0,4597.0,32565.0
787.0,299.0,8.498094027954256,2162.590851334181,2257.374841168996,2228.635324015248,0.4472681067344345,0.49428208386277,4912.35959339263,1.9111817026683595,-1.4565688086907658,44.56162642947904,34.46804336340207,2.468594119845363,42.71263260953607,7.715363454896901,38.59193281572165,8.090419019329897,53580.0,8986.0,53498.0
853.0,327.0,10.465416178194609,2522.8065650644785,2562.5709261430247,2532.331770222743,0.5158264947245017,0.5381008206330598,5125.079718640094,1.2840562719812432,-0.4180493720548154,50.257913247362254,39.41340502007083,11.268612792207795,42.59561209208972,4.912901874852423,39.96686226918536,6.879615853600944,224874.0,25294.0,224105.0
572.0,326.0,6.760489510489511,1627.7604895104896,1668.9895104895104,1562.1083916083917,0.3618881118881119,0.6993006993006993,3570.938811188811,1.7846153846153852,1.7380180359221788,34.86013986013986,41.94899436042402,19.954429464664305,42.27563954240284,17.709713842756173,41.53813548233215,19.5263521360424,7903.0,1787.0,7611.0
868.0,291.0,9.574884792626728,2150.8790322580644,2213.46198156682,2183.8387096774195,0.4285714285714285,0.3813364055299539,3738.191244239632,2.632258064516125,-2.4191970788142654,38.974654377880185,38.56092849243305,25.0063745360465,42.30415143837208,11.82919589767442,40.73308157974388,20.829899095348832,73253.0,19343.0,73029.0
1300.0,436.0,10.48076923076923,2243.126923076923,2235.654615384615,2268.232307692308,0.3784615384615384,0.58,4580.845384615384,2.230923076923077,-0.5305504353591382,35.746153846153845,42.81035692635655,34.389289479069824,46.34084005116279,-0.1511004131782934,43.42160927286817,26.674174998449665,156050.0,27437.0,152630.0
493.0,262.0,8.594320486815416,2101.918864097363,2131.732251521298,2120.1906693711967,0.4279918864097363,0.7200811359026369,4838.778904665314,0.3446247464503046,-0.3000310765819391,43.894523326572006,41.52786927459017,10.11629897540983,42.666766782786894,5.97885423565574,41.1265814897541,10.54333102459016,16861.0,3637.0,16724.0
618.0,304.0,8.88673139158576,2154.0873786407765,2174.5113268608416,2189.6472491909385,0.3770226537216828,0.5275080906148867,4225.61003236246,1.6294498381877027,-2.0140222085045685,31.245954692556637,38.10564920707072,-16.236566563973064,41.081641680851085,-11.46812749918167,39.26714717815128,-3.833877983193277,10040.0,3712.0,9983.0
1578.0,418.0,6.692648922686946,1445.5487959442332,1483.0133079847908,1494.1558935361218,0.403041825095057,0.8225602027883396,3966.036121673004,0.2379594423320654,-4.2005751112001,33.85931558935361,47.505560125874126,3.861270969485059,46.30886036617933,2.777601652256831,46.157912696564935,-0.6048035975842312,169027.0,41198.0,168764.0
642.0,318.0,7.014018691588785,1579.056074766355,1631.4330218068535,1561.1619937694704,0.4454828660436137,0.7492211838006231,3695.6619937694704,2.434579439252338,0.0806580118439343,44.454828660436135,42.55775903154575,11.644457659305996,46.12371046056783,2.159201996845426,44.68664219558361,5.246579758675078,24162.0,3239.0,24159.0
2304.0,754.0,6.307725694444445,1486.549045138889,1518.618923611111,1533.2547743055557,0.4830729166666667,0.7921006944444444,3734.0607638888887,1.4222656249999996,-1.0462375206065535,41.12847222222222,40.484562330729176,0.9264697057292004,43.567196129774295,1.760660042534716,43.0097429266493,-2.8198868320312216,277061.0,85317.0,273872.0
1255.0,449.0,8.920318725099602,1871.2972111553784,1930.8820717131475,1917.6541832669325,0.3864541832669322,0.5832669322709163,4541.011952191235,0.4629482071713152,-5.15408301489115,38.581673306772906,43.7604137490008,4.793370383693045,45.38167435491605,3.3150532549959864,45.245904515587554,1.7929751718625269,73221.0,29517.0,73144.0
2349.0,428.0,9.549169859514688,1999.0327799063432,2025.1000425713069,1882.050234142188,0.4618986802894849,0.8160919540229885,3934.705406555981,-0.5150702426564508,-4.107313442841931,41.77948063005535,46.020425193506895,6.4380813870140985,47.57675766253721,3.645557437847068,46.711606271678605,5.155647092695425,580765.0,151260.0,577475.0
5440.0,861.0,8.86985294117647,1801.901838235294,1823.5375,1819.038786764706,0.4924632352941177,0.8123161764705882,3438.6426470588235,2.5430698529411866,2.909803593036461,45.00735294117647,39.51469252244288,23.964123532560677,43.91557006107418,13.155327587564392,42.02252929488584,17.098106292862447,2167874.0,210206.0,1848867.0
505.0,273.0,7.798019801980198,1922.7108910891088,1962.6257425742572,1937.1366336633664,0.4594059405940594,0.7564356435643564,3980.1841584158415,2.07029702970297,-0.9386247968153923,42.87128712871287,40.450253123752496,5.944693878243516,42.725001453093824,3.3193952415169714,41.455872045908194,-1.381902397205585,13749.0,2962.0,13181.0
879.0,324.0,6.449374288964733,1541.8521046643914,1594.448236632537,1568.0204778156997,0.4994311717861205,0.7758816837315131,4515.281001137657,-1.2671217292377703,-1.7890668638212095,35.665529010238906,35.208533610091735,4.693861620412868,41.11852990137615,2.781164947247702,39.54104334977064,5.311317280963325,47344.0,11181.0,47332.0
1733.0,351.0,9.401038661281016,1924.0836699365263,1967.7518753606464,1959.9705712637049,0.4021927293710329,0.3848817080207732,4321.002885170225,-2.153087132140798,-2.2635633008225278,37.62839007501442,32.67406736353143,2.7645223075591487,39.3637100836699,1.964956319099826,36.41155035487591,2.0965356041546466,470852.0,109213.0,470230.0
1215.0,348.0,7.989300411522634,1934.2641975308643,1976.527572016461,1971.7300411522635,0.3316872427983539,0.6773662551440329,3879.928395061728,1.686502057613167,-2.590561009546378,37.4320987654321,44.28093286161447,9.424707518121918,45.43508207413506,4.8495568113673775,45.09653150329488,5.842762369028006,88603.0,27808.0,88083.0
771.0,239.0,7.254215304798962,1656.8625162127107,1707.6653696498054,1693.901426718547,0.5875486381322957,0.669260700389105,3238.0311284046693,0.1156939040207523,-1.0976543138754864,42.17898832684825,41.90352731599479,-6.981741690507157,43.145941343303,-12.24749738881665,42.56458565799739,-8.977295202860862,87554.0,19610.0,87525.0
1086.0,292.0,7.151012891344383,1271.2882136279927,1384.220994475138,1402.2283609576427,0.2633517495395948,0.6206261510128913,2987.1169429097604,1.6377532228360956,-2.316271952603803,31.952117863720076,38.1147978707295,1.7583391800554071,46.4011304626039,1.7102956712834718,40.11595078947372,2.356285771929828,70118.0,23743.0,69529.0
1303.0,395.0,10.033768227168071,2526.27705295472,2591.420567920184,2553.7321565617804,0.4911742133537989,0.6953184957789716,4456.4036838066,0.3462010744435915,-3.017642478012052,50.1304681504221,40.23377214021569,7.019533280985376,44.11809071879812,4.5922700623556585,41.04453417244032,6.728749415704391,934355.0,99613.0,934293.0
633.0,323.0,10.46603475513428,2575.526066350711,2613.7630331753558,2604.5071090047395,0.353870458135861,0.5418641390205371,4705.8325434439175,1.9363349131121643,-0.8919638812270543,37.472353870458136,35.836534467614534,9.76156359873618,41.85438934439179,7.559555127962085,37.91406289257504,11.171091897314378,15709.0,3582.0,15611.0
1143.0,410.0,9.94488188976378,2515.6666666666665,2576.2082239720035,2596.1426071741034,0.2397200349956255,0.5721784776902887,4356.202974628171,0.899212598425197,-1.0580710977509216,32.974628171478564,39.71626894035086,8.749006002631576,45.577695115789446,3.7961896517543847,40.28041216315787,5.442816473684205,53139.0,16112.0,52897.0
1726.0,471.0,6.314600231749711,1240.3945538818075,1294.6234067207415,1272.9942062572422,0.4779837775202781,0.6842410196987254,3189.625144843569,1.594669756662802,-0.332202283855225,48.117033603708,47.46074737398366,4.339556780487808,47.47548039779311,2.437048133565624,47.61927676132395,3.761835433797912,676354.0,102880.0,662478.0
1174.0,367.0,6.92504258943782,1415.6592844974446,1473.81601362862,1454.7921635434411,0.4778534923339012,0.6643952299829642,3740.9088586030666,0.5099659284497446,-1.298574368111974,44.40374787052811,36.73854591259639,7.55149401885176,43.19512082433587,6.457971631533853,40.51043730077119,7.010881490145678,101872.0,15598.0,100615.0
412.0,259.0,7.902912621359223,1875.3203883495144,1900.2912621359224,1906.9344660194172,0.4368932038834951,0.5533980582524272,3651.118932038835,2.149029126213593,-1.629579596904405,40.60679611650485,38.971357944038935,11.539721593673963,41.88951527980536,6.709385445255475,41.09855204136254,8.12699787347932,8539.0,2191.0,8521.0
1037.0,292.0,8.83413693346191,1866.6084860173576,1892.1620057859209,1858.90549662488,0.4889103182256509,0.7492767598842816,4249.916104146577,-1.434040501446488,-4.775654136407459,49.82642237222758,42.42468610424712,9.43244942953668,44.84327662355216,6.803361512548256,42.34480679633207,11.431612501930516,209896.0,31642.0,209868.0
597.0,292.0,11.390284757118929,2583.7001675041874,2622.418760469012,2615.134003350084,0.4455611390284757,0.5142378559463987,5897.29648241206,0.2589614740368506,-3.3734598611531803,39.63149078726968,40.85795140443687,18.688096035234896,44.4198092457338,8.576737711409399,43.96107176621161,11.373414166107384,21768.0,4897.0,21750.0
647.0,247.0,11.60741885625966,2549.7434312210203,2589.293663060278,2573.7975270479133,0.4250386398763524,0.5285935085007728,7368.622874806801,0.1547140649149929,-2.682985600167368,35.45595054095827,39.1455905023256,14.134093995348822,45.844731654263526,-0.7376581457364351,40.621092685271314,8.118269589147285,22985.0,6560.0,22975.0
499.0,256.0,8.535070140280562,1963.985971943888,1997.823647294589,1985.0981963927857,0.4529058116232465,0.5731462925851704,3829.434869739479,1.9112224448897803,0.7214973024738047,37.13426853707415,37.91582183838384,9.810840195564516,45.08514843346773,3.057147792338708,38.291511125000014,8.833960211693546,10075.0,2110.0,10065.0
622.0,302.0,10.64790996784566,2993.008038585209,3059.5289389067525,3048.750803858521,0.4742765273311897,0.6752411575562701,5351.8922829582,0.9536977491961416,-0.7120433146885095,39.163987138263664,44.88109163046997,15.245945273905996,46.5759549353796,10.945563423263328,42.1485743042071,19.61473092071199,25822.0,3422.0,25808.0
850.0,281.0,9.30470588235294,2311.6070588235293,2370.858823529412,2366.1023529411764,0.4058823529411764,0.6164705882352941,5103.591764705882,1.48941176470588,-1.330099590681468,41.423529411764704,41.292557656839634,9.893430314858488,43.91999711910379,5.2698278337264135,42.93479037264155,7.538852509433949,151041.0,26565.0,149969.0
526.0,287.0,7.304182509505703,2024.8022813688208,2083.699619771863,2037.6140684410643,0.435361216730038,0.7015209125475285,4095.674904942966,1.7629277566539934,-1.0934873180484577,35.39923954372624,35.230270967307696,11.679886515384606,39.75578682307693,2.885991928846148,35.44032461153846,10.716498619230762,9014.0,2442.0,9012.0
572.0,245.0,7.718531468531468,2187.38986013986,2203.005244755245,2200.9475524475524,0.3706293706293706,0.6695804195804196,4219.192307692308,2.474125874125874,-1.0030449669161448,31.503496503496503,41.61899948677248,23.54033590299825,45.20218670194003,0.6428909982363304,42.726521765432096,11.114551328042335,14807.0,6004.0,14745.0
341.0,176.0,9.105571847507331,2245.841642228739,2327.3137829912025,2299.868035190616,0.533724340175953,0.4046920821114369,4364.747800586511,1.955131964809384,-1.1400806415051377,43.02052785923754,32.581459117647064,7.613174217647066,37.70233207058824,4.841557217647058,31.43638154117648,-5.791186144117647,17536.0,2729.0,17513.0
731.0,227.0,21.756497948016417,4401.496580027359,4485.55950752394,4467.458276333789,0.2380300957592339,0.6333789329685362,6873.861833105335,-2.406155950752394,-2.629570951126029,30.437756497948016,43.692144804407725,1.4704058085399458,45.04253320523415,1.762169436639116,44.94390119283746,3.178138960055098,50990.0,20178.0,50988.0
573.0,246.0,6.853403141361256,1504.303664921466,1523.2129144851658,1515.4467713787085,0.4554973821989528,0.743455497382199,4566.422338568936,1.563525305410121,-0.1273248275493528,38.08027923211169,40.741375542105246,0.3159243263157817,44.303532768421015,-6.415452771929838,42.74520574736839,-7.772252315789485,18283.0,4393.0,18039.0
1587.0,173.0,6.86578449905482,1414.064902331443,1455.0472589792062,1478.1789540012603,0.6118462507876496,0.870825456836799,4038.4322621298047,2.7671707624448945,-2.972018160011123,54.454946439823566,30.22865970725536,11.832243573501538,47.96655417665652,3.4678797463722013,40.22105133753934,20.208411968454318,1144150.0,177640.0,1144150.0
167.0,109.0,9.850299401197605,2317.377245508982,2517.7125748502995,2520.88622754491,0.3952095808383233,0.6287425149700598,4732.976047904192,1.055688622754491,-0.8104828455449927,38.56287425149701,38.93267686666667,6.302977339393939,41.83687484848485,3.58949196969697,39.4451998969697,3.800989527272727,1563.0,383.0,1551.0
953.0,264.0,7.061909758656873,1988.726128016789,2012.526757607555,2002.00629590766,0.2119622245540398,0.5750262329485835,4604.168940188877,1.4644281217208823,-1.3323250266969386,34.57502623294858,44.45493010830701,-10.214384013669846,45.25189954258671,-9.251962676130397,45.190901615141904,-8.039328314405886,98858.0,29068.0,97954.0
612.0,238.0,8.784313725490197,2226.684640522876,2257.967320261438,2263.186274509804,0.2745098039215686,0.6454248366013072,4296.191176470588,1.7936274509803922,-0.8166871802784462,32.40196078431372,37.24220079050736,11.369593978723396,40.19703104255319,7.971623487725045,39.63778700490997,8.607514148936179,41741.0,15964.0,41736.0
2182.0,621.0,6.94454628780935,1591.307974335472,1603.5105407882677,1619.7896425297893,0.4023831347387717,0.8088909257561869,3404.200274977085,2.711090742438127,0.0964340977055129,39.86251145737855,41.378707961485546,20.932120208619885,44.118688706691096,17.09753182538955,41.669481465841365,17.899283535534142,332928.0,63606.0,327926.0
998.0,329.0,7.503006012024048,1822.8336673346691,1848.683366733467,1842.306613226453,0.5400801603206413,0.6583166332665331,4161.49498997996,0.998997995991984,-2.638335053837988,43.23647294589178,44.289849634170864,-0.5472464110552743,45.917966516582936,0.4166571557788983,44.97613523015077,-0.7111543326633127,129513.0,26842.0,129360.0
572.0,272.0,8.991258741258742,2237.344405594405,2253.8513986013986,2273.0157342657344,0.4318181818181818,0.6870629370629371,4489.863636363636,1.5288461538461549,-1.4992729367370052,42.86713286713287,42.284494823633146,3.855441249560635,44.688119300527234,2.686273926186292,43.01196010229276,3.2955631212653773,46328.0,8775.0,46059.0
930.0,286.0,8.666666666666666,1771.0021505376344,1812.548387096774,1782.732258064516,0.556989247311828,0.5483870967741935,3816.167741935484,2.89247311827957,-1.034749881803398,34.913978494623656,50.4922630860215,-10.358270939784948,45.93702802688169,1.3475634731182773,48.4562547956989,-10.08906541827956,87145.0,21757.0,86000.0
678.0,263.0,11.845132743362832,3034.6814159292035,3061.258112094395,3052.533923303835,0.56047197640118,0.4793510324483775,5354.690265486725,0.9510324483775812,-1.993848652582186,45.87020648967552,41.29572480502217,-14.000996661742963,43.467406599704574,-17.237507985228923,41.546585069423934,-13.727970196454924,80844.0,14844.0,80832.0
340.0,222.0,6.576470588235294,1540.95,1574.1588235294118,1584.3382352941176,0.5558823529411765,0.7617647058823529,3606.832352941176,1.6985294117647058,-0.3308426939162713,45.47058823529412,43.51022175297619,8.838992125,45.19043127380952,4.071376869047618,44.65183183630951,6.288263604166665,4968.0,875.0,4892.0
724.0,303.0,6.68646408839779,1710.53591160221,1768.6988950276243,1753.364640883978,0.5718232044198895,0.7292817679558011,4823.980662983426,1.4944751381215473,-0.0175941942326759,49.11602209944751,46.18445682792667,4.10748455994358,46.52881363328633,3.415514830747532,45.85575620197741,4.0479527542372855,33673.0,5137.0,33671.0
376.0,184.0,11.311170212765957,3138.0186170212764,3146.1648936170213,3137.941489361702,0.2952127659574468,0.449468085106383,4749.773936170212,2.5117021276595746,-0.3311241663791894,36.223404255319146,41.90136560321716,0.4355863404825723,44.72835519034852,5.547900774798927,43.8973042546917,8.387323742627343,8576.0,2536.0,8565.0
352.0,190.0,9.170454545454543,2468.6988636363635,2516.7102272727275,2493.943181818182,0.4346590909090909,0.4744318181818182,4688.409090909091,0.6872159090909089,-1.6113863779689162,39.17613636363637,41.00358887679084,5.149471028653294,43.12053545272207,4.852065550143267,42.10316455873927,6.881765252148997,13444.0,3204.0,13433.0
284.0,196.0,7.422535211267606,1744.457746478873,1829.619718309859,1821.0105633802816,0.3556338028169014,0.6795774647887324,3469.6795774647885,1.64612676056338,0.484865843089694,34.57746478873239,40.26447869257951,13.432297734982331,42.433875809187285,9.942215533568906,40.43216364664312,9.135335180212016,1901.0,589.0,1895.0
598.0,266.0,8.702341137123746,1865.909698996656,1923.94983277592,1902.0267558528428,0.5384615384615384,0.5484949832775919,4009.6053511705686,1.9451505016722408,-0.3120616395290285,41.15384615384615,42.58607222259697,8.792409141652614,44.68108479258011,6.440874313659362,43.20699266610456,11.807715978077573,23600.0,4409.0,23591.0
725.0,221.0,23.467586206896552,4523.713103448275,4582.028965517241,4571.4979310344825,0.4027586206896552,0.3503448275862069,6645.28,0.4874482758620688,-3.341802148567187,32.59310344827586,40.52266756786703,13.22130762880884,44.900760301939,4.651299562326874,42.83325005401659,13.346501391966738,49830.0,16381.0,49795.0
574.0,269.0,8.857142857142858,2058.233449477352,2117.7195121951218,2101.562717770035,0.3519163763066202,0.5435540069686411,4352.778745644599,1.399128919860627,-2.1309459140196347,34.965156794425084,40.90094353054103,-7.626687482578392,42.71330854624782,-11.130069977351914,42.15581018673648,-12.07337513414634,17384.0,5175.0,17344.0
685.0,219.0,6.319708029197081,1596.957664233577,1641.105109489051,1627.3430656934306,0.8116788321167884,0.7474452554744525,3976.258394160584,2.08,-2.342051852567074,68.2919708029197,31.894604158823537,-1.3050917117647172,32.91777360557185,-1.285843388563063,32.00769233038349,-1.2702091637168265,474088.0,43892.0,474081.0
545.0,242.0,6.970642201834862,1956.891743119266,2015.805504587156,1694.6807339449542,0.3651376146788991,0.6330275229357798,4474.568807339449,0.9840366972477068,-0.6663741482195846,32.69724770642202,37.356518262081785,26.11576762825279,40.35734508455884,13.49609421139706,38.39739522058824,17.05938531801471,19210.0,5873.0,19197.0
397.0,245.0,7.957178841309823,2075.88161209068,2060.828715365239,2085.659949622166,0.5037783375314862,0.5264483627204031,5161.073047858942,1.0921914357682616,-1.1183746293140384,44.33249370277078,41.96301877562327,24.07471896410257,44.60638324331552,8.442922002564105,42.81816790217391,15.827502356410257,6115.0,1067.0,6115.0
826.0,282.0,7.6307506053268765,1764.892251815981,1789.5411622276029,1774.2372881355932,0.360774818401937,0.7893462469733656,5158.127118644068,0.6283292978208233,-3.5563211948427926,40.53268765133172,43.35506380453977,12.487979674418607,44.98742952422364,4.806916454100373,44.41659521366464,5.347863542227666,84427.0,24283.0,79767.0
626.0,290.0,7.285942492012779,2015.661341853035,2025.845047923323,2024.3434504792333,0.3226837060702875,0.6677316293929713,4509.803514376997,2.2963258785942493,-1.1953917530439873,35.09584664536741,43.02442723887096,7.377961658548389,44.89537252096773,4.109756585483871,43.39524144354837,2.5971028387096724,40296.0,11532.0,40294.0
697.0,332.0,7.862266857962697,1910.1047345767572,1954.222381635581,1943.367288378766,0.400286944045911,0.5781922525107605,3724.575322812052,1.5086083213773318,-0.8963190596628194,34.66284074605452,35.706760469565204,-8.774645282828283,43.80830207514451,-2.6349191847041835,41.23633872648335,0.5881528066378068,15169.0,7085.0,15132.0
2632.0,791.0,8.615121580547113,2390.13905775076,2412.951747720365,2441.2773556231004,0.4141337386018237,0.7207446808510638,7889.992401215805,1.392097264437689,-1.19260614836254,36.629939209726444,45.7141303547528,-16.64643538821293,46.51786566273759,-12.445162549429662,46.00534173954367,-13.594818522053243,462686.0,112225.0,462371.0
1381.0,459.0,9.490948587979725,2425.1404779145546,2466.0637219406226,2451.556118754526,0.3591600289645185,0.4800868935553946,5258.484431571325,1.088631426502532,-1.2944032434936423,35.81462708182477,44.66362040493465,-9.476453731494926,46.28902938969519,-3.53125904789549,45.93090324092884,-6.382006555878094,133132.0,28629.0,132894.0
834.0,199.0,18.032374100719423,4090.0119904076737,4026.9028776978416,4059.574340527578,0.3513189448441247,0.2266187050359712,6232.576738609113,-2.71726618705036,-3.2246950092398654,31.810551558753,35.244849358943526,24.165854608643496,43.56091316446577,10.367979773109248,39.07785254981989,18.54894031452583,228317.0,78462.0,228303.0
721.0,258.0,8.511789181692095,2480.2884882108183,2521.9112343966717,2547.736477115118,0.5644937586685159,0.5728155339805825,6087.201109570042,0.6040221914008322,-1.3148434777961346,47.18446601941748,43.6860133603352,6.278878473463688,46.49337187988824,3.510142896648048,45.72527688407822,2.894871068435756,132560.0,19563.0,132547.0
566.0,258.0,9.139575971731448,2307.934628975265,2337.540636042402,2309.984098939929,0.4522968197879858,0.5671378091872792,5238.9399293286215,1.1895759717314471,-1.9321958385231888,38.02120141342756,43.89337353368792,10.275656503546095,44.87768343794325,5.363850345744675,44.84791878191487,6.219265494680847,13373.0,3652.0,13337.0
670.0,270.0,8.48358208955224,2214.7462686567164,2225.843283582089,2226.9656716417912,0.3671641791044776,0.7791044776119403,4559.034328358209,1.5471641791044777,-0.5430492960184536,42.223880597014926,44.45853134999999,1.075110634848484,44.71325287424241,1.1680550030303034,44.60441826818181,0.3938507712121207,35473.0,9603.0,31479.0
507.0,172.0,7.591715976331361,1878.2642998027611,1842.5660749506903,1866.278106508876,0.6390532544378699,0.3234714003944773,3690.942800788954,1.7856015779092709,-0.4156314045043909,54.73372781065089,45.58935929051383,0.7597063142292493,45.68928847233202,1.2686117509881427,45.34575823715415,0.0064031264822141,229398.0,27161.0,229380.0
311.0,170.0,6.398713826366559,1580.6977491961416,1577.2926045016077,1608.2958199356913,0.3890675241157556,0.7652733118971061,3610.0,0.9192926045016074,-1.1140331527693357,38.135048231511256,39.48598955555556,-6.858248225490199,40.47069619281047,-3.346400098039213,39.31409305228759,-3.431824653594772,4394.0,1923.0,4362.0
278.0,195.0,6.575539568345324,1733.8273381294964,1761.0035971223022,1753.521582733813,0.3884892086330935,0.7086330935251799,4071.521582733813,0.7413669064748201,-1.1572918408985182,35.25179856115108,41.31592279856115,-0.5245141474820147,43.88031523381295,-0.2322196654676262,42.43531457194245,0.6412336079136686,2231.0,567.0,2221.0
533.0,215.0,13.5140712945591,3150.1519699812384,3169.2251407129456,3173.726078799249,0.5328330206378987,0.5028142589118199,5404.864915572232,-0.7153846153846153,-2.97350197778801,32.08255159474672,46.78610019165086,0.5107384307400399,47.62435161290324,1.9508930436432643,46.93265030550286,3.858149210626188,34138.0,14891.0,33975.0
331.0,181.0,9.350453172205436,2271.9848942598187,2317.2054380664654,2308.474320241692,0.4169184290030212,0.3927492447129909,4650.425981873112,1.0474320241691844,-1.4632840722787064,38.54984894259819,37.69471816463416,12.54767236585366,42.84412438719514,7.308419378048782,39.50660929573172,10.787253128048782,12341.0,2403.0,12329.0
485.0,245.0,6.1608247422680416,1687.3546391752575,1721.2453608247422,1729.480412371134,0.4206185567010309,0.7628865979381443,3970.7979381443297,1.6917525773195878,-0.1298418026001432,39.50515463917526,37.32377758037577,2.4475454530271405,41.52588566112264,1.0153783326403312,38.48169059498954,0.8272280167014597,24581.0,3479.0,21818.0
2184.0,380.0,6.601190476190476,1384.5457875457876,1393.2435897435898,1371.9688644688645,0.2527472527472527,0.8081501831501832,3592.8731684981685,2.849587912087915,-2.298437415511028,37.362637362637365,48.333761011942975,8.885757208084517,48.533960227377065,7.042000834175463,48.68605979421216,8.55429853605879,776335.0,175326.0,770327.0
802.0,259.0,5.584788029925187,1732.168329177057,1525.6134663341645,1856.612219451372,0.5074812967581047,0.8104738154613467,4326.549875311721,1.1627182044887747,-1.0607391056611188,38.80299251870324,47.14926428339584,5.735395203495632,43.24966733333336,13.195697259675397,42.862350932584285,14.085270826466903,109582.0,38241.0,109557.0
301.0,176.0,7.395348837209302,2007.607973421927,2034.8936877076408,2034.0863787375413,0.4617940199335548,0.6710963455149501,3847.744186046512,0.4940199335548171,-1.8381016160993984,43.68770764119601,39.96202066445184,13.586964209302328,41.15278511627908,11.116215192691032,40.560938232558144,12.125840767441863,5242.0,1518.0,5209.0
427.0,243.0,9.653395784543326,2308.4543325526934,2367.9227166276346,2365.002341920375,0.4707259953161593,0.5433255269320844,4467.126463700234,2.2372365339578453,-3.3062688845721646,40.23419203747073,41.90050505238096,-6.208313871428574,45.94434662142858,3.004769878571428,43.91786844285715,4.579475423809526,5978.0,1470.0,5978.0
773.0,280.0,12.517464424320828,3360.4799482535577,3404.891332470893,3370.24191461837,0.445019404915912,0.3829236739974127,5098.360931435964,1.2624838292367402,-3.6859442882101514,32.36739974126779,40.05112940078327,-40.57616045430808,42.977034467362905,-22.740963037859,40.657828922976485,-41.67550161618796,44762.0,23196.0,44493.0
733.0,297.0,10.79399727148704,2055.6589358799456,2115.080491132333,2087.848567530696,0.3833560709413369,0.5811732605729877,3781.757162346521,1.660845839017736,-2.4697011392358914,36.33015006821282,41.38552656771546,-8.392412503419969,46.22867123119013,2.104990209302325,43.84249292749656,-7.203540488372092,34513.0,8503.0,34505.0
676.0,347.0,7.788461538461538,1883.6434911242604,1935.5591715976327,1910.526627218935,0.5340236686390533,0.6109467455621301,3609.78550295858,1.0013313609467458,-0.6226488304868055,46.1094674556213,42.98257384029851,6.890246631343285,44.636308440298514,5.556392443283583,43.70083407910449,6.643360638805973,16859.0,2917.0,16724.0
470.0,248.0,7.776595744680851,2058.372340425532,2089.027659574468,2084.9978723404256,0.4,0.6361702127659574,4295.417021276596,2.25404255319149,-0.8510027066555035,41.297872340425535,43.70156203418804,13.447176957264956,46.43214526923077,4.515421585470085,44.96641623717949,9.73079804059829,9301.0,2274.0,9185.0
561.0,240.0,10.588235294117649,2341.901960784314,2118.0623885918003,2370.818181818182,0.5347593582887701,0.5187165775401069,4830.661319073084,0.82602495543672,-3.0111036619308424,43.70766488413548,44.0730622862319,-11.865662067028978,45.1057655072464,-5.2717909782608645,44.84156925181161,-10.558671184782602,30221.0,4991.0,30221.0
260.0,193.0,7.042307692307692,2028.180769230769,2072.507692307692,2059.4461538461537,0.3769230769230769,0.6269230769230769,4278.838461538461,1.7746153846153845,-0.3654150635563503,37.84615384615385,43.375547596078434,-0.7784219961089488,43.49163459922179,-2.103183813229572,44.43661790661479,-2.281854929961089,2698.0,603.0,2689.0
329.0,211.0,8.161094224924012,2141.227963525836,2192.1884498480244,2179.6717325227964,0.4042553191489361,0.6291793313069909,4619.012158054711,1.6437689969604865,0.3790554337172494,37.56838905775076,40.74008682012195,15.087102887195126,43.09233316463415,10.576213106707318,42.46877046036586,8.419213466463415,4708.0,1225.0,4708.0
1654.0,313.0,5.735792019347038,1145.7478839177752,1203.545949214027,1196.8295042321645,0.3706166868198307,0.7581620314389359,3126.7829504232163,1.846553808948021,0.3589911163985562,37.01934703748488,45.718082147183246,11.562807695336051,47.0813877032097,3.695570855239388,47.6678699569953,7.846814520896295,489354.0,110692.0,489306.0
357.0,233.0,8.635854341736694,2183.025210084033,2223.549019607843,2212.579831932773,0.3977591036414565,0.5434173669467787,4408.605042016807,1.96218487394958,-0.6609017431880794,37.675070028011206,36.978943005698014,12.22916176068376,41.53742320227921,7.794461068376068,38.9481704985755,11.76450181766382,3593.0,1007.0,3581.0
1231.0,536.0,8.327376116978067,1878.927701056052,1923.2713241267263,1907.864337936637,0.4947197400487408,0.7002437043054427,4396.758732737611,1.7515028432168969,-0.1294921264458733,44.91470349309505,39.41101775040779,8.615627688417609,43.785343294453455,4.6121536557911895,41.4515173017944,5.722258023654162,111891.0,19744.0,97452.0
3198.0,567.0,10.837711069418386,2270.630081300813,2312.3599124452785,2314.7467166979363,0.3796122576610381,0.8323952470293934,5250.162601626016,2.367948717948735,0.7636332302559,41.51657285803627,43.77747017661829,-9.14190475996217,45.745206448665314,-4.27564042108561,45.09041145086314,-6.742592744587324,2082304.0,322569.0,2047463.0
922.0,408.0,6.795010845986985,1597.5162689804772,1633.0618221258137,1632.67136659436,0.4501084598698481,0.7516268980477223,4109.295010845987,1.900867678958786,-1.1103030803785217,40.74837310195228,47.1534221145038,16.063189036956533,46.396183856209134,5.843518422826081,45.6402654198473,16.0386107576087,102418.0,18862.0,101078.0
1265.0,468.0,10.8600790513834,2988.665612648221,3011.121739130435,3009.601581027668,0.392094861660079,0.5849802371541502,5367.539130434782,1.8171541501976285,-3.734852915244251,36.60079051383399,27.833058287183537,14.873425121835444,29.249848791930376,13.329064235759484,26.39610199604429,13.522229998417725,118243.0,32304.0,118186.0
454.0,196.0,7.491189427312776,1978.3942731277527,1991.3259911894272,1980.6013215859032,0.2687224669603524,0.6519823788546255,4097.964757709251,0.3643171806167402,-4.096488851008653,35.08810572687225,40.90013750554325,9.474699916114792,43.08278815265488,8.213579324503312,41.78070542128604,8.896954520971303,22104.0,7655.0,22099.0
452.0,220.0,10.214601769911503,2906.5685840707965,2944.900442477876,2786.758849557522,0.5221238938053098,0.6836283185840708,5090.49778761062,1.670132743362832,-3.221225697662105,36.83628318584071,42.62256160840711,13.826693493362828,43.68212130973453,4.86542649115044,42.75867053539824,11.67079902212389,55631.0,12584.0,55613.0
838.0,314.0,8.347255369928401,2180.945107398568,2203.392601431981,2184.761336515513,0.4952267303102625,0.5978520286396182,4616.961813842482,0.8552505966587113,-3.116633708554956,40.71599045346062,43.53062519327731,1.3386625906362546,44.91725726618705,0.4841164184652296,43.332203161870495,2.039202709832141,90124.0,16388.0,89935.0
696.0,264.0,8.926724137931034,2360.9942528735637,2363.008620689656,2399.048850574713,0.4382183908045977,0.5531609195402298,4540.524425287356,-0.3344827586206895,-1.3498723336303975,32.77298850574713,42.13803394676259,-13.815308568345316,45.50285160863309,-14.516410860431638,43.93497367050361,-13.712645450359693,33121.0,9428.0,32940.0
1075.0,374.0,6.338604651162791,1422.2009302325582,1468.2762790697675,1460.866976744186,0.546046511627907,0.8186046511627907,4472.186976744186,5.389581395348838,-1.230170140887067,42.66046511627907,42.31673822544437,-23.45062041066418,46.19806804770818,-3.7297268054256367,42.1283927885875,-30.92509974368561,136307.0,31857.0,135858.0
560.0,309.0,7.539285714285715,2152.930357142857,2260.1714285714284,2217.230357142857,0.5089285714285714,0.7089285714285715,5034.153571428571,2.931964285714285,-0.7318499645121583,38.17857142857143,44.100442362976416,-14.1075359292196,45.54211538475501,0.3207042286751342,45.03239236842106,-6.786957974591652,12911.0,3163.0,12867.0
680.0,345.0,8.12794117647059,1933.4323529411763,1980.5029411764704,1962.4985294117648,0.4852941176470588,0.6102941176470589,4387.6,2.84235294117647,0.4219306093873355,44.088235294117645,39.1308272237037,10.902168405925924,43.091118268148136,9.133721737777776,40.66559478518518,11.006337105185189,26546.0,3683.0,24014.0
4486.0,1098.0,9.94449398127508,2156.39210878288,2159.899242086491,2148.534774855105,0.4215336602764155,0.6992866696388765,3902.798484172983,2.88825234061525,1.044382983731447,40.84707980383415,42.6780040874414,6.1125520832032185,44.21424256279264,10.292256587106866,43.03832246821317,8.191104394824919,1083787.0,187224.0,1047804.0
633.0,336.0,10.921011058451818,2473.5007898894155,2512.3633491311216,2522.210110584518,0.2985781990521327,0.5308056872037915,5303.120063191153,2.419747235387047,-2.4784044861211814,33.28593996840442,42.61178942197451,-4.050454757961768,44.30014225636943,-4.70176728343947,43.73124698566879,-5.080992240445846,22752.0,9871.0,22295.0
1370.0,459.0,8.564233576642335,1967.007299270073,1775.451094890511,2006.1576642335767,0.3226277372262773,0.7313868613138687,5168.216788321168,-0.6564963503649639,-1.7106806677156146,37.00729927007299,46.24566440948919,13.146964480291988,45.91100845620437,7.649474840145988,46.39846844598552,12.32600911970805,195471.0,36517.0,187545.0
678.0,339.0,9.883480825958705,2218.2109144542774,2253.1814159292035,2261.15191740413,0.3569321533923303,0.5412979351032449,4916.74778761062,1.1312684365781718,-1.2950336711182728,35.147492625368734,46.66605664792901,5.609145363905324,46.87861944378699,0.4144042352071003,46.4094955295858,3.5275271627218943,30744.0,8092.0,30524.0
1078.0,304.0,8.203153988868275,1984.4415584415583,2068.704081632653,2036.6122448979595,0.4805194805194805,0.5890538033395176,4692.38961038961,1.30556586270872,-0.4378502937695626,36.28942486085343,45.96353404837209,-0.096927304186041,45.86425474325581,-9.319740870697675,46.74010384372093,-5.433511182325581,91476.0,28975.0,91422.0
808.0,285.0,6.513613861386139,1592.5891089108911,1554.9133663366338,1615.230198019802,0.4232673267326732,0.7141089108910891,4007.019801980198,1.3035891089108904,-0.6354996616470229,35.99009900990099,46.21944100387097,-13.932010689032255,46.07398187741934,-11.843797436129028,48.60342997419354,-3.584515825806454,94221.0,24505.0,94212.0
479.0,289.0,8.275574112734864,2041.6283924843424,2066.979123173277,2085.396659707724,0.3277661795407098,0.5949895615866388,4403.421711899791,1.8442588726513576,-1.1033554557963206,34.75991649269311,43.12240785835096,6.983778606765326,45.1629467589852,2.418191587737844,44.364994010570825,3.1686520443974637,5920.0,2154.0,5254.0
761.0,336.0,8.152431011826543,1946.634691195795,1976.400788436268,1976.2943495400789,0.3837056504599211,0.5992115637319316,4123.797634691196,0.9462549277266754,-2.075405904013288,35.49277266754271,42.4116735949868,-4.664408853562007,45.03830416490764,-3.634113765171503,43.85349478891819,-1.8232191978891792,54089.0,10944.0,53987.0
507.0,248.0,8.362919132149901,1922.2347140039449,1959.6390532544376,1911.3037475345168,0.4714003944773176,0.6548323471400395,4113.252465483235,1.4181459566074954,-0.7389140449391899,36.01577909270217,42.67468187896827,11.831723406746026,44.879832572277245,5.074311910891089,44.04042811507938,7.096438319444442,11997.0,4200.0,11896.0
1468.0,429.0,6.4032697547683926,1219.5599455040872,1244.7513623978202,1252.3801089918256,0.3453678474114441,0.7098092643051771,3795.340599455041,1.406130790190735,-1.1236716708922605,38.07901907356949,45.3600840484311,3.3319051637107826,46.56667208185536,-4.879382899727141,46.97193711459753,-1.844513208049107,220234.0,43277.0,218569.0
1069.0,354.0,9.105706267539755,2160.3648269410664,2226.7754911131897,2167.598690364827,0.2142188961646398,0.5640785781103835,4430.243217960711,2.1700654817586527,-0.9254873006752906,26.84752104770814,37.91142619887431,11.058852554409016,43.57587366322703,5.19293393996247,40.691033515947474,7.364978396810521,53206.0,23649.0,52995.0
504.0,243.0,11.466269841269842,2887.8630952380954,2915.843253968254,2904.083333333333,0.3988095238095238,0.4583333333333333,5207.565476190476,2.1420634920634924,-1.1953082216057689,35.11904761904762,42.06090841035856,-7.319111079681273,44.05356018326695,-5.193904464143424,43.51570320717133,-1.930209529880476,11203.0,3010.0,10045.0
619.0,247.0,5.775444264943457,1338.474959612278,1321.6122778675283,1348.4168012924072,0.4830371567043618,0.7980613893376414,4552.042003231018,1.9857835218093696,-0.3301823716167417,45.105008077544426,47.79182160032626,11.321614696574226,46.01366750897227,7.72685474877651,47.649016053833606,9.141369546492662,134048.0,26531.0,133582.0
966.0,406.0,9.44824016563147,2350.7422360248447,2386.444099378882,2375.2432712215323,0.5755693581780539,0.5113871635610766,4737.025879917184,1.6620082815734998,-0.5718475833988307,47.12215320910973,44.40753460375394,2.088395397288837,45.10444254848802,-1.8671716798748703,44.94159777997917,-0.8948965036496359,114601.0,15346.0,113753.0
1114.0,319.0,9.059245960502691,2173.632854578097,2209.822262118492,2197.7315978456013,0.5161579892280072,0.7244165170556554,3988.091561938959,0.8013464991023342,-1.8605550025789448,29.81149012567325,39.37017094520541,-32.794657270319455,40.278265801826414,-30.577628451141365,39.31088461517361,-31.716589628310324,116107.0,20195.0,116099.0
