mentions,events,avg_sentenceid,avg_a1co,avg_a2co,avg_actco,avg_raw_text,avg_root_event,avg_len,avg_goldstein,avg_tone,avg_confidence,avg_lat1,avg_lon1,avg_lat2,avg_lon2,avg_lata,avg_lona,total_num_mentions,total_num_sources,total_num_articles
893.0,389.0,7.688689809630459,1650.029115341545,1658.4031354983204,1696.659574468085,0.5386338185890257,0.7569988801791714,3268.8824188129897,1.0066069428891382,-2.3091087539417225,42.49720044792833,43.91002199320497,42.87020921857306,53.88680572390572,54.853353546576905,51.19054799775026,51.92599600674918,97192.0,19612.0,96658.0
2637.0,569.0,20.00265453166477,4703.257489571482,4702.216533940084,4735.141069397042,0.1975729996207812,0.5278725824800911,6181.818354190368,2.240045506257112,-3.0428726027735373,26.420174440652257,50.15553909745923,35.62106152863095,54.38075280728371,57.72606065933236,53.163017269624525,51.14714246985209,449065.0,150097.0,448904.0
1214.0,505.0,9.258649093904449,2047.5288303130149,2094.880560131796,2082.00823723229,0.342668863261944,0.5601317957166392,4384.976112026359,-0.0892092257001643,-3.434305099084948,33.45140032948929,44.604460565723805,35.56704223544098,49.69929833610647,45.11684088685528,47.50115931780366,33.851860265391046,39998.0,15463.0,39684.0
1822.0,628.0,12.666300768386389,2648.7760702524697,2700.980241492865,2684.012074643249,0.3430296377607025,0.4549945115257958,5908.318880351262,0.8278814489571897,-3.733107044983477,35.922063666300765,48.41775935093511,42.76696720627066,51.068674807480775,48.76065983223323,49.54903217821783,45.40084129757978,153672.0,38634.0,152842.0
2172.0,679.0,8.948434622467772,1990.9673112338855,2039.0635359116025,2045.8503683241247,0.2914364640883978,0.7255985267034991,4643.749079189687,0.530386740331492,-3.613252093272081,33.70626151012891,49.05140756244216,53.45138086771509,54.4391130637708,66.10500842236598,52.59238230092591,62.66033474953703,187799.0,53854.0,187637.0
1649.0,677.0,9.121285627653124,2095.043056397817,2161.1861734384474,2149.340812613705,0.5482110369921165,0.6773802304426926,4345.375379017586,1.6159490600363844,-1.8733585112861448,40.73377804730139,44.6844439708561,49.75769164845173,53.47613415907713,63.41597338190645,50.78531469338191,60.14822603278686,94567.0,24668.0,93259.0
1510.0,592.0,10.219867549668876,2288.3741721854303,2346.8516556291397,2283.3251655629138,0.3675496688741722,0.671523178807947,5032.638410596027,0.8968211920529802,-3.626302451639484,39.66887417218543,49.38108356146179,38.387677243189394,53.16684905773059,50.24679384804247,49.1524846910299,35.54433827840534,148077.0,20726.0,147946.0
2445.0,598.0,10.734969325153374,2159.3824130879348,2189.6989775051125,2146.7182004089977,0.3750511247443763,0.6826175869120654,4394.096523517383,0.3653169734151318,-3.7469738451062593,33.85276073619632,48.031156826175874,51.087276598364085,54.74237687934558,68.22108326912073,47.99086252351734,37.20289776809816,368980.0,97182.0,366874.0
2366.0,454.0,8.54268808114962,1734.8998309382926,1739.7759932375318,1714.2607776838547,0.4568892645815722,0.7958579881656804,3284.2743026204566,-4.354057480980559,-3.550825855652829,38.76162299239223,49.84062169289649,60.60010895193534,55.97719212865,75.86014108167586,54.57430593220335,71.7857916466102,1605345.0,235798.0,1597602.0
1873.0,817.0,10.266417512012811,2248.352375867592,2266.215696743193,2255.640683395622,0.4313934863854778,0.6476241324079017,4404.568072610785,0.210571276027763,-2.495181261645226,39.50347036839296,47.0806099249732,38.555349543944274,50.77962325656135,47.22340597750399,46.89628281735401,42.77147603802893,227726.0,36772.0,226070.0
1708.0,699.0,8.282786885245901,1739.608899297424,1769.581381733021,1763.3419203747071,0.4882903981264637,0.607728337236534,3640.3899297423886,1.573243559718969,-3.40564801630018,42.38290398126464,46.8792365023474,34.78935814730051,51.13131757469244,42.20543296016405,49.3025425556858,36.97545272743262,94199.0,21653.0,93365.0
965.0,408.0,8.896373056994818,2025.0165803108807,2083.507772020725,2095.321243523316,0.5637305699481865,0.6880829015544041,4389.336787564767,-0.7594818652849737,-2.191448501152729,48.39378238341969,44.818203246073296,48.68901490471203,52.79629709241952,57.70934157424715,46.60204702815432,52.61639411887382,279507.0,28336.0,278897.0
1299.0,589.0,9.04618937644342,2243.673595073133,2246.0823710546574,2256.3972286374133,0.2809853733641262,0.6966897613548884,4458.555812163202,0.661970746728253,-3.091071269734868,32.53271747498076,45.050520092378726,47.42085052270978,48.04823779830637,51.23882014087759,45.16511662817549,48.486775293302536,31578.0,12114.0,31358.0
1084.0,561.0,9.801660516605166,2542.264760147601,2579.571955719557,2584.323800738008,0.4695571955719557,0.6605166051660517,5023.810885608856,1.695202952029521,-3.052407508528067,41.51291512915129,47.25647529629629,44.16468502870373,50.71866524953786,47.030536415896506,47.66965258780037,46.79573543530502,28066.0,4730.0,27625.0
1240.0,460.0,12.074193548387097,2747.0370967741937,2764.3556451612903,2756.2362903225808,0.432258064516129,0.6935483870967742,5996.43064516129,2.223870967741932,-3.537397358083492,43.233870967741936,43.97703616935482,39.24501009919356,46.9043714596774,47.298510905645166,45.124971701612886,45.17570082258066,279319.0,34899.0,279080.0
1751.0,588.0,9.6082238720731,2108.6950314106225,2135.3483723586523,2131.493432324386,0.3597944031981724,0.526556253569389,4404.395773843518,1.3583095374071958,-4.066953761055685,35.96801827527128,45.10404082857141,46.792939642285695,50.14178465142859,44.39020925714286,47.20774333142858,50.171326733142855,145578.0,35758.0,145392.0
1431.0,496.0,10.85464709993012,2510.8022361984627,2540.2809224318657,2525.2990915443747,0.3466107617051013,0.5758211041229909,5413.863032844165,0.4301886792452835,-4.016318039170823,37.16981132075472,44.40259132867132,43.85521835804197,49.57132769230768,49.81420138461538,47.24037909090907,46.234780541258736,90254.0,24900.0,87225.0
1155.0,439.0,7.199134199134199,1746.2242424242424,1796.5844155844156,1809.509090909091,0.2995670995670996,0.7627705627705628,3853.0207792207793,0.7090909090909091,-1.7925372420340455,30.24242424242424,46.34104339130432,46.26850945130438,53.4896843154246,61.61524961265162,49.27251355902775,56.39008455989585,48597.0,18590.0,48323.0
952.0,470.0,6.5,1536.046218487395,1579.1470588235295,1572.4191176470588,0.3897058823529412,0.7415966386554622,4448.669117647059,0.7822478991596639,-2.1278856415488168,36.49159663865546,43.68317337909185,35.452597455882355,49.02620857894736,49.12105660924371,46.35643852910052,44.29738517016808,25030.0,6485.0,24856.0
2315.0,593.0,11.56025917926566,2349.295032397408,2383.6725701943847,2365.064362850972,0.4168466522678186,0.6086393088552916,4428.192656587473,-1.771490280777537,-4.382257121433047,40.038876889848815,50.01010353043481,43.105374088859975,52.026191502388194,48.63406420095281,47.37770523230576,38.61974464270244,901833.0,127379.0,901739.0
729.0,400.0,8.052126200274348,1873.102880658436,1920.7311385459532,1947.3347050754455,0.4170096021947874,0.6515775034293553,4473.865569272976,0.3658436213991768,-2.1302572800327653,36.24142661179698,47.76745845618914,32.26326778194446,51.29722951790632,44.34868658815429,48.334796907073496,39.42284452565881,10598.0,2383.0,10596.0
1115.0,451.0,8.125560538116591,1953.4412556053808,2013.7094170403589,1984.4843049327355,0.3748878923766816,0.5246636771300448,3985.8403587443945,0.5908520179372199,-2.3748336164100183,37.14798206278027,43.1860181244364,56.13019911131062,49.73413084532372,58.96306914721724,46.49914603603601,54.847855143626575,56627.0,13142.0,56489.0
1671.0,540.0,7.330939557151407,1495.2836624775584,1538.592459605027,1521.0005984440454,0.4745661280670257,0.7546379413524835,3904.46618791143,1.9453620586475169,-1.8556190388065448,44.29084380610413,48.07735753744758,34.7547116864153,52.80488919712407,36.30342583961697,48.53413856800478,33.90329405625372,240741.0,50636.0,240629.0
1086.0,512.0,7.37292817679558,1682.3443830570902,1733.632596685083,1713.2412523020255,0.4686924493554328,0.7753222836095764,4032.564456721915,1.506445672191528,-1.746771627850373,46.32596685082873,47.77450965835642,52.14196058079409,51.14089083025829,57.59152760055351,49.383746826568256,55.102228953874544,86919.0,10605.0,86783.0
1861.0,682.0,9.029554003224073,2022.9790435249863,2075.676518001075,2059.113917248791,0.3627082213863514,0.5588393336915637,4275.743686190221,0.6378291241268123,-4.308036165638778,35.94304137560452,46.93834533785252,44.40543120786212,50.46095240043056,48.16456972541646,49.871612222823146,46.49491637278108,106643.0,40078.0,106171.0
1704.0,495.0,10.64143192488263,2608.2359154929577,2667.1402582159626,2642.1414319248825,0.3215962441314554,0.4307511737089202,4437.099178403756,1.4714788732394386,-2.7643711529540536,27.529342723004696,47.35187439854191,12.420750562793456,53.66793920943954,47.41330248415498,47.43740905952381,12.459526020539926,135506.0,73655.0,134631.0
2526.0,620.0,11.232383214568488,2210.1136183689628,2244.624703087886,2229.923594615994,0.5170229612034838,0.6528107680126682,4679.674188440222,2.3513460015835297,-2.5134469964987214,40.94220110847189,50.32655340305713,33.990859313906725,52.5270792421221,38.52672141028703,51.00219483433136,29.941784256584214,698639.0,118686.0,684159.0
1355.0,430.0,8.82140221402214,2666.919557195572,2630.053136531365,2690.5771217712177,0.3247232472324723,0.6317343173431734,5244.473062730627,-0.9960885608856088,-2.130172522287381,28.99630996309963,47.03720429411764,1.4068479791512325,49.06397301259256,7.699217271111187,47.55822210655736,-0.1097700230997733,119572.0,63406.0,119135.0
3308.0,662.0,9.061064087061668,2161.81469165659,2160.305622732769,2178.3364570737604,0.4567714631197098,0.6756348246674728,5233.550785973398,0.8160217654171706,-2.760838514566249,36.83192261185006,43.13283063218397,18.084330438294,51.54093515875418,36.51847143241604,46.03042732688245,23.43720645660719,577473.0,124290.0,576171.0
4280.0,656.0,24.029906542056075,5525.173130841122,5574.297897196262,5560.058644859813,0.3154205607476635,0.6126168224299066,8814.48831775701,-1.6130373831775695,-2.49057846841621,31.33177570093458,45.482278639869264,22.415453545220853,50.40223301869193,24.929091215654218,47.11919186915904,13.075982684579383,2098445.0,280960.0,2098218.0
2160.0,708.0,11.294444444444444,2344.75,2381.7722222222224,2383.8722222222223,0.4638888888888889,0.5708333333333333,4667.806018518519,0.8055092592592593,-2.9736938962128487,39.763888888888886,49.34623744661096,36.11413732329783,52.489302293407626,42.81622865446966,49.51277469387755,40.81953629226496,206873.0,41022.0,206769.0
1513.0,579.0,8.274950429610046,2046.1368142762724,2069.054857898216,1978.2452081956376,0.2855254461335096,0.5882352941176471,5174.635822868473,0.4886979510905488,-2.802509548883492,34.428288169200265,46.07978907223325,36.38210959403976,52.0898441335979,42.93255208134921,49.21399252317881,36.94943624701988,136752.0,41126.0,136573.0
2273.0,601.0,7.176858776946767,1736.1632204135503,1750.2864056313242,1766.2934447866255,0.3185217773867136,0.7553893532776067,4189.251209854818,1.3003079630444347,-4.489268433874364,33.6779586449626,47.27385563876646,45.126683641409706,52.64986814782222,57.79119533128025,49.5976770893879,51.16832933069134,213943.0,75471.0,212473.0
1502.0,653.0,9.40612516644474,2546.0233022636485,2571.8974700399467,2579.0199733688414,0.4966711051930759,0.6205059920106525,5017.370838881491,1.3866178428761653,-2.132420525278436,43.46205059920106,48.58574574111338,50.03839402876255,52.30316893787577,54.15742796595459,48.822817670682674,50.91705617434873,85315.0,19261.0,85033.0
3152.0,873.0,9.651015228426395,2206.541243654822,2198.660850253807,2193.4543147208124,0.2687182741116751,0.6560913705583756,5462.001269035533,1.4256345177664953,-2.983746360563252,33.12182741116752,46.55608271918676,35.95146012357053,51.62107685614489,48.90003139409329,48.94374557356216,38.51213592818551,393008.0,97308.0,390854.0
2753.0,710.0,13.393752270250635,3200.713403559753,3246.298220123502,3254.032328369052,0.4416999636759898,0.3810388666908826,5679.090446785325,-0.3372321104249911,-2.777591648607772,40.385034507809664,45.59761802693846,35.15463641791042,51.12976181686047,36.38662138808132,49.62885046198616,37.97140699163327,615638.0,64497.0,613061.0
3192.0,793.0,12.598370927318296,2598.28007518797,2623.481829573934,2625.244047619048,0.4495614035087719,0.6557017543859649,4678.63126566416,0.594517543859649,-4.546314302938541,42.359022556390975,49.06948886370799,34.719326015099035,53.10992104501115,47.43048115193447,48.95809035871624,23.233288470902792,945392.0,152707.0,925900.0
3405.0,899.0,11.461967694566814,2854.5259911894277,2933.6370044052865,2890.597063142437,0.4619676945668135,0.6085168869309838,5626.135095447871,-0.4385022026431712,-4.259618194433727,37.97650513950074,45.37884030716722,24.970321203823524,52.59796605302816,44.31666331167301,49.58463261838447,37.97307395560125,380068.0,64214.0,378518.0
4603.0,1004.0,11.530740821203564,2657.204866391484,2707.0004344992394,2656.97653704106,0.3100152074733869,0.6986747773191397,5144.995437757984,0.5273300021724961,-3.9772147096576975,32.880729958722576,47.67177530259997,34.14777235782595,52.48059757853405,40.60553367007149,51.09068822552447,36.11113944338168,734007.0,197184.0,733635.0
5999.0,1571.0,12.633272212035338,3426.269878313052,3461.091015169195,3444.715119186531,0.438906484414069,0.5642607101183531,9395.187197866311,0.8891648608101369,-2.66223972778736,43.487247874645774,47.72086712090838,42.17479227406169,50.612428720600455,46.61026299683162,48.97841858477963,45.32041929474554,5137394.0,198815.0,5028325.0
3228.0,976.0,9.115861214374226,2077.410470879802,2105.2143742255266,2107.29677819083,0.3717472118959107,0.6171003717472119,4330.216852540273,0.2333023543990085,-3.441166814108903,38.94671623296159,47.19775366324311,29.689330821095197,50.48501071007758,37.5081133011152,49.51631136363643,32.926997547744904,354062.0,84852.0,352746.0
1928.0,638.0,8.595435684647303,2073.880705394191,2135.4377593361,2107.022302904564,0.3869294605809129,0.5850622406639004,4390.787863070539,0.5053423236514524,-1.1362734265079653,36.79979253112033,35.21095303435709,25.974555394175788,53.93153424727271,65.78589643792209,50.56217209880393,58.35781576039502,490621.0,95082.0,490362.0
1816.0,609.0,9.245044052863436,2479.063325991189,2554.817731277533,2521.84140969163,0.3463656387665198,0.6552863436123348,4753.004955947136,0.4756057268722469,-3.206040036768754,38.43612334801762,48.60363231955925,44.55686320771349,52.67596612672181,53.01662050853992,51.62294190633611,49.06592956253443,246129.0,46027.0,246007.0
1796.0,662.0,9.911469933184856,2713.054008908686,2759.891425389755,2746.327951002227,0.3374164810690423,0.6330734966592427,6320.610801781737,1.4155902004454346,-1.5456228009793356,34.01447661469933,45.61013602593002,33.98582292567568,51.1592079754601,44.48082131215161,49.278812856344295,41.6944763189944,161735.0,41657.0,160955.0
2738.0,891.0,9.14755295836377,2515.846968590212,2541.7680788897005,2555.0222790357925,0.3546384222059898,0.5887509130752374,5661.963476990504,0.4123447772096419,-2.50043352863375,36.06647187728269,47.40576577819129,16.952022706334674,50.17136417038391,25.46956373747713,49.10995391943829,22.18176162385657,276299.0,85123.0,274148.0
2309.0,692.0,9.287570376786489,2362.475097444781,2410.8427890861844,2428.0645300996102,0.4270246860112603,0.6383715894326548,4690.076223473365,1.6206582936336058,-2.51135751184197,38.81766998700736,47.9162999518389,35.11554960603407,51.75284117417684,39.22074409878677,49.94902974392366,36.35276666059815,274014.0,86745.0,273697.0
1939.0,702.0,9.436307374935534,2381.874161939144,2188.610624033007,2423.173285198556,0.3171738009283135,0.6890149561629706,4915.134605466736,1.1246003094378545,-2.951226149940441,35.74522949974214,45.63375821373253,30.246206897263846,49.94651868869377,46.4523650542076,46.96857741868864,30.48756439339187,128583.0,29285.0,127885.0
2271.0,744.0,10.34037868780273,2538.791281373844,2605.2668428005286,2589.856010568032,0.4795244385733157,0.618229854689564,5133.721268163805,1.122236900044034,-2.4904614743036104,41.43989431968296,44.0441145164153,31.48239469522973,50.3047193336276,46.15215160792954,45.64620201502434,30.98436096162333,395125.0,59928.0,394460.0
9235.0,1453.0,10.71997834325934,2795.2220898754736,2817.7583107742284,2801.238548998376,0.4768814293448836,0.6167839740119112,4848.4140768814295,0.3157877639415267,-2.541553733999604,44.89009204114781,50.25442509084996,37.54778024349895,54.09138222607609,40.72649610490938,51.4187965097553,37.04251432007364,6466903.0,1085062.0,6453177.0
6523.0,1405.0,13.396749961674075,3095.760539629005,3129.2003679288678,3164.237160815576,0.391690939751648,0.6858807297255863,5388.614441208033,0.1635750421585144,-4.439496533042779,31.6618120496704,49.90330326379232,49.28759951566115,52.11695488936696,45.78497535052962,51.01625327583555,49.456035405971086,1980315.0,455135.0,1979300.0
5745.0,1016.0,11.103916449086162,2542.233072236728,2588.303916449086,2592.1899042645778,0.5272410791993037,0.70147954743255,5168.424020887728,1.1114012184508326,-3.787531527322929,50.65100087032202,48.82662142034576,21.85191945316572,51.70971362365048,28.139482439839675,49.68340718616024,21.475234788776497,4728989.0,574259.0,4721594.0
3890.0,816.0,9.021079691516707,2180.985347043702,2231.6696658097685,2215.51619537275,0.361439588688946,0.7017994858611826,4495.653984575835,1.3935475578406178,-2.27374434097807,38.92030848329049,50.295087026749066,36.41416619876568,53.44900636924667,51.67941692697344,52.20243167952682,46.334295909745386,1153169.0,221420.0,1146086.0
6328.0,1297.0,10.64775600505689,2697.224557522124,2642.1894753476613,2723.406605562579,0.4525916561314791,0.6904235145385588,5541.829646017699,1.3496997471555008,-2.437119071171013,43.65202275600506,48.51246054015534,15.033697287521678,51.54337144913792,30.46287624075233,50.54716835917733,24.781211872885255,2309229.0,308075.0,2304364.0
2592.0,954.0,9.17283950617284,2396.971450617284,2468.8796296296296,2466.846064814815,0.3888888888888889,0.6585648148148148,5194.6373456790125,1.382098765432099,-2.215974294813513,36.88657407407408,50.053676855151096,33.48165813657405,52.229926481266965,49.80643942091041,51.20251141308562,44.78129305709871,272028.0,56518.0,259238.0
6605.0,1107.0,23.569719909159726,4965.841483724451,5034.426646479939,5015.934897804694,0.3903103709311128,0.5456472369417108,7534.112187736563,2.241922785768357,-2.300392268158051,39.049205147615446,46.26789693426255,10.231779691305562,52.3761473386853,44.1948465060588,49.3006513571646,34.156901741290504,3977731.0,399771.0,3968004.0
3870.0,998.0,9.719896640826873,2370.539534883721,2432.531524547804,2385.5728682170543,0.4501291989664083,0.6888888888888889,4746.066666666667,1.5957622739018085,-3.9398934265831382,38.17571059431525,46.071782153209206,6.615299023791019,53.4323413040104,48.06814672233712,48.51733915113884,23.6735452611843,659259.0,153330.0,658501.0
5087.0,1141.0,8.710634951838019,2066.647926086102,2068.2649891881265,2059.8313347749163,0.3648515824651071,0.7536858659327698,6017.744839787694,0.8398073520739178,-3.049792391700654,37.92018871633576,49.24526620710071,20.14510154439849,53.139112463083386,40.38383285222349,50.88224167717784,27.065208956701376,1036750.0,197562.0,1020295.0
20076.0,2168.0,10.2222554293684,2480.8234210001992,2513.4791791193466,2540.0454273759715,0.3066845985256027,0.8028491731420602,5449.083283522614,2.5594540745168435,-2.120725141622252,35.56485355648535,50.0078888143531,18.404023746598767,53.8313929718956,45.90782887861261,52.17493958208654,37.85225146484477,16299747.0,2929873.0,15643733.0
4261.0,1038.0,10.337714151607605,2617.0474067120394,2654.8941563013377,2650.6981929124618,0.3874677305796761,0.783853555503403,4987.595634827505,0.1995540952827977,-1.5566137851464343,34.91199249002582,51.15151756673761,40.53848057765725,53.412204108235365,52.559452603338734,51.83515358455024,44.0755560112834,1151558.0,277888.0,1150629.0
20076.0,1765.0,9.558527595138472,2228.0450787009363,2085.1503785614664,2250.0210699342497,0.348326359832636,0.8636182506475394,5110.912831241283,1.4228730822873112,-1.1720764108016155,37.356047021318986,52.90298463610517,34.481712792879975,56.00191977263668,57.47779468454629,54.193288051760256,44.08256590037898,27838436.0,4685587.0,26279239.0
4555.0,1253.0,9.268496158068055,2615.429198682766,2512.6889132821075,2663.225686059276,0.2535675082327113,0.7187705817782657,5304.842371020856,1.4656860592755208,-1.9174611578466956,30.487376509330407,50.39231963772925,29.20394342765905,52.98413164389611,41.892021310534346,51.26167601849817,36.29337915533549,399208.0,135851.0,395337.0
6471.0,966.0,15.244784422809458,3287.7303353422963,3338.613506413228,3353.2370576417866,0.4453716581672075,0.574563436872199,4912.2846546128885,1.1542883634677814,-4.438746929974431,41.02302580744862,43.96626880284983,42.8849409559029,50.811828712871424,60.158934214661485,49.52046135252264,56.53055465315608,4838335.0,484526.0,4828296.0
3561.0,1010.0,9.954507160909856,2527.1805672563887,2595.9806234203875,2574.698399326032,0.4105588317888233,0.6239820275203595,5290.164279696714,1.3897219882055596,-1.994708602995356,42.39258635214827,50.78901539499576,34.77940974191729,53.32974057600447,44.27302245237421,52.0112922287802,40.66107169983132,975200.0,123509.0,952632.0
5494.0,1086.0,8.838005096468875,2173.187295231161,2171.8285402257006,2185.834364761558,0.3507462686567164,0.7247906807426283,4492.242628321806,0.7372406261376048,-2.8013459224141157,37.99781579905351,52.09667557875455,34.04697156491474,54.64237040087461,51.81029086281652,52.608480529486926,35.13984575597731,1315643.0,276455.0,1307460.0
12382.0,1725.0,14.338879017929251,2907.872960749475,2932.480132450331,2951.9811015990954,0.4799709255370699,0.4528347601356808,5670.364803747375,0.5055726053949304,-5.849221192905407,38.74899047003715,44.09335074400192,22.124122238064547,53.34071166599407,39.49148839128998,51.0971687783798,37.01585625636244,8424249.0,1639749.0,8418149.0
21920.0,2250.0,10.532527372262772,2054.574726277372,2019.3988594890511,2043.853147810219,0.4508667883211679,0.8497262773722628,5235.78394160584,1.3454927007299324,-3.911008386135283,39.82755474452555,49.18137207323879,30.90716285071349,51.26857086143277,37.1171254385949,50.14489631655884,33.11895846049265,24360463.0,3623503.0,23368033.0
2040.0,654.0,6.527450980392157,1872.393137254902,1912.0799019607844,1909.803431372549,0.2784313725490196,0.7725490196078432,3930.312745098039,0.9279901960784324,-1.937002741255728,40.38235294117647,50.2039676435046,39.9316242476142,54.16841020510263,50.63715529335321,51.959995927601874,45.130424367152095,341946.0,62333.0,338992.0
2012.0,794.0,10.073061630218689,2815.857355864812,2906.706262425447,2893.9925447316105,0.3653081510934393,0.621272365805169,5475.134194831014,1.3405069582504967,-2.140024621576171,37.66898608349901,48.91489802795806,37.69190173021404,49.62709197112992,42.24074395328031,48.945467274088855,33.11426392828686,135661.0,27188.0,135436.0
3496.0,687.0,9.895022883295194,2457.08381006865,2498.203661327231,2489.8521167048057,0.2960526315789473,0.6418764302059496,4872.87442791762,1.4878432494279166,-3.117124705895375,32.93478260869565,50.76320597649757,32.98495585350498,52.93028862772047,51.59363891845492,52.021139485205374,47.87403719081777,1048374.0,202234.0,1047774.0
11328.0,1465.0,10.092425847457626,2677.8496645480227,2704.84489759887,2702.0460805084745,0.3015536723163842,0.8313912429378532,5160.934322033899,1.0598870056497192,-2.696658518853256,31.827330508474574,50.34598749801107,16.385671225050743,53.7907214780768,43.24943667338436,51.94072701971568,29.07677969353832,2848058.0,679510.0,2787258.0
14872.0,1879.0,8.414873587950511,2060.412654653039,2121.819526627219,2127.4967724583107,0.3696880043033889,0.8546933835395374,4978.869755244756,1.896631253362027,-2.5629219741194262,38.18585260892953,51.19490719946197,36.27887445441099,54.07639713152248,56.96733059272466,52.64211815320481,48.75704114725667,9485864.0,1681566.0,9337062.0
7286.0,1231.0,10.520861926983256,2512.557507548724,2690.8160856437003,2668.4203952786165,0.450452923414768,0.7165797419709031,4792.199560801537,1.5176365632720286,-2.248023518367006,39.3384573153994,45.339989327108285,43.8797848901705,52.61218431709028,45.40658786314313,50.322519708911535,40.0630307344864,4808763.0,817386.0,4794339.0
6646.0,1428.0,9.195756846223292,2159.379927776106,2196.2228408065,2178.922208847427,0.4724646403851941,0.7299127294613301,4255.582305145953,1.7484802888955762,-1.6297647789782086,41.20674089678002,48.83476898356473,37.319940414851295,52.977422,49.42907177366889,50.80061265591398,42.67558200844596,2688074.0,340074.0,2677426.0
9612.0,1362.0,15.509051186017478,4314.671556387849,4255.980545151893,4327.269975031211,0.3028506034124011,0.7925509779442363,9381.058780690802,1.463441531419061,-1.6472271114116424,35.835414065751145,54.18022486233485,51.33176042634045,55.841040679883605,60.86383384379226,54.68437343530776,55.18030397564527,4583374.0,763806.0,4536152.0
13401.0,1381.0,9.835310797701664,2255.4126557719574,2279.286247294978,2254.3464666815908,0.3765390642489366,0.8447877024102679,5583.537497201702,0.3998134467577044,-3.25448519792993,40.374598910529066,52.9362656094649,38.01909712859158,54.94273945816865,51.74978184707841,53.95983174876862,44.90317002380768,12190094.0,1736881.0,11911150.0
4022.0,932.0,18.85082048731974,5325.5482347091,5348.519144704127,5347.116360019891,0.3771755345599204,0.5335653903530582,8280.771755345599,1.9310542018896075,-2.5141093089421007,38.02088513177524,47.820971487562176,25.637107590049716,54.1383779721324,52.54558165646768,50.27534740169243,32.79987983627766,598932.0,171088.0,588952.0
2527.0,945.0,7.9089829837752275,2324.999208547685,2349.999208547685,2355.908587257618,0.3525920063316185,0.7289275821131777,4658.485555995251,-1.4806885635140483,-2.771664785872612,34.744756628413136,50.15813136345623,35.54805871603961,54.24099482376238,52.100649552652406,51.80593036053889,43.98823421813144,197033.0,68768.0,195786.0
10847.0,1333.0,13.8672443993731,2974.9298423527243,3011.119387849175,3017.3928275099106,0.3152023600995667,0.6940167788328571,7157.252604406748,1.2917119940997523,-2.250581991612185,35.24476813865585,50.15859545286887,25.339126273900646,52.6519722729373,37.81756533972517,51.10494529607127,32.675333640328134,5570874.0,1098924.0,5227534.0
11044.0,1479.0,10.307497283592902,2568.949203187251,2569.751358203549,2601.0766026801884,0.2370517928286852,0.7856754798985874,5448.816914161535,1.643625498007968,-1.4706353672546248,31.808221658819267,49.81495072723982,15.630445402990492,53.92584079934767,43.30489886544032,51.64956399057215,26.881629534432783,3651974.0,824963.0,3613099.0
4655.0,922.0,7.180451127819549,1776.5428571428572,1790.0184747583244,1806.0195488721804,0.3114930182599355,0.8539205155746509,4332.745864661654,0.8509344790547797,-2.176711432255239,34.62728249194414,52.27183298064527,35.821844987752435,54.66203677918737,48.47408411841813,52.30539917419367,38.52706582638583,802891.0,147819.0,788680.0
5573.0,1265.0,8.759016687600933,2052.70285304145,2151.591781805132,2128.994078593217,0.3800466535079849,0.8252287816256954,4353.129553202943,0.5063520545487188,-2.681544957706442,36.5942939171003,51.1033804485915,32.30567254351334,54.41774450744663,51.01637525946521,53.495621862551616,44.60619198959258,1325633.0,193784.0,1315516.0
8036.0,1532.0,9.79952712792434,2174.6380039820806,2227.947237431558,2203.619586859134,0.5029865604778497,0.8178198108511697,4560.557864609258,0.3025261324041809,-2.9531735221003,40.48158287705326,50.96980862717887,34.509120689655084,53.67458391071245,44.78643915701641,51.311010246355245,37.21862835204582,3056017.0,539031.0,3038515.0
2142.0,700.0,10.786647992530346,2659.0303454715217,2723.2908496732025,2716.890756302521,0.3440709617180205,0.5658263305322129,5363.18487394958,0.2788982259570491,-3.227284922290845,31.087768440709617,48.32497675095428,42.06734959934551,52.5839999719233,54.1129748658878,49.48206106873828,44.15233518606827,158180.0,50772.0,156821.0
1133.0,376.0,8.546337157987644,2334.035304501324,2337.9788172992057,2355.422771403354,0.4271844660194174,0.7537511032656664,5733.61518093557,0.4843777581641663,-2.429316730539602,39.558693733451015,49.05397255555553,41.251935947787615,53.07915077502213,45.670822526501794,51.0388231571936,41.78919389920425,86531.0,20193.0,86480.0
923.0,455.0,9.537378114842904,2633.430119176598,2692.839653304442,2673.3932827735644,0.304442036836403,0.5319609967497292,4300.724810400867,1.0490790899241609,-1.6740626742740368,37.41061755146262,46.69385876304346,54.17680413651137,51.191151666666656,58.88188345503792,47.79889303260868,55.14390298483208,38147.0,8843.0,37511.0
3691.0,704.0,10.81766458954213,2431.2164725006774,2505.2506095908966,2492.0251964237336,0.3833649417502032,0.7144405310214034,4804.7466811162285,-1.0156597128149538,-3.226477998712609,42.03738824166892,48.73399141415789,45.21194742125236,52.32609733053369,49.84909852045519,49.60746707642273,48.75300452818433,2523870.0,297277.0,2506998.0
2421.0,718.0,13.7938868236266,2943.7963651383725,2974.826517967782,2955.96117306898,0.3097893432465923,0.6736885584469228,7362.70136307311,0.187980173482032,-2.074589488027854,34.737711689384554,47.19915936983471,58.04262863238326,53.15404426517973,51.01023475671203,48.63654892275919,57.191700180090834,310657.0,95438.0,309044.0
2041.0,644.0,15.243508084272417,4160.469377756002,4217.012248897599,4191.78882900539,0.458108770210681,0.4674179323860852,7961.269965703087,1.1589906908378251,-3.210495090710998,35.7765801077903,48.1812180926925,41.89303468789811,52.52938876274512,60.708175432141125,49.330580828431366,50.57638112199904,475679.0,94242.0,474877.0
2088.0,608.0,11.531609195402298,3407.825191570881,3487.357279693487,3478.152298850575,0.4794061302681992,0.51772030651341,4830.602969348659,0.6203544061302677,-2.617918392700434,33.9367816091954,49.42328273071402,49.34885607810251,53.52177064750966,64.00275948706886,50.83553121839088,60.446747662835165,297663.0,54493.0,296876.0
1594.0,511.0,8.366373902132999,2148.49121706399,2239.740276035132,2214.7728983688835,0.3186951066499373,0.6442910915934755,4140.388331242159,0.8713927227101634,-2.1916738765581583,31.28607277289837,48.42076376507536,29.36778530991219,53.68708473664362,45.67183441619586,49.20799803957285,39.69795244353826,100003.0,30472.0,99838.0
3244.0,830.0,10.252157829839703,2376.78914919852,2415.264796547472,2441.6063501849567,0.3908754623921085,0.6143649815043156,4698.922934648582,1.891214549938348,-2.0968892069022464,35.61960542540074,47.63742987407414,42.89830654301562,53.36960308199763,45.93828164118356,52.056323000308446,42.48837011991354,719862.0,215229.0,709848.0
2023.0,622.0,34.181413741967376,7164.704399406822,7160.737024221453,7176.063272367771,0.5472071181413742,0.671280276816609,9114.46366782007,0.4952545724172024,-2.344078249721019,44.42412259021256,48.66781693450005,42.56021465889928,53.232432750990185,45.25766036381596,48.55071684029859,46.13712380059377,1540308.0,131383.0,1540090.0
2451.0,679.0,6.223582211342309,2073.358629130967,2110.264789881681,2101.389228886169,0.4104447164422685,0.7780497756017952,4101.973888208894,1.263851489188086,-2.8433131972205827,37.4296205630355,49.25955820099052,32.91154341625414,52.43658458835591,44.71093300122951,50.74482026696649,38.5358353870045,378812.0,57643.0,375651.0
2769.0,742.0,8.099313831708198,2232.3214156735285,2284.261466233297,2248.6836403033585,0.3355001805706031,0.681834597327555,4855.104008667389,0.7329721921271207,-2.2402441062323435,36.33441675695197,49.43918172260402,38.07437739465121,53.77026076130204,56.34700848825437,50.56867940231552,44.59062512725952,549869.0,82465.0,549008.0
5256.0,911.0,10.215753424657532,2730.409627092846,2786.219178082192,2781.857305936073,0.2167047184170472,0.6539193302891934,6036.306887366819,0.8282343987823427,-3.367041302723868,28.763318112633183,49.21562129609901,35.990632910370984,55.56752219904861,56.56922338991427,51.39990811018082,45.53955165670788,1148436.0,359091.0,1142861.0
3144.0,775.0,9.869592875318066,2553.7131043256995,2592.7932569974555,2590.888358778626,0.2423664122137404,0.7010178117048346,6005.798664122138,1.5044847328244282,-2.3006448166664657,31.81615776081425,48.04096332717428,37.775701203880445,52.27986040031845,49.661700533396974,49.39202330585613,42.787822169847296,460175.0,176025.0,456084.0
6015.0,938.0,12.105070656691604,3159.720532003325,3008.718370739817,3199.2099750623443,0.2525353283458021,0.7075644222776393,5313.406816292601,2.1408312551953474,-2.0032353446671154,27.83873649210308,43.70393500732365,53.32410140345914,55.74077675058249,65.55109405138862,49.54874481930127,61.23380562847159,2895404.0,1164919.0,2875820.0
2180.0,709.0,12.710550458715597,3866.504128440367,3651.293577981651,3864.576605504587,0.4027522935779816,0.5174311926605505,6040.36880733945,0.8532110091743121,-1.541126828657399,39.77064220183486,47.24139331878735,24.088524788893903,50.70590692018353,30.183390205504484,48.52653956336092,27.52790826938954,435473.0,86730.0,434976.0
9642.0,1050.0,10.179734494918067,2810.7497407176934,2793.2018253474384,2857.797033810413,0.4089400539307197,0.7777432068035677,5281.287181082763,-2.0451773490977,-4.52612331697474,36.79008504459656,46.815979238866085,10.311219939931412,51.38507439690765,41.91221354839736,49.31858394842243,26.42530540470988,8286754.0,1975353.0,8252947.0
4751.0,950.0,7.622816249210692,2053.159334876868,2138.966533361397,2173.970322037466,0.411913281414439,0.799831614396969,4625.390865081035,1.5634392759419062,-3.3055681036293016,38.62976215533572,51.60372136288963,51.89095408738674,54.502257290526295,58.723122030947295,52.38238894651506,51.03115202632132,1252738.0,265108.0,1218701.0
2160.0,668.0,9.64537037037037,3012.1,3013.449537037037,3057.421759259259,0.2976851851851851,0.6101851851851852,5581.727314814815,1.702824074074073,-1.9492233946338515,33.23148148148148,50.255052326228025,33.78115590963855,53.858709897590415,41.9288995574606,51.760542498609865,38.550679822520834,217959.0,62681.0,215241.0
2596.0,728.0,11.472650231124808,2636.1263482280438,2626.075885978428,2694.2900616332818,0.5065485362095532,0.6101694915254238,4532.95030816641,1.2516563944530048,-2.9061781252181937,35.93605546995377,50.52425526661515,30.833107890691405,53.49417344354528,44.18195721657023,52.09807111814669,38.18755813739864,644736.0,208190.0,644536.0
1357.0,561.0,8.706705969049374,2356.6543846720706,2384.310243183493,2383.576271186441,0.4067796610169492,0.7177597641857038,4786.688282977156,1.5921149594694175,-3.3172245046480007,37.47973470891673,48.09723986568263,42.06265831982315,52.45335343036109,43.69646374355197,50.05129996094324,40.234056757553454,119752.0,22266.0,119269.0
1735.0,553.0,8.688184438040345,3664.202305475505,3665.81613832853,3728.364265129683,0.2841498559077809,0.5873198847262248,5367.26916426513,0.2219596541786748,-3.1542324561777515,29.896253602305475,50.05969329176335,39.09548219141531,53.1791054510145,60.62658772289858,52.085040912362174,51.62026305455602,194253.0,53305.0,193936.0
1528.0,498.0,8.120418848167539,2398.6413612565443,2445.0883507853405,2429.148560209424,0.4712041884816754,0.7460732984293194,4827.255235602094,0.8634162303664921,-3.098442166321564,41.06020942408377,51.72021612023656,41.5886102419672,54.91612010026216,62.05306631585844,53.46274052165358,56.71680877079237,139717.0,28094.0,137349.0
2228.0,664.0,9.220825852782763,2669.81552962298,2713.5179533213645,2710.677289048474,0.3074506283662477,0.5583482944344704,5086.49236983842,1.0705565529622971,-3.795278690369653,32.464093357271096,49.5415068262236,47.666040542433706,53.09465296768403,59.50517087881504,50.263411096093385,53.087652300269234,217746.0,68874.0,213531.0
3247.0,775.0,9.605481983369264,2582.897443794272,2592.0415768401604,2614.994456421312,0.351093316907915,0.6393594086849399,4674.895287958115,1.1672620880813054,-3.1351521854377657,34.25007699414844,48.18695248671203,19.358141407578547,54.54879788090097,58.44180965013859,51.39217709259263,41.79844975947028,522173.0,147006.0,487658.0
5382.0,911.0,7.377926421404682,1803.2642140468224,1851.4371980676328,1846.0369751021924,0.3998513563730955,0.7227796358231141,5224.881085098476,0.5730211817168332,-2.7350253705925454,39.80490523968785,49.27638790374235,42.14894010460791,54.69617422604647,54.93849550297284,52.08909411135939,49.83031512783349,1663233.0,251038.0,1626679.0
2556.0,632.0,6.777777777777778,1824.6744913928007,1878.388497652582,1850.3877151799688,0.3967136150234742,0.7793427230046949,4800.506259780907,-0.6104851330203445,-2.523111837260591,40.73943661971831,50.32512197058833,39.14442323591542,51.62398379953024,41.338118542644686,50.400320830262736,36.47953604499212,1000544.0,171038.0,999901.0
3088.0,772.0,8.54889896373057,2296.092292746114,2337.09585492228,2322.470207253886,0.3850388601036269,0.6314766839378239,4453.530440414508,0.5394106217616579,-3.4138383231660105,40.799870466321245,51.66571163036416,35.07071204112687,53.20967310613443,41.35199999935229,52.27885087768384,39.42629432091963,921925.0,208537.0,921021.0
5408.0,1023.0,12.803994082840235,3040.961723372781,3087.224852071006,3078.642381656805,0.3942307692307692,0.6645710059171598,5553.1566198224855,-0.171449704142013,-4.234323638999941,37.86057692307692,45.3649907041783,26.34972239302926,52.7574474139655,58.381359972602645,47.04738319603487,36.27450797778594,1035443.0,268094.0,1033127.0
3122.0,805.0,10.503523382447147,2473.6300448430493,2505.178731582319,2511.785393978219,0.4711723254324151,0.5035233824471492,4868.738308776426,-0.7515695067264568,-3.655061721806349,40.48046124279308,49.19722787038823,53.832430739590045,54.1382676212753,66.3505407987824,51.23946113677137,58.92434581197951,854668.0,137369.0,853294.0
3571.0,971.0,11.0663679641557,2897.9691963035566,2924.853822458695,2915.266591991039,0.3413609633155979,0.6530383646037524,5238.27499299916,1.2454774572948737,-2.49037568386107,33.29599551946234,47.11086420599781,42.67944054876676,51.74971572276677,47.16910657210857,49.34136841239138,38.98455410709274,370264.0,117254.0,367996.0
8231.0,1534.0,10.726157210545498,2571.0297655205927,2608.146762240311,2601.397035597133,0.5380877171668084,0.7930992588992832,5656.107641841818,-0.9179686550844374,-4.903880447403365,46.505892358158185,48.1686957371368,24.240679356543836,53.49692760000021,38.14790292160912,51.32679703707775,33.822418277554995,3471275.0,448869.0,3455826.0
6178.0,1287.0,8.892521851731953,2121.8891226934284,2117.5059889932018,2170.1574943347364,0.382971835545484,0.7852055681450307,4338.611686629977,0.242667529944967,-3.4210137587113305,38.41372612495953,49.91283386914223,36.36812898737246,53.85205405994818,51.1764654923899,51.17921366990924,39.18574114813015,1371414.0,235412.0,1293526.0
14439.0,1689.0,13.657663273079852,2822.496987325992,2861.693330563058,2859.616940231318,0.3715631276404183,0.6467899439019322,5785.309855253134,-0.6484105547475575,-4.650551524194202,39.31504951866473,51.39834568004191,15.496097346036732,53.109518306568575,29.343067046002304,50.78842205626445,25.959401102473358,7289216.0,1281279.0,7266298.0
8358.0,1265.0,9.787987556831778,2227.7461115099304,2225.462670495334,2237.023570232113,0.2749461593682699,0.7316343622876286,4718.107083034219,1.1349126585307514,-2.463906502518048,32.41445321847332,50.39587812687037,17.24257362482046,53.30503935192082,34.37102954319202,51.1145020638988,20.569414961234727,2318035.0,975603.0,2315584.0
15246.0,1682.0,13.175587039223403,2780.875967466877,2857.152958152958,2821.206808343172,0.3565525383707202,0.6786042240587695,6712.776597140233,0.4104092876820129,-4.450069931631836,31.40561458743277,44.68773755425117,31.854533178079503,51.24402614983007,49.65320315394212,47.48113615888265,42.33120296818824,4722922.0,1464203.0,4710847.0
9200.0,1446.0,10.997391304347826,2868.0696739130435,2951.4333695652176,2956.2889130434783,0.2376086956521739,0.763804347826087,5695.610652173913,-0.4399565217391307,-3.424528535318573,31.26304347826087,50.586988011304726,26.77888777793464,53.25670410173951,40.03220405489116,51.48788355097866,31.06888579358686,4336545.0,1461244.0,4328651.0
3356.0,889.0,8.778307508939214,2357.8939213349227,2379.1758045292013,2381.104588796186,0.3376042908224076,0.7407628128724673,4600.735697258641,0.4107270560190693,-1.8517479646352095,32.80989272943981,48.38356948180197,40.148802867362114,52.03189460572627,49.08701908137101,49.33651932368741,44.44842488554393,400877.0,63332.0,399231.0
3300.0,659.0,6.833030303030303,2092.97,2112.0148484848487,2124.8130303030302,0.2839393939393939,0.7009090909090909,4980.79,1.3719696969696955,-3.006597359011096,30.45757575757576,51.34196236907655,31.844462646060595,54.52222076374133,50.49451907517426,52.2932546386274,36.79260762575751,1122000.0,404600.0,1120344.0
2404.0,671.0,8.219217970049916,2269.287853577371,2300.9288685524125,2315.256655574043,0.3336106489184692,0.6397670549084858,4415.4633943427625,1.3249168053244578,-2.615050763302664,35.836106489184694,47.97471909666667,38.28220609037902,53.28183622763217,53.21860289351076,52.187290027488594,48.36501184679431,474017.0,56172.0,470475.0
2139.0,780.0,8.438055165965405,2753.562412342216,2817.463768115942,2783.994857410005,0.3922393641888733,0.7035998129967275,4549.093034128097,0.1603085553997199,-1.1795579966511005,39.07900888265544,44.08365021679965,37.83410115489005,52.07812364215457,49.610494101029005,46.36045440787625,44.51718806598036,208704.0,31846.0,207431.0
4154.0,970.0,7.4870004814636495,1914.332450649976,1922.161049590756,1873.0960519980745,0.3384689455946076,0.6795859412614348,4426.860857005296,1.3012277323062085,-1.6675607260849823,32.23880597014925,46.75390618335758,35.348324051275846,52.248897222489816,51.58279037409727,49.867110460926206,43.48665454935,622423.0,210714.0,621149.0
2989.0,918.0,7.841418534626966,2067.439611910338,2090.3977919036465,2089.9789227166275,0.3576446972231515,0.7858815657410505,4813.88524590164,1.380361324857812,-2.5848691072338266,36.37671462027434,48.04973810649701,39.591808692539296,52.547015790900005,55.50268199933085,49.85696178554704,42.37865834125123,351286.0,106997.0,350113.0
2885.0,752.0,8.218717504332755,1804.8357019064124,1864.3143847487,1851.8710571923743,0.4974003466204506,0.7850953206239168,4183.837781629116,1.362495667244367,-1.7971214867884129,36.908145580589256,51.43428414901006,47.60422472266576,55.47512443084919,65.45003839653381,53.84609918014578,60.82089987686438,702184.0,197751.0,701964.0
2155.0,583.0,8.364733178654292,2109.852900232019,2160.0375870069606,2127.211136890952,0.3661252900232019,0.625522041763341,3873.9294663573087,0.7580046403712307,-1.6398999248571615,39.40603248259861,48.09867920589611,27.405068954162765,52.89484624263675,49.640262210846174,49.22207857791295,32.284823712815715,245669.0,55536.0,241597.0
1330.0,489.0,9.633834586466165,2430.0789473684213,2480.975939849624,2458.532330827068,0.4511278195488721,0.6097744360902255,4220.24962406015,-1.2141353383458648,-1.3276439026708984,44.42857142857143,50.08526980586911,44.69179277878102,53.15775912189619,48.41295552746424,51.58099944243794,48.60940646726862,311950.0,41324.0,311425.0
1722.0,552.0,11.362369337979096,2836.389082462253,2859.3025551684086,2866.8861788617887,0.3199767711962833,0.586527293844367,4752.503484320558,1.11068524970964,-2.472722974662261,38.91405342624855,51.30008663219061,23.9626719674608,53.35578555865278,35.28934410859468,50.82313699883856,27.41080394831594,269901.0,48645.0,267080.0
1822.0,560.0,6.918770581778266,1627.4796926454446,1666.3880351262349,1652.3902305159163,0.37596048298573,0.7925356750823271,4266.475850713502,1.8793084522502737,-2.001353279217522,37.892425905598245,49.85533758461535,25.53356283260154,54.5685942047201,55.71280946706914,51.92369514521451,48.75898446926454,135757.0,32303.0,132851.0
5253.0,990.0,10.937178754997143,2858.81819912431,2895.8793070626307,2884.91128878736,0.2672758423757853,0.5396916047972588,4707.160289358462,2.607462402436703,-2.204786181796969,31.694269940986104,51.8535137229948,36.30638244089083,55.59015403503422,55.53178358747375,53.8042751843809,42.888602183514095,1063886.0,265785.0,1062594.0
17469.0,2278.0,10.597859064628771,2576.433968744633,2619.244432995592,2617.766615146832,0.3055126223596084,0.8053695117064514,5546.511134008816,1.115049516285994,-2.5840061907429144,34.71177514454176,51.98468085874487,28.678270420199656,54.17790283694237,42.97827545607583,53.5379418918895,38.23211709675912,8247762.0,1511750.0,8179160.0
5870.0,1199.0,8.562010221465076,2211.753492333901,2249.515332197615,2250.609710391823,0.3793867120954003,0.7988074957410563,4998.653492333901,0.559454855195911,-2.470832372418601,38.69505962521295,48.611147835749726,19.767533334242817,52.74747860163719,40.59651665564259,51.81309468997281,34.335397210364704,1758647.0,319497.0,1751694.0
3723.0,849.0,11.150147730325006,2894.952189094816,2876.8310502283107,2883.111200644641,0.2688691915122213,0.5377383830244427,5221.503626107978,0.5859790491539085,-3.898171093373332,32.409347300564065,49.59044362550442,22.77885798145161,52.65675206315505,39.79571055077909,51.312949302769546,34.36715372649109,879985.0,317211.0,879218.0
4030.0,900.0,9.164764267990074,2146.578660049628,2226.1503722084367,2214.303225806452,0.388833746898263,0.6528535980148883,4714.265012406948,0.1624317617866002,-4.112491209170404,37.45657568238214,50.14863127344153,25.055727778191745,52.96148520989507,36.07232950049678,50.28481784323108,24.589092698211594,802051.0,207321.0,780657.0
1771.0,570.0,8.107848673066064,2280.285714285714,2293.436476566912,2318.0632411067195,0.4037267080745341,0.6730660643704122,4573.798983625071,-0.5616600790513833,-3.524265616228388,38.62789384528515,49.86665366139061,52.84400480124221,53.624535267645406,69.50027955335969,50.46055274124294,57.977364629023135,232501.0,46241.0,232217.0
4543.0,909.0,9.445080343385428,2368.9971384547657,2422.3530706581555,2405.1091789566367,0.4316530926700418,0.6781862205591019,4496.762931983271,-0.1247413603345817,-4.425590007675265,45.31146819282412,52.97463125801463,46.20451113729823,53.989407477983285,45.24161024812853,52.98059631321589,38.06458953215856,2025406.0,256800.0,2017082.0
2882.0,694.0,10.15440666204025,2738.706453851492,2787.503122831367,2765.130811936156,0.4993060374739764,0.6675919500346982,4882.543719639139,-1.8214087439278284,-3.305090428264058,39.82303955586399,49.902735624522414,42.345331238277154,53.54793142008344,54.09336117749218,51.12382675017378,46.00035369850639,963504.0,175664.0,961290.0
5856.0,893.0,10.568647540983608,2428.6362704918038,2472.158982240437,2467.475068306011,0.3874658469945355,0.5665983606557377,5218.976092896175,1.3192622950819677,-4.253238082733609,35.65061475409836,41.91331355663762,12.836079967213122,48.11955398292356,31.15740175956275,43.37106359204238,21.775137766564203,1465406.0,414943.0,1462487.0
3398.0,876.0,10.088287227781048,2259.9426133019424,2303.6412595644497,2272.023543260741,0.3522660388463802,0.6206592113007652,4263.219835197175,1.3629782224838134,-3.787764745994437,36.96586227192466,46.469316152462426,39.53662009198107,51.30109769590822,46.90166283813998,47.81344726819928,39.666249118149615,358909.0,120420.0,356508.0
3304.0,909.0,11.695823244552058,2601.4040556900727,2594.1825060532688,2634.4891041162227,0.3716707021791767,0.6464891041162227,5903.846549636804,-0.3095944309927358,-3.017765028459469,34.473365617433416,46.619053968586414,36.47696418122338,51.559454786428425,44.553900945790346,47.58745461175733,39.11996545020417,281725.0,81509.0,280659.0
2821.0,806.0,9.6487061325771,2455.1375398794758,2471.3317972350237,2516.158099964552,0.2144629563984402,0.5696561503013116,5103.425381070542,-1.3352357320099255,-2.62320639978358,28.89046437433534,50.18810937206827,49.77956958294848,52.941393102163936,53.55665919042553,52.28320509776044,56.72671593042242,344611.0,159826.0,341341.0
2262.0,806.0,7.51105216622458,1919.318302387268,1881.3969938107869,1921.2413793103449,0.2263483642793987,0.6918656056587091,4189.610521662245,1.4009725906277626,-1.4342486672421462,33.07250221043324,47.91750068113978,52.492393875721255,52.06487389729973,56.26280376848162,47.49437264604969,54.00800345434398,178100.0,50671.0,177031.0
2038.0,594.0,10.855250245338569,3137.421491658489,3167.7173699705595,3153.585868498528,0.2335623159960745,0.5525024533856723,5861.573110893032,1.4857212953876338,-0.5336884776282687,34.12659470068695,45.60461108325125,31.890887942421266,55.15196577384465,71.0940110113022,50.09286257980296,46.23646376377951,319131.0,94441.0,318672.0
2436.0,538.0,9.585385878489326,2347.169540229885,2405.511494252873,2387.4675697865355,0.4519704433497536,0.6798029556650246,4904.559934318555,0.6405582922824301,-2.413341958058909,42.42610837438424,50.03983850431921,34.191221411667925,52.08414733881583,50.19827619482117,49.96364772738494,39.81194065776499,780527.0,155300.0,780203.0
4000.0,812.0,7.62525,1788.91925,1853.7835,1832.74,0.4235,0.691,3979.82075,1.3353999999999988,-2.6606315608720474,39.41,47.31804533183293,17.184030583999977,52.53330097299335,39.00106497274996,48.94014042821418,17.988136006749997,851717.0,140425.0,851545.0
1363.0,475.0,7.333088774761555,1618.4365370506237,1655.9618488628028,1671.5803374908292,0.458547322083639,0.7028613352898019,3923.921496698459,1.2757153338224505,-3.2875363323210016,36.0454878943507,43.46486451063828,30.434784024211325,50.198333162876,44.35343797872343,48.47635875826596,34.81417524651507,117052.0,32242.0,117020.0
4057.0,781.0,9.264481143702245,2585.8878481636675,2613.004929751048,2620.630761646537,0.2309588365787527,0.7259058417549914,5267.710377125955,0.707986196697065,-2.799838132511411,32.08281981759921,50.96037197526592,44.34595230967096,55.15992805103556,67.17786983456594,54.87876019856758,69.09551392813032,859554.0,280074.0,852485.0
1552.0,560.0,8.353092783505154,2213.5380154639174,2271.1507731958764,2261.8865979381444,0.3137886597938144,0.645618556701031,4753.347293814433,0.7572164948453607,-2.082327246942582,31.559278350515463,47.24496611190168,41.39378784993532,52.097213709677405,50.46672519806453,45.02330827601809,29.557714484162915,53078.0,18095.0,52892.0
1785.0,427.0,6.722128851540616,1457.647619047619,1523.1697478991596,1498.9221288515407,0.5389355742296918,0.7490196078431373,4424.768627450981,0.3844257703081234,-3.860286650815421,45.45658263305322,48.59060665451487,41.615445366591885,52.06129849411108,61.25291023150224,50.08688333258554,49.83272090246636,459390.0,76528.0,458675.0
11281.0,1662.0,13.710220725113022,2959.5497739562097,2993.530006205124,3000.290931654996,0.2529917560499956,0.6555269922879178,5357.714032443932,-0.3948054250509707,-2.8661390899365657,31.742753302012236,38.822695598918166,15.311062709585872,51.42370396745636,37.70741351955296,42.13134775667305,24.563394610623345,3196692.0,862181.0,3178080.0
4601.0,1004.0,8.875461856118235,2010.908063464464,2079.545968267768,2060.932840686807,0.5014127363616605,0.7159313192784177,4683.44316452945,1.6392958052597266,-2.522970005498987,39.90654205607477,48.38701936409146,23.69275910915405,51.62223234884737,32.37009931767773,50.1363396003916,32.006068332246045,1469566.0,294620.0,1459672.0
2934.0,636.0,12.786980231765508,3487.589638718473,3562.0927062031355,3534.237900477164,0.2505112474437628,0.6005453306066802,5165.293456032719,0.5434219495569187,-3.394859347829092,37.21540558963872,50.23371033880344,21.984841321964492,51.7874547814954,28.98358073908595,53.06712343764952,39.01242528512955,1028830.0,192762.0,1027241.0
2119.0,612.0,11.650778669183577,3054.427088249174,3109.107126002832,3096.025011798018,0.2958942897593204,0.6394525719679094,5976.963662104767,0.8176970268994813,-3.1953171072942914,34.752241623407265,49.253109773995256,29.19178388804912,54.67734482208587,59.58033148183113,52.12790679253307,43.93150435899864,189227.0,65871.0,189203.0
973.0,368.0,10.65159301130524,2719.4871531346357,2600.3812949640287,2748.453237410072,0.2805755395683453,0.6423432682425488,4553.169578622816,1.8538540596094557,-1.610598612000406,34.05960945529291,49.89799129218106,60.39149921913579,52.68648640534981,66.84366097530865,50.66970024691359,66.17981061934154,92480.0,28385.0,92368.0
1770.0,502.0,9.259887005649718,1969.4084745762711,1878.8531073446327,2001.5406779661016,0.2757062146892655,0.6971751412429379,3974.6570621468927,0.4454802259887008,-3.9175245743643288,35.61581920903955,50.91494556689346,34.20631715249435,53.879639693046975,43.57174818485019,52.91773378992078,39.62511276613814,186348.0,50984.0,185894.0
1391.0,511.0,8.022286125089863,2003.6218547807327,2063.078360891445,2050.683680805176,0.3292595255212077,0.6779295470884256,4720.539180445722,0.7900071890726097,-2.178236991558648,36.24011502516176,49.47063159883297,29.61903779726817,52.32578232925954,45.411125017972665,51.02767002534395,40.40058090582313,72705.0,17740.0,72551.0
5279.0,918.0,7.79200606175412,2096.359348361432,2154.206478499716,2119.5552187914377,0.2960788028035613,0.8077287365031256,4674.266527751468,-2.554858874786891,-3.678656235482999,31.56279598408789,48.63405300873053,12.532446449308267,52.84374495792282,38.693131941076025,48.86826281578473,11.45462371474594,1058673.0,417209.0,1057142.0
2874.0,686.0,11.902226861517049,2739.934933890049,2812.649617258177,2794.204940848991,0.5306193458594294,0.5730688935281837,5274.565414057063,0.2921363952679186,-2.7478442180499,39.88169798190675,45.78929848596489,22.2182760647407,52.1854199696441,48.73142461016361,47.39876019705985,29.47021479568396,772128.0,181040.0,771857.0
5048.0,917.0,7.653526148969889,1672.6091521394612,1766.3003169572107,1758.6588748019017,0.5408082408874801,0.7353407290015848,4579.050316957211,1.2424326465927105,-2.904216134791348,43.40927099841522,49.56880222743556,35.15064377258317,52.545643391865234,39.04563308082406,50.48299331354265,37.220337060419936,2002893.0,305856.0,1983231.0
2003.0,624.0,10.4418372441338,2728.930604093859,2835.2166749875187,2798.8726909635548,0.5127309036445332,0.527209186220669,4870.476285571643,-0.5045931103344979,-2.1871806982827104,42.64603095356964,52.06232179399999,52.82419469430569,54.10198805947026,57.08681702047951,52.0675582633683,41.95046668381618,1275354.0,186879.0,1275224.0
1658.0,639.0,10.09589867310012,2562.7768395657417,2557.189384800965,2607.433655006032,0.3926417370325694,0.5669481302774427,5889.9041013269,0.4704463208685165,-2.7716878500600104,39.98793727382388,50.28999908948001,48.830475153196645,53.51892628442025,54.587510203256926,50.885684399395736,51.69956709831122,105221.0,21568.0,95143.0
2115.0,603.0,7.642553191489362,1955.731914893617,1995.2695035460997,1984.76170212766,0.4264775413711584,0.6562647754137115,4249.286524822695,0.8235933806146568,-3.1951397863111413,43.69739952718676,51.7545134430138,43.755073937559146,55.02791126330798,60.62825825035495,53.159684581627786,48.55419136092715,850615.0,124197.0,706225.0
3114.0,700.0,8.602761721258831,1938.2125883108545,1932.7533718689788,1973.305716120745,0.3795761078998073,0.7543352601156069,3631.446371226718,1.7505459216441843,-1.5362249857113313,30.69043031470777,45.79639091580653,20.99428939691717,50.41800745463323,40.66027473635195,45.51557778930414,28.521391317919097,347057.0,56886.0,346039.0
1710.0,585.0,6.632163742690058,1614.6491228070176,1671.7900584795325,1646.601754385965,0.3894736842105263,0.7532163742690059,3959.936842105263,-0.3651461988304095,-3.306742302365727,39.96491228070175,46.4734537517647,44.00047276873538,52.21641971009393,54.67169878337238,51.014040398942456,50.98863475000001,235305.0,36975.0,234561.0
1526.0,439.0,11.035386631716907,2711.6638269986893,2727.6769331585847,2744.819134993447,0.3584534731323722,0.5707732634338138,4819.872870249017,-0.6371559633027524,-4.132830052108902,34.456094364351245,42.037617418449166,1.5397246546526562,48.05911151453101,17.69756116710354,43.5668215003322,1.8228056041939311,158703.0,50197.0,158578.0
2848.0,634.0,12.619030898876405,3522.691011235955,3532.129564606741,3560.906952247191,0.2854634831460674,0.694873595505618,6319.088483146067,0.1216292134831449,-1.7424085706351735,33.883426966292134,52.3392273373241,45.85931130717797,55.91921472202685,67.7583513169187,53.71686001724756,54.42924796763979,858729.0,173653.0,857786.0
7074.0,1203.0,12.488125530110263,3041.261379700311,2986.331919705965,3085.4975968334747,0.1936669493921402,0.6235510319479786,5627.185043822448,1.5201865988125547,-2.2883258043911106,29.081142210913203,51.7195379564111,37.74656113449292,55.05672584711219,56.61806822794112,53.7189053280874,50.10905758512434,2083787.0,698262.0,2065649.0
2851.0,757.0,6.530690985619081,1532.4191511750264,1584.4510698000702,1567.8393546124166,0.5085934759733427,0.7944580848824974,4266.145212206244,2.609680813749561,-1.9641880086090264,45.46474921080323,47.42351029546257,20.410418287118265,52.85916773228068,48.50490763767101,50.01137846769661,33.28608891298245,864860.0,99204.0,863251.0
2395.0,683.0,8.918162839248435,2041.702713987474,2125.313987473904,2096.478079331941,0.2964509394572025,0.7098121085594989,5565.602505219206,1.7030897703549066,-3.253984924841208,31.68267223382046,49.45569588596491,34.94362415413534,53.5647022289056,53.59859474770258,51.4181649887218,41.091866890559736,292095.0,111377.0,291833.0
5893.0,980.0,11.78296283726455,3403.2323095197694,3430.079925335144,3428.2236551841165,0.2854233836755472,0.7554725946037671,7423.651620566774,0.4282708297980652,-2.3646981396397324,36.98116409299168,51.82244319084885,43.68759950739416,54.62288227664636,52.32507553971491,53.0837554269931,49.27931819615842,1631359.0,417706.0,1619821.0
2753.0,785.0,10.813294587722485,2522.9335270613874,2568.88085724664,2562.345078096622,0.2960406828913912,0.5884489647657102,5203.065383218307,0.8069015619324376,-1.8386431908214944,33.04395205230657,49.84608304760176,45.241824463857576,53.007458630948086,51.162976933527,51.33723745150746,52.79931534435156,385897.0,102561.0,385664.0
5040.0,870.0,11.252380952380951,2488.6974206349205,2715.357341269841,2715.602380952381,0.3422619047619047,0.5859126984126984,5255.839087301587,0.3911904761904771,-2.12957671533688,37.763888888888886,44.86083623421995,27.026497967850744,48.76334899603175,43.0767686470238,46.64511468710319,36.38095031547618,979400.0,216234.0,978181.0
3559.0,828.0,11.234616465299242,2891.7482438887328,2967.98370328744,2941.568699072773,0.2688957572351784,0.5594268052823826,5418.652992413599,1.1474009553245283,-3.548547466814362,32.02023040179826,46.51579545053403,16.7051187906127,52.851558671725705,45.01182729342325,49.84927202726252,35.528657649803215,359942.0,89302.0,359478.0
6887.0,1107.0,10.536518077537387,2268.05677363148,2245.3002758820967,2279.5521997967185,0.255263540002904,0.6188471032379846,4154.857267315231,1.3005517641934092,-2.323667360115631,31.315521997967185,46.12396755231045,10.268889424339198,49.23615644655847,27.82679327185598,45.98206242834311,10.857103771275057,1419582.0,423599.0,1384770.0
1384.0,602.0,7.746387283236994,1908.958092485549,1981.7760115606936,1950.4609826589597,0.4588150289017341,0.6654624277456648,4235.427023121388,0.7048410404624278,-2.171507362302296,35.83092485549133,48.06679686024619,39.34021401084599,53.44338743953656,62.61985286478668,51.97551864927534,46.8025534164859,74899.0,18585.0,74310.0
3733.0,675.0,7.58692740423252,1733.955263862845,1778.6916688990088,1765.1034020894722,0.2933297615858559,0.8414144120010715,4864.170640235735,1.2092686847039915,-2.6152531392156497,36.22823466380927,49.016069586105175,32.815361719957046,47.91884093485258,44.2372819796246,46.64149682171585,35.76274526166214,1146223.0,237904.0,1144766.0
1789.0,620.0,10.008384572386808,2315.7741755170487,2403.562884292901,2389.987702627166,0.320290665176076,0.684181106763555,4736.510340972611,0.7301844605925099,-3.4319270775485,33.44885410844047,47.8499700346756,36.54026809502518,51.559989350671145,42.43091243767468,49.59901365715883,36.13780428842932,96435.0,36125.0,96006.0
2375.0,730.0,7.897263157894737,1952.1621052631576,1988.384,1816.1755789473684,0.3157894736842105,0.6774736842105263,4450.68,1.1383157894736842,-2.3043468627790493,35.57052631578947,50.289457780118,45.62101157245153,52.44473298525701,46.52897961583821,51.36234983277175,44.57932698989045,166396.0,51196.0,165807.0
1888.0,613.0,9.986228813559322,2184.9126059322034,2209.916313559322,2228.99470338983,0.4168432203389831,0.5270127118644068,4674.470868644068,1.0015360169491525,-4.379723408041891,33.485169491525426,50.79074770661384,35.90070533545983,53.00733359110388,42.67798858421609,51.96432965803959,39.75641765528281,155927.0,51799.0,155840.0
3278.0,872.0,8.462172056131788,2010.462172056132,1812.919463087248,2028.0616229408176,0.3300793166564978,0.6967663209273948,4901.070164734594,0.2478035387431367,-2.929146523383259,32.76693105552166,40.88027572906408,31.125420568029288,47.844478500764765,43.32910028523486,43.44954471507524,38.548022586333104,341249.0,115018.0,340798.0
1833.0,492.0,8.869067103109657,1832.205128205128,1861.0932896890345,1864.960720130933,0.5777414075286416,0.5417348608837971,3827.428805237316,0.0685761047463174,-3.0350724462201644,41.30932896890344,49.68384938520548,15.3839473663204,52.56921207326415,47.13834054565336,50.358600089168505,23.164808677419355,340563.0,83172.0,340492.0
1298.0,401.0,7.3559322033898304,2055.6371340523883,2099.2565485362097,2070.4345146379046,0.2781201848998459,0.7688751926040062,4789.315100154083,0.303543913713405,-3.041224753814197,27.442218798151,43.55395220341741,4.419494030115832,47.317228480590046,14.440190253281871,45.23888485825545,12.83094478764478,65342.0,47554.0,65242.0
1315.0,478.0,9.457794676806085,2085.565019011407,2169.145247148289,2127.6646387832698,0.3977186311787072,0.5072243346007604,4375.757414448669,0.4100380228136886,-1.8425125957097368,37.66539923954373,48.6273387404288,45.67118743859653,54.1300675584416,57.50480081388248,50.06229004660047,49.2440689748284,79905.0,14238.0,79711.0
3294.0,576.0,22.50394656952034,6000.326958105647,6004.766241651488,6008.284153005465,0.1730418943533697,0.742562234365513,9329.688221007891,-0.4024590163934433,-2.642848523220048,35.29447480267152,53.31500740115568,58.58119389790339,55.88406389270517,71.98971437211418,54.167615615454814,65.87519541871771,1411932.0,203628.0,1410595.0
3445.0,664.0,9.524818577648766,2563.7503628447025,2585.9523947750363,2579.056023222061,0.4911465892597968,0.6377358490566037,5272.036865021771,-0.3423222060957918,-3.4910560672529014,39.76197387518143,48.920485078483246,32.63315126572601,52.8553527029791,47.356513582943606,51.11483778235471,47.7892129430322,582595.0,105695.0,559238.0
1852.0,502.0,9.233261339092872,2108.089632829374,2185.9497840172785,2159.9200863930887,0.4055075593952484,0.4935205183585313,4070.1355291576674,0.1301835853131736,-3.492806468322946,39.89740820734341,48.27409958871409,47.28816378876287,53.97543309425785,58.02698977147489,49.481825203141966,48.61658059805515,268743.0,50840.0,267975.0
1446.0,415.0,9.233056708160442,2091.7939142461964,2172.750345781466,2158.0684647302905,0.4266943291839557,0.5428769017980636,4265.023513139696,1.8361687413554624,-2.0576798383482098,41.39004149377593,51.70583655331009,51.73299330843705,54.16438913314845,49.51490003941912,53.51265991237835,49.38780884508991,352982.0,103715.0,352954.0
1437.0,536.0,8.012526096033403,1836.7299930410577,1886.9415448851776,1862.712595685456,0.4961725817675713,0.640222686151705,3820.7404314544183,1.0705636743215037,-2.8425178718823525,42.58176757132916,47.78664035918937,28.12163519624219,51.8221035990237,55.4956613736952,49.02552384577808,34.78298643284622,88970.0,19677.0,88906.0
2822.0,751.0,10.569454287739193,2540.6509567682497,2515.140326009922,2549.294117647059,0.4723600283486889,0.6374911410347271,3819.099220411056,1.870092133238836,-2.270475452073106,34.17434443656981,52.011705793128165,54.41686425239616,51.91983185856788,50.802342906993225,52.01539409839575,57.73201511111108,842244.0,211092.0,840286.0
3863.638654569234,1051.4031548182095,6.384931759567347,1442.5512949027504,1738.5978400111123,675.3164766055055,0.5301221141870592,0.849004148967497,5555.904782572871,2.6371927255910323,-0.4510952384350213,23.762016559585422,55.62221065675659,76.35117927296176,64.8803142368441,71.8863831322082,62.89725521408747,62.52381361208387,636398.1824003846,156636.24301456433,35958.23683253495
1981.2151785893398,684.3308385434682,8.634584398442382,2446.451485173138,2808.5413722593175,1872.3316859223205,0.3508445129227008,0.6811464139561269,6973.60145082441,-0.11017077643587447,-2.693509315640972,15.854039000088893,53.10016004102471,30.889118926473525,63.191363575981875,46.25872603097813,60.28891509339301,33.4344765016528,279422.9545928399,136398.63675824518,-260954.69013439148
2605.1570907543855,757.5268063720623,8.43258768790993,2156.4793095536934,2518.5324928799428,1516.6228903346992,0.4449549173645227,0.5512597582964238,6546.98994054223,1.9669683601677834,-3.3706716500545535,16.04910452099273,51.919675274831725,48.614883378266086,63.693917465256995,78.34681435988651,60.61955418781872,43.52940369674988,321133.4069619894,143466.17072578275,-223355.08583471715
2882.023034793652,795.7635059840145,7.715609927605679,2182.0385643988498,2625.3605826858,1648.843675850082,0.3840334689936946,0.6453063092805897,7135.117245899353,1.855505844251143,-3.3916135631008806,16.334860928241564,51.35913583796591,33.180278355800084,63.91407633814533,54.92144552025985,59.84231551148014,36.998277308336164,351467.09124928364,140276.50706759474,-196359.05352865142
4388.226759064687,906.103696292791,6.049683435730942,1585.331399387629,1842.1746021788765,821.0114484352426,0.4142156284659969,0.8085008545040437,6258.24581999341,2.2910630395936176,-2.1790884159752495,14.798377012190517,27.91006866821244,86.16404040386392,65.4160528772659,81.48996212611127,45.76886798045426,69.09356938488439,945329.148404946,342586.6674890881,330101.13613675203
2577.3380246068996,687.6082699387782,7.680749395582612,2115.4267161474804,2444.3304165582595,1450.7397949402193,0.48287389463678054,0.5825339315029799,7088.123827113846,2.6909395963706335,-2.877700044124227,17.999788698324657,54.97871360380196,36.04156297652957,66.28859584474904,53.205235097417614,63.496556062843105,41.09126901804444,390750.3252037313,148869.20488585977,-161304.1187089575
2870.100577873301,858.0347024949083,8.71765779651999,2114.5110811235936,2454.078353008229,1455.6407187400441,0.44240280097231727,0.7704742247998828,7296.0342690339885,1.8577523845459143,-2.496773514883361,14.772014570919197,52.9607057458667,39.712561377182055,65.2904507126962,45.180914974387534,59.85111316223152,26.278729287254077,357596.6687129484,149483.97772198633,-190788.48094932147
3274.1393957296473,1158.4659137316758,5.586852638159629,1273.8185652566735,1539.9007078940595,488.15143439405745,0.4618302962708045,0.8357181530870282,4892.436075452405,1.9504826107268243,-1.1960165170669916,18.148721999889684,49.864022319780936,54.08892193371646,59.722182565007955,60.0978526538621,51.79032567481752,31.720180839359074,333310.08359367365,130935.34921147276,-213625.95053971806
3070.132910648082,817.6130486194158,8.393032073048811,2259.886999147185,2595.1018776530946,1640.384690286406,0.4759784147307648,0.61167400918179,6911.627389575357,1.53747388759611,-2.5031850197536363,18.76019545484226,55.77732511423397,47.63780534792818,65.81829683075443,61.439121953453345,64.38450512391542,44.71505184594627,500513.2265559556,159397.54275171467,-98643.98024550884
2676.6918322764927,669.0361586986871,7.983234527790647,2180.541527485911,2529.2879616300434,1576.1691933780735,0.4808484602536525,0.6123379636851553,7262.4897551421145,-0.5161756308303934,-2.8488070904300136,19.704528907956846,56.27714323443391,51.91302138427677,66.22055637748598,68.1180439902056,62.08193107682332,45.94813963682646,603755.1058350244,170805.20347965564,29920.515520256595
2648.872766129007,703.9954269153293,8.998753685069564,2523.7433800115127,2860.269351869798,1947.3996627775791,0.36518808638218225,0.4904568834226061,8994.59043421629,1.4782918890102705,-2.01336932069578,17.22807176585305,53.08301958366838,51.383525863700235,65.8120992793428,66.8033302787078,63.50459930541712,52.613051578001254,417904.0129811491,149891.6295413474,-137410.28263701923
3078.08121526165,814.3356172241056,10.068883618717704,2883.647266927083,3326.8467725975397,2386.7176968975023,0.35218801801125627,0.508788228501877,9789.387416750202,2.3230172430315568,-2.5793182025689885,17.127312477561215,56.993931325968845,46.84946825390835,66.19151928101378,62.377747214889666,65.41538306977347,47.651287510484195,503091.0005896924,176571.64087823933,-60382.38628406834
1581.1505130397777,497.51724901078717,11.471736801115476,3200.813656584327,3798.535373788709,2931.4880783360572,0.39311140998809646,0.4846313553095607,9552.647348695838,2.704533235328591,-1.7174106258967252,16.85290521011361,54.08399060572577,45.50960231394473,67.21785759271621,67.26784696664625,65.64945834208109,53.498167011492015,273450.47864468984,131007.84156734066,-266440.7533951981
2512.426870262765,660.2963416445266,9.843878873417577,3009.265016344893,3474.1901872967364,2526.220200582797,0.34619738373304226,0.5911013745170334,9268.39567276658,0.7742020220227748,-4.067093563183524,14.973068800780197,57.504111484572604,50.384086255236866,67.48100238404538,62.194640693639606,65.77460993712717,46.75453219745502,366382.5709681073,155138.38147968322,-182812.91401368164
3263.5416562448904,794.6710288522445,8.758808540428642,2444.1830341549758,2798.873855872441,1868.4898759897433,0.28142256559798484,0.6651917172198666,7291.0402946271615,1.353080893429191,-3.6473831161177266,14.558201474936464,59.1623497299191,54.88350133508542,68.32069243237126,63.0763796825032,65.69916005333747,43.32143143480012,405419.67921491526,161426.387256849,-148748.61620556685
2334.914733893092,659.2038645127566,8.189883787030803,2273.615766004906,2632.4594751515788,1652.679387395794,0.5727662822152948,0.8062863742886779,6884.320880956547,1.267153092413603,-3.098383012811231,21.108152168948006,56.71612666025707,47.750431092918724,65.68411346658664,50.13721383941791,63.366361735696366,38.91947065381744,342419.3531349336,134675.76648242344,-204508.3340634781
1994.4623529452856,586.0078966841623,7.542826852449561,1736.3883649359695,2000.4357435655202,999.8682215009018,0.5740830407559727,0.817596817136995,5071.895819385431,-1.4629876422738952,-3.6117529509107005,21.37142520641496,57.595376029281425,52.47810486995652,68.26802207526126,63.53513611585803,66.86613443065212,49.936063219743055,536719.8891649073,165288.25276035763,-32347.59360448661
1771.9098237653966,502.97963466963745,8.795451058052034,2314.200172417071,2669.96400561868,1688.4297329386523,0.4220696407665934,0.5993469003729602,6475.461352174912,1.6755925582162716,-2.763459926556562,16.636807620784964,53.32127679152291,18.23676135131399,64.47921970917685,32.98346954019641,60.7524905796875,17.244717932282327,306456.1978750297,135885.5415121671,-236727.51175050007
1656.6594068686686,457.0955951352948,10.43119019645791,2493.913498302625,2741.9992466374906,1934.6997698282794,0.27376383461541975,0.47925421060559725,6585.097814104993,0.6823140778618338,-3.1124908208183304,13.403383878742996,47.53385063912711,56.342491444490335,62.96999061214472,68.80182027863448,54.7896251880872,50.33906849983852,288894.8667990796,138789.94304271907,-252297.1799478897
2920.439840425895,770.6365319533031,8.100896397752955,2089.461312327604,2415.337230059469,1433.3967113802114,0.31367108686528455,0.7640984788062317,7354.913404800883,2.715352368199843,-2.78984633271666,17.89805423156602,55.648299102231036,49.308655668478345,65.8922516712652,55.29072677659068,62.592236827011256,42.50072944428482,472296.48519022175,169162.35723303875,-88883.1539560635
2215.69016468958,598.025145133633,13.6543258733204,4134.05338742158,4698.146107552257,3896.3452807678314,0.2681561948492256,0.31719968404455184,11779.456720074131,3.055870314583759,-4.460687165565184,15.82065951385944,56.49832286177305,33.47672801869871,67.7872877812753,63.52298997185999,67.75302871077123,53.29590777778057,399663.2178505979,155684.42779661034,-153445.9258268223
1885.8355232265303,637.3543218773553,7.261766245489844,1980.4093070144786,2316.008361382096,1332.4588645210583,0.39754108646704167,0.7445545671940077,7585.0236279587225,0.8655617567139479,-3.4328040241666673,17.76173739312711,53.490799219444334,36.98505923524947,64.59912302050945,39.30237348468696,62.320835136491176,31.955833978675,294504.7000822499,133575.20071606518,-247467.23764617404
1879.2119360485576,657.0189102492166,6.5314608028598515,1872.1920127524666,2178.89070680406,1183.0467837804422,0.5103561376743883,0.7162742712378478,7206.6468461168215,1.5710339935025712,-3.4350712294202457,19.686303640545,53.38510914945115,18.73905842667531,62.21089980851807,31.057823047799747,60.463279421272986,24.852184722102624,317009.49217972887,132515.1176938929,-227028.8937094122
3030.391387580245,670.1286358304571,12.871594382328336,3102.768105949427,3577.4012689379297,2649.242271862556,0.25142733337418266,0.6907622127893593,7896.8442709923775,-0.6160075974182451,-4.771470874832433,14.867932104574564,50.17352187258887,38.5477472611074,60.86880649989245,51.04027712768435,58.012535339734356,39.61969310479843,525904.759001017,228906.4145190341,-40304.38069156575
3996.110398128692,850.3873625725178,6.527380539225697,1616.8156105648563,1896.6021369238897,883.2839152295363,0.29824319594834287,0.8504704014447381,6380.035259394857,0.6468709462557242,-4.407428726440759,15.064193587238435,56.729110008674596,26.408476732601766,68.3251287958218,59.73728903294161,67.16543651765018,44.37532431333432,592596.9706955937,211512.9564065715,19660.849503416568
2385.253996445686,675.5910214893076,8.824806124304963,2283.968629450048,2634.1380648545573,1669.144474198407,0.46011370840254445,0.4959276406932975,6838.471070575518,0.8413005048155549,-3.9090593618506473,15.61410553053495,52.56749829585161,44.94146904429301,66.32768082831625,63.70569654689471,62.93345280701843,51.381300937031085,339295.65133478324,144250.40621199014,-207319.4426449141
1608.9695791872637,578.3605567617719,8.053540769927817,1928.2432541410917,2261.8519895499576,1251.810759620289,0.43875964121841216,0.5850017597438486,6670.523697662386,0.45926549497203456,-4.387476864691523,18.255141012220736,51.613059933509014,46.287507205731885,62.38248268901054,54.28059805565994,59.3968412435801,41.94972154394478,260020.91742677594,124339.48628666013,-278256.7993615095
2292.5237759540655,564.1583540487611,7.96304935505302,1765.6270432630474,2209.3288047252627,1240.4314554280604,0.3901092875729421,0.6310468249664517,5373.998003412959,0.43837014602090607,-3.178318384770085,18.63525011688641,56.209180865262574,39.00543925681497,65.41740498259581,51.14406819703325,64.24516822494753,38.57795122108864,634265.5293272727,183174.09401722174,56975.23485307465
1911.0051545028273,442.89339242228397,7.3843332892834415,2197.4406902740984,2528.151891922951,1583.907449653118,0.47690361359936223,0.7454578225681221,8518.15528743807,2.419031668086796,-4.197745151858525,19.60682662921581,58.239487810825295,66.093619899248,63.09063120607563,38.0350820228619,66.05145911697453,60.41177065475289,476815.772119861,134030.86695294917,-83917.05775228245
1505.6416192108868,331.4607249817374,19.77452045254747,6593.439807417488,7456.638120036901,6830.240668615491,0.6253254616571104,0.7024700109834686,18004.055799856196,0.25493430842263715,-4.496997345644914,28.74999995361245,61.12513724183924,53.486138966107454,68.61718070521047,56.42631947743013,68.15722302277615,45.776610872578914,880018.1208676025,159196.0704899519,277735.87590619473
2148.129575474257,567.4357854440713,8.042358734363386,2076.4546159334122,2349.062092286794,1430.7863348663486,0.47172745176669434,0.6616485664458348,6509.872553881405,1.1863540227656066,-3.9861325483397465,20.67050537987371,50.9692597512083,24.725143728448,64.49716034114954,48.39211233427818,58.188235424240716,29.104704165839966,364700.27557280415,141894.87537586666,-184305.91197426058
2352.1360605558216,528.1066087003489,6.857799886089951,1623.3611180992632,1906.2578794074468,829.5838803951475,0.4910804623523294,0.7347619526240335,5847.6684141897495,1.5759530402721198,-3.4450325422789096,19.68457743127744,52.54121482322946,46.99215439183146,61.91176788958827,55.20651037119214,59.7137523649113,46.96550255366711,453220.4336688508,139380.2379405006,-105249.7919767496
1602.345992009291,469.11284358476547,9.811351323121725,2741.8231697101287,3173.034032139645,2245.712367992615,0.5050319347474277,0.5296335663614583,7621.998034577176,2.0386812207849028,-3.7172409527190187,24.469223818363428,50.95970496374634,66.49534287335462,64.46176929903417,49.95597710363205,61.8972275982404,38.68913374996257,488900.8062008283,141707.52500161063,-72959.01611708986
1096.3039316121624,380.62219591139035,6.922197211769554,1919.1784072009327,2186.9182647989896,1242.925683793882,0.5028417036208265,0.4640594106488936,5461.03604337862,0.7686404713591702,-4.760124392264484,21.666639475193385,56.32592501983022,75.73998738183315,64.24216776440022,72.33029538692763,64.92756335760065,67.26295670110977,252211.66292640002,124275.46706329627,-285120.83401046053
2103.089182664041,449.44825521290437,7.860713988415934,2472.775440409956,2871.695720453875,1894.148048050169,0.4666203062722353,0.7515957533601467,8311.606684962317,0.04306797463365475,-2.317156692740402,16.43598892873894,55.39581211225881,42.61267078872507,63.277951088180245,54.582914044851734,62.03669880043422,38.685018674031284,460286.0743291239,178377.35956076725,-98566.51337019578
1912.329871938422,512.8119288555681,6.788284654273498,2013.5062498632192,2278.5203571438115,1340.7724225614456,0.38074783358427966,0.7205870064147138,7126.524368473775,2.015222695377254,-3.6700703204707343,21.883847884206865,61.51668980635724,68.45340141142658,70.11874854634874,80.1860032025472,69.56679043908736,61.4969681223258,364594.2320498318,137824.94739642547,-184506.6216057535
2697.887311246006,595.8401908700929,10.25664501585228,3135.2999142705703,3640.8880926533484,2737.1888360662924,0.2173346748234337,0.6142004333498032,8259.185237594891,2.5944150426440737,-4.249652275347932,15.486738558726248,57.89475016405876,30.246879343486107,70.36731278697442,71.16310632069262,66.25644449939237,38.959752990915405,473970.9255097491,192460.64724165102,-89968.86395098135
4022.604746840583,906.103696292791,6.9300708838385665,1839.570880921168,2164.7608005606435,1154.8812657141561,0.40482301112502184,0.6943054931845866,6482.827730178631,2.1724557196834473,-2.176451559538594,16.194566811701723,48.53855968246278,32.03069811916593,67.54484305647448,46.376925864620304,63.37565546415289,26.50323370633457,621233.9586153293,226447.3231745279,45300.03775096877
1644.7369499483175,441.8009152905139,8.457327309608758,2716.2522010144303,3134.6321676936623,2172.779941589091,0.5309492841517803,0.6043369231478197,6703.677305374802,0.41827596057776484,-2.6579717586139076,16.05733630969452,57.54512552931262,30.810455042090414,65.98427356941367,41.748801213954415,65.86953938602842,32.376088385025255,404085.6255123364,163266.93992856023,-149844.88986530012
1550.6820120211023,527.0141315685789,6.422729613322075,1650.8867340930462,1934.8519142581956,908.1905643932881,0.523468039353362,0.6192842165560438,6295.4700534328595,2.300154733988764,-3.01563514041548,20.783784180044794,52.15504663316359,42.498244180696034,64.02499352955078,47.61510683189232,60.47268765590907,39.22509597652193,286077.5129541828,125272.4723212718,-255216.27265854995
2264.7047098065796,506.25706606494765,8.05012491195081,2149.1903159167014,2450.484353378126,1510.0017375967377,0.414273328475511,0.6155859929533204,6718.231105447156,0.7915071172126421,-1.2740375629572518,16.602397392377313,54.1294167662341,37.866774212174896,65.96596923609091,55.8597014376847,64.24573937716673,41.16621285797529,421127.2124077921,144175.08947862088,-133721.2161353686
2529.6481969254946,636.2618447455852,7.534385569407575,1801.2727384528646,2047.5686185154993,1055.174527486815,0.36113090501272077,0.6567471408267996,5453.473049349392,0.7051632689924987,-5.9702950361687215,17.029879591647113,58.811042485588366,44.187750674841304,67.80572403193769,53.49404198452668,66.1166434097926,39.708070119477114,753931.0628741062,219416.50611450785,150670.24680368352
3671.5546264080203,598.025145133633,10.80357758592223,3071.7274525226694,3536.539562981762,2602.5596693139023,0.4110683596808819,0.587756578523369,9582.672743670908,2.0474069824123013,-4.5406609594448755,14.605585819721771,54.48513349320117,40.42269768988405,64.96878260917616,51.0513807814737,58.734074645906425,30.501475007925055,1106692.0425279695,311855.5573560973,480647.4446428653
2703.1861809883844,652.6490017221363,8.589323832206222,2273.0050255536003,2635.9510154051477,1662.650400455318,0.45567675264602053,0.5001759703024488,8091.813297390639,0.4581701448407889,-1.8294435596574412,20.577949388801162,58.63625580483877,41.16331881684893,68.78730240477333,64.54113805473246,65.39107921448783,36.85400036802943,602375.2308570871,163409.10026279467,28256.151441560884
2503.1538482136034,572.8981711029215,7.502378574095546,2018.1146028216497,2367.090975390568,1365.3859069302634,0.45972221440357863,0.6353539716271219,6943.00826977638,1.7862486760769771,-3.908768397019189,18.748504775579743,59.61978882248496,54.3660187852597,65.46158270089072,46.44632484874661,69.13767857032758,59.795361698607316,518862.6835680711,172410.3913595879,-46207.12184231373
2138.8565534250947,514.9968831191081,7.273157761570839,2073.4972531598096,2404.415283195922,1396.0318716660936,0.4293974472069521,0.5879282258701879,6653.58651482027,0.6857243285161773,-4.606495378995629,15.576718342292018,59.457783110274484,36.661266122657935,66.404296518778,49.19374844252436,66.69823664606722,38.862241579306755,373113.06172861566,150951.71256351972,-176884.3505711626
3429.131335694213,611.1348707148738,7.525709070248888,2122.658865752849,2479.5517829995415,1485.8602833051045,0.27036418022752007,0.7607402652970887,6289.239139510933,-1.8584013748625816,-4.93555530049459,14.7654903601827,59.06653685456973,27.163293636649808,67.6957063330387,33.8062859334106,66.71497831098772,24.776577458797803,708175.2464804534,211286.06474729662,123468.80990398466
1855.367022207855,539.0313800180495,7.878415826798305,2098.1228022697287,2351.4628597548153,1427.5207094934121,0.4715636192840387,0.7222262655207571,6733.501310115227,-0.1093914492115563,-3.8836989495936876,20.45493155416542,59.86495277549785,50.7816893291668,68.71622240810403,64.89118380724346,67.99785722736836,46.73594821248072,315951.67530859663,132009.55412115177,-228126.3411096805
3242.346177275377,567.4357854440713,8.989203413664782,2476.3525996706744,2659.462895803181,1883.6311167441777,0.5022968896475133,0.6748294984484771,6982.3658922696295,1.203788412941848,-4.291590947073846,22.853887646557393,57.980557497039676,61.586231478339435,66.9268732780384,66.81277730184875,65.35341873333637,53.466981070439786,883456.0256987823,199965.9597218974,280246.50691065885
2026.2555713995557,594.7477137383228,6.643471992379066,1716.1014093275357,1992.4963993041006,971.5424986087552,0.3510370844584183,0.7257524187363749,7278.947165558322,1.9481414740775256,-2.2248054096398255,15.16788544439843,54.10265343687385,39.78868902910008,63.95027182979748,43.24295496442177,63.428277626899806,34.45868658797226,280101.10946814495,134495.00632233723,-260270.39940245947
2187.871098542094,629.7069819549649,6.613889358772954,1735.6510408991155,2087.29780959641,1074.2074468587753,0.32641665347909965,0.7814753633341114,6708.1370047980445,0.8386371402470505,-4.073334383883634,16.78358685662842,59.21613214435279,50.29007354221703,66.98427930683208,58.42370678526312,63.13351253328434,38.62674798400577,352520.98058252805,142662.16459706594,-195186.4867341401
1344.0260920683481,465.8354121894553,8.307387112571913,2521.1728498624357,2886.0435957427235,1949.2277442274003,0.4214328893914839,0.6386143086779995,7172.3406154048025,0.20396997023826624,-3.7620423201164788,18.017877005235533,56.52482493739911,30.453538455806267,68.22735408745605,67.53063055991946,65.0204648987424,43.332511620095055,257511.22071642883,125802.51383235794,-280378.92224887334
2848.905098903788,662.4812959080668,8.761934483511004,2171.2008932433628,2444.726631354756,1510.7601697564305,0.5342686781661878,0.6559582906938642,7085.341366192897,0.06104306249701963,-5.207408076407333,18.499691497340855,53.249490990052,50.61164565304132,63.71868269888409,50.58628443296326,65.51940987389501,42.902293749550175,909406.5777032167,259689.30490621625,304052.31244246865
3692.7501053775336,961.8200300130643,6.826812202999834,1626.856589055968,1854.2669636748144,832.0503718913441,0.49622921792145314,0.7581701615647539,6179.351324941859,1.764157148281926,-2.7758246555581945,21.65576273201803,52.351942609623634,58.29545594572211,64.10826451190192,44.32256662106888,62.64482085650078,39.002056324118165,491811.11177573784,152138.8925732526,-74792.39883283223
2293.8484933896602,694.1631327293987,7.865294290775206,1974.391979757419,2190.9313573744603,1296.6541301820703,0.39864561419758376,0.5851179007317141,6100.83221183969,2.0796786349566814,-3.8682278712324143,18.483642363818028,52.797287052187215,50.12574020998854,64.11406341259797,56.31072946449703,60.576180432143154,46.17470084966621,322707.0404757282,136930.56118766553,-223686.0806656002
1366.5462884734561,531.3840400956592,7.714635755789651,2341.728124747586,2703.6813165216927,1756.973934315804,0.39449106424974406,0.6752176791964661,9515.384910503408,1.798486952042905,-2.811284451601813,17.01352571429757,53.03631136822613,56.56712277893684,63.779470692238355,59.67087820819572,61.22366999973133,50.536623159987336,231569.83296706603,120697.9222282566,-303723.4477504099
1121.4735628884594,451.63320947644445,10.301755776765463,3284.9959105983003,3773.4524167197515,2877.0784664732446,0.2521177645952709,0.606035479216936,10498.664309766102,2.0474236079931254,-3.1770967658428617,15.517779977513658,53.1248592568947,14.090515864413467,67.03141549403972,62.80555425085558,65.086698325378,46.80787602693993,232940.54368993168,121730.70293458253,-302388.90476206224
2062.022942160609,456.0031180035247,8.1392943817992,2363.5193949789655,2755.21843861419,1809.5212561758908,0.3681370323987998,0.5453029938910683,7496.6976427786785,0.29922441959490653,-4.671701935691884,15.599607208017833,57.4357742686381,46.87427954889026,67.95145013232036,64.04044613020854,67.82913398677006,51.36726833505581,405544.051248031,156903.61741802518,-147795.53889110923
1373.169875651429,477.852660638926,6.874373798046019,1878.979176402237,2191.4868615254145,1198.9098147375457,0.4178678725246552,0.7341966021608679,5380.67615197602,1.36082612926635,-3.835096634562002,17.1171162921063,57.733334425629984,47.34395259829159,66.75082028834838,53.83864148065384,63.66880053465372,42.407666744352895,247547.05709490975,122393.49018823198,-289512.9710926039
1329.454200276808,409.026601337412,7.55519439579659,2117.1419784531727,2314.3710629491825,1484.5336710186348,0.4308616963504571,0.6743836266366936,6704.2008643112695,-0.3569174309500224,-4.167456125217545,19.982076228469584,57.0709688557557,33.260378939143,65.75333012359263,51.24125482179063,64.41657644077178,30.901104565815977,267557.8626335931,125306.36485128796,-271383.3747882782
1143.993759293567,317.2585222687266,8.475094610850128,2708.259988271825,3140.7784220422645,2204.7901103294216,0.569945787428087,0.48106830494063463,7824.4747674260525,0.8520674601518017,-2.7320079641947475,20.523811341794698,57.85444472321989,34.850634022584,66.2633660218181,39.012127018729856,66.36134992702964,37.26776207940821,272604.7488195024,127308.84849974306,-266837.47769604373
708.1617229829512,247.33998583544252,6.417116065104384,1974.1571223371848,2291.462404374991,1290.2916961129035,0.31031490630508923,0.7820654864359567,5490.986813342718,1.9062638061598303,-3.4390348615180413,15.608343806319429,59.42041731701887,33.0836986164763,67.95578613421,46.06726306092572,65.39178904536871,22.503344633330943,221582.10411821978,118672.84355979072,-312581.6675684046
859.179510640733,303.0563195557158,7.126713823213235,1857.0358221372855,2176.314696300513,1171.7546965961942,0.3176385915539652,0.6951506703715653,5427.388450605196,1.3547793741336798,-3.4234044073827667,15.463441680230193,55.68529643630031,33.16284918897734,66.12397395638207,44.31357205057498,64.54530366433842,33.13616937666134,234578.3269891723,123079.81392105932,-300932.2927580697
1312.2328736140785,371.8823788572298,5.682128269613088,1575.161656370471,1838.1139674283575,814.0655394008555,0.48499974578720834,0.7685587196990064,7195.320695258424,0.09068510981757832,-3.8304782098874126,21.613511158738827,53.20084195942746,16.46816612252929,62.712037152284935,26.936648395044877,60.73078235827541,16.75504966851826,295555.9710569023,127175.16129801264,-246262.97985721647
2573.363872300116,563.065876916991,6.250111021829722,1383.1814344063641,1615.5004585812296,552.1149215866484,0.3453227402621548,0.8626217062574383,5846.3579149760435,3.7802893056944997,-3.076071863580344,17.561488843322707,61.616535530074394,63.41100331390268,69.66475716129065,69.68837878802113,69.86429125441394,58.72089198067448,703398.0512295109,212203.0459760673,110474.32844048669
1803.7030422196667,492.05486335193683,9.263398798528137,2591.6188844760436,2875.51387832447,2045.3837965119692,0.24902004435021055,0.5050407941666896,7510.914389585662,-0.7267601957522813,-2.2975854850977817,15.06419176659178,57.066474341338385,24.504843324319797,67.51218134028848,55.34321602451534,64.25356564233499,27.07128007820549,288682.7797531347,139862.26503406384,-252481.45721189198
1399.6642243633205,402.4717385467916,11.797913358337539,3586.3473875494005,4117.141635296333,3225.8442286058216,0.345402248525314,0.7363137848645498,11612.09522113274,2.5747365841544365,-3.3201723735459887,16.608017010698113,50.466204321335276,64.05535023244357,63.071184461973246,82.91310555379778,57.662435121577154,60.18837461907042,350089.83462993824,136778.0448025928,-197492.88688550616
3547.03118746213,649.371570326826,6.043174377611541,1623.5829628160636,1888.2928133253624,893.7523248160529,0.5569531904040534,0.9345596884559846,7320.486047257993,-0.131871858613141,-4.282636471177035,24.60354276670291,59.85877495400304,39.02270681698595,68.1220871598336,50.65833552304879,68.50196397507086,43.00730431014122,2027128.8750597883,269819.40554438124,1079199.9517113497
3463.573989019672,687.6082699387782,6.612719944399672,1627.2216600065042,1852.6251888445286,896.5270804872779,0.4443986783609482,0.778639379751462,5177.550969003855,0.5108416841248897,-4.127086318893949,18.66711571168149,58.092294406139544,68.65852113874895,68.09578820069193,73.1656118736005,64.44939677354046,58.04280203936078,676565.1123796024,172156.19738446668,82532.2612631736
1084.381474691811,391.54696722909097,7.534725287545398,2279.6945671457556,2639.115722085261,1711.2462281403054,0.4514109338284348,0.6837967349059385,7193.325326627486,0.04983005775545851,-3.3084525001064913,20.79201036412449,53.954303538182316,55.872157351573286,64.35646249410568,64.61863950185761,61.54406266938559,52.64163742635373,236172.90737164638,120398.5382131138,-299583.6648833015
1252.6205890123224,395.91687575617124,9.018041465907785,2584.9102510249068,3007.8178642706816,2071.9908939788425,0.6156520093503335,0.7476122448914445,7109.6960955305585,1.009560836035615,-3.3549661109524886,22.632828452637717,57.2994564425835,36.97982658291748,67.42170611206599,52.43124734339227,65.46972995237812,38.886462330234195,303515.7811763132,127772.046409964,-239188.84565249222
1463.2506612718603,421.0438497868827,7.0352640466211716,2089.513739854343,2408.9223600404484,1432.132474266603,0.48645872109675814,0.7631271435791395,7848.308025728594,1.0471552397389476,-3.5945637146773532,22.174369536224418,56.881169718996375,32.709553962408336,67.15772106882338,42.65655986322188,66.64313507258072,39.469717472944666,337043.8629457394,132470.86911303847,-209088.26963122893
4445.189608795254,647.186616063286,9.792895786743607,2457.246604587668,2804.589525827354,1885.5982903239073,0.21836319417358055,0.6241249968545757,6760.211788004558,0.04039812067357068,-5.2767935482068475,13.899631543780743,57.84964272381885,25.41356088095405,66.94907180184174,50.20706711553286,67.87216390433801,38.49057208759635,1293271.039070396,338633.48044636927,539869.6970791633
2764.1231830257348,678.8684528846177,7.848708465987922,1852.1485314978931,2106.5011006881723,1141.9764856802585,0.44850981711391397,0.7408582357358594,6026.804804189401,0.5654563212277244,-4.837689390620173,20.265443812238427,57.637824646194794,29.65406331908461,68.02636383947923,49.93999761382029,66.89145685393724,38.018382123050834,574959.7072204782,174360.15329468454,3636.943718964001
4086.191183749123,756.4343292402923,14.107177235363016,4228.647945307669,4779.930433095924,4004.5307238184505,0.40979855764828105,0.4348859134941585,9954.469842213794,1.13328917575789,-5.215648180675411,16.975922169413703,55.743990981913626,49.03971432554945,65.76435851036233,63.3180539558461,65.08140430117619,52.419245066309365,787587.4442145361,208504.99436763686,194302.87745349604
1680.5043207093709,563.065876916991,7.441031678914117,2031.3769595239419,2325.480066200841,1373.935194914256,0.5361266993020122,0.6879241753383635,6173.88369328533,0.47142717838600956,-4.13231436179915,22.82893659320962,55.62219892054327,55.24886716065332,66.11616340744982,58.10078324833934,63.13007564331665,49.528699389307484,327048.27902111737,131798.66726771786,-218390.16337147114
2325.64171184393,619.8746877690344,9.12536188082942,2523.153376350432,2887.2510757509217,1966.568357871337,0.4723730115959797,0.5464668696498001,7182.846007077319,1.1916436710617893,-2.0566432976827613,16.69456955617117,53.029796744413325,63.02021009004282,63.653251000988966,63.548141687321625,61.35718790070212,54.61025996210692,367203.4263866715,154243.9952709233,-182756.5744679994
2576.013307171305,678.8684528846177,9.278845667216848,2486.753655795927,2863.818866707573,1909.2047753582237,0.4825199566615017,0.6927513683820256,7879.706959648351,0.7146296952933007,-3.535950614392572,20.95433091737385,54.61413387455887,43.36380774210058,61.380865930127065,50.39808811780752,60.882609193018624,42.81828565864877,367206.0447452634,137383.4030470482,-185452.65647700086
2607.806525625575,558.6959683899107,7.255110625621778,1844.7411633314728,2135.687429814072,1133.7064052492474,0.3961066477919225,0.650263018530715,6062.341268159861,-1.4007698096381167,-5.617900417494998,18.900727114104086,52.89358206213915,15.274506511706834,63.779029949624466,32.671420133913145,62.31625294235365,25.692624816508964,488763.342374753,157137.09929146987,-79161.0611042747
2299.1473631320387,463.6504579259152,6.781993874480854,1583.8647147337313,1863.6674855696567,859.1513502545052,0.5467010793924871,0.6764606812494047,6522.827074968429,-0.0464495315210402,-5.091627365609373,17.138150303351843,47.87510269731363,31.370724361124168,59.42460103897579,62.3002140350036,62.21837043842956,49.99146243208787,635570.7810853405,194432.06273759133,57198.24555473344
1945.4478078282864,578.3605567617719,7.804027175110565,1935.3607737085372,2267.6414733516467,1261.4628451107856,0.5675081758525735,0.6584139732128133,6685.906567682975,-0.23883001148818372,-3.4087989756930765,24.306611432418848,56.03977537721229,49.22178068510018,67.65691573229324,59.47186336831891,64.90874955567837,43.983273674826485,376625.5897796649,135009.9844867495,-174189.4423026962
1249.9711541411334,489.8699090883967,7.905134183030847,1936.6447953376178,2269.137176697098,1263.7151666773684,0.4153658475149667,0.664627067119787,6287.484850388883,1.4241258569530637,-3.111608304925926,18.68324972314787,53.32392651831628,61.24253332659354,64.53139546404931,70.22629345657825,61.597156775843196,52.78431381355764,240480.10725534073,120954.94058087918,-295629.33302073035
1216.853218251269,450.5407323446744,6.5899879672086215,1700.412458790676,1964.3000074337272,964.3818619057726,0.4852463596782419,0.619897842285434,5546.998686854836,-0.4349566425344239,-3.7931945938313434,19.74685202894657,57.248793660477766,50.32911907174452,66.95603446705546,56.91965542928671,64.03256134780848,44.330208913159396,244221.7416831822,122445.27044242334,-292298.25738226884
2005.0600924300425,626.4295505596547,7.640788901591125,1829.736823907108,2098.9033256519106,1082.0831228517736,0.38317090965060224,0.6535000556927553,5401.108700394695,1.6185082528120711,-2.145186435951828,17.085080955047125,50.76847012855582,56.14746768351904,67.02702888810394,57.04328136023237,60.66613863843567,49.08451084197081,269656.47704501014,128423.53615360806,-269764.7865904493
3838.469023292937,886.4391079209299,8.42456813132158,2042.8803162718664,2373.3753836690184,1373.6691024161883,0.5924976794640889,0.83417615319594,8717.858735943104,-2.8668992738008665,-4.593514523795484,22.72793595819038,58.73428550598952,38.201155937793125,66.90588193207675,43.5479579155181,65.60320060871281,36.85891617633517,879862.3285313838,205273.90650609575,275636.0540889969
3527.160425928211,750.971943581442,7.826294761914357,1776.3258444210644,1994.556912511824,1045.549532866642,0.5382784464780809,0.7077699717103307,5268.419360169697,0.4029956178497155,-4.756143120065874,24.83013483058566,57.014377811674976,34.35124008537491,67.0960837356633,42.25031332092769,66.43922542765836,39.14564054130123,1887500.975608222,262784.82264769264,1160190.396110617
1406.2878115412934,565.2508311805311,7.467314722211418,2006.7151357118762,2260.6205473298705,1302.809861301847,0.4408133739919926,0.5510186982763009,6027.906107670592,-0.2604888093147917,-3.5886264279461924,19.117365683062165,50.05951597712295,43.97711704052105,59.94036921432465,52.89462316040144,54.66052463660008,37.27959601361047,236653.37617326214,120875.85801084146,-299111.82118821284
2054.0746375470417,525.9216544368088,8.383864998739075,1999.1860971302433,2328.822879339301,1336.547048539945,0.3765456823440317,0.3640924503215967,6568.968441952727,1.37274605875001,-2.071750597809111,17.651112618310826,54.86745166273564,35.85554769861849,66.78219096414236,73.5898798064356,63.22441246389001,43.59285714680941,486091.3074317073,165137.61929361912,-75501.3381160002
1695.0762125009114,528.1066087003489,8.429573380515961,2338.4407577190473,2711.537652329932,1729.576068614304,0.5431824038981224,0.5915933711194599,7031.107893686547,0.07011229624773363,-3.4710273098179765,22.845210916009417,57.20521374729653,54.58231918935454,66.2319033014687,62.88940395155135,64.45228723450698,52.38739760883471,324682.5920333254,130502.27799459953,-220175.4227252766
1960.0196996198265,589.2853280794725,6.819869135177153,1639.1081844384814,1926.3930694515198,899.1716075136882,0.3687502908213147,0.7562665149322001,6155.823146469786,0.35754560117136824,-3.092026882817694,17.580890190540803,59.19657873339101,28.86325726172138,65.87163082383518,34.662211434968825,66.88251628113044,27.65088517339099,299626.20948802866,134137.25183883327,-242969.46391587646
1838.1456955451258,518.2743145144184,7.842851511842897,2013.3435180457816,2344.8005009825856,1328.515025556978,0.3927271629376703,0.5313637230559441,5955.126104901009,-0.3112949312882958,-3.2746349880575125,18.09305799970978,57.24220661741425,39.040438191592244,66.38581077504088,48.801088706544505,62.61649819312276,37.15216561308433,322036.74067619885,135453.411754461,-222603.89189228747
2474.0100646305227,576.1756024982317,7.142707516615154,1786.8285690868495,2068.5302144715542,1046.4257344931489,0.5414908845128314,0.670459308319588,5166.816066705494,-0.13990114074252757,-3.6546913136048156,21.02530191849049,60.93761870916215,63.85001449932073,68.51438939128673,71.03434079694867,68.84843504466188,57.37363616647765,810094.854670607,190951.48819676455,214985.35942154756
2386.5787138812807,716.0126753647999,8.670004601951721,2311.0696703382587,2710.588918452205,1719.6067174484497,0.4018486258518977,0.6527619205718332,8171.8210993721295,2.654785182258993,-2.487882469345262,16.967577674275727,55.79615338630684,31.61031316743873,67.02443544652971,48.13505430846712,62.98313749538243,26.620635605181096,321534.0158265518,140751.00248782107,-223074.56184684107
6477.306154997335,886.4391079209299,17.046477061518264,3878.081830303577,4347.323520123457,3666.404859841774,0.3164959895362014,0.803682932151304,10336.983242431814,2.7495965223068626,-2.145864173490248,16.542246318974897,60.001921003723446,36.361875427351634,68.15408593160846,46.49513183476306,68.1175696034627,35.57071117295605,4614730.91777136,778169.6974201761,3605229.2582547367
1610.2942966228584,494.23981761547697,6.728558854731849,1785.862847932847,2092.707890612108,1069.7812545868378,0.3632392920620169,0.7482687553258668,8040.985007698872,2.5820578843216033,-4.135538041889626,17.01721063188842,58.107814560520865,58.92670500445065,66.76844141358235,59.46471630100227,64.60421107694678,49.9798210317427,309572.0445994043,141169.01035802043,-233811.94026144495
1208.9049136377014,445.0783466858241,10.469214798359838,3030.8791915631436,3187.539102470105,2590.5949945118537,0.31728984463735205,0.4941830787965166,8166.26839298796,1.4749574466672413,-2.7105773351312434,17.01423943444711,52.95106656012836,46.51814003456024,59.53427765189538,43.99086657886721,58.13169775491154,39.5392284421086,234232.70365503998,121914.28747217008,-301239.8127782518
1362.5721361666724,542.3088114133598,5.6612981703819525,1328.063044212169,1562.6071607770716,506.07126718273196,0.44566309344980987,0.7870085825893782,4485.402409060398,2.7171451362674217,-2.28024663422537,21.981632037263335,52.32303830696342,57.38660794466606,64.88972402299005,73.97566486869175,63.6474599096259,60.79015061309971,257390.77622120088,122232.5006706552,-280901.23678696895
1313.5575910496732,471.2977978483056,9.003048856956244,2393.8767471596466,2688.3768708374855,1675.5541107668805,0.5043202768492374,0.7091474099871787,8010.941152217657,1.1237959049658302,-2.2863854982400467,21.039559083229136,51.820741629041876,39.84623991155154,65.7699844616392,55.09398257746425,63.80115691526493,39.44308284155962,261976.8312949338,124200.15032992701,-276991.5070647296
1106.901671096919,371.8823788572298,6.151888540059589,1674.8770186337945,1959.8271507078516,944.7374720496542,0.5474999103378367,0.7054034819622477,5895.246217974612,-0.23058812489966807,-2.910550769107657,27.293004612238473,56.41224377342112,53.20584557916986,65.0144032973982,54.27276059922381,63.437949951523755,45.256924955176814,267616.7757019111,122698.52295837746,-271647.4664086636
1121.4735628884594,389.36201296555083,8.24451460743248,2160.951739435575,2480.4233515132355,1508.6565713260215,0.5189091558043257,0.5441499298039991,5255.912995422931,1.7846027318171258,-2.9329748112359266,23.52297555945234,56.86737444632125,53.488304894206365,65.60534061690083,52.35964485574018,64.20538889034135,50.49013347769998,261262.01939934198,122724.8838150567,-277316.6331929374
1438.0810299955633,353.3102676171387,11.531003759245959,2960.602674171785,3436.5503110660366,2505.5778877750704,0.3872142834526745,0.17435889412462674,6859.558669142711,1.962718166762695,-2.460961543636823,16.560571272093945,32.1132034172537,89.7826945573944,56.95504376901072,99.79235166079837,41.373646435552786,84.6429972148497,287621.03534411464,131924.82279611134,-253369.97879692208
941.3119916475969,350.0328362218285,6.755062625933659,1941.5998483474025,2282.856154104821,1279.9963969452278,0.48499974578720834,0.6289373424010434,5934.117651616431,0.2306959495538407,-3.480614537464892,22.808300213621376,54.99317750169437,37.4421174536079,67.74788591635144,57.74713631116538,63.83997259090673,39.75195622315018,236984.59853513894,120018.18870959905,-299185.7668419208
1985.1893308961235,484.4075234295464,11.231074445932009,2775.3971678903767,3138.4341075362136,2227.1649370155733,0.5150323018393487,0.41449096288708637,13793.730832665646,1.7118337042500038,-4.331768418963725,21.251720253326205,54.71192966230068,48.82542002768555,65.7452242716021,54.04680990926321,62.41692902996446,45.201690891932216,423779.60966139834,140703.92952946527,-136056.9598001108
1157.240933649513,422.13632691865274,7.969306343268912,2019.8611019761815,1683.5181693139825,1401.0126171541401,0.3379978710103001,0.6273553297534289,11961.939507216119,2.1218520396307,-2.3669866895524456,16.851480965278025,50.7429995091496,40.49269074338349,64.86563892245428,59.85224891269962,62.48475270648586,47.95297898402707,257639.52028743248,124493.8855900671,-280256.8532332285
1249.9711541411334,415.58146412803234,7.418841502134834,1876.7307103830003,2219.1775442177122,1155.7780496348769,0.29604418247727937,0.6942529173347483,7167.079223231524,-1.2793983051301459,-3.593541836802977,16.08469919568592,53.58271878226112,31.407617431489548,65.26035306915439,54.26333812961575,62.11812793096774,42.01540155585562,249595.92269308047,128679.61304706353,-287496.4848533943
1734.8177355687485,522.6442230414987,5.111757132628758,1286.2825872847939,1534.5193728382042,487.32486335790543,0.3925941927215735,0.8362255766363852,4512.764926359163,2.78049065683397,-2.1155797117974964,18.9882793724862,54.947210274724135,61.40168468671773,67.02681554713806,57.23700284442457,63.599692740398375,50.439020461818785,383922.95517532213,147880.6727603883,-167310.14902678962
1389.066484878564,434.1535753681234,8.521589487502949,2409.5399974245665,2785.8661761742196,1717.417398920989,0.31630570950279985,0.3863446046251839,7483.479225067163,-0.41150512457993815,-2.6182530222000944,18.47724994169379,56.51622697761092,50.81832134256761,67.29956737530073,56.488781081241406,64.63269046482696,43.089926728079384,340945.21724768745,134549.61095402992,-205599.9127610712
1435.431595124374,441.8009152905139,6.609363581124357,1619.5833000136795,1860.698311396136,839.9329348931461,0.615632574537643,0.5962632251397038,6120.957212411167,1.556422387006557,-3.515939044462846,19.17792853430756,54.543809466717384,47.21137399385896,65.36181440588109,53.83068338684796,62.01082141527239,36.671912556128966,289901.62567766954,132888.87698323783,-251439.17561677084
1024.7691900900552,428.69118970927315,8.313585286629753,2321.7422204832674,2678.359133451657,1735.5015391328184,0.45512152437352466,0.7327263065279332,7200.297085520911,2.433973733399511,-2.1896785443861457,21.124519797843554,52.176269340581214,56.064686757929316,63.15953455839992,51.87741060760907,60.20215019344135,46.65338046558642,229668.9046293383,119435.42548515444,-305363.16327786964
971.7804926662722,428.69118970927315,8.530584093491829,2438.5839657464726,2870.9441155920977,1918.8130724000434,0.45188514559962706,0.6804373188645538,7281.563867866148,1.666813278217123,-3.227672488035293,20.062276024502864,55.58267113791908,50.412855629927435,65.53093858789909,54.10815129518033,64.2589691652546,44.13747466267757,225414.0719174822,118896.91084156425,-309156.6926871394
2260.730557499796,495.33229474724703,7.074401157717305,1656.2358513503018,1964.68506506481,899.8476215676177,0.5330254912817161,0.6749953613677592,5069.457855984398,2.3337775812413746,-3.6778178301340154,23.36551418028232,57.738868461644635,12.368559552251961,67.42019111245737,64.78996749683351,64.76546481673016,30.70770990736445,745787.9676532616,192290.2431324031,156622.2850569035
1385.0923325717802,513.9044059873381,6.510329165867927,1652.805810115151,1907.9287413063691,898.3315891646033,0.5440496950054622,0.7505202190659388,5446.02030247975,2.577572956016737,-2.292568542764058,20.854603726134968,50.88150285862737,57.5614865155209,62.26655455392167,54.429784259055815,54.31502149217448,50.14221354706391,280279.1578523949,125388.27179882703,-261032.15700970456
1414.236116154861,433.06109823635336,8.009915452409228,2287.411592929808,2557.585528244982,1661.9477535765018,0.48171540191129386,0.689078340182618,6759.789467837603,0.7877878089884156,-3.3605890101190687,19.210099924431983,57.435809139324995,41.04605056055442,66.17355324058805,48.979001983902975,65.83053871334475,37.424081815447686,296683.1744307202,132007.67120281752,-245240.65185119113
1245.9970018343497,416.6739412598024,6.740478887218852,1670.6049898480103,1942.417818624946,932.8090221917424,0.5971059800150939,0.6503436753668203,5529.413581573311,0.923572888110552,-2.8208582365527297,24.04105515659973,55.85620548949569,47.25746828665493,65.540786560484,57.6716086802949,63.72944207123238,42.34744724338415,256888.05137155388,122688.1669075392,-280932.9277814152
1452.6529217871034,540.1238571498196,6.207950126197991,1492.891714200733,1747.4500818781257,741.7669124102257,0.5258431903369215,0.7150219240785196,5707.481822356493,0.919068274763232,-3.8521788010561244,18.150982334487328,53.74590729445176,48.90665927292872,66.08719288966378,59.067525491579616,64.0868503558988,46.867683651813024,242013.15621090488,121898.28266632912,-294334.69721057423
2095.1408780504735,511.719451723798,10.036739956177614,2832.343314673064,3258.537744031085,2323.550921148506,0.4195240506083998,0.29640193697605616,7134.61382792308,0.9671816455551557,-4.474948127213117,17.28501923884161,51.929868147900066,24.253680819093887,64.65332117113132,48.431473576542786,61.23977645119901,33.48940348428537,396872.04759162024,162080.70137799444,-155445.97969854125
1309.5834387428893,556.5110141263706,6.561384618578608,1602.8224492850268,1885.871154674653,864.3926064837038,0.39671565360153055,0.7220970548721635,4802.220201138499,1.811519337621723,-2.4530094263987863,17.643230006650377,54.809681721853586,56.636331643031745,64.7244753196886,60.907813719739224,60.937015535808634,50.79521037381055,228666.07328863622,119898.62339537537,-306505.21281846974
2495.205543600036,752.064420713212,7.751303626370065,1806.4687622609779,2079.2339210900063,1089.923184079954,0.4018325596273057,0.654510515749634,5987.161620549736,0.8244438183985328,-3.5126005234126443,16.489693958454605,57.728269784883125,37.23554863550912,66.7947772087339,47.60794932798803,66.08934448305739,33.56997469029684,409993.95167498454,165052.8879685787,-143710.92182914796
3476.8211633756173,965.0974614083746,6.463355199826841,1535.2322094225276,1805.5775155082365,783.5844264267645,0.5292587045054422,0.8125568073416584,6759.436021465252,1.1167885242972804,-2.1598891845654435,22.70358386155178,50.6701577914038,59.55891038637529,61.75235853806535,65.85264675965934,63.06490867579131,55.51197734577344,610853.4759776964,143173.37692480977,35980.53790270083
2271.3282969845523,577.2680796300018,6.785032365144819,1485.649240188583,1776.5000836703307,744.9600259894122,0.4150963670751828,0.4253320392310421,4863.926042329814,0.03146536788304782,-4.814013899743212,20.46294315190262,55.51117598456725,43.264727730128676,65.35044267806349,39.93872847961439,62.74095928667939,32.2775773889529,619394.5617045116,176462.4316148539,44058.22026488971
1226.126240300431,433.06109823635336,7.452349329592391,1910.0859525472347,2181.1676786395,1234.5113323877326,0.37411490853788415,0.643200793241092,5653.291675741063,1.686056949417204,-3.355833435868889,22.1759158697649,57.5225697660889,40.4929332899794,64.54839256822488,47.409032781582916,65.24529466661042,38.60445369652183,283561.2703473559,125844.87949487814,-257049.65537429234
2128.258813940338,552.1411055992903,6.649364760333508,1530.2619516089917,1822.5834134229008,782.4542965595157,0.5292294110269266,0.7150719234206822,5606.612225558787,-0.25083004455376434,-3.065942621616214,23.84535305742177,59.79308023294931,39.473753984170436,67.72381816208859,45.51156447634175,67.66264294308003,37.98573508886516,570355.3236366019,170757.18906213273,59.382568142726086
2969.454385542894,606.7649621877936,7.69960252894281,1859.2265679054547,2195.32251523082,1105.8608214865499,0.6075468435118123,0.765734309381657,5688.521409188057,2.0830635938354183,-5.378512244908747,23.5815130554394,58.42723335803153,53.44978412120261,67.26840671575387,54.581891268003865,66.5394992163327,46.57160757790056,1017407.3237230846,210255.16695930494,400903.5126918172
3415.884161338267,828.5378199371164,7.100826885425029,1665.8151905923246,1969.3988740255656,928.9966533372486,0.5322383092511186,0.6730398215665655,5867.487005136928,0.6454641292781331,-4.557181353235677,20.39565542025301,54.244858509301736,34.82232976682801,66.24395346239871,53.0672271409165,63.59395515338124,39.43226131416192,420314.2120650036,154833.34870953773,-137724.84510041165
5083.70341275184,1142.078756755125,8.17038965615361,1825.8180937962595,2138.1510744217444,1143.5255099514698,0.3878731879779687,0.7162934049342847,7087.318918297734,1.200691314035811,-3.412426106113449,15.544284042867481,58.11036430978613,34.50946787237056,68.15377403271867,50.30021350570773,66.90737262691947,37.996834612859054,659755.2502195308,232743.8020841977,78714.08330266783
7884.156071598776,1302.6728951253242,8.191725188355093,1788.8353646740964,2049.4795320415906,1081.0683134564279,0.39108792396777703,0.7671232091167095,5786.698912421281,0.9180173365750623,-3.754851016173367,17.272967201006377,59.4692524728648,39.99897357362929,68.20522696462987,49.20288761053495,66.32671000971922,33.3841278884965,1702608.201998986,406545.63746626046,997181.3106033818
4184.220273983122,1042.663337764049,8.582959645185202,1997.4244692306243,2330.9630266334025,1326.6207527450697,0.5492409276839135,0.6523944382043926,6311.508067371677,-0.4832319486877824,-4.135716878953852,21.95457222121171,58.011389085086385,44.28597737321279,68.06440402170243,50.026254938514136,66.68580750526394,38.86866669843698,937293.4058863698,208152.88863913558,321445.97343132034
6011.005617668045,1106.0270114067127,13.917761734257807,3290.632177210581,3762.344105271999,2868.792003331885,0.49642003233868637,0.6253467825243024,9435.354181274406,0.5394886332114674,-3.8524415494653446,18.50631273138547,58.385273362787174,30.33616609061082,67.28964313173115,41.68630959805444,66.39149557599444,33.31462281371808,1287310.3457359097,315700.47659459786,640245.6401552558
9734.786329124401,1579.0696094631505,10.30889564615232,2331.7145714372436,2684.8220731712663,1730.4380240778637,0.6041374080964108,0.7239308253569653,8178.35407708569,0.7591179972452712,-3.9566205516364708,22.75751612850134,57.69241146328633,31.39094756258759,66.95233066114609,41.02088282611154,66.0239634636976,31.912229603728086,4549617.576307706,577007.1757233967,3566202.3854644457
30357.98736646078,4190.089954393603,18.51756415330554,4375.652438081742,4937.446659260411,4180.434500217513,0.42686301461592596,0.7290580435040808,15323.262122621762,-0.9543697829129976,-5.105601696910686,19.012306221388485,58.02424352187989,43.4357610151584,67.67437230340222,49.806202083370096,66.32335143998287,39.285223199039194,16741500.325514473,1834765.5548374606,14436921.2460712
18982.638747010144,4032.7732474187137,12.26601108594357,2957.077365336102,3393.9204840006278,2481.5379683385627,0.4824928595242395,0.6795248820103864,9892.832419586877,-0.9569842108447377,-4.257541767472741,18.404011351585257,58.161603015637105,43.390655636609665,67.27021094752541,54.70562123693381,66.5301275780651,43.798777788090604,4122682.4252828783,697567.6122867323,3176434.8447700036
12914.0,2737.0,12.7847297506582,2750.622735016261,2688.354266687316,2798.9829642248724,0.4375096794176862,0.6059315471581229,6669.256465851015,-0.2382608022301393,-3.9953673035537136,41.44107170512622,50.4742903066044,31.036242944246474,53.42961785660109,42.61487226095672,51.812551411174645,36.91133106829778,3925776.0,708300.0,3836291.0
7280.0,2109.0,10.942307692307692,2501.943131868132,2557.801785714286,2536.512912087912,0.4475274725274725,0.4958791208791209,5449.111813186813,-0.8166483516483509,-3.769452403081648,37.75412087912088,48.87839378559635,43.14799348514847,53.66231476869174,45.355686542319305,51.28330390579024,44.77008921151726,1012988.0,283878.0,1011992.0
8302.0,1917.0,13.95338472657191,3095.646109371236,3156.0089135148155,3137.965550469766,0.4136352686099735,0.5444471211756203,6468.006504456757,0.9819802457239244,-3.71801935630774,37.02842688508793,51.11724496928293,30.336694109486366,53.65192364606685,41.39091129282097,52.06813958460058,34.29527515030153,1933942.0,293266.0,1925291.0
8068.0,1646.0,24.84779375309866,4946.147620228062,5019.099776896381,5032.738968765493,0.4138572136836886,0.5081804660386713,9984.091596430342,-0.5826722855726334,-3.177435224047106,38.89687654933069,49.2043058016375,38.875794392662215,52.611828686462005,42.57121035956846,51.136046573307226,40.52037203978666,3191565.0,491683.0,3187022.0
8435.0,1827.0,19.990041493775934,4388.213633669236,4430.090930646117,4427.350444576171,0.4774155305275637,0.5496147006520451,8816.034143449911,-0.7268168346176653,-4.658045160855477,41.4534676941316,50.66257931768059,35.53942659907508,53.89259756504232,43.812046147752845,51.616414706559226,34.96778960657098,1565420.0,280249.0,1564494.0
4538.0,1407.0,13.285588364918466,2939.581092992508,2756.917584839136,2959.885412075804,0.4768620537681798,0.5434111943587483,6432.723005729396,-0.4429043631555747,-4.885080436911206,40.11679153812252,49.29438815910106,36.15821380608191,53.68885174019408,51.21077888805619,50.42385310048489,36.997031206698914,348044.0,75758.0,345332.0
4722.0,1174.0,10.521812791190174,2432.874205844981,2486.218551461245,2466.317450232952,0.5021177467174925,0.636594663278272,6500.389665396018,-1.6330368487928844,-3.880890165132742,38.25921219822109,50.210344161618366,37.0255202116077,53.53610740025426,42.46605292609051,51.58363854420194,38.36829545940207,962765.0,229833.0,962228.0
4220.0,1148.0,15.255924170616112,3314.0246445497637,3369.9452606635077,3348.5594786729857,0.4232227488151658,0.5300947867298578,6872.814928909953,-0.3881753554502367,-3.4378761267214157,38.57345971563981,50.753276175800735,35.62421954174569,54.62764769229493,51.19440393440011,52.59370414806645,45.08230832945216,679194.0,128438.0,678983.0
4466.0,977.0,19.591133004926107,4340.8938647559335,4404.269144648455,4392.053739364084,0.4782803403493059,0.4379758172861621,9975.118450515003,-3.4003134796238257,-4.160869467539036,36.05911330049261,50.15246508266143,33.70817381187014,53.50523416842122,42.59665072541995,52.30233604771525,34.83875876483765,793064.0,185397.0,783254.0
3527.0,900.0,15.7056988942444,3596.3062092429827,3605.521689821378,3610.092146299972,0.3983555429543521,0.5642188829033172,6689.009639920612,-0.3802381627445422,-4.022356396302283,37.92174652679331,52.047455167141166,30.709408380925296,54.399548444475975,41.20640315172997,52.79070365357239,33.42816985981829,799761.0,188393.0,799552.0
3388.0,804.0,19.246458087367177,4153.041027154663,4210.159681227863,4192.286894923259,0.4698937426210153,0.307556080283353,6385.769185360095,-0.7463695395513583,-3.5177378910056425,38.71015348288076,50.6376510050177,38.53483810123971,53.45252199409696,48.23006150501767,51.98315692827636,44.12186594096811,676878.0,136243.0,673042.0
3696.0,782.0,18.41504329004329,4359.511363636364,4269.927218614718,4386.783008658009,0.5048701298701299,0.5549242424242424,7503.688311688312,0.3024350649350641,-4.396392540996272,42.5,50.02637766612562,40.5034326910173,53.129198790043375,46.06675696428567,52.00154756358233,43.81232267099564,1009120.0,131211.0,1007743.0
3594.0,761.0,25.2220367278798,5331.823038397329,5279.153311074012,5384.130773511408,0.5403450194769059,0.5509181969949917,8820.3714524207,0.4682526432943805,-3.216561430391716,37.13967723984418,49.01851940448178,46.99967279719891,55.03529267743748,46.0016835915924,52.09799484658312,49.86984381706639,1110102.0,181654.0,1109715.0
2353.0,673.0,10.175945601359969,2354.79175520612,2406.314917127072,2399.4662133446664,0.3829154271143221,0.5860603484912877,4561.08797280068,-1.2497662558436031,-4.026398901151359,35.486612834679136,50.98511970699273,38.12738064081805,53.54409316730693,43.288551261165416,52.61624700683184,42.02935124851061,312385.0,77702.0,312141.0
1618.0,637.0,22.595797280593324,5257.306551297898,5200.061186650186,5308.676143386898,0.4932014833127318,0.5624227441285538,9822.301606922128,-0.2588998763906056,-2.9660760110520963,39.122373300370825,50.17213961448022,37.798709947400994,52.41988797340756,46.94697612677796,51.34236038613865,42.530050308787125,92789.0,16262.0,91328.0
1348.0,580.0,11.393916913946589,2553.0637982195844,2606.986646884273,2515.609050445104,0.4992581602373887,0.4747774480712166,4945.611275964392,0.0571958456973294,-3.47492135699017,40.73442136498517,47.94492680163447,38.480246739614266,53.18326569042317,51.52865761127597,50.54138576745914,45.38953687091991,90407.0,16883.0,89424.0
2070.0,719.0,10.938164251207729,2370.6985507246377,2266.2130434782607,2409.95845410628,0.5690821256038647,0.5318840579710145,4703.082608695652,-0.0045410628019326,-3.813747020769821,43.06280193236715,48.441804902851686,35.17148076425113,53.30495705461576,38.451014460386375,51.32651430062836,35.696885971980606,366315.0,67542.0,365311.0
2609.0,869.0,14.676504407819088,3181.447681103871,3206.7274817937905,3218.197393637409,0.4243004982752012,0.4250670755078574,5787.598696818704,0.3076274434649293,-3.563625250224601,36.27443464929092,42.55754727788428,46.60467239593712,53.14987284821776,47.83372443694904,49.471237886163365,46.437696966653874,202171.0,42000.0,201500.0
2368.0,701.0,13.516047297297296,2871.9425675675675,2928.67820945946,2920.3374155405404,0.4936655405405405,0.4763513513513513,4842.149915540541,-0.8763513513513514,-4.067190432178582,42.52111486486486,48.93089804572397,43.35160684377644,53.14652273319244,50.04227900126847,50.6248531637749,47.01040427888273,329484.0,62244.0,329315.0
1040.0,535.0,11.326923076923077,2681.3740384615385,2709.206730769231,2710.5538461538463,0.4894230769230769,0.5307692307692308,5643.0125,0.0209615384615385,-2.526092306546603,45.60576923076923,47.84929431087587,37.69393020384615,52.80155761560695,48.51944470480769,50.46813736801544,43.58091146250001,58703.0,9363.0,58612.0
1942.0,646.0,10.871781668383113,2409.926364572605,2455.619979402677,2449.890319258496,0.398043254376931,0.596292481977343,4827.518022657055,1.163439752832132,-2.700779410405169,39.52626158599382,46.885537319258496,34.615299984552024,52.87587295932029,43.83815465447995,49.50509815190525,33.68518655612772,165931.0,42067.0,165356.0
1372.0,582.0,9.739795918367347,2139.847667638484,2180.8134110787173,2148.785714285714,0.5131195335276968,0.6465014577259475,4622.47084548105,0.329810495626822,-3.3626536066760235,39.66472303206997,45.82798162026238,41.47091169023326,50.43523713483964,56.42443098615163,47.53030461807579,50.2419246814869,56782.0,14169.0,56700.0
1493.0,515.0,12.202947086403215,2887.9296718017413,2934.9209645010046,2940.4976557267246,0.4119223040857334,0.3898191560616209,5300.988613529806,-0.8447421299397188,-3.60325595792546,34.534494306764906,45.858917329966296,22.39765421073826,51.49526911796245,42.15818413797725,45.84621597447949,31.175472236083174,97333.0,20935.0,97331.0
1536.0,451.0,7.551432291666667,1659.9869791666667,1746.4075520833333,1717.1868489583333,0.5703125,0.6171875,3922.4485677083335,0.1671875,-2.548584032247064,37.27213541666666,46.371908900848034,39.806769573011714,52.750744715309466,42.287294247556986,49.00561770254405,43.58069217731419,130926.0,39784.0,130810.0
2042.0,617.0,9.576885406464251,2107.8761018609207,2179.92458374143,2155.815377081293,0.4270323212536728,0.4632713026444662,4717.102840352595,-0.9063173359451528,-3.9627348511004494,35.07835455435847,48.078473456790185,27.352695020246863,53.31747469310351,49.81024742019698,50.435736618343256,32.83552972682442,172737.0,50847.0,172475.0
1420.0,597.0,9.282394366197185,2293.4147887323943,2339.301408450704,2339.282394366197,0.3316901408450704,0.5154929577464789,4702.249295774648,-0.3052112676056336,-2.963118166371997,35.63380281690141,50.04338198728814,38.59957813700564,53.97770211252652,50.05872274309978,52.43088707360226,46.63071647062986,75264.0,24377.0,75047.0
1405.0,533.0,11.006405693950178,2666.007829181495,2704.421352313167,2696.7188612099644,0.5580071174377225,0.4889679715302491,4827.180071174377,-0.8239145907473305,-2.9027099847589457,46.83985765124555,51.10236039601142,44.03551383262109,54.55635954558408,57.3325027136752,52.36730163390317,47.92537137179487,208929.0,30229.0,208875.0
2098.0,720.0,9.984270734032412,2165.588179218303,2120.633460438513,2121.6472831267874,0.3655862726406101,0.5762631077216397,4478.593422306959,0.1881792183031462,-2.473085422697652,34.532888465204955,49.27141645463281,45.24035713826207,52.53232337205961,55.69422004510549,50.85910061401831,52.22721285981751,115528.0,30899.0,115028.0
2821.0,754.0,15.270116979794398,3494.0450194966324,3531.024104927331,3528.663948954272,0.554058844381425,0.4792626728110599,5949.1517192484935,0.4280397022332504,-4.143204179850962,42.02056008507621,49.94523460056865,39.73358463041932,53.95586653668915,55.83895954129733,52.68596358990766,51.01780996090969,403235.0,103748.0,387300.0
3253.0,881.0,12.515831540116816,2935.899169996926,3088.0980633261606,3089.615739317553,0.4054718721180448,0.4758684291423301,6043.083307715954,-0.863848754995386,-3.5236526767741303,42.35167537657547,50.47059846080254,22.162785036957118,53.92174404062796,40.60641277767517,52.114771181342455,29.58429812492303,409625.0,87479.0,359450.0
1462.0,607.0,11.660738714090288,2607.2380300957598,2652.3816689466485,2602.543091655267,0.481532147742818,0.5246238030095759,4924.270861833105,0.0387824897400821,-3.3058292072697237,43.406292749658,47.50809571914007,41.125535579348586,51.40056967493111,54.97005686157024,46.47103577013076,54.26460815966964,115215.0,22895.0,115208.0
1855.0,793.0,13.819407008086252,3093.330997304582,3135.920215633423,3134.3940700808625,0.4150943396226415,0.4765498652291105,5629.260916442048,-0.3522911051212944,-3.293631459415676,39.59029649595687,49.42590677213826,45.31911396276307,53.136146957389485,51.41930887918012,50.12263113491638,52.39544152157497,102043.0,24229.0,101837.0
1812.0,649.0,12.789735099337747,2891.5397350993376,2865.2991169977927,2938.956953642384,0.3758278145695364,0.5391832229580574,5416.629690949228,0.6353200883002211,-3.9283657137269583,37.02538631346578,47.073674434734535,47.380430350663765,54.05395292821649,64.54496538652678,51.39108976311432,48.2129741501933,188016.0,48655.0,187895.0
2103.0,601.0,14.029006181645268,3267.0271041369474,3258.0413694721824,3294.504517356158,0.4859724203518782,0.3642415596766524,6086.979553019496,-1.6429386590584876,-4.290377378232356,41.122206371849735,50.67200818433622,34.092673791250576,54.15326856728487,42.60438632049448,52.32765358059917,34.98626903851633,435865.0,87166.0,435637.0
2250.0,597.0,8.314666666666668,1845.4862222222223,1884.9826666666668,1849.4444444444443,0.4915555555555556,0.5595555555555556,3735.716,1.1148888888888886,-3.80074665866308,43.78666666666667,51.2326884046244,46.941471986216,53.80503736416197,49.29172428056905,51.80681482836829,46.7683204419741,578284.0,106846.0,578243.0
1430.0,408.0,9.891608391608392,2067.27972027972,2170.1006993006995,2161.0377622377623,0.5496503496503496,0.6979020979020979,5656.013286713287,0.7535664335664339,-2.709074606445942,39.51748251748252,45.74378812600731,42.66747720586081,51.62077196780967,53.70954298110567,48.27439037158853,44.52320654513646,116868.0,22570.0,116158.0
2120.0,648.0,10.520754716981132,2273.3830188679244,2250.06179245283,2246.573113207547,0.4358490566037736,0.5924528301886792,5034.684905660378,-0.3102830188679245,-2.7480676331847937,31.264150943396228,49.734702981186665,45.326765979759,54.19830972710012,59.5818749795918,48.74189040406428,61.9287263589986,213791.0,101520.0,213686.0
2007.0,511.0,12.1350274040857,2522.339312406577,2617.07125062282,2587.95067264574,0.4823119083208769,0.3428001993024414,3949.204783258595,1.080817140009965,-2.3458976753863654,36.49227703039362,50.03575053385003,36.968450092506494,52.23780113228592,44.44299370755198,50.97044344095666,38.481982379671166,582664.0,120362.0,571032.0
1072.0,529.0,12.118470149253731,2757.02052238806,2804.222014925373,2752.2266791044776,0.4328358208955223,0.5923507462686567,6008.4095149253735,1.002425373134328,-2.226090182570879,36.99626865671642,49.21045904624277,40.35690132399627,52.60865129691877,49.60687638001868,50.9241995386064,45.88878515406162,34473.0,7845.0,34446.0
1762.0,657.0,11.88933030646992,2553.536889897843,2599.242905788876,2599.3569807037456,0.4534619750283768,0.5187287173666288,4574.180476730988,0.8899545970488073,-2.883167534885553,40.53916004540295,48.51879353051639,39.59602647772565,52.77162183077792,47.87383607377981,51.005929573462375,43.24140116496019,138743.0,28431.0,137562.0
1455.0,557.0,11.769072164948454,2797.745704467354,2879.0213058419245,2844.047422680412,0.3690721649484536,0.3855670103092783,5700.760824742268,-2.234226804123711,-3.0800736215944,35.43642611683849,48.84964886347885,34.23447896907218,52.62745132850241,46.93669320000002,50.62214402420469,42.8233855965636,55969.0,14786.0,55720.0
834.0,475.0,10.34652278177458,2544.8429256594723,2637.2062350119904,2574.4508393285373,0.4640287769784172,0.5587529976019184,5418.001199040768,0.5640287769784175,-2.8814293711642884,41.36690647482014,47.35814577035236,36.38170275390157,51.44095198793725,55.13800644297719,48.53563655501812,45.512115527010806,20074.0,3269.0,20048.0
1112.0,421.0,8.445143884892087,2272.3947841726617,2308.28237410072,2301.838129496403,0.3642086330935252,0.5404676258992805,4164.583633093525,-0.1648381294964026,-2.6103284904376585,38.52517985611511,48.06004578500454,41.193475051258986,51.70368700450452,45.521179341726594,48.47928191704241,43.2657594811151,151125.0,33705.0,150844.0
1026.0,346.0,11.32066276803119,2835.3976608187136,2896.197855750487,2875.756335282651,0.6384015594541911,0.3430799220272904,5757.075048732943,-1.430604288499026,-4.49791710400529,41.88109161793372,46.3649430918866,11.029469161290333,49.0271042768031,16.306971669590666,47.78579926367188,14.200485686523455,102896.0,23832.0,102882.0
833.0,343.0,13.420168067226893,3102.873949579832,3137.951980792317,3131.6002400960383,0.4513805522208883,0.6854741896758704,4782.058823529412,-2.0248499399759896,-2.9997235497523844,32.56902761104442,51.15697365384613,40.63050391116449,53.035382115384586,44.87138460144061,52.15857079927881,42.5493534441777,45725.0,23004.0,45691.0
871.0,443.0,10.32491389207807,2510.442020665901,2579.4845005740526,2563.1205510907,0.4776119402985074,0.642939150401837,5370.90355912744,0.635476463834673,-2.8863288998018,38.53042479908152,46.24159071543777,37.42828508294933,53.314469586681945,54.293491223880615,49.46470379976982,46.199873735327984,18631.0,4486.0,18616.0
1355.0,516.0,12.670110701107012,2720.5173431734315,2783.9682656826567,2773.2634686346864,0.4413284132841328,0.3608856088560885,5388.310701107012,-0.8774169741697417,-2.9226139328230216,31.89667896678967,48.95214358666672,31.2708170199262,53.95041709534373,45.589628676014726,51.852068692079975,39.00728382878227,67713.0,31180.0,67501.0
1429.0,488.0,28.18824352694192,8493.489853044086,8568.806857942618,8495.688593421974,0.6095171448565431,0.4723582925122463,11369.38978306508,-0.3128761371588518,-3.5811566670445645,51.01469559132261,48.36453464320907,16.503791707983215,52.59053067463113,36.03678052731095,50.03650365376502,21.10426959103644,291698.0,38130.0,291598.0
1298.0,494.0,15.710323574730356,3195.164869029276,3247.319722650231,3247.737288135593,0.2850539291217257,0.3921417565485362,6489.64406779661,2.117026194144834,-1.744498859534643,32.334360554699536,48.364245264296784,35.108191789514294,53.22924743716268,45.34275344024668,50.20141906563708,38.60888433847341,59953.0,24330.0,59927.0
1091.0,573.0,9.447296058661776,2139.3308890925755,2192.844179651696,2176.403299725023,0.4922089825847846,0.615032080659945,4834.180568285976,-0.0960586617781851,-2.8757664861332226,39.93583868010999,50.24726321067156,38.57074263327207,54.38960296586715,50.42177948852158,51.60838082825484,42.68589014613971,23631.0,5866.0,23491.0
4104.0,1219.0,12.318957115009749,2662.950536062378,2721.068469785575,2709.2453703703704,0.4690545808966861,0.5409356725146199,5388.355019493178,1.1989522417153975,-2.688260779360668,40.52875243664717,47.20365808628707,44.34668089473677,53.896757886097696,53.33012454727082,50.52730968125167,50.59788185818711,589814.0,123259.0,589160.0
3422.0,1030.0,12.540911747516072,2755.8901227352426,2796.8813559322034,2790.3936294564583,0.4050263004091174,0.4590882524839275,5612.899766218586,0.7627703097603743,-3.099286226751983,36.79427235534775,44.38019821919819,47.491448162525565,52.37193495526323,54.01592260216307,47.94440191781223,53.9102380152002,388378.0,106441.0,387909.0
1487.0,479.0,13.109616677874916,3250.980497646268,3297.651647612643,3306.698722259583,0.5232010759919301,0.2642905178211163,5439.271015467384,0.1330195023537324,-4.0520119646051365,43.63147276395427,47.63894177716269,28.553416006729485,53.58857401580759,60.70629929744281,50.59991811702877,60.85715725841183,253970.0,41210.0,253820.0
1839.0,644.0,10.20500271886895,2223.8912452419795,2157.756389342034,2211.667754214247,0.5274605764002175,0.6905927134312126,5161.308863512779,-0.6166394779771611,-4.985011223771712,41.03860793909733,49.11567194365429,33.42601402181022,53.34792355392155,44.20640808002175,50.52612470890223,37.34239431808278,492311.0,86475.0,492104.0
1649.0,605.0,13.999393571861734,2988.858702243784,3042.8865979381444,3045.4166161309886,0.5312310491206792,0.5318374772589448,5837.535476046089,1.390600363856884,-2.083128041313109,37.883565797453,41.813960041337374,48.08047267597089,51.02388532119006,62.02928649393203,38.97167336877277,46.41238651516992,120201.0,38331.0,120161.0
2113.0,759.0,8.82915286322764,1958.9758637008997,1993.2986275437763,2008.9933743492663,0.4548035967818268,0.6729768102224326,4215.685281590157,-0.1598674869853286,-3.759027827916301,46.91433980123048,48.63934437713475,38.80448292522478,54.802180490762645,58.05942966351154,51.48880745829382,50.73743976336955,401777.0,60142.0,393921.0
2300.0,708.0,11.369565217391305,2351.984347826087,2398.649130434783,2376.6078260869567,0.4126086956521739,0.571304347826087,4974.158695652174,0.7869565217391301,-3.7335133967668126,39.447826086956525,51.07707792732818,32.94078561227154,54.702768264578,46.43368359704083,53.222964815137125,41.29899163331879,214334.0,48410.0,213716.0
1611.0,640.0,9.993171942892614,2467.0527622594664,2502.297330850404,2497.402855369336,0.4276846679081316,0.6468032278088144,5315.985723153321,0.8906890130353816,-3.134114921216272,39.66480446927374,50.61203423713926,39.26279294586188,54.05901310205353,50.77550375450589,50.66907225689222,43.21664199253732,65372.0,15628.0,64375.0
3181.0,789.0,12.389185790631878,2595.9509588179817,2621.004715498271,2622.568374724929,0.383527192706696,0.5381955359949702,5029.180446400503,0.4262181703866707,-5.09074360113689,37.83401446086136,49.96455343460456,41.634279201133175,53.400280411635286,48.61197231320748,51.15999164317186,46.507010958805004,424426.0,105276.0,424040.0
2171.0,735.0,9.596959926301244,2137.460617227084,2078.485490557347,2185.487333026256,0.467065868263473,0.597420543528328,4911.222017503455,0.2313680331644407,-4.010150737402372,44.933210502072775,48.86001355288684,46.29915318043375,51.86857240055375,51.4551307458487,49.5212319995383,47.26063997601474,311848.0,53437.0,307114.0
2373.0,799.0,12.441213653603034,2668.612305099031,2701.3341761483352,2678.4041297935105,0.4032869785082174,0.4546986936367467,5410.680573114201,-1.3058154235145385,-2.8505668478174884,38.65571007163928,44.06006260911777,49.75387628752109,52.51414034599157,56.77337451475545,47.22721023089912,54.40519134317032,192611.0,35013.0,192507.0
1639.0,837.0,9.98352654057352,2207.757169005491,2267.311165344722,2252.959731543624,0.5277608297742525,0.525320317266626,4925.602196461256,0.035448444173277,-3.2346141308632133,39.89627821842587,41.04038752579239,38.6656630195241,51.75969793206852,49.85872236302623,47.20097716923076,45.49181473642465,43016.0,9982.0,42903.0
3033.0,917.0,11.762611275964392,2583.193537751401,2641.4431256182,2650.864820309924,0.454665347840422,0.4487306297395318,5221.606000659413,-0.7031981536432568,-2.38105281102082,37.34915924826904,47.47754097123816,42.58338418877886,51.34939907100004,56.30382493960398,48.2543175983222,54.20106080627062,344184.0,79822.0,343867.0
1547.0,794.0,11.912087912087912,2648.3723335488044,2739.765352294764,2762.35811247576,0.4156431803490627,0.579185520361991,5385.989657401422,0.2809308338720105,-2.763523299165751,36.9683257918552,48.25957479791396,43.69485091467355,52.539256118600136,46.41484045701357,50.08080340038809,42.96943589657403,38890.0,9129.0,38836.0
2159.0,736.0,12.026864289022695,2595.7271885132004,2636.6331635016213,2626.5002315886986,0.38073182028717,0.4673459935155164,4624.641500694766,-0.2351551644279757,-3.464891894926533,38.063918480778135,44.16945447761196,40.42585571116276,52.32648884347426,59.346220699303935,49.4352646896552,52.5348379604835,246120.0,55409.0,245384.0
2623.0,854.0,10.166221883339688,2502.3377811666032,2488.70339306138,2546.20892108273,0.3736179946626001,0.6603126191383911,5369.439573008006,0.3016012199771257,-4.153256172790575,35.444147922226456,47.333028259626445,42.55604067823102,51.40042095158223,49.93001941631714,48.54964767365618,47.98150203202439,363259.0,81127.0,363042.0
2013.0,846.0,11.511674118231497,2706.433681073025,2771.1614505712864,2740.507699950323,0.4192747143566815,0.5578738201689022,5334.175856929955,-0.2521609538002982,-1.956751974420028,39.68703427719821,45.1838141052369,50.30379064562622,51.74105092039801,50.18728547117293,47.66484902044888,48.015419464711705,112603.0,28946.0,110451.0
2808.0,846.0,15.0252849002849,3136.2297008547007,3192.309829059829,3193.347222222222,0.292022792022792,0.4551282051282051,5946.106837606838,1.1137464387464382,-4.423051657210568,35.05698005698006,49.34626474812436,28.63209587152022,52.66622173411844,41.35072906388295,50.87419935178573,29.604811162740774,1059145.0,290833.0,1058617.0
4126.0,968.0,17.60688317983519,4176.130392632089,3662.09112942317,4206.657537566651,0.344401357246728,0.5920988851187591,7428.622394571013,2.219074163839075,-3.2970746647359865,35.860397479398934,50.57886193991745,40.20004671494417,53.39665489558056,43.57952385769698,51.60791111767582,42.27844235038796,1546653.0,298305.0,1544687.0
1533.0,527.0,10.322243966079585,2090.526418786693,2120.2413568166994,2127.569471624266,0.5133724722765819,0.5668623613829094,4005.265492498369,0.4341813437703843,-3.134432650378673,43.07893020221788,51.86362933049733,37.56373174363985,53.72038359947809,42.18679712981077,52.34512753433611,38.559014907371065,240315.0,42693.0,240314.0
1228.0,575.0,14.32654723127036,3288.0431596091207,3321.99674267101,3323.413680781759,0.3916938110749186,0.5236156351791531,6089.782573289902,0.6379478827361567,-1.819286723727071,38.55048859934853,47.3738904244426,44.7903337816844,52.30196379378067,53.817989108394464,49.77308802704917,44.19849945558275,57120.0,9078.0,56746.0
2239.0,843.0,11.035283608753907,2454.748995087092,2533.0634211701654,2513.784725323805,0.5466726217061189,0.466726217061188,4857.435908887896,-0.4016525234479678,-3.601268647230936,41.28182224207235,32.04386745792303,34.0098955850826,48.94401635596253,44.207884375614064,38.05537888809314,41.005426300580574,232866.0,54308.0,232449.0
1426.0,715.0,7.336605890603086,1702.6704067321175,1764.2405329593269,1769.9901823281907,0.4551192145862552,0.7300140252454418,4384.350631136045,0.6535764375876585,-1.9326087458523789,36.13604488078541,43.51428177160926,38.41978322440395,51.43911920210528,43.20382751051894,45.43519111649122,41.41743678681628,44179.0,16668.0,43885.0
1509.0,568.0,10.383035122597748,2356.1643472498345,2386.9257786613653,2382.483764082174,0.4546056991385023,0.4738237243207422,4669.958250497018,-0.4223989396951619,-3.818565403015152,39.66202783300199,47.387371647214906,42.142327897877976,51.08603597745362,48.87402538063661,47.69327287997351,45.65669352055703,91469.0,21425.0,91466.0
1315.0,475.0,13.50722433460076,3008.7087452471483,3064.257034220532,3040.374144486692,0.5231939163498099,0.5034220532319391,5361.225855513308,-0.627072243346008,-4.03053982119396,35.04942965779468,44.87770722205087,50.63019125722983,50.061395435779794,57.431510228310486,46.927715192012265,52.01923327473363,68021.0,22067.0,68010.0
990.0,482.0,8.066666666666666,1962.5535353535356,1959.29797979798,1996.6454545454544,0.4535353535353535,0.602020202020202,4185.851515151515,-0.2487878787878787,-3.3278984387658745,38.1010101010101,48.23918451870574,36.77483246814967,52.59657684226488,46.09870880283117,47.88378795652173,37.97188057128415,20907.0,4943.0,20554.0
1544.0,667.0,10.267487046632125,2340.459196891192,2312.073186528497,2370.851683937824,0.4196891191709844,0.6049222797927462,4761.051813471503,-0.6745466321243522,-3.488517608458705,35.5699481865285,49.40898847395832,34.347335894599894,52.436574259883336,41.68664500194429,50.7800428778576,38.23370044060054,97910.0,20412.0,97459.0
1818.0,631.0,8.814081408140813,1996.1094609460947,2047.6705170517048,1982.920792079208,0.422992299229923,0.594059405940594,3902.229922992299,-0.2017051705170509,-1.885906903655438,35.03300330033003,45.90952677117716,43.6948728151815,51.581314803630406,52.927558289878974,48.97500430913094,51.338041369636926,82904.0,20566.0,82599.0
2594.0,737.0,12.671164225134929,2941.7124132613726,2987.597532767926,3000.731688511951,0.3457979953739398,0.4228989976869699,5100.900154202005,0.3779491133384732,-3.3188249212458003,32.0431765612953,43.545453648033934,42.30753465844255,50.33725346029298,55.51681574325365,49.282844404394766,54.09982735273709,248238.0,73668.0,247542.0
1955.0,708.0,9.030690537084398,2087.955498721228,2081.4148337595907,2136.798976982097,0.5585677749360614,0.7120204603580562,4858.972890025575,1.2945780051150888,-1.4731073812351168,38.82864450127877,49.81550449359958,52.07676998566311,54.404483657962125,60.12296973220689,51.11840715053763,53.32443264106506,161585.0,46199.0,161277.0
2296.0,852.0,9.053135888501744,2085.100174216028,2118.604094076655,2119.3571428571427,0.4917247386759582,0.6820557491289199,4484.223867595819,0.6820993031358886,-2.7164734491886726,43.71951219512195,48.427270024507656,47.33316240252941,53.43423992099518,56.20230515126413,50.9113044323144,50.79502871665211,215750.0,32918.0,214948.0
964.0,506.0,10.232365145228217,2427.358921161826,2451.702282157677,2451.6421161825724,0.4906639004149377,0.6078838174273858,5013.276970954357,0.8726141078838175,-2.140339568343236,42.9149377593361,48.06071807588357,39.80179181392934,52.08579684751035,50.14344415975105,50.23174132952182,47.6064925821206,28635.0,4791.0,28600.0
1179.0,565.0,8.576759966072943,1926.314673452078,1971.223070398643,1973.648854961832,0.3893129770992366,0.6480067854113656,4696.4758269720105,-0.5545377438507205,-3.300079181947845,36.73452078032231,47.83180124105621,29.566911651103588,52.20082717687074,39.77518089388796,49.29409194463373,32.05012234804756,26498.0,7826.0,26432.0
789.0,414.0,10.087452471482887,2352.256020278834,2360.7059569074777,2351.637515842839,0.4727503168567807,0.6210392902408112,4814.547528517111,0.1493029150823828,-2.406740052031204,40.57034220532319,48.3235005630573,42.04343798473283,52.41204364885493,49.36489148727738,50.90344289681527,47.66527765394405,22953.0,5386.0,22949.0
1065.0,495.0,15.87511737089202,3337.079812206573,3404.6769953051644,3405.6638497652584,0.3737089201877934,0.5070422535211268,5511.683568075117,-0.0265727699530516,-3.3852680630634526,38.075117370892016,45.73202594073375,52.153156778403776,51.48871446742206,57.90739116431927,48.83393999243854,52.48395580281692,26545.0,6843.0,26189.0
1468.0,432.0,18.63283378746594,4111.653269754768,4041.2520435967294,4137.029291553134,0.529291553133515,0.5313351498637602,9650.967983651226,-1.098569482288828,-4.63314122796597,39.89100817438692,47.53212731762292,52.63833341569962,54.04820598156997,58.78095223874485,46.6186423069036,48.14209313661202,347099.0,50660.0,346887.0
960.0,441.0,10.96875,2634.0270833333334,2703.295833333333,2708.3635416666666,0.4427083333333333,0.4822916666666667,4482.447916666667,0.4573958333333331,-2.317110727322889,36.47916666666666,45.78391582045927,46.77544128988532,49.64738709593323,48.33862738854168,45.98863484775806,46.01924114270834,40401.0,10527.0,40395.0
748.0,391.0,11.370320855614974,2748.204545454545,2790.5508021390374,2798.163101604278,0.5922459893048129,0.6283422459893048,4566.032085561497,0.9882352941176474,-2.416137599637392,45.24064171122995,50.97831079352225,46.65190892513371,53.92827611409392,52.85247258823532,51.69969671794869,46.91502839839574,39079.0,7831.0,39077.0
651.0,348.0,9.592933947772655,2398.084485407066,2427.241167434716,2402.559139784946,0.5376344086021505,0.5253456221198156,4844.394777265745,-1.1804915514592933,-3.5512166841507837,40.99846390168971,50.70645910956788,40.857144780337954,53.75398697542241,53.6495980184332,51.73093347919874,42.11186606758834,16257.0,3028.0,16244.0
817.0,410.0,11.031823745410035,2548.653610771114,2594.746634026928,2571.0697674418607,0.5287637698898409,0.565483476132191,4680.749082007344,0.5357405140758873,-2.081729686178704,43.45165238678091,49.50819365233412,37.63671141226995,53.23739890552143,49.77328907975463,50.81507442506141,41.48481174969328,30282.0,4878.0,30175.0
992.0,374.0,9.290322580645162,2000.0141129032256,2036.288306451613,2034.1310483870968,0.3669354838709677,0.5070564516129032,3842.9506048387098,-1.2450604838709678,-3.668687349763448,40.221774193548384,52.1209612127016,44.775585682459706,54.12833225806449,50.152779506048425,52.620828871975775,46.170457710685504,46086.0,10314.0,45830.0
1404.0,492.0,10.317663817663815,2563.333333333333,2606.0320512820517,2596.574074074074,0.2535612535612536,0.5598290598290598,4431.308404558405,2.2428062678062664,-1.5680784908534606,32.585470085470085,39.46132291168093,53.00832789458688,48.28514645655272,52.9760510619658,44.9390348874644,53.27741165028489,95014.0,27882.0,94582.0
952.0,467.0,9.673319327731091,2303.4033613445376,2351.6943277310925,2336.455882352941,0.4023109243697479,0.5714285714285714,4825.741596638655,0.0637605042016807,-3.099742434189221,40.42016806722689,47.81361649316506,35.68560031722691,51.85808308823527,48.47312396848742,50.16184379705572,42.55453835294119,29151.0,7228.0,29133.0
836.0,342.0,7.570574162679426,1756.3325358851675,1816.8217703349285,1800.078947368421,0.416267942583732,0.69377990430622,5110.857655502392,1.1178229665071773,-1.619932333101445,37.42822966507177,43.25841968023953,21.72232251017964,50.89998397238896,30.731553210778458,44.85352228177458,20.91319429820359,41664.0,10618.0,41474.0
1971.0,632.0,7.547437848807712,1639.9888381532216,1709.2404870624048,1643.3216641298834,0.463216641298833,0.6276002029426687,3438.1532217148656,1.1615930999492643,-1.9565253130555564,39.117199391172,46.68279351708318,45.9875551422764,50.747592448626726,48.49513315294711,48.72451990056102,46.5614342906504,162892.0,45697.0,162467.0
958.0,341.0,10.400835073068894,2432.8705636743216,2485.9697286012524,2465.464509394572,0.7004175365344467,0.6931106471816284,3841.453027139875,-3.273068893528184,-5.009615436768447,39.65553235908142,50.31584853187046,44.31479363740857,52.286173793103465,49.70707482967608,50.99901842946711,45.97064076071055,326929.0,80353.0,326693.0
634.0,395.0,9.290220820189274,2246.282334384858,2266.955835962145,2269.3817034700314,0.4416403785488959,0.6151419558359621,4459.255520504732,-0.3395899053627759,-2.789970600211689,36.43533123028392,47.44785047351523,41.3918162288,52.75729467670363,54.1914244129747,50.71965965286624,48.91663768304281,7077.0,2085.0,6893.0
969.0,392.0,12.075335397316822,2729.217750257998,2765.24871001032,2770.091847265222,0.4189886480908152,0.3673890608875129,4373.6480908152735,1.7213622291021693,-2.0637561968896807,40.75335397316822,47.99078987603306,61.3903702672858,50.27182875723138,59.60739851549587,50.27150225077399,69.99530281527345,77770.0,19564.0,77746.0
712.0,423.0,10.09691011235955,2359.751404494382,2388.5828651685392,2401.880617977528,0.4157303370786517,0.4592696629213483,4522.153089887641,0.6821629213483147,-3.224193833950748,35.18258426966292,48.83575292535211,45.58452385211268,51.168441650704224,49.88158498028169,49.780836012676026,48.70985171690141,9095.0,2836.0,9037.0
587.0,385.0,9.465076660988077,2383.90800681431,2400.4088586030666,2394.3781942078363,0.4633730834752981,0.5536626916524702,4775.136286201022,-0.3013628620102215,-2.701620298973288,42.31686541737649,46.992653406143326,45.24778868259386,53.27598673208191,60.30541270648467,49.8725185426621,54.39470153754268,12818.0,2469.0,12791.0
896.0,440.0,10.205357142857142,2548.082589285714,2467.178571428572,2581.9386160714284,0.4899553571428571,0.6997767857142857,6116.677455357143,-0.8393973214285712,-3.452914964138749,42.52232142857143,50.78498516985376,36.73552533631288,52.50453513692479,42.05927893169096,51.689364361797736,40.148839100671175,60626.0,14165.0,60523.0
3127.0,787.0,13.695874640230253,3448.942436840422,3340.9788935081547,3366.9040614007035,0.179405180684362,0.492484809721778,5518.6782858970255,-0.5213303485769109,-4.9100139996491805,25.321394307643107,52.2268019305601,34.32945464159999,54.07901781355941,39.819672414134935,50.5471683827951,23.125336812280125,304467.0,153064.0,293646.0
4446.0,1074.0,10.82838506522717,2483.6061628430048,2370.3630229419705,2524.2516869095816,0.3184885290148448,0.6187584345479082,4865.582995951417,0.5251911830859205,-4.282058020605475,33.54026090868196,49.072608531053184,24.38505864507418,55.55822116179131,48.75627539626447,49.709361078982994,28.245816661718404,780283.0,237339.0,761336.0
1119.0,535.0,10.845397676496871,2305.512064343164,2102.2975871313674,2340.717605004468,0.3896336014298481,0.4798927613941018,4485.66309204647,0.0305630026809646,-2.5016503299571364,38.44504021447721,47.27117540787118,28.61617673279716,52.71332508400359,45.70719701429851,48.68165803577816,31.6560609428061,53112.0,14723.0,53052.0
1503.0,615.0,9.520292747837658,2119.878908848969,2207.5934797072523,1816.9161676646704,0.5595475715236194,0.5695276114437791,4475.773120425815,-0.781037924151695,-3.500707447829181,39.96673320026613,50.37151989354624,49.32650290419164,53.861475968063885,57.82119239121764,51.1864706061211,51.55563013838992,125244.0,29945.0,124224.0
2433.0,626.0,12.166872174270448,2865.228524455405,2940.760378133991,2934.334977394164,0.5080147965474723,0.5158240854911632,4336.122893547061,-3.2397862720920663,-4.179680789190516,42.71270036991368,51.40860646049382,33.00199892801319,54.87767688276431,46.57392505388728,54.07743161769549,43.58085256149732,680474.0,117136.0,680383.0
2484.0,712.0,10.135265700483092,1982.866747181965,2090.005233494364,2087.913043478261,0.5185185185185185,0.607487922705314,4868.06884057971,-2.9160225442834182,-4.445583682307709,45.41062801932368,50.097559519161,42.02017341273679,52.600840215781,46.30099884661833,50.56480716800969,43.19580842811113,857873.0,124301.0,857679.0
1188.0,561.0,9.60016835016835,2139.345117845118,2178.526936026936,2154.622895622896,0.4932659932659932,0.6296296296296297,4096.537878787879,0.1830808080808079,-4.102453841415407,41.4983164983165,49.92305296548822,42.332603517676766,53.358323474747486,47.67911141919192,51.936642622053874,43.259263182659936,102927.0,20431.0,102275.0
952.0,494.0,8.532563025210084,2029.031512605042,2063.2678571428573,2067.705882352941,0.4894957983193277,0.7006302521008403,3874.118697478992,-1.0135504201680676,-3.9399051042372686,44.52731092436975,50.29102532864863,45.87165327116826,53.16763483999996,54.28180081263158,51.1964342540021,50.99570917234041,34046.0,6957.0,33969.0
1493.0,602.0,7.720026791694575,1745.649698593436,1819.1373074346952,1786.2967180174146,0.4567983924983255,0.6336235766912257,3899.250502344273,0.5720696584058936,-4.63556095653108,39.39048894842599,49.49443297366643,55.82627746272665,52.10889873283987,58.36210103828072,50.45512305596765,57.52073953055742,66054.0,14136.0,65644.0
1215.0,530.0,10.213168724279836,2120.7349794238685,2169.7794238683127,2129.464197530864,0.4238683127572016,0.5102880658436214,4132.239506172839,-0.2439506172839507,-3.3609449369651543,40.91358024691358,48.41491538171139,44.12198724731186,53.32236163249997,55.8549814921423,49.96665893472802,49.23005223490491,58430.0,14019.0,58335.0
977.0,417.0,9.428863868986694,2226.0174002047083,2200.489252814739,2294.119754350051,0.345957011258956,0.5946775844421699,4879.421699078813,0.7742067553735914,-2.078882624566766,34.31934493346981,47.77096959426228,39.719916155737735,52.49233687909834,51.11353066290984,49.47198554200817,38.29618948463118,43876.0,15869.0,43697.0
813.0,428.0,10.113161131611315,2473.7675276752766,2498.3050430504304,2455.0676506765067,0.3800738007380074,0.4452644526445264,4884.623616236162,-0.3221402214022139,-3.7062767341710905,39.32349323493235,49.42300875466998,47.30864927552277,54.04642727564892,57.28269171709718,51.34264402860695,49.69165702583027,22929.0,5334.0,22851.0
1147.0,413.0,7.952048823016565,1826.6791630340017,1860.3888404533568,1848.2807323452485,0.4455100261551874,0.6634699215344376,3518.333914559721,-1.0083696599825631,-4.714285785960379,44.45510026155188,52.353522623467526,34.0393279389712,54.9407497172774,39.57181918482995,53.63398257756345,41.30123036965993,143179.0,30742.0,143151.0
1609.0,563.0,8.801740211311374,1907.196395276569,1977.77874456184,1931.97203231821,0.5344934742075823,0.764449968924798,4372.5935363579865,-0.739030453697949,-3.447740157162109,46.65630826600373,50.97052155077125,44.26116363721218,54.59988586951069,52.76397709266166,51.92218143908632,49.107321179726334,354165.0,71079.0,352088.0
1260.0,564.0,7.824603174603174,1757.3396825396826,1784.429365079365,1788.4420634920634,0.4404761904761904,0.6007936507936508,4168.842857142857,-1.4291269841269842,-3.495537383192989,40.6031746031746,48.79438454249403,34.27785665476191,52.92575348730156,48.77077746349208,50.79003642652897,43.57629268333334,99370.0,20367.0,98958.0
883.0,494.0,11.458663646659115,2786.8878822197057,2806.013590033975,2833.1698754246886,0.5741789354473387,0.5900339750849377,5349.38731596829,-0.3439411098527745,-2.7909516010669653,46.44394110985277,48.53757159038902,40.714935516421285,55.08066753068181,49.4377554314836,51.98485415525112,45.59077924462063,41991.0,7202.0,41980.0
957.0,497.0,8.06269592476489,1906.020898641588,1961.957157784744,1909.9759665621732,0.4294670846394984,0.6489028213166145,4441.968652037617,0.2563218390804601,-2.042147449626693,37.92058516196448,48.15438380877742,40.357275316614434,51.98950914733541,49.98386485788925,49.66382934169278,42.78950194252875,32247.0,7566.0,32203.0
1173.0,581.0,7.530264279624894,1556.0520034100596,1587.1653878942882,1590.924126172208,0.4526854219948849,0.6146632566069906,3893.716965046888,0.4034953111679452,-2.5700973228166664,39.34356351236146,47.73789637337942,50.930287754475735,51.4272974056362,52.47024214663257,48.65603370750646,50.45747154475704,31724.0,8794.0,31539.0
1418.0,576.0,10.980253878702396,2425.5359661495063,2451.215796897038,2447.52538787024,0.4788434414668547,0.5049365303244006,4899.0803949224255,-0.1937940761636105,-1.794490395427013,35.33850493653033,46.1031846383581,54.65244540832153,51.47380858321584,55.24331457968966,48.34043449858958,57.25153536953451,68502.0,17957.0,68245.0
1170.0,469.0,10.188034188034187,2297.2581196581195,2318.0820512820515,2306.302564102564,0.4632478632478632,0.5478632478632479,4139.718803418804,0.6841025641025643,-4.322279899733747,39.256410256410255,46.82497653047209,47.579504096995706,49.94145575107296,54.03413026866951,49.11820249785408,51.69988377339055,86690.0,21646.0,85422.0
1220.0,586.0,9.550819672131148,1969.79262295082,2001.1204918032784,2002.8795081967212,0.4819672131147541,0.5745901639344262,3903.120491803279,1.1162295081967215,-1.1732829312639192,41.30327868852459,42.09034811247948,56.30784912059065,50.27961202625106,49.03674676065573,45.09263248728466,50.664040952459,76854.0,14716.0,74831.0
3815.0,1166.0,8.202359108781128,1566.9391874180865,1608.8872870249018,1595.4545216251638,0.4875491480996068,0.8041939711664482,4103.454521625164,1.1750720838794184,-0.1543125104553613,41.68807339449541,47.527463776671055,38.88291835858453,51.48340845437859,49.15281696671035,49.21167559412691,46.61639864377458,1061071.0,107960.0,925134.0
1569.0,474.0,14.347992351816444,3123.518801784576,3113.634161886552,3176.14850223072,0.5258126195028681,0.3403441682600382,4856.444231994901,-0.7325685149776916,-5.630709097185479,47.41236456341619,48.639890567964336,20.436807036989823,53.188080096938855,39.84414155194392,50.33911496301031,21.31702590822184,620097.0,93524.0,619648.0
1533.0,486.0,13.01174168297456,2807.0528375733857,2648.8414872798435,2853.943248532289,0.4507501630789302,0.4905414220482713,5233.734507501631,-0.1328114807566861,-3.816287346440881,37.44944553163731,49.010258182295146,21.957985217419782,54.52828780548312,41.35591677349864,52.20779110929328,40.66995739607841,209028.0,51124.0,208930.0
1279.0,529.0,19.32838154808444,4361.236903831118,4161.313526192338,4392.107114933542,0.3057075840500391,0.4018764659890539,7132.451915559031,1.3738076622361215,-2.870381027573409,34.35496481626271,48.777851857142885,28.487595425548616,53.98009592025023,44.975868612978914,51.4503775184314,32.632464500390974,86208.0,18571.0,86036.0
635.0,401.0,10.537007874015748,2479.699212598425,2497.64251968504,2511.620472440945,0.3700787401574803,0.5984251968503937,4998.733858267717,-0.2815748031496063,-3.4300673067731924,35.84251968503937,47.71753279614766,43.56016242429024,50.90201986031744,48.709804028391176,48.21920605582135,43.69944684069402,9121.0,2396.0,8999.0
959.0,531.0,10.43169968717414,2433.364963503649,2506.7507820646506,2514.589155370177,0.4358706986444213,0.5328467153284672,5034.290928050053,-0.6649635036496352,-3.509696100555764,38.35245046923879,48.98328624058576,39.20199266666668,51.930401473849344,44.2445233152401,50.6320379141361,41.81818868129573,29378.0,6868.0,29372.0
2100.0,805.0,9.326666666666666,1760.1809523809525,1949.6966666666667,2024.6042857142857,0.4442857142857143,0.5838095238095238,4340.679523809524,-0.2025238095238127,-3.2990221407586917,36.32380952380952,48.01873934666676,41.623275257619056,50.97939061248814,44.28230808190473,49.3965217460696,42.9290342709524,166248.0,49524.0,166112.0
1947.0,673.0,10.52593733949666,2291.21366204417,2129.466358500257,2327.564458140729,0.4078068823831535,0.5233692860811505,4663.938366718027,-1.3535695942475596,-3.9625627420116927,38.068823831535695,49.138954804113176,42.96187852028758,52.85247997687572,49.192477972778505,50.8509855408741,48.12014266666661,215151.0,43047.0,214721.0
1406.0,573.0,7.9950213371266,1782.2140825035565,1781.9893314366998,1818.7005689900427,0.3790896159317212,0.6571834992887624,4182.933143669986,0.92972972972973,-3.302916910910762,38.22190611664296,50.74456907642864,39.94804620342615,53.0629484273505,45.32725721438745,51.98998987606845,43.85093118376068,94119.0,18619.0,94063.0
1631.0,794.0,8.330472103004292,1945.3421213979157,1975.6333537706928,2001.689760882894,0.4432863274064991,0.7167381974248928,4598.592274678112,0.5264255058246442,-2.581742065071795,35.85530349478847,49.137932331277,34.32422467852763,53.73938088314887,46.19536630613498,50.37512855302097,36.43348090674848,78839.0,26114.0,78694.0
1131.0,451.0,11.024756852343058,2294.2935455349248,2313.6224580017683,2302.425287356322,0.3819628647214854,0.3227232537577365,4310.510167992927,1.6500442086648983,-1.7213765158391854,36.07427055702918,48.88339385472381,38.82979024977859,52.75315853900713,42.04101634219856,50.9706414230089,39.037278662831845,107482.0,30940.0,107421.0
1191.0,495.0,7.429890848026869,1674.1486146095715,1614.635600335852,1738.4693534844669,0.4047019311502938,0.7061293031066331,4662.005877413938,-0.1994962216624685,-2.7607598464450054,40.075566750629726,47.543985809604045,45.52742924726663,49.96890233361344,55.12061408655464,46.72638522605042,53.543690405882366,130639.0,33888.0,130533.0
574.0,351.0,7.461672473867596,1840.0487804878048,1879.738675958188,1875.5104529616724,0.4320557491289198,0.6149825783972126,4221.11149825784,0.4228222996515681,-2.821460333375379,43.10104529616725,49.01347863333332,54.08964741433567,53.20725559544657,63.47958589685316,50.24967670753063,56.0839945332168,20515.0,2917.0,20294.0
985.0,460.0,8.334010152284264,1955.3472081218276,1999.791878172589,1986.3604060913704,0.4903553299492386,0.7573604060913706,4485.445685279188,-0.3958375634517768,-2.062165655011176,39.96954314720812,48.66960703665988,46.28519502335028,52.94900969959269,57.7693869705584,50.06424799490839,54.06273503350253,82140.0,18588.0,81963.0
1245.0,495.0,8.15983935742972,1951.6554216867469,1844.4369477911648,1991.2506024096383,0.4562248995983936,0.5389558232931727,5320.795983935743,1.103614457831325,-1.4574689303096964,36.72289156626506,47.389153666666736,39.08472029718877,51.81625779116472,43.62498996947793,49.04487535823297,43.96045297590362,80517.0,31407.0,80175.0
2597.0,1186.0,9.145937620331152,1964.062764728533,2016.050827878321,1991.001540238737,0.4339622641509434,0.6033885252214093,4412.501347708895,1.795918367346937,-0.6214452470506819,38.848671544089335,39.93840861686275,59.525381525745246,47.20588958122327,60.2493976612591,43.57476046484377,61.7286951062186,121059.0,29323.0,115282.0
1558.0,645.0,10.017971758664956,2207.368421052632,2221.6611039794607,2241.3735558408216,0.5301668806161746,0.5847240051347882,5027.698331193838,0.7843388960205387,-2.680631912024077,35.8408215661104,47.37079852292897,44.21821061849711,52.39200130701159,50.62899822093769,48.246759187188616,46.393640676300585,68950.0,21068.0,68824.0
1202.0,538.0,9.29783693843594,2179.379367720466,2245.576539101497,2222.5981697171383,0.5399334442595674,0.4292845257903494,4522.376039933444,0.3128119800332777,-3.162450135505134,34.27620632279534,43.36461041385434,46.90655139517472,51.34456405074874,50.52913949001663,46.37735858473824,54.85631955324455,53200.0,17260.0,52925.0
1162.0,595.0,9.567125645438898,2203.653184165232,2219.381239242685,2218.2297762478483,0.3476764199655766,0.5223752151462995,4156.774526678141,-0.3790877796901894,-2.7395855263170485,31.927710843373493,48.41447803196348,39.66573447762477,52.41391692782614,45.6469865851979,49.47440433365853,43.55144308519793,30717.0,11766.0,30314.0
1628.0,689.0,8.877764127764127,1966.47542997543,2013.254914004914,2013.4570024570023,0.441031941031941,0.5921375921375921,3994.16031941032,-0.2882678132678136,-3.3739550564744087,39.54545454545455,48.90694301907691,41.99965285626535,52.21561501905349,49.35838167874692,49.77640600984615,44.65412201474202,86735.0,19955.0,86585.0
1381.0,502.0,12.987690079652426,2860.927588703838,2907.538740043447,2920.4395365677046,0.4221578566256336,0.3410572049239681,4723.014482259233,1.2907313540912448,-3.8322719669241248,37.5887038377987,45.55238826569343,71.23179600796524,50.49185210989821,56.73153519261403,49.33122060802929,53.35304652715424,275337.0,72637.0,275275.0
1322.0,653.0,9.351739788199698,2140.1512859304084,2139.0121028744325,2140.6172465960667,0.3888048411497731,0.5771558245083207,4648.188350983359,-0.2726172465960664,-2.6962831472610334,34.96217851739788,46.34705180805685,33.58670751476156,51.3843801091331,44.4780364314913,48.56690159429475,38.1599371286904,42583.0,12179.0,42495.0
1917.0,700.0,13.243609806990088,2833.200834637454,3087.6275430359938,3068.693270735524,0.4100156494522691,0.5821596244131455,5584.2603025560775,1.8679707876890972,-3.383740231184873,36.44757433489828,46.8496715528796,35.62799612467396,50.7627869858787,27.764491078768906,48.27559706070123,33.04994916223265,139541.0,38937.0,138870.0
704.0,440.0,8.112215909090908,1922.21875,1950.1491477272727,1930.515625,0.5,0.6136363636363636,4256.480113636364,1.0875,-2.9844806836947964,39.98579545454545,49.23963753703704,44.70941001422476,51.94846580227595,52.38910421479377,50.21096287037036,47.45600762873402,11382.0,2262.0,11361.0
1725.0,435.0,13.577391304347826,2906.239420289855,3029.433623188406,3031.222028985507,0.456231884057971,0.3176811594202898,4792.730434782608,1.1768115942028965,-5.2951816752919205,39.553623188405794,49.280508841555495,43.93175137006952,49.48654818840589,50.59093992405791,51.12391100174024,43.26972342724629,686225.0,123118.0,686151.0
593.0,289.0,9.51433389544688,2450.033726812816,2501.2596964586846,2477.1399662731874,0.5885328836424958,0.6357504215851602,5017.964586846543,0.2618887015177064,-3.040607942100732,34.8566610455312,51.58197898648648,58.01669504047214,54.130339906937394,63.74344659190555,51.99516230574325,59.34807902023606,53530.0,17237.0,53529.0
823.0,432.0,8.313487241798299,1970.503037667072,2017.7582017010936,2000.3803159173756,0.362089914945322,0.5479951397326853,4212.691373025516,-0.0019441069258808,-2.9298986470143333,33.80315917375456,47.48571965341613,31.484431139130447,52.822711785627256,45.67897792813645,49.99099078136643,45.73350624844723,15884.0,5066.0,15840.0
1450.0,663.0,9.580689655172414,2426.886206896552,2450.653793103448,2465.8565517241377,0.3717241379310345,0.5944827586206897,4909.436551724138,0.4059310344827582,-2.4593238493343943,34.12413793103448,47.69988359383755,35.8259857535014,51.296433525000026,49.74391388749997,48.19000291067692,39.31256861758547,73112.0,23035.0,73030.0
1291.0,593.0,7.522075910147173,1663.2013942680094,1711.3539891556932,1703.7885360185903,0.4360960495739737,0.6491092176607282,3782.163439194423,-0.4159566227730441,-3.1330893812700387,43.013168086754455,50.34840262965836,43.73244859549691,52.99398377906974,51.08676303720933,51.12531835686577,41.47514828161368,94914.0,19225.0,94760.0
1063.0,459.0,9.523988711194733,2188.423330197554,2228.438381937912,2216.962370649106,0.4402634054562558,0.6020696142991533,4391.846660395108,0.0727187206020696,-3.148840445096233,42.20131702728128,49.00291271589837,23.44025930385704,52.6841148871119,37.335205418626565,52.03120370837249,37.78623801505177,122639.0,19574.0,122618.0
1134.0,496.0,8.04320987654321,1776.1243386243386,1824.6243386243384,1834.1437389770724,0.4329805996472663,0.5802469135802469,3972.795414462081,1.6141975308641956,-3.0574457755832563,32.71604938271605,49.32787104251551,40.7194508083039,53.38426308930151,51.99647184363958,51.27237498053098,44.29053340901062,48355.0,17223.0,48222.0
3021.0,1043.0,9.404832836809003,2073.266137040715,2088.8901026150284,2098.235683548494,0.3369745117510758,0.5998013902681232,4282.1062562065545,2.156703078450842,-1.6704559482328605,31.27110228401192,49.08513557668104,31.1058604750083,53.654115270109294,45.53206625488247,51.066719821582296,39.60570416054291,206341.0,79750.0,205904.0
6863.0,1463.0,10.615037155762789,2270.859828063529,2297.80984991986,2252.9803293020545,0.4009908203409588,0.7914906017776483,5724.831997668658,2.6313856913886053,-2.158555109748409,30.352615474282384,47.54035531851306,30.794815263664148,52.59112712286855,40.561122106091325,50.53253304766771,35.952073024340365,898744.0,344602.0,878873.0
4355.0,1336.0,9.63788748564868,2021.611251435132,2089.739380022962,2079.402985074627,0.3889781859931113,0.6156142365097589,4881.806888633754,0.2680137772675092,-1.236169742532502,34.82204362801378,49.94335614436787,27.23854964528737,53.62166426504376,43.757827259072094,51.4413846770786,40.21560213688565,686946.0,169012.0,686552.0
2902.0,1148.0,11.684700206753964,2513.8356305995867,2565.724328049621,2559.473121984838,0.4900068917987595,0.4996554100620262,5186.887663680221,1.524328049620952,-1.9898272167914175,40.3342522398346,49.558868961684624,21.994579066551736,54.02629223509135,46.60485474431425,51.29774657645852,31.89160248120039,282862.0,55054.0,277426.0
8051.0,1291.0,10.921127810209912,2049.167681033412,2086.702148801391,2083.9749099490746,0.4865234132405912,0.6584275245311142,4495.892808346789,1.6125326046453874,-2.338563142128252,39.45969444789467,48.70319492637763,24.142320047861595,51.95786968241177,33.665975239964986,51.13207646270546,31.204940490490785,4708301.0,738477.0,4654684.0
5334.0,972.0,9.729658792650918,2135.937757780277,2202.3910761154857,2181.143607049119,0.5785526809148857,0.5890513685789276,4917.733033370829,0.4132170978627662,-1.7890785493065595,34.945631796025495,47.83843663442083,7.015485863329554,53.57494616291734,34.21901063610793,49.09433335020636,11.291954284964367,1370310.0,385944.0,1370099.0
2268.0,724.0,9.76146384479718,2371.6097883597886,2455.104938271605,2432.070987654321,0.3408289241622575,0.6662257495590829,4509.686507936508,1.1866843033509706,-1.5469767380902404,32.67636684303351,48.07262140141153,20.293229728275183,52.33713833774245,38.57692528791882,49.3910264909572,23.094352911777616,197879.0,77277.0,196010.0
1616.0,673.0,8.450495049504951,1854.7196782178216,1889.8558168316831,1890.694306930693,0.4548267326732673,0.5501237623762376,3998.858910891089,1.0913985148514842,-3.0028721545155475,36.0210396039604,44.32931759009287,28.715081575851404,51.25675132487628,41.3190049170792,46.281387943069305,34.88051779207922,104829.0,28507.0,104435.0
2620.0,805.0,8.604961832061068,1628.0301526717558,1691.7812977099236,1683.9958015267175,0.3816793893129771,0.5156488549618321,3382.5885496183205,2.3395801526717586,-2.4009642252258527,35.99236641221374,50.67252101643107,34.819693439816554,54.50567640374329,48.63948091673025,53.50631839190219,46.25159056111531,367409.0,40987.0,365189.0
1888.0,799.0,10.634533898305085,2453.585805084746,2507.3506355932204,2490.6943855932204,0.4475635593220339,0.6414194915254238,5502.433262711865,1.304713983050846,-3.079055483250034,35.29661016949152,50.89919245811244,40.00386940933191,54.65428340510367,56.41684556034027,52.96042816994158,46.134617535847056,120511.0,44045.0,120437.0
4154.0,1084.0,9.91478093403948,1924.534665382764,1953.019017814155,1957.059942224362,0.4398170438131921,0.7347135291285508,4324.940057775638,1.4851949927780448,-2.553113256897271,37.195474241694754,50.79008897997596,31.855844768989595,54.35098135532028,44.22679952792484,52.87695551734949,39.4081663665703,1177267.0,236639.0,1051536.0
3083.0,813.0,13.0373013298735,3126.573143042491,3093.020759000973,3137.01459617256,0.446642880311385,0.4323710671423937,5206.540707103471,1.9129095037301325,-1.886665487034656,38.69931884528057,50.52106790006517,33.36047572005202,53.43949318196563,43.74040470840083,52.924256428617824,41.79229020992851,739750.0,150654.0,738798.0
1508.0,794.0,10.088859416445624,2050.518567639257,2090.456896551724,2081.6949602122017,0.4489389920424403,0.5610079575596817,4175.936339522546,1.734018567639257,-1.4547496605805603,41.07427055702918,48.17960481744419,28.54884119243756,53.442730902065264,47.65779697934713,50.77327319999996,37.15595307219255,94510.0,18638.0,94420.0
2260.0,835.0,10.14867256637168,1881.0743362831856,1926.5646017699116,1913.1119469026548,0.386283185840708,0.6305309734513275,4463.876106194691,0.9733185840707969,-1.9002554302245072,34.575221238938056,49.93358420805668,36.829930034971206,53.285443214159336,43.79372571194686,51.92029487964604,39.9925281433628,113973.0,32253.0,113589.0
2121.0,632.0,7.195190947666196,1508.6595945308816,1565.122112211221,1546.8642149929278,0.3809523809523809,0.7251296558227251,3891.024516737388,0.2799151343705795,-1.9854112724783624,37.61433286185761,42.27478993717522,40.31143316360212,54.05777766713815,53.647549589344685,51.3037675766871,44.65511058368696,244479.0,55967.0,242420.0
