mentions,events,avg_sentenceid,avg_a1co,avg_a2co,avg_actco,avg_raw_text,avg_root_event,avg_len,avg_goldstein,avg_tone,avg_confidence,avg_lat1,avg_lon1,avg_lat2,avg_lon2,avg_lata,avg_lona,total_num_mentions,total_num_sources,total_num_articles
762.0,456.0,7.102362204724409,1947.8267716535436,2019.3608923884517,1981.0485564304463,0.8517060367454068,0.7191601049868767,3972.8543307086616,-0.5464566929133858,-3.114479423755588,68.83202099737532,35.069277610872696,-29.85846663090129,34.48631566523607,-31.514839310443502,34.55331243204579,-31.37980663948498,146455.0,10325.0,101487.0
686.0,383.0,8.406705539358601,2413.3556851311955,2482.991253644315,2455.30612244898,0.8746355685131195,0.4970845481049563,4514.396501457726,0.4682215743440233,-2.7507052466640904,66.76384839650146,35.92675078571428,-44.97884173571429,35.97014096428571,-45.493411605357146,35.93901757142857,-45.14992517678572,36631.0,4652.0,36339.0
1475.0,501.0,7.844745762711864,2352.654915254237,2398.130169491525,2382.3349152542373,0.7932203389830509,0.6766101694915254,4408.701694915254,0.4376271186440679,-3.7102697182771194,65.23389830508475,30.721704695746222,-50.087399706560895,30.773769215162464,-50.523862322743646,30.74401180000001,-50.83942038267144,264312.0,29863.0,262515.0
1559.0,573.0,6.76651699807569,1818.8800513149451,1850.5535599743423,1830.742783835792,0.7851186658114175,0.6170622193713919,3293.048749198204,-0.6188582424631158,-3.091554990076065,63.70109044259141,33.74115267739725,-47.555266800000034,32.086511891021246,-42.86469160795066,33.07473163854594,-46.79585065569273,164804.0,22135.0,164741.0
1002.0,447.0,6.872255489021956,1700.940119760479,1746.2085828343313,1730.6007984031935,0.8972055888223552,0.7275449101796407,3363.468063872256,-0.0964071856287428,-4.262888182555719,69.48103792415169,33.04336192391303,-39.84264717753624,33.07511687560386,-41.47503289855073,32.96663571618357,-39.76805758454107,122358.0,13626.0,122125.0
1630.0,586.0,8.269938650306749,2156.7527607361963,2213.930061349693,2176.7828220858896,0.8294478527607362,0.5447852760736196,4555.362576687116,-0.6230674846625767,-2.2876572814645937,64.88957055214723,36.88148391040841,-62.28127118247693,36.62998283662712,-61.2515922826087,36.69141033596837,-61.95897676218708,381977.0,45234.0,380128.0
1277.0,555.0,6.1487862176977295,1585.2310101801097,1652.6789350039155,1616.420516836335,0.8770555990602976,0.7525450274079875,3118.1064996084574,-0.4841816758026623,-4.0491080758321,68.02662490211434,35.872039264084506,-53.04786562588026,35.883599176056336,-53.56101201936621,35.957738788732385,-53.49538989524647,198157.0,21939.0,197761.0
2065.0,605.0,7.504600484261501,1902.675544794189,1947.5089588377723,1940.050847457627,0.7501210653753027,0.553995157384988,4021.581113801453,0.8310895883777228,-2.516786070465342,56.72154963680387,31.18758635979897,-35.46359385427137,30.880182817085405,-36.84872574874373,31.35285178190952,-35.28768010050251,382487.0,55778.0,382187.0
1650.0,667.0,8.096969696969698,2163.079393939394,2215.9624242424243,2195.0581818181818,0.6666666666666666,0.6260606060606061,4167.032121212122,-0.5146060606060607,-2.5506747413473345,56.696969696969695,30.70400129449838,8.304320504207121,30.741309961190165,3.778018923027168,31.39114165588616,-0.3375151908150143,136072.0,30597.0,135105.0
1876.0,567.0,6.744136460554371,1716.733475479744,1775.587420042644,1765.766524520256,0.8640724946695096,0.7281449893390192,3386.161513859275,-0.9638059701492552,-3.9245935099495353,63.57675906183369,33.94970847636819,-31.57807325995028,33.21103350560402,-31.54701353175596,33.724326934079635,-32.13364299253735,535984.0,68286.0,535084.0
999.0,430.0,8.362362362362362,2129.743743743744,2193.106106106106,2182.4544544544547,0.8778778778778779,0.6376376376376376,3933.883883883884,0.531031031031031,-2.892375925450281,67.997997997998,33.89089063947078,-45.01909727012129,33.896805810363844,-44.144220445424494,33.936259724366046,-44.7219619007718,165073.0,17672.0,164692.0
1423.0,540.0,6.354884047786367,1906.829936753338,1924.7512297962053,1950.9536191145469,0.7828531271960647,0.6451159522136332,3843.1018973998594,0.1191145467322559,-2.624011131591616,62.19957835558679,32.66251551776268,-50.66607730385488,32.90419490551777,-49.38898858049887,33.02123607709753,-50.93020360770975,110347.0,18011.0,109175.0
1632.0,639.0,8.672794117647058,2412.8970588235293,2480.863357843137,2448.895220588235,0.8455882352941176,0.6213235294117647,4256.670343137255,-0.3199142156862744,-3.1082944063310904,60.39828431372549,22.45367917388408,-47.569924112591615,34.770464503664215,-31.14602478414385,22.43982667554964,-45.05659302131914,201208.0,33060.0,199851.0
1049.0,535.0,7.361296472831268,1923.853193517636,1984.0152526215445,1964.3879885605336,0.8255481410867492,0.7197330791229742,4018.9113441372738,0.3836987607244996,-3.887273043509996,63.975214489990464,32.12656687103595,-35.9344590961945,32.251004048625795,-33.61297255708244,32.45802265327695,-31.989950009513745,58634.0,7693.0,58077.0
1482.0,492.0,6.874493927125506,1572.4892037786774,1660.339406207827,1618.076923076923,0.8299595141700404,0.6875843454790823,3310.074898785425,-0.2109986504723346,-3.4198695497444898,68.19838056680162,34.7557842755102,-49.67239480539357,34.886522030612234,-48.949695771137016,34.94473861953352,-49.06787214431485,287857.0,32563.0,287766.0
1224.0,570.0,7.042483660130719,1849.96977124183,1903.6764705882356,1890.749183006536,0.7916666666666666,0.5383986928104575,3744.1617647058815,0.5346405228758159,-3.130809894252624,58.97875816993464,31.760222024221445,-32.41730484948096,31.72316967128027,-32.39949594031141,31.764107923875425,-32.62378521280273,149569.0,18091.0,147947.0
989.0,560.0,6.37108190091001,1621.4135490394335,1695.1152679474217,1663.5116279069769,0.8321536905965622,0.654196157735086,4115.483316481294,0.1306370070778565,-3.260443948415096,62.21435793731042,30.36062512403102,-31.021356188261336,30.41443546733113,-30.561925974529345,30.130642424141765,-30.286055316722027,37272.0,6453.0,37219.0
1262.0,607.0,6.358954041204437,1727.8882725832011,1792.6022187004755,1770.1259904912836,0.8541996830427893,0.7385103011093502,3875.013470681458,-0.2850237717908083,-3.4010676793929875,59.23930269413629,29.734267932862203,-20.701442578621908,29.85189505300354,-26.563390484982325,29.338054858657248,-20.664519787102467,73029.0,10791.0,72816.0
1154.0,433.0,7.286828422876949,1862.8518197573655,1910.521663778163,1891.6395147313688,0.8752166377816292,0.6369150779896013,3790.485268630849,-1.0838821490467938,-4.176152764633716,58.23223570190641,31.135916771428555,-56.591385799238815,31.003136133333317,-58.13994373453853,30.95242413333332,-58.21907547288296,120058.0,20480.0,114189.0
1571.0,580.0,6.528962444302992,1627.6136218968809,1729.7657542966265,1678.805219605347,0.7211966900063653,0.7294716740929345,3439.8192234245703,-0.2489497135582439,-3.534530736304513,62.8071292170592,32.48568606623584,-18.31769328271406,31.45311260096929,-18.5979857714055,31.59848153473343,-19.255556933764144,297491.0,31205.0,297461.0
1554.0,463.0,6.666023166023166,1708.3384813384814,1798.3024453024452,1763.7979407979408,0.8674388674388674,0.7117117117117117,4157.375160875161,0.0680823680823675,-2.701207172466198,69.79407979407979,35.08848689771197,-58.04211734522216,35.0261689973082,-58.28081108681031,35.022799818304165,-58.11432064266496,795594.0,63367.0,668492.0
2236.0,555.0,7.203935599284437,2165.358228980322,2224.3984794275493,2210.294722719141,0.759391771019678,0.5907871198568873,6024.488372093023,0.6615831842576029,-2.4752165505198884,51.288014311270125,37.40908811742777,-67.69828544315004,37.4363842637465,-67.61483268918919,37.39759959459459,-67.40463898462257,541462.0,108033.0,540742.0
1375.0,511.0,5.621818181818182,1328.5934545454545,1365.5098181818182,1361.9825454545455,0.8465454545454546,0.7869090909090909,3671.124363636364,0.2026181818181804,-3.47952894756474,57.345454545454544,28.18933373349058,-64.37068167216981,28.43933735770442,-64.96379421226413,28.369540848270457,-64.73669243474843,509930.0,79760.0,509422.0
1039.0,459.0,6.870067372473533,1802.7247353224252,1870.652550529355,1834.033686236766,0.87776708373436,0.6592877767083735,3754.2483156881617,0.098556304138595,-3.212477331812805,66.25601539942252,33.32667531140349,-27.4875664989035,33.28840248245612,-23.942693055921048,33.33412013596489,-26.902452463815777,134455.0,17947.0,133745.0
1082.0,536.0,5.707024029574861,1533.865988909427,1607.550831792976,1571.3086876155269,0.7532347504621072,0.6968576709796673,3376.4399260628466,0.3736598890942703,-3.1973560958473906,56.34935304990758,30.84845931282053,-34.891388738461565,31.2670125846154,-33.66120301230772,30.758883528205143,-33.970017056410285,41795.0,8456.0,41757.0
1253.0,453.0,5.924980047885076,1508.1141260973664,1563.9169992019154,1551.2114924181965,0.7861133280127693,0.7940941739824421,4035.330407023144,-1.418595371109337,-2.8828486920744667,52.25059856344773,31.80443265433137,-48.50517705882351,31.737215833473503,-48.31895047563025,31.72711995458368,-48.34196081176469,178768.0,38615.0,178426.0
2383.0,536.0,11.507763323541754,3315.37893411666,3370.388585816198,3338.682333193454,0.5430130088124213,0.5451112043642468,5993.142257658414,1.228451531682752,-3.056104422418064,52.83256399496433,34.25057207624892,-17.855449198948214,34.17884640227877,-18.179412987729965,34.12533741367225,-17.88690957449601,1193602.0,97787.0,1096730.0
2097.0,546.0,5.075822603719599,1272.6456843109204,1344.132570338579,1309.414878397711,0.7076776347162613,0.7863614687649022,4086.853123509776,0.9729613733905568,-3.2646941887644467,50.88698140200286,24.62103198588709,-20.989956707661264,24.604691728830645,-26.425269585685463,23.01183932963709,-24.503517569556426,266451.0,53047.0,258563.0
1251.0,494.0,8.597122302158274,2225.765787370104,2293.4076738609115,2272.8057553956837,0.7354116706634692,0.6258992805755396,4128.748201438849,0.1621103117505994,-3.81532861863984,59.20063948840927,32.498207533391145,8.455602208152648,32.50407015264527,6.907839443191659,30.264599294015618,7.196731531656542,96236.0,15766.0,96181.0
1247.0,449.0,8.119486768243785,2168.773055332799,2258.2927024859664,2212.5661587810746,0.7169206094627105,0.5396952686447474,3903.267040898156,0.836006415396952,-3.4695155097187502,58.588612670408985,28.41348149584487,-18.528909127423827,28.834718384118183,-15.947849859649144,29.31472373961218,-18.44911043213298,105550.0,15731.0,105358.0
1101.0,468.0,7.267029972752043,1989.1571298819256,2087.35876475931,2056.740236148956,0.7774750227066304,0.6939146230699365,4145.633969118982,0.0602179836512257,-3.548315005920813,62.96094459582198,30.69606986925435,-27.60542245760981,30.75846249233913,-28.075187881511752,30.913798958120545,-28.10950335648621,136927.0,8224.0,136747.0
1144.0,486.0,5.151223776223776,1200.0786713286714,1257.770979020979,1231.4982517482515,0.7797202797202797,0.7325174825174825,3782.770979020979,-1.736276223776224,-4.028542445503535,63.0506993006993,36.13115696025103,-32.92777094456066,36.058805841004165,-31.1085932876569,36.13466204393305,-32.50772055753138,96769.0,9482.0,96520.0
1042.0,487.0,6.053742802303263,1587.8262955854127,1631.3493282149711,1588.2955854126678,0.8694817658349329,0.7312859884836852,3859.426103646833,-1.0562380038387722,-4.004701338002071,59.34740882917466,28.863041745177664,-4.510214642639573,29.448450263959383,-3.5838406324872905,29.523886415228414,-4.3640247949238375,122280.0,14368.0,122088.0
1201.0,536.0,7.065778517901749,1915.442964196503,1977.210657785179,1963.165695253955,0.7885095753538718,0.626977518734388,4021.237302248127,-0.7238134887593674,-3.371012632668516,66.76935886761032,21.630817548094363,21.386446540834893,21.125320125226857,19.165212225045423,21.646579344827583,20.201066011796776,189424.0,16583.0,188992.0
1116.0,485.0,7.120071684587813,1805.136200716846,1882.05376344086,1847.103046594982,0.7661290322580645,0.600358422939068,4798.1577060931895,-0.2398745519713262,-3.816639705744363,57.93010752688172,34.31181170940171,-41.72093742545111,34.386317682811004,-44.34955790028491,34.50080866096865,-43.63899827065527,133624.0,19628.0,132663.0
1487.0,481.0,6.718897108271688,1724.5339609952923,1787.517148621385,1759.448554135844,0.8823133826496301,0.5406859448554135,3995.350369872226,0.4629455279085407,-3.750610773930432,63.45662407531943,33.27657879461756,-64.50743934277607,33.40724399716712,-63.35755327124632,33.258288898016986,-64.43973828045313,381852.0,46644.0,381363.0
1170.0,548.0,6.4452991452991455,1690.9547008547008,1748.140170940171,1736.2273504273503,0.823076923076923,0.7282051282051282,3728.811111111111,-0.8372649572649572,-3.464506212288564,61.31623931623932,33.41664902485659,-16.318577863288713,33.16788095602294,-14.87439710516252,33.275763718929255,-16.352710967495213,175157.0,28160.0,174829.0
1368.0,491.0,7.886695906432749,2465.448830409357,2522.9473684210525,2503.279239766082,0.8340643274853801,0.6834795321637427,4335.243421052632,-0.7129385964912278,-3.4006140824024227,62.34649122807018,34.79697257021996,-46.92942924788493,34.37893526057528,-48.34861686717426,34.581251269035526,-46.99920948138746,162300.0,26055.0,162002.0
876.0,535.0,6.482876712328767,1814.8721461187213,1875.0045662100456,1855.6107305936075,0.8139269406392694,0.7031963470319634,3990.107305936073,0.4471461187214612,-2.441523367043768,61.56392694063927,27.66011124050633,-23.78842141139241,27.29436767088608,-24.872139950632917,27.585613645569616,-24.6773094329114,21536.0,2944.0,21309.0
1108.0,474.0,6.015342960288809,1486.669675090253,1552.5667870036102,1529.6272563176894,0.8989169675090253,0.766245487364621,4186.361010830325,-0.7584837545126353,-3.5647164126796227,55.77617328519855,32.850363763374475,-44.745380374485606,33.22205652263373,-45.3808475277778,33.03459776131686,-44.85688446913582,92021.0,16487.0,91628.0
1107.0,480.0,7.436314363143631,2052.8301716350497,2112.2077687443543,2083.1770551038844,0.9105691056910568,0.5700090334236676,4546.810298102981,-0.1031616982836494,-3.240019847620196,70.92140921409214,34.23248878685046,-42.33285736373274,34.50731186850476,-43.79046143902436,34.14038433297984,-42.66152737751853,223662.0,22868.0,223539.0
859.0,451.0,12.355064027939465,3315.975552968568,3386.4516880093133,3352.9022118742723,0.8079161816065192,0.5424912689173458,5660.015133876601,-0.7387660069848663,-3.420471936942258,66.39115250291036,32.43773621588089,-34.964304457816354,32.50148212158808,-34.34274858560793,32.29452926799007,-34.690368457816355,150509.0,16294.0,150108.0
1013.0,518.0,7.050345508390918,1742.2931885488647,1803.4748272458048,1780.1924975320828,0.9012833168805529,0.7462981243830207,3972.3790720631782,0.1536031589338599,-2.8301859616650265,64.93583415597236,33.42804133986929,-20.61122973856209,33.29779826797387,-19.99995453267974,33.298092973856214,-20.10092107516341,83745.0,11054.0,83493.0
1491.0,489.0,6.626425217974513,2016.208584842388,2085.443326626425,2068.645875251509,0.7981220657276995,0.6941649899396378,3952.3333333333335,-0.0810194500335344,-3.620108216605457,63.38028169014085,35.037379181881526,-48.48062100696865,34.531688561672475,-48.35481754843207,34.61577065226482,-48.69756407804879,311072.0,37038.0,310018.0
1769.0,461.0,6.24759751271905,1803.11814584511,1859.431317128321,1828.2752967778408,0.9101187111362352,0.7795364612775579,3343.130016958734,0.3070096099491238,-3.1217881634053213,59.12379875635953,29.696822583383824,-56.92370585263798,29.339675057610638,-56.13239756882961,29.28145880533652,-55.97180057064888,974211.0,163775.0,972890.0
1829.0,486.0,5.1202843083652265,1434.2974302897758,1479.3712411153635,1450.3182066703116,0.7430289775833789,0.839803171131766,3194.3171131765994,0.4607435757244379,-3.355089919965585,56.145434663750684,43.63957135851189,-13.764338788613305,43.7353519673056,-13.307121317925592,42.28766926155587,-25.21241790924462,785886.0,117876.0,785860.0
1134.0,497.0,9.00705467372134,2847.0238095238096,2908.678130511464,2888.3703703703704,0.8536155202821869,0.5485008818342152,4636.214285714285,-0.9410934744268076,-4.395376518018101,70.8641975308642,36.02827038569881,-46.2378094723727,36.287740169014086,-46.57320100000001,36.08376530444203,-46.30816022751896,277482.0,24276.0,277273.0
1970.0,543.0,5.80507614213198,1623.8913705583757,1682.5649746192894,1652.9040609137055,0.7649746192893401,0.749746192893401,4386.88426395939,0.3152284263959392,-2.6849629559918937,53.025380710659896,33.80458719889502,-47.21527578895039,33.69982513259667,-47.759557913259776,33.73674384530385,-47.396715720994585,391926.0,66838.0,391745.0
1752.0,584.0,7.529109589041096,2272.5342465753424,2327.845319634703,2312.7694063926942,0.696917808219178,0.4817351598173516,4667.440068493151,-0.6780821917808224,-3.705373885135392,57.93949771689498,34.60681064535584,-46.10304499336538,33.85248560313629,-46.84660739987925,33.87514748492157,-47.74863916103728,629957.0,84035.0,629813.0
1172.0,515.0,6.716723549488054,1840.962457337884,1910.7986348122868,1878.183447098976,0.8506825938566553,0.7158703071672355,4296.822525597269,-0.0214163822525595,-4.208276686660884,58.04607508532423,39.26336439024392,-26.4643258401084,38.551185429087646,-30.09875399096657,38.524570704607065,-30.40192605058717,147822.0,27528.0,147817.0
664.0,271.0,6.992469879518072,1735.2048192771083,1739.2018072289156,1750.8373493975903,0.8132530120481928,0.7304216867469879,3137.7635542168678,0.5561746987951797,-3.624669861383599,73.96084337349397,26.698191196172235,-43.4098638596492,26.71209301435406,-44.1468515151516,26.72792586921849,-43.73330956937807,245535.0,5519.0,245426.0
666.0,354.0,7.312312312312312,2009.2297297297296,2053.024024024024,2028.9834834834835,0.8003003003003003,0.6516516516516516,3563.1666666666665,0.0168168168168168,-2.791806294405641,59.729729729729726,30.23473797342193,-16.507847476821183,29.811656505823635,-15.401215026490055,30.047726888519144,-14.975776781456942,29580.0,3807.0,29574.0
1441.0,539.0,6.496183206106871,1694.9458709229702,1750.2144344205412,1730.437890353921,0.8848022206800833,0.7092297015961138,3732.438584316447,-0.3242192921582234,-3.3401287840146896,60.13879250520472,38.25083147571318,-47.81991117501927,38.177306846569,-49.7477561626831,38.18708958673863,-48.37996800771008,120670.0,20171.0,120371.0
2204.0,582.0,8.184664246823957,2199.121597096189,2287.8216878402905,2267.6429219600727,0.8997277676950998,0.351633393829401,4559.856624319419,0.053448275862069,-3.3759098720881777,47.07350272232305,32.54621839413989,-34.07226981427226,32.759557457466926,-34.94253392958417,32.748309399810964,-34.106742560964136,588785.0,158408.0,588415.0
2196.0,654.0,12.412568306010929,3086.082422586521,3156.2322404371585,3126.3761384335157,0.8720400728597449,0.8237704918032787,6079.249089253188,0.1243169398907103,-2.3895059605211566,54.744990892531874,28.285599468425996,-52.576563103204485,27.855830053722883,-51.095037377002775,28.973485041470287,-50.62319677709702,718736.0,94131.0,718571.0
1452.0,545.0,5.608815426997245,1700.0578512396694,1782.6404958677683,1741.51652892562,0.7286501377410468,0.7865013774104683,3798.6274104683193,0.4824380165289257,-1.846697680229236,56.01928374655648,28.622134800601973,-46.95182203611747,29.983082475545515,-46.56682228969163,29.073418668171566,-45.83412238976686,191064.0,40147.0,190774.0
2142.0,538.0,19.028011204481796,3663.225957049487,3745.031746031746,3704.626050420168,0.5901027077497666,0.6937441643323996,6288.239028944911,3.2821661998132585,-3.461348993244093,48.55742296918768,34.729104021473866,-85.33148342264494,34.42630694973133,-84.03489375304994,34.448225739384824,-84.53200034162973,855339.0,141804.0,855257.0
1034.0,495.0,7.819148936170213,2227.801740812379,2248.976789168278,2249.913926499033,0.7630560928433269,0.4477756286266924,4947.387814313346,0.641586073500967,-2.743621019537047,58.39458413926499,29.49592061919505,-27.65579999793601,28.98605684210527,-24.37410959339525,29.16480544891642,-25.35881774819402,84102.0,15128.0,83477.0
2463.0,577.0,7.869671132764921,1960.0028420625251,2007.6077953714985,1981.5984571660576,0.5968331303288672,0.3881445391798619,4252.911490052781,0.2515225334957369,-2.817065830244267,52.45635403978888,39.035885704344174,-72.07725734247168,39.53306301349642,-72.15753001223129,39.75113500843526,-73.22658395571507,1505799.0,247768.0,1505728.0
1662.0,569.0,9.128158844765345,2533.652226233454,2538.901925391095,2566.687725631769,0.8405535499398316,0.5258724428399518,5487.31046931408,0.3858604091456074,-3.897684993248901,53.96510228640192,34.28560607702349,-17.513184200910263,34.224707075718,-16.950332823146933,33.72781364882505,-16.965405947334187,288370.0,56777.0,288244.0
1515.0,540.0,7.271947194719472,2118.7247524752474,2187.791419141914,2151.260726072607,0.8805280528052806,0.8013201320132013,4078.896369636964,0.0677887788778878,-4.095189280393451,70.43564356435644,33.1509447546648,5.949771798620691,32.590502826537644,6.229023272413793,32.920288769868684,6.314009472413793,821489.0,63252.0,821185.0
1534.0,543.0,6.929595827900912,1582.5912646675358,1640.70925684485,1628.870925684485,0.7633637548891786,0.8057366362451108,3318.557366362451,1.0835071707953057,-3.991810981356431,64.6870925684485,32.20881467786706,-42.14371068950437,33.73369100365228,-29.32979960787173,32.37820006866326,-44.367183113702616,587521.0,83325.0,587495.0
1473.0,514.0,7.41887304820095,2111.2912423625253,2169.8859470468437,2150.868295994569,0.723693143245078,0.570264765784114,4402.038696537678,0.8321792260692453,-3.369267027075709,61.18126272912424,36.13831039152666,-37.780451169466765,36.47470016508401,-35.70518477136599,36.54981828049671,-36.35438068005846,254328.0,36686.0,253209.0
1973.0,532.0,5.988342625443488,1337.9969589457678,1402.4718702483528,1357.5164723770906,0.939685757729346,0.890522047643183,3767.6695387734417,-1.116523061327927,-6.87518377923163,85.36239229599595,35.63533401168964,51.441864489373,35.39855375664181,50.94683220456962,35.52441001594043,51.16726243304994,5107502.0,278317.0,5097120.0
1597.0,497.0,6.537883531621791,1835.8497182216656,1888.7670632435816,1864.1634314339387,0.7113337507827175,0.5522855353788353,3418.893550407013,-0.0933625547902319,-2.913671886077021,48.50344395742016,39.71835883265859,-81.97564997368399,38.50390900809718,-78.44182136572174,39.19680681511472,-80.38201474628855,357504.0,73777.0,357241.0
2033.0,494.0,7.592228234136743,2066.588785046729,2119.031480570585,2105.003935071323,0.646827348745696,0.7609444171175602,4769.655681259223,1.6221347761928189,-2.8386076212922795,51.27889818002952,25.116588825839795,-73.34301525271316,26.497196035142107,-72.71877239999995,26.707938546770016,-75.99703226046509,602567.0,120263.0,602242.0
1771.0,470.0,10.692828910220214,2823.5313382269906,2860.282326369283,2869.957086391869,0.756634669678148,0.4822134387351778,5500.5827216262,-0.95313382269904,-3.400642583652757,54.77131564088086,35.806586697005315,-37.195437106283066,35.842539227833264,-37.0542955842631,35.900929638872604,-37.22078122019968,948678.0,170830.0,948626.0
2094.0,532.0,8.311843361986629,1944.8767908309453,1989.2554918815665,1968.3042024832853,0.8729703915950334,0.6561604584527221,3670.5606494746894,-0.2372970391595033,-3.602375136060118,57.893982808022926,33.42689149118388,-73.95559915113344,33.46681740050378,-73.8786186035264,33.397007576826205,-73.52015185289667,415506.0,72450.0,412204.0
589.0,337.0,5.538200339558574,1424.7266553480476,1488.5806451612902,1469.2903225806451,0.8285229202037352,0.733446519524618,3448.0628183361628,-1.056706281833616,-3.5147153121419024,60.0679117147708,30.76448064220183,-49.65330757431192,31.140276458715583,-49.68599896330274,31.049651211009174,-49.324455708256885,23599.0,3333.0,23297.0
829.0,489.0,6.597104945717732,1772.3992762364294,1815.5910735826296,1798.26779252111,0.8455971049457177,0.6718938480096501,4040.9240048250895,0.0753920386007237,-3.2630578334527707,64.08926417370326,33.03667291941876,-40.87896313870542,32.84642142668429,-38.54714187186263,33.071455561426674,-40.05024083091149,64756.0,6592.0,64731.0
1254.0,466.0,9.63237639553429,2532.9553429027114,2587.712121212121,2566.114832535885,0.8333333333333334,0.6555023923444976,4519.271132376395,1.1448165869218494,-4.612174067449223,66.76236044657097,32.453689464285674,-60.495120390306,32.53515059523806,-60.76873146683662,32.56714969387751,-60.472161461734565,431549.0,49864.0,431132.0
855.0,414.0,7.050292397660819,1726.2187134502924,1779.9906432748537,1755.920467836257,0.7637426900584795,0.6923976608187135,4020.221052631579,0.1305263157894738,-2.433476069993441,57.83625730994152,33.950776275418264,-42.87560336936936,33.762661727155724,-44.7708514980695,33.75286748519948,-44.27283516602316,44165.0,6658.0,43434.0
1036.0,373.0,4.687258687258687,1192.3252895752896,1210.1476833976833,1227.9054054054054,0.9054054054054054,0.8117760617760618,2811.9990347490348,-1.0399613899613898,-4.386978340539284,62.00772200772201,34.742513367847415,-39.69690155858312,34.99441195095368,-40.25235240326977,35.063229893732974,-40.3087183160763,330990.0,3545.0,330021.0
864.0,403.0,6.905092592592593,2140.4479166666665,2207.2048611111118,2175.461805555556,0.8784722222222222,0.6145833333333334,4293.930555555556,-0.9050925925925928,-2.449456546134126,67.41898148148148,33.35948369369368,-24.57487216344916,33.423495791505786,-24.951864090090087,33.1819902059202,-24.962275261261254,103802.0,13049.0,103413.0
1603.0,404.0,4.555832813474735,1566.2526512788522,1614.3075483468497,1585.3880224578916,0.9170305676855895,0.7560823456019963,2998.289457267623,-1.1990018714909545,-5.939933228032726,58.00374298190892,24.64330328671329,-20.260556398137343,25.22429431235432,-21.31524805937134,25.48146191142192,-21.48772008498252,1293402.0,27825.0,1293093.0
915.0,455.0,7.436065573770492,2050.3562841530056,2119.1224043715847,2079.530054644809,0.8677595628415301,0.7431693989071039,4150.28087431694,-0.073551912568306,-1.8444449165125043,73.62841530054645,32.24519738066093,-49.07613254222759,31.886184112607086,-48.22754332190936,32.16728313341492,-49.30616130599748,661014.0,51417.0,660797.0
1349.0,477.0,6.621200889547813,1541.398072646405,1614.58561897702,1602.6501111934767,0.7916975537435137,0.6782802075611564,3222.1022979985173,-0.1991104521868049,-3.5881369766146367,63.72868791697554,34.953279712396665,-68.62226917768596,35.606831571900784,-67.74517352727273,35.230768018181784,-68.3526502107438,412103.0,19760.0,401619.0
1391.0,383.0,9.895039539899352,2338.7584471603163,2404.004313443566,2378.1445003594536,0.6491732566498921,0.3910855499640546,3416.4227174694465,-0.2276060388209922,-3.5994152349847,43.25664989216392,34.87030049618322,-35.066370187786305,34.883978511450394,-34.60325255190844,34.93300014503818,-34.558776590076384,335848.0,102028.0,335803.0
754.0,381.0,8.782493368700266,2375.163129973475,2418.6445623342174,2424.736074270557,0.8315649867374005,0.6087533156498673,4334.066312997347,0.2587533156498675,-3.293874186807288,55.95490716180371,32.17230756268222,-31.682303355685125,32.25560473469388,-32.36937777988338,31.842630827988344,-31.379973957725944,22078.0,4735.0,22002.0
664.0,359.0,7.554216867469879,2049.362951807229,2108.8057228915663,2092.3313253012047,0.8147590361445783,0.6837349397590361,4223.030120481928,-0.1245481927710842,-3.700972458996354,60.46686746987952,33.53751449430894,-22.47442875121951,32.926164959349585,-28.668451297560985,33.182622949593494,-29.218925282926836,28176.0,3258.0,27746.0
1018.0,484.0,5.43418467583497,1382.8575638506877,1452.1493123772102,1434.9941060903732,0.8722986247544204,0.7907662082514735,3248.1512770137524,0.7964636542239666,-4.051492090391182,65.6679764243615,31.362404989077664,-31.79216546359223,31.44628763470873,-32.05588173422329,31.371630474514557,-31.853419646844657,172349.0,17709.0,166126.0
2301.0,538.0,17.15993046501521,4025.536723163842,4084.6614515428073,4068.0121686223374,0.7966101694915254,0.6827466318991743,7256.442416340721,0.4006953498478912,-6.055050752935983,56.46240764884833,33.75404490023197,-46.82824441809733,34.176327313225,-46.87987329791169,34.212370468677435,-43.197640954988266,790883.0,125985.0,787773.0
1435.0,492.0,4.716376306620209,1362.416724738676,1438.4780487804878,1418.3735191637631,0.8445993031358885,0.8710801393728222,3542.8843205574917,0.691080139372823,-4.710664663198774,57.52613240418118,31.218731396002926,-53.55019086676531,31.434458783123564,-52.89742188082897,31.36662497853438,-52.68695077350106,548338.0,68130.0,471753.0
862.0,365.0,5.335266821345708,1513.907192575406,1563.2691415313225,1552.8805104408352,0.8190255220417634,0.8306264501160093,4047.950116009281,-0.4645011600928076,-3.561083531804776,63.42227378190256,34.587113061472394,-49.74127341435584,34.28630152773006,-49.74654384380369,34.920734165766866,-50.20648298490798,77916.0,12270.0,77915.0
394.0,239.0,7.144670050761421,1928.489847715736,1987.7588832487309,1955.4492385786805,0.7791878172588832,0.6040609137055838,4010.9619289340094,0.4076142131979695,-2.53869896290725,56.5736040609137,27.105374259052923,-31.51053808635098,27.2599031448468,-31.72433826462396,26.471764426183853,-30.755615515320336,6787.0,1595.0,6772.0
742.0,362.0,7.551212938005391,2152.6846361185985,2188.3194070080863,2174.509433962264,0.7857142857142857,0.4865229110512129,5123.606469002695,1.3630727762803236,-2.8855663475976168,58.881401617250674,34.16249575780091,-48.75970980089148,29.63068895988113,-31.28863911738486,33.518144197622604,-46.47998369390785,73817.0,12457.0,73794.0
731.0,394.0,8.88919288645691,2903.625170998632,2967.6279069767443,2949.34610123119,0.7934336525307798,0.5772913816689467,4761.84268125855,0.4518467852257183,-3.2224275120570915,57.9890560875513,28.40975040520983,-12.923611309696089,28.966572619392178,-13.008256494934876,28.87536541968161,-12.234839625180893,46130.0,8360.0,46007.0
796.0,384.0,8.430904522613066,2563.105527638191,2597.958542713568,2584.8015075376884,0.8190954773869347,0.5226130653266332,4235.136934673367,-1.1311557788944724,-2.8231586600398377,67.1356783919598,24.73541497486772,-48.222692956349206,25.37468780555556,-49.78949501058201,24.8145065978836,-49.55515859523808,148579.0,14689.0,148539.0
1488.0,565.0,9.09475806451613,2301.4038978494623,2371.3353494623657,2342.9086021505377,0.7668010752688172,0.4818548387096774,3937.7668010752686,0.0670698924731186,-3.604368761397341,56.43817204301075,34.77959702092352,-31.941323846320337,35.459724948051935,-42.06972896392495,34.78009081601731,-31.40988675901876,222940.0,38916.0,221823.0
738.0,390.0,5.887533875338754,1658.0284552845528,1730.3766937669377,1699.2764227642276,0.8550135501355014,0.7601626016260162,3866.2872628726286,-0.4742547425474255,-3.5102009552198243,66.32791327913279,36.86856490936555,-49.296618495468266,37.096208643504525,-50.27304316918428,36.83672013595165,-50.119707394259805,38409.0,4586.0,38405.0
1016.0,485.0,7.27755905511811,1851.4832677165357,1898.6929133858268,1888.150590551181,0.8415354330708661,0.6525590551181102,4086.5994094488183,0.2773622047244094,-2.458671758845254,60.41338582677165,37.51782871535984,-41.93279151557466,37.69576109667026,-42.986389599355554,37.39514351557466,-41.597611843179386,49797.0,7628.0,49759.0
1010.0,415.0,6.445544554455446,2174.0356435643566,2234.886138613861,2202.269306930693,0.8495049504950495,0.6544554455445545,4891.849504950495,-0.4790099009900992,-4.373527799142378,65.02970297029702,34.38530226659528,-28.388920689507486,34.71615299999999,-28.527378082441096,34.64602157494645,-27.802070551391846,194524.0,30927.0,194521.0
721.0,453.0,6.7073509015256585,1831.8502080443827,1891.6865464632456,1872.502080443828,0.8294036061026352,0.6560332871012483,3987.883495145631,0.4497919556171982,-2.9265245763296286,63.27323162274619,31.762577847692324,-41.97831347846155,31.67972950923077,-43.33651850461539,31.70752889384616,-42.90474634923077,42829.0,4984.0,42800.0
924.0,491.0,7.501082251082251,1958.974025974026,2008.6969696969695,1999.2608225108224,0.7824675324675324,0.5638528138528138,3981.572510822511,-0.1863636363636364,-3.361473146604726,55.07575757575758,32.05418671295216,-29.262862061843627,31.45593911201868,-29.245814864644096,31.39643826371061,-29.40178521936989,24951.0,6218.0,24669.0
1176.0,474.0,7.475340136054422,1669.3069727891157,1717.0,1700.6343537414966,0.7882653061224489,0.6215986394557823,3986.1045918367354,1.126955782312925,-3.280196599606413,62.27040816326531,35.841317693641585,-45.718590788053945,35.73719635707408,-45.06729305967278,35.67205236258435,-45.629760097396336,180659.0,28657.0,179653.0
1040.0,412.0,11.070192307692308,3462.8346153846155,3489.5375,3489.9932692307693,0.7625,0.6634615384615384,6055.534615384616,0.3497115384615386,-3.305291170197986,61.31730769230769,35.49251089827059,-22.9941124415056,34.77705045371311,-32.644707857578844,35.62767213021362,-23.95922488708037,188871.0,28188.0,188697.0
1248.0,468.0,10.193910256410255,3043.331730769231,3084.0889423076924,3144.925480769231,0.7035256410256411,0.407051282051282,5048.447916666667,0.4526442307692308,-2.497348751512504,57.46794871794872,34.26708323633304,-47.77463678132885,34.716442363865525,-46.88425565714287,34.85256104453781,-45.08592929831936,155609.0,31750.0,155049.0
1029.0,435.0,8.97278911564626,2448.161321671526,2494.6297376093294,2473.5121477162293,0.7123420796890184,0.4791059280855199,4280.7959183673465,0.0531584062196307,-3.4967247784983853,57.24003887269193,26.64009483857441,-10.704491904612157,30.17175188679245,-3.711855039832282,26.82962452830188,-10.82635259119497,98339.0,25400.0,98285.0
2179.0,536.0,7.404772831574117,2173.74483708123,2232.2097292335934,2196.3602569986238,0.8035796236805874,0.6704910509407985,4424.377696190913,0.9290500229463038,-3.4893878765859587,58.28820559889858,36.086519721432325,-52.70743339705111,35.97086100947866,-52.90040283570302,35.808975554502354,-51.80264739389154,545889.0,106726.0,545787.0
921.0,478.0,6.1357220412595,1645.584147665581,1710.9750271444082,1683.627578718784,0.8165038002171553,0.7198697068403909,3935.324647122693,-1.2219326818675351,-3.971131372856088,68.92508143322476,32.65534494310998,-41.90116628571428,32.03726246017698,-43.70679554867255,32.39645145764854,-42.92697797724397,84290.0,9138.0,83980.0
1091.0,441.0,7.802933088909257,3362.096241979835,3444.7983501374883,3400.076076993584,0.8597616865261228,0.6764436296975253,4241.364802933089,-0.334922089825848,-4.461191682974996,65.20623281393217,33.03054721917808,-40.22072250895679,32.84241197154899,-40.6213940337197,33.11804811485774,-39.80821187671233,89490.0,11545.0,89135.0
967.0,466.0,6.572905894519131,1847.8428128231644,1901.9855222337128,1885.8614270941052,0.8821096173733195,0.7280248190279214,4261.662874870734,-0.2897621509824198,-4.623210896521108,71.2306101344364,33.201386985663085,-22.199189146953408,33.23554295334929,-22.256087398325366,32.91097858303465,-22.931979505376358,138312.0,10052.0,138169.0
444.0,218.0,9.14864864864865,2511.495495495496,2566.213963963964,2544.711711711712,0.7747747747747747,0.4414414414414414,5284.693693693694,-1.6054054054054057,-4.353153541965196,59.21171171171172,32.204838848806375,-32.73562041379312,32.24964150132627,-32.460142694960226,32.192403305039804,-32.73028646153847,17717.0,3469.0,17667.0
608.0,333.0,7.569078947368421,2114.3338815789475,2172.8486842105262,2138.707236842105,0.787828947368421,0.6348684210526315,4354.746710526316,-1.2574013157894737,-3.890443946659081,57.54934210526316,37.039498945518446,-43.60229081546572,37.35500411247804,-38.67995936203866,37.29059182425307,-43.287265279437605,15166.0,2276.0,14947.0
782.0,410.0,6.652173913043479,1864.7544757033247,1922.928388746803,1899.891304347826,0.8056265984654731,0.6112531969309463,4052.286445012788,-0.3242966751918158,-2.9904916578664524,61.57289002557545,35.68690333426966,-45.64042769382021,35.68048519382022,-46.19020940449438,35.785822716292124,-45.67295100842696,45218.0,5738.0,45148.0
860.0,428.0,6.2988372093023255,1893.1232558139532,1960.0988372093025,1928.15,0.8732558139534884,0.6941860465116279,4667.253488372093,-0.3352325581395349,-3.773075330750563,67.76744186046511,31.357850426877462,-30.899199346508563,31.21976750856389,-32.20823023320158,31.239060347826083,-31.353578678524386,42870.0,5184.0,42743.0
955.0,450.0,8.22303664921466,2633.49109947644,2694.129842931937,2675.1759162303665,0.8827225130890053,0.5340314136125655,6046.730890052356,-0.1291099476439789,-2.77937961632264,72.67015706806282,34.56418865186915,-37.77685890420561,34.14728683995326,-37.07483251401869,34.50037305023364,-37.21908315654205,89151.0,6233.0,89146.0
1113.0,408.0,7.920035938903863,2401.0880503144654,2471.84725965858,2449.839173405211,0.7771787960467206,0.5570530098831986,5634.248876909254,-1.4074573225516622,-3.750388072251954,62.52470799640611,36.68079491610414,-49.16201391224688,36.60476971552556,-52.00972198842818,36.85530978302796,-47.6346205728062,90219.0,10022.0,89951.0
1572.0,504.0,8.924300254452927,3133.2461832061067,3159.658396946565,3158.7188295165392,0.8396946564885496,0.4179389312977099,5037.006361323155,0.1075063613231538,-3.3488719197155263,55.99872773536896,34.142324334452645,-65.87756784083264,34.04194705708529,-65.88339631228999,34.10775545198119,-65.80272405574198,353171.0,76125.0,353161.0
1114.0,483.0,8.521543985637344,2430.2199281867147,2489.7190305206464,2465.346499102334,0.803411131059246,0.6346499102333932,4332.35816876122,-0.7261220825852781,-4.206249196332312,59.84739676840216,35.0290092761628,-46.6333031860465,34.779508975775194,-46.47859106395348,34.76078101065891,-46.68003508817828,144267.0,20184.0,143870.0
2186.0,504.0,5.329368709972552,1260.8458371454713,1311.2726440988106,1285.860933211345,0.6655992680695334,0.8042086001829826,2669.86505032022,0.0737877401646838,-4.73395651859382,57.21866422689845,35.93583302190524,-59.72668378655115,35.99571256851757,-59.4639010596026,36.14919350076413,-57.53099302903714,495531.0,85295.0,495085.0
1337.0,509.0,8.142109199700823,2239.5766641735227,2316.451009723261,2300.8840688107703,0.9012715033657442,0.6634255796559462,4257.213163799551,0.362154076290202,-2.7624111660145405,67.70381451009723,30.25052303039485,-41.53288684453625,30.42766594775022,-40.38776847079888,30.2855838577594,-40.609754283471055,289950.0,43440.0,289510.0
2219.0,603.0,9.128886885984675,2242.006309148265,2318.554303740424,2237.3055430374043,0.8805768364127986,0.6210004506534474,4789.830103650293,-0.3199188823794502,-5.257134003411862,75.85849481748535,32.61851106291389,-46.6774374834437,33.017914292052964,-46.82823124966885,32.927563898013226,-46.508367218543015,1504157.0,98235.0,1266134.0
1126.0,524.0,7.476909413854352,2250.202486678508,2313.059502664298,2285.391651865009,0.8348134991119005,0.6873889875666075,4478.64920071048,-0.1814387211367673,-2.991432468622232,59.298401420959145,34.48833062810707,-10.620886974187371,34.487159603250475,-18.80038982887188,35.324879719885274,-23.28011546367113,65569.0,9241.0,61520.0
1905.0,577.0,8.098687664041995,2047.5228346456693,2090.7412073490814,2084.51968503937,0.8404199475065617,0.6860892388451444,4005.358530183727,-0.9457742782152232,-2.7659456611959192,69.43832020997375,30.64452462273477,-32.723924302580954,30.918558573860523,-32.38599219934098,30.870901105436577,-30.76327130148264,552312.0,60750.0,550250.0
1114.0,521.0,6.731597845601437,1821.2226211849195,1881.519748653501,1851.3734290843809,0.8195691202872532,0.6642728904847397,3899.027827648115,-0.7204667863554757,-2.887783806895293,62.6391382405745,35.16287427604565,-22.575285120532318,35.589683472813704,-22.404777649049432,35.20840780741447,-21.43695647984792,211523.0,22882.0,211259.0
945.0,478.0,7.063492063492063,2062.7312169312167,2047.615873015873,2092.0285714285715,0.7915343915343915,0.6656084656084656,4844.230687830688,-0.2188359788359787,-3.1411916044037995,60.8994708994709,32.14541570023696,-15.67121157701421,32.27364690047392,-14.218934633886256,31.984717516587665,-15.512495546208529,54482.0,9029.0,54448.0
2630.0,481.0,12.301520912547527,2979.8558935361216,3085.94752851711,3049.219391634981,0.9543726235741444,0.3300380228136882,4619.0319391634985,0.4534600760456275,-2.7088969992734397,51.78707224334601,38.096413495297895,-70.06213940713164,38.17939735423206,-69.0817163507053,38.192718239812,-69.34675049647332,2702649.0,570418.0,2702629.0
1677.0,571.0,7.86463923673226,1975.6064400715563,2020.0435301132973,2023.1991651759092,0.8622540250447227,0.7358378056052475,4489.266547406082,0.1512224209898628,-3.4242842322968867,66.05247465712581,38.11129285367453,-48.343336453412135,37.690593509186336,-50.27445657742787,38.182963676509175,-48.77681345866147,609774.0,76008.0,609063.0
1502.0,562.0,6.924101198402131,1844.7636484687084,1924.3601864181087,1885.1970705725696,0.8062583222370173,0.59254327563249,3739.024633821571,0.2263648468708385,-3.121923107220099,64.48069241011984,26.806606026049163,-33.7541036396527,28.401737027496345,-33.015268393632375,28.279686384225705,-32.849773112156264,183457.0,30647.0,182691.0
1130.0,510.0,7.069911504424779,4051.63185840708,4114.08407079646,4075.991150442478,0.8132743362831858,0.6389380530973451,4014.1734513274337,0.7865486725663714,-3.34856794233538,61.584070796460175,32.03863100885825,-36.32439808562993,31.89620183562992,-36.88766477559057,31.93949642224409,-35.69744551968505,64474.0,10428.0,64289.0
1417.0,616.0,8.50317572335921,2595.292872265349,2643.3705010585745,2622.6407904022585,0.826393789696542,0.6506704304869443,4727.785462244178,-0.6913196894848272,-3.28217240056027,60.09880028228652,37.28530744700083,-13.418135164338532,37.87517876253083,-10.139692840591612,37.59187240838127,-9.465931876746096,142421.0,21796.0,141891.0
1469.0,540.0,6.408441116405718,1972.6031313818924,2046.6739278420691,2019.5888359428184,0.8046289993192648,0.6705241660993874,3907.508509189925,-0.2150442477876104,-3.7556252853864103,59.18311776718856,35.93507477334283,-9.00036817676407,36.51289873000712,-10.592772262580151,35.97351962950819,-9.275543683107616,292411.0,39354.0,292391.0
1274.0,511.0,8.10989010989011,2123.9725274725274,2168.945054945055,2165.427001569859,0.869701726844584,0.6593406593406593,4544.320251177394,0.0761381475667189,-3.361032107955134,61.13029827315542,36.96457166724739,-41.31535262020908,36.815645837108015,-43.34206387717772,36.75606255313589,-43.82969390331013,229387.0,28562.0,229306.0
1050.0,465.0,6.915238095238095,1757.922857142857,1824.4314285714288,1797.0038095238094,0.8666666666666667,0.6971428571428572,3938.260952380952,-0.629428571428572,-3.4655576015483205,70.42857142857143,34.63641133047208,-54.1248589409871,34.80238534227466,-54.838757835836894,34.617910299356204,-54.15811724248924,104417.0,11311.0,102233.0
829.0,443.0,7.696019300361882,2187.2689987937274,2249.072376357057,2234.441495778046,0.7406513872135102,0.7080820265379976,4419.458383594692,0.1905910735826296,-2.772665101240739,55.58504221954161,31.511929259403377,-29.124156321660173,31.613787316472116,-27.48418524513618,31.52740726459144,-27.30600816342412,22570.0,4332.0,22488.0
1661.0,453.0,7.67308850090307,1878.472004816376,1943.856110776641,1918.6670680313064,0.6742925948223961,0.4954846478025286,3667.2113184828418,0.4986152919927752,-4.495240233456934,48.717639975918125,36.66826563936509,-64.53576821333326,37.05817880888888,-64.49889320063483,36.93302794920636,-64.75690163174593,200304.0,58046.0,200258.0
909.0,509.0,6.456545654565456,1695.7953795379535,1761.4840484048405,1738.7744774477449,0.7722772277227723,0.7040704070407041,4007.909790979098,-0.2207920792079207,-3.294688322522817,61.705170517051705,34.471796114899,-41.23985763510101,34.379014334595965,-43.56067538762626,34.37582809722223,-43.66977414015152,51871.0,5582.0,51327.0
1089.0,496.0,6.318640955004591,2027.0459136822772,2084.878787878788,2060.285583103765,0.8135904499540864,0.743801652892562,4305.851239669421,-0.0674012855831038,-2.702009614512196,64.54545454545455,36.8326263980582,-53.68918974854363,36.79153190776695,-51.3738933388349,36.54270484466014,-53.638064083495095,91775.0,13719.0,91677.0
864.0,446.0,9.302083333333334,2459.3854166666665,2513.172453703704,2494.303240740741,0.8530092592592593,0.3831018518518518,4510.583333333333,-1.2343749999999998,-3.668400825442645,67.58101851851852,30.873062527881057,-4.064696546468396,30.86946786988848,-1.9519931660470795,30.78253986493185,-2.9184722651796706,90007.0,10265.0,89979.0
1104.0,557.0,7.153985507246377,2123.7364130434785,2198.313405797101,2170.909420289855,0.8134057971014492,0.6657608695652174,4425.028985507246,0.230072463768116,-4.084987236847368,58.106884057971016,30.344688843992262,-48.88813126137465,31.5593487141473,-48.46746932139402,30.703917585271327,-47.09575873765731,44013.0,9228.0,43947.0
718.0,383.0,6.8774373259052926,1911.325905292479,1949.558495821727,1956.8732590529248,0.8328690807799443,0.6364902506963789,3880.724233983287,0.4342618384401113,-2.709045198821741,59.56824512534819,29.94358482899023,-27.847605941368087,29.92094703094462,-25.97395593973943,29.834204066775243,-26.07990675407167,19840.0,4284.0,19719.0
1142.0,380.0,6.2215411558669,1688.0201401050788,1760.9281961471104,1725.30823117338,0.7924693520140105,0.7014010507880911,3369.474605954466,-1.047723292469352,-2.4743715856581474,58.21366024518389,37.77738399791669,-51.34727287604165,37.57741351458335,-52.271163852083326,37.663970181250015,-52.47899850416665,167077.0,26081.0,165786.0
3663.0,564.0,6.148239148239148,1604.2224952224951,1662.7985257985258,1619.7815997816,0.9153699153699154,0.9000819000819,4234.402675402675,-0.042997542997543,-4.4932884894519125,62.77368277368277,45.15773455141239,-3.5875382172316312,44.708624899717485,-5.188446144632743,45.21791443841804,-3.0284576988700382,3485997.0,526562.0,3485544.0
4666.0,653.0,8.442777539648521,1943.0865837976853,2034.056150878697,1998.3799828546933,0.6658808401200171,0.7571795970852979,3951.2558936991,-0.0010501500214316,-4.6679763085894255,52.46249464209173,26.126234669447555,-17.242522287485816,22.28192146922206,-7.995688198196105,24.380670258399107,-15.558470541826308,2384565.0,419984.0,2383747.0
2020.0,484.0,10.02029702970297,2854.139108910891,2954.970792079208,2893.869801980198,0.9173267326732674,0.3821782178217822,4000.841584158416,0.7323267326732633,-5.052348411064788,81.91089108910892,34.37555467820982,-53.14106398827924,34.61117828502921,-53.04819907618546,34.49015093500257,-53.35644850293026,3031852.0,285848.0,3031732.0
2309.0,505.0,11.655262018189692,3146.507579038545,3226.492420961455,3187.262451277609,0.8479861411866609,0.6032914681680381,5293.892161108705,-0.911606756171503,-3.401459206636291,52.92767431788653,34.32387014695176,-38.5419638471338,34.299617060509554,-38.18167605641498,34.327225996360326,-38.11256462875347,871681.0,157021.0,871432.0
1095.0,405.0,5.617351598173516,1435.9716894977169,1497.283105022831,1476.757077625571,0.7525114155251141,0.8502283105022831,3589.838356164384,-0.5376255707762557,-3.5125538388256987,59.04109589041096,25.061219350785315,-48.64495640104712,25.1053110471204,-48.84345280314134,25.11149736125653,-48.69176047120418,142045.0,22043.0,142032.0
1398.0,366.0,5.982832618025751,1826.3805436337625,1867.1173104434904,1873.3376251788268,0.829041487839771,0.7360515021459227,3391.3855507868384,-0.8030758226037197,-3.8006420204888687,56.04434907010015,28.28554067133957,-43.64594010825542,28.44949587305297,-37.171450003115226,28.44709057710281,-36.9658025498442,325215.0,56431.0,325205.0
1083.0,432.0,5.94275161588181,1504.7626962142197,1561.0064635272392,1545.9649122807018,0.8734995383194829,0.7460757156048015,3351.8679593721145,0.3921514312096031,-2.440915277016952,68.264081255771,32.70393376354166,-25.264075406249997,32.62418761770833,-26.46248401770833,32.63692490937499,-25.963999559375,115294.0,13639.0,115260.0
2128.0,559.0,7.586466165413534,2265.8016917293235,2295.2890037593984,2284.0850563909776,0.762687969924812,0.6799812030075187,4362.771146616541,1.640460526315789,-3.322967356622801,48.24718045112782,36.30374913256627,-48.95099970985491,36.63436327813904,-49.4750454827413,36.77935601950971,-50.00160211105549,275004.0,62061.0,274908.0
1129.0,432.0,7.530558015943312,1978.4774136403896,2034.3569530558016,2028.5642161204603,0.8113374667847653,0.5978742249778565,3792.242692648361,0.0224977856510188,-3.870692418545173,57.26306465899026,37.88237439071567,-39.24517432688589,38.14815157640231,-41.07397819535784,38.18871122823984,-41.38655392069634,121176.0,23314.0,121158.0
1591.0,486.0,10.57071024512885,2758.500314267756,2804.488372093024,2815.08359522313,0.7291011942174733,0.5053425518541798,4960.984915147706,-0.4322438717787569,-3.4537117702590328,51.640477686989314,36.73593811701406,-58.43364570006714,36.93208762945522,-58.7765402259582,36.13719958305308,-54.04900471822467,284907.0,57752.0,284825.0
1281.0,466.0,6.231069476971117,1577.6338797814208,1645.5027322404371,1624.9172521467603,0.8352849336455894,0.7088212334113974,3581.450429352069,-0.5760343481654955,-4.137911513957074,62.232630757220925,32.84842845880315,-43.32254815351253,32.91137777623593,-43.08648259410231,32.91851082046837,-41.73384385429311,359328.0,19041.0,359322.0
915.0,422.0,7.510382513661202,2174.889617486339,2247.009836065574,2215.713661202186,0.8765027322404372,0.5103825136612021,4449.9672131147545,-0.7688524590163934,-2.6139666731460203,60.65573770491803,30.408916094175968,-44.21217733333332,29.229181660470896,-44.87486029987607,29.661289744733597,-44.78487534076827,74201.0,12231.0,74201.0
812.0,395.0,6.150246305418719,1580.7253694581282,1644.1576354679803,1595.6773399014778,0.8719211822660099,0.7573891625615764,3557.747536945813,1.120073891625616,-2.8579188383014875,71.12068965517241,32.54196729074892,-19.776784854625568,31.545308582966243,-18.84160534508078,31.41461435389136,-18.32604482672541,127073.0,14298.0,126945.0
1220.0,400.0,9.998360655737704,3041.6819672131146,3055.472950819672,3052.563934426229,0.7188524590163935,0.4081967213114754,4949.754918032787,1.8254918032786869,-5.0197121750548215,44.48360655737705,34.663935206446006,-54.77521969016533,36.413257876306616,-50.73733290774585,35.182716913763066,-52.2456721705831,227908.0,74966.0,227902.0
679.0,358.0,7.1737849779086895,2031.559646539028,2070.550810014728,2083.1767304860086,0.7393225331369662,0.658321060382916,4334.795287187039,-0.326362297496318,-2.482248979884401,60.78055964653903,30.30791897607656,-41.66937166347686,30.41796569377992,-39.99220036682616,30.3876465677831,-40.7610625167464,64171.0,8473.0,64151.0
1473.0,406.0,8.364562118126273,2054.575016972165,2106.0658520027155,2087.611676849966,0.8051595383570944,0.7780040733197556,4302.69789545146,0.9048200950441276,-3.5603548179519926,69.21928038017651,36.37343131449407,-24.962386494986347,36.47012452324521,-17.965485800364654,36.450947212397445,-17.969830741112148,379145.0,39911.0,378543.0
878.0,368.0,8.177676537585421,2106.084282460137,2157.4145785876995,2135.5854214123005,0.7687927107061503,0.5637813211845103,4324.357630979499,0.128132118451025,-3.535823498355384,58.83826879271071,31.254583519289348,-7.407787349492382,32.010638837690365,-2.9354137838832477,31.283967771700517,-7.246963740736038,86505.0,21082.0,86499.0
1735.0,511.0,7.327377521613833,1953.7942363112395,1824.4951008645533,1986.7302593659945,0.8207492795389049,0.6230547550432277,4522.876657060519,-0.129510086455331,-5.180960424861768,66.2593659942363,35.77245580579795,-40.00741357005377,33.88004705678421,-35.76443367184698,35.188690820083664,-41.08477876509263,565212.0,63470.0,532534.0
859.0,410.0,7.054714784633295,1787.2700814901048,1859.93131548312,1826.6554132712456,0.8090803259604191,0.6216530849825378,4182.665890570431,0.059837019790454,-3.3104963997437538,56.32130384167637,32.838662942714826,-14.753521986301362,31.69021352801992,-5.624661073474471,32.043620875467,-9.668657752179328,37915.0,5295.0,37275.0
3319.0,595.0,10.526965953600484,3183.253992166315,3258.115396203676,3218.846640554384,0.8511599879481772,0.3847544441096716,5025.591141910214,1.5999698704429046,-3.594731980072547,50.72913528171136,43.32096207301984,-30.904549164604,43.42834960581691,-27.7872512066832,43.64330991058177,-29.38649157456686,2629697.0,496631.0,2629680.0
934.0,444.0,6.869379014989294,1670.6327623126338,1698.880085653105,1723.3126338329764,0.7376873661670236,0.6370449678800857,3969.7494646680943,-0.3807280513918628,-4.588373583611149,53.640256959314776,38.01623531334841,1.6525791255656117,37.57929285520361,8.232510678733032,37.55201519117647,0.6307010294117683,48553.0,11709.0,48168.0
336.0,193.0,11.642857142857142,2805.9255952380954,2877.5386904761904,2858.8541666666665,0.9107142857142856,0.5446428571428571,4463.443452380952,-0.2092261904761901,-3.0007798775411976,67.4702380952381,37.02736530479452,-38.11014620547945,34.91395857191782,-15.369373602739724,36.30284659589041,-34.46381709589041,17597.0,2095.0,17377.0
362.0,245.0,10.243093922651934,2733.685082872928,2754.759668508287,2755.9088397790056,0.7707182320441989,0.4972375690607735,5025.422651933702,0.0353591160220993,-3.437370467209371,52.81767955801105,33.43222259117648,-29.303738723529406,33.629344552941184,-28.841915094117645,33.485865826470594,-31.275635194117648,5135.0,2462.0,5125.0
1098.0,424.0,7.150273224043716,1748.077413479053,1813.7978142076504,1785.7431693989072,0.8233151183970856,0.697632058287796,3852.6985428051,-0.1948087431693989,-3.3250062686032438,62.66848816029144,36.36955104664723,-53.14221316990287,36.37757311661807,-47.361877059223296,36.69586637220601,-47.88133898155336,112619.0,16599.0,112510.0
795.0,368.0,7.415094339622642,1821.3044025157235,1879.592452830189,1859.3283018867924,0.8641509433962264,0.6188679245283019,3917.77106918239,0.836729559748428,-3.77832803174967,61.9748427672956,37.271634349182754,-35.45887594947993,37.4457406627043,-33.89711591381872,37.82441016939078,-34.33347057503714,68615.0,9981.0,68323.0
679.0,379.0,6.970544918998527,1841.79970544919,1909.821796759941,1882.3917525773195,0.8276877761413843,0.6200294550810015,3895.222385861561,0.3640648011782032,-2.326923564675463,66.81885125184094,33.9703702278481,-30.850928552215198,34.01807183386076,-30.413365962025317,33.99956157911392,-30.840013319620255,22694.0,2585.0,22694.0
1368.0,422.0,11.010964912280702,3433.5182748538014,3500.3004385964914,3476.7953216374267,0.9415204678362572,0.6717836257309941,5356.730263157895,0.890643274853801,-4.130608289159416,60.49707602339181,36.22443994447873,-48.36732233799213,36.268585210888,-48.960599832972825,36.24328816069495,-48.83072735729716,428003.0,64618.0,418223.0
1177.0,435.0,9.498725573491928,2715.150382327952,2753.6822429906542,2745.804587935429,0.8300764655904843,0.562446898895497,4388.416312659303,-0.6555649957519115,-3.726673258106209,59.66864910790144,33.18113687472526,-36.73919510329668,33.36349453076922,-38.14493725714284,33.018769775824154,-36.86481570769229,96907.0,16506.0,96514.0
1855.0,406.0,6.972506738544475,1649.6285714285714,1711.265229110512,1705.853908355795,0.7336927223719677,0.6824797843665769,3561.4592991913746,0.7718059299191359,-3.521193597809425,51.19676549865229,38.14722810476715,-55.61378745288252,37.92761014467848,-56.389745623614296,38.07583104268291,-55.90205430986703,881993.0,148213.0,881979.0
1819.0,437.0,7.838372732270479,1911.3804288070369,1906.293018141836,1912.230346344145,0.7069818581638263,0.5129191863661352,3946.996701484332,-2.367949422759758,-6.694620802086158,42.36943375481034,42.01617207005653,-33.73170398700577,41.04908540000002,-36.61210859378543,41.3591547502825,-36.82785649548026,357154.0,103276.0,356654.0
2406.0,547.0,8.201995012468828,2431.810058187864,2499.624272651704,2476.837905236908,0.7082294264339152,0.514546965918537,4501.988362427265,1.1098919368246056,-2.5334997957148424,53.5785536159601,38.49293114199656,-57.57898269892444,38.48661632573149,-57.66196668387065,38.53347885068847,-57.0362248068814,1357324.0,248835.0,1357274.0
1339.0,502.0,6.638536221060493,1766.4727408513816,1842.749066467513,1818.1986557132188,0.7931292008961912,0.6318147871545929,4310.988050784167,-0.4929798356982826,-4.336052282698151,53.517550410754296,35.26729699840382,-45.93214303272147,33.06630122027135,-40.31449060893853,34.94003283240223,-39.03922686831604,104667.0,17005.0,104593.0
1595.0,500.0,7.652037617554859,2186.71473354232,2231.284012539185,2206.754231974922,0.8257053291536051,0.5510971786833856,4465.842006269592,-0.3409404388714736,-2.517370982690215,52.48275862068966,38.66090468146213,-27.635438860404403,38.57741421461186,-22.69417375929548,39.25508956723237,-40.966283396607984,509609.0,118647.0,509569.0
1296.0,453.0,6.506944444444445,1884.9783950617284,1964.3449074074076,1940.453703703704,0.8834876543209876,0.7716049382716049,4716.644290123457,1.0132716049382708,-4.650989289391855,61.25771604938272,38.2195483082707,-43.09742120133666,38.2928678964077,-44.9106858253968,38.336059642439466,-42.58558191060985,426756.0,66467.0,426696.0
2771.0,636.0,8.586791771923494,2162.4345001804404,2206.6124142908698,2198.662215806568,0.7488271382172501,0.5384337784193431,3940.060988812703,-0.1485384337784182,-2.4600358689552086,57.03717069649946,40.44827185993854,-25.28940947122027,40.826451646201015,-29.265255854566405,40.68290290406748,-24.85055532194938,696748.0,116797.0,696675.0
1387.0,530.0,9.748377793799568,2410.9870223503967,2487.52343186734,2455.6676279740445,0.7519826964671954,0.7000720980533526,4660.935832732516,1.1610670511896175,-4.84106995639635,58.52198990627253,33.65984912418832,4.348336004058456,32.92695633685066,-1.7604143246753163,32.76267979220779,-2.070417560876616,168881.0,27683.0,167753.0
1503.0,470.0,10.433799068529607,2984.5123087159013,3029.6487025948104,3009.612109115103,0.8050565535595475,0.4717232202262142,5213.459747172322,0.5083832335329344,-5.546881881088827,59.25482368596141,32.14050543102218,-46.27771067214288,31.70148783261804,-47.248341103571455,31.64869083690989,-47.113712506428605,271475.0,38696.0,265569.0
652.0,383.0,7.190184049079755,2093.455521472393,2125.84509202454,2135.28527607362,0.7622699386503068,0.5920245398773006,5186.378834355828,0.4062883435582822,-3.528848948905276,56.51840490797546,31.818897782534243,-22.80328625684931,31.40382744863014,-22.25623849315067,31.369403535958902,-20.73470436643835,16260.0,2342.0,16240.0
1678.0,480.0,9.62336114421931,2674.9344457687725,2714.179976162098,2691.3057210965435,0.8688915375446961,0.4940405244338498,5441.571513706794,1.5179380214541116,-2.848215473731604,57.16924910607867,38.42935297820512,-45.003040944230776,38.43585723461535,-46.58624485448718,38.46941321730766,-47.17543483333332,287791.0,51167.0,287708.0
1543.0,454.0,8.451069345430978,2490.460142579391,2524.4763447828905,2517.5748541801686,0.8392741412832145,0.5554115359688918,4598.460790667531,1.0205443940375876,-2.877822646970874,56.20868438107583,29.261532503795696,-57.80001311249139,27.402449715665963,-54.55081089510008,27.309202648723247,-54.15382830227744,292742.0,57675.0,280675.0
1189.0,389.0,8.014297729184188,2040.3885618166528,2110.2270815811607,2082.4693019343986,0.902439024390244,0.5054667788057191,4658.55929352397,1.3814129520605551,-2.144529823663542,49.596299411269975,40.40982287795993,-8.616172666666689,40.43249154826958,-8.569244774134802,40.49075794171221,-8.383794351548286,159403.0,67309.0,159208.0
805.0,420.0,6.992546583850932,1932.6360248447204,1999.52298136646,1971.744099378882,0.8397515527950311,0.6385093167701863,4375.583850931677,-0.8026086956521739,-4.045156730595969,64.81987577639751,33.87024862330623,-47.21649310027101,33.89190373441734,-49.060212830623314,34.038156926829274,-47.90621436991871,35832.0,4993.0,35812.0
1135.0,425.0,7.714537444933921,2145.6933920704846,2221.27577092511,2187.397356828194,0.8220264317180617,0.5955947136563877,4816.6352422907485,0.1877533039647578,-2.816487382133685,60.11453744493392,34.85824125834128,-50.48414334699714,34.7004106844614,-50.45534477407056,34.793954654909456,-49.94152129456626,150813.0,23508.0,150778.0
1011.0,358.0,14.609297725024728,5421.429277942631,5476.545994065282,5445.848664688428,0.8249258160237388,0.4698318496538081,8454.830860534124,1.4096933728981205,-4.291189309472822,51.15727002967359,31.69242600776805,-34.35550327538294,32.51635716520788,-33.21075253829323,32.17631985667396,-33.28964323851205,129500.0,26813.0,129344.0
879.0,394.0,6.085324232081911,1586.3458475540388,1663.409556313993,1633.032992036405,0.8930602957906713,0.7042093287827076,3531.609783845279,-2.2995449374288963,-4.163065880628342,58.33902161547213,35.37324192713567,-53.96375034673369,35.18918049497487,-52.64007293467339,35.36019745477386,-53.093808721105546,106860.0,19798.0,106757.0
973.0,447.0,8.229188078108942,2151.9691675231243,2218.737923946557,2194.836587872559,0.8602261048304214,0.6464542651593012,5034.179856115108,0.2764645426515929,-3.653273845789861,66.06372045220967,29.47128280837005,-32.15835882158589,29.87240925881057,-32.99566678193832,30.043621046255502,-32.87907478744492,107575.0,14747.0,107202.0
615.0,360.0,6.274796747967479,1707.3365853658536,1770.6813008130082,1748.469918699187,0.8926829268292683,0.6845528455284553,3928.99674796748,0.2897560975609757,-3.222145967119453,71.04065040650407,30.105233363977494,-40.81400875984991,29.51438796060038,-42.18647113133208,29.846735240150096,-41.5837428011257,41697.0,4326.0,41655.0
1035.0,438.0,8.33719806763285,2353.056038647343,2417.175845410628,2391.8753623188404,0.778743961352657,0.5227053140096618,5092.531400966183,-2.051111111111111,-3.307255937714691,58.51207729468599,30.71715221577219,-32.64999405585982,31.21482615115006,-28.39069896604602,31.246424033954003,-28.20797235049289,67353.0,11507.0,66678.0
518.0,311.0,8.03088803088803,2103.1505791505792,2128.320463320463,2151.0559845559847,0.7799227799227799,0.583011583011583,4733.22972972973,0.0401544401544401,-2.8388921829883595,61.50579150579151,30.300645429700847,-26.2768187301282,30.166040305769226,-27.18485626217948,30.39010753653845,-26.310992591239312,14162.0,1897.0,14139.0
1469.0,486.0,10.643294758339009,3025.3757658270933,3089.559564329476,3065.0217835262083,0.6650782845473111,0.4989788972089857,5106.0639891082365,0.1153846153846152,-3.550273667049966,55.91558883594282,34.041361442836475,-24.665273646164994,34.15739294790161,-26.250618301013045,33.82321872214183,-24.47567900289437,210418.0,55279.0,210205.0
1262.0,475.0,8.957210776545166,2621.392234548336,2682.393026941363,2658.633122028526,0.7923930269413629,0.5237717908082409,5135.858954041204,0.8942155309033277,-3.76682260820179,65.99841521394612,31.920898647163103,-54.98946285992906,31.10338317021276,-53.71516804964536,31.099504640070915,-52.8840334893617,171151.0,20119.0,170179.0
996.0,416.0,7.800200803212851,2143.4628514056226,2176.001004016064,2179.2991967871485,0.822289156626506,0.6977911646586346,4308.963855421687,-0.589859437751004,-3.4738190094586905,66.62650602409639,35.155086577173904,-46.42725498479911,35.133657381521736,-46.72338424321387,35.16347918586956,-46.06165846254069,201068.0,19125.0,200959.0
855.0,376.0,6.754385964912281,1907.741520467836,1983.7286549707603,1950.3169590643276,0.7695906432748538,0.7649122807017544,3774.512280701754,-0.7978947368421053,-3.764130781779946,62.77192982456141,34.82279052658226,-40.06597731012657,34.81401241012657,-40.29203496835442,34.87286392911391,-40.61911374050632,82041.0,12348.0,81998.0
874.0,376.0,6.8466819221967965,1885.3215102974827,1953.3935926773456,1929.1029748283752,0.8386727688787186,0.7345537757437071,4024.9210526315783,-0.4065217391304346,-3.92033642637486,60.18306636155607,37.4617649572327,-34.9169822163522,37.27129062389936,-36.00187711320754,37.40535469308176,-35.247929125786165,56267.0,9502.0,56050.0
724.0,382.0,5.821823204419889,1508.2845303867402,1559.5386740331492,1550.8522099447514,0.8494475138121547,0.6657458563535912,3301.3687845303866,-0.0765193370165744,-4.353332823231263,61.3121546961326,30.198111594311385,-34.492816175149684,30.65048462724552,-34.169840597305374,30.761830905688644,-34.751411014970046,91529.0,10124.0,91511.0
1243.0,435.0,8.679002413515688,2235.142397425583,2316.592920353982,2271.980691874497,0.8399034593724859,0.584070796460177,4320.9951729686245,-0.4026548672566372,-4.372483470656404,58.78519710378117,25.57062503442341,-4.2150282624784765,26.01867392340792,-4.959357161790004,25.45339007745267,-3.8558737392426754,212817.0,33239.0,212645.0
880.0,390.0,7.428409090909091,2037.7227272727275,2104.984090909091,2078.925,0.9193181818181818,0.6659090909090909,4026.080681818182,0.2545454545454544,-3.87230940035409,65.44318181818181,35.50207349320148,-58.27856205809641,35.506250112763325,-58.97806472435106,35.424829294919455,-58.988242432632894,90182.0,11573.0,89592.0
779.0,381.0,10.842105263157896,2809.296534017972,2881.0603337612324,2851.6700898587933,0.8575096277278562,0.6046213093709885,5427.559691912708,-0.1345314505776638,-2.086889066593251,71.30937098844673,31.791726000000004,-40.60266361196108,32.31491447009736,-39.86631706815021,32.107312418636994,-40.22525530598053,184251.0,17804.0,184199.0
1874.0,510.0,8.87513340448239,2062.368196371398,2135.7006403415157,2103.592849519744,0.7774813233724653,0.6878335112059765,4097.943970117396,-1.649679829242262,-3.674113619712371,60.32550693703308,33.53551989420374,-77.37291209172764,33.46407372650537,-78.24817859144629,33.36702392346654,-78.5464381299944,359621.0,56505.0,359346.0
1351.0,450.0,7.490747594374537,2136.863804589193,2179.9474463360475,2171.2116950407108,0.8963730569948186,0.7490747594374537,4434.179126572909,0.1025906735751298,-3.951101643344668,68.44559585492227,36.27178380311285,-56.83895082256802,36.25351570972763,-56.53105522256802,36.28203516498055,-56.60121854241237,323677.0,44144.0,323664.0
1095.0,494.0,7.702283105022831,2218.752511415525,2273.875799086758,2252.991780821918,0.8465753424657534,0.6575342465753424,4778.005479452055,-0.0296803652968035,-3.976762248141438,63.141552511415526,37.13069894174757,-35.963786496116505,37.46541632427183,-33.68764809320388,37.03974708932038,-37.06281942038834,84049.0,13395.0,83959.0
2297.0,426.0,7.9952111449717025,2034.627340008707,2124.1536787113628,2083.124510230736,0.6195037004788855,0.631258162821071,4322.070962124511,-0.1303439268611234,-4.837019804502318,46.49107531562908,39.234078311011245,-51.6229608557303,39.60640885033711,-51.26707600179761,39.15109941213484,-51.05793195685386,642403.0,150206.0,640154.0
2873.0,515.0,8.784893839192481,2912.221371388792,2989.6387051862166,2943.5252349460493,0.6327880264531848,0.6846501914375217,5460.51026801253,-0.5309084580577793,-3.844532318243012,39.15419422206752,41.58286058631805,-30.226484506805136,40.06087412249279,-37.45741935601724,41.25236015436961,-32.50573657449856,1211595.0,303637.0,1208979.0
1215.0,409.0,12.702880658436214,3967.3893004115225,4004.848559670782,3990.959670781893,0.8666666666666667,0.5382716049382716,6406.388477366255,0.0751440329218114,-3.954713485419017,72.92181069958848,36.18005587661776,-63.4378458697152,35.63023562899049,-62.75011691026741,35.9725535754961,-62.15148061604826,472247.0,50908.0,472181.0
1328.0,415.0,8.436746987951807,2353.5873493975905,2419.7710843373493,2396.3072289156626,0.7756024096385542,0.5143072289156626,4518.438253012048,1.7478915662650625,-4.212595745099016,57.35692771084337,31.99255884744409,-50.7066408723064,32.18581061310951,-51.29991330087782,31.884938556264963,-50.62321802075012,327182.0,55337.0,326594.0
737.0,379.0,7.62415196743555,2373.189959294437,2435.0176390773404,2409.8249660786973,0.8751696065128901,0.6200814111261872,4537.175033921302,-0.5637720488466758,-3.572895921374227,65.22388059701493,33.62249269421487,-41.686600406611575,33.75469152066115,-41.85153414876033,33.736725586776856,-42.061959844628106,42056.0,5466.0,42014.0
1032.0,404.0,6.2102713178294575,1786.4263565891472,1849.431201550388,1819.8924418604647,0.748062015503876,0.7800387596899225,4106.312984496124,0.3375968992248061,-4.649773487257248,63.15891472868217,38.4452841536864,-38.2449976697819,38.28645843509866,-38.428217635514,38.51832690134995,-38.27803307684315,165199.0,20535.0,165176.0
1025.0,393.0,10.450731707317074,2915.6585365853657,2968.8614634146343,2948.191219512195,0.9180487804878048,0.4351219512195122,5302.751219512195,0.7747317073170731,-3.18631520338142,57.98048780487805,34.10705490179507,-55.4071086135164,34.08508108975706,-55.41353942344247,34.036386126715875,-54.83954117529043,323207.0,79276.0,323180.0
1026.0,463.0,6.764132553606238,1722.0799220272904,1807.3060428849903,1771.0906432748538,0.8391812865497076,0.7046783625730995,4155.19298245614,0.295906432748538,-3.876775915513412,52.87524366471735,35.00889209646302,-20.33191530760986,35.1429341596999,-18.209635278670955,35.19783110503751,-19.171379594855303,51871.0,12837.0,51704.0
735.0,391.0,8.715646258503401,2433.3020408163266,2492.8122448979598,2470.624489795918,0.8408163265306122,0.5863945578231292,5693.243537414966,-0.4606802721088434,-3.992199805818441,57.45578231292517,30.977104995215303,-23.222806409888356,31.749571374800635,-24.546626824561383,31.52298802551833,-25.28202283732057,20682.0,3638.0,20622.0
1176.0,448.0,8.907312925170068,2445.223639455782,2498.369047619048,2479.6360544217687,0.7074829931972789,0.5229591836734694,4720.327380952381,-0.2879251700680273,-3.4374499288240834,55.90136054421769,34.54203622102426,-40.505226405211154,34.80315776729561,-35.98758057592094,34.32930624348608,-40.770396818508544,82133.0,14621.0,81946.0
919.0,377.0,8.138193688792166,2146.637649619151,2213.2176278563657,2200.557127312296,0.8269858541893362,0.6137105549510338,4640.875952121872,-0.358106637649619,-3.1798941918376187,50.91403699673558,30.80303321493212,-34.45418074208148,30.832601725113125,-36.35371466402715,30.636884160633475,-34.675889723981925,79337.0,20137.0,78501.0
902.0,439.0,8.543237250554323,2317.092017738359,2365.559866962306,2332.656319290465,0.843680709534368,0.5787139689578714,4598.170731707317,-0.3108647450110864,-3.55814178839082,63.2039911308204,31.382814840740743,-23.80241440123456,31.34951101975308,-22.107945388888883,31.148629334567907,-23.1680765419753,93694.0,11273.0,93654.0
287.0,185.0,9.142857142857142,2386.801393728223,2453.118466898955,2427.519163763066,0.818815331010453,0.6027874564459931,4474.7874564459935,0.3268292682926828,-2.7655041498132134,59.61672473867596,27.94458815573771,-14.472400204918028,29.16037217213115,-15.259620872950816,28.056065204918035,-15.558578852459013,4845.0,776.0,4815.0
585.0,229.0,4.630769230769231,1114.9128205128204,1184.3555555555556,1153.5470085470083,0.8307692307692308,0.8290598290598291,2959.979487179487,-1.3184615384615386,-1.9742060627124336,67.94871794871794,32.4932328584559,-44.88588372426465,32.759081648897066,-45.32809320955878,32.72312176838236,-44.986113319852905,167627.0,20426.0,167485.0
640.0,367.0,7.3078125,1857.6953125,1914.28125,1896.7015625,0.875,0.6234375,3789.25,0.3556250000000001,-2.7545816322020524,68.78125,35.38501408727274,-22.94437416181819,36.03017910545455,-18.857721559999995,36.53787693636364,-18.828489736363636,22030.0,2538.0,21894.0
791.0,339.0,7.286978508217446,2000.1668773704173,2046.217446270544,2038.1542351453857,0.8482932996207333,0.6940581542351454,4497.513274336283,1.444879898862198,-3.9106510359429696,66.32111251580278,35.53778942222222,-51.4844590235457,35.44212583888888,-51.65883533933517,35.55387764444444,-51.17660325207756,104017.0,13276.0,103992.0
1385.0,407.0,7.763176895306859,2058.9270758122743,2134.6274368231047,2106.605776173285,0.7992779783393502,0.7667870036101083,4613.031768953068,-2.352707581227437,-4.954166486487841,62.43321299638989,33.17286905977011,-35.17705660613027,32.09146914176245,-31.922703699616857,32.5079649578544,-34.690043806896554,250346.0,36671.0,250346.0
783.0,403.0,10.056194125159642,2625.176245210728,2681.3933588761174,2659.4584929757343,0.7484035759897829,0.5376756066411239,4705.924648786718,-0.4827586206896552,-3.540743967914523,65.42784163473819,33.35679247067038,-38.48590905726257,33.61228455726256,-39.070265761173175,33.47311658659217,-39.186625537709496,78508.0,13531.0,78503.0
1001.0,352.0,7.526473526473526,2009.7512487512488,2083.874125874126,2058.964035964036,0.7242757242757243,0.4965034965034965,4138.395604395604,1.8584415584415583,-4.844045040853069,45.604395604395606,32.91779684513273,-38.94671498672566,32.54959800993378,-38.63890125055183,32.62149964238411,-38.57618240838849,77856.0,36153.0,76815.0
1149.0,432.0,8.329852045256745,2118.187989556136,2188.134899912968,2157.538729329852,0.8590078328981723,0.5274151436031331,4573.72410791993,-0.2402088772845952,-4.960955147382212,58.18973020017406,36.63560468324125,-42.86047912430936,36.32281392817679,-48.50764530939225,36.63370772191528,-42.90144223112335,161618.0,26560.0,146594.0
1068.0,402.0,6.430711610486892,1550.802434456929,1612.4831460674156,1582.1704119850187,0.8164794007490637,0.6161048689138576,4634.6292134831465,0.2368913857677902,-2.9953811834847333,62.73408239700375,31.39118085820896,-15.655374059701488,32.11203103624733,-31.90910645735605,31.47356571641791,-20.641835782515983,111224.0,17933.0,111118.0
1177.0,443.0,8.286321155480033,2071.0858113848767,2144.540356839422,2103.2073067119795,0.7000849617672048,0.7017841971112999,4185.834324553951,0.1595581988105353,-3.9210300517274015,50.75615972812235,34.04362899085923,-41.730084270566735,34.31566482541133,-41.406880766910426,33.943832409506406,-42.83523746892139,138101.0,23915.0,137951.0
732.0,397.0,8.151639344262295,2254.502732240437,2242.1284153005463,2286.3032786885246,0.7377049180327869,0.6256830601092896,4389.195355191257,-0.1893442622950818,-3.3542009297585365,62.486338797814206,30.92122134018987,-17.298139022151897,31.99202066455695,-20.03764882120253,31.069981550632903,-18.37319503006329,29445.0,4867.0,29433.0
789.0,254.0,5.283903675538657,1524.382762991128,1530.1546261089986,1566.9264892268695,0.7034220532319392,0.8035487959442332,9378.87072243346,3.99442332065906,-2.2142077158902187,55.85551330798479,33.99998537921348,-59.4467433384831,34.26604165308988,-58.50378257303365,34.093480978932575,-59.18434909691006,299244.0,52839.0,299214.0
525.0,289.0,7.872380952380952,2284.405714285714,2318.7809523809524,2282.9885714285715,0.8666666666666667,0.6247619047619047,5008.238095238095,0.3453333333333332,-3.868110734033328,63.161904761904765,33.863540607438026,-14.426727066115705,34.09578499380166,-14.677823347107436,34.032283278925625,-14.713685185950416,27118.0,4697.0,27098.0
566.0,284.0,10.406360424028268,3102.0176678445227,3163.0388692579504,3141.687279151944,0.9063604240282686,0.4982332155477031,5504.028268551237,-1.0777385159010602,-4.024883921257786,63.26855123674912,32.53507531364563,-66.01139173319756,32.571523973523426,-66.16425466598777,32.49500937678208,-65.69190660081466,36346.0,5954.0,36204.0
694.0,269.0,10.178674351585014,2961.396253602305,3026.3472622478384,2990.2997118155617,0.92507204610951,0.5144092219020173,5590.223342939481,-1.8704610951008644,-3.2295738162433927,76.35446685878962,40.04137346116502,-66.91643650161815,40.20731106634301,-65.95256530420714,40.11119918932036,-66.39540543365698,220021.0,21076.0,219988.0
350.0,208.0,7.7628571428571425,2171.574285714286,2207.1257142857144,2189.7028571428573,0.9428571428571428,0.6485714285714286,4523.817142857143,-0.2440000000000008,-2.9542776685899805,78.74285714285715,33.823161661290314,-65.65342612258073,33.910082306451606,-63.79379386451619,33.76537669354838,-63.74462838064522,51075.0,4784.0,51028.0
431.0,285.0,7.524361948955916,1987.0255220417637,2058.542923433875,2026.5475638051043,0.8584686774941995,0.5452436194895591,4202.522041763341,1.3092807424593969,-2.2584358370322355,63.20185614849188,35.41162821671019,-59.60621253263708,35.69105798172324,-59.00777440992167,35.683351715404704,-59.79596625065274,12014.0,1591.0,11994.0
355.0,242.0,9.552112676056336,2761.698591549296,2783.509859154929,2791.8084507042254,0.819718309859155,0.5070422535211268,5691.0,0.5487323943661971,-1.9184597296004984,60.42253521126761,35.84402559868422,-52.52177530263158,36.14824171710526,-53.10823166118421,35.80965980921053,-52.24685425000001,7196.0,977.0,7186.0
642.0,311.0,10.3208722741433,3176.4813084112147,3148.8847352024923,3210.627725856698,0.7866043613707165,0.4190031152647975,5871.311526479751,0.3535825545171339,-3.159129601287064,50.14018691588785,28.676936151245545,-42.66953006761567,28.40148246797153,-41.87328088612099,28.429162307829177,-42.43461771886121,14637.0,3247.0,14606.0
1227.0,409.0,7.681336593317034,2183.2575387123065,2230.4995925020376,2209.2526487367563,0.7538712306438468,0.6446617766911166,5651.21760391198,-1.2207823960880195,-3.747214569010792,52.59168704156479,33.67393827008547,-67.7849046282051,33.028553611965826,-64.78562656837607,33.76466814188036,-68.39356838888888,117840.0,22626.0,117588.0
1130.0,383.0,13.661946902654869,3285.9115044247787,3374.192920353982,3335.5610619469026,0.7752212389380531,0.2973451327433628,5461.545132743363,1.7807079646017674,-3.230292148796477,55.15929203539823,41.62569684514922,-36.25406068283579,40.47634518936563,-48.352937601679066,41.67957205503728,-36.33043197388056,261345.0,20180.0,261282.0
805.0,350.0,13.915527950310558,4160.134161490683,4215.499378881988,4193.843478260869,0.7577639751552795,0.4521739130434782,6377.393788819876,-1.7038509316770187,-2.6794677966794054,53.67701863354037,37.46917911600001,-62.49407880666666,37.34635345200001,-62.69051554533334,37.53772116933335,-62.59910627333333,52253.0,13826.0,52195.0
455.0,280.0,7.556043956043956,1956.9494505494504,1997.2021978021976,1982.1274725274725,0.7692307692307693,0.6065934065934065,4318.534065934066,-0.1762637362637362,-3.7649545389175456,62.3956043956044,33.99300482835822,-55.399409385572135,35.02199941791044,-58.45320624129352,34.34164958457712,-57.06048865671642,13562.0,1824.0,13522.0
703.0,270.0,7.221906116642959,1897.6899004267425,1975.724039829303,1925.0711237553344,0.9246088193456614,0.7041251778093883,3746.438122332859,1.1402560455192026,-2.7230129353266754,57.86628733997155,33.016686459587966,-58.0590455752773,33.174357313787645,-58.20708614421548,33.16614573058638,-58.27823670047539,78138.0,34214.0,75698.0
733.0,303.0,7.39699863574352,1759.9863574351978,1804.1787175989089,1788.8390177353342,0.8472032742155525,0.5948158253751705,3653.0190995907233,0.3545702592087312,-3.045044790999343,61.18690313778991,25.536885267669167,-25.64863316992481,25.7624988962406,-23.858032409022563,25.52375028721804,-25.1560221443609,61827.0,9458.0,61749.0
1804.0,442.0,9.088137472283814,2165.6053215077604,2246.088137472284,2218.84423503326,0.8514412416851441,0.5892461197339246,4813.199002217295,-1.0502771618625275,-4.491747744693885,52.649667405764966,36.418640789258646,-61.98660490367762,36.23671386748399,-56.383440311149904,35.95692615353185,-55.12254719731451,422565.0,73619.0,422401.0
820.0,378.0,7.918292682926829,2291.15,2339.6243902439023,2330.8451219512194,0.75,0.65,4183.157317073171,0.2250000000000001,-3.520206334598564,52.90243902439025,34.654128260362704,-62.96789877461134,34.61696647797929,-63.00134211528493,34.36018024611399,-64.44063481088078,51742.0,9641.0,50802.0
690.0,333.0,7.494202898550725,2106.292753623188,2139.2,2132.024637681159,0.7478260869565218,0.5594202898550724,4565.676811594203,-1.115072463768116,-2.9322754402041205,53.81159420289855,30.279733235759487,-25.6156952721519,30.530045356012643,-26.59132303797467,30.44744157436707,-26.339035895569616,119234.0,25652.0,119229.0
804.0,363.0,7.8681592039801,2288.759950248756,2352.0385572139303,2316.355721393035,0.8109452736318408,0.677860696517413,4997.776119402985,-0.4267412935323383,-2.600269614852364,65.95771144278606,37.50474525100673,-66.48052127919462,36.74080838389264,-65.94033766711408,36.80567746577184,-66.43685461208054,97246.0,13464.0,97238.0
593.0,309.0,8.895446880269814,2649.902192242833,2691.1298482293423,2668.9190556492413,0.806070826306914,0.5699831365935919,5860.83305227656,-1.1187183811129848,-3.1244008293531667,58.85328836424958,32.1004412495274,-35.36315463516068,31.854415568998096,-34.263852914933835,31.7923625916824,-35.0185600415879,18309.0,3086.0,18076.0
649.0,324.0,8.27426810477658,2323.6856702619416,2351.805855161788,2337.3775038520803,0.8089368258859785,0.5469953775038521,4762.100154083205,-0.5907550077041603,-2.75570981444837,56.59476117103236,31.825894884210523,-18.317314315789478,34.014588449122805,-25.1866457491228,33.88862447192983,-24.02544777894737,22987.0,5512.0,22833.0
960.0,349.0,7.330208333333333,2606.726041666667,2690.3166666666666,2645.975,0.7895833333333333,0.696875,5155.441666666667,1.1448958333333326,-2.901916257906858,53.07291666666666,35.463333460946075,-47.15585951265125,34.482626623762364,-51.23074231463139,35.50857010561053,-45.39721602200219,172205.0,28055.0,170477.0
597.0,330.0,8.16247906197655,2363.9078726968173,2433.22445561139,2406.7202680067003,0.8777219430485762,0.5628140703517588,4310.988274706868,0.409212730318258,-3.6647539880213102,63.199329983249584,28.54528651526717,-31.41618194274809,28.66194502671756,-34.05769110305344,28.59259783206107,-34.0574924389313,18030.0,2713.0,17940.0
910.0,317.0,8.371428571428572,2049.2010989010987,2109.9714285714285,2089.567032967033,0.8186813186813187,0.6395604395604395,4428.948351648352,-0.4193406593406593,-4.328937039489305,52.81318681318681,35.715275667070216,-46.47025083050851,35.44213188135593,-46.058332267554505,35.564997082324446,-48.76608154116225,61420.0,14960.0,61369.0
495.0,279.0,6.466666666666667,1739.539393939394,1767.40202020202,1776.977777777778,0.7313131313131314,0.7090909090909091,3934.90101010101,-0.4426262626262626,-3.912913878103333,59.45454545454545,30.768612198660723,-35.4270230625,30.627178962053573,-31.93603946875,30.57847112723215,-34.43013325446428,11943.0,2067.0,11855.0
774.0,344.0,17.74160206718346,5246.533591731266,5281.731266149871,5305.501291989664,0.6731266149870802,0.4302325581395348,8855.46511627907,0.5609819121447026,-1.8321764929639897,56.7312661498708,36.414200295238096,-2.934534846258496,35.50682181496599,-6.99204881904762,36.18532476326531,-10.078527070748294,57363.0,10201.0,56131.0
651.0,314.0,9.764976958525343,2680.188940092166,2646.8771121351765,2725.251920122888,0.717357910906298,0.5207373271889401,5537.554531490016,0.4508448540706606,-3.1703562052207968,55.483870967741936,33.33626087040278,-41.53825299649737,33.21363624168124,-41.93527353415063,33.53798113309981,-41.06491253590192,35097.0,6565.0,35002.0
364.0,217.0,6.945054945054945,1900.5576923076924,1960.912087912088,1931.989010989011,0.8626373626373627,0.7554945054945055,4175.945054945055,0.1914835164835165,-3.1032416496186404,70.52197802197803,27.890499956375844,-18.325774533557045,27.75976881543624,-20.872703291946312,28.15101556040269,-18.176908090604027,8248.0,1048.0,8158.0
628.0,331.0,8.257961783439491,2378.06050955414,2456.3184713375795,2424.3216560509554,0.8296178343949044,0.535031847133758,4970.59076433121,-0.8498407643312099,-3.911093938507449,60.54140127388535,24.93422659336824,-9.416887609075047,25.33847796335078,-12.080568235602104,25.059967361256547,-10.217527223385698,52996.0,6886.0,52932.0
581.0,347.0,8.833046471600689,2443.2805507745265,2482.9655765920825,2477.487091222031,0.7934595524956971,0.5559380378657487,4817.888123924268,-0.4824440619621343,-3.807482393023345,61.34251290877797,31.36711661811024,-19.708817131889763,31.967204980314964,-22.213664161417327,31.568808911417324,-21.35393515551181,21994.0,2350.0,21900.0
632.0,319.0,7.338607594936708,2125.2642405063293,2179.56170886076,2154.2389240506327,0.8417721518987342,0.5965189873417721,4701.0,0.3374999999999999,-3.102182506815214,66.28164556962025,36.1303272619469,-58.7011623097345,36.002073353982304,-57.141763465486726,36.11046850088496,-57.765066380530975,27131.0,3971.0,27105.0
413.0,252.0,7.019370460048426,1952.4261501210651,2012.806295399516,1999.639225181598,0.8426150121065376,0.648910411622276,4288.506053268765,0.449636803874092,-2.474555300941111,69.0314769975787,26.75482285555555,-40.90054340277778,27.53129750833333,-39.902547391666666,26.71200861944444,-41.18279590277778,9148.0,1094.0,9053.0
276.0,181.0,14.021739130434783,4476.460144927536,4249.963768115942,4519.528985507246,0.7971014492753623,0.5036231884057971,7093.442028985507,0.9271739130434784,-2.4928560882274757,55.072463768115945,29.50368876746988,-22.22998137630522,32.96301183534136,-31.503352136546184,31.199010052610443,-24.91508981004016,4203.0,833.0,3995.0
357.0,210.0,16.134453781512605,4884.974789915967,4948.072829131653,4917.932773109244,0.7086834733893558,0.4313725490196078,7940.411764705882,1.9641456582633048,-3.72307047220257,46.21848739495798,32.64988541061947,-40.99358771209439,32.38077566106194,-41.561504361946895,32.42555436342183,-40.98572969734513,6554.0,1297.0,6550.0
228.0,133.0,13.609649122807015,3750.758771929824,3831.8903508771928,3791.982456140351,0.8771929824561403,0.3070175438596491,6288.649122807017,0.1732456140350876,-2.359818304137216,74.86842105263158,35.217014207547166,-50.11548563679245,34.72267232075471,-50.12068720754717,34.821289962264146,-51.11418532075472,34671.0,3535.0,34644.0
128.0,102.0,9.4453125,2634.921875,2681.2421875,2665.21875,0.828125,0.5078125,5399.2890625,0.4445312499999999,-2.1407744498059023,65.0,30.031075151785707,-16.984182,30.356990330357142,-20.1181195,30.18905640178571,-18.59566592857143,1254.0,182.0,1254.0
204.0,114.0,7.563725490196078,1908.0392156862745,1960.1421568627447,1936.470588235294,0.8823529411764706,0.3970588235294117,4072.18137254902,-1.4485294117647058,-4.358261642929327,66.42156862745098,29.109574783783785,-51.20891874054055,28.58116721621621,-48.7198967945946,28.660148297297297,-49.05069733513513,31265.0,3997.0,31253.0
636.0,239.0,13.331761006289309,3295.6493710691825,3344.0864779874214,3326.7688679245284,0.8270440251572327,0.3805031446540881,6632.842767295598,-0.4290880503144652,-3.454493664241,64.55974842767296,28.838784006700173,-54.36106207202678,27.13269522948075,-42.55113476884421,26.92902739028477,-42.100173797319925,158034.0,17835.0,158034.0
1102.0,298.0,10.890199637023594,3361.731397459165,3428.56442831216,3394.1778584392014,0.690562613430127,0.425589836660617,6318.804900181488,-2.8480472297910984,-3.792582105655113,46.90562613430127,31.76344846666673,-77.57192684476198,32.67175068761912,-77.32324503428575,32.41439243428579,-78.5036021780953,224612.0,46354.0,224588.0
532.0,349.0,8.214285714285714,2456.736842105264,2514.2875939849623,2491.7969924812032,0.8233082706766918,0.6165413533834586,5600.744360902256,-0.398872180451128,-3.242983921250073,58.98496240601504,32.38190989727463,-39.796671809224335,33.086729754716984,-30.20157873584907,32.74700843396226,-35.56880303354298,9009.0,1387.0,9009.0
815.0,366.0,10.21717791411043,3108.277300613497,3167.2957055214724,3122.123926380368,0.894478527607362,0.5496932515337424,6156.088343558282,-0.0177914110429445,-2.610730455210321,72.47852760736197,36.21884551664446,-61.101995217043935,36.30719605992009,-60.84787383754993,36.27284729161117,-61.42170064580559,110870.0,12052.0,110830.0
773.0,352.0,9.47606727037516,2593.5795601552395,2654.0750323415264,2646.223803363519,0.7697283311772316,0.6326002587322122,4390.413971539457,-0.5959896507115137,-3.4545539557248306,58.214747736093145,32.19482395652174,-25.144741971014497,32.41547671014492,-24.97417702898552,32.49039786956521,-23.65635224637682,37786.0,6120.0,37690.0
308.0,218.0,10.665584415584416,3020.3636363636365,3086.561688311688,3056.987012987013,0.8246753246753247,0.5616883116883117,5891.730519480519,0.4737012987012986,-4.240272548693451,57.33766233766234,26.107721741007197,-14.39732664748202,26.22964346762589,-14.82579536330935,26.18550771223021,-15.172659884892088,3872.0,772.0,3862.0
235.0,158.0,9.906382978723403,2667.770212765957,2715.0936170212767,2699.987234042553,0.7829787234042553,0.4978723404255319,5086.085106382979,-0.0893617021276595,-3.7895351147206338,58.08510638297872,30.43221254499999,-19.420219169999992,30.53164071,-22.438719334999995,30.414582044999992,-21.27176666999999,4059.0,593.0,4059.0
842.0,256.0,7.668646080760095,1956.9418052256533,2021.742280285036,2008.8705463182896,0.7969121140142518,0.5926365795724465,4049.766033254157,-1.9679334916864604,-4.613289197532555,66.35391923990498,36.42673948267328,-45.133763347772295,35.72994161757427,-44.777735377475246,36.94898976113861,-36.96158760519801,155706.0,19911.0,154425.0
465.0,271.0,8.316129032258065,2606.789247311828,2678.606451612903,2650.2795698924733,0.8451612903225807,0.6129032258064516,6228.767741935484,0.0159139784946236,-2.921099889820076,62.81720430107527,34.1285920078329,-40.68676081984334,33.818433462140995,-40.322668245430805,34.25601333159269,-40.23908928981723,11714.0,1640.0,11704.0
428.0,252.0,13.121495327102805,4104.098130841122,4144.726635514019,4138.203271028037,0.8457943925233645,0.4532710280373832,6221.612149532711,-0.5535046728971963,-3.545419221493433,71.16822429906541,34.348719872093035,-30.337582453488373,33.92863390988372,-30.836953366279072,34.08081530523256,-29.973044084302327,45313.0,4706.0,45143.0
567.0,292.0,7.365079365079365,2018.9382716049383,2075.5079365079364,2042.6031746031747,0.7336860670194003,0.6878306878306878,4476.014109347443,-1.050440917107584,-3.2188218255258043,58.236331569664905,32.77721334274194,-41.60816259475804,32.771381487903234,-43.472342499999975,32.856331487903226,-42.05049989314514,26479.0,4088.0,26367.0
689.0,285.0,8.00145137880987,2321.55442670537,2393.645863570392,2350.8722786647318,0.8171262699564587,0.6574746008708273,4723.211901306241,1.0404934687953558,-3.5430804841989585,66.21190130624093,30.09513604672896,-45.429584688473525,30.254436031152625,-42.02548427570094,30.19888406074764,-41.11680404517136,82344.0,12707.0,82344.0
675.0,311.0,7.917037037037037,2120.08,2177.343703703704,2152.875555555556,0.8148148148148148,0.4859259259259259,4866.364444444444,0.531111111111111,-3.469872485360883,63.007407407407406,31.21460505669293,-24.44454638110236,31.444747365354345,-25.102610565354325,31.537893349606307,-24.035029105511803,104034.0,12400.0,103948.0
431.0,223.0,6.303944315545244,1622.3735498839908,1691.2645011600928,1654.552204176334,0.8283062645011601,0.6960556844547564,4691.758700696056,0.8350348027842227,-2.9026828086975467,54.80278422273782,33.91958970540541,-51.15324550540541,33.89876598378379,-50.42532551351351,33.928905172972975,-50.482727983783775,15415.0,3052.0,15395.0
691.0,312.0,5.163531114327062,1415.6208393632417,1506.703328509407,1451.342981186686,0.7800289435600579,0.788712011577424,3637.0231548480474,-1.2837916063675834,-2.303129247326372,61.794500723589,34.3090866340289,-31.561372829855543,33.55830971589086,-32.33487659069022,34.426446826645275,-32.35784594382024,90043.0,17199.0,89827.0
499.0,280.0,7.330661322645291,2155.513026052104,2210.689378757515,2189.370741482966,0.7274549098196392,0.6312625250501002,4446.354709418838,-1.107815631262525,-3.873218291888768,55.390781563126254,31.805217477124188,-41.92379382788671,31.69141094117648,-38.51422007189542,31.6478597429194,-41.038008163398686,13161.0,2374.0,13095.0
713.0,231.0,6.511921458625526,1514.7685834502104,1597.9004207573632,1579.9593267882187,0.7489481065918654,0.7082748948106592,3229.352033660589,-0.4705469845722294,-6.169285299049972,52.20196353436185,37.115860669642856,-77.71379413095241,37.19558640327381,-78.35789912202385,37.170884915178576,-77.89647752380957,83689.0,17370.0,83566.0
627.0,270.0,9.207336523125996,2633.6012759170653,2673.7065390749603,2659.84370015949,0.8437001594896332,0.5741626794258373,6040.9920255183415,-0.2173843700159489,-2.7983467744061725,66.07655502392345,27.1156146875,-9.327790651515157,26.76786786931818,-9.025763026515156,26.867338589015148,-9.0843939469697,75258.0,9040.0,75248.0
612.0,304.0,8.266339869281046,2249.985294117647,2302.488562091504,2277.401960784314,0.9248366013071896,0.6143790849673203,4640.509803921569,1.48202614379085,-3.3466965728587748,68.23529411764706,36.551926948148136,-37.5552075888889,35.48404734629629,-42.83970295925926,35.653240679629626,-43.12614647777778,42829.0,5861.0,42803.0
448.0,283.0,8.301339285714286,2173.0803571428573,2237.8772321428573,2210.3102678571427,0.890625,0.5580357142857143,4583.276785714285,0.261607142857143,-3.539369064666186,67.38839285714286,34.33819334635417,-50.44823245833332,34.318579414062505,-48.54818537760417,34.07148944010417,-50.71331601041666,15177.0,1720.0,15062.0
641.0,311.0,7.993759750390016,2467.790951638065,2482.90015600624,2514.5366614664586,0.8237129485179407,0.5631825273010921,5071.352574102964,0.2546021840873634,-4.330498561319186,60.0,31.006881181219114,-57.39652927512356,31.11076281054366,-57.10295965897858,31.04627148599671,-57.21968320098847,42701.0,6575.0,42701.0
505.0,253.0,7.748514851485148,2150.3643564356435,2209.063366336634,2195.2633663366337,0.8297029702970297,0.5247524752475248,3982.306930693069,1.3322772277227717,-3.526968863789554,59.00990099009901,31.882082648451345,-44.08130825818585,34.63487493163719,-48.78932122057522,31.95201140951329,-43.86744424933629,45803.0,7300.0,45783.0
425.0,259.0,7.352941176470588,2136.9882352941177,2177.369411764706,2159.8,0.8211764705882353,0.6823529411764706,4416.468235294117,0.1799999999999999,-3.3802551123524216,64.0,28.432622888020827,-20.481602799479173,28.149803838541654,-21.7009664296875,27.86292655989584,-20.31158639322917,12836.0,1599.0,12823.0
532.0,292.0,7.793233082706767,2294.4774436090224,2352.28007518797,2334.3533834586465,0.7293233082706767,0.6052631578947368,4537.178571428572,-1.3325187969924814,-4.3723466529529205,51.93609022556391,31.087092758130076,-40.711920884146345,31.38777365243902,-41.45822553861788,31.128666945121942,-39.25386871544715,19925.0,4579.0,19911.0
533.0,268.0,7.73733583489681,1915.6510318949345,1991.93808630394,1956.0750469043155,0.8123827392120075,0.5365853658536586,4486.932457786116,1.0414634146341464,-3.3132403184676686,67.05440900562851,33.9067586349892,-55.90506049676025,33.82747811231102,-56.194216390928695,34.07879154211663,-56.60619719654426,51531.0,8047.0,51521.0
963.0,306.0,7.360332294911734,1882.5721703011425,1950.8847352024925,1924.2191069574249,0.8047767393561787,0.7123572170301142,4215.754932502596,-0.6024922118380058,-2.768070608199652,55.046728971962615,38.4686337030905,-58.73332736865344,38.30863096578366,-60.06182023841061,38.46746394591611,-59.795476044150135,134907.0,25542.0,134887.0
713.0,277.0,8.826086956521738,2245.848527349229,2277.210378681627,2276.117812061711,0.8457223001402524,0.667601683029453,4409.816269284713,0.4107994389901824,-4.025419610470396,56.29733520336606,38.14667438310708,-62.618157444947215,38.21470786726997,-62.24869620965308,38.14902144193061,-61.85997036651584,65940.0,17516.0,65914.0
737.0,255.0,8.265943012211668,2137.097693351425,2203.4477611940297,2170.694708276798,0.9484396200814112,0.5630936227951153,4758.922659430122,0.1286295793758482,-3.543481274765353,77.93758480325644,41.36465202034881,-39.73310628343025,41.46123598837206,-39.53063547965118,41.42525218023253,-39.502452213662814,395461.0,37354.0,369931.0
344.0,195.0,6.023255813953488,1674.985465116279,1716.5436046511627,1692.0436046511627,0.7994186046511628,0.7383720930232558,3755.8255813953488,1.0386627906976746,-1.6106859312874997,57.55813953488372,24.772806176470592,-9.810238382352946,24.446487536764707,-10.332521102941184,24.79109772058824,-9.860510808823534,7496.0,1578.0,7481.0
711.0,253.0,7.89732770745429,2210.503516174402,2256.7538677918424,2239.6427566807315,0.8312236286919831,0.6666666666666666,4385.673699015471,1.5237693389592124,-2.9177596742214527,66.66666666666667,36.23852591021674,-59.80272739783282,36.00611880185759,-60.41451075077399,36.1508449628483,-60.69705871826625,95706.0,12409.0,95691.0
539.0,256.0,7.9814471243042675,2145.8144712430426,2213.866419294991,2183.0630797773656,0.8608534322820037,0.6048237476808905,4346.21521335807,0.2148423005565867,-3.3602157917307345,71.76252319109462,35.00424623529409,-20.47264198580124,35.31567352738334,-20.13622976064909,35.30122499797158,-19.964391829614613,137576.0,13946.0,137561.0
869.0,328.0,7.950517836593786,2134.456846950518,2180.4119677790563,2175.4177215189875,0.757192174913694,0.5604142692750288,4591.530494821634,-0.4311852704257767,-3.954370068575882,60.63291139240506,38.29508356580565,-52.440037506765,38.31620447601476,-52.46141138991384,38.28747483271832,-52.2437567773677,178050.0,23787.0,177953.0
1928.0,376.0,7.1120331950207465,1785.7780082987551,1844.134854771784,1797.579356846473,0.7930497925311203,0.7645228215767634,4585.365145228216,-1.0319502074688798,-3.5430392450864936,46.48340248962656,36.85452528873644,-77.1064691503716,36.18929648656376,-75.17797865465977,36.82788117495714,-77.24667410348766,517585.0,115915.0,517027.0
387.0,237.0,8.459948320413437,2339.5219638242893,2408.8423772609817,2381.390180878553,0.8268733850129198,0.537467700258398,4943.2558139534885,-1.089922480620155,-2.7272664418226817,60.0,27.982559581661885,-34.76397419770774,28.956353077363893,-37.28803666189112,28.798615169054436,-37.285114312320914,11447.0,1837.0,11435.0
474.0,274.0,8.637130801687764,2394.706751054852,2467.8101265822784,2441.5232067510547,0.8459915611814346,0.4493670886075949,4284.824894514768,0.9042194092827012,-3.915891810476521,67.55274261603375,29.593181920634933,-48.82098534693877,29.249477462585045,-49.3020158095238,29.37028789115647,-49.14697143990927,45298.0,5893.0,45278.0
952.0,288.0,10.504201680672267,2773.0829831932774,2819.334033613445,2805.4905462184875,0.8445378151260504,0.4138655462184873,4871.2153361344535,0.689810924369748,-2.761237109300356,66.25,33.08820696999999,-72.84063928666653,33.10238351444442,-72.59232905444432,33.046337781111085,-73.13616325666652,382762.0,54867.0,379872.0
685.0,280.0,8.103649635036497,2199.8613138686133,2252.70802919708,2223.7313868613137,0.8291970802919708,0.5153284671532846,5238.794160583941,0.9080291970802918,-3.0340968485068927,68.36496350364963,34.578354848818904,-67.83369332755908,34.53063148818899,-64.5091589401575,34.66550282677165,-67.2200748456693,87124.0,11777.0,87092.0
419.0,234.0,7.866348448687351,2299.46062052506,2352.46062052506,2337.360381861575,0.7899761336515513,0.4892601431980907,4681.997613365155,0.5937947494033413,-2.856403056362512,62.840095465393794,32.6603096443299,-40.35762895360825,32.987367118556705,-40.44760928092783,32.82042021134021,-40.1250095386598,14605.0,2435.0,14585.0
933.0,248.0,7.102893890675241,2215.225080385852,2288.016077170418,2274.3054662379423,0.8188638799571275,0.6205787781350482,4492.349410503752,0.4766345123258306,-2.5775926572164263,68.93890675241157,33.4279330762332,-79.75062897757832,35.76888093871451,-69.16735790134521,36.01754742600899,-71.39597296860975,635099.0,43617.0,635083.0
331.0,202.0,7.492447129909365,2176.858006042296,2254.1087613293053,2254.867069486405,0.879154078549849,0.7341389728096677,5247.749244712991,0.9410876132930516,-3.779391159702753,47.58308157099698,35.0343885257732,-49.60907184192437,33.17425862886598,-52.72476200687287,33.113133085910654,-50.7760672611684,10654.0,4440.0,10614.0
308.0,249.0,7.795454545454546,2211.535714285714,2278.0227272727275,2262.4675324675327,0.8636363636363636,0.5909090909090909,5025.753246753247,0.3538961038961039,-2.799137168308833,65.68181818181819,30.279705895522397,-40.69688372014925,30.44526828358209,-40.63559547388059,30.21970156716418,-40.194481791044765,3392.0,442.0,3367.0
369.0,265.0,9.008130081300813,2736.5447154471544,2805.8834688346883,2776.5772357723577,0.8509485094850948,0.6097560975609756,5091.542005420054,0.1037940379403793,-2.9720704623584484,60.48780487804878,34.46521013927492,-45.63801373323263,34.57179964380665,-45.89523779365558,34.5267457163142,-46.235242325377634,4948.0,756.0,4933.0
704.0,232.0,10.801136363636363,3157.328125,3227.830965909091,3189.041193181818,0.703125,0.3963068181818182,6596.184659090909,0.6061079545454525,-1.7062074014962385,54.47443181818182,39.32695729562595,-49.20321741779779,39.23584814781298,-49.05420512518844,39.30650568476622,-48.99052066666657,134011.0,26600.0,133981.0
755.0,284.0,7.332450331125828,2170.892715231788,2238.304635761589,2211.2635761589404,0.8980132450331125,0.6,3901.239735099338,0.850728476821192,-3.330290184837769,65.25827814569537,36.330502278098,-55.81964756628239,35.18055088040348,-52.59230884870315,35.26850178097984,-52.42188255187315,226098.0,11428.0,226086.0
550.0,301.0,8.252727272727272,2189.950909090909,2255.556363636364,2221.84,0.8363636363636363,0.5563636363636364,4659.449090909091,-0.2561818181818182,-3.258143943171818,61.763636363636365,35.28135137086092,-30.2567811169978,36.71092879911699,-34.687971624724064,36.38905727593819,-34.17057626048565,22656.0,2254.0,22656.0
599.0,293.0,6.973288814691152,1869.6894824707847,1982.075125208681,1947.797996661102,0.7429048414023373,0.6894824707846411,3900.9883138564273,0.5826377295492488,-2.8335500738942985,57.4457429048414,36.67771119349004,-41.99378889692586,36.5832069710669,-38.11670840867992,36.95471709764918,-43.50403860759492,30389.0,6536.0,30364.0
831.0,280.0,5.444043321299639,1469.7027677496992,1581.1468110709989,1553.6450060168472,0.7509025270758123,0.8495788206979543,3141.386281588448,-4.283393501805054,-2.408504131256237,58.194945848375454,31.949008800796776,-73.72765744488724,32.025248996015925,-73.49629896679949,32.12493121115536,-74.0101355365206,225218.0,35506.0,225201.0
607.0,289.0,7.339373970345964,2034.2207578253704,2071.413509060956,2061.004942339374,0.8253706754530478,0.5453047775947282,3905.166392092257,-1.087149917627677,-2.053710308787755,70.23064250411862,35.00474981216459,-32.83099245080501,34.92806197674419,-32.369691910554565,34.75773609481217,-30.93177789982112,51472.0,5906.0,51346.0
708.0,263.0,10.337570621468927,2962.460451977401,3031.968926553672,3013.625706214689,0.6652542372881356,0.4985875706214689,5834.022598870057,0.584322033898305,-4.018070348116964,47.38700564971752,40.165589796012256,-61.4393830076686,41.1213316288343,-46.39853795092017,40.441927065950885,-56.67754604447843,39511.0,10718.0,39466.0
928.0,317.0,6.515086206896552,1822.7769396551723,1865.4353448275865,1844.9967672413795,0.7165948275862069,0.625,4315.837284482759,0.6589439655172413,-3.653877238754252,65.52801724137932,31.766368350438057,-44.46320778347937,32.41203110387986,-45.07448451689613,31.942759989987497,-44.47291412891116,205023.0,17314.0,202013.0
748.0,276.0,6.211229946524064,1569.2446524064171,1592.8141711229946,1573.6697860962568,0.8141711229946524,0.7098930481283422,3425.0267379679144,-0.0062834224598928,-4.415546475834509,68.35561497326204,34.58161369486406,-62.57445790936553,34.50989093504533,-62.67468116767372,34.52610448036255,-62.2279148534743,99632.0,12586.0,99559.0
734.0,341.0,7.70299727520436,2211.324250681199,2278.032697547684,2256.7111716621253,0.7506811989100818,0.6021798365122616,4692.756130790191,-0.5129427792915533,-3.014476133323081,52.23433242506812,32.986964333333326,-62.02673471515141,32.66506858636364,-60.80950274545449,32.79919140454546,-60.65240592727268,27051.0,10804.0,26981.0
960.0,306.0,6.211458333333334,1654.41875,1736.3510416666666,1693.6427083333333,0.921875,0.8125,4729.91875,-0.4331250000000007,-3.071484165453117,76.32291666666667,38.91502958823529,-47.62074971260504,39.160163331092434,-47.446551561344535,39.33868264705881,-47.00572332605042,389025.0,41140.0,388994.0
417.0,199.0,10.316546762589928,2947.561151079137,3034.980815347722,3024.1103117505995,0.709832134292566,0.3213429256594724,5394.803357314148,0.4364508393285372,-4.26861219541334,55.8273381294964,35.609061781081074,-63.77642132702705,35.546061216216216,-63.87861619189195,35.65815193783784,-63.31637159729736,27195.0,6750.0,27195.0
1128.0,285.0,14.98936170212766,3750.143617021277,3815.445921985816,3786.875,0.8014184397163121,0.3581560283687943,5435.345744680851,1.769946808510638,-3.886107986625968,69.11347517730496,35.67724093093923,-76.58523721639031,35.56504297974217,-73.3880497394106,35.680984669429094,-73.71536217034983,651419.0,64984.0,651409.0
545.0,290.0,7.273394495412844,2232.977981651376,2292.1724770642204,2261.6146788990827,0.6770642201834862,0.6825688073394496,4319.420183486239,0.91651376146789,-3.950722515132776,54.95412844036697,35.55722990890269,-55.77395083436853,34.93936849482402,-55.15790450931677,35.411098853002066,-56.12227616977227,24408.0,5408.0,24392.0
607.0,273.0,4.909390444810544,1348.8945634266886,1416.8863261943986,1389.682042833608,0.8303130148270181,0.7693574958813838,5201.444810543658,0.5332784184514003,-4.13067619291461,60.0164744645799,35.698662696857674,-62.91176547689464,35.89792412754159,-62.76464918484289,36.072346567467655,-63.52918907393714,32710.0,5898.0,31272.0
334.0,207.0,6.991017964071856,1980.9131736526947,2019.5299401197608,2040.131736526946,0.8712574850299402,0.6407185628742516,5233.185628742515,0.7254491017964072,-1.490280358071644,66.52694610778443,35.159840056105615,-58.37842421122111,34.7678856039604,-60.55960413861386,34.789399356435645,-60.92137514191419,9816.0,1420.0,9758.0
123.0,106.0,8.292682926829269,2638.1544715447158,2705.5528455284552,2675.008130081301,0.8780487804878049,0.5528455284552846,5965.878048780488,-0.8471544715447153,-3.628212757544768,68.04878048780488,32.05960641071428,-41.83492123214285,32.14650016071428,-41.479605160714286,32.14068855357143,-41.47413641071429,1309.0,171.0,1293.0
661.0,257.0,8.261724659606656,2243.18154311649,2281.6717095310137,2283.682299546142,0.8547655068078669,0.6717095310136157,4515.933434190621,0.4055975794251136,-3.470670277433083,72.08774583963691,36.62252363616557,-65.19873991721133,35.92522176367614,-63.93731543982496,36.265763498910665,-63.95201224836602,86890.0,9894.0,86766.0
1063.0,347.0,7.83349012229539,2405.7968015051742,2464.908748824083,2139.058325493885,0.8485418626528692,0.5587958607714016,6539.776105362183,-0.566886171213547,-3.2467987798067086,62.34242709313264,27.613514126633174,-65.55274308442209,28.06995583517589,-66.95981155979898,27.207371191959798,-66.90104670251253,198516.0,28136.0,198434.0
383.0,253.0,7.245430809399478,1963.195822454308,2035.195822454308,2001.1227154047,0.8877284595300261,0.6292428198433421,4740.853785900783,-0.4989556135770235,-3.010524456496732,74.02088772845953,32.47519750561797,-48.97777421067415,32.89087779494382,-50.007090426966286,32.81707756179775,-49.84963797471911,9100.0,944.0,9050.0
539.0,253.0,7.161410018552876,2089.118738404453,2137.3729128014843,2131.2820037105757,0.9053803339517624,0.6326530612244898,4979.146567717997,-0.2230055658627087,-3.262852477931085,66.88311688311688,38.88859431225297,-55.17601187747034,38.59155435177866,-55.73717254940711,38.7588538083004,-56.03343084980236,30377.0,4494.0,30363.0
551.0,257.0,13.1978221415608,3802.707803992741,3878.411978221416,3840.083484573503,0.7386569872958257,0.5771324863883848,6842.885662431942,-0.0978221415607986,-4.631295330087569,56.66061705989111,36.190092618955504,-61.89620891876209,35.21300344680851,-61.0931671992263,35.77581495938104,-61.53632903481625,30904.0,7457.0,30899.0
320.0,246.0,10.3125,2831.08125,2891.51875,2869.196875,0.846875,0.590625,5425.20625,0.3174999999999999,-2.5538820213995885,64.0,33.58372610752688,-43.56309713261648,33.15523710035841,-43.5907847060932,33.39437736200716,-43.737033333333336,4268.0,525.0,4243.0
812.0,333.0,7.208128078817734,1908.62315270936,1965.9002463054187,1941.347290640394,0.7007389162561576,0.7438423645320197,4785.832512315271,-0.4714285714285714,-3.8283634597849576,57.26600985221675,38.71010907197942,-63.73127689974279,38.05577537275061,-62.43286364652951,38.78942132390743,-62.5178313483289,143121.0,26462.0,143116.0
506.0,279.0,9.567193675889328,2831.120553359684,2894.800395256917,2866.1442687747035,0.782608695652174,0.525691699604743,6275.349802371542,-0.1432806324110671,-3.807469366372637,61.16600790513834,35.69686829450549,-48.67443179120879,35.538828030769224,-48.17345048791208,35.673744316483514,-48.16862318461539,14307.0,2271.0,14295.0
601.0,288.0,7.19134775374376,2008.3394342762065,2077.0316139767056,2036.442595673877,0.8469217970049917,0.6173044925124792,3861.08153078203,-0.1845257903494176,-3.525643455272104,63.7603993344426,35.10676347555555,-43.93890465111112,35.95350897555556,-42.95330101333334,35.503117975555554,-44.043945028888885,72667.0,2036.0,72654.0
747.0,289.0,8.520749665327978,2290.803212851405,2375.239625167336,2328.330655957162,0.8594377510040161,0.7550200803212851,5767.90093708166,1.3807228915662657,-3.851140900408147,39.04953145917001,36.57408251846381,-64.36535935155094,36.505620361890685,-64.75845113884782,36.49125935745938,-64.70270963220085,41709.0,28206.0,41709.0
363.0,210.0,8.385674931129477,2392.9118457300274,2447.818181818182,2432.628099173554,0.8126721763085399,0.628099173553719,4631.225895316805,0.3853994490358127,-2.436661305125112,56.2534435261708,34.71025495182926,-39.13592776036584,35.43961056768292,-25.57243233658536,35.09296255518292,-30.46939204786585,9194.0,2116.0,9155.0
476.0,224.0,11.216386554621849,3169.405462184874,3221.4453781512607,3202.7121848739494,0.8025210084033614,0.657563025210084,5286.193277310925,-2.2953781512605045,-3.117558638459061,52.56302521008404,37.82059433940773,-10.038796995444187,38.28186636674258,-10.499956093394076,37.91157338268791,-10.692188339407744,100271.0,17315.0,100258.0
511.0,260.0,6.6438356164383565,1662.986301369863,1708.495107632094,1673.113502935421,0.7847358121330724,0.6810176125244618,4485.845401174169,0.4665362035225049,-3.8436062965080513,56.82974559686888,38.22780342612421,-24.28806975160599,38.2092084796574,-22.460447171306203,38.20170453961457,-23.150701850107065,21329.0,5198.0,21315.0
411.0,288.0,7.632603406326034,2234.8856447688563,2274.104622871046,2257.221411192214,0.7931873479318735,0.6423357664233577,5062.060827250608,0.402676399026764,-2.622019932944127,64.74452554744525,35.64016550268818,-44.39980206989247,35.80118502688172,-44.42416136290322,35.73339400537634,-44.80768878225806,6292.0,878.0,6209.0
402.0,223.0,7.353233830845771,1952.81592039801,2015.2860696517412,1985.3383084577115,0.8756218905472637,0.6194029850746269,4722.674129353234,-0.2738805970149254,-2.9626592018814004,65.59701492537313,35.023652428134554,-55.3108431712538,35.058344446483176,-55.23908968501527,35.13349765749235,-55.91287011314983,16540.0,2490.0,16470.0
832.0,308.0,6.775240384615385,1859.46875,1925.5504807692307,1900.3533653846157,0.8798076923076923,0.5540865384615384,4067.9939903846152,0.8772836538461543,-4.254426390208251,57.05528846153846,15.011825610038615,-55.011946933075926,15.13594907722008,-55.19665744787645,15.074133933075936,-55.56112192664093,114621.0,4832.0,114603.0
712.0,266.0,10.186797752808989,2927.459269662921,2831.0238764044943,2889.1587078651687,0.8188202247191011,0.5842696629213483,5646.165730337079,-0.6044943820224721,-3.1457957345098126,63.44101123595506,27.24734139267886,-35.68949918302829,27.099701111480854,-36.82286501663894,27.20091920632279,-35.61385952579035,146564.0,18673.0,146500.0
324.0,215.0,7.91358024691358,2270.885802469136,2313.895061728395,2303.632716049383,0.7962962962962963,0.6234567901234568,5047.614197530864,-0.0271604938271604,-3.0590692889424966,59.44444444444444,30.318213892156862,-52.42998475163399,30.77740997058824,-50.99861416339871,30.06070457843137,-51.915842594771256,4857.0,1069.0,4826.0
555.0,227.0,9.58018018018018,2646.655855855856,2703.198198198198,2683.5315315315315,0.8792792792792793,0.4990990990990991,5186.936936936937,1.0290090090090094,-3.0337342117096475,72.95495495495496,33.77679307961166,-55.98695656116504,33.574173229126224,-55.88731639999998,33.60310981165049,-55.81185669126212,146235.0,12731.0,146217.0
429.0,195.0,7.062937062937063,1884.2820512820515,1947.6013986013984,1903.5967365967365,0.9184149184149184,0.6526806526806527,4419.601398601399,0.2680652680652681,-3.911313477408629,50.04662004662005,40.535449177377885,-24.05601003571428,40.64250581748071,-23.826416668367347,40.56946048843187,-23.834788096938773,20200.0,8052.0,20155.0
506.0,269.0,9.3201581027668,2768.689723320158,2816.954545454545,2806.081027667984,0.8023715415019763,0.650197628458498,5182.725296442688,-0.2640316205533596,-2.6853295017342576,60.0395256916996,34.06571882589286,-51.16614581026786,34.78396873660714,-51.82944572544642,34.514070834821425,-50.93201472544643,18415.0,3210.0,18379.0
520.0,239.0,8.471153846153847,2342.125,2404.65,2387.4173076923075,0.8288461538461539,0.6961538461538461,5816.817307692308,-0.0632692307692305,-4.321823284219092,61.34615384615385,35.18113257641921,-55.944460731441055,35.12856816593886,-56.14453883187774,35.13223585152838,-55.95626915938865,31031.0,4141.0,31026.0
1272.0,310.0,7.939465408805032,1742.9143081761006,1807.4504716981128,1799.3238993710693,0.8026729559748428,0.5471698113207547,3570.5322327044023,1.8492924528301893,-4.104331047616324,64.26100628930817,35.54614548487803,-77.54091729170719,35.62891475804877,-77.74038153560963,35.85938644390242,-78.76620348682917,372088.0,44592.0,371853.0
233.71371263582495,375.67422713403846,10.389361946282031,3381.6021192346534,3075.4921092155364,2240.093556234597,0.9314248623294581,0.3688112810887736,6296.877795937291,-0.7069681499809549,-4.56563057520526,82.74721428417698,26.05264267244673,-66.60085065456585,35.54076461460318,-58.76391168691763,21.49286238949622,-78.32063867896674,-115913.63317878518,42407.13790095433,-97708.4283915894
356.98906826071624,331.8125733796789,7.409988210962965,2685.5068200179912,2378.0453602608995,1690.59588367792,1.038484396643053,0.42163273351743213,5540.753364107994,0.9153210137484814,-3.0821392557815037,84.1613950298447,26.83234380922215,-56.49541863583889,37.53534478739505,-50.17457065947156,22.22148507170477,-68.67973838975607,-79443.4342545563,49105.078921514054,-36460.212639863996
376.45359809622545,375.67422713403846,9.295540247652411,3022.02582948086,2671.3638548531667,1926.0334339174956,1.0637623796677913,0.3495081381251033,5901.102644407687,-3.5804481137193473,-3.5279695640415163,69.68633711281484,26.537832854259644,-83.37176934599475,36.46992957970108,-76.04459192693287,21.884206398798927,-95.34357770260631,-60163.3371941769,62241.84133700679,-5237.780146723846
116.92653362277002,368.5615265252234,6.718510941202223,2465.1912960145737,2203.272755471081,1509.3390214794847,0.9636417388257483,0.5020864884505543,5498.311411369567,-0.8196658514159022,-2.8719568980058194,82.83034040862486,24.512947185679565,-46.982121495298536,33.83531802730895,-38.79277449907161,20.26829061848892,-59.255167381037765,-135061.6390666604,39575.90447211075,-126346.54798381287
129.9028868464428,388.71417825019944,6.551389194161447,2520.3726634621125,2262.838147361511,1566.9223516071968,0.8910640516795558,0.5225524605099612,5836.067622075241,-0.755809679037286,-4.1486582643820125,80.81493468809904,27.392707218561295,-45.418532574030806,37.32841421094884,-37.70526139334693,22.433802054543197,-57.26217025162986,-135994.967482907,39370.0148470973,-127804.43754422129
279.9419709951592,329.44167317674055,7.657223859467138,2834.5757777619783,2552.7826945147876,1798.0968942859256,1.038278464725704,0.46535916586717907,4681.821701812544,-1.2472356575712862,-3.2274865953416807,75.61803664818304,28.88263761423651,-75.41225417312823,39.33887409575853,-69.03346071150065,23.6483367522902,-87.9099801491724,-67342.31861560457,51557.67630825972,-16869.997236610798
631.1145301108036,354.3361253075933,9.087490436982092,2811.8625320197343,2490.997721423661,1777.7543540053716,0.8953617946596999,0.26840716647142177,6048.94398511799,2.0696832589796395,-2.5096228642532066,67.12609277397868,28.441439253272073,-61.43697434946515,38.0184723038733,-51.121362115848406,23.087496844579675,-71.76869569480411,87040.97729039559,93588.285660397,232634.17720384753
247.50108793597724,343.66707439437073,6.900492014986828,2239.342756146136,2011.8746522554634,1333.9585047023095,0.9646331110796522,0.6126375232984635,5270.693151585886,1.7758801468340337,-4.945292073460941,96.2418891484131,28.149681794713075,-69.86943663137892,38.9280493558112,-60.624315758856305,23.183358190044448,-81.04302067182338,42116.074305027665,60142.77150150375,159236.88178205185
102.32813624613817,336.55437378555564,8.861741632765836,3398.874481650516,3094.1471033220237,2262.0098243805146,0.9441735128586655,0.4034723960540058,6836.2580798008275,0.8510832372640974,-2.9511967266360664,82.04954440699282,25.49338564612694,-52.84934424444768,34.92946044634137,-44.668226693988906,21.006577134703114,-63.88728736203289,-134260.40182291795,39541.756924547546,-125090.90899825878
382.1307526315822,353.1506752061241,7.888180952330297,2685.2570401755074,2462.20780588251,1712.4837150065973,0.9863511429877672,0.5960203901099451,5826.941131045618,1.9268139393724049,-5.519686053339912,52.97564363833661,28.26809042115521,-73.80594249780528,38.40065979220105,-66.67581733913761,23.115871639697417,-86.25859020040413,-70258.75266115731,68746.9491477978,-21645.35803178292
160.72172575266563,357.89247561200085,9.050144289488653,3183.2450277212374,2925.6275418723817,2107.159273719231,0.9809343068948231,0.31225772262016355,5488.30839158524,1.383101537296456,-3.783907157783097,76.43333597672806,24.49193318570141,-45.101502616893676,32.379864115065665,-55.0105411885338,19.301157819263818,-74.14999661637626,-112169.89126333785,46964.83116100831,-89284.13014175338
90.9738271754245,353.1506752061241,6.3288613674739,2382.610884506489,2120.2533067007535,1444.60104517559,0.9215939223728751,0.5858380068465909,5068.098159640695,0.363650902488152,-3.2534138768868557,80.21894437123066,21.546959096169022,-38.81267001245308,30.29979103143529,-27.781454066732543,17.811681461151856,-49.705622316771255,-137390.61500291826,39020.50465439152,-130081.16102921366
546.7682341569305,382.78692774285355,7.248285999409637,2648.478116591914,2396.4369830066685,1668.1659685056493,0.9131194898566664,0.44512330065257744,7911.922746676845,-2.165585698891256,-3.3164547424018602,75.80880940733691,25.57998498002227,-87.45490958174197,35.69032810253685,-78.19692284109453,21.03506286328747,-99.95777591855116,-20980.055108381974,57809.69053122931,58091.93110454423
258.8553970066909,346.0379745973091,11.212791284983998,3871.871214897631,3557.2755624735128,2655.363868619595,0.971311654372069,0.3416002184424757,7566.947414365863,1.8171305457832516,-5.2293868174943725,97.81856233671694,27.64075074405485,-76.88642779300028,37.84596806329821,-69.41064477543506,22.708018057626717,-87.77928262816266,19140.03147714652,56597.45259273544,122924.47648841058
381.3197305551027,372.117876829631,11.77856295573871,3775.8005830255443,3446.311417982979,2564.905132102788,0.982801814273313,0.4326306419935602,5862.093927445934,-0.13409325203631273,-4.364587550681108,80.69455263763088,27.250241415125792,-65.56152156742053,37.09700871001684,-59.13954344657861,22.159408555659805,-77.89651852126362,-25184.378085850447,60194.997162482774,51246.31095287687
76.37542979879262,350.77977500318576,9.345178662214389,3140.7483673211154,2820.465556321783,2053.678784916852,0.9877245895907563,0.444897783823715,5976.917382693861,-0.3478541828337953,-2.9576884713070517,87.43879680946726,23.489337245763615,-55.33270554998098,32.105046159368925,-47.27225068191308,19.296570710677337,-66.42693571076444,-137369.75850199655,39038.58276780734,-130076.94747557085
135.58004138179962,385.1578279457919,6.7680425768488535,2622.9218841904294,2362.680904884412,1644.9027408396896,0.9681520039032223,0.5165846213095876,5288.283594982892,0.6879073203163024,-3.2451724955336676,90.39343392528372,26.028740180838895,-66.93229414905812,34.95271482420085,-59.13316327931775,21.31513010726572,-78.84566191998002,-134415.95655895906,39475.470508689556,-125291.75505523219
248.3121100124568,398.1977790619529,7.895834180398676,2860.2802069825875,2600.667265069687,1827.8706082509532,0.9429707987889737,0.4390401276244828,5659.667529192611,1.5238228839311072,-3.706743154781243,79.2041941290664,25.3410010001745,-73.39764344186057,34.92678398915741,-67.36183446425301,20.956348491823658,-86.06349469486288,-112080.38211354884,44568.47679377852,-89171.76871127874
119.35959985220865,331.8125733796789,7.903713158791835,2806.4650530460967,2494.313219777676,1772.2649930213204,1.012990421298139,0.32911385611802907,5608.219506275485,-0.5310626697668283,-4.440564398088332,78.24359403855533,26.97820646596148,-58.535802714307955,36.74169639562729,-50.660390904749065,22.17050351446436,-70.02788897580196,-111565.92175747994,43557.106782127055,-88324.84442907615
99.89507001669949,347.2234246987782,7.9268768767000015,2947.4643773691196,2672.606622859005,1894.3258668493945,0.9664202994402804,0.3945893305220749,5805.468499160827,0.22269809298957027,-3.4517096690216222,88.28143379143343,25.513638211504812,-23.182318575165947,35.13192125058791,-13.27838756155754,21.02792790023136,-34.845734273673756,-127524.62104607667,40118.24787458523,-114125.837901815
279.9419709951592,411.2377301781138,7.113178756157247,2605.030542778959,2363.833483841198,1656.669633347212,0.9544958561980139,0.4869120962229767,5318.6615939557405,1.1101603104688487,-3.291269540768377,91.66872283891408,28.308258858549436,-71.30141297715804,39.30923276519202,-63.613072596176174,23.735567813760703,-84.1467423023966,-99684.66839907793,43670.59716079301,-69273.96389210121
293.72934629531153,279.6527689150351,18.944524535438905,4424.030882800641,4134.754204901444,3109.7616313329454,0.6823780743648873,0.30993804726972707,7538.191116699897,0.7690618111673472,-2.41495416291999,67.4719463176852,27.920492820000867,-84.02234888103911,37.783187381838346,-76.74589169707323,22.766748577359785,-94.96586421861991,-56990.54199146145,54339.6970950269,-116.90795284221531
255.61130870077272,427.83403159868226,8.950193266023149,3401.7517513820558,3083.037855332505,2270.2066760131206,0.8166003715246257,0.4145262243549473,6434.046691445486,0.42828878652149804,-3.583583704397686,70.90497959627275,27.84108678126501,-62.31482136815504,37.89568092961023,-62.604459035168354,22.62230947745364,-72.94125516674768,-128271.97899577135,41551.440532605724,-115575.30035493783
268.5876619244455,308.1035713502954,6.377248519572632,2633.508165580073,2324.2224063089498,1646.2287009042093,0.8260845975326676,0.566931371237972,7137.288673656565,-1.414636625484023,-3.936341632931727,70.2439952924837,27.098868909010612,-82.5246860640116,37.974519090566616,-65.22833037559153,22.400983185159966,-95.08798666336078,-95097.10721717299,49214.551941643156,-61724.68028208644
239.3908671711818,417.1649806854597,6.340554995888948,2521.44276226876,2259.35052254684,1562.833581292944,0.9050436823841093,0.5375614825591014,5772.235594714791,0.4951534728398146,-4.116238022430364,73.43560521649371,26.658391251563618,-62.45826741309541,36.73351831593353,-54.8417220026162,22.16811380062492,-75.52740703474393,-128610.89713574918,41051.27939476816,-115864.63103841004
1107.9955110807778,493.03378717948704,10.566660008204398,3906.4545840825967,3590.91315611556,2656.7493270056316,0.8338486917981398,0.2949504918128096,6656.251695429555,-0.043804792740340326,-6.290144654925365,68.66747041531507,26.132507380192106,-52.81199211458719,35.013925892241886,-28.241223561291726,21.231749911841856,-56.145027238314114,126234.68762665137,89185.26070401166,295006.0072603193
139.63515176419736,366.1906263222851,7.738565529774778,2869.1831454672338,2594.8929223002606,1840.7915391555412,0.9912242611526383,0.4980193282365747,5322.615785075056,0.41744097178807493,-3.224914710371124,80.69595024247447,21.763768870939128,-44.26845091679585,30.48860772662748,-36.630233641198146,18.190971223661283,-56.917473718159556,-122015.02871925771,43443.6164034611,-105216.9809830571
188.29647635297027,324.69987277086386,6.8800530512067,2530.050299136128,2278.560231364062,1569.284426501318,0.9928683563698186,0.5796340849389944,4846.437858641999,0.552726782665748,-4.463658030887103,74.6764464209626,28.500533375679037,-79.55467033814001,39.069880413503896,-70.7021909195085,23.540637192894625,-90.10668373066198,-82684.01308526733,40141.3476861721,-41640.07458474483
-7.159844078600827,229.8638646533297,6.8471143870271485,2654.4497982277207,2313.3501504177916,1652.669652466369,0.9221546850117404,0.533725312301896,6138.948501421798,1.8087405430997068,-3.4773403054921332,89.80042390894616,25.889088884136275,-56.310348896410346,35.66297008330212,-48.34780743260958,21.417853838013766,-67.660623443903,-132424.16072093556,39000.41786170728,-122019.22839265835
17.98184029226516,267.7982679003434,11.365818611077154,4169.492449717424,3834.14662744103,2870.6006696893796,0.9313244331454436,0.5192618375059078,8442.949700939062,0.6734507996469175,-3.8323006639163286,84.62621911822328,25.68543133310891,-53.07008320628687,35.27725993393179,-41.90784498796679,21.074148406587202,-62.63901611857357,-137474.91002747684,39060.67823976,-130186.49987028363
262.09948531260915,397.01232896048367,9.050633639479852,3162.9524496315216,2868.002876745659,2064.6857347658793,0.9321027403008773,0.49108156191680663,5986.587214824935,1.183431792381899,-4.492067285059771,76.21079580246902,21.965683917208633,-50.34148714577577,30.902579807413236,-41.35925006158245,18.303020331587845,-60.14215542431782,-117553.4755637548,43162.40130588174,-98066.58045122732
174.50910105281793,392.270528554607,8.954609631297103,3397.083798136904,3107.2236198082146,2260.320651408365,0.8693995830766843,0.3908769303519052,6384.795684442892,1.0424340174643807,-4.025524770379778,68.88103742896973,28.146143033530095,-62.203438858136835,38.377618151517744,-54.07934646536724,23.073794079202937,-75.18092531020213,-134845.25286959764,40260.864102643325,-126050.194710936
346.44578126648213,362.63427601787754,5.740717962547505,2243.890149659336,2028.512109270206,1353.3299093256296,0.8284468746125144,0.6427372493491499,7871.227455546055,-0.36872276192155806,-4.044415864584237,83.2000528041397,22.18708173635335,-38.40424780734632,34.33018115590653,-32.549539665157575,20.653040369617894,-52.67214171600947,-10470.985706454274,58606.13186115941,75066.93421350021
251.55619831837498,376.85967723550766,7.422378400383407,2588.4279047604587,2352.309195814839,1619.7801337276373,0.9466393766865375,0.5389261029068714,5602.984956870945,0.3283743150815753,-3.7300781554370936,84.03004466407543,27.791554202747683,-61.68657170235694,37.71311574183947,-54.458404821266335,22.56018254898663,-74.67128233447933,-116672.28839981246,42093.783935080195,-96600.26378353327
59.34396619272212,317.5871721620488,6.746697059822688,2567.2171004089414,2297.581970866225,1592.185519054618,0.956436425477827,0.511721224690082,5900.041230962579,0.7349109216693283,-3.0068941435395358,78.2724102580699,25.882160568152106,-52.53949902455428,35.28240340043246,-43.37179377411891,21.612894721080114,-74.18774333978666,-136236.5552852502,39400.14503612366,-128211.74772969185
176.9421672822566,412.423180279583,8.564658245275163,3022.7570788095127,2748.2793587026576,1969.9170232946972,0.9377035857002771,0.40586114062966105,5815.439331071669,-0.18883836431215595,-3.5584789037242093,85.31210841363921,26.693691667379074,-48.43270235533378,36.64844067250069,-40.68135554009943,22.07587716138313,-59.79523142385655,-134822.65832693243,39498.57032027643,-126023.50887119828
129.9028868464428,342.48162429290153,8.881646107129102,3058.941378041961,2761.9725238706706,1986.3003464204562,0.9341730450416148,0.4367203405998862,6617.468189767991,0.8559904553208901,-3.856411089531982,82.10253285102948,26.376112415500852,-47.19056464236593,36.038210138048264,-44.37750429468895,21.776427669375657,-58.65155152530237,-132573.63231087447,39895.28447579016,-122274.85064698815
184.24136597057253,340.1107240899632,14.272610448484716,4374.155592561175,3981.028981895464,3036.6660213198356,1.069280678834245,0.3437248042758946,8706.3009096416,0.0753806990832756,-2.6868386237811297,90.77851491709137,28.453698887497282,-77.13462612114127,38.74543569705461,-70.36968284925888,23.338070052612174,-89.81697913065129,-78022.58512926465,48204.186269625905,-34516.35989265275
248.3121100124568,432.575832004559,8.511430400963585,3021.23614340908,2728.84491895743,1955.6240490942064,0.9627657447205313,0.3793884612777124,5731.86912971002,0.8685304734445536,-4.315212139854699,83.15647420447061,25.738215179416486,-65.43680289178056,35.52087332270347,-56.681526788136516,21.35989844582038,-76.62969466541395,-108982.32270580284,42489.493750959715,-84321.96846841717
797.3740557891108,443.2448829177816,8.047525108456789,2834.0165374339185,2573.8475574624094,1812.1681210193747,0.9006464199130533,0.41036498245933006,5408.499006000364,-1.1467425385289114,-3.8922220098907325,58.077326724744644,28.00910251715958,-92.2512832209921,37.691599077390926,-89.85111531418468,22.67190849957107,-109.43587557889886,18218.869353104237,92883.23923718018,121260.12279950501
433.22514344979373,406.4959297722371,7.764998976811549,2713.0255587582087,2439.2370919040914,1716.349699248261,1.0065699868225713,0.24305108448417118,5362.98702685884,0.6887691060142247,-4.036306570439218,91.47327888599924,26.515530108507345,-62.1170403298782,35.62963126663452,-51.59907996389051,21.3001688666675,-75.93639626845537,77997.9460990899,41041.23599842604,217996.29184876403
925.5155438728793,615.1351476308122,7.014546540523627,2549.721274396238,2265.244292469296,1565.615919666905,1.0433066965135436,0.6089050675533411,6575.407098829133,0.2176463612872715,-3.783147493068109,69.60443834973995,28.552748745296377,-39.78882248589499,40.56482480852298,-52.85219972484985,23.41851800235172,-53.42805951248405,296554.95729945484,120610.04351887041,571118.7729550529
898.7518153490544,651.8841007763567,9.101496509263345,3116.3133933884437,2825.7624858757617,2027.5068968581056,0.985379925145007,0.49034752685851624,6647.37914087542,-0.05683367022413821,-5.476499496014738,66.77804473795914,22.35233489791715,-50.48090713654285,31.488694842422856,-43.02217474703034,18.816567122042894,-62.6310900711795,-39821.29662853367,60493.28603384373,27519.79039027606
547.57925623341,551.1208421514767,7.437264232075821,2720.1914467084653,2472.685325088741,1716.7881075996627,0.9938328126408928,0.42821884837906327,5879.307099743351,-0.29551547720430504,-4.104617065090022,76.56202484681056,28.32667310446095,-70.54613668845471,38.476090148795,-62.30059042655079,23.125348076887303,-81.54381678019877,-36928.32614651785,54891.07955420928,18955.040352346725
597.0516028986624,596.1679460073054,9.767714701505987,3694.7634251256814,3363.8315507334783,2487.3797033023825,0.9969680642171053,0.42238745881348355,7536.8537020940075,1.26426212544742,-4.408554348604255,87.084768888257,24.76566621175685,-64.45057508625362,35.09654741193933,-45.224821240466916,21.070467258756352,-65.20063314594968,-11245.283303172837,54843.87559140132,73340.78173783357
425.92594476147787,525.0409399191548,6.791621865601412,2463.902783846175,2206.5591227213104,1519.0611591749805,0.9095393345490097,0.5492300112928225,5242.101996825467,-0.2671312898401369,-3.043668020343938,65.3637567329339,30.598028482521094,-44.37980533466416,40.886761685769606,-38.35182430505883,24.59395302655965,-57.29444707009361,-117394.44474422674,47553.37418665654,-97820.78982206403
343.20169296056395,456.28483403394256,7.0245672243169635,2548.7551938723036,2293.952255092991,1574.9752922052373,0.9875689660735554,0.4731350866006401,5462.203864062609,0.36417560050635767,-3.665578908021042,81.61422526746335,26.644087302885954,-44.328278576369875,36.26944336411585,-36.19416422848372,21.911325326013962,-55.28712387162192,-55903.39688091721,42798.83035829701,1647.1665056096099
811.9724531657428,594.9824959058362,7.623041544524547,2632.2438199399276,2360.56320698186,1646.7892396518384,0.926500542965508,0.47039379968163453,6476.8263374954095,2.0287807760885785,-4.271694749108023,82.64317287569588,26.31396579055977,-78.56414561893958,36.259661344872384,-71.51637780829682,21.698804702002885,-90.94484817969138,105896.1231444951,73059.58353710406,262637.4881763379
872.7991089017087,660.182251486641,7.1839268815149655,2584.329268062197,2231.536894763239,1614.9782891494551,0.9255074979762516,0.5484558434918739,5314.535136911513,0.6831934736093899,-3.5311786707408754,80.89189663918418,26.282889152418694,-45.986558556036066,35.42136812899442,-30.51278473692505,21.240877137704167,-50.868767388883114,43574.291327804036,67366.98649039054,162401.26056779388
590.5634262868261,558.2335427602917,8.928437406397512,3159.6871487447006,2880.8969410599907,2082.6619401783237,0.9741071148380405,0.4735137043619235,6541.228295323595,1.3283401529711225,-3.159111639754162,88.7952011158276,23.892767638588136,-59.561338778246125,32.883863562819094,-51.59918262764103,19.825880707518905,-70.48040273442746,-19845.113849892135,56309.20711771661,59815.274544449
584.0752496749897,548.7499419485383,7.456108681191806,2871.2482249945915,2570.5711194661462,1842.521344708294,0.8706580185282491,0.4696863951278025,5909.225789819298,-0.2978003275731008,-4.613091077824345,77.57233174688726,26.98427419770352,-64.37117979321921,37.37671819150859,-58.4231708039357,22.189444789622044,-77.46655389204373,-45243.11784730709,59196.683566076055,18794.925313920365
486.7526004974439,526.226390020624,9.82476451018514,3385.6596856061587,3075.9568602020095,2256.7952668549497,0.8271655837014551,0.40420009641035454,5658.153078666924,-0.1340393212408003,-4.28809659304368,77.61463614850733,27.267974602488597,-65.6394146976149,37.45095164755111,-57.740633786677925,22.960294522200968,-77.92482601863794,-100239.9727361185,45540.67755969572,-70143.36046039872
412.949591537805,520.2991395132781,9.603496498059194,3268.904259018115,2955.5941922245365,2166.9138301040434,1.0178379581292443,0.3133200170967987,5781.466972921117,0.02435066657950513,-5.202581187973977,77.54827212189093,22.483904339289857,-30.02614843803782,31.147037803433786,-17.006837269056096,18.6977500839681,-39.46942339372716,-103364.97179088838,45528.625484085176,-75098.49954433029
257.23335285373184,442.0594328163124,6.998166737138301,2773.5854623604364,2516.232300014979,1763.0357901048012,0.962074733410873,0.529587370203326,5850.640748462732,1.1558101873038673,-3.008081875307447,78.03800531672574,25.029225961986914,-60.53617023947127,34.59684373237737,-52.76240667681794,20.81982263050154,-72.50714718922009,-130706.97547838125,40634.47844657018,-119307.10436457676
414.57163569076414,495.4046873824254,7.854013947790662,2791.7219973099227,2526.885817874047,1784.8082925121573,0.9443869176707937,0.5843346096329124,5454.639912725472,0.19443650798804646,-2.8155778466194428,85.88780510405624,22.439921135217915,-35.686255166115984,31.57890183806929,-26.60976042376594,18.792070989373666,-47.141422593639014,-100475.4773923595,44122.549996188405,-73091.44349247706
332.6584059663298,497.7755875853637,6.922822107097181,2735.683878284536,2468.2892276884686,1734.7064845335142,0.9771568671105202,0.5747759586490511,6084.490176661442,-0.0019443876373509417,-3.1163891639641657,84.10423731218809,24.46285524711968,-35.94872955375201,33.896404181572386,-27.549782560294133,20.22520190867128,-46.56288618562706,-117689.04281974593,41981.297896048454,-98306.75300886684
567.0437860689192,667.294952095456,7.27756153705619,2638.156465756816,2348.807427458173,1655.4221290021164,0.9142637477753983,0.4964317612584468,5810.533821296469,0.823844986349722,-3.6623375513698515,82.78617479600322,25.894218730070133,-34.8330946527644,36.06513261862139,-21.52992253266948,21.304984161063786,-46.76333932793801,-113370.00908720803,43144.32319246593,-91371.24371281979
378.88666432566407,532.1536405279699,6.083319785630002,2532.9737381307814,2267.590182171355,1563.054658198857,1.0072127297983344,0.5783654316612681,5935.433397052068,1.7962533970762689,-4.028932464643921,88.15327064676296,27.296626611834352,-65.68216640182376,37.246737842985745,-57.20771649348368,22.343902088638156,-77.12445332143345,-85282.38549176395,47816.51117082007,-45904.190871257364
329.4143176604116,470.5102352515727,9.561458368713538,3266.054808293621,2982.5600851972663,2150.9602292721743,0.9319808060759267,0.43465493283985246,5867.83916089932,0.623717042301733,-2.8717349535534162,78.96689215292838,27.129658053834536,-43.06153870685901,37.20750964572757,-34.12384532883865,22.735213924035435,-54.41838303875851,-79724.12799612767,46341.13624816267,-57755.51275056985
305.0836553660252,523.8554898176856,7.036439011644802,2712.405242689065,2451.3097143106343,1692.4409623234199,0.9312051281147948,0.5216500992921319,5536.798234451188,-0.07287984982388052,-3.4628586272087656,84.4972605875565,25.8778425328941,-31.193073332961134,35.01599030503823,-22.36586630344123,21.172241375516283,-42.08229627499225,-127613.26117499395,40500.90127521999,-114269.09872567016
1075.5546280215958,596.1679460073054,5.187345025936243,2039.489684649714,1690.9995722463686,1207.8345403989135,0.9750214007000741,0.617190982893554,5996.287286165445,2.0262483428283597,-3.5642717507738544,85.17908940214069,28.16472933611147,-83.65840383699259,38.59272280630694,-77.83927228899489,23.1566268614679,-96.2359110802524,203402.87201611453,94474.11321777197,402541.51429607195
729.2482013648289,526.226390020624,9.894431363182568,3643.80836160163,3349.257732496121,2453.6846516887263,0.9663458089152788,0.3254882337755683,6156.18288488992,0.048600688436650885,-4.67559628884771,80.83911182751757,23.7655879324761,-73.03917714555126,32.732398728323226,-65.36764184840783,19.671884447669232,-85.38110157849901,24538.389132383018,69028.16424537716,130205.49718316717
449.4455849793847,500.14648778830207,7.370890411773011,2730.6386731682105,2456.7858327599965,1738.4208505274648,0.8722236446427214,0.5056537747932356,5318.041021494593,2.3759734439000293,-3.4872422836452586,76.76305588410195,20.939329107890387,-46.791759712974525,29.038607230057995,-37.80319152637172,17.449622861768873,-58.01212489858816,-101320.16567968886,46796.1021024607,-71953.78400892134
541.9021016980532,516.7427892088706,9.519060710210388,3281.944945395142,2984.067899095938,2176.9047293666913,0.8910005627349873,0.33301549729068514,5460.256145735592,0.17356636870959857,-5.027551746091358,66.97563622014033,25.15617442400037,-47.56116929261388,34.49603401548472,-27.552198756187835,20.679923706284633,-46.724503689402084,-99608.19456236498,50616.61007100309,-70411.62337565693
713.0277598352379,504.8882881941788,6.092359741636713,2330.908394913771,2081.8930470659143,1408.4095556893415,0.9186633518578482,0.6141476675577103,5725.455930126999,2.086635811466704,-5.268815771680536,73.76463810498247,21.11346514689175,-46.02084233342193,30.11084187089988,-36.26374162112713,17.938280726471604,-56.36889487349066,34902.33204873049,68703.7625435267,148385.57663396365
266.9656177714864,458.6557342368809,6.633732991162745,2474.9720734821562,2218.9140854926222,1531.0542814052853,0.9596313390081062,0.47246851929914757,5595.965836591799,1.7894524927383815,-3.945408006838975,80.65670570036775,23.028414498302208,-41.72140644167304,31.94859762861284,-32.57172174759023,19.203430038493774,-45.64623454094606,-127422.94560408333,40887.572034391604,-113947.46413093651
507.8391744859122,541.6372413397232,8.35247293966525,2938.12561473033,2657.844269551137,1891.2181332525163,0.8854651442556198,0.46886795476986776,6251.64289166157,0.951013239186342,-3.912443612890708,78.50218275314089,24.51383028254203,-31.765082817227945,34.98258150090341,-21.49246500638508,20.1419001248921,-39.247851939173515,-100956.04593443063,45285.57529260588,-71678.49850425847
335.902494272248,515.5573391074014,7.785312875073588,3156.081480523071,2869.196149147379,2076.0627406300196,0.941858643327373,0.5352606960518145,6724.817313840627,0.03400912470150763,-3.7913938461352092,88.25177965115033,24.658339518817172,-48.48108337800447,33.40836769568285,-37.78231742722772,20.43588210838145,-60.02115368398895,-120341.29452029032,41110.53543318666,-102525.92472318953
901.1848815784929,597.3533961087745,11.3936519969223,3786.7378148012276,3494.9164060965445,2590.344956401438,1.0557505143801182,0.4003564450600656,9760.30732965488,0.07345080851513852,-3.910485697653107,81.56178499031797,27.81588256172351,-75.29791811492706,38.01728714789391,-67.94976841042816,22.80771634245248,-87.47452090484916,86959.28932845223,74458.62864756136,202011.47384586578
495.673843338719,509.6300886000555,15.314645012206375,5071.892773385172,4715.658504406024,3604.4339472208453,0.7817217729979189,0.3152470810729386,8569.226600844044,0.20306978845821527,-3.931456015112281,73.60558762103162,25.20617597690129,-46.028571842512584,34.26820193081075,-54.67967733404526,20.51720958559312,-69.4788282358248,-109422.04726690227,45268.501518824276,-85087.43071352564
374.0205318667867,496.5901374838946,6.969167697119645,2754.050155279676,2494.192232250716,1749.976328933476,0.975691573612109,0.549578327662882,5251.3830764589975,0.612828102494944,-3.0888291387913007,81.9497474834291,26.489671128535424,-51.458538851675335,36.34124384761622,-40.34511659348729,21.741484716464555,-61.7656676837308,-83760.7299453507,47631.71267812507,-43565.668599503944
331.0363618133707,489.4774368750795,7.432328866627195,2753.8860395908678,2469.3139160531164,1756.7710846516914,0.9234736561041661,0.4262112891034672,5977.553590742031,1.9745522883889057,-3.401927887740052,91.18957763494325,24.413994004857877,-53.44036453214265,33.62533144851374,-44.89749909687497,20.184975640752857,-64.56864561484734,-103447.5287737035,44583.5418882917,-75272.65976156597
587.0,324.0,9.264054514480408,2691.3713798977856,2761.127768313458,2732.734241908007,0.7563884156729132,0.4514480408858603,5277.502555366269,-0.0649063032367973,-4.19912830970897,58.43270868824531,27.589099473098333,-26.973705447124303,23.22039378293136,-13.66870221335807,27.462614129870133,-26.22046900927644,19696.0,3527.0,19682.0
743.0,358.0,8.586810228802154,2316.0080753701213,2405.8909825033647,2368.6675639300133,0.8640646029609691,0.5773889636608345,5109.189771197846,0.1324360699865409,-3.327180967667573,58.277254374158815,36.91582483676248,-49.1451011750378,36.62182451770045,-49.63771673736761,36.6363227022693,-49.62550709137668,37704.0,6566.0,37627.0
1233.0,327.0,9.817518248175183,2759.568532035685,2833.5782643957828,2783.0040551500406,0.7112733171127331,0.4582319545823195,4477.896188158962,-1.0834549878345496,-4.317780669624783,50.09732360097323,29.38856266386556,-46.92352538823526,29.408759882352943,-45.82985313613437,29.40195097478993,-46.594810363025154,199968.0,34945.0,199956.0
1059.0,293.0,12.68271954674221,3712.514636449481,3755.127478753541,3756.586402266289,0.8451369216241738,0.4117091595845137,5771.547686496695,-0.0847969782813973,-3.414109596883602,58.62134088762984,33.96134008416832,-59.27824174248503,34.056131967935855,-59.32693152204414,33.984497325977934,-59.44728180441323,174640.0,31358.0,174580.0
1518.0,339.0,10.78129117259552,2576.742424242424,2650.437417654809,2618.796442687747,0.7859025032938076,0.455862977602108,4590.566534914361,-0.6531620553359683,-4.991168679886264,54.71014492753624,37.31597682756076,-59.739681927781774,37.24521500736916,-59.66951518496676,37.216561794399375,-59.736965813559245,1076474.0,194552.0,1076364.0
695.0,308.0,12.857553956834533,3543.548201438849,3615.487769784173,3584.851798561151,0.8935251798561151,0.4935251798561151,8349.9309352518,-0.0438848920863309,-2.4053050621131447,63.64028776978417,33.99045684012539,-45.73101822100313,34.18238707523511,-46.86944853448276,33.98330919122257,-45.53895254702194,47277.0,5865.0,46576.0
775.0,328.0,7.420645161290323,1900.0567741935483,1952.5264516129032,1924.4451612903224,0.8167741935483871,0.6761290322580645,4300.883870967742,-0.1167741935483872,-3.25600646879775,66.83870967741936,31.702337200557093,-36.23525929526463,31.677288208913662,-39.80199967270198,31.78931799721448,-36.96296320055711,118209.0,14115.0,105979.0
668.0,318.0,9.332335329341316,2484.456586826347,2552.9011976047905,2531.5254491017963,0.7784431137724551,0.6661676646706587,4166.9056886227545,0.0378742514970062,-4.266933836540387,58.32335329341317,34.818412197552455,-40.7205097202797,34.9186050874126,-39.81261422552445,34.55814097902099,-40.34345513461537,29697.0,6477.0,29695.0
507.0,223.0,7.408284023668639,1930.6745562130177,1963.033530571992,1978.0887573964496,0.7297830374753451,0.6785009861932939,4473.810650887574,0.9670611439842206,-2.6467091205709607,61.676528599605525,36.59639497008547,-22.763025305555555,35.10431745940173,-21.55412827136752,35.398259393162405,-21.63725936538461,23768.0,4289.0,23694.0
377.0,216.0,7.485411140583555,2455.267904509284,2488.79575596817,2485.607427055703,0.8541114058355438,0.6047745358090185,5577.477453580902,-1.5350132625994697,-2.3534622111232277,73.26259946949602,34.25321470694863,-27.71884928096676,34.1066204471299,-27.286620368580056,34.19436516012084,-27.248830338368577,28249.0,2867.0,28134.0
696.0,303.0,6.808908045977011,1842.8908045977007,1932.2844827586207,1867.5114942528733,0.8979885057471264,0.7442528735632183,5192.419540229885,0.7840517241379311,-5.202283783100016,67.6580459770115,35.24871675905511,-53.069216023622,34.532402743307074,-52.80498808661413,35.20172683779527,-53.78402562992121,220221.0,34719.0,220031.0
634.0,357.0,7.022082018927445,2033.0993690851733,2094.3611987381705,2074.4400630914824,0.831230283911672,0.6072555205047319,4449.405362776025,-0.0805993690851734,-3.5022223895395896,66.07255520504732,33.058093411449015,-35.87256399821108,33.14099008407871,-36.681060289803206,33.172201354203935,-36.45927477996422,22545.0,4038.0,22545.0
625.0,394.0,9.12,2581.448,2632.8512,2622.0784,0.8656,0.4624,5183.4368,-0.5886399999999999,-3.661344482056028,64.144,27.57739021082089,-33.57773732089552,27.7482028880597,-33.6426313488806,27.7609730466418,-32.99613773134328,21431.0,2650.0,21237.0
1240.0,427.0,6.689516129032258,2012.189516129032,2075.456451612903,2049.8306451612902,0.7758064516129032,0.675,5538.100806451613,-0.5554032258064516,-2.45718726217184,64.25806451612904,28.635293084409994,-38.09349452454779,28.828597098191217,-37.62716436089578,28.67956426442722,-37.76561149009475,203792.0,27815.0,203767.0
749.0,375.0,8.751668891855807,2579.995994659546,2661.3164218958614,2617.2162883845126,0.8758344459279038,0.630173564753004,5641.420560747663,1.4722296395193597,-3.39283712272352,56.755674232309744,36.34430290664557,-53.74418419145571,36.44762764240507,-53.50125702373418,36.32091366613924,-53.524971438291146,34626.0,6429.0,34578.0
1012.0,463.0,16.98517786561265,5182.033596837945,5235.830039525692,5221.03557312253,0.8438735177865613,0.5909090909090909,8262.058300395256,-0.6544466403162055,-3.4780209887352145,63.04347826086956,33.25790788461537,-52.95164625164833,33.40773994175823,-52.6381907175824,33.503420807692294,-52.56334825164833,192403.0,10804.0,192287.0
1152.0,421.0,7.969618055555555,2603.941840277778,2664.263020833333,2645.012152777778,0.828125,0.6076388888888888,5266.375,-1.6703993055555555,-4.164346243674394,63.30729166666666,37.09123895644282,-32.48707060344823,37.11025026315788,-31.225794067150584,37.16201167876588,-31.736143734119736,380219.0,54178.0,380166.0
1213.0,479.0,15.652102225886232,4696.305028854081,4759.497114591921,4759.6075845012365,0.8276999175597691,0.4196207749381698,9506.875515251442,-0.4806265457543275,-3.0003868844170043,50.31327287716405,35.80702088879082,-51.711107247131466,36.157374311562215,-53.9933322842012,36.166053842012346,-53.561831018534825,80639.0,18591.0,76007.0
977.0,440.0,11.13510747185261,3031.7215967246675,3100.774820880245,3066.945752302968,0.8536335721596725,0.5435005117707267,5896.622313203685,-0.7896622313203685,-4.714093649013965,63.961105424769706,33.000567499999995,-57.58677365121412,33.002054006622515,-57.75806752869756,32.831889575055186,-56.70848678587196,95292.0,14097.0,94626.0
758.0,452.0,9.0910290237467,2735.48944591029,2801.795514511873,2782.664907651715,0.8390501319261213,0.6226912928759895,5912.11345646438,-0.7769129287598946,-2.372937701106248,65.03957783641161,30.913369210058317,-10.467101843586011,30.573361793148692,-11.223809725510211,30.74561810947522,-10.9911672080175,21511.0,2706.0,21171.0
826.0,466.0,7.939467312348668,2425.1113801452784,2487.2881355932204,2466.899515738499,0.8535108958837773,0.7215496368038741,5677.434624697336,0.2451573849878935,-2.8039036670766424,66.5496368038741,32.80727059840425,-24.670240067819147,32.45279938829786,-23.72851246941489,32.53184765957447,-23.68320807313829,28143.0,3515.0,27447.0
704.0,409.0,7.134943181818182,1945.528409090909,1987.1491477272727,1985.1008522727277,0.8877840909090909,0.6974431818181818,4193.514204545455,0.3397727272727272,-3.558221681761805,64.0909090909091,29.32243482795699,-38.262939670250894,29.316271415770604,-38.26129188172043,29.275677732974916,-37.51923668458781,33496.0,4479.0,29950.0
1020.0,340.0,9.364705882352942,2625.7598039215686,2698.460784313725,2658.969607843137,0.9362745098039216,0.6196078431372549,5165.248039215686,-0.4944117647058822,-3.5235400708498616,63.431372549019606,37.97178784615384,-31.576338468914575,38.07776106006322,-31.52980886828233,38.02033070179136,-31.5460915806111,642394.0,104342.0,642335.0
791.0,317.0,9.447534766118835,2554.395701643489,2608.646017699115,2588.6283185840707,0.9039190897597976,0.3413400758533502,5846.668773704172,-0.788621997471555,-3.1584765666282872,76.27054361567636,30.48808842112479,-46.985879386831286,30.706489207133018,-46.5740254979424,30.5736062812071,-46.44844466941015,941228.0,88780.0,941204.0
915.0,397.0,8.533333333333333,2358.0087431693987,2415.288524590164,2395.0896174863387,0.8153005464480875,0.5978142076502733,4455.068852459016,-1.18448087431694,-4.27501093584814,54.65573770491803,25.16126076434675,-30.350423294261248,25.130127715506703,-30.433071184371133,25.13720386568985,-30.85475895970692,85370.0,21714.0,84629.0
756.0,436.0,8.103174603174603,2378.474867724868,2470.9060846560847,2426.8492063492063,0.798941798941799,0.6349206349206349,7668.615079365079,0.8891534391534386,-3.5351284829917606,57.1031746031746,35.34850865472779,-53.32085694555876,35.31012932378223,-52.94004635386819,35.39422432378223,-52.27173493553008,18572.0,3559.0,17813.0
641.0,361.0,6.755070202808112,1742.650546021841,1824.0421216848677,1786.650546021841,0.8361934477379095,0.6536661466458659,3947.2355694227767,0.4276131045241811,-4.287043469265283,61.3572542901716,36.21348395964912,-48.70543988947368,35.92207373333333,-45.41459528070175,36.01741910701754,-45.74029367894736,17283.0,3061.0,17259.0
552.0,325.0,7.7228260869565215,2135.641304347826,2193.4003623188405,2165.5797101449275,0.8478260869565217,0.657608695652174,4488.394927536232,0.4894927536231885,-3.2402137540929217,67.51811594202898,15.066058054000004,6.007454596000023,15.631809634000003,6.612224050000023,15.207120914,5.650547076000022,72760.0,5439.0,72615.0
856.0,367.0,6.914719626168225,1848.306074766355,1904.0397196261683,1883.8084112149531,0.780373831775701,0.6296728971962616,4569.633177570094,-0.6664719626168224,-3.880199208173854,54.33411214953271,36.86905463079019,-54.04022292370573,36.89337016621253,-52.64452515940056,36.86401916757493,-53.745614400544966,65390.0,11618.0,64948.0
1124.0,371.0,7.571174377224199,2117.918149466192,2180.30871886121,2150.770462633452,0.8514234875444839,0.751779359430605,4725.818505338079,0.0308718861209965,-4.662512818889009,61.93950177935943,29.312075889858217,-19.767815321701228,29.40615671864775,-20.637797382769904,29.748835249727357,-19.990534223555063,228745.0,40937.0,228723.0
1194.0,364.0,8.829145728643216,2825.5159128978225,2894.701842546064,2873.8685092127303,0.7897822445561139,0.5887772194304858,7377.382747068676,0.7850083752093888,-4.363243270149375,57.83082077051926,27.305913535868616,-35.586823581676725,17.776338319792565,-9.415987338807303,17.742119823681932,-9.536002751944729,389236.0,44168.0,389016.0
704.0,362.0,8.399147727272727,2422.396306818182,2488.8735795454545,2457.786931818182,0.8494318181818182,0.6036931818181818,4925.367897727273,0.716193181818182,-2.5570737576525566,66.97443181818181,38.74621343127148,-75.5836667920962,39.125162800687285,-70.67793426804121,38.7303604467354,-72.94061725085906,92346.0,9644.0,92331.0
767.0,361.0,7.237288135593221,1869.299869621904,1930.122555410691,1900.2464146023467,0.924380704041721,0.6479791395045632,4267.088657105606,0.2558018252933508,-2.224312706132036,63.35071707953064,25.780132212802773,-46.74089687543253,25.97645911591696,-46.08281711764707,25.861365237024227,-46.20223655190313,68510.0,11622.0,68421.0
644.0,315.0,8.24223602484472,2074.950310559006,2131.7391304347825,2108.605590062112,0.9316770186335404,0.5481366459627329,4198.729813664596,-0.6594720496894411,-3.8458877585686784,68.30745341614907,31.12378161206894,-58.63533967068967,30.430781482758597,-55.83039086034483,30.746376439655144,-57.03088689482759,117955.0,18307.0,117921.0
861.0,380.0,7.995354239256678,1886.142857142857,1964.053426248548,1934.7026713124276,0.8025551684088269,0.6248548199767712,4799.653890824623,0.1519163763066202,-4.636504414338987,62.415795586527295,33.953062102739736,-57.42397456301372,32.2226044041096,-59.45134924794522,32.78046604794521,-58.79453539863015,86961.0,12457.0,86096.0
584.0,309.0,5.702054794520548,1497.5051369863013,1566.8304794520548,1539.8116438356165,0.803082191780822,0.7534246575342466,4059.748287671233,-1.1121575342465753,-4.0212575637728944,61.1986301369863,35.975155949999994,-53.640657957407406,36.7339212648148,-54.48742845,36.13161281296295,-53.61885533518519,29990.0,4485.0,29661.0
1405.0,374.0,9.18220640569395,2289.80640569395,2354.1167259786475,2310.137366548043,0.8604982206405694,0.6099644128113879,4915.033451957295,-0.5354448398576511,-5.652515853129724,54.54092526690391,35.341224546762575,-76.34921588968834,35.28788701678656,-76.46550837569953,35.2678662933653,-76.5579691270984,417672.0,93919.0,416998.0
594.0,330.0,8.355218855218855,2452.776094276094,2513.976430976431,2497.540404040404,0.7861952861952862,0.6026936026936027,5548.234006734007,-0.8398989898989899,-3.813982252995659,63.11447811447812,31.59973483773585,-34.72105657547169,32.75736,-34.70981916603774,32.915678471698115,-35.27611356037736,25025.0,3584.0,24651.0
864.0,324.0,6.609953703703703,1607.0104166666667,1656.5625,1647.7708333333333,0.8518518518518519,0.7268518518518519,4601.7337962962965,-0.598842592592593,-5.006264168684555,58.576388888888886,35.25940609139075,-67.74494439205297,34.82517094834439,-63.57609173377485,35.104523574834474,-65.75540518675497,161120.0,25404.0,148822.0
680.0,330.0,8.094117647058823,2225.991176470588,2288.4279411764705,2267.6044117647057,0.8867647058823529,0.5441176470588235,4067.385294117647,0.1995588235294116,-3.5094947647628367,65.42647058823529,37.17989316701461,-41.006882194154485,37.11559396033403,-41.773733196242176,37.31383367849687,-40.80071077453027,55159.0,5028.0,48071.0
2570.0,473.0,12.491439688715952,3271.8964980544747,3357.2482490272373,3302.812451361868,0.5700389105058365,0.2291828793774319,4336.073540856031,0.453151750972762,-4.794026108429678,47.52140077821012,37.848932660768114,-57.58550294993504,39.0741650246007,-48.82554477125584,38.01045683297355,-57.9419511156666,949816.0,228821.0,947649.0
895.0,312.0,7.640223463687151,1972.1597765363128,2030.8938547486036,2032.9251396648044,0.8893854748603351,0.5631284916201117,4107.382122905028,-1.575754189944134,-4.134255132825717,60.74860335195531,23.0606558061831,-22.27694870630201,23.13289575862068,-21.431154532699164,23.118231549346,-21.740637172413795,152627.0,25715.0,151539.0
973.0,356.0,9.324768756423431,2712.954779033916,2791.6742034943472,2765.143884892086,0.8057553956834532,0.3710174717368962,4891.424460431655,-0.3908530318602266,-4.738805871214092,54.27543679342241,34.06189261132078,-50.09711447924525,34.348194932075494,-48.158969408805,34.45027376855347,-48.426293015094295,150661.0,30443.0,150620.0
468.0,306.0,7.245726495726496,1956.121794871795,2002.455128205128,1970.8226495726497,0.8717948717948718,0.6196581196581197,4086.192307692308,0.0502136752136752,-3.0462731932522797,65.38461538461539,28.32003991666665,-37.99548826960785,28.716687220588227,-38.14536586029413,28.38036540686274,-37.03121589215688,12221.0,1686.0,12186.0
374.0,271.0,7.494652406417113,2208.390374331551,2281.3529411764707,2244.804812834225,0.8582887700534759,0.6631016042780749,4696.628342245989,-0.1363636363636363,-3.083665499715829,64.14438502673796,33.34564898427673,-26.136847531446534,33.56755755345912,-26.492008852201263,33.55632862264151,-26.933906965408813,5521.0,784.0,5498.0
503.0,278.0,7.230616302186879,2173.626242544732,2239.2604373757454,2218.123260437376,0.7872763419483101,0.5546719681908548,4672.214711729623,-0.8254473161033797,-2.899415290424006,60.85487077534791,30.69880667640449,-37.57808849213483,30.32211018202247,-35.33519178876404,30.720759328089883,-37.43082241797752,25633.0,3702.0,24963.0
835.0,348.0,8.291017964071857,2339.053892215569,2366.42874251497,2354.205988023952,0.7604790419161677,0.4311377245508982,4660.689820359282,0.9221556886227548,-4.067683911644554,50.538922155688624,34.82964845991563,-60.16904098593528,37.90427864275668,-43.91181352180028,36.46426439521801,-52.31662955133614,89755.0,15361.0,89726.0
458.0,290.0,7.294759825327511,1878.6200873362443,1918.2248908296945,1916.382096069869,0.8558951965065502,0.611353711790393,3890.170305676856,-0.0489082969432314,-3.740797069677475,64.62882096069869,30.64850001818181,-40.06159004155844,30.801776018181812,-39.07020551168832,30.61924796623376,-40.39889495064935,16271.0,2254.0,16266.0
514.0,279.0,7.80544747081712,1922.704280155642,1997.869649805448,1963.192607003891,0.8910505836575876,0.5233463035019456,3901.3249027237352,0.6976653696498054,-2.969343432887921,69.63035019455253,33.735156224770655,-50.89281129816512,30.6325365,-56.12092750688073,33.87749406880735,-51.24608736926603,68145.0,7335.0,67555.0
691.0,275.0,6.1302460202604925,1393.9782923299565,1434.426917510854,1433.603473227207,0.849493487698987,0.8147612156295224,4159.641099855282,0.2512301013024602,-2.58377316686285,67.26483357452966,36.791714229202015,-59.41172490831923,37.02325984380304,-59.41086667402376,36.88676753989812,-59.24569706451612,96945.0,12246.0,96920.0
332.0,211.0,8.147590361445783,2061.9939759036147,2087.472891566265,2089.156626506024,0.786144578313253,0.5542168674698795,4186.813253012048,0.1563253012048193,-3.375503656760472,59.18674698795181,32.47235768858131,-39.30033409688581,32.248623432525946,-33.23065669204153,32.725843501730104,-39.52446939100346,6326.0,1467.0,6316.0
593.0,341.0,8.342327150084317,2422.192242833052,2479.804384485666,2473.632377740304,0.821247892074199,0.6374367622259697,5155.26981450253,0.5954468802698145,-3.636695536385729,65.96964586846543,33.642822950458715,-60.6947510440367,32.76996984954129,-58.46340977247708,32.923102510091745,-59.21550908073395,106764.0,13204.0,106754.0
405.0,242.0,7.681481481481481,2035.9234567901235,2073.498765432099,2045.520987654321,0.8814814814814815,0.4666666666666667,4281.814814814815,-0.8943209876543211,-3.084136845648832,69.35802469135803,13.63154955076924,8.396024399999991,13.716919320000011,8.278826861538453,13.698657243076934,8.029395169230765,47989.0,5024.0,47974.0
651.0,313.0,6.76036866359447,2157.9953917050693,2219.450076804916,2200.082949308756,0.6927803379416283,0.7434715821812596,5128.016897081413,1.1125960061443934,-3.6143296687066697,50.72196620583718,32.46477469966442,-26.155161359060383,32.2164825520134,-26.506434557046965,32.45565641107381,-26.158477857382536,81985.0,19658.0,81965.0
602.0,279.0,7.958471760797342,2050.890365448505,2061.7176079734218,2086.501661129568,0.7126245847176079,0.6794019933554817,4320.607973421927,-0.4061461794019929,-6.0495702287170525,58.33887043189369,35.06575041250001,-40.96280799464288,34.776725475,-34.20274672678572,34.91905249285714,-37.81074953035716,60532.0,10022.0,60502.0
578.0,344.0,6.2076124567474045,1633.5553633217994,1679.3598615916956,1674.4965397923877,0.8633217993079585,0.6384083044982699,3776.9031141868513,-0.3242214532871973,-3.902155126074168,64.16955017301038,34.528980440816326,-17.421959981632643,34.57598670612244,-17.503589138775503,34.39949201224489,-17.132256240816314,18940.0,3406.0,18884.0
617.0,290.0,6.776337115072933,1742.5623987034037,1821.6952998379252,1784.808752025932,0.8103727714748784,0.6612641815235009,4609.964343598055,1.0089141004862232,-3.702355355754687,59.96758508914101,32.11101809347442,-51.28802953615517,32.0172709717813,-50.02193660846559,32.071616453262784,-50.9474417636684,92578.0,16050.0,92568.0
872.0,318.0,7.528669724770642,2260.755733944954,2311.619266055046,2295.3772935779816,0.893348623853211,0.6146788990825688,4416.636467889908,-0.2167431192660551,-2.3450135607284155,72.27064220183486,33.19606887304347,-55.52556270608695,32.75142781217391,-56.03418032869564,32.925494699130425,-55.50294299652173,227941.0,28168.0,227937.0
660.0,307.0,9.795454545454543,2450.201515151515,2500.518181818182,2496.651515151515,0.753030303030303,0.3954545454545454,4108.116666666667,-0.8981818181818181,-3.532148394333542,62.34848484848485,37.33858298338869,-59.26559363621259,37.40725972757474,-58.248056925249145,37.38683398006643,-58.59304562956808,63379.0,9497.0,63329.0
542.0,355.0,6.898523985239852,1871.389298892989,1929.0073800738007,1904.621771217712,0.7915129151291513,0.6808118081180812,4407.029520295203,-0.7442804428044281,-3.563949251940125,62.15867158671587,35.133379914163086,-38.44738107939914,35.117796223175965,-41.662307903433465,35.02018098712446,-40.30953022103004,12777.0,1746.0,12651.0
301.0,186.0,9.009966777408636,2670.8073089701,2712.405315614618,2714.3853820598006,0.8837209302325582,0.6710963455149501,6971.963455149502,-0.2631229235880399,-3.544158562453869,74.88372093023256,34.33637412773723,-42.62510085766422,37.18081685766424,-33.519774215328454,36.90939748540147,-31.67352458029196,19215.0,2004.0,19195.0
258.0,189.0,8.147286821705427,2539.1124031007757,2521.496124031008,2482.6046511627906,0.7403100775193798,0.5348837209302325,4667.705426356589,-0.3271317829457364,-3.128052583597924,58.75968992248062,34.308693491453,-43.87384341880342,34.518064431623934,-44.10078602564104,34.299950756410254,-43.10814243589744,2711.0,474.0,2703.0
655.0,279.0,5.656488549618321,1478.7099236641222,1540.9282442748092,1530.0015267175572,0.7145038167938931,0.7419847328244275,4708.81679389313,-0.0169465648854956,-3.963321968464069,51.23664122137404,26.034264049919475,-27.189635323671503,25.868298510466985,-26.936136611916275,25.825822987117544,-26.075756418679557,60736.0,18946.0,60693.0
773.0,365.0,6.611901681759379,1754.235446313066,1793.914618369987,1776.3492884864163,0.796895213454075,0.7257438551099612,3866.328589909444,-0.7183699870633893,-1.7644299251882083,65.9379042690815,33.95449159051723,-68.48452221408056,36.747714672413785,-54.80688030890804,35.4360329985632,-61.09299883333338,91401.0,13231.0,91088.0
784.0,278.0,10.403061224489797,2786.190051020408,2850.206632653061,2831.116071428572,0.9247448979591836,0.3073979591836734,5506.695153061224,-1.1118622448979585,-3.392225132082467,61.36479591836735,36.96506059362552,-33.73193652058434,35.626484484727776,-33.7401922934927,36.89499746613548,-33.60994497609562,210275.0,32261.0,210245.0
473.0,271.0,8.186046511627907,2219.725158562368,2283.8245243128963,2255.5158562367865,0.8625792811839323,0.4841437632135306,5206.416490486258,-0.6021141649048628,-2.678478293674412,54.71458773784355,34.21072025480769,-45.10028553125001,34.206585319711536,-44.7011071658654,34.11353587259615,-44.56503233413462,18025.0,4720.0,17825.0
671.0,300.0,6.742175856929955,1747.3070044709389,1810.2056631892697,1758.2429210134128,0.7824143070044709,0.6408345752608048,4217.716840536513,0.938002980625932,-2.8992825861683498,54.008941877794335,31.91609746350365,-35.63156417518249,31.963360091240872,-37.39190899452554,31.57243416058394,-36.57639874452554,51873.0,11321.0,51225.0
476.0,317.0,8.088235294117647,2159.5042016806724,2216.5420168067226,2192.1827731092435,0.8676470588235294,0.6008403361344538,4644.68487394958,-0.705672268907563,-3.588051560964401,62.96218487394958,29.18903345238096,-29.811145031746037,29.16724512433863,-30.378044460317465,29.22481255291006,-29.886856407407404,8591.0,1118.0,8591.0
723.0,242.0,9.699861687413554,2417.183955739972,2490.605809128631,2452.536652835408,0.8367911479944675,0.5836791147994468,5745.811894882434,-1.6594744121715077,-3.0233353552986024,59.91701244813278,32.72935549999996,-46.078805158357866,32.85361411436946,-45.69016204985346,32.831695346041016,-46.03639864809393,435292.0,59388.0,435288.0
760.0,303.0,5.747368421052632,1672.032894736842,1771.1039473684211,1721.675,0.718421052631579,0.7921052631578948,4086.605263157895,0.8344736842105258,-3.5781173899348837,58.78947368421053,33.08731947234041,-49.27355395886529,34.286274673758854,-49.643550062411386,33.683414412765934,-49.41145350496458,69480.0,12879.0,69411.0
543.0,257.0,5.302025782688766,1711.5322283609576,1751.031307550645,1737.0441988950276,0.8766114180478821,0.7753222836095764,3856.701657458564,-0.5906077348066299,-1.308705912689497,66.22467771639042,36.69152279513183,-60.43925055780932,36.62600398174441,-60.75979270182553,36.50777703651114,-59.918874127789024,178005.0,4270.0,177954.0
643.0,311.0,7.23950233281493,1940.339035769829,2005.2861586314152,1943.388802488336,0.7978227060653188,0.5707620528771384,4921.348367029549,0.2539657853810267,-3.1671569490914013,52.55054432348367,39.20782083713354,-49.891334744299655,39.583770633550486,-48.67163968403908,39.46253545439739,-50.43231693648207,56266.0,11178.0,56266.0
511.0,300.0,8.350293542074365,2506.5949119373777,2532.8454011741683,2534.160469667319,0.7632093933463796,0.471624266144814,4754.3228962818,-0.5434442270058708,-3.873846330708804,66.28180039138944,36.46115134649122,-51.27765713157894,36.46130446271928,-51.614730464912256,36.60430627631578,-52.51317381578946,51912.0,5719.0,51906.0
513.0,322.0,8.261208576998051,2222.7348927875246,2276.6686159844053,2258.138401559454,0.8596491228070176,0.5769980506822612,4507.623781676413,-0.4025341130604287,-3.412554460183851,65.00974658869396,31.57016038388626,-39.78622498104265,31.700786327014224,-41.40832048578199,31.633391149289107,-41.16163572274881,16027.0,2273.0,15968.0
538.0,269.0,8.778810408921933,2311.9275092936805,2381.5167286245355,2354.5446096654277,0.8884758364312267,0.5669144981412639,4071.657992565056,0.2975836431226761,-5.125025851095801,74.73977695167287,36.33976042307692,-59.22554608974355,36.21337440170939,-60.785000692307655,36.40247464316238,-60.469757628205095,68779.0,7147.0,68756.0
423.0,234.0,7.75177304964539,2068.7635933806146,2134.364066193853,2121.1891252955083,0.8959810874704491,0.5484633569739953,4540.385342789598,-1.358156028368794,-3.241131741200634,65.39007092198581,32.0101213046875,-12.436672760416664,31.86022590364584,-12.04225790625,31.92223001041667,-11.200517463541669,27135.0,3995.0,27115.0
454.0,272.0,9.515418502202644,2737.0638766519824,2789.2004405286343,2774.5616740088108,0.8348017621145375,0.4251101321585903,5540.204845814978,-0.2325991189427314,-2.7826266392914696,64.73568281938326,35.68500770935961,-42.34872772660098,36.14917233743842,-42.31509837438422,35.7495722635468,-42.0232739729064,23774.0,3192.0,23769.0
389.0,279.0,7.174807197943445,1987.503856041131,2033.892030848329,2017.3598971722363,0.8637532133676092,0.5475578406169666,4688.110539845759,0.2591259640102827,-3.462468543776718,69.15167095115682,35.688933656976744,-53.030724947674415,35.256677843023255,-53.66602235174419,35.400698968023256,-53.488744133720935,10060.0,1122.0,9860.0
454.0,282.0,7.8061674008810575,2129.171806167401,2161.2202643171804,2164.5594713656387,0.8281938325991189,0.5814977973568282,4535.933920704846,0.5806167400881058,-3.191562374561885,66.01321585903084,33.86156959322034,-46.659685576271166,35.360212624293794,-48.7302875338983,34.78364162711864,-45.77182359887004,22728.0,1131.0,22714.0
296.0,238.0,7.097972972972973,2020.3344594594596,2055.587837837838,2065.189189189189,0.8547297297297297,0.7162162162162162,4767.148648648648,0.0287162162162162,-2.9819515652779645,66.58783783783784,32.299952992094866,-35.37502577470355,31.988843992094864,-32.26533118972332,32.21229221343874,-33.2260679486166,3682.0,482.0,3626.0
393.0,232.0,11.05852417302799,2870.343511450382,2940.4961832061067,2913.404580152672,0.8778625954198473,0.4045801526717557,5960.310432569974,0.962086513994911,-2.8964673780483543,62.31552162849873,33.33637033724341,-52.59624695307917,33.52140335190617,-54.35129479765396,33.6067605366569,-52.01400838416421,33467.0,6315.0,33453.0
448.0,307.0,8.044642857142858,2281.426339285714,2355.9933035714284,2324.0491071428573,0.828125,0.5959821428571429,4875.924107142857,-0.01875,-3.266351349130369,63.57142857142857,30.461035060098528,-34.29932311034483,30.429317818719216,-35.20853689605911,30.4346647817734,-33.66532992807882,7343.0,1222.0,7335.0
