mentions,events,avg_sentenceid,avg_a1co,avg_a2co,avg_actco,avg_raw_text,avg_root_event,avg_len,avg_goldstein,avg_tone,avg_confidence,avg_lat1,avg_lon1,avg_lat2,avg_lon2,avg_lata,avg_lona,total_num_mentions,total_num_sources,total_num_articles
2710.0,1158.0,7.828044280442804,1992.8365313653137,2026.2656826568264,2032.576014760148,0.8697416974169742,0.6136531365313653,3931.8966789667898,1.1882287822878228,-2.596837502451095,61.808118081180815,21.14071004034469,10.440327493145334,21.66520353758809,6.253756532106513,21.1198634275646,11.277366444792502,480532.0,66548.0,479727.0
3909.0,1196.0,9.696853415195704,2450.511639805577,2498.214888718342,2484.0079304169863,0.8083908928114607,0.555640828856485,4272.450498848811,-0.134177539012535,-2.483836561227416,55.249424405218726,19.61380691994647,18.153396350200733,18.42066851834004,20.85453204712176,18.742291131459183,20.1460911456492,1048017.0,181173.0,1046977.0
2177.0,1091.0,8.032613688562241,2111.4428112080845,2157.5153881488286,2150.4487827285257,0.8470372071658245,0.6316031235645384,4545.264584290308,0.5746440055121721,-3.0897010272022145,62.42076251722554,30.096600984344427,-2.681829167318983,29.85245383072407,-0.9003811609589044,29.715916673189827,-1.0555222470645778,160389.0,19099.0,159704.0
2611.0,1139.0,9.763309076982,2639.3446955189584,2673.9613175028726,2681.29490616622,0.8303332056683264,0.5698965913443125,4956.637686710073,-0.1202987361164294,-2.268002029163533,52.74224435082344,19.49791562815296,32.372882078112326,19.98722826891782,33.7417223734744,19.594116692682924,33.70409146544719,176355.0,43770.0,175817.0
4076.0,1212.0,13.231844946025516,3577.1616781158,3615.648920510304,3616.952404317959,0.7293915603532876,0.5448969578017664,5827.575318940138,-0.1348380765456336,-2.533762659335475,54.48478900883219,25.143968694274065,14.3174713934049,23.593874315439663,16.312720468558254,24.88899487269942,13.332882314161562,966460.0,179641.0,960755.0
2798.0,1191.0,6.803788420300214,1697.9814152966403,1750.3255897069334,1732.132952108649,0.7762687634024303,0.7444603288062902,4098.467119370979,-0.1422444603288059,-3.050676013784841,56.2723373838456,27.95693318479489,-0.616219369213403,28.964777604064736,-1.0693764207753094,28.168612149793,-1.790936633421152,291137.0,47767.0,288420.0
3232.0,1095.0,9.971534653465346,2734.356126237624,2796.1194306930693,2778.099938118812,0.8505569306930693,0.5581683168316832,4516.336014851485,1.3534962871287128,-1.8302737964551856,54.36262376237624,22.712707336557067,26.566088575112733,20.45335568794326,30.498501921340974,22.330558883945866,29.204990093487982,796717.0,154488.0,792968.0
2411.0,1136.0,7.291580257154708,1740.9622563251762,1771.0037328909166,1766.8535877229365,0.8892575694732476,0.7274989630858565,3631.9440066362495,0.5189133139776027,-2.9529295496520858,54.86520116134384,28.78963799774267,17.066528360270883,28.77291456549233,18.011721669828372,28.791777820686544,18.186169298554656,254534.0,57758.0,253553.0
3173.0,1092.0,7.364639142767097,1670.1008509297194,1707.005042546486,1714.1380397100536,0.8068074377560668,0.7453514024582414,3800.686731799559,-0.1252127324298781,-1.9688912657616384,57.22344784115979,21.5931882792732,10.695402965006688,20.869632394347235,11.83186350572003,20.30942955787348,21.792783250000003,1005758.0,135226.0,999962.0
3277.0,1193.0,8.35886481537992,2025.1473909063168,2066.402197131523,2066.971315227342,0.8159902349710101,0.5337198657308514,4341.795544705524,-0.3893500152578577,-2.8135933763300947,58.49252364967958,19.139688743448733,34.8150936968619,13.4656769217841,39.8485496997413,16.476203724450194,36.73376029204397,520323.0,88257.0,518358.0
3762.0,1134.0,9.751196172248804,2578.0895800106327,2607.8306751727805,2608.8088782562468,0.7854864433811802,0.441786283891547,4759.342371079213,-1.2838383838383838,-2.975462797854305,54.29824561403509,26.595227782716048,0.3640484397805275,23.621740559122127,4.000793721261855,25.62462233964333,3.126104134705023,1257484.0,213994.0,1251594.0
3556.0,1134.0,11.228346456692911,2491.3073678290216,2542.518841394826,2534.4578177727785,0.7716535433070866,0.6746344206974129,4909.588020247469,0.775253093363329,-3.5785943238087388,51.51012373453318,30.873124406898555,20.92702329640459,28.93978152470036,20.608764513300216,29.798321495469143,20.65473024261913,1146101.0,180886.0,1142350.0
2637.0,1240.0,7.324990519529769,1882.5547971179367,1906.312097080015,1911.742131209708,0.8084945013272659,0.6571861964353432,3845.193780811528,1.1849829351535826,-1.69487726021206,53.31058020477816,20.38507803410475,30.824052896061712,19.296943561054768,31.47109653549696,18.85187222636917,31.30853256754564,270247.0,57420.0,268800.0
2985.0,1170.0,8.807035175879397,2260.0244556113903,2296.451256281407,2294.7812395309884,0.8479061976549414,0.6080402010050251,4418.710552763819,-0.0195309882747065,-2.786225899904357,61.97654941373534,25.706903669512627,8.693709891853446,25.40850876378513,10.053651864816809,25.30392440590537,9.310811085734631,446086.0,56996.0,443642.0
2242.0,1128.0,9.472346119536128,2696.35682426405,2734.6623550401428,2728.755129348796,0.8233719892952721,0.6266726137377342,5490.965655664585,0.9382247992863524,-1.1276785839355987,58.068688670829616,30.527524632905383,-9.718645002853068,31.68360091353921,-3.570465425653202,31.366224195064085,-4.200587446131937,160307.0,15393.0,160028.0
2968.0,1221.0,10.076819407008086,2806.0165094339623,2817.93295148248,2829.5165094339623,0.8295148247978437,0.5828840970350404,4836.905997304582,0.4870283018867923,-1.9311652247591584,62.67520215633423,30.855542645138385,7.525258668914108,32.251678597374955,5.726574405462933,31.90921476197233,6.187413272791771,718732.0,70484.0,717877.0
3480.0,1350.0,8.541091954022988,2091.1689655172413,2124.591091954023,2127.258333333333,0.7988505747126436,0.5580459770114943,3856.544540229885,-0.3614367816091945,-3.030596636306323,57.91666666666666,23.371505157831677,6.119842083258457,23.324912078766086,6.551521452231201,23.646861659478876,6.42288257741838,658712.0,96716.0,657917.0
2969.0,1280.0,7.523071741327046,2146.361401145167,2191.536544291007,2179.997642303806,0.7780397440215561,0.6423038059952846,4447.245537217918,0.4060963287302127,-2.613873124707958,56.43987874705288,19.00346511953041,26.045747451440832,19.67506015332621,28.94460835040918,19.47582560889679,28.03434395658369,343070.0,49636.0,342406.0
2637.0,944.0,8.181645809632158,2125.800530906333,2182.9184679560108,2066.7489571482747,0.7189988623435722,0.4463405384907091,4397.952218430034,1.1776260902540776,-1.502570375440021,48.51725445582101,27.67209184682545,-21.34299659603172,28.76422517698419,-17.5955698869048,27.99870412857149,-19.060472451984143,266567.0,52866.0,266366.0
3149.0,1152.0,8.84757065735154,2041.267386471896,2229.028898062877,2231.215941568752,0.811368688472531,0.5112734201333756,4569.0288980628775,0.4167037154652266,-2.730122886222277,52.07049857097491,29.795451341937643,-10.818512511900773,29.97812020683875,-13.170425716392892,29.965347550452563,-12.849930802212532,375872.0,75173.0,375185.0
2270.0,975.0,8.373127753303965,2301.118942731277,2335.298237885462,2342.005286343612,0.8268722466960352,0.6334801762114537,4914.68281938326,-0.0012334801762111,-3.095715167692859,62.51541850220264,28.736671737153216,13.489061510686676,28.62189782430584,13.643958340464268,28.575428871187952,13.662302972690036,760314.0,42439.0,759319.0
2846.0,1052.0,8.184820801124385,2010.4525650035137,2057.1233309908644,2052.7104708362613,0.8380182712579058,0.5579761068165847,3838.725931131413,-0.5231553056921995,-2.373934500186388,56.34926212227688,27.54967306224677,9.380404008103126,27.42234227687776,8.428780335787916,27.224619294290964,9.800146154327807,377335.0,66001.0,375622.0
2533.0,1225.0,6.685353335965258,1835.1164626924597,1875.2806948282669,1875.252270035531,0.7939202526648244,0.6908803789972365,3851.3367548361625,0.7779313067508883,-2.6127019212533016,53.66363995262535,25.69135712661932,0.4837211115754194,25.94301007020477,-0.4166186272461415,25.97375433138321,-2.5272522645215267,147193.0,28620.0,146440.0
1911.0,1026.0,7.473050758765044,1961.21559392988,1987.1559392987965,1987.204081632653,0.8519099947671376,0.56567242281528,4080.458922030351,0.2844583987441135,-2.0354162834647425,56.53061224489796,25.21968990179574,-0.3745226964085307,24.782745210437707,0.8689314898989904,24.880024205948377,0.7482443613916944,82989.0,14833.0,82388.0
3896.0,1082.0,7.382700205338809,1839.27772073922,1865.631930184805,1864.9612422997943,0.8362422997946611,0.6586242299794661,4537.346509240247,0.806904517453798,-2.606993370039636,63.67813141683778,21.660003571310355,18.099739292689662,21.17469163200002,18.925716703999985,20.99979605131035,17.897917974068974,1268044.0,161547.0,1262497.0
2867.0,1063.0,6.792814788978026,1683.7534007673526,1721.3421695151726,1717.0533658876875,0.8353679804673875,0.7795605162190443,4059.100104638996,-0.2291942797349147,-3.664885308073122,59.51517265434252,26.413864687037044,-0.5530788546059919,26.83563528894659,-3.121347422649882,27.04866098813495,-4.168309031088074,363917.0,40627.0,363493.0
3256.0,1124.0,8.422911547911548,2058.845823095823,2090.544533169533,2089.2693488943487,0.7917690417690417,0.6443488943488943,4337.146498771499,0.3850737100737094,-2.7057505630322747,54.413390663390665,31.263317732952768,-7.893690707131507,31.163648440076116,-7.5539107039619315,31.335330863031093,-7.705087563232936,546667.0,72939.0,545534.0
2611.0,1178.0,8.236690923018001,2164.905783224818,2212.443891229414,2194.216392186901,0.8364611260053619,0.5603217158176944,4022.633473764841,-0.7237839908081194,-3.715330127631869,56.31175794714669,30.53203517969076,13.772312410781453,29.85119714542414,17.662595486000846,29.88477088800668,17.982126244880913,241995.0,34555.0,241169.0
2989.0,1178.0,7.477082636333222,1952.4151890264304,1987.382736701238,1981.8360655737704,0.853797256607561,0.5724322515891602,4486.23318835731,0.5391100702576113,-2.812025240626876,56.02208096353296,22.11319011756521,21.334711182956514,21.71403357162725,23.06215760535466,21.78442088247565,22.60917804798331,352129.0,64207.0,351686.0
1990.0,999.0,6.9185929648241205,1763.4155778894471,1818.4733668341707,1812.2467336683417,0.8261306532663316,0.5763819095477387,3869.9894472361807,0.5216080402010054,-2.3368373584142828,57.311557788944725,29.48610032835821,20.73518415618336,29.40261920895523,20.582829767057564,29.904233782515988,22.943540924307037,149363.0,23094.0,149125.0
2604.0,1012.0,6.269969278033794,1600.8682795698924,1646.8221966205838,1651.3175883256529,0.8993855606758833,0.772273425499232,4191.803379416283,-0.1705837173579112,-1.9118030263773056,64.10906298003073,26.10346958709945,23.9121241170912,26.125761115447848,23.59947200862776,26.115488321692716,23.90754160312242,658780.0,34423.0,559032.0
3219.0,1054.0,6.949673811742778,1844.0515688101896,1895.7589313451383,1896.237651444548,0.7853370611991302,0.6728797763280522,4927.423734078907,0.356539297918608,-2.443534634897901,55.35880708294501,29.699642964694625,20.15099236227736,28.48701789790074,23.758105479007643,29.18198089408393,23.498477669211194,774724.0,46919.0,722822.0
2555.0,1186.0,8.301761252446184,2199.975733855186,2263.036790606653,2241.248532289628,0.8461839530332681,0.6199608610567515,4434.363600782779,0.5973776908023486,-2.324182804939531,56.95890410958904,27.31877454963085,0.7640086689909702,27.60566186628385,2.3871923076292,27.18896272242723,1.129623947929477,203747.0,20850.0,203590.0
2987.0,1192.0,7.686642115835286,1939.290927351858,1992.498828255775,1992.6260462002008,0.8520254435888852,0.6742551054569802,4088.086709072648,0.5327418814864416,-2.5823117434529954,57.335118848342816,22.642919941362365,6.041202153089888,23.339600030217856,6.251752468728039,23.59621172672989,5.169710841587637,458377.0,39451.0,458016.0
3213.0,1076.0,6.909741674447557,1850.6461251167132,1855.40927482104,1876.2592592592596,0.7852474323062558,0.7068160597572363,4284.049486461251,-0.0248677248677247,-3.257002544330692,54.61873638344227,25.12742682639788,5.265040313292149,23.66487995056906,5.93236403249916,24.152901335934917,0.950804070198216,586134.0,73604.0,585559.0
3869.0,1109.0,6.0304988369087615,1414.5040062031533,1429.8379426208323,1436.102352028948,0.8973895063323857,0.7919359007495477,3308.170586714913,-0.2292065133109337,-3.5380744910083406,60.96924269837167,31.550832259056087,-8.512446075740849,31.705530877881547,-8.577752660812209,31.64469319017573,-9.047561745060278,1790487.0,201150.0,1552096.0
2746.0,1054.0,9.174435542607428,2457.2592862345227,2492.7913328477784,2484.398033503277,0.8386744355426075,0.5506190823015294,4545.721777130371,0.627239621267298,-1.698551143934147,57.5564457392571,32.32840286153845,-2.070115618076915,31.327110311418668,-1.8396233717800785,32.14676739715493,-1.5996556978085252,498278.0,78865.0,497943.0
3382.0,1240.0,9.18273211117682,2682.1975162625668,2707.6641040804257,2709.5165582495565,0.8154937906564164,0.6469544648137197,4597.696333530455,0.3586635127143689,-2.7356220063556367,55.73920756948551,23.42688870103741,8.504584809808238,24.429157368950342,8.24937318698931,24.18444362287869,7.465208571338772,806674.0,109859.0,804282.0
2731.0,1056.0,15.552178689124863,4451.036616623947,4509.154522153058,4492.672647381912,0.8553643354082754,0.4602709630172098,8308.4313438301,0.1240937385573045,-2.6552874459986104,56.99377517392897,28.515925868764377,7.923423494054467,28.90770779508825,7.202411072113537,28.81561526428844,6.451178098542939,567612.0,91486.0,567302.0
3798.0,1180.0,9.385992627698789,2575.725908372828,2627.6637704054765,2622.066877303844,0.7962085308056872,0.5247498683517641,5010.689046866772,1.570273828330709,-2.6729636759805566,53.58873091100579,26.61192985207644,4.045623419824218,24.661511014848543,4.411235192727291,25.45362699272512,6.104331956350468,1254546.0,194873.0,1252667.0
2292.0,1101.0,7.49825479930192,1980.3093368237348,2019.4668411867365,2026.7940663176264,0.8167539267015707,0.6295811518324608,4243.535340314136,0.7929755671902271,-2.340859637951167,59.175392670157066,30.46971750185873,6.616644187267656,29.94267065055761,7.50105334154275,30.07387772769517,7.0267971552044575,254929.0,21026.0,254613.0
2697.0,1081.0,7.205413422321097,1876.6192065257692,1909.5313311086395,1897.539488320356,0.824990730441231,0.6840934371523916,3741.321468298109,0.2201705598813496,-2.5769102526187457,63.73748609566184,30.287216069498065,14.012713288288284,30.42695750235949,14.79174515015015,30.59902581638781,14.760387066066064,499688.0,62301.0,499561.0
3548.0,1327.0,8.075817361894025,2146.0966741826383,2191.649661781285,2188.4255918827507,0.8571025930101466,0.5775084554678692,4224.369785794814,0.3658680947012401,-2.638261414218121,63.24971815107103,23.67145178128725,34.667808286352816,23.598927988081044,35.047814386472005,23.527774974374253,34.63721774195472,729462.0,68755.0,706922.0
4651.0,1494.0,12.610406364222747,3507.2949903246613,3556.0713824983877,3548.443775532144,0.8406794237798323,0.7361857665018275,6038.619651687809,0.3376048161685656,-1.8064042830186215,53.95613846484627,32.855983990015496,-1.6745578830708023,28.78799024916797,3.647235965830934,32.54792891790546,0.8195354413134986,2255376.0,167763.0,2220507.0
4451.0,1390.0,9.651538980004494,2618.933048753089,2659.5041563693558,2651.167378117277,0.8144237250056167,0.6726578297011907,4896.952145585262,0.5172770164008086,-1.7541176266334602,56.04807908335206,34.84985116776015,-41.65645928772269,34.39097918068907,-41.05351425779247,33.71770443027895,-38.54618048910251,1878091.0,212444.0,1877887.0
3965.0,1143.0,14.00857503152585,4131.019167717528,4180.047667087011,4160.127868852459,0.8095838587641866,0.6191677175283733,6244.8,-0.2595460277427489,-2.4853106945074543,56.01765447667087,31.63079485318864,-28.476365651017662,32.01450147544101,-26.99169139864316,31.771863233921348,-28.68548935983721,1027361.0,152274.0,1025777.0
2975.0,1246.0,7.319663865546218,1933.624537815126,1975.3203361344536,1965.8447058823529,0.8581512605042017,0.7203361344537815,3814.262857142857,1.0994957983193272,-1.825938831018827,61.93613445378151,28.917533888769302,-5.719046102619286,31.253793582496428,-1.935984779053064,31.181729468436167,-2.0755990104017026,527128.0,74110.0,526782.0
3537.0,1334.0,9.574780887757989,2625.21571953633,2686.470455188012,2667.2649137687304,0.8023748939779474,0.5606446140797285,5185.133446423522,1.0298275374611237,-1.7815458983524837,50.60503251342946,33.04648293737009,-31.6609720632047,32.959698093768495,-36.81109514896136,32.45869091839758,-37.42466297922846,508078.0,109373.0,507351.0
3203.0,1351.0,9.446768654386512,2729.749609740868,2777.394317827037,2759.6328442085546,0.8045582266625039,0.6237901966906025,5130.464252263503,0.5719637839525449,-1.957983036280804,51.91070871058383,32.36193568797868,-3.6635917405927407,32.085205977688965,-9.710291119214126,32.317132830835824,-8.148295825507834,306207.0,57888.0,305430.0
4705.0,1186.0,8.133687566418704,1985.909032943677,2021.8242295430396,2013.9995749202976,0.7056323060573858,0.6739638682252922,3969.997874601488,0.9605526036131764,-2.666167577785273,51.09458023379384,35.54347247109828,1.4489272420520074,35.80397995037342,0.5963217366899322,36.4506582851638,-3.898962389450917,2110078.0,311471.0,1989371.0
1834.0,875.0,6.291166848418757,1712.7900763358778,1766.2197382769905,1747.3565976008724,0.8440567066521265,0.6924754634678298,3932.307524536532,-0.4774809160305343,-2.0885325998166686,63.93675027262814,32.00124983381418,27.686838624567464,31.877944519330622,23.8238058252595,32.05449854702826,26.5090819117647,542346.0,45793.0,542311.0
3439.0,1166.0,7.725210817097993,1975.30561209654,2016.6086071532425,2014.1837743530093,0.8107007851119511,0.5661529514393719,3959.828438499564,0.8021808665309687,-2.947517247044776,54.00407095085781,29.472730106544912,-24.33141605966517,29.67249217285452,-25.21594359494827,29.702529193548354,-25.159444270237383,537185.0,103647.0,537028.0
3489.0,1304.0,8.35224992834623,2047.3513900831183,2096.81656635139,2088.7294353683005,0.8165663513900832,0.6434508455144741,4087.4049871023217,0.7061908856405847,-2.044655731142329,57.58670106047578,32.587719334262694,3.6136841220570033,32.71962603966532,3.29441277392382,32.882434367637934,2.321491023551288,480635.0,84854.0,479966.0
3948.0,1419.0,7.291033434650456,1956.690476190476,1991.5169706180343,1976.0681357649444,0.8427051671732523,0.7061803444782169,4094.119300911854,0.9388804457953372,-1.5708400579672597,54.4807497467072,34.09904990517951,-24.64787052123872,34.0078643760965,-24.175559024671045,34.07460368631754,-24.64161190375652,761512.0,141726.0,761094.0
4352.0,1558.0,7.846277573529412,2239.66796875,2272.099724264706,2273.453814338235,0.8042279411764706,0.6670496323529411,4348.38924632353,1.1227022058823506,-2.152293658347429,55.09650735294117,33.51822821423204,-20.28575089576548,34.30649623728392,-23.79526434076671,33.426418651966955,-20.20420613129541,651189.0,89207.0,600859.0
5141.0,1484.0,18.47072553977825,4385.081890682746,4448.387862283603,4437.83933086948,0.8770667185372496,0.5144913440964792,6702.334370744991,-0.6992024897879792,-3.417738974776852,57.39933865006808,32.467793344709946,2.797615907849832,33.133668303553534,-18.089081815097437,32.79301519574387,-12.435010780365438,3290586.0,262877.0,3289731.0
5018.0,1329.0,8.58330011956955,2138.8001195695497,2197.9713033080907,2195.698684734954,0.7010761259465923,0.5896771622160223,4247.701275408529,0.3050817058589073,-3.4155849554156883,50.04782781984854,32.84157953594772,-44.71125494117661,33.555527614787614,-48.90557951552304,33.22443779452614,-47.45144198284337,1567576.0,310250.0,1567114.0
4197.0,1544.0,8.967595901834644,2259.155110793424,2295.729807005004,2289.243983797951,0.8894448415534906,0.7071717893733619,5335.494400762449,0.2530378842030021,-2.569657522258483,50.347867524422206,29.77830407054898,-1.4296999302206492,29.593116174974284,-3.840409402464091,29.80953317838806,-2.231574152207419,763441.0,146713.0,763109.0
3840.0,1493.0,6.898177083333334,1737.6377604166669,1779.9234375,1777.39765625,0.8236979166666667,0.6494791666666667,3857.331770833333,0.5293749999999996,-1.8457411476286447,52.78385416666666,35.076567375305224,-29.436231879544277,35.06991861383983,-25.14398946446016,35.260342665400216,-26.49974345062404,635675.0,113240.0,628130.0
5844.0,1460.0,10.104380561259411,2465.0112936344967,2503.6016427104723,2497.714407939767,0.8211841204654347,0.6358658453114305,4165.830082135523,-0.9914099931553704,-2.2480803555048654,50.58008213552361,34.722205966780386,-28.446322789043112,35.009645548392896,-25.30368541800085,34.73197831705565,-27.6660742267877,1926908.0,283544.0,1926168.0
5487.0,1418.0,9.762165117550571,2682.904501549116,2729.478585748132,2730.572808456352,0.7905959540732641,0.668853654091489,5260.576271186441,-0.901257517769271,-3.16407644843023,46.75414616365956,35.961632429533985,-31.752455104416217,35.89508565244244,-29.592669411863813,35.65907420756129,-28.746780891467115,1865727.0,283012.0,1863416.0
4757.0,1399.0,14.114147571999158,3852.778221568216,3884.6209796089975,3879.761404246374,0.7584612150515031,0.5881858314063485,5777.916754256885,-0.1375656926634442,-3.168385612879545,52.583561067899936,32.34538005601751,9.857366944213515,32.20588710542432,10.967221628115428,32.278480233311434,11.592318988407694,1503366.0,126772.0,1502363.0
4576.0,1257.0,6.354020979020979,1580.8669143356644,1635.0841346153843,1635.9833916083917,0.7744755244755245,0.7495629370629371,4081.517263986014,1.22458479020979,-3.4469013992318622,54.81643356643357,29.157608085559048,-11.239447613800923,29.51675172696396,-8.194892125113125,29.17892635386005,-9.477400790950233,1714423.0,212878.0,1699370.0
3680.0,1204.0,6.505978260869565,1625.1902173913045,1690.783695652174,1679.8054347826087,0.875,0.789945652173913,3333.253260869565,-0.1755434782608688,-1.5908478595033104,55.86413043478261,33.99317724616261,-11.85218593945424,33.178009184764086,-11.075304569357582,33.684781490051186,-13.90799026662876,834279.0,140804.0,820104.0
3968.0,1313.0,8.485887096774194,1995.235131048387,2047.3009072580649,2037.141885080645,0.7948588709677419,0.631804435483871,3953.296622983871,0.3539818548387089,-2.45690777284749,45.35030241935484,32.84341697749537,-1.4869627553614175,33.70393858723855,-2.793039135822108,33.239977332274286,-2.927246591474733,581575.0,136149.0,580705.0
4105.0,1323.0,9.460901339829476,2703.1334957369063,2785.5098660170524,2768.945919610232,0.85115712545676,0.707917174177832,5073.952740560292,-0.3293300852618753,-2.89862726024939,67.4762484774665,35.222360874293045,2.840742292212803,35.28228085545266,2.126380591154544,35.22440391617381,1.1697012568123368,2351139.0,211979.0,2346639.0
3455.0,1140.0,8.921273516642547,2345.0277858176555,2389.137481910275,2370.347901591896,0.7658465991316932,0.5366136034732272,4387.716353111433,0.2418234442836467,-2.111098093315449,49.21562952243126,30.419875555589456,-13.676627188759962,31.24728934931293,-12.413199771297734,31.30586525320704,-12.835957273365942,651515.0,124478.0,651212.0
5306.0,1359.0,6.684319638145496,1676.8324538258576,1785.1015831134564,1778.638899359216,0.7433094609875612,0.7359592913682623,4669.365058424425,0.5791368262344508,-1.828387758390952,47.734640030154544,35.991228840456486,-5.671256566234818,35.58470341608675,-25.966349126836903,35.94840784529114,-7.929643009862748,1701411.0,303926.0,1701252.0
2652.0,1013.0,10.785444947209651,2938.896681749623,2991.5592006033185,2990.9958521870285,0.7209653092006033,0.6414027149321267,6230.166666666667,0.8909879336349926,-1.4896425657260357,48.95173453996984,34.35978195568628,1.5658144839215549,35.050107003529405,0.752917004705879,35.40339201921567,1.4298726207843082,818766.0,98861.0,818452.0
2942.0,1162.0,7.357919782460911,1939.0149558123728,1969.4520734194425,1974.610469068661,0.7929979605710401,0.6930659415363698,3986.494561522773,0.7878993881713104,-1.8262984657527312,54.51733514615908,27.20568551767301,-4.863083732891833,28.077519773932224,2.397458448123582,27.708491044182587,0.1732246824871263,401444.0,78238.0,400977.0
4275.0,1266.0,10.16421052631579,2591.468538011696,2662.3244444444445,2621.557192982456,0.8778947368421053,0.5162573099415204,4743.200701754386,1.1550175438596484,-2.8343273605487704,54.87953216374269,35.26043493294741,6.130089077646475,31.608028565710125,-20.28446364657672,35.29766168162082,10.61086185676394,3819330.0,432073.0,3817829.0
2975.0,1245.0,7.408067226890756,1926.6036974789915,1975.5593277310925,1965.241680672269,0.8114285714285714,0.6228571428571429,4341.916974789916,-0.2505546218487408,-2.828447646475364,57.92268907563025,31.641278022679685,-5.83244690090719,31.543305722609905,-4.1884908761339865,31.682318997557573,-5.163112060013959,484919.0,47542.0,470775.0
3554.0,1226.0,7.765616207090602,1980.012661789533,2028.1387169386608,2015.339617332583,0.7498593134496342,0.5754079909960608,4101.062183455262,0.3263646595385462,-2.6868513779994205,52.19189645469893,30.609937447026848,12.690592434075803,28.98697564433617,10.76642332179409,29.16175815221988,11.369245523780856,538277.0,96432.0,536284.0
4585.0,1101.0,16.178407851690295,3528.378844056707,3392.216139585605,3539.728026172301,0.7753544165757906,0.6525627044711014,5634.095310796074,-0.2964013086150507,-2.763279769393012,48.62377317339149,35.16102137421674,1.8761667549238468,33.977410248433365,-7.836670804610615,35.11171342882728,0.624389438227368,1788476.0,188251.0,1787907.0
2406.0,1038.0,7.4505403158769745,1828.093931837074,1870.0428096425603,1848.4742310889444,0.8341645885286783,0.6637572734829593,3481.1758104738155,0.8079800498753118,-2.23582865669665,57.79717373233583,30.96680423803307,3.827406046127079,31.58057487336815,5.383557125761544,31.206321596605743,3.567764365100096,249985.0,40809.0,247446.0
2475.0,1032.0,7.342626262626263,1709.3034343434344,1718.9175757575758,1735.6416161616162,0.8343434343434344,0.7252525252525253,3517.839595959596,1.0083636363636366,-2.903833146493499,56.27878787878788,28.329875712658254,17.142010758751567,28.486855670464152,16.382719911007996,28.270026695780608,16.724799052298593,471349.0,55113.0,463762.0
2953.0,942.0,7.051134439552997,1743.3328818151033,1774.1639011175075,1766.8642058923128,0.7941076870978666,0.5573992549949204,3840.7748052827633,-0.1094480189637656,-2.970975281905877,54.02980020318321,30.14120886494952,-23.80096845426085,29.10778674869473,-20.51702347965213,28.97868036860424,-20.70059921634778,535651.0,97615.0,534609.0
2795.0,1030.0,7.765295169946333,2013.1663685152057,2035.2579606440072,2044.567441860465,0.863685152057245,0.6493738819320215,4054.715205724508,-0.0683363148479429,-3.0823525725450955,52.73345259391771,34.198766474270336,-17.04651943975442,34.2207888317326,-17.01171206026872,34.13471120591624,-16.554672847216896,346466.0,58216.0,345797.0
3939.0,1136.0,11.465346534653465,2678.05331302361,2713.5605483625286,2710.156130997715,0.8745874587458746,0.7626301091647626,4600.292206143691,0.3932470170093934,-1.811502649113512,46.21477532368621,41.907804128762166,15.73214957456828,41.28412682177448,11.004138379382526,41.29462557864439,11.181418849555202,2669871.0,572733.0,2664665.0
2522.0,942.0,6.816812053925456,1724.253766851705,1769.9139571768435,1762.626090404441,0.8088818398096749,0.6923076923076923,3678.603092783505,-0.854877081681205,-2.5474886513082384,56.506740681998416,36.51393970706638,1.8290538656971864,36.60985765139185,1.831961035500436,36.53085906038543,2.0018261347305475,654570.0,90607.0,653300.0
2763.0,1153.0,17.646398841838582,3876.065870430691,3929.2428519724936,3919.773434672458,0.820123054650742,0.6344553022077452,5949.251538183135,1.1702135360115806,-3.137255475924833,61.726384364820845,32.642250554761006,3.5371312077530934,32.28194730711328,6.082576554761003,32.631787889725246,4.25868177982686,1782963.0,96291.0,1782439.0
3877.0,1147.0,8.12045395924684,2241.4294557647668,2244.538044880062,2246.648697446479,0.8168687129223626,0.6835181841630127,3650.236007222079,-0.5069125612587045,-2.889519613781131,59.13592984266185,26.785098798806924,8.922611714750579,26.85467373434533,10.354161121984298,26.413426724511908,9.637869242136706,2005143.0,224801.0,2000486.0
2519.0,1089.0,6.241365621278285,1640.0023818975783,1676.3699880905122,1672.0825724493848,0.8793171893608575,0.7653830885271933,3608.512107979357,-0.8254466057959514,-2.4765999605865794,58.5986502580389,28.022822906588825,10.030348840283551,28.29465444537114,6.040494803169293,28.471102944120094,6.34406333361133,278349.0,46353.0,275039.0
2371.0,970.0,7.946436102910164,2085.191058625053,2116.9590889919864,2110.1345423871785,0.7157317587515816,0.7132011809363138,4662.968367777309,0.7434415858287642,-3.555296251816987,49.18599746942218,30.39078155359189,-10.202667333494931,30.694810797752307,-10.91362149656236,30.540823955531067,-9.888960237858084,161710.0,39624.0,161543.0
1976.0,729.0,7.178137651821863,2182.963056680162,2227.118421052632,2219.131072874494,0.8517206477732794,0.7398785425101214,4077.9195344129553,1.0074898785425104,-2.16510370075456,60.37449392712551,37.85147074578064,-16.14635544040083,37.87732316086503,-14.505280987341758,37.9636078417722,-15.993227717826988,683562.0,82222.0,683135.0
2046.0,1066.0,8.334799608993157,2257.197458455523,2264.5933528836754,2282.905669599218,0.8509286412512219,0.6006842619745846,4771.204301075269,-0.1244379276637342,-2.7786586187318494,55.9286412512219,27.564394605641283,-12.871308582756788,27.34510659606173,-12.62917367908462,27.291621473123996,-12.684535791910594,178960.0,26975.0,178885.0
2487.0,1006.0,7.725774024929634,2144.716928025734,2132.399678327302,2173.8805790108563,0.7583433856051468,0.6662645757941295,4346.568556493768,0.2011660635303584,-2.1756214758701438,49.1113791716928,27.44394135960802,-14.185985826309103,26.692028938192674,-14.491944770442975,27.01059502982532,-14.295791186036656,265539.0,64720.0,265401.0
1888.0,855.0,8.990466101694915,2250.91843220339,2290.427436440678,2287.883474576271,0.8347457627118644,0.5768008474576272,5326.197563559322,0.7176906779661019,-3.2637229452740217,58.019067796610166,29.779973455382848,23.428106975244688,29.76878763485024,23.405105366532265,29.74083590391254,23.146231826237067,193721.0,22848.0,193385.0
1993.0,965.0,7.552433517310587,2108.7079779227297,2161.609633718013,2150.809834420472,0.8554942298043151,0.6297039638735574,4043.5584545910688,-0.3514801806322127,-2.504768848895573,64.14952333166082,23.3854770625,18.096328305372783,23.437239567123285,16.885167031780792,23.227924939692983,18.785342477521898,282876.0,30842.0,282709.0
1690.0,835.0,6.416568047337278,1594.9834319526626,1643.659171597633,1627.2366863905324,0.8017751479289941,0.6621301775147929,3729.786982248521,-0.1540236686390532,-2.333213384416592,58.33136094674556,27.95426861562696,1.9813868248267323,27.78788195463137,0.6218865803402785,27.911498073724,1.276729078764978,171615.0,24919.0,171370.0
2692.0,1018.0,7.148588410104012,1888.2221396731052,1905.9531946508173,1910.986998514116,0.7945765230312035,0.6582466567607727,3742.990713224368,0.3796433878157487,-2.8107372447713197,58.51783060921248,34.0103080408635,-15.467453178488826,33.797304382806466,-14.542256224363936,33.41623126522742,-12.887736773323052,426638.0,59946.0,426535.0
3137.0,1044.0,12.027414727446605,3041.7647433854,3068.818297736691,3058.860694931463,0.8253108065030283,0.5674211029646159,5262.752311125279,-0.3416958877908843,-2.4080947835097093,55.63595792158113,33.010794581117,-27.07610593151593,33.54962530119677,-26.30735588597071,33.017346385970704,-26.79337424999997,810658.0,136411.0,810454.0
1814.0,965.0,7.453142227122381,2265.212789415656,2317.07993384785,2299.462513781698,0.8417861080485116,0.6835722160970231,4477.353362734289,0.1162072767364935,-2.327398502259147,60.97023153252481,27.14014177741937,3.3783323038709745,26.801492223870977,3.868726307741946,27.07506325161291,3.7137126625806514,309876.0,10522.0,307403.0
2199.0,1113.0,6.927694406548431,1819.8340154615732,1856.0704865848115,1857.2664847658027,0.800818553888131,0.7121418826739427,4338.213278763074,0.4100045475216008,-2.5003353937449537,57.68531150522965,29.672663161557168,2.8464548919707995,30.11310284087592,1.7865957099756646,30.19423768856449,2.658784168369829,185293.0,30604.0,185115.0
2670.0,1079.0,7.698501872659176,1982.5569288389515,2017.4767790262167,2012.2003745318352,0.8655430711610487,0.7445692883895131,4301.722471910112,0.3282022471910117,-3.1399925081158666,59.546816479400746,29.632815256217963,-0.0078287824487825,30.049667242230512,-0.4391861181098632,29.74298634007472,-1.2678531284715693,546573.0,61559.0,536352.0
2452.0,1025.0,7.593393148450245,1984.940456769984,2012.373980424144,2005.326672104405,0.765089722675367,0.6382544861337683,4444.526101141925,0.8937194127243074,-2.272283409817184,51.223491027732464,28.642297861558543,28.208290589464497,28.2119990983892,28.22972286547669,28.547096034828023,26.379265806704375,182346.0,28635.0,180247.0
3148.0,1154.0,7.516518424396442,2114.875158831004,2148.4815756035578,2143.245870393901,0.8195679796696315,0.6273824650571792,4209.20457433291,1.3880241423125783,-2.1006102626646825,55.67344345616264,33.06560333523106,-9.892065072313365,33.175920954119206,-10.345602710746569,33.633465198928306,-10.158130899899566,641846.0,102420.0,641340.0
2215.0,886.0,5.803160270880361,1453.7706546275394,1480.007223476298,1477.6975169300226,0.8433408577878104,0.781038374717833,3592.2618510158013,1.4142663656884875,-2.965162801493204,57.47178329571106,28.664195659363564,20.722698682837777,28.75559365988522,20.5053168534168,28.7889110119979,19.4885521830986,293198.0,38059.0,290618.0
4385.0,1158.0,6.560775370581528,1693.8079817559862,1737.0250855188142,1732.1591790193845,0.7826681870011403,0.736830102622577,4072.721094640821,0.3888939566704668,-2.4192782529963006,56.173318129988594,35.134776769157035,23.15275286291868,35.01096526843865,18.121938889952144,35.84640033764364,14.903789827751188,1377173.0,114749.0,1376679.0
3168.0,1066.0,8.140782828282829,2346.37720959596,2293.129734848485,2395.474431818182,0.8304924242424242,0.6960227272727273,5004.014204545455,0.1063131313131314,-2.1846826181052648,58.94886363636363,28.53801385865256,13.345030424372514,28.457663171183064,14.007188966974894,28.282683359762125,13.66918955581241,362324.0,44240.0,361705.0
2343.0,952.0,7.117370892018779,1952.198463508323,2026.0183525394796,2002.5049082373023,0.7887323943661971,0.7012377294067434,4123.458813486983,-0.1671361502347415,-2.4347804246893383,53.18822023047375,30.13071576431128,-3.2710171353887305,29.950870857015182,-8.710889237712225,30.197033779069773,-3.5394217846291185,178719.0,28571.0,177478.0
2817.0,1021.0,7.106496272630458,1835.994320198793,1858.1050763223288,1861.427050053248,0.721334753283635,0.8044018459353922,4050.55520056798,0.7387291444799428,-2.4682628541348146,51.082712105076325,29.8057622213855,-4.572139354292205,29.55169231513552,-3.256692168298235,29.834025016942736,-10.382977829819325,346117.0,71623.0,345983.0
1691.0,745.0,7.8184506209343585,2063.5907746895327,2115.97989355411,2094.3613246599643,0.7835600236546422,0.5239503252513306,4813.7912477823775,0.9227675931401536,-3.614017349705165,54.33471318746304,31.38554266603655,-7.206523984877123,31.291938670447397,-7.476277323251411,31.365213050409583,-7.580860668557019,118683.0,19916.0,118500.0
3130.0,1017.0,7.7654952076677315,1858.5948881789136,1903.3453674121408,1888.708626198083,0.6690095846645367,0.7153354632587859,3798.692651757188,0.2324600638977639,-3.6410912955880903,52.61341853035144,28.467283492266272,15.228854537117924,29.7541022567204,19.291813600604662,28.24089491061825,15.358202000335927,981014.0,188314.0,980762.0
4096.0,1292.0,6.977783203125,1725.666015625,1759.13232421875,1748.65576171875,0.802490234375,0.751953125,4455.0419921875,0.0827148437499998,-2.119806445556537,62.81005859375,33.3251341969173,-15.416336538400188,32.88036287669408,-16.54376797023648,32.92439483258034,-15.03127519930903,2390099.0,263309.0,2384042.0
3205.0,1210.0,7.909204368174727,2480.3238689547584,2527.702340093604,2512.5519500780038,0.8336973478939158,0.6817472698907956,3965.818408736349,0.6542589703588144,-2.3351049289332124,60.30889235569423,33.05234009790504,-0.6799028696235745,33.5350404507692,-0.8431942850081906,33.017167126710284,-0.0922643003928111,450305.0,66057.0,449354.0
3241.0,1096.0,7.647022523912373,2133.995371798828,2154.267818574514,2167.1144708423326,0.785251465597038,0.5720456649182352,4148.097192224622,1.074668312249307,-2.233072657707448,53.55754396791114,35.029016356461746,-28.84154969635227,35.29400817619994,-28.162216967466303,35.155002106180206,-28.740190635557,608441.0,113070.0,607408.0
3041.0,1136.0,8.032555080565604,2021.916803682999,2062.3146991121343,2061.824728707662,0.8158500493258797,0.5968431437027294,3719.420585333772,0.7886550476816834,-2.7086999605844557,60.86155869779678,30.07154723450415,-14.2911070292599,29.982504210399476,-13.62984772943202,30.284285034090924,-14.578434018932874,1248746.0,151141.0,1228421.0
2309.0,1099.0,7.250757903854482,2216.539627544392,2242.6552620181897,2249.5192724123,0.8640103941100044,0.6362061498484193,3827.566045907319,0.7371589432654824,-2.273767023854933,59.064530099610224,26.66580884170616,16.631620388625596,26.968110481042658,15.625201176136366,26.81254973863636,15.506667116477283,149985.0,22033.0,149584.0
2798.0,1114.0,7.234810578984989,1758.4617583988563,1799.753752680486,1788.7315939957111,0.8806290207290922,0.693709792709078,3552.6872766261617,0.0815582558970696,-3.247930921098006,52.544674767691205,26.36253604965517,13.739419765440609,26.768634767662828,15.168373577318004,27.02053757302681,13.527487799540223,339699.0,20749.0,338905.0
3220.0,1128.0,7.12888198757764,1912.379813664596,1928.6894409937888,1946.5170807453417,0.8574534161490683,0.6869565217391305,3803.004347826087,0.4120807453416152,-2.355041012132886,49.45652173913044,29.92381697544397,9.421441925990411,30.886888774624317,6.253440370321034,29.81154853623632,9.150430041769102,558329.0,91457.0,489597.0
3114.0,1116.0,8.028259473346179,2032.8082851637764,2061.6008349389854,2059.8895311496467,0.8220937700706487,0.5793192035966602,3862.133911368016,-0.274438021836867,-2.4845658728525373,53.41682723185613,33.276835447211134,-18.06641903818062,34.06649611288179,-11.169279158366535,33.28889350431604,-15.892061499335986,385888.0,57132.0,384608.0
2428.0,1177.0,7.082372322899506,1808.153624382208,1855.158978583196,1852.898270181219,0.7565897858319605,0.6754530477759473,3845.0675453047775,0.3814662273476113,-2.124637147544848,51.750411861614495,25.27432677345134,23.722345590707967,25.488982555752216,25.6070777561947,25.551969930088504,24.79556079159292,121107.0,19086.0,120786.0
4479.0,1174.0,9.046215673141326,2215.525787006028,2268.8028577807545,2249.661531591873,0.8323286447867828,0.6443402545210984,4452.950212100915,0.2187318597901304,-2.57169588991816,50.910917615539184,31.36055730444805,-22.121356740723748,31.93333307697628,-21.23358975270809,31.644547371053264,-21.290924173081443,1198855.0,244617.0,1197010.0
1811.0,974.0,7.2424075096631695,1867.323578133628,1900.855328547764,1903.1590281612368,0.7758144671452236,0.6637217007178354,4110.426836002209,0.5082274986195474,-2.4138271495682115,56.16786305908338,26.13359774107143,4.683719941141499,28.26978297978597,3.628388181926278,28.013277584176087,3.0139716777645646,58566.0,10315.0,57741.0
2706.0,997.0,8.161123429416111,1849.5240206947524,1895.1507760532152,1889.1629711751664,0.7402069475240207,0.5868440502586844,3704.542498152254,1.977568366592754,-2.6529933526663525,55.846267553584624,33.22568374688475,12.087191954049842,32.8989245563353,13.00790197543859,32.992046178167655,12.792915939571143,442150.0,63653.0,441913.0
2491.0,1047.0,8.594138900040145,2360.661581694099,2404.1549578482536,2394.6912886391005,0.8546768366118025,0.5535929345644319,4314.650341228422,0.8355680449618629,-2.156150886653052,61.12404656764352,28.133417000425887,-2.143457116695071,27.794924548551958,-1.814346514054524,27.891239342844976,-2.1387233185690016,277419.0,42140.0,275418.0
4430.0,1189.0,14.732279909706548,3370.3088036117383,3430.0148984198645,3399.078329571106,0.7241534988713318,0.5589164785553047,8293.320316027088,0.8184650112866848,-3.053375066370432,53.81489841986456,33.72497577901318,2.787289194811198,33.2245979108177,1.9874179511234344,33.35838802872365,1.0229101348158285,2460831.0,307458.0,2460641.0
3016.0,1174.0,8.523541114058355,2200.4041777188327,2255.727453580902,2248.0069628647216,0.7009283819628647,0.5649867374005305,4529.675397877984,0.1914456233421744,-3.531500254221079,46.92307692307692,34.081805652696644,-10.878756886980424,33.91770618859498,-11.368572697698376,34.01993194194433,-12.064401528684298,210388.0,56483.0,210133.0
2202.0,946.0,7.326067211625794,1887.6494096276112,1934.408719346049,1940.012715712988,0.8306085376930064,0.6326067211625794,3878.6784741144415,1.524795640326975,-1.5468239563330732,59.61398728428701,34.23340022865698,-3.579217713429864,34.32520040069856,-3.547810400698609,34.28071831552668,-2.1878856565152334,314617.0,47664.0,314593.0
2990.0,1099.0,9.519397993311037,2596.3401337792643,2645.199331103679,2645.7013377926423,0.8147157190635451,0.6678929765886288,5272.11872909699,0.3221070234113715,-3.0897562658319546,49.28428093645485,36.2657734335443,4.729916619549946,36.22862734599156,4.1929524226441846,36.19883781329113,3.7701529268635934,441966.0,91529.0,440979.0
2341.0,1137.0,8.15719777872704,2195.906023067065,2234.1478000854336,2231.181546347714,0.8052114480991029,0.6373344724476719,4190.202904741564,0.4058949167022641,-2.61193795662052,56.04015378043571,30.978617889138228,-1.947832182675032,31.19348417681288,-5.332033645926581,31.149861124159557,-3.991101545495282,125553.0,19072.0,125156.0
3293.0,1123.0,8.121773458852111,2147.866990586092,2188.86941998178,2171.299119344063,0.7324627998785302,0.6368053446705132,4097.159429092013,-0.0916489523231099,-1.592784585044091,53.8931065897358,33.72222570864901,-21.015044206439352,33.73643416950757,-20.969707894254984,33.753063743686894,-21.090614525568142,1054716.0,166997.0,1054378.0
2274.0,998.0,7.7264731750219875,2026.6072999120493,2078.013192612137,2036.1385224274409,0.802990325417766,0.6240105540897097,4519.237906772208,0.6675901495162707,-2.2685613682919192,53.10905892700088,28.47139072999081,18.561924312327506,30.246249668813263,16.75868803817846,28.556565768629262,15.284063208831643,282087.0,43899.0,280739.0
2651.0,995.0,6.98491135420596,1731.205582798944,1757.8706148623162,1748.8645794039985,0.8415692191625802,0.7193511882308563,3865.056959637872,0.4211618257261411,-2.6886418987077256,56.3372312334968,32.63636203915301,-5.558849312425085,32.728718054334806,-5.489181555333596,32.5834924155014,-4.242096364762283,422790.0,74677.0,421363.0
2285.0,944.0,7.505908096280088,1915.145733041576,1959.3448577680524,1958.9431072210064,0.775492341356674,0.7225382932166302,3931.722975929978,0.8322975929978119,-1.8188628213320583,54.24945295404814,31.95961808623088,-0.0409365660639674,33.57502612841911,2.080268957811786,32.81091894946686,0.848131695873905,210106.0,34242.0,209456.0
3660.0,1075.0,15.566120218579234,3687.61612021858,3764.029781420765,3730.924043715847,0.7415300546448087,0.5371584699453552,7396.172404371585,-0.3526502732240417,-1.888274500720857,51.61202185792349,33.6918013009164,8.15267702719481,32.65936739455785,31.718629986690352,34.510631832347755,21.66785116676526,864873.0,183564.0,863812.0
2122.0,984.0,9.259660697455232,2616.6352497643734,2656.897737983035,2652.6366635249765,0.8435438265786993,0.5480678605089538,4782.066918001885,0.4803487276154575,-2.2142112685176603,58.73232799245994,31.83311807993889,-7.966639685845214,31.539771522912428,-8.57541232077393,32.16122385386966,-10.255895409368632,186621.0,27439.0,186441.0
2613.0,1064.0,6.993876769996173,1878.3352468427092,1912.102564102564,1903.0298507462687,0.7986988136241867,0.6946039035591275,3693.706467661692,0.183543819364715,-2.384379958271682,56.19977037887486,30.218490775089244,2.831026864339548,27.46611713169377,11.17342434034114,28.744147165807217,7.63909814835383,325151.0,29060.0,325087.0
3376.0,1054.0,8.220675355450236,2108.515106635071,2153.707049763033,2145.5737559241707,0.7742890995260664,0.6777251184834123,4778.394549763033,0.2036433649289101,-2.6846640460312625,46.19075829383886,31.1511352897603,-14.72398487955184,34.026612031726245,-18.730578735614323,32.81650895894241,-19.33137976889583,466928.0,172838.0,466372.0
2529.0,1033.0,7.631079478054567,1839.0648477659156,1879.8833531039936,1858.787267694741,0.8564650059311981,0.6888098062475286,3724.0917358639776,-0.1894424673784104,-3.347700973038329,50.60102807433768,31.971336398662764,6.716303424571673,32.03200573882156,4.633936796489765,32.19090236941079,4.302582596322612,258907.0,57759.0,257676.0
2778.0,1083.0,7.718502519798416,1834.4107271418288,1853.7728581713463,1859.85781137509,0.8005759539236861,0.6825053995680346,4202.061195104392,1.416018718502519,-2.744043204183068,55.36357091432686,37.56933064716908,-7.726370767154094,38.1406444518185,-5.0443149516310335,38.06717414848141,-3.825861166479186,382872.0,54261.0,365149.0
2971.0,1046.0,7.528105015146416,1909.2945136317735,1935.7896331201616,1940.1386738471892,0.7482329182093571,0.6341299225849882,4471.0410636149445,-1.3947155839784584,-2.4047219543843363,50.71019858633457,34.05942832435301,-32.56630191634168,34.07017785856074,-32.59275438000712,33.76249972846502,-32.94622639383195,299499.0,72225.0,298552.0
2737.0,1055.0,8.529046401169163,2016.781147241505,2025.2038728534887,2042.4841066861527,0.774205334307636,0.6328096455973694,3944.916697113628,1.4218852758494696,-2.961744005408097,51.523565948118375,31.527369940394845,-18.163815422930853,31.42877521374336,-19.631537525816203,31.646081447608207,-19.20512196772965,272414.0,61027.0,271879.0
3247.0,1011.0,7.179242377579304,1843.8869725900831,1864.4145364952265,1855.786880197105,0.818601786264244,0.5996304280874654,3824.9464120726825,0.3146596858638744,-3.1435345990141994,61.37049584231598,25.36791340609308,6.058113444258429,25.08002102075662,8.531210445932352,24.87931895480416,8.25170815734848,795000.0,108418.0,794546.0
3253.0,1122.0,8.541039040885337,1965.24715647095,1997.3369197663692,1983.5736243467568,0.8352290193667384,0.6655395019981556,3876.694743313864,-0.0365816169689508,-3.431203437009785,57.83276975099908,32.37925289373515,-1.69717539413162,32.24981291475022,-2.7739215753370106,32.30607792664553,-4.811214990483734,1223465.0,167933.0,1223343.0
1881.0,1030.0,8.589580010632643,2200.0457203615097,2242.629452418926,2233.3934077618287,0.8383838383838383,0.5975544922913344,4992.203615098352,0.1908027644869749,-2.9708550838433414,56.74641148325359,25.836147602126463,7.075003412423067,26.50479656127588,7.99862029658647,25.828320627867942,6.908548532736441,105045.0,16367.0,104818.0
2331.0,928.0,10.466752466752467,2556.169455169455,2599.3715143715144,2595.0806520806523,0.8901758901758902,0.6216216216216216,5389.53238953239,0.7894465894465894,-2.81864497186248,59.25782925782926,28.754367572272685,15.018179467727249,28.844810191450623,14.077618154160962,28.80269981999996,14.356987358181795,520897.0,83810.0,520799.0
10794.0,1062.0,7.538076709282935,2051.5450250138965,2091.300907911803,2057.8824346859365,0.9132851584213452,0.8242542153047989,5179.883639058737,0.6030387252177131,-3.078949216874668,43.80674448767834,33.70547739958688,-46.33272630970245,34.17091687512986,-46.61004801889944,34.87376221361475,-45.26307272950312,19723202.0,4467854.0,19512684.0
3076.0,1003.0,8.02113133940182,2115.922301690507,2048.98244473342,2159.2834850455138,0.7473992197659298,0.5260078023407022,3814.5230819245776,-0.1236345903771133,-2.550089071269281,53.82314694408323,30.211329201621076,-2.567169448008035,30.099500005071,-3.1970293941236005,30.10652885294119,-2.137328524147235,782255.0,76718.0,711499.0
2062.0,851.0,7.926285160038797,1779.811833171678,1827.4131910766248,1829.5164888457807,0.8045586808923375,0.4742967992240543,4210.63870029098,0.2534432589718722,-1.58265141523784,57.06595538312318,28.92268784952189,-7.390267336688492,29.077143460996467,-8.569384869652763,28.84779380322093,-7.57208717916459,325414.0,57301.0,325140.0
2282.0,843.0,6.803680981595092,1782.0105170902716,1819.6893076248905,1803.084574934268,0.7979842243645925,0.626205083260298,3533.48115687993,0.222874671340928,-1.9715322862391575,55.100788781770376,21.877204853927424,15.58356965962335,21.654175544786405,18.619500871842,21.321847690858977,18.75645476802941,334886.0,57654.0,334632.0
2682.0,938.0,7.590604026845638,1893.3952274422072,1940.386278896346,1928.8251304996272,0.8333333333333334,0.5570469798657718,3888.936987322893,0.3939597315436245,-2.6512934507903,59.61968680089485,29.320906770338635,5.9466695418451,29.907627640186902,6.589426195093479,30.01067142234331,6.71896222187624,575250.0,70137.0,574968.0
5371.0,1239.0,8.029975795941166,1874.280953267548,1901.8987153230312,1900.293986222305,0.6708247998510519,0.5611617948240551,4620.29994414448,-0.1037050828523539,-3.0272935152761504,50.850865760566,31.88036776825276,17.60632725178203,31.831305544211144,14.486872318243142,30.768172891735723,19.691366767097,1700626.0,304692.0,1700423.0
7669.0,1355.0,16.663319859173296,3417.930369018125,3441.158951623419,3439.1208762550527,0.6144216977441648,0.674925022819142,5924.365888642587,0.9543095579606206,-3.425838807599341,45.09714434737254,29.994453490868096,20.575622658814208,29.884308764293213,21.877620156431945,29.360209950767523,20.809401920725215,4483207.0,845283.0,4481901.0
5076.0,1229.0,13.691883372734436,3061.766548463357,3100.1574074074074,3092.5055161544524,0.7525610717100079,0.6394799054373522,5299.723010244287,0.511189913317569,-2.859042522115074,50.17927501970056,31.47782842369481,11.233165954216895,31.63915532791164,-1.776784558232985,31.54262872269077,9.55728269236951,2137148.0,441965.0,2136987.0
2515.0,1156.0,9.504970178926442,2334.113320079523,2362.2198807157056,2361.7332007952286,0.7996023856858847,0.6326043737574553,4782.865208747515,-0.0945924453280317,-3.4633448636832225,53.45924453280318,28.78539256206184,-12.21861090804124,28.77687696701029,-12.360204988041238,28.71615365443297,-11.863923769072164,186124.0,32699.0,184877.0
3407.0,1084.0,10.047549163486938,2861.7085412386264,2906.408570589962,2908.293219841503,0.7302612268858233,0.441150572351042,5703.782213090695,1.7313178749633102,-3.2603675934243697,52.268858233049606,39.96458786082066,21.101390557538,37.29177621066871,-3.289322429999985,37.233603663556245,-2.82904806130698,1192152.0,199515.0,1191984.0
3164.0,1120.0,8.081858407079647,2003.099557522124,2042.8176359039192,2032.750632111252,0.7667509481668774,0.68173198482933,4105.976295828065,0.5286030341340073,-3.129979787186838,53.14475347661188,30.409820310657544,-0.1639739329446012,30.842527561994125,-6.24837642246684,30.747710712111356,-4.087248415803104,374266.0,65902.0,373838.0
2734.0,974.0,9.292245793708853,2225.9670811997075,2252.5171909290416,2254.400146305779,0.7629846378931968,0.4882955376737381,4412.766276517922,-0.3251645940014627,-2.3526898012366835,50.59985369422092,32.03338710380228,9.220307552221792,32.38284915683289,8.166445047872333,32.192666911406846,8.603525756931248,384196.0,61518.0,384079.0
2651.0,1020.0,8.754055073557149,2063.2466993587327,2091.833270463976,2092.311957751792,0.8174273858921162,0.5786495662014334,4322.749905695964,0.8010562052055827,-1.9616675541061013,53.44021124104112,29.197495704651143,2.442095616279067,28.8392710465116,2.3386514794573654,28.72996068178293,2.7789291980620137,285382.0,60393.0,283942.0
1873.0,1005.0,7.032568072610784,1747.86438868126,1792.5819540843563,1776.2717565403098,0.810998398291511,0.7362520021356114,3828.462893753337,0.4974906567004806,-2.3928502749747445,60.106780565937,30.727731966216197,-0.7743572250984762,29.4174504496342,0.9394264876265512,30.25588188795043,1.3388476015756947,105544.0,13414.0,104731.0
2322.0,849.0,7.965116279069767,2027.606373815676,2067.0447889750217,2055.4509043927646,0.8251507321274764,0.6365202411714039,4356.656761412575,-0.5119724375538335,-2.819897953620437,56.2489233419466,32.13496434553777,2.5441800389015947,31.850828065903904,2.769345656292901,32.241726200915345,2.1738620750571997,444998.0,81040.0,444890.0
1959.0,929.0,8.997958141909137,2148.4073506891277,2207.9203675344565,2201.114854517611,0.7881572230729964,0.5033180193976519,4333.873404798366,0.3666666666666669,-2.942565670325499,56.89127105666156,30.4770144717484,2.451329122470721,29.411462384451543,5.392860939829613,29.71705942225772,4.8709841629393065,167876.0,29068.0,167545.0
3271.0,762.0,10.466218281870988,2192.822684194436,2264.3261999388565,2237.977071232039,0.820544176092938,0.3943748089269336,4836.214307551208,2.026444512381536,-4.0128308095027565,47.37694894527667,33.79619569005281,-58.86397056096023,33.36795371777198,-58.90351476564431,33.608956382978484,-58.5911375306631,2618534.0,413043.0,2618402.0
2235.0,875.0,7.133333333333334,1757.1861297539149,1802.288590604027,1789.6465324384787,0.8120805369127517,0.5852348993288591,3588.344071588367,-0.0263982102908275,-3.2300203247068526,54.14317673378076,26.17382084230587,10.590180572653654,28.72864417722725,-6.277424149118649,26.19330577703669,6.275567922343978,225865.0,46728.0,224917.0
3205.0,984.0,8.935413416536662,2249.77503900156,2292.4340093603746,2281.528237129485,0.7054602184087363,0.5407176287051482,4072.712012480499,0.5937909516380653,-2.440312105493363,54.31513260530421,28.42939709172836,-0.3729069983906802,29.522613240746704,-14.797836893788162,29.52157264982299,-12.987676263920164,733846.0,158410.0,733160.0
1869.0,977.0,8.22792937399679,1960.1787051899407,1959.2990904226856,2010.4911717495984,0.8202247191011236,0.5543071161048689,4121.223113964687,0.6755484216158376,-2.1828842499604604,61.048689138576776,29.540746441073512,3.195758783547266,29.61817944224037,3.0529816919486623,29.598496297549595,3.0540282975496003,89096.0,13871.0,89003.0
2551.0,872.0,8.136025088200705,2031.8302626421007,2093.515092120737,2077.544884359075,0.839670717365739,0.5809486475891807,4375.329674637397,0.5578204625637003,-2.7592664773970883,57.95766366130929,32.95074398124217,-11.175194911703445,32.34239851271362,-15.034925535193633,32.18968064318465,-14.01905922032483,399432.0,68447.0,399343.0
1974.0,877.0,7.276089159067882,1814.871833839919,1856.6479229989868,1851.3465045592704,0.8383991894630193,0.7127659574468085,3899.800911854104,-0.1541540020263424,-3.3295424095385875,61.01823708206687,24.97811608096245,-8.382906114595437,25.02783243844527,-8.890430848598614,25.01558406721312,-8.45270081105234,285024.0,38980.0,284900.0
2021.0,908.0,7.809005442850074,2040.234042553192,2084.6501731815933,2073.4675903018306,0.830282038594755,0.6684809500247402,4071.152399802078,0.9083621969322117,-2.2779624417742053,58.41662543295399,30.42932562168021,14.158465903523032,30.258314923035236,15.193361592953927,29.81818267371273,17.47172389810298,196048.0,29205.0,195586.0
2624.0,1048.0,7.276295731707317,1746.4024390243903,1778.220274390244,1771.4832317073171,0.8121189024390244,0.6783536585365854,4069.7728658536585,0.5820121951219508,-3.7540573272291367,59.47408536585366,24.73799615725489,35.01863800941173,25.47056671607842,35.278357729019575,25.29620007058823,35.17026553254899,559600.0,75435.0,559540.0
3828.0,1077.0,8.428944618599791,2326.729362591432,2364.452194357367,2343.4817136886104,0.7100313479623824,0.6431556948798328,4580.562957157785,0.4803552769070003,-3.1271109969999493,49.23197492163009,33.349896276000024,-27.115607012237334,32.51274267954185,-24.455814879489264,33.71787853171644,-26.66957260255393,807916.0,163448.0,807864.0
2871.0,1020.0,6.604667363288053,1487.7088122605364,1526.9136189481017,1532.0181121560431,0.7415534656913967,0.7422500870776733,3412.862765586904,0.1392546151166833,-2.4014772154176165,51.02055033089516,30.37276805207572,-2.2040798241078234,29.96358110997812,-3.2482477723962373,30.725087915149288,-0.5346730965039461,396920.0,81921.0,396261.0
2450.0,988.0,8.186938775510203,1917.36,1956.8995918367348,1950.530612244898,0.7253061224489796,0.5595918367346939,3890.407755102041,0.0807346938775511,-3.206862527152392,49.74285714285714,33.02220306518904,8.313894769531256,33.003042427454375,9.564850601128487,33.028072591225026,8.395906835937517,187246.0,54121.0,187105.0
2091.0,913.0,10.703969392635102,2743.3629842180776,2881.4605451936877,2882.877092300335,0.7747489239598279,0.503586800573888,5175.008608321377,1.2024868483978957,-2.8743731949476814,51.707317073170735,33.913569801294805,-5.665000052290862,33.665248921773774,-5.594360163844649,33.91753881664173,-5.669336888446241,136543.0,38958.0,136484.0
2876.0,972.0,10.611265646731573,2517.717663421419,2561.721140472879,2542.826147426982,0.6780250347705146,0.5125173852573018,4862.866828929068,0.017837273991655,-2.029385321570256,42.31223922114047,31.36991276632172,-8.857048289689624,31.57286349554363,-12.159132951158645,31.527950590374274,-11.635677903030322,326593.0,92890.0,326534.0
3082.0,1006.0,8.811161583387412,2022.6557430240105,2063.9487345879297,2041.7693056456849,0.7595717066839714,0.5532121998702142,4120.704737183647,-0.5699221284879956,-3.1128827448823024,57.19013627514601,34.419321977117455,4.775294136906804,34.65718007342894,5.061484049504958,36.3983945331284,0.4486798166609822,660543.0,97008.0,660507.0
2006.0,913.0,8.900299102691925,2221.674476570289,2268.8649052841474,2264.607178464606,0.8534396809571286,0.6335992023928215,4278.4481555334,0.2727816550348958,-2.8253396018146195,60.63310069790628,29.69187480166579,3.541646812077065,29.508880841228528,3.574440282665305,29.461712830296715,3.0510790046850813,294488.0,54190.0,293758.0
3323.0,928.0,9.656334637375863,2066.946133012338,2110.776105928378,2095.3292205838097,0.7102016250376166,0.6734878122178755,4146.575383689437,1.5373758651820657,-3.50027713174002,50.084261209750224,33.52886096259661,3.528286841731037,36.14119488562596,-2.5602594964451395,35.17575506398764,3.004261203091214,1694760.0,218027.0,1694740.0
2383.0,921.0,8.498950902224088,2188.7133864876205,2244.7381451951323,2238.387326898867,0.7922786403692824,0.5203524968527067,4174.087284934956,-0.4538396978598411,-3.845339812164705,50.28955098615191,27.78766472038327,9.138564344947737,26.841696998257845,4.643760514372813,27.695167225174213,6.9728966280487805,339777.0,66517.0,339700.0
3287.0,950.0,7.689686644356556,1825.842713720718,1856.901429875266,1845.513842409492,0.8141162153939763,0.6559172497718284,3680.892607240645,0.4354122299969585,-2.077236601874794,57.84910252509887,33.798170934215086,-23.714861692307704,34.553781457361616,-22.052596308040386,33.944523846501895,-22.75483646954403,1503030.0,141165.0,1502719.0
2474.0,957.0,8.039207760711399,1914.103071948262,1935.5088924818108,1937.5687146321743,0.8059822150363783,0.6156022635408246,3771.369846402587,0.9310832659660468,-2.9871921378859545,58.01940177849636,27.28675711754759,-10.530599648202914,26.843739254976725,-10.073385542143136,26.872112641828977,-10.139481295088869,302790.0,44530.0,302647.0
3223.0,942.0,8.295376977970834,1893.907849829352,1915.809804529941,1939.8641017685384,0.8650325783431585,0.6267452683834936,3875.223704623022,0.1097114489605925,-2.1841040142403703,50.28544834005585,30.28787508921568,-11.932289257516397,30.224240535294168,-13.510215248366004,30.30156323464057,-13.264298033986964,1393179.0,203893.0,1393072.0
2470.0,859.0,10.072874493927126,2224.451821862348,2095.7425101214576,2275.3874493927124,0.7736842105263158,0.6417004048582996,4379.9955465587045,-1.382145748987854,-4.213495071526302,48.74493927125506,31.26647628433025,32.55492546251054,28.35982954591407,8.5836484300758,30.811617264111213,30.34099685846673,378701.0,69046.0,378572.0
2487.0,901.0,10.05589063128267,2345.3140329714515,2380.3152392440693,2373.0526739043025,0.7760353839967833,0.5243264977885002,3943.005227181343,0.582267792521109,-2.497452784496741,59.35263369521512,32.3643662149837,2.5842924955793407,32.04157565611912,1.872099652396459,31.952035188925084,-0.369448750581665,565801.0,50094.0,565678.0
2462.0,876.0,9.041835905767668,2069.313160032494,2117.5264012997563,2114.2932575142163,0.7546709991876523,0.6226645004061738,3835.2956945572714,-0.2541429731925253,-3.0238113807715967,52.83103168155971,33.16624076008404,31.04751889579831,32.99974675462186,30.18897208277309,33.51742666302522,30.28927189663864,300500.0,53331.0,300034.0
1663.0,772.0,8.859891761876128,2385.248947684907,2380.434155141311,2415.781118460613,0.8803367408298256,0.6428141912206855,4497.319302465424,0.2440769693325317,-2.153227743297168,62.65784726398076,33.61743130667101,-15.266848490608798,33.010202924870484,-12.711054791450763,33.76500604566065,-14.727140160945584,194449.0,34497.0,194326.0
2266.0,945.0,6.7802294792586055,1581.4452780229478,1631.3292144748457,1615.0044130626654,0.8565754633715799,0.7100617828773168,3863.849514563107,0.6321270962047661,-3.500988716322261,56.57546337157988,35.92134187465816,3.4874725651777423,35.29206444348222,1.230733028714662,35.55585774202369,1.4010032470373592,417524.0,67295.0,417275.0
2316.0,933.0,13.275474956822109,3129.3907599309155,3161.6860967184803,3166.5582901554403,0.8216753022452504,0.4084628670120898,5066.009067357513,-0.2391191709844567,-3.565232955050461,61.4853195164076,32.04041394229897,9.855031796001834,31.86006780945885,11.601513296683336,31.8765161726488,11.241864809177663,861199.0,95220.0,858844.0
2704.0,984.0,9.669748520710058,2407.1826923076924,2443.9275147928997,2440.0654585798816,0.7429733727810651,0.6556952662721893,4983.503698224852,-0.4083579881656802,-2.8857465753219422,55.96523668639053,33.74671598214978,-8.429670661753304,33.21336231354287,-1.462848247866558,33.29150705743112,-3.148329747090775,389307.0,62860.0,388948.0
2706.0,818.0,9.056171470805618,2297.8920916481893,2344.387657058389,2340.378787878788,0.7372505543237251,0.7062084257206208,5617.973022912047,0.6561345158906134,-3.4567617083798243,59.39024390243903,31.88405882233717,-21.21696673534481,32.16844148793097,-23.61110566465517,32.241058457327554,-22.49811895129312,1275901.0,160917.0,1275714.0
2400.0,898.0,6.716666666666667,1609.6879166666668,1645.037916666667,1640.5204166666667,0.79375,0.765,4087.6141666666663,0.6083749999999996,-2.219795523045921,60.7625,32.94749970393009,-22.288011930567706,32.61577638750543,-28.28500586588031,32.6956141258191,-25.92763357623418,425421.0,61915.0,424279.0
2039.0,909.0,7.6772927905836195,1869.5708680725843,1887.838646395292,1885.076508092202,0.803825404610103,0.6346248160863168,4120.042177538009,0.2642471799901915,-3.428130429754516,54.11476213830309,31.9076804618644,-4.900356742584737,31.762079515889827,-10.524060235169475,29.435664737817792,-8.495235546080497,156723.0,37655.0,156603.0
2313.0,914.0,8.364894076956334,2092.994811932555,2110.6973627323823,2114.310419368785,0.795071335927367,0.5568525724167748,3606.142671854734,0.3830955469087769,-2.136084232150632,53.268482490272376,34.91891193902438,-12.81023499707317,35.36959377999998,-13.351695703414658,35.09473744780487,-13.950150042439011,382104.0,61525.0,382023.0
1463.0,802.0,7.864661654135339,1993.273410799727,2030.7956254272044,2031.1455912508543,0.8639781271360218,0.5987696514012304,3912.392344497608,0.5156527682843474,-2.297147119683103,54.38824333561176,33.844774946337935,-19.642253351704124,34.21246053009428,-18.913559828861487,34.17633524655548,-19.271882540971717,79971.0,16679.0,79742.0
2203.0,932.0,8.298229686790739,2020.8679073990013,2061.744439400817,2054.8955969133,0.7339990921470722,0.5991829323649569,4505.982750794371,0.5677258284157967,-3.383074321500912,52.08352246935996,31.37747089607936,9.04098303117619,31.442393437883805,8.699690734057622,30.81166130042513,8.795029254133201,219014.0,27492.0,218954.0
2550.0,777.0,11.981960784313726,2733.758823529412,2776.128235294117,2763.217647058824,0.5023529411764706,0.3505882352941176,4509.956470588235,0.2089411764705883,-4.712586637139303,40.1764705882353,30.52130098772509,23.99938007651397,30.84506048076928,29.17427636906711,30.807830655892037,29.393557454582652,742124.0,308670.0,742064.0
2380.0,934.0,7.0966386554621845,1716.2571428571428,1739.4970588235294,1745.9941176470588,0.8394957983193277,0.7033613445378152,4074.336974789916,0.4821428571428567,-2.248470083743796,67.12605042016807,29.99381249748513,-11.071761679012358,30.216868314586183,-10.537873980338382,30.111346642432547,-11.365279609510758,772932.0,87365.0,772387.0
1433.0,838.0,8.13119330076762,2015.8827634333568,1978.7606420097695,2059.62805303559,0.7892533147243544,0.6671318911374738,4463.515003489184,0.906629448709002,-2.161186618745972,55.48499651081647,30.29182926632428,13.792830587674263,31.06887136903888,13.559671528980198,31.883694316214235,14.50787217094645,68644.0,13774.0,68586.0
2014.0,856.0,8.256703078450844,1875.3247269116189,1909.921052631579,1912.279046673287,0.7800397219463754,0.7363455809334657,4457.647964250248,-0.3000496524329691,-4.239428723901289,55.46673286991062,28.09512990405904,38.967487134807854,28.045585022667364,38.32574432227495,28.37069437881981,38.982140608214905,230806.0,41788.0,230634.0
1782.0,899.0,8.17564534231201,1940.0359147025813,1975.1812570145903,1968.82379349046,0.8187429854096521,0.6318742985409652,4494.799663299664,0.7130751964085296,-3.176966968365583,59.12457912457913,29.68852219088148,14.587767243161094,30.41398951854104,14.45336690638298,30.771634390881463,13.351992461398178,91925.0,14391.0,91745.0
2420.0,936.0,8.685950413223141,2264.786776859504,2298.967768595041,2305.3549586776858,0.7888429752066116,0.5223140495867769,4249.770661157025,1.4188842975206608,-2.4594544386436152,56.8099173553719,32.8111024934555,-11.48162870213694,32.46525656849913,-11.697571966419543,32.66694312696335,-14.284255341910168,328902.0,55292.0,327989.0
1829.0,873.0,7.54018589393111,1964.5899398578456,1991.856205576818,2003.481137233461,0.8403499179879715,0.679606342263532,3736.016402405686,0.6428649535265176,-2.5328139172750848,57.47949699289229,30.208021092426947,11.857990056648768,29.9081501793186,8.468589027429925,30.44387859402985,10.042415474060816,112330.0,16362.0,111298.0
2093.0,968.0,8.627329192546584,2261.7577639751557,2293.978977544195,2299.663640707119,0.780697563306259,0.6211180124223602,4543.062589584329,0.5702818920210205,-2.448072828184216,58.18920210224558,36.087035684184194,1.0525418723723554,36.1963756946947,2.014287176676682,36.19458442492494,2.9221710595595645,311849.0,53115.0,311636.0
1584.0,816.0,7.915404040404041,1930.8775252525247,1967.3718434343436,1962.0530303030305,0.8087121212121212,0.7026515151515151,4028.2594696969695,0.6205808080808082,-2.6916602670543446,57.89772727272727,33.947981503002005,-1.1432763113333324,33.69021634268538,-4.256681377169562,33.6213911128171,-4.200390733822549,184198.0,28752.0,183014.0
2327.0,835.0,11.293940696175332,2626.13665663945,2663.441340782123,2662.3016759776538,0.7296948861194671,0.5969058874086807,4492.933820369574,1.3151697464546614,-2.658101108303056,51.56854318865492,35.906800787111145,0.1825579897777847,35.46068666400002,5.436053282222235,35.242546435111144,5.087232774666679,371555.0,70164.0,371447.0
1909.0,884.0,8.738082765845993,2092.3017286537456,2129.234677841802,2129.073860660032,0.78627553693033,0.610267155578837,3973.69041382923,0.5442640125720275,-2.3420273804341165,55.861707700366686,30.39108973874374,23.10782056753753,30.65042831239577,25.29064115341857,30.30653641967759,23.37911132795998,252157.0,14968.0,251339.0
1559.0,793.0,7.286722257857601,1775.409236690186,1820.0128287363696,1808.5721616420783,0.8037203335471456,0.6382296343810134,3928.460551635664,0.3636946760744067,-2.2976075282665924,51.87299550994227,30.936756043478272,1.6032792953156856,30.003757870244574,-0.0150832803801797,29.929070020380447,4.040205063136456,54395.0,12094.0,54201.0
3565.0,1003.0,7.585974754558205,1790.2011220196352,1848.803927068724,1832.7621318373072,0.8524544179523141,0.7803646563814867,3948.9200561009816,0.520364656381485,-0.7401361025058542,45.32398316970547,35.9550039216657,-24.48613685506406,36.23731896187426,-26.367327914435435,35.86566509691501,-24.914215998544854,660083.0,152772.0,659931.0
2240.0,886.0,9.180357142857142,2453.5651785714285,2483.5799107142857,2487.213392857143,0.8160714285714286,0.659375,4620.372767857143,0.0704017857142857,-2.797343366648304,52.48214285714285,27.659874841860454,-0.3067378874419284,27.37571690139534,0.7964391130231726,27.331960241860457,-1.5488943925581904,237384.0,63824.0,237346.0
2410.0,897.0,8.597095435684647,2074.951867219917,2125.941908713693,2110.880082987552,0.820746887966805,0.5344398340248963,3983.753112033195,0.5455186721991693,-3.075631016692413,62.73029045643153,33.49630362489196,-6.161209815471042,33.65752941745893,-5.840794307692305,34.05564655617975,-7.585123037597241,428569.0,60228.0,428508.0
1863.0,804.0,6.891572732152443,1767.9468599033817,1791.1497584541062,1782.8303811057435,0.8137412775093934,0.6511003757380569,3854.95437466452,0.6409017713365543,-2.519057191170672,62.018250134192165,28.170607597181444,16.634681291837925,28.469917668621694,15.486644280938414,27.914789078592374,15.198562775366568,180776.0,28097.0,180342.0
2540.0,844.0,11.075984251968505,2917.1929133858266,2958.065748031496,2950.409842519685,0.7818897637795276,0.4669291338582677,4393.660236220472,1.7724015748031487,-2.23195787721267,60.67716535433071,30.27274925557011,-28.35884613191125,30.333878088684997,-23.00736219460173,30.525471150720826,-27.907326679146777,807543.0,98677.0,806446.0
2175.0,800.0,7.795862068965517,1977.574712643678,2027.4183908045975,2016.714942528736,0.7839080459770115,0.6344827586206897,4222.12275862069,1.1094252873563215,-2.517569667157607,58.845977011494256,29.785532219037865,7.815286646878199,27.253403136642778,16.23334480603891,30.04876093654042,8.861007548618234,294898.0,42504.0,291476.0
2386.0,882.0,10.296730930427492,2570.790025146689,2614.044006705784,2609.8378038558258,0.8030176026823135,0.546940486169321,4949.300083822297,0.5210813076278286,-3.744833646470632,55.57837384744342,31.02290779840142,21.59950347024868,32.12429287166962,23.585760638987583,31.1164571509769,18.624436274422745,496697.0,63573.0,496439.0
3376.0,671.0,8.729265402843602,2127.451421800948,2099.8699644549765,2152.891587677725,0.5470971563981043,0.7544431279620853,4721.142772511848,0.9749703791469158,-2.98769895810917,34.81042654028436,35.49867655225685,6.365926642532603,37.40301003029381,4.874210825810399,36.2896670875492,4.549470503483815,770678.0,262112.0,770648.0
1638.0,673.0,9.250305250305251,2240.190476190476,2284.4969474969475,2277.010989010989,0.7698412698412699,0.5793650793650794,4355.265567765568,0.1634920634920636,-3.6159841307416767,54.20634920634921,31.31390503954082,28.826393389030624,31.18857870344388,24.547638387755104,31.30424064987245,24.187808769770424,187878.0,32925.0,187842.0
4936.0,1116.0,27.826580226904376,5458.357374392221,5502.659846029173,5482.102309562399,0.6223662884927067,0.3654781199351701,8250.65174230146,0.5839546191247935,-2.9536529003129965,47.017828200972446,37.04509416446554,8.380817688196469,36.126476588733006,9.09972106747842,35.74896997338015,8.327433085431366,2686000.0,348038.0,2685992.0
1854.0,920.0,11.892125134843582,2704.3004314994605,2733.7729234088456,2734.262675296656,0.8182308522114348,0.5167206040992449,5331.7810140237325,0.864886731391586,-2.25480455859661,56.7259978425027,32.74455588558608,1.803562126752662,32.893651588334265,4.65072563656758,32.64741343297813,3.1463937980930985,207710.0,28151.0,207678.0
3385.0,888.0,7.847562776957164,2019.90753323486,2026.9982274741503,2039.6387001477103,0.7394387001477105,0.7155096011816839,4419.28153618907,1.9142097488921668,-2.177252025609375,56.84490398818316,36.32142021361002,-13.362814900823928,35.31658774488864,-7.351502386939265,35.74868282789137,-11.476402930729323,2061095.0,230561.0,1839512.0
1295.0,766.0,8.115830115830116,1915.1204633204636,1981.508108108108,1971.495752895753,0.8803088803088803,0.566023166023166,3857.126640926641,0.4455598455598457,-1.7141806526417378,60.91119691119691,34.41966089966556,-8.85190466137124,34.110652668060204,-7.2034061697324425,34.286837491638806,-6.711612285117058,68538.0,9184.0,68303.0
1951.0,826.0,9.984623270117888,2428.1317273193235,2477.805740645823,2469.964633521271,0.7821629933367504,0.5443362378267556,4417.392106611994,0.2194259354177348,-2.6033614573535586,53.87493593029216,32.079471599890844,-0.731800905021824,31.37030375982534,-3.345161919759815,30.089221801855903,-5.282885804585141,183923.0,34381.0,183753.0
1748.0,736.0,6.877002288329519,1775.2030892448513,1821.0903890160184,1814.8867276887872,0.8524027459954233,0.7076659038901602,4064.54290617849,0.2679061784897025,-2.6644557585087085,59.23340961098398,33.665724650391795,2.231146995780596,33.77917903676913,2.629732802893315,33.69506093731163,3.02015860940326,203386.0,30070.0,203316.0
1521.0,776.0,6.938856015779093,1767.9769888231426,1814.4766600920448,1791.5884286653518,0.8566732412886259,0.6850756081525312,3753.9875082182775,0.1189349112426037,-2.175274138847884,57.44904667981591,31.04229280492956,-18.0784615105634,31.19760037676054,-17.964855119014107,31.11942085922533,-17.462594537112697,333751.0,15035.0,333676.0
2081.0,852.0,8.152811148486304,2415.712638154733,2430.346948582412,2427.6107640557425,0.8034598750600673,0.474291206150889,4652.371456030754,-0.2541086016338301,-3.31831826492768,54.03171552138395,30.802854636225263,19.03667800101422,30.88999173681541,19.758669069979724,30.43012206997971,20.802376708417864,225922.0,48558.0,225879.0
2174.0,862.0,9.339466421343149,2489.007359705612,2533.0344986200557,2522.598896044158,0.7709291628334867,0.5211591536338547,4416.816467341307,1.3559797608095674,-1.958214471799803,57.93928242870285,34.42466143921191,11.690535603936636,34.95448606721076,6.5142316375420215,34.46637169197501,9.270668777244364,325622.0,44661.0,325517.0
1671.0,834.0,7.191502094554159,1852.2597247157391,1882.31657690006,1879.0879712746855,0.7839616995810892,0.6929982046678635,3892.30999401556,1.168701376421304,-1.7386075803500023,53.955715140634354,31.36938542974164,7.916220149338375,31.61366353560175,7.488577150598611,31.757478083175798,7.553552634530559,73494.0,13438.0,73411.0
1852.0,901.0,8.476781857451403,2204.934665226782,2240.107451403888,2236.4746220302377,0.8083153347732182,0.6387688984881209,4385.698704103672,0.6612311015118796,-2.597812782511866,58.48272138228942,31.800485048014234,-4.833118673578202,32.71906547746145,-6.057357258293843,32.298337513641755,-5.930301783175357,172956.0,28829.0,172661.0
2426.0,986.0,6.582440230832646,1769.5564715581204,1790.4031327287717,1807.0766694146744,0.8833470733718054,0.7036273701566365,3811.235779060181,0.6880873866446827,-1.7422324046693003,58.92003297609233,30.441856973672035,0.4589547418315293,30.93318849699766,0.995084728946118,30.39282987736281,0.849932208467517,336931.0,38455.0,332505.0
1833.0,1036.0,7.159847244953628,1967.6530278232408,1992.6033824331696,1992.239498090562,0.8145117294053464,0.6552100381887616,4294.797599563557,1.003055100927441,-2.354627921867807,63.31151118385161,31.09435136785068,1.8575988970499693,31.39494780072245,0.6711912263696539,31.3746223744732,1.5505435900060185,85186.0,10537.0,85054.0
1926.0,863.0,8.920041536863966,2413.453790238837,2442.815680166148,2425.8520249221183,0.8592938733125649,0.6412253374870197,4853.238317757009,0.96116303219107,-2.6333700779280096,61.35514018691589,34.937825810972306,2.678913806083629,35.05607656002174,4.900804842476894,34.86839200108637,4.056759145029853,359689.0,47208.0,359551.0
1601.0,850.0,8.49156777014366,2337.427857589007,2382.362898188632,2369.381636477202,0.8032479700187383,0.6102435977514054,4783.232979387883,1.269893816364772,-2.481972953752999,61.11805121798876,31.208167353594767,0.7324961039215667,30.737328711764693,1.166234254248365,30.781252863398688,0.8095499019607816,86356.0,11428.0,86318.0
1997.0,932.0,10.673009514271406,2882.56885327992,2907.7255883825737,2924.497245868803,0.8332498748122183,0.5533299949924887,4984.165748622934,-0.3553329994992488,-3.01124036763051,55.7486229344016,30.640825400332236,-5.620970755260243,30.126160728682173,-4.292911387043197,30.314997868770767,-4.996757009413071,153058.0,19735.0,152901.0
2390.0,844.0,8.602928870292887,2450.4142259414225,2464.205857740586,2475.02719665272,0.7393305439330544,0.6221757322175733,4591.684937238494,-0.9276987447698728,-3.2010169335505854,53.46861924686193,31.040233995402307,-15.13746818758621,31.635340552643697,-16.28693426114943,32.42687851908047,-11.06560615816091,327634.0,48001.0,327461.0
2087.0,855.0,9.943938667944415,2453.766650694777,2487.9722089123143,2428.5620507906087,0.832774317201725,0.3967417345471969,4565.825107810254,0.9333972208912312,-2.328731982432307,55.51988500239578,29.6289954258612,6.731801181636746,28.813735395406876,1.1468101766467231,28.412424748377425,2.3233189171656865,298208.0,51849.0,298178.0
1750.0,847.0,12.118285714285712,3225.898285714285,3253.3942857142856,3253.9634285714287,0.8057142857142857,0.5525714285714286,5384.2,0.4308571428571431,-3.1998979521319764,59.33714285714286,30.25923098062952,16.870125534785238,29.903856591404335,15.384898120992135,29.556011639225165,15.042959476104054,118598.0,17403.0,111828.0
1807.0,732.0,7.059767570558938,1871.9169894853349,1923.3713337022689,1899.961261759823,0.8981737686773658,0.6635307138904262,4345.947980077476,-0.1392363032650789,-2.44620796964872,56.3918096292197,32.788089419374984,-6.6929505800000415,32.80768542374999,-7.261915293750043,32.72837113937499,-7.118867865000042,278140.0,53014.0,277037.0
1772.0,746.0,9.02765237020316,2260.9068848758466,2311.196388261851,2311.337471783296,0.8871331828442438,0.5869074492099323,4134.423250564334,0.92793453724605,-2.257170274383997,58.50451467268623,32.09842478676942,3.1791034463712453,32.22168806872189,0.2899591188182632,31.957176508670518,2.139573689145812,178550.0,31595.0,178139.0
3064.0,916.0,12.012402088772848,3266.4115535248043,3311.9774804177546,3305.051240208877,0.8544386422976501,0.5303524804177546,5756.722911227154,0.93844647519582,-4.007945557374609,63.60313315926893,34.100091875966264,-23.22964072522844,35.70613797224175,-29.112774899859485,35.54172406957133,-28.43377864968381,1807693.0,235494.0,1805972.0
1871.0,826.0,10.087119187600214,2796.342063067878,2798.3148049171564,2813.8027792624266,0.8401924104756815,0.4949225013361839,4819.397113842865,1.0467129877071089,-3.008710011907607,54.27578834847675,30.58010620254565,-18.020735241283905,30.80358572717211,-19.088842346430564,30.474652633997785,-18.750049228128475,184677.0,33733.0,182713.0
2543.0,881.0,10.01494298073142,2567.386551317342,2598.8808493904835,2595.497050727487,0.7196224931183641,0.4710971293747542,4295.300432559969,0.2418403460479742,-4.193530622509719,50.44042469524184,26.851616559918195,22.48854714192264,27.008494763190185,21.438396644581065,26.99857389611452,21.445149131288662,449363.0,120521.0,449101.0
1912.0,887.0,6.989539748953975,2016.1103556485357,2065.645920502092,2050.819560669456,0.8410041841004184,0.7034518828451883,4225.250523012553,1.035041841004183,-2.005290256793911,59.51882845188285,31.15693742093157,-5.988423010925814,31.086602553191486,-9.3478453387004,30.97914641173088,-9.649044431857384,172733.0,21291.0,172135.0
1929.0,777.0,10.948159668221876,3059.0938310005185,3104.404872991187,3088.940383618455,0.8180404354587869,0.505443234836703,5483.2503888024885,-0.949870399170555,-3.5630061774303923,56.65629860031104,31.8190734609967,-16.173969590465862,30.8712410417118,-3.344755657638144,31.2857123087757,-9.80365846424705,180308.0,41385.0,179310.0
2088.0,956.0,8.482758620689655,2143.6800766283527,2029.4573754789271,2180.802203065134,0.7916666666666666,0.6575670498084292,4507.369731800766,1.0068486590038312,-3.020023671608133,57.89750957854406,32.89903298102846,-3.094032598602081,33.00233856814777,-4.110755904143772,32.83457248726909,-4.013095781327997,281809.0,38042.0,281751.0
1865.0,805.0,9.193029490616622,2538.398927613941,2581.338873994638,2570.899195710456,0.832171581769437,0.5812332439678284,4785.173190348525,0.260804289544236,-2.4484246972107675,55.59785522788204,34.521211349465375,17.355666979763914,34.40537621023046,16.1675296846543,34.09117191957254,16.607003843170325,220313.0,44034.0,220211.0
2473.0,832.0,7.29357056207036,1901.4601698342092,1951.355034371209,1944.50748079256,0.7816417306914678,0.6878285483218762,4256.883137889204,0.474848362312979,-3.36011694220525,57.007682976142334,28.49862661503512,27.451514022717912,28.6535127550599,25.148348539033496,28.3147280495663,26.188952485336674,517061.0,76607.0,517020.0
1419.0,836.0,7.553911205073995,1998.0542635658917,2032.525017618041,2024.568710359408,0.8266384778012685,0.6102889358703312,4732.165609584215,0.7234672304439748,-2.221130565535085,58.80902043692741,31.251783012801216,-7.006661109939758,31.45428369201808,-7.175950798945782,31.285997756024106,-6.291208724397589,46321.0,6456.0,46264.0
1381.0,755.0,7.401158580738596,1932.4547429398983,1969.4996379435192,1965.128892107169,0.8595220854453295,0.6278059377262853,4499.097031136857,0.2028964518464882,-2.3786172254747777,55.88703837798697,27.436540497688757,5.6598356093990825,28.07225795916795,6.568572197226507,27.64741391063174,3.657278130970729,61475.0,11517.0,61437.0
1882.0,830.0,9.92614240170032,2490.104675876727,2532.4537725823598,2519.4107332624867,0.7933049946865037,0.5568544102019128,4986.681190223167,0.1462274176408073,-3.491537562615002,56.42933049946865,30.424258603130195,21.124448374510923,28.96873713583004,20.70035824762441,29.961180434879772,21.082387613750736,225966.0,40352.0,225904.0
1482.0,755.0,8.416329284750338,2181.1093117408905,2203.4304993252363,2200.6295546558704,0.8609986504723347,0.6491228070175439,4366.55330634278,0.6653171390013494,-2.1797692227550165,58.124156545209175,31.29292281628241,-1.606844208633084,32.06666510662824,0.8197057748201523,32.00031673414984,0.8407835956834616,151238.0,23446.0,150608.0
1465.0,763.0,6.922866894197952,1856.20614334471,1884.5433447098976,1887.3569965870304,0.7767918088737201,0.6805460750853243,4321.475085324232,0.1101023890784984,-3.0436491763240903,56.02047781569966,30.12161720243204,3.4023975575411054,29.78961865808297,1.337041176554686,30.00394035050071,-0.8146862616154372,100802.0,18200.0,100589.0
1408.0,775.0,7.745028409090909,1937.4041193181815,1987.53125,1977.9318181818185,0.8607954545454546,0.6455965909090909,4069.638494318182,1.1568181818181815,-2.644368219710072,60.08522727272727,28.38980915233786,1.0351737594268648,28.27293552714933,1.118127777526416,28.68440873076924,0.7800408883861408,55515.0,6334.0,55447.0
2401.0,843.0,7.725114535610162,1815.801749271137,1867.8967097042896,1858.598084131612,0.7846730528946272,0.578508954602249,3834.5197834235737,-0.150187421907539,-3.0049019481370878,60.05414410662224,38.94325612097811,3.84997652015437,38.24019695409694,-1.9500319661235024,38.64705674646074,1.4058383396226413,737190.0,84284.0,737110.0
1563.0,821.0,7.511196417146513,1893.0902111324376,1929.0159948816377,1921.9686500319897,0.8285348688419706,0.5873320537428023,3962.4977607165706,0.3882917466410748,-2.4866901997810573,59.73128598848368,31.82486080916609,-4.582045732391449,31.1942254528601,-1.237012207236377,31.412098654100625,-0.8853200053066723,70333.0,9852.0,70251.0
1490.0,759.0,7.324832214765101,1976.159731543624,2002.8187919463087,2001.191946308725,0.8651006711409396,0.6778523489932886,4467.476510067114,0.5597986577181208,-2.096964791790033,58.79194630872483,28.831781356521734,-0.596406482608699,29.07094245140388,-0.9925409784946276,28.96469794989106,-1.12368455620015,100702.0,19902.0,100649.0
1539.0,748.0,7.038986354775829,1957.2846003898635,1995.471085120208,1986.5464587394413,0.8200129954515919,0.673164392462638,5162.518518518518,0.6162443144899284,-2.6680576822984907,57.72579597141001,33.178766096999304,-16.60240468597347,33.0405162226099,-18.68998688276343,32.961373260990925,-17.247502824145144,106253.0,17257.0,106034.0
1559.0,663.0,8.903784477228992,2320.623476587556,2367.738293778063,2346.4746632456704,0.7889672867222579,0.6337395766516998,4892.1597177678,-0.0223220012828735,-3.7407025513913936,56.44644002565747,36.08914613292011,-27.58025823209366,35.64670929614326,-27.039721922176295,36.057970040633606,-27.853539643250684,144685.0,26675.0,144531.0
952.0,543.0,8.417016806722689,2116.9758403361343,2145.0283613445376,2141.9821428571427,0.8224789915966386,0.6197478991596639,4439.38550420168,0.4962184873949583,-2.7767498950858926,59.55882352941177,34.14441548888888,-9.920209074444443,33.96393232222221,-9.21772682333333,33.90113122777778,-13.239308471111109,30951.0,3574.0,30814.0
904.0,473.0,8.514380530973451,2065.636061946903,2104.342920353982,2103.012168141593,0.8207964601769911,0.6825221238938053,4383.53871681416,-0.1829646017699125,-2.8595157198084395,54.71238938053097,34.986697668246435,6.79420746982249,34.575409746445494,6.0241755881656855,34.98508883412321,5.644968794082843,69800.0,16744.0,69744.0
718.0,426.0,8.545961002785516,2328.986072423398,2399.2688022284124,2400.857938718663,0.8481894150417827,0.6476323119777159,4678.389972144847,0.9529247910863512,-2.549128056739901,62.49303621169916,29.456595408554573,10.868428930678473,29.95651536873157,9.715557752212398,30.048876165191736,10.569826587020655,40832.0,4551.0,40811.0
887.0,402.0,8.085682074408117,2138.0293122886133,1866.1364148816235,2153.6719278466744,0.7170236753100339,0.552423900789177,4500.454340473506,0.244193912063135,-2.9168339311872407,53.799323562570464,35.900415518256764,-24.573828094228517,35.47327941460541,-29.101348469964677,35.59757656419316,-29.67976141107185,57257.0,8645.0,57175.0
482.0,347.0,5.9004149377593365,1685.9439834024895,1728.7427385892115,1713.902489626556,0.8672199170124482,0.7012448132780082,4407.217842323652,1.0697095435684647,-2.2813044048548834,55.99585062240664,31.17379389427312,5.434109607929517,31.18575422466959,4.103745469162996,31.25160612995593,4.656419035242291,7500.0,1492.0,7492.0
1281.0,590.0,9.352068696330992,2791.533177205308,2837.2927400468384,2818.691647150664,0.8868071818891491,0.5776736924277908,5111.383294301327,0.8596409055425451,-2.567265986622917,52.068696330991415,35.794461999154706,-1.2437525976331336,34.83849692223162,-9.673484135249364,35.67185681487744,-0.9151321978021943,119983.0,29722.0,119929.0
1630.0,749.0,7.042944785276074,1766.1693251533743,1824.2294478527608,1834.459509202454,0.7748466257668711,0.7049079754601227,4001.890797546013,0.5837423312883436,-1.1175773929850326,46.63803680981595,29.40434285825244,13.475604870550162,28.79085869644015,14.100052113268603,28.625540909385126,15.04538061812297,101073.0,36894.0,100867.0
1314.0,661.0,8.443683409436835,2205.830289193303,2236.9071537290715,2265.724505327245,0.8881278538812786,0.558599695585997,4516.264840182648,0.9475646879756472,-1.713169587576375,63.38660578386606,26.829333453248815,14.03849431220286,27.188478782091927,14.109459512678296,27.11125427020602,14.051380453248822,99101.0,13943.0,99095.0
1180.0,689.0,7.878813559322034,2026.8457627118644,2055.442372881356,2052.492372881356,0.7593220338983051,0.6423728813559322,4518.785593220339,0.3192372881355932,-2.0995833811415707,55.82203389830509,28.061355335260117,8.537880071290944,28.321538318882467,8.238064471098268,28.034996621387283,9.434399836223506,56162.0,9323.0,55788.0
1471.0,703.0,7.802855200543847,1978.7559483344664,2006.3942895989123,2004.2957171991843,0.8789938817131203,0.6573759347382733,4054.515975526852,0.2408565601631544,-2.996094454179772,58.53840924541129,33.363867915155915,-16.74258840681653,33.350102361131256,-16.291170669325595,33.062937574329226,-16.729499784626537,62075.0,10532.0,62047.0
1836.0,604.0,7.326252723311547,1984.8131808278868,1993.3507625272327,1992.4994553376907,0.9014161220043572,0.7287581699346405,6299.754357298475,1.8814814814814813,-2.253880898452689,71.62309368191721,37.65928841342355,-35.467776504794166,37.7827450936266,-35.051970875352545,37.77386312069937,-34.95383741398763,532087.0,60080.0,531217.0
1051.0,474.0,7.835394862036156,2083.1579448144626,2113.648905803996,2111.764034253092,0.8125594671741199,0.5956232159847764,4925.850618458611,1.7396764985727875,-2.9093935282362566,62.9210275927688,31.9442504225641,10.627162925128198,33.82485739897435,5.417007599999997,32.98708440410257,9.008621087179485,142418.0,16573.0,142355.0
3443.0,840.0,12.194888178913738,3043.025849549811,3041.4252105721757,3033.967470229451,0.7234969503340111,0.5710136508858553,5677.451060121986,-1.287917513796108,-4.088202104822036,54.09526575660761,36.75288495020231,-54.657079629318375,36.95698313849985,-55.83907789604729,36.95072711235608,-57.21745883193277,1984108.0,259708.0,1984054.0
3162.0,938.0,9.65717900063251,2677.648956356736,2703.334282099937,2682.639468690702,0.7688172043010753,0.6176470588235294,5421.420936116382,-0.2400063251106901,-2.487978274535283,54.728020240354205,33.313640137965415,-39.08520429022608,33.47858456382978,-38.47495975897608,33.27569513464094,-39.15614676163566,850139.0,119361.0,849137.0
2470.0,883.0,6.3052631578947365,1504.3542510121458,1569.6485829959515,1549.2226720647773,0.7732793522267206,0.7906882591093117,3622.431174089069,-0.7412145748987827,-2.6434525355625307,58.40890688259109,33.02573281629196,-45.59279209715736,33.527675462028064,-46.478249037759824,33.222699729316986,-45.65169061773437,460631.0,72391.0,459975.0
1351.0,697.0,6.92079940784604,1883.160621761658,1936.838638045892,1926.0680977054035,0.8571428571428571,0.6735751295336787,4658.60029607698,-0.3537379718726869,-2.2715023832897527,54.06365655070319,31.09468790880504,-2.531690875883741,30.891881279874227,-2.785348971720346,30.980358842767306,-2.9626703786331507,81760.0,22174.0,81553.0
1990.0,772.0,10.267336683417083,2420.337688442211,2456.3608040201007,2463.9658291457285,0.8688442211055276,0.5979899497487438,4730.908040201005,0.1967336683417085,-2.4838786402418687,49.32663316582914,28.952027291847823,24.151800900543407,28.893486900543472,21.353858680978146,28.939304054347826,23.40052618369554,221101.0,73561.0,220968.0
1487.0,728.0,8.220578345662407,2254.041022192333,2307.478816408877,2288.719569603228,0.7498318762609281,0.5911230665770006,4512.696704774714,0.6086751849361133,-2.3171563655207925,52.6630800268998,28.68688470164169,-2.1244164346895005,28.24824952890793,-2.460986732334042,28.801743017130622,-4.191918446823691,64830.0,12643.0,64618.0
1657.0,750.0,8.36028968014484,2025.8147254073624,2097.1756185878094,2057.5787567893785,0.7404948702474351,0.4918527459263729,5091.328304164152,0.6452021726010841,-2.712505784173351,55.34097767048883,28.587761369974874,16.849712924623127,31.026751151381863,11.274507413944718,30.15672183479897,13.839762329773878,181804.0,32614.0,181716.0
2512.0,760.0,7.754777070063694,2021.3845541401276,2059.169585987261,2050.6146496815286,0.7595541401273885,0.6532643312101911,4134.899681528663,0.5122213375796172,-3.640074443511478,57.63535031847134,28.650731131437965,11.06321431850024,28.73372883807166,5.304064480428519,28.59295822702922,11.190488239802256,723043.0,117003.0,707497.0
2775.0,815.0,11.05981981981982,2846.0093693693693,2860.9974774774773,2869.75927927928,0.8212612612612613,0.5390990990990991,4761.409729729729,0.0463063063063037,-3.61422527404786,67.66486486486487,35.481293219557145,-18.595711678597773,35.7574224239852,-15.62592472177121,35.584702304059,-15.77428121955718,1593584.0,176398.0,1593090.0
1537.0,742.0,8.496421600520495,2119.4853610930386,2123.057254391672,2132.1574495770983,0.8425504229017566,0.6421600520494469,5018.94469746259,-0.1717631750162652,-2.8560045784173003,56.16785946649317,29.37274048914518,8.645575852103107,30.089416479647216,5.053185021709633,30.031815994572582,5.47126355156038,141795.0,25310.0,141717.0
1936.0,732.0,8.443698347107437,2201.625516528926,2230.4762396694214,2235.680268595041,0.8863636363636364,0.706095041322314,4841.1379132231405,0.0868801652892563,-3.068701189898726,67.37603305785125,27.60542984159689,8.6087727334192,28.35910687572438,6.938478423052169,28.261763363168047,6.392626463618812,476374.0,41797.0,476296.0
1403.0,726.0,6.955096222380613,1810.1732002851036,1823.815395580898,1837.263720598717,0.781895937277263,0.6514611546685674,3769.252316464719,-0.0915181753385601,-2.766486950225353,59.56521739130435,31.69349209724347,-5.90914987825421,31.9133659218989,-4.362113661562021,31.909816771056636,-5.837176357580396,136887.0,4352.0,136602.0
1480.0,645.0,9.46283783783784,2551.406081081081,2579.481081081081,2595.2236486486486,0.7871621621621622,0.629054054054054,5290.363513513514,0.158918918918919,-3.23854497825165,58.88513513513514,29.283612416428596,24.462166572857143,29.203514819285733,22.49538542571429,29.02742549142859,23.239220872857143,143734.0,22054.0,143714.0
1454.0,619.0,8.991746905089409,2451.198762035764,2479.0075653370013,2465.312242090784,0.8686382393397524,0.6334250343878954,4636.477303988996,0.5879642365887208,-2.1640501615955903,60.91471801925722,30.55378005747126,17.23944884444444,30.566112278927204,16.573457787739454,30.08076851111111,17.11344389961685,192308.0,25151.0,192283.0
1310.0,627.0,8.725190839694656,2183.7923664122136,2205.298473282443,2211.73358778626,0.7938931297709924,0.5297709923664122,4042.8,1.1720610687022874,-1.6562546275675163,60.595419847328245,31.86736348250004,-19.364128450833253,32.41333386666669,-15.873039094166664,31.87422729583337,-20.050182889999924,167181.0,29409.0,167154.0
1398.0,602.0,8.506437768240342,2202.2982832618027,2234.9084406294705,2210.474964234621,0.8326180257510729,0.5793991416309013,4588.918454935622,1.0318311874105863,-2.3710007287401176,56.84549356223176,33.18902756070826,32.94469947723441,33.10139055143338,32.982441650084326,33.416370339797645,32.3990025143339,199947.0,46536.0,199837.0
1068.0,580.0,6.800561797752809,1671.7574906367042,1699.9662921348315,1695.0327715355804,0.8642322097378277,0.6816479400749064,4136.46254681648,0.6955056179775285,-2.380671506207683,63.90449438202247,29.70696671612265,19.15840142334324,30.15782010880316,19.897565421365,29.91246339366964,19.47238096043522,101472.0,10984.0,101428.0
1256.0,682.0,7.42515923566879,1999.906847133758,2041.8343949044583,2036.0907643312105,0.839968152866242,0.6114649681528662,4095.88694267516,0.2589171974522294,-2.7309628527671337,59.24363057324841,29.43995679661017,9.407001568644068,29.088144370338984,9.35190129915254,29.04943212372882,8.94290054661017,46055.0,8742.0,46021.0
1455.0,578.0,7.782817869415807,1997.7106529209625,2022.0948453608248,2032.0103092783504,0.7615120274914089,0.6577319587628866,4653.847422680413,-1.433883161512028,-3.6912896197636,55.18213058419244,28.84389421760915,46.10578809806731,28.96347503722259,46.45637129491771,29.069779790264867,45.947223153901234,208129.0,45322.0,208093.0
1443.0,719.0,10.923769923769925,2492.3007623007625,2501.3312543312545,2499.291753291753,0.805959805959806,0.4421344421344421,5303.606375606376,0.706930006930007,-3.544868298766792,64.04019404019404,30.982067214905936,10.58553173878437,30.65660587916062,12.043923548480452,30.83521952821996,11.332595316931975,144032.0,18803.0,143339.0
1374.0,663.0,8.369723435225618,2162.005094614265,2196.0764192139736,2199.192139737991,0.8064046579330422,0.5727802037845706,4433.45924308588,0.6400291120815139,-3.207305297368938,60.18195050946143,26.329076635714276,37.28952875476192,24.116029153174598,43.44684236666668,26.52281373095238,36.9093935809524,129660.0,18923.0,129626.0
1596.0,593.0,7.679824561403507,1821.5062656641603,1880.5545112781956,1868.7161654135336,0.8571428571428571,0.6766917293233082,3945.743107769424,0.7406015037593983,-2.971007960515162,64.53634085213032,33.24647086259541,32.193264638445505,33.04100878834142,31.600268787647455,32.87640383830672,29.867755939625223,615576.0,63315.0,615551.0
1382.0,618.0,7.753256150506512,2140.76989869754,2172.5832127351664,2178.972503617945,0.7597684515195369,0.5984081041968162,4206.650506512301,0.1325615050651229,-1.4189657208182862,52.836468885672936,35.51638065707793,-0.5909866638909922,36.29284256018167,1.033927121120363,35.41179135124902,-0.1861003754731275,90717.0,23714.0,90513.0
1501.0,602.0,9.730846102598267,2467.8101265822784,2504.4370419720185,2501.5662891405727,0.82145236508994,0.5129913391072618,4449.722851432379,0.1560959360426384,-3.357759184893414,53.844103930712855,30.803264348997924,21.545129874222518,31.40073351831374,24.44559657982033,30.65013548790601,23.81844541119557,189752.0,40874.0,189743.0
1870.0,650.0,8.249197860962568,2095.5213903743315,2112.855080213904,2117.275935828877,0.8641711229946524,0.7689839572192514,5015.764171122994,0.5739572192513388,-2.283815688914441,68.4812834224599,28.97557798656715,5.936520180597021,28.97441531791044,10.604777494029848,29.311793946268644,10.067936405970142,1535477.0,87336.0,1534857.0
1021.0,526.0,8.297747306562194,2074.014691478942,2093.796278158668,2099.052889324192,0.8834476003917727,0.524975514201763,4506.420176297747,0.1641527913809993,-3.17550465822483,71.27326150832518,30.7908488010582,5.836939553439155,30.65203244656084,5.979742131216929,30.716920705820105,6.110769185185184,194656.0,20016.0,194644.0
951.0,509.0,7.429022082018927,1849.1913774973711,1874.4458464773925,1886.0,0.8832807570977917,0.5667718191377498,3896.1640378548896,0.376130389064143,-3.501295377122786,57.602523659306,32.16559713870246,5.928254477678581,32.833819426174486,8.335894429687503,32.452986151006705,5.1396282845982215,33842.0,6943.0,33837.0
1226.0,664.0,10.007340946166394,2481.444535073409,2499.8384991843395,2505.062805872757,0.8213703099510603,0.5448613376835236,4371.8964110929855,-0.0401305057096246,-2.73638404067758,58.89070146818924,29.34630744198405,-2.36594409876543,29.22392982431233,-3.418887442680776,28.753054722271514,-4.185321936507936,33972.0,5327.0,33890.0
1213.0,701.0,7.711459192085738,1973.5399835119536,2000.1854905193732,2006.6842539159109,0.8334707337180544,0.6117065127782357,4157.634789777411,0.4264633140972794,-2.4287626731652603,60.024732069249794,31.54087944523598,-0.5726926767050492,32.09085731635388,-1.4998575872453492,32.07900114120781,-1.8685614136403907,45196.0,6555.0,45002.0
894.0,498.0,7.731543624161074,1852.3881431767336,1884.523489932886,1864.8668903803127,0.8478747203579419,0.6375838926174496,4083.602908277405,0.6137583892617453,-2.546132562213911,62.88590604026846,28.471481745562134,2.715762319148936,28.850523473372785,2.6243299456264784,28.878321307692307,2.305635256501183,37617.0,4998.0,37610.0
875.0,517.0,7.257142857142857,1908.806857142857,1921.9851428571428,1939.4948571428567,0.7097142857142857,0.648,4077.6982857142857,0.3539428571428573,-2.33569080444059,53.55428571428571,32.00469630935251,-7.038414354916069,32.30302531774579,-9.67944277218226,32.35285395443644,-12.394094051558756,22372.0,5242.0,22266.0
1157.0,495.0,10.112359550561798,2540.9066551426104,2572.33275713051,2575.235090751945,0.8435609334485739,0.5479688850475367,5058.492653414001,0.2346585998271391,-2.5460792400363195,54.77095937770095,34.75534950450452,13.629276609909905,34.795634897297305,10.59275403873873,34.64889809549551,11.129129077477472,120385.0,23873.0,120342.0
1039.0,504.0,18.34456207892204,4622.040423484119,4664.882579403273,4658.053897978826,0.7901828681424446,0.5774783445620789,11209.613089509145,0.7140519730510106,-2.713035163156848,54.98556304138595,29.29445303621731,28.4536712585513,29.581101424547285,29.410262426559367,28.999688393360163,29.442081312877256,81691.0,14890.0,81675.0
772.0,472.0,7.672279792746114,2104.95207253886,2135.9261658031087,2116.7240932642485,0.8601036269430051,0.6917098445595855,4389.711139896373,0.9099740932642488,-1.9432922199221487,60.41450777202073,30.4869766744868,6.495096960410556,30.55441239296188,7.422648686217008,30.535751080645163,6.26889192521994,52793.0,8691.0,52754.0
865.0,518.0,7.730635838150289,2060.7768786127167,2088.6739884393064,2093.368786127168,0.8543352601156069,0.576878612716763,4699.976878612717,0.6542196531791908,-2.2092168230775178,63.14450867052023,25.93441086863271,16.02719291957105,26.22510938739947,15.77085041420912,26.28855037935657,16.172606436997324,42349.0,4988.0,42240.0
1501.0,524.0,7.301132578281146,1863.00799467022,1874.812791472352,1885.1712191872089,0.8481012658227848,0.6875416389073951,3744.495003331113,-1.6447035309793476,-3.4757380499972936,52.82478347768154,27.59183178801844,-10.085788227342505,27.454454710445468,-8.520427142089048,27.69514117357911,-8.676090004608245,305421.0,54891.0,305298.0
1974.0,654.0,10.82674772036474,2802.36170212766,2855.2304964539007,2834.0602836879434,0.7857142857142857,0.4959473150962513,4815.549138804458,0.4752786220871336,-1.2178395290967532,54.7112462006079,32.4195643434514,36.46865942439572,30.98562066160764,37.25197534401346,31.38527976447443,38.21968389938164,231260.0,49912.0,230676.0
1134.0,493.0,7.674603174603175,1799.6931216931216,1853.335978835979,1840.9929453262787,0.8888888888888888,0.6419753086419753,3689.775132275133,0.8788359788359765,-1.69137989684124,58.6331569664903,31.897437355311343,-13.625584881868118,31.827778254578742,-13.251870775641011,31.88604334065933,-13.468500116300351,263829.0,42418.0,263808.0
1398.0,646.0,8.854792560801144,2450.76895565093,2484.270386266094,2460.974248927039,0.8140200286123033,0.6552217453505007,5822.801859799714,0.4333333333333327,-2.370175171568784,61.55937052932761,31.582057755700315,-13.433343456468618,31.38530204393816,-14.000689259560565,31.614428372660687,-13.88390940764844,281318.0,39971.0,280038.0
1035.0,561.0,6.649275362318841,1780.821256038647,1817.7246376811595,1809.4541062801927,0.8705314009661835,0.7091787439613526,3843.192270531401,0.8506280193236718,-3.1566253546792225,61.70048309178744,33.19507632264735,-5.322342526859497,33.598859703933734,-4.345478118801647,33.131148068322965,-3.5901189039256107,72848.0,10957.0,72840.0
1034.0,471.0,8.664410058027078,2553.888781431335,2558.54835589942,2567.18665377176,0.8984526112185687,0.4381044487427466,4552.719535783365,0.6457446808510637,-1.7721069567359675,56.866537717601545,16.711600684630742,34.6025306201396,16.799400223552894,34.49610158524428,16.740525009980043,34.495807458624135,130428.0,23721.0,130419.0
1298.0,537.0,9.288906009244991,2339.6610169491523,2360.5500770416024,2367.804314329738,0.8151001540832049,0.5493066255778121,3927.069337442219,0.4335901386748843,-4.189199738611374,55.66255778120185,31.86402253946299,-12.169600301871403,31.99314022457283,-13.8654147282343,31.7951493783564,-12.335303370219654,189470.0,39797.0,189443.0
1322.0,544.0,8.14750378214826,1824.9024205748865,1860.287443267776,1843.8842662632376,0.7602118003025718,0.4863842662632375,3839.108925869894,1.144099848714068,-0.4121506844934696,50.37065052950076,29.32063805450233,29.67531571879939,26.549446101895736,36.8970469123224,28.34199017377564,33.03796715086894,136718.0,38646.0,136702.0
1209.0,517.0,9.375516956162118,2432.755169561621,2504.9156327543424,2476.2712985938792,0.913151364764268,0.4350703060380479,4110.664185277088,0.2426799007444169,-0.6907285489875005,64.96277915632754,33.54342031064569,6.702839315008726,33.6101488202443,6.41850817452007,33.483608410994734,6.515152387434556,236262.0,34538.0,236245.0
1103.0,553.0,7.661831368993654,2006.5838621940163,1999.1495920217587,2021.5339981867637,0.8667271078875793,0.6645512239347234,3861.023572076156,0.1647325475974617,-2.0885220093895267,64.4242973708069,29.846558376470597,2.4034709098321367,29.95973890468188,1.400014782733815,30.00516274621849,1.0989231520383715,202060.0,10167.0,201929.0
1329.0,528.0,6.686230248306997,1810.355154251317,1847.5598194130928,1853.8201655379985,0.8284424379232506,0.6252821670428894,3821.225733634312,0.9536493604213696,-1.5452553675422556,64.6124905944319,32.99796178904847,-12.541460065529629,32.91525794358507,-13.83281877199282,32.93953516561085,-11.795381318671456,205522.0,24176.0,205463.0
1231.0,529.0,10.326563769293257,2683.6450040617383,2662.907392363932,2706.890333062551,0.8570268074735987,0.6019496344435419,4920.178716490658,0.7267262388302196,-2.483126658142231,63.19252640129976,34.80611496680852,12.629322388085116,34.422388574468094,12.721766188085118,34.50157015914895,13.149400103829798,174429.0,23621.0,174248.0
1129.0,497.0,10.890168290522588,2789.3728963684675,2815.321523472099,2805.837023914969,0.8281665190434012,0.6235606731620903,4812.409211691763,2.157395925597875,-2.066915051658662,50.58458813108946,32.05413828110162,-14.558737835707449,31.70479137796773,-16.99592647483375,31.836745211775888,-16.582107608736884,123585.0,29412.0,123318.0
956.0,507.0,8.353556485355648,2450.898535564854,2474.554393305439,2453.7824267782426,0.8713389121338913,0.6485355648535565,4407.658995815899,0.8543933054393306,-1.6360743116260563,63.60878661087866,31.70071119470046,13.105153745391704,34.389726160138245,10.46343529493088,34.24430369470046,10.5667254343318,108811.0,13602.0,108741.0
1373.0,491.0,6.355426074289876,1648.1937363437728,1675.1522214129643,1669.9439184268026,0.8929351784413693,0.7778587035688274,4323.573197378005,0.1899490167516389,-2.2510523902633355,73.34304442825929,40.29458728571418,-6.39229518210366,40.06377900784919,-5.015014153846204,40.08349785557288,-5.477620566719049,906533.0,66554.0,906449.0
1148.0,449.0,8.005226480836237,1977.5078397212544,2063.3414634146343,2040.1794425087107,0.7317073170731707,0.7073170731707317,4273.788327526132,0.053310104529617,-2.093000146037444,58.43205574912892,36.18404240347667,-28.333620827996192,36.15526408783169,-27.145518357730808,36.05795153339432,-27.20800728819744,276863.0,48979.0,276844.0
632.0,392.0,6.185126582278481,1598.6962025316457,1651.237341772152,1640.0632911392406,0.7800632911392406,0.7041139240506329,3460.5474683544303,-0.6390822784810125,-2.6762504046671203,59.28797468354431,23.692475882852285,13.092944005093376,23.24242509168081,12.170795402376912,23.48668904923599,12.150588054329369,14557.0,2208.0,14557.0
1339.0,546.0,9.479462285287529,2379.988797610157,2414.3749066467512,2385.9111277072443,0.7819268110530246,0.4981329350261389,4140.96788648245,1.858775205377148,-3.323630903101791,61.15758028379388,32.98202752455183,-7.655029885424787,32.672772188620414,-3.977166174590801,32.81257150740451,-4.360451816835544,212855.0,33217.0,212779.0
1300.6999597583524,476.4525598777192,9.858083571522586,2445.7190325149954,5007.509787821947,2106.671193709623,0.5787053411632721,0.4036772860269529,4703.690257937807,-0.4905384681988164,-4.631272553794473,62.67056577193429,47.96273043040972,-11.277890431863312,55.731164644145295,1.8786201631390802,17.62150500033096,7.276995998179309,159180.57668409063,-51095.03535807917,574906.2826029416
653.9051123831266,449.4094261912628,5.906108251809962,1333.7326911907694,2994.532439912706,1132.1196019563927,0.717160548521944,0.6614589778878243,3497.1152692404326,0.9740465964849113,-3.4625124729185264,69.61255351133045,35.20462465132593,-9.584617641522662,41.462941423686,-1.4514783305473875,12.533706759419347,4.619883897498644,-63156.52336404046,-99870.84674904564,194783.38646710967
669.1554763295605,440.0031188220606,5.315858791221958,1279.3934604669696,2956.8185982181,1095.6398401952702,0.7209059771056802,0.708268377138531,3750.604536581544,1.409995150794208,-2.218011123315332,63.57782021783483,38.22722851699805,-25.452223263575036,44.103812148166114,-14.536296230866123,13.607542663968799,-11.217932609862073,-106797.85349135761,-106696.64781085531,120191.18500204735
729.2598518831528,447.05784934896224,5.814868060533592,1432.5928493503102,3223.66808039627,1231.6009389319056,0.7188628998318002,0.6041384785577392,3666.6749794031234,0.1738977298194967,-3.8656635477332792,71.57968095027644,42.49281181956627,-1.5012697247582718,49.121986818027814,6.536424188073593,15.305566183617936,12.564226498859377,-36733.75952623265,-100733.83762109693,239980.25954471622
460.1357822402019,482.9193961940457,6.427561807684451,1510.5437341160277,3352.852796346742,1296.108460583843,0.6836794501912875,0.6178290957108262,3975.0847266552264,0.9730141232587314,-3.4770938115222463,67.99326264532786,33.29954584165617,10.532516641654293,38.73531245376436,18.755240457401513,11.641121417201715,27.59391009772817,-141807.57206700047,-120585.03155257231,60212.45788707289
514.8576764009351,457.6399451393147,7.1185419130645995,1693.5958023845876,3684.7676119943335,1459.0841907802119,0.7064459008061093,0.4845199019406229,4286.245012397829,2.229341469151335,-3.1697180053600245,62.91997088332343,42.04615118166055,-0.7971569180731812,48.13749248681678,5.017795485793166,14.949241901303372,13.071347709338774,-134494.86586652457,-115796.51395612051,72757.26750772011
506.7839543116467,422.36629250480644,10.817946754846673,2282.285344248188,4713.323911458895,1971.8546040054746,0.6930572066190531,0.5270496026088776,5142.359265253333,1.0638769581164973,-3.5554081996760214,63.89460143787987,43.2472635805823,7.597654537614774,49.34730941720516,15.560974875887476,15.53881735187642,22.889893546780343,-53182.1487113084,-93911.64237073038,211861.89760551477
595.5948972938206,425.8936577682573,8.65784371170311,1775.0173443073647,3772.314639435468,1539.2196893521693,0.6806686014074905,0.38825991385524417,4394.06832441672,1.3068646775475041,-4.225165733799402,66.71089683804053,46.686930632650814,15.248480715078376,52.942551150494474,21.412516823787385,16.861822323670918,31.274642138628124,-58230.20388667454,-102929.77678995172,203219.10421618348
587.521175204532,459.4036277710402,7.092911930508941,1720.6960352958536,3734.0684324645545,1489.8577550102566,0.5564390253925099,0.6241101251039849,4706.741525994648,0.8725191727658553,-2.890741746014535,55.400366577852665,41.24646849140291,11.400462939047955,47.2861958895146,16.11333084601466,14.673585342026369,25.96733485538949,-128775.1232720416,-112788.06527541799,82625.78135352481
846.7773622939083,449.4094261912628,5.875213697687243,1223.0502198511,2866.7295803090346,1050.2735144096462,0.6867218858560662,0.6843569578840863,3842.8804288912575,1.5223641520382623,-3.952861375445508,61.7414016255549,40.494906373730004,10.352850127861426,46.35029682636899,17.441964625578443,14.561938024665126,25.106426499296084,-82707.03176800639,-102120.87308954708,161069.79889468913
657.4934333116994,418.2510330307805,6.103399310979018,1477.0080624348393,3256.3058832306515,1254.1129237679897,0.6419937396932408,0.5720257681535709,3809.1899986487037,0.8167055416290324,-2.45267673969783,58.720262314308044,43.604590901678534,9.326076978167528,50.94838079279712,15.252142598084538,15.529586251854267,23.42021512035032,-103375.18399230603,-102934.58453854252,126044.73226730475
899.7050959903552,457.0520509287396,13.5680586429051,2878.1120544578416,5786.06945938589,2504.8877190918065,0.7042396533627668,0.780164745957281,7264.299805068146,1.1316041533656989,-3.2524252627750756,60.139581887545205,45.440092750600016,10.883643685983003,52.41385026251769,16.72530831482774,16.576121619919615,23.274343727924858,107543.229930839,-58587.91153686444,486563.4219555309
914.0583797046459,427.0694461894076,8.281480414793808,1679.8817876255466,3625.7146988099953,1434.8789998961595,0.7067266011539967,0.6335596833737096,4453.6309215172905,1.3849155775407855,-3.3985333629717664,62.55296487295142,43.63042538637845,7.062722306260971,50.39459464088866,14.384782944781449,15.832066249348232,21.00569856867559,28169.107885988255,-67168.54083432161,350869.26490258245
339.02995090087387,416.4873503990551,6.280635817895648,1388.3338500313118,3140.5568720687625,1193.3005217178213,0.6576187122211854,0.6309077135596778,3942.1901863008497,0.3409508716733035,-3.139353853676466,60.72334286377077,34.30028980033053,-1.3370422648690008,40.597337001435,7.719634934372193,12.039587677204135,14.202050548978514,-153861.85311772634,-122555.00653765877,39631.44008592934
706.8328460795738,442.3546956643612,9.859399770435509,2204.3331004997467,4551.4612300860945,1893.422700594496,0.6399286195963366,0.6180685362602921,6357.390191133982,1.1813247798091706,-3.378791573839748,60.40522986407211,40.576033326894915,10.676503958342131,49.055967423481036,16.556903076649064,15.15688386024509,25.3467294748052,-34070.255862448816,-97363.60585893558,244500.36518710366
504.9897938473603,449.4094261912628,8.56820385651493,2002.8244653598865,4175.763074205121,1730.577142921311,0.6857420469421058,0.6221507553310208,5028.563395916856,0.46951792279222304,-3.4791869243000524,67.79320646956742,38.832417104204836,3.292250229517606,45.5124310425246,11.909302045781551,14.042596705724586,19.450258254321277,-136498.3051175333,-119425.16220503817,69404.31547405651
416.1788508651866,425.3057635576822,5.1310199059984605,1360.7231942289793,3091.444051425078,1166.981747875328,0.6706489400026173,0.6635903350313015,4637.224798132388,1.2663062828726026,-3.1328886311291084,60.720696844240464,33.139250098544395,-17.43539081002281,40.852959473617716,-6.478568188809639,11.872371444483647,-2.572282382125678,-149708.15769349752,-121583.84132231414,46677.24103751753
925.7204227225072,455.28836829701424,4.3145025083393005,1038.070714894986,2520.4389542305657,887.2726295935211,0.5445066227316221,0.7662447670627424,3189.9500892077162,2.554607121352488,-1.9390641011320309,55.20455535555895,38.794523328891174,3.0660572516109603,44.894570938618344,12.225766132942521,13.663426738446047,19.128215034523414,-65845.71998921128,-82690.35715976803,190198.4389575709
429.6350543473341,443.5304840855115,4.793456844029477,1238.9706631130066,2872.358701766499,1057.4908493934977,0.7150615861893207,0.6975689748226945,3521.6542196743762,1.600441625545121,-2.479091496213249,63.808341404287106,30.769047983129287,-0.7688318294734771,37.28412066850587,7.327842597582681,11.098580915855939,14.037762880511465,-147342.5700343675,-120633.10903848046,50848.03726654139
567.7854100973823,429.42102303170816,6.6056559087820155,1530.95878174887,3370.5358319556835,1296.1506094510976,0.6698127728841742,0.5712662855714188,4573.768528356249,0.729585635911156,-3.905977406945057,67.02749301221529,34.96847761296114,4.76584072802782,41.213247198514985,11.384510266094322,12.472430093473822,18.992860219871634,-72284.25376535389,-104674.98952841759,177955.8761047742
594.6978170616774,394.735264607775,6.229005487417826,1519.6955425950164,3403.4261427422935,1319.9784948971828,0.6520092824154059,0.7478002659533536,4492.355455504388,2.5188021131045533,-2.12614894897915,59.44951935995074,40.10344079122146,-19.39010703895125,46.329150303395764,-5.33503425368913,14.343258323843182,-1.2577568761998839,-82341.82467400571,-109630.5763884002,161899.1472922859
977.7510761868111,471.74940619311803,6.181939454699501,1367.1414085760255,3097.4746442686787,1170.6012355095131,0.6782806620583964,0.7378796833627921,4179.46131027391,1.004664999969181,-3.62823832497658,71.03025975205782,43.76069277385051,-13.2581851280571,50.87342171651492,-0.8544085990952129,15.89118408359302,4.379715442460397,90439.05849321935,-70005.1125029025,457385.62757400214
470.00366479377675,389.4442167125988,7.98209903675206,1868.999678978825,3939.204888908442,1602.3798073698476,0.6163605917551482,0.4906689804041684,4268.55112817992,-0.10080719102685845,-2.76872079218013,57.53532162909538,36.32003574942354,18.419286296435043,43.45938916204171,14.65261198201745,13.078751006416542,27.40427994801143,-131874.18380505237,-112516.42748003695,77307.7024105493
281.616816043711,392.3836877654745,6.8087276997860195,1794.4094785859058,3859.9471767688915,1542.533178826993,0.6809963885944891,0.5394427780737138,4271.2931105081825,1.6192536180262573,-2.451138700776081,60.78488753666058,37.922058409754,-4.990054309834552,44.7882080473032,4.306826784720404,13.625083140471896,9.852049411045051,-147639.87430184544,-118866.26143135593,50363.81493604038
583.0357740438162,414.72366776732974,6.892683189262846,1608.9391289292603,3524.955918229393,1380.3166427412186,0.7052417584286074,0.6883855033089414,3821.5858518730324,0.07120937052417478,-3.1611830368567797,71.31591707416284,43.508972062516165,11.364212482351455,49.779250154879215,17.671813427465842,15.432991893064125,26.189306594989652,-26286.51203654494,-97804.71679214286,257829.5522329685
890.7342936689236,426.4815519788325,5.702292192375072,1284.321502031078,2928.8039429038386,1093.6622295048094,0.6336807801713562,0.7504540162334493,3981.2671634868284,1.1765329901990482,-4.692334095056768,66.71690400866215,45.89898599456373,-0.6587589018515692,51.85273417186277,10.670510086289635,16.482816105930887,14.444319420354278,119892.9800375152,-54234.4951878814,507587.8744610641
517.5489170973647,405.31736039812745,6.423948235612645,1391.9207501508101,3142.554607871071,1196.9236417075247,0.6270589213949421,0.6076532865904931,3670.470536491343,1.5587925481257912,-3.885764234887452,62.46995900503971,44.313146224408214,-0.7091229913397834,51.299639656599545,8.949914133764361,15.939999359969482,15.736686582446648,-83491.27882748524,-104128.10812621236,160018.73314489753
472.6949054902063,401.2021009241015,6.267884563301593,1565.21743826557,3462.3605447714394,1339.95938484372,0.6784861324221486,0.6612355898046084,4160.468021691162,-0.043040427362338235,-2.883138980110658,62.59860675976219,39.59433831664961,-7.745589945432305,46.345503670496186,1.2282352703073407,14.300602987595203,6.416847117749381,-88623.7537331229,-109679.85581145606,151268.2185891697
357.8686357758805,384.7410630279977,6.194719255364643,1498.0938113131838,3318.2062808147607,1290.8810915927877,0.612628995163589,0.5003668464630583,4179.598178305083,0.6600852500308866,-3.793686562665131,58.68232544819361,37.365856847055966,-11.487908654280165,43.52101465330804,-3.4784355356131997,13.33214035638794,1.9857829333657522,-137130.84135739377,-117054.94214976636,68264.35361607355
374.01607995445755,422.95418671538164,5.1976244515677825,1319.5160829814372,2977.6772161068243,1121.2825718962133,0.6679021804920845,0.6965456553457731,4087.386766347642,1.590785459969389,-2.632827557450458,58.660497981782044,33.57710839816207,1.3257081491978564,38.795109582806816,9.693271755789937,11.820731471219183,15.889849272471492,-151870.6486102352,-121089.84515460789,42928.962781544236
1187.6678505083128,396.49894723950047,3.4951675364403245,796.963492724615,2066.5534034511784,659.5995983730958,0.5549872013514733,0.822838116205267,2423.3249990350046,-3.0510683179047136,-8.001579591499244,59.901936928960396,22.83305396132532,-3.912465068863079,38.15211627960396,-37.98650701111016,4.336594792536101,61.01427319833426,377144.3676618517,-57586.6978928272,947547.2639387645
435.01753574019307,411.78419671445397,6.863832301534657,1569.5345298632176,3445.5542133607787,1344.2183503033805,0.6849591042384293,0.4918985490065364,4442.945249145752,0.4055858805740523,-3.9631667825073116,64.69539221486438,32.07687384547113,4.088649702750933,38.432955888929456,11.966006652492172,11.459644549465832,18.60405782742926,-114187.02683881857,-114641.45235717719,107536.56254186964
547.1525647580893,406.49314881927774,5.730649138492528,1240.4609977541159,2819.643159873086,1038.9834718055224,0.585948677153671,0.5410781173838575,3278.5018532769745,1.6669432723426536,-3.9479859348268174,53.628021411431675,39.59355404767851,-4.627765676408609,45.638526394613045,6.714200529406616,14.234003988601478,11.167240291582885,-132268.7542834953,-107024.77665217844,76656.1462293352
452.95914038305654,420.60260987308106,5.194990798242136,1277.612868237814,2934.701308091372,1094.0490897332104,0.6598433529679303,0.7242517529887756,4002.8721557478784,1.415321944785418,-2.884685179709902,61.35014123653599,38.3559204111953,-17.782542047704883,45.357104925553195,-9.427084706649058,13.983999432845058,-7.351859003514935,-145318.33171937882,-119771.32010357686,54231.318560646745
1777.9466432585189,488.798338299797,28.63964282864602,8403.483747564487,15595.879605584438,7319.261202662055,0.499113344475754,0.23558946712294426,19187.068078157256,-0.177112725000767,-0.6224683948810918,53.03676099737453,53.07526355617682,-5.682127503111817,59.88948771849999,-0.08941211502737223,19.256722187259648,6.336396760398574,979129.841221672,21724.32673555339,1976710.0585086062
986.7218785082428,437.65154197976005,8.077647577352817,1966.1787825501394,4158.739279732296,1701.9963820479934,0.6891664297765234,0.6164138515604496,4882.705587557246,3.194959183087665,-1.8191343903699604,65.12734009875963,49.99250432983591,-21.656572080904265,58.535214328082425,-6.252516456721114,18.47797734515405,-10.998862483525043,226893.1529451308,-38787.19896559263,690561.1651964302
607.2569403116818,451.7610030335634,5.137253105652473,1233.9433859828341,2861.6906462544594,1054.7673363608271,0.7214725695097859,0.7142475429813796,3812.178033107232,1.1500129460903956,-3.083107168421908,72.40872850807213,38.959273242289086,6.907839196332455,45.22915224198097,13.639018607605616,13.930104770484883,22.289686006149026,-54543.263927642576,-102705.01454333111,209533.86540746887
594.6978170616774,395.91105302892527,6.998795082583059,1725.9938631211996,3748.2007375799253,1486.0178068421887,0.719357851754474,0.5618980752792815,4142.795880436439,1.1504923416528543,-2.556204608739903,65.34374587355788,43.38464947028517,2.3627397854104917,50.00443601163904,9.40806754970197,15.67417630099814,16.194309704627578,-78082.29871834957,-100331.18867661618,169252.42419455943
411.69344970447065,439.4152246114854,4.6889455528061,1097.523642310314,2609.7061581982007,929.4664673138184,0.6627709366053153,0.74219027983265,3602.3339678140437,0.1315306538378384,-2.8579163298912302,59.63676938123149,35.013868010067355,11.572157868551308,41.537475791569506,16.721244901133357,12.510075125272321,26.08049165798672,-148805.84535907375,-121242.49117236627,48323.38779390759
559.7116880080937,408.2568314510032,4.441930045932975,1071.8851137545448,2566.440581812014,900.9085786746202,0.7080188795875307,0.6955295486431223,3598.9334184642876,2.0289618017332005,-2.045989437390013,68.34999852681904,44.23851523793127,-3.3356718134566057,50.48213332538708,5.0363209466289085,15.809078707383692,11.305607846644442,503.2941067912034,-87376.710098665,303639.2855388118
474.48906595449256,401.2021009241015,6.138061343318933,1563.928508842036,3427.386911169895,1327.3319134429792,0.675144217388179,0.6438028827189061,4260.145395247268,0.5134027424752114,-3.452551340294195,59.31256197642044,36.583528764437844,-0.90104561071918,43.79977254072044,6.106868436377594,12.999375128687248,12.435610706718334,-125898.12333387547,-112301.28073059797,87528.66317941845
668.2583960974173,432.3604940845838,5.340786723765634,1192.7410608563587,2795.9159162659103,1021.893348472291,0.6278104743174318,0.6718449503038773,4101.27958346081,2.2700926760439644,-2.847593497710456,60.63500123514015,37.16129844392135,-7.8469436775003585,41.49292867975189,-0.5792784199926609,12.772904808359941,5.242385027824804,-112597.12191870506,-109077.68530045648,108579.26159912562
849.4686029903378,447.64574355953744,5.222754668420889,1207.5477701095974,2821.8162297883687,1029.7866037243166,0.6981337262775221,0.5263698453300653,3924.576440147159,1.9135488067849353,-2.3620669956596214,51.77228223078397,42.383770488085815,-14.377818788937656,41.28488018365101,2.192542971373128,15.260922118308004,-0.9482252674062623,-70852.17703661756,-56304.230956227286,181634.08331076137
302.2496613830039,326.5395361810591,5.078638986030824,1310.8978892137857,2985.3081341861716,1113.6213408608496,0.617446994387179,0.7364317523569973,3664.2985178442564,-0.19963790753328223,-2.4035613367279853,55.435385367851,42.68762957079578,-9.738029853986813,49.55709748210497,0.3960510810747434,15.53386990424684,3.006438005813072,-118485.70397373106,-107529.59025421402,100155.04805228832
493.32775082949917,408.8447256615783,5.83355711015138,1341.7067120381969,3069.4032581726983,1149.9361750711435,0.68294162016418,0.6161207370439568,3576.043652144162,1.560750642394906,-2.9577400003892182,68.79614133860895,37.467206179445014,-2.981525424988157,44.28154905011078,5.925658018109551,13.337297760422633,11.361170725518614,-15930.413386063417,-95410.45799391696,275512.5569070747
371.324839258028,352.9947756569403,6.654092693567929,1636.8484190359095,3597.5110504043787,1401.3709391746568,0.6947332676802662,0.6066206767591417,4840.125023178858,0.45855854326074663,-3.7277838878184957,72.18010019700003,25.059537287523245,-5.6523879932978325,30.133654921346732,2.5412066497637658,8.532116911133127,8.30968995544043,-107724.02357564075,-112629.40957192109,118617.20096877731
426.9438136509046,414.72366776732974,6.144996561163016,1475.2084109590821,3280.105985147304,1270.1758702484951,0.6835099964051575,0.5508501410362123,4350.61569475183,1.069814861954316,-3.659008588068454,53.26319217870507,32.791502325148485,21.25508628299997,38.86613732482448,26.276324606188613,11.541331700573604,36.579776766113234,-147430.6601876943,-111391.41430978621,50735.08691731005
788.467147204602,425.8936577682573,5.163157281679557,1237.624074210347,2822.3355306453677,1033.3493114065097,0.7078393550775269,0.70303799853989,3700.2713666120176,2.122741349946412,-5.309310469168214,57.54563898705659,46.44238144097213,-7.740402942951959,53.68677227509765,0.1839885554736784,16.82272678600042,5.618719364712436,-39537.35100329314,-80143.45234378375,235084.69857479128
437.7087764366226,419.4268214519308,5.147667773732281,1332.4083683008203,3045.1435394036225,1138.698840896494,0.7276840956209191,0.662833798605593,3613.9688980881397,1.5374143707957646,-3.550515110882332,69.78062062163438,34.21438055878278,3.7283688600303098,39.943721811019564,11.313345860035092,12.038456535457751,17.979617398910626,-124869.79314122029,-115815.74495048377,89285.66861190593
337.2357904365876,378.2742267116712,6.743521829488439,1594.9092595149405,3452.2292886358437,1360.3781073956504,0.6738373654422549,0.4313461079314635,4155.507966578503,2.088789958547184,-3.082689022715824,66.97452439417619,39.707364709809056,-7.100156129803333,46.156772516813824,1.3391091212069601,14.464701525697398,6.658398860013798,-26205.762729328708,-98028.27710161576,257966.55682323987
382.9868822758892,321.836382496458,6.712675493250033,1664.8461667622246,3642.8687077795125,1434.7987485073606,0.6283676300704067,0.5392498753860342,4066.220828864296,2.0981771238725337,-3.202969090365558,55.79994860971185,43.38858250476365,12.005523295327372,49.855997645051396,18.291259996543605,15.620626095457704,27.126390591515204,-99330.37778538396,-101804.76361970099,132957.71197488942
617.1248228652566,399.4384182923761,6.439299249339619,1538.0930979650577,3359.1407249639437,1335.4206485140926,0.6529135958507465,0.6620278431728605,4033.807127594847,0.4790482080857841,-3.1095390969788776,57.13210233765109,40.03565625006951,10.142655075518928,45.00962803803718,17.969648280098507,13.87396869498333,27.046010895062437,-75413.90115715869,-97704.95600888346,126123.17000982651
574.0649717223844,457.0520509287396,4.368398378387224,1152.922044216064,2710.183221209865,984.5664237461048,0.6611276289558993,0.7594472334672339,4257.3637625887195,0.8044434243143072,-2.555006213764201,59.78109504901941,39.69356953312683,-16.07016149205043,46.14478396633435,-8.634676407273238,14.120671268010122,-3.7678438524999205,-130833.6188688796,-115208.76669089338,79103.40379601419
600.9773786866797,447.64574355953744,7.609905072912826,1863.199594559335,4002.9538334708864,1618.0929709145182,0.665737605985747,0.6186721818061642,4097.932782021277,0.9133717292968222,-3.382554053439241,62.98385123042297,41.51124754416712,-0.7753655720976935,47.08406672198706,9.40938346498478,14.554128219557454,16.6019269725748,-133316.66006577868,-114611.4039284846,74791.41963045116
508.5781147759331,417.0752446096302,5.551722081959837,1265.7687891080525,2914.6585231267686,1082.3391337346686,0.6915761838666962,0.6788817673526926,3635.323233067504,0.9364467649017832,-2.9332854963601576,69.12740386378898,39.668737963014465,1.032385579664746,45.614358623295715,8.313633910709871,14.05134772401851,15.228462309440932,-101245.72688306592,-112104.16303837455,129348.52998232139
290.58761836514265,387.0926398702983,5.573847466446168,1329.354715297116,3052.928905193055,1138.1471656789547,0.6950168555815821,0.6826725913882077,3759.937842588663,1.0231881019247278,-3.267202305875736,70.77131907302251,36.00020719409052,-13.602858445173103,42.732543398754935,-5.4462139373099925,12.934138768541148,-0.6760587822980595,-125851.63130850854,-117855.43229013706,87593.50504656977
478.9744671152085,408.2568314510032,7.372025917268284,1720.3150497900333,3741.764703640283,1479.6046431401614,0.6432081728280042,0.5866269719028426,4174.706188523069,0.9277546082547733,-3.248934185862366,57.32425381676319,37.427721698288636,4.395434810437841,46.93077265907908,10.48804497179111,13.793704192210747,19.31336569561897,-135736.69233356207,-115356.60496006094,70678.14441260992
576.7562124188139,428.83312882113296,7.373803029423578,1594.9615603849265,3510.6299378632357,1374.1014814469452,0.7238550255157011,0.5533499941714054,4232.602552070579,0.7912557171430306,-4.2185790875786155,72.53624591313714,35.91800067104032,3.866980166052942,38.24456749565833,12.164255966195281,12.886157369974708,18.55556637865638,-61009.325876699804,-114878.23397527484,198459.50199996293
655.6992728474129,421.77839829423135,6.9544835250651404,2080.415858386946,4359.7590636163,1791.0457867937196,0.6735713495550397,0.5958881858285846,5328.728494727611,0.6315871381531641,-2.517868715700369,62.58718982077508,43.547130396413024,-6.655992219457122,50.675596073822426,5.210879429049149,15.763829348899824,6.792161504399284,-53896.65773273686,-96519.84598124753,210639.31465874222
512.1664357045058,448.8215319806877,5.273661150771059,1237.9783197989227,2855.217927630779,1049.5818564412875,0.6572226622538446,0.6862604868623265,3938.2147409666186,1.7095318476354022,-3.557142486934363,59.78022938058885,37.998730552561256,-11.105002604655132,43.95949503673193,-2.7238881804729247,13.465498534137586,3.946361495809615,-139235.2172424228,-117605.42936341467,64700.14259588467
705.9357658474305,455.28836829701424,8.317648620446834,1973.8060224045273,4156.5173482339405,1700.555858035975,0.6707922261613259,0.4739034327936011,4641.993918618914,0.01766212415391391,-3.83176804480623,65.98003321108921,41.981306434050495,-24.62968557056236,47.07332670890519,-20.315366211231115,15.188235942831716,-10.688064852150278,-65574.10868312033,-100381.67003681973,190638.73615225972
433.2233752759068,428.83312882113296,4.998912337749176,1260.8064381082438,2885.158409069919,1069.4831460589214,0.7281121524276084,0.6992083337229179,3935.0317812070416,1.3516945302215526,-2.9083704722718045,63.24345691000097,35.85996976572706,-3.6474205462224374,41.41618915371877,2.8683489564513054,12.511182070974815,11.543659490569741,-142984.5543933946,-118979.24352324007,58253.60599716274
365.94235786516896,416.4873503990551,7.446357325554721,1806.783972727641,3896.1846679101077,1562.4230167188005,0.6926945733332791,0.6669622071232689,4961.56620885671,0.21986173546369692,-3.880854663680139,68.74270208837237,35.946420700761095,3.878163993909302,39.105773971835454,22.733273954763344,11.86283088110905,31.9042594051214,-108252.56449560152,-113760.43242791033,117550.44767048134
1036.0612912761171,611.0803340994256,6.357836461343875,1461.5107115582002,3265.9891557352416,1250.9582211241827,0.7140264327593179,0.5461086142662817,4194.8546353850315,1.7274922211438013,-3.425817074656874,58.82670717839089,34.5004549176998,2.7946170832041695,39.86477902727208,10.984833927299338,12.009079238577893,17.693229767419,-118544.43074261559,-106979.1030405657,100066.15194409697
2228.2809197943907,594.0314019927466,10.448200445867185,2641.271611798242,5373.367882657544,2284.0467209182098,0.49618580133785,0.2903274605762909,6324.431629119064,1.189084181468968,-4.6821017372652864,53.415893339373426,43.390534543654425,-42.79920299541071,49.84358272933458,-30.712341404050512,15.543742998013107,-31.660683243313258,539110.9610338608,155609.30755542338,1221667.3031575526
2066.8064780086197,700.4402541068465,5.970621975369382,1560.603426823855,3414.423513999259,1333.6723310481736,0.5725606430441724,0.6006347614085085,4146.608678536085,2.1559974937988837,-1.5505709703983834,55.83814741789159,37.71546138203662,0.20053446609033543,43.10982531186199,-1.9934118455234553,13.44206491059326,10.567971532532855,103834.26743347538,-39372.542356524355,478308.6339325406
1087.1948645082778,630.4808430484052,7.047017327592118,1634.1021149434862,3567.5240651013637,1386.421703201755,0.6625141256785394,0.600205647664004,4558.402903190033,2.1260637783103236,-3.179525112567403,63.05787465989913,37.8193553582166,-15.781597823307454,44.050997334675515,-5.1238099327123985,13.781360869152213,-4.721395628422373,-96168.30832325749,-110027.21564714244,137414.0215866925
1010.9430447761083,589.3282483081455,6.191040272498982,1598.5023445309055,3503.794257208784,1360.9073204597282,0.644945322052928,0.5966855201979647,4360.410156990509,0.31077822133438343,-2.6957951611858495,59.25030234867549,33.84836323213065,-6.269172486443575,39.10800255091682,2.811930468175996,11.764255113014173,8.610737127902526,-109818.61166585569,-111397.42399552473,101839.89076165577
2007.5991826871702,676.924485683841,6.489595564536319,1595.3808429645728,3441.0559968676657,1364.3662385167922,0.6925583746904274,0.6880381996239184,4311.758584682163,2.367821165494661,-1.6141975067952172,59.57162828587927,34.97355432241622,-18.589412590841114,41.26263306272549,-9.760167247654278,12.413665405292258,-5.672655509673584,277717.5009916371,-42005.986647143305,777432.5337941326
978.6481564189542,538.1814519881086,5.7012899047970444,1379.2304567650297,3119.659493128092,1180.5863158765785,0.7089033399618743,0.7077509924026245,3808.6329419551057,2.20185316324459,-2.9041887438854745,60.647847417423066,37.815949245323424,-13.348502747693093,44.84223696423224,-4.714167753382996,13.60111840716078,-0.1150559182950639,-56396.82757056059,-86631.50906708867,206164.17998873393
878.1751704189192,507.0230588276263,6.189295032501406,1471.5217695953063,3238.865771883634,1253.3185639195208,0.7142470732781205,0.6173819295573941,3880.042931360064,1.6578044456335352,-2.684285655089379,62.590119179221816,38.558004968719914,-1.7458440894126968,44.80021480949896,5.82642810991278,13.822577441313317,12.195276560075495,-34412.82868094192,-82673.53003970017,243926.20091184435
941.8678669010842,538.7693461986837,5.590105444466239,1385.3109611852499,3104.2731199718887,1204.6330733432512,0.6800253282369246,0.6067017147373637,3699.7540884559508,1.7816810068660036,-1.554666771872299,63.09964438074438,34.88736350821705,8.796224077340746,41.930163306092226,15.661496304460538,12.599994699439844,23.00767352700141,-38574.47668845717,-95744.59652097861,236807.1914005692
890.7342936689236,478.80413672001964,5.986519318057131,1615.1055319389764,3506.635870562558,1391.2790896023653,0.6759889091455632,0.458916851416489,3779.7019360943577,1.3006681272670317,-3.0512221908754,66.97635163637214,27.206094279713376,-7.877389810941178,32.70355159118878,-0.30097274969330123,9.520900688521678,5.274228709370644,-31352.30759001161,-88762.54362996743,248741.23246611364
1461.2773213119797,598.7345556773478,5.113008286929532,1279.0901271130147,2890.4008346133332,1081.362420953149,0.7289279185050201,0.6599275000323777,4123.714583134543,-0.849438062591003,-3.6182568422235364,66.15377320593942,38.10079926473895,-6.82572349379571,44.72524052931187,2.2793343942898336,13.728103634615085,7.522022104116211,166421.70963498848,-43524.033264693164,587079.8202423193
914.0583797046459,528.7751446189063,5.104400686566339,1246.8656726810752,2792.175327377873,1069.006467861716,0.6798408911207335,0.6623885649138532,3471.4970401472906,0.7006798614550456,-2.6329242104959225,61.396913878012256,25.978420710846102,19.0062650816059,40.54556540651498,18.363721938858518,10.655238146670333,31.38686273715787,-50351.02906133329,-87916.379877984,216646.59989934228
1921.4794804014261,585.8008830446947,5.5161758699648376,1289.868272768809,2817.2764807058716,1098.5832576252506,0.682981956542572,0.7547958751034215,4017.852579873421,2.0158832401446722,-1.9761225895109908,69.45354443402395,35.534498672653086,12.837260188616717,42.78301325498514,19.44809924078595,14.154329802935054,24.665708105639915,642883.6086015307,13083.600580711034,1401748.8557852828
723.8773704902937,514.0777893545279,5.863790831069071,1454.391710462218,3253.5212202580556,1256.0328811346305,0.6553191021652005,0.6665252525305778,4233.580443742766,0.36094464150833805,-2.740240536639455,62.339998251500376,37.2977526814512,4.344025923513682,42.6621153608428,12.667021412580644,13.390132250124013,20.096357976510667,-127779.82688688398,-116945.5658693253,84314.8074091601
713.1124077045758,506.4351646170511,5.405412120961115,1347.922781989061,3070.862254836399,1151.4145478987787,0.6676175345215132,0.6365030199589966,3809.4242994107212,1.2654511373833175,-2.5676645761381307,59.87756227314627,36.898459020319336,-6.920717758000239,42.30294228173516,1.777371728435765,12.938974638762168,7.411409391258076,-134367.62453394142,-114887.84947245647,72880.67622262103
1172.417486561879,521.1325198814296,6.612529233925969,1562.6986505086477,3468.851952589253,1351.9534182044079,0.5749503811766374,0.6381152766153608,4470.115739071409,1.656616640344515,-2.7679841527692712,52.43038602861826,41.9086353903688,-12.761734621628047,48.07027564153669,-3.13320875457701,14.997941467613098,2.3058290072640104,-74611.30198240343,-82714.3959027221,175130.02570085682
1025.296328490399,520.5446256708544,6.111814610967416,1428.2866473441204,3189.9678561330043,1236.6253265386094,0.7249817796322376,0.597127031099772,4119.44455538355,-0.6366721960829472,-3.0047086167568438,64.93546707375057,29.34814896005471,-15.930029310772998,35.69426614016109,-7.931019710847174,9.775149340459015,-3.8089320796774384,-30897.786868332376,-88923.60320775975,249906.29440170355
832.4240785796173,513.4898951439528,5.651311805906037,1365.1376217408522,3092.347137374636,1167.3297210833607,0.6725580750658067,0.7008166109939745,4191.396109672937,0.8695864949110734,-3.2706481537555554,67.48253507053825,36.744068988596084,8.348973111899458,41.65100712118936,20.823388010334796,12.455293386168435,28.472483351192786,-104598.04660689122,-112745.99747524835,123631.98730733534
1056.6941366154101,513.4898951439528,6.521225853376405,1435.9500995692515,3210.739073869128,1224.0658313092936,0.703017748760398,0.5946603264556585,3476.922557904302,1.646172273076644,-4.061212168550721,75.12703137182557,28.891992847006453,8.999164044821718,34.62900132776895,15.46893969287396,9.842676935242206,25.077100918538406,91798.95023520177,-84144.70110848958,458731.6192356756
751.6868576867321,528.1872504083312,5.526832685972497,1390.4820261810166,3118.7815395826037,1185.2128825408738,0.6845092117792376,0.693295866232252,3852.623694209476,0.8227070634453564,-3.831658997263447,60.44033893076016,33.15884758342641,0.5458257387776104,40.280918291410764,9.239710518616787,11.815762888134234,14.855147536910078,-137570.06864967602,-117643.8913521412,67442.32607444549
1185.8736900440265,521.1325198814296,5.1806298435170905,1154.6261013701153,2734.9488497242132,989.3188665406896,0.7233319423874794,0.7493356643175941,4750.197112170982,2.106654963362112,-3.361817751331065,62.76207371056749,23.723834146546434,-3.842407721489886,30.40475148052437,1.1388931138097236,8.481980469279925,9.023481775009328,225763.27438127945,-10535.66630881565,684610.3551304458
811.7912332403246,581.0977293600936,6.169683016112997,1552.0953454819276,3431.2047210499472,1335.722448684717,0.6507611777467589,0.6529703321043763,3978.958662637836,0.7418537591617165,-2.8432511681475616,56.64449766189264,30.980057849086545,-9.236799915713082,36.14697791996431,-0.00976698849893104,10.256997027207886,8.470801986859257,-140077.5793336103,-119411.94089641343,63278.85070139033
1015.4284459368241,519.9567314602793,5.340786723765634,1322.3459741404586,3008.38294101356,1133.0727731103498,0.6789788943837901,0.661468415284258,4169.134655715423,0.9119993857194176,-4.0301035656825634,68.64222224296587,38.737444655614524,10.375578586018019,44.27527764826196,15.35360413395957,13.694223705600798,23.84491762062224,-9876.050556373782,-88613.50342365218,285876.7972856169
1266.6109109369118,488.798338299797,8.043472710649878,1837.1476259722454,3906.681500216127,1581.2401723711355,0.6374556527492883,0.6806008490744646,4123.549380750404,0.6038313113620698,-3.620564695698698,48.94025147811429,30.49589869404721,28.861710863307046,36.1493005658547,34.84514850016119,10.692787786564748,46.59778920095832,13247.002954734431,-21889.1646060254,325343.531812867
1416.4233097048213,525.2477793554556,6.526208135468,1406.9814573732676,3173.9344197362266,1210.0468937640728,0.6778356370451992,0.5652310599125492,3861.1425502093452,-0.6346558725701439,-4.1006959639835285,59.478096717411304,23.087142136145793,16.22772734420045,27.159859505139615,22.787816276538702,7.694912370741918,32.18422896838727,258022.6226141634,-32438.566951421337,743874.7758701887
1586.8685538120237,579.9219409389433,5.91955807807469,1438.5414694637277,3190.8708873818982,1222.3466868245723,0.6199051920632749,0.5753908630160266,4558.744364545466,0.1078719720790368,-3.6352029065940177,59.74105759176801,25.275546998557285,16.91633351361068,31.381762480891652,19.37294129203601,8.854818216734694,29.002460233164243,60851.77824458154,-57003.758376190875,406813.15454223746
1214.580257472608,542.2967114621346,5.9806321741900526,1395.2311763579212,3125.4104929883706,1184.525719810798,0.6289907945426352,0.6447391408708355,3856.485648422997,0.01778471443613633,-3.523895936398373,55.22437298761997,31.112149815961185,-10.139413401898688,36.741252491619456,1.9729686599150829,11.082076921320567,2.1344779207899327,673.3570416859875,-76535.23702637706,303923.7530850241
784.8788262760295,531.1267214612069,6.790222398993766,1535.277808630655,3339.2631579069052,1302.3736273268232,0.6924438989638467,0.615652516430546,3982.920998325447,0.9901503954633882,-2.7993155206582823,67.2531731801245,39.145422685745714,-6.586706919476696,46.056689613359765,1.1566974062397413,13.994806881183175,6.98101123715964,-55607.68661367471,-95476.56453704067,207586.51771979523
1075.5328214904166,494.67728040554834,8.960755512442542,1954.582400972328,4120.250926103499,1676.4727583073552,0.6942412610289347,0.7698896893979206,4874.508677808246,2.125031141337443,-3.7880995516998643,65.43317962144312,35.23114195963423,15.235200029989684,40.79017478568715,22.473108630088664,12.373063801937217,29.364469254250388,48751.61690566462,-64454.56675480651,385067.074805504
690.6854019009966,449.4094261912628,12.251238105464493,2500.6154470370498,5084.348386858708,2152.105512448137,0.5776548314261483,0.40900789929615755,5673.893922961419,1.9438813905855854,-3.213854829708708,62.72769937044954,33.655189904452655,-4.419147444639992,39.63523553977306,5.967943207243336,11.877894388563545,11.959715984058262,-116522.63937633042,-105011.53192977463,103546.69603892932
1062.076618008269,469.39782935081746,6.256559355804833,1535.746264933165,3368.7719132050247,1326.2532747608689,0.6518734087461048,0.6964278800285182,4030.7943536637604,-1.1706424551052648,-3.8948162652513374,62.70071609908747,33.001370633186454,5.983669141965523,39.124013408176175,13.458568949741876,11.865274810653293,21.547354828802362,69368.38320719032,-66853.63330162322,421296.9451580227
717.5978088652917,480.56781935174513,6.808384658143764,1611.6691215456262,3526.6473519517153,1384.2664863334176,0.67314822497411,0.5759998286689562,4211.3167635666105,0.646677676852718,-3.1192558686615817,59.25320220117689,37.08663415822504,-14.561749320641571,43.82725263233439,-6.698768471809418,13.371442869244138,-2.833122168325982,-83791.03004366669,-100434.5552713187,159426.78964799995
525.6226391866533,459.4036277710402,6.52282883496911,1542.140339683968,3383.361453391078,1325.5654550500926,0.6821180545905188,0.7113592115314473,4099.557304659189,1.112300191377643,-2.3617919434550925,66.72202236322242,37.01742331217868,4.2339142871061775,43.564804734744854,11.667930225164858,13.441187951226912,17.993759782883245,-97711.72121800407,-114130.62906940309,86525.70591170684
843.1890413653355,458.2278393498899,6.784027061603498,1751.1676030293213,3779.6864803501685,1500.4878979172136,0.6664579467663861,0.6385870267138108,5207.546335180754,1.1861077197421035,-1.9070066080420243,59.23362354291403,36.416203790365685,-19.890460099460093,42.80085409214399,-8.590592913379187,13.0542224687237,-5.64781499284849,-49736.84493674924,-82310.54502109364,217011.59686121022
1849.7130618299723,491.1499151420976,8.402176737974438,1679.1372297626338,3573.4780837435073,1415.290376102623,0.7638085677983506,0.8410867246173159,5310.313397198902,3.8171753726747735,-4.732960963982044,82.42735975587397,34.516710540819034,14.705522947635274,40.87345148574112,21.38903065816062,12.286474829572766,30.58817591703186,3011478.5676881764,386156.47766792553,5451177.842886932
2312.6064616158487,517.0172604074036,9.339245193867821,1806.0217786191506,3920.0464298119637,1580.8613012268356,0.4575375033167735,0.5920475582189697,5024.513665356879,-2.608118087620871,-3.6071068379365645,37.45873624512831,44.322489670961474,4.747383764064182,50.9081981325651,12.093489964790205,15.869701584909476,19.75468233453921,222751.6922644196,155817.24268197615,683506.9975523063
645.831390293838,482.3315019834705,6.418432237869126,1497.0823743241224,3329.808648854923,1287.7224477297577,0.6623448501397302,0.5613519736171685,3925.992518323351,1.2744923591262847,-2.7810724072625868,59.51584156590248,32.70929188261694,0.022681660170169593,38.49805256649332,6.719742637368992,11.56363116853167,13.765708671342715,-99995.94783274198,-101018.69672510272,131770.68747139344
597.3890577581069,453.52468566528876,5.124604747141205,1219.8128318601334,2828.9943158840124,1047.971848210026,0.7330761571308627,0.738124523199203,3693.3947700885874,0.9810984220171083,-3.3151987386580046,58.25377259890571,19.341729021697386,12.206315582671106,25.21497393446853,18.452136918238143,6.719610358620816,27.6319439118486,-118594.5931910378,-104799.99099177877,99897.77225681693
359.66279624016676,442.3546956643612,5.359659221999406,1356.8851227450375,3083.5910703504965,1163.046492854825,0.6711347107346018,0.606255380801018,4037.021340104443,0.44533571639953295,-2.9991900204422253,63.66275454434266,34.22735379038389,2.5524549017426033,40.201060358574225,8.940845154135259,12.136263640690636,15.564355861428181,-152083.53314744163,-122742.50873270056,42768.94978679984
280.7197358115678,367.6921309213187,9.440731876256999,2339.261503983089,4812.079500640795,2020.603776639489,0.6746973583357018,0.5646693444950973,5088.890289534844,-0.7935558889370008,-4.353827220078255,55.642447209138325,30.43212625776553,-2.145579624794114,35.74602465953306,5.144810714117752,10.596654413300284,11.6777661083999,-148230.20067657015,-118409.5253152285,49232.21977059308
1482.807246883416,440.5910130326357,7.489105118657624,1859.2547585643179,3982.6368549652434,1609.101186721597,0.591349605760777,0.43874137538018493,4965.036585082521,0.1431093056825565,-6.525892107933502,40.0643222400775,48.947848619543365,3.298123392892032,54.7337705362015,-4.818204164864062,17.569485963252554,9.19529448644522,4275.265533270547,36439.643234890566,310073.27209873026
759.7605797760207,538.7693461986837,6.104328585060948,1486.5686593143464,3307.8377424377354,1267.3784868003438,0.6513734076133066,0.6575170132356476,4125.300294773904,1.74952366978255,-2.9116669122467984,66.0942672352689,33.29662028461476,0.465532779650184,39.150949426270344,7.692367182804195,12.116902350788964,14.231904199491854,-101943.7190007456,-112486.37905134434,128483.62314144809
849.4686029903378,512.3141067228025,5.245140058227651,1320.0337806373254,2991.707787844233,1123.0484619558051,0.6913442998916903,0.695869965289995,3634.7268510528047,1.511134986039231,-2.651975175010455,60.87088988150438,37.50003529122894,-9.460358682872965,44.22786030585925,-0.40666142066567657,13.529356487810594,5.436958036648673,-104391.89117861948,-105755.53102420326,124289.81850795117
853.0569239189103,494.08938619497326,4.624648438745798,1214.763579237354,2813.2645799770944,1032.6816235651697,0.6640424644843294,0.7182462229634958,3947.0176058647903,-0.4855667318173633,-2.6054899002219427,54.96317599317362,45.253736770307086,-9.54169752758455,52.213374083288606,-1.5342993920847587,16.31474754583125,3.55004002478266,-50659.956335152965,-60586.733013495796,216144.598347203
748.0985367581595,505.847270406476,6.271960134379832,1443.0051583621046,3234.880572971909,1238.6294050874792,0.6827068982353122,0.5775599599244783,3992.711972529826,2.600571526238218,-3.061235544596075,54.67908434970629,35.27726276604753,-16.325016641303193,41.19778235614414,-2.998768512872315,12.569854875944525,-0.15880680270761616,-132528.13084606867,-109384.17927312093,76130.09043615591
1649.6641700620455,612.844016731151,5.761608433133198,1307.3129774351305,3018.9531801334283,1131.2738731145535,0.5526182331604136,0.7188430517307736,3713.0362349498923,1.4362096029864158,-1.9450229713972207,56.28201201795633,40.84952799599469,-6.351661866114462,50.298847724727246,-0.3790925610155641,15.842388612735691,4.334116425222334,125297.67798641973,-46308.92163592279,510718.0633059659
1043.2379331332625,515.2535777756782,8.369866696777775,2310.333308831376,4750.035637321088,1985.9493163432942,0.6390088468964769,0.4500918860013836,5067.471254690358,0.9841688812081315,-3.0469194849615056,60.240145979259495,13.473458047368794,19.02587826131197,18.225910308190517,24.667343649981778,4.236932847097393,34.63444787861227,28761.88120941649,-81678.32608140146,351845.03041955316
672.7437972581331,485.27097303634616,6.815741628094109,1517.1425247562975,3367.655795817183,1295.920532644803,0.7117789529535259,0.6365810727620707,3990.8064828820206,1.1034734066976495,-2.8987893471379964,64.06831709450162,32.99609342587415,1.4519014496343345,38.935440648696876,9.645077668355254,11.80237674862152,16.537365316930362,-100638.88360459241,-105775.96395571422,130696.61331712875
929.3087436510798,481.1557135623202,5.309066435840873,1166.7820563932755,2747.9238839818963,995.512256647973,0.6116797204212534,0.7416302787628758,3812.7419125244537,1.7477412003525141,-2.901549294419852,58.41784392308159,41.79648503048789,-6.548692153943625,48.702380902610685,0.3749600105139814,15.11527864990323,6.168855072025426,-61945.28375579702,-72717.88464526989,196849.95952341636
1779.7408037228054,507.0230588276263,4.672578777311341,1047.399403357361,2545.7755083110983,883.042343418155,0.6254260988222015,0.718491030069023,3254.888776435157,1.5783101824050954,-1.4358960999028905,67.61621071683896,30.41987529580739,1.4208831907399535,36.15220285708757,14.459841518514466,10.659882753120995,31.28423808228085,475681.76847833605,30122.261586559587,1115878.8427367348
1034.0,653.0,7.819148936170213,2156.1199226305607,2192.326885880077,2173.384912959381,0.7775628626692457,0.5918762088974855,4156.939071566731,0.7891682785299808,-1.79132146721369,57.84332688588008,30.507337614035094,-2.864358201238391,29.943024392561988,-2.602936121775026,30.395774933884304,0.5527367327141396,23959.0,3541.0,23859.0
1022.0,571.0,9.507827788649706,2409.2015655577297,2422.0714285714284,2420.0665362035224,0.8522504892367906,0.6066536203522505,4922.26614481409,0.3498043052837574,-2.0118102945124505,65.68493150684931,29.17754799024919,1.1019805547128916,29.2625136695558,-0.1281916738894931,29.31526882773565,0.9164967919826646,119274.0,13640.0,119238.0
954.0,609.0,6.835429769392033,1776.3752620545074,1785.75786163522,1803.20964360587,0.8354297693920335,0.7473794549266247,4267.207547169812,1.1617400419287212,-1.7459802758444063,63.17610062893082,29.17284765124153,6.736338138826187,28.99089363318284,6.888628795711066,28.61636859593679,6.631122639954863,91965.0,9638.0,91857.0
1327.0,560.0,9.56970610399397,2294.659382064808,2345.5335342878675,2339.467219291635,0.7618688771665411,0.5184626978146194,4408.795026375283,1.6211755840241129,-2.521193219613136,56.45064054257724,29.68724787429945,23.855074650120105,29.0469876989592,23.73652035788632,29.42242910488393,23.27002601841475,187275.0,34029.0,187178.0
1232.0,592.0,6.857142857142857,1743.0227272727273,1800.799512987013,1798.2264610389611,0.7857142857142857,0.6607142857142857,3978.00487012987,0.3230519480519491,-2.4657489081573427,56.9724025974026,30.799505543672016,7.231735352626906,29.685971448306606,9.45930900801426,29.66193282263816,9.617034247551208,145367.0,23895.0,144962.0
945.0,551.0,6.873015873015873,1734.931216931217,1782.5703703703705,1771.9460317460318,0.8444444444444444,0.6878306878306878,4205.925925925926,0.9814814814814816,-2.6187527621736737,54.285714285714285,32.79685179606028,-1.595450190034754,33.11510906836618,-2.065667932792577,33.10010105330245,-3.3462791309385804,38360.0,7106.0,38324.0
1520.0,553.0,12.883552631578947,3390.6407894736844,3452.926315789474,3432.174342105264,0.7447368421052631,0.4546052631578947,5235.359868421053,2.416447368421052,-3.4860027066804595,58.84868421052632,35.789357503765004,-20.984830259036183,35.709268210090315,-22.11936460240968,35.79812396084332,-21.42579495481932,474666.0,44703.0,474660.0
1355.0,665.0,8.964575645756458,2137.214022140221,2190.6738007380072,2190.6243542435423,0.7948339483394834,0.6110701107011071,4470.964575645757,1.291143911439113,-2.7213443441392737,54.464944649446494,29.80537944374011,6.903576878453042,29.806660985736947,6.467774528018944,29.754425838375816,6.346175070244676,117077.0,19753.0,116940.0
1170.0,583.0,11.72222222222222,2787.639316239316,2826.3846153846152,2822.013675213675,0.8076923076923077,0.3786324786324786,4577.842735042735,0.065897435897436,-2.9190563375765377,53.965811965811966,26.536661602678578,7.805338571428568,27.16017268392858,6.398309833035712,26.416313133928572,8.886521619642851,101717.0,19855.0,101610.0
1129.0,624.0,8.464127546501329,1949.289636846767,1965.2993799822848,1988.55358724535,0.7776793622674933,0.5296722763507529,3611.7732506643047,1.0749335695305575,-1.950937514656536,57.97165633303808,36.58199977985074,14.11501435255814,36.03033369382021,15.643602394957986,36.080942999066295,16.649368000000003,100319.0,16532.0,100288.0
1244.0,692.0,8.055466237942122,1910.531350482315,1935.7934083601283,1943.622186495177,0.8239549839228296,0.5377813504823151,4246.3794212218645,0.5372990353697753,-2.698422322032303,56.60771704180064,29.65272808291031,15.997498559021912,30.440898832203374,13.497187269814496,30.55940575613885,11.340122328836417,80804.0,10650.0,70173.0
1318.0,551.0,9.176024279210926,2659.8376327769347,2689.744309559939,2690.5986342943856,0.7845220030349014,0.468133535660091,4819.682094081943,-0.6169195751138089,-1.7533111160479475,60.09104704097117,23.7053804559174,34.13642157744241,23.723642765500795,32.186518481717016,23.495132697933222,33.68737927901431,260285.0,30114.0,259218.0
1006.0,584.0,9.432405566600398,2274.6322067594438,2326.8121272365806,2322.8011928429423,0.8260437375745527,0.6043737574552683,4140.682902584493,-0.2473161033797216,-2.1191655658806487,59.1948310139165,31.058760064853573,4.617437967640921,31.381420052301262,6.207406471816283,31.5753088410042,4.228204794363259,50675.0,8087.0,50675.0
1233.0,607.0,6.548256285482563,1741.932684509327,1775.2587185725872,1762.582319545823,0.851581508515815,0.5855636658556367,4212.570154095702,1.1460665044606655,-1.4986136353413082,59.44849959448499,24.792275907627108,0.4352555661016977,24.698296414406773,1.1482787711864428,24.745140687288128,0.4103289449152573,119134.0,24054.0,119052.0
2543.0,654.0,15.057412504915456,3405.8159653952025,2165.5410931970114,3474.2603224537947,0.6154148643334644,0.1714510420762878,4470.758552890287,3.858867479355093,-0.9490043695819682,36.88556822650413,32.47347934565913,19.52165776004821,25.110930498392285,16.14868630827973,25.073077993169957,16.407151648051414,806965.0,212987.0,806961.0
1199.0,672.0,8.569641367806506,2083.095913261051,2112.904086738949,2126.155129274395,0.8056713928273561,0.5454545454545454,4134.506255212677,0.3500417014178481,-2.549159702479188,56.5721434528774,28.419733024657532,-0.4766021150684911,28.511707470319635,4.029591815525111,28.64449036347032,-0.3342188246575328,40132.0,5807.0,39937.0
1205.0,593.0,9.767634854771783,2323.749377593361,2348.190041493776,2359.48796680498,0.8248962655601659,0.5435684647302904,4973.888796680498,0.5982572614107885,-2.063815249763936,64.82157676348548,24.08539635086129,4.086378005439706,24.04162889664552,5.576868500453309,23.894152296464192,5.001340123300088,203451.0,17075.0,203449.0
1148.0,651.0,8.918118466898955,2225.448606271777,2245.8275261324043,2257.1768292682927,0.7517421602787456,0.5714285714285714,4468.093205574913,1.3596689895470384,-1.7646909822300965,54.1376306620209,28.97356009082653,-8.391777727520418,28.969659757493197,-7.099427605812882,28.63479374477748,-7.531662964577642,51431.0,11640.0,51319.0
1112.0,697.0,6.580035971223022,1698.3839928057555,1738.681654676259,1742.9982014388488,0.8678057553956835,0.6798561151079137,3772.744604316547,0.2982913669064747,-1.936411583067336,63.29136690647482,29.9999245053554,13.056575842259,29.98201182960077,11.984231472249265,30.07993115774099,11.603656889970782,50167.0,6194.0,49845.0
1588.0,754.0,6.480478589420655,1631.8318639798488,1636.6952141057934,1641.8047858942066,0.8753148614609572,0.7884130982367759,4631.695214105794,-1.8807304785894208,-1.768263666305281,69.96851385390428,34.83951101609654,-20.17815233534548,34.96805863179071,-19.869435075788125,34.76598670154255,-20.10126822535218,1180963.0,114453.0,1180793.0
1513.0,742.0,10.862524785194976,2872.5882352941176,2922.508922670192,2922.522802379379,0.8023793787177792,0.4910773298083278,4944.742233972241,1.0477858559153983,-1.4836330144718044,62.19431592861864,33.16639550104969,-13.33917250734781,32.85420686074179,-13.049460176347091,33.05324673198041,-12.41581332610217,229489.0,33211.0,229418.0
1118.0,607.0,7.308586762075135,1706.7101967799642,1746.0626118067978,1744.381037567084,0.8962432915921288,0.6502683363148479,3786.374776386405,0.5360465116279074,-2.8656386705197234,63.26475849731664,26.316274841439697,21.567199696498054,25.998918341439698,20.71860089688716,26.34641255933853,20.68744444066148,61268.0,7781.0,60799.0
1381.0,635.0,9.443157132512672,2283.3265749456914,2317.7118030412744,2319.469225199131,0.7364228819695873,0.4272266473569877,4519.346850108617,0.1362056480811007,-3.207443222790808,46.596669080376536,26.631509018942378,3.937777251577337,25.94675876479872,2.023516002365944,25.60665188634567,0.4805574164038068,88142.0,43111.0,88098.0
1224.0,641.0,7.983660130718954,2026.7589869281048,2081.0669934640523,2069.5236928104573,0.6764705882352942,0.6356209150326797,3857.651960784314,1.869117647058824,-2.57748672604867,51.06209150326797,35.18791747037037,-13.164877432932473,34.89608954958295,-13.560491603703705,35.17946562407408,-13.15365636077706,125544.0,21151.0,125517.0
1394.0,661.0,8.389526542324246,2161.3701578192254,2198.2833572453374,2198.8823529411766,0.8809182209469153,0.4375896700143472,4283.212338593974,0.3286226685796269,-2.5259965076498223,69.23242467718795,34.17753492589763,-23.79097533537056,34.13479582964096,-23.20715507945001,34.18659945378152,-23.09997511688317,406544.0,36577.0,406535.0
876.0,614.0,6.600456621004566,1635.8938356164383,1657.8333333333333,1663.082191780822,0.815068493150685,0.6666666666666666,3893.093607305936,0.8380136986301373,-1.7091947477935892,56.3013698630137,28.39008605301205,3.480449646209393,28.112764267469885,3.450079590854396,28.349890360240963,2.6898450818291253,20339.0,3752.0,20283.0
1927.0,688.0,7.949662688116243,1926.295796574987,1964.086144265698,1954.954333160353,0.8609237156201349,0.5957446808510638,4476.081992734821,0.6915931499740526,-2.614474609675804,66.58536585365853,31.71027040831965,23.70296512260536,29.15961358401751,21.24388233552272,29.070039051997806,21.190794129173508,605340.0,75431.0,588520.0
1008.0,633.0,8.27281746031746,1992.7708333333333,2032.079365079365,2037.9871031746031,0.7906746031746031,0.5793650793650794,4243.463293650793,0.1479166666666669,-2.090570009315724,56.398809523809526,26.452960995652173,-3.3529132025640997,23.592596517391303,1.9557013570791508,23.26588250735785,2.0978169256410246,41569.0,6220.0,35350.0
1452.0,565.0,7.941460055096419,2503.568870523416,2590.849862258953,2585.4793388429757,0.7458677685950413,0.59366391184573,4287.948347107438,0.6542699724517907,-2.4241549492136865,56.26721763085399,28.21744951403249,-16.010267359409557,28.951778153618907,-17.621034416236135,28.68677263884786,-17.657661861254585,223234.0,36179.0,223219.0
899.0,492.0,6.981090100111235,1716.9855394883205,1742.6963292547275,1743.7608453837595,0.8553948832035595,0.6240266963292548,3743.3147942157952,0.8512791991101222,-2.3884141928157456,65.03893214682981,17.949086085882357,31.427201284705905,17.76176206470589,30.79670586823532,17.75062385058824,31.328644092941207,158972.0,15010.0,158932.0
1342.0,565.0,9.641579731743668,2729.371833084948,2776.589418777944,2763.9523099850967,0.8956780923994039,0.6035767511177347,4701.789865871833,0.2573025335320423,-1.7203356440382356,64.29210134128166,8.07097859729273,34.5146290651439,7.73024577241963,35.32373360998315,7.873940679357027,35.224506886632895,533898.0,35502.0,533884.0
2349.0,797.0,6.686249467858663,1581.9744572158363,1645.58748403576,1623.3759046402724,0.8939974457215837,0.7066836951894423,3901.4584929757343,0.7602383993188663,-1.400024170393131,60.95785440613027,-1.5346434853903947,69.27330248320973,-1.8818511042303376,70.42192741430436,-1.825829650676047,70.03512780985605,874943.0,49448.0,813748.0
1260.0,633.0,7.523809523809524,1780.6222222222225,1825.620634920635,1810.970634920635,0.8198412698412698,0.6626984126984127,4205.628571428571,-0.604523809523811,-3.1350820405560214,57.57142857142857,29.003036916457816,3.741031539288677,29.67207138011696,2.9213097220843767,29.38996932915623,3.2734078767576604,141785.0,20689.0,141761.0
1280.0,604.0,6.809375,1939.4625,1998.67421875,1973.78359375,0.8484375,0.578125,4707.90703125,1.4885156249999985,-1.6405663393505727,51.5703125,31.652664625204576,-27.47951086634064,32.11919711201961,-27.25851245965768,31.765621761865795,-26.86923839527301,105923.0,19180.0,105903.0
1434.0,733.0,8.793584379358437,2275.511157601116,2321.862622036262,2314.139470013947,0.7866108786610879,0.5599721059972106,4182.950488145048,0.0668758716875866,-1.5629459623929125,60.3626220362622,33.504283841988105,-14.381093134273016,32.80667373961422,-14.565911715875403,32.942199076409466,-14.328755452522278,199427.0,26155.0,199205.0
1672.0,672.0,5.530502392344498,1567.2057416267942,1610.4844497607655,1602.0197368421052,0.8809808612440191,0.7960526315789473,4549.328947368421,1.4089114832535885,-1.695580124923678,60.5921052631579,29.622633785440613,-22.98321455236271,29.61598321455939,-21.80078498403576,29.566157244245524,-21.96609652362708,346932.0,49117.0,346900.0
1246.0,638.0,6.676565008025682,1624.645264847512,1664.908507223114,1652.9333868378812,0.8378812199036918,0.7110754414125201,3688.199036918138,0.5416532905296949,-2.9038704496684296,57.263242375601926,30.14963325021276,-3.7526853608510815,29.532495394893605,-0.7423749982978928,29.87874856085105,-2.9037466808510843,132714.0,20087.0,132589.0
1158.0,689.0,7.660621761658031,1913.8264248704663,1952.9162348877376,1940.7901554404143,0.8272884283246977,0.6079447322970639,4200.094991364422,0.545336787564766,-1.7252245822259575,64.54231433506045,15.423637276536311,39.08409034046511,15.19637075884544,38.7928023227907,15.214626993482309,37.21634310511627,105504.0,7856.0,101636.0
1142.0,624.0,9.25043782837128,2187.9640980735558,2229.418563922942,2222.2994746059544,0.8546409807355516,0.5227670753064798,4258.38704028021,0.664273204903678,-2.2411166769381845,59.16812609457093,30.14819999810785,-11.708791547258976,28.95805857765152,-9.034442470699435,29.063862500948776,-9.71017914461248,100802.0,14286.0,100619.0
1515.0,667.0,11.087788778877888,2487.042904290429,2505.947194719472,2524.598679867987,0.7392739273927392,0.6851485148514852,4804.5353135313535,0.2218481848184816,-2.1409084468163697,56.52805280528053,34.53575118879668,12.201157422252958,33.09876667773167,20.074037851416747,33.29263796542183,24.225294991707017,331246.0,47586.0,331200.0
1405.0,665.0,8.965124555160143,2347.100355871886,2380.251957295374,2365.956583629893,0.8170818505338078,0.602846975088968,4515.348042704626,1.5241281138790015,-1.3039520641932254,54.69039145907473,27.331523032282853,6.4539215649500505,23.73501629484218,6.572087753656676,23.161679145384603,4.369370726923097,170156.0,25158.0,170052.0
972.0,455.0,12.13477366255144,2866.6604938271603,2872.3004115226336,2889.554526748971,0.8827160493827161,0.3446502057613169,4713.091563786008,2.347736625514402,-2.345718551491655,57.22222222222222,32.92205007894737,3.1889021776315816,33.32858753938732,2.445348437636765,33.26422299124727,2.260952022975933,127532.0,23937.0,127503.0
1309.0,517.0,8.763177998472116,2044.1787624140568,2068.747899159664,2071.844155844156,0.8640183346065698,0.4125286478227655,4603.008403361345,0.0032085561497327,-3.1716356690473755,50.947288006111535,37.87776597094434,-13.025607361581912,37.82257049798228,-12.61005183535108,38.00436579015338,-12.602744577078282,214289.0,54905.0,214265.0
1420.0,789.0,7.226056338028169,1835.122535211268,1865.899295774648,1865.8281690140848,0.7725352112676056,0.6401408450704226,4694.405633802817,0.1034507042253523,-2.1808121165613032,56.21830985915493,34.45999739672642,-11.897955376461416,34.577760103744154,-10.899567920498828,34.37107651560062,-11.90861935541699,85807.0,15428.0,85805.0
1332.0,696.0,7.460960960960961,1943.963963963964,2000.0525525525525,1973.1216216216217,0.8843843843843844,0.7567567567567568,4838.852102102102,0.3083333333333328,-0.9992224781043167,63.3033033033033,9.429195194855806,34.02538307242993,9.713971416991424,33.34610568224303,9.741382144193295,33.79544208333336,261521.0,22194.0,260873.0
1701.0,749.0,6.783068783068783,1708.1452087007642,1743.8183421516756,1733.8724279835392,0.8542034097589654,0.6890064667842446,4511.707231040565,0.5152263374485598,-2.288752456876572,59.20047031158142,38.062359203231786,-24.0152023536358,38.02611423555,-23.08358191733996,38.213830394033536,-22.8368519390926,219892.0,34596.0,219840.0
1431.0,720.0,9.131376659678546,2437.722571628232,2484.2152341020264,2470.787561146052,0.8092243186582809,0.556953179594689,4819.969252271139,-0.3492662473794547,-1.8773251656524523,58.57442348008386,30.80044371513795,-8.189611810730247,30.60027073452648,-12.26130219076005,31.10669260253543,-13.04446066318927,158861.0,19641.0,158700.0
2394.0,729.0,8.324979114452798,2416.8487886382622,2395.934837092732,2454.8842940685045,0.8174603174603174,0.6148705096073517,5834.169172932331,1.306390977443608,-1.5166497099126393,55.72263993316625,36.324396206761946,-53.28961224480085,36.66297649371469,-52.645754161178665,40.61318261985257,-48.33168140727911,707996.0,81873.0,707632.0
1258.0,710.0,7.734499205087441,1876.7297297297296,1935.258346581876,1919.4761526232116,0.8322734499205088,0.6081081081081081,4423.16613672496,-0.3179650238473767,-2.378406836966024,63.84737678855326,35.67018440432901,-15.476294617113224,35.444081354112555,-18.26305271910112,35.54919874545455,-16.43255909420916,67079.0,8505.0,67055.0
1321.0,663.0,11.274791824375471,2872.8062074186223,2908.7358062074186,2901.6003028009086,0.8448145344436033,0.4663133989401968,5588.817562452688,0.5564723694171088,-2.3199745775291274,54.92808478425435,28.425655678338757,-9.184502371335514,27.856064873778504,-1.170806819218258,28.6960924698697,-8.587810916123786,106316.0,18894.0,106220.0
1515.0,742.0,9.652805280528051,2499.9630363036304,2527.8653465346533,2525.9313531353137,0.7438943894389439,0.5485148514851486,4275.108250825083,0.8924092409240919,-1.6152400375632063,53.14191419141914,36.91732856764294,-24.324973389121357,36.811749608240206,-23.56506649163181,36.916979416608505,-22.006075880753155,112799.0,23803.0,112697.0
1149.0,683.0,6.755439512619669,1696.497824194952,1748.342906875544,1732.7589208006962,0.7728459530026109,0.608355091383812,4567.060052219321,0.036553524804178,-1.5149036728799243,54.12532637075718,28.625419183318066,-13.749522296975252,30.159291606782777,-13.13851375343721,29.000514707607707,-12.230593186067829,32800.0,7095.0,32717.0
1381.0,577.0,9.940622737146995,2794.3461259956557,2815.400434467777,2775.5235336712526,0.7878349022447502,0.5162925416364953,5116.858797972483,-0.0485155684286743,-2.118356816530176,50.79652425778421,29.23915425631217,-26.149949785932613,29.573588510329,-21.47718526299684,30.208109876052028,-14.37020162614667,251259.0,48802.0,251204.0
1189.0,681.0,7.834314550042052,1895.1539108494533,1934.408746846089,1926.0916736753572,0.840201850294365,0.6291000841042893,4472.279226240538,0.3818334735071489,-3.136285934679664,59.966358284272495,33.42684737523104,-13.838489519408478,32.897271691951886,-12.5843049389454,33.210262052680214,-13.305763546210706,81284.0,11240.0,81236.0
1686.0,706.0,8.05693950177936,1964.427046263345,1988.9667852906289,1968.609134045077,0.8107947805456702,0.4460260972716489,4110.85231316726,0.8585409252669031,-3.7351670383691697,58.754448398576514,31.35141956379636,-12.540223658705214,29.917935269013206,-5.742427329352608,33.17189615839094,-21.2423037825267,304879.0,39379.0,304693.0
811.0,582.0,7.934648581997534,2196.276202219482,2238.6818742293467,2226.975339087546,0.7965474722564735,0.6781750924784217,4831.40813810111,1.2992601726263873,-1.773561529323182,58.002466091245374,30.002559421895857,-12.377018154666668,30.039903224299067,-8.581640179999997,30.36652635647529,-11.236127756,12092.0,1818.0,12048.0
891.0,613.0,7.557800224466891,1982.6632996633,1977.0931537598203,2007.567901234568,0.8002244668911336,0.5925925925925926,4434.936026936027,1.410662177328844,-1.4055390644369294,56.93602693602693,27.918125898136644,0.1312151279503152,27.569097578881983,1.279694930434786,27.2428006484472,0.958474831055904,16532.0,2793.0,16491.0
1641.0,656.0,9.975624619134674,2511.895185862279,2559.495429616088,2537.75746496039,0.8921389396709324,0.5661182205971969,4699.02985984156,0.2572821450335162,-1.7717557893553666,55.64899451553931,35.42556665477701,-30.40653558025472,35.090872654140064,-29.89733038025473,35.22870914394898,-31.143236263057275,361520.0,50107.0,361445.0
1015.0,630.0,8.244334975369458,1895.6758620689652,1900.791133004926,1912.286699507389,0.6433497536945813,0.4945812807881773,4370.216748768473,0.989064039408868,-2.973655332540679,47.93103448275862,30.85081292941176,17.225730572192496,32.38620611016044,16.633995317647067,30.98393376149732,14.31740543529411,19763.0,9384.0,19632.0
2339.0,657.0,11.01624625908508,2721.767421975203,2723.338606241984,2736.41769987174,0.7973492945703292,0.3732364258230012,4450.01795639162,1.284395040615652,-2.392779440376466,50.294997862334334,39.020670128721584,-10.530809830122582,39.10396067294222,-21.317683958406317,38.8607998791594,-16.159967090630456,796551.0,140596.0,796482.0
1351.0,645.0,7.997039230199852,2270.685418208734,2309.40710584752,2305.3900814211697,0.8712065136935603,0.4966691339748335,4193.527757216876,-1.4526276831976312,-2.257629774627147,48.660251665433016,34.942073311638566,-32.66640778637055,35.533479729709015,-31.870789449463963,35.772374316998444,-32.801059886676825,264973.0,82126.0,264936.0
1063.0,614.0,6.73659454374412,1806.5296331138288,1821.6425211665096,1829.038570084666,0.8231420507996237,0.6603951081843838,4038.0366886171214,0.9256820319849484,-2.333539352145864,57.81749764816557,31.01388061481483,-8.004790542857139,30.53289731216932,-7.593780660317456,30.784141064550276,-7.632509583068781,81768.0,11247.0,81618.0
1136.0,605.0,7.32306338028169,1947.6954225352115,1961.786091549296,1974.7165492957747,0.7825704225352113,0.5933098591549296,4437.510563380281,1.108890845070423,-1.9872929011660987,53.485915492957744,27.48489107323944,3.94163466197184,27.071002518309864,5.163673876995309,27.67560013802817,3.6525431643192543,62701.0,11818.0,62666.0
