mentions,events,avg_sentenceid,avg_a1co,avg_a2co,avg_actco,avg_raw_text,avg_root_event,avg_len,avg_goldstein,avg_tone,avg_confidence,avg_lat1,avg_lon1,avg_lat2,avg_lon2,avg_lata,avg_lona,total_num_mentions,total_num_sources,total_num_articles
1299.0,380.0,10.882986913010008,2830.3479599692077,2861.6535796766743,2872.896073903002,0.8937644341801386,0.6435719784449576,4445.984603541186,-2.6731331793687447,-3.215556129247008,42.725173210161664,24.54639225324677,-28.787775581980576,25.66475454220781,-30.773222619318236,28.18652511850651,-24.65473508685073,311923.0,110680.0,310084.0
822.0,400.0,7.519464720194647,1943.197080291971,1976.9257907542576,1950.4148418491484,0.7664233576642335,0.7420924574209246,4740.935523114355,0.090389294403893,-2.739213579449618,60.30413625304136,33.08955542934783,-27.528041817934767,32.804072902173914,-26.62898929483693,33.12803095923914,-27.986761536684767,56232.0,8293.0,55380.0
915.0,378.0,6.497267759562842,1754.7814207650274,1769.64043715847,1767.5071038251367,0.760655737704918,0.6568306010928961,3782.593442622951,1.7948633879781415,-2.0367730078257424,54.86338797814208,30.676813249427937,-5.703849138443948,31.095300137299777,-7.608567490846692,31.239468409610996,-6.875615271167062,72207.0,9601.0,72115.0
1885.0,460.0,12.340583554376655,2699.551724137931,2726.5798408488063,2719.021220159151,0.8753315649867374,0.6938992042440318,4812.910875331565,-1.883129973474801,-4.679889956690372,70.77453580901857,34.91973166025292,20.86153429136886,34.665895266923535,21.19092993175561,34.87035291850225,21.16711802092508,2595118.0,139029.0,2593106.0
812.0,483.0,8.193349753694582,2218.25,2254.3559113300494,2254.9556650246304,0.6711822660098522,0.6748768472906403,4528.928571428572,-0.6373152709359603,-2.9259842864136045,50.67733990147783,29.970812308539955,-22.841289917355336,30.09248754269973,-22.59545488154267,30.950333534435277,-25.537882672176263,20127.0,9356.0,18979.0
1245.0,469.0,8.832128514056224,2143.7060240963856,2205.9116465863453,2173.1373493975902,0.8425702811244979,0.689156626506024,4554.439357429719,-1.112530120481927,-3.772220948382648,63.05220883534137,28.718653240677945,5.844635649152546,28.32070606785409,5.56623891094148,28.664099799830343,6.0268172230704025,284554.0,33213.0,282612.0
769.0,467.0,10.0481144343303,2598.148244473342,2648.590377113134,2625.07022106632,0.7516254876462939,0.6788036410923277,5933.559167750325,-1.663979193758127,-3.229250624516301,57.6592977893368,29.402203441048037,8.875293644832603,29.12753555167394,7.766365023289661,29.503980093158653,8.479107342066955,16096.0,2142.0,14624.0
1412.0,457.0,8.86756373937677,1932.6466005665725,1944.78895184136,1935.9893767705385,0.7747875354107648,0.6791784702549575,5053.589943342776,-2.3117563739376785,-5.732754635366963,53.81019830028329,28.17511645400593,-5.936949941394674,25.977402626112752,-6.686300260385761,26.027144569732947,-7.310279785608317,257134.0,38503.0,250520.0
1155.0,484.0,8.167965367965367,1925.2502164502164,1968.234632034632,1954.9878787878788,0.7359307359307359,0.6155844155844156,4793.021645021645,-1.1167099567099568,-4.0329817600216105,49.58441558441559,31.39315440112994,-12.877623857815436,31.00534689642185,-2.918119215630877,30.653607536723168,-1.0611110301318278,72329.0,18391.0,71654.0
1205.0,488.0,9.243983402489626,2872.4473029045644,2941.7377593361,2907.3643153526973,0.8531120331950207,0.6854771784232365,5211.450622406639,-3.162157676348553,-5.569168288966962,61.004149377593365,33.64765254741382,9.003133709482759,33.93778641810347,8.163497468103444,33.72749228879313,8.451162071551723,377091.0,39104.0,373856.0
790.0,356.0,8.543037974683545,2279.330379746836,2272.362025316456,2292.173417721519,0.8253164556962025,0.5924050632911393,4177.139240506329,-1.037215189873418,-4.184519811399477,59.89873417721519,29.85830086603518,-5.837616387009473,29.995798915989155,-5.896282452574527,29.845634756756755,-6.458770283783784,98955.0,15432.0,98433.0
906.0,442.0,7.411699779249449,1782.8344370860927,1792.262693156733,1800.5971302428256,0.7196467991169978,0.5905077262693157,3850.42825607064,-1.3365342163355414,-4.0133903013373065,53.50993377483444,31.892122346246968,9.077270076271184,31.591809633939388,11.079647764848485,32.14911107376058,11.43675238573156,44775.0,7353.0,44593.0
472.0,303.0,9.580508474576272,2567.741525423729,2598.1631355932204,2595.569915254237,0.8771186440677966,0.5826271186440678,5382.985169491525,-0.678177966101695,-3.391337769221404,63.85593220338984,27.65889188,-5.987007669999993,28.059189265000004,-7.1564758949999945,28.04879943,-8.624239479999995,20331.0,1854.0,19044.0
1357.0,414.0,7.610906411201179,1596.0950626381723,1571.3861459100958,1642.8909358879882,0.6735445836403832,0.7627118644067796,3629.8467207074423,-3.2142225497420784,-6.431220693472119,42.88135593220339,32.043109151751,24.01058393540856,31.9894956376361,26.73445686391912,31.91869285603116,25.066322822568093,148562.0,6060.0,148439.0
706.0,375.0,9.994334277620396,2612.485835694051,2687.485835694051,2757.7393767705385,0.7875354107648725,0.5538243626062322,4994.9830028328615,-0.3686968838526913,-3.43686988844188,48.626062322946176,27.28826729357798,-0.2873008593272136,28.62648496941896,-10.974729822629962,27.412236070336387,-0.7747626529051964,21294.0,3521.0,21113.0
956.0,465.0,8.393305439330543,2240.510460251046,2264.38179916318,2278.6569037656905,0.8179916317991632,0.645397489539749,4811.311715481172,-1.898849372384937,-4.060132152099257,64.89539748953975,26.219989750291724,-2.9826114247374567,26.5959727627907,-4.033665474418606,26.68978957674419,-3.898459059302325,101292.0,10563.0,101182.0
845.0,374.0,7.0958579881656805,1681.0887573964496,1707.066272189349,1716.953846153846,0.8236686390532545,0.744378698224852,4367.442603550296,-3.7095857988165686,-4.701529519684733,66.89940828402366,30.751677290237478,16.599922009234827,30.338509854689576,17.35162305548216,30.31530205151917,17.4772068335535,275374.0,22430.0,274885.0
1467.0,403.0,7.467620995228357,1980.2113156100888,1993.7777777777776,2001.2494887525563,0.700068166325835,0.7198364008179959,4684.022494887526,-5.006475800954329,-4.177944664209669,55.58282208588957,33.21479330924858,12.924425722543363,33.30130102601156,11.28117705202312,31.85211453757228,16.136552557803466,322560.0,42685.0,322461.0
731.0,336.0,7.220246238030096,1784.22024623803,1828.1983584131328,1802.0259917920655,0.8618331053351573,0.7551299589603283,4093.978112175103,0.9432284541723664,-2.5255110048335654,60.36935704514364,27.2114916568915,-0.3768076158357788,29.561955175953084,-1.379099453079178,27.110951803519065,0.5397262800586484,105830.0,15791.0,105802.0
880.0,448.0,8.739772727272728,2144.0636363636363,2185.351136363636,2177.079545454545,0.8545454545454545,0.4852272727272727,5010.918181818181,-0.9802272727272728,-3.278677563682967,61.88636363636363,32.850112196029784,11.11485177543424,33.17492660049628,9.810670509925554,33.050285980148885,9.959814988833743,107735.0,14427.0,107582.0
784.0,381.0,6.735969387755102,1866.3533163265304,1906.4770408163265,1893.494897959184,0.8558673469387755,0.7193877551020408,4311.468112244898,-0.9480867346938774,-2.3659384570881765,59.93622448979592,29.284403700137563,14.219424965612085,28.614655777166444,14.04117128610727,28.88332647867952,13.628770840440152,49312.0,8639.0,49073.0
1049.0,376.0,7.800762631077216,1751.5700667302192,1776.4680648236415,1772.9294566253575,0.8684461391801716,0.5014299332697807,3391.571973307912,-1.483508102955195,-4.067506505026176,74.45185891325072,29.77990933400603,25.54380470837537,30.273003743693216,19.045932445005047,30.031395842583237,23.801982889000985,289034.0,28711.0,288912.0
763.0,429.0,6.284403669724771,1591.091743119266,1596.7142857142858,1622.078636959371,0.7968545216251638,0.7247706422018348,4019.941022280472,-1.2727391874180864,-3.7043002101681326,60.642201834862384,28.75746182040229,-12.168353497126436,29.818480803443336,-9.544883965566717,29.264091143472022,-10.18761742754663,38208.0,4519.0,38034.0
1113.0,371.0,8.951482479784367,2001.52111410602,2033.902066486972,1995.724168912848,0.6567834681042228,0.2911051212938005,3102.878706199461,1.1028751123090832,-1.0648485465535145,55.300988319856245,44.146146623202455,0.3320976931926904,45.97117960498593,0.2394795254074359,41.93290592329818,1.540300069990406,353086.0,72009.0,352799.0
2226.0,528.0,8.7088948787062,2151.408355795148,2183.424079065589,2167.655435759209,0.6945193171608266,0.6563342318059299,4551.149595687331,-0.046271338724169,-4.346439765110073,57.76280323450135,29.75680771846955,-34.42758428706328,28.357460604343743,-28.831316363378964,29.27854680830975,-31.993661703633794,1391248.0,172300.0,1379950.0
582.0,330.0,7.915807560137457,1985.573883161512,1995.40206185567,2007.0017182130584,0.8298969072164949,0.647766323024055,3989.5670103092784,-1.3982817869415805,-3.8062371254586,64.46735395189003,30.07330495736434,-14.576307153100778,30.005004186046516,-14.329264860465122,30.013368077519377,-13.702692261627911,36417.0,4570.0,36228.0
3051.0,539.0,36.695509668961,7250.953785644051,7235.769911504425,7244.305473615208,0.634546050475254,0.5860373647984267,17390.837430350704,-2.1886266797771188,-4.727097486167383,57.59095378564405,33.794161867163666,-12.249058059959324,34.193109519484885,-14.37624694004059,34.323793405625175,-15.26298791903788,4542443.0,256272.0,4541917.0
896.0,480.0,6.574776785714286,1575.8314732142858,1566.993303571429,1601.333705357143,0.7566964285714286,0.7209821428571429,3360.4709821428573,0.9430803571428572,-2.9821151920645823,60.111607142857146,30.459237068527912,-6.513351397208117,29.99072405590852,-5.879794223634032,30.39262736975858,-5.530030522236318,61645.0,13070.0,61006.0
925.0,464.0,7.904864864864865,2123.907027027027,2104.88,2139.336216216216,0.7827027027027027,0.7016216216216217,4455.137297297298,-3.0612972972972967,-4.084710785382102,64.17297297297297,32.75468451048951,19.954294525641032,33.31947752913754,17.434411483682986,33.00648307692308,17.567400632867137,165790.0,17318.0,165550.0
1177.0,467.0,11.864061172472388,2967.644859813084,3033.554800339847,3009.5157179269327,0.6796941376380629,0.411214953271028,4673.031435853865,-3.550042480883602,-4.663552682390316,48.43670348343245,33.22078052173915,13.677893388235304,33.76350026811597,7.553456799095032,33.933488039855106,12.807136964705894,69304.0,20426.0,69295.0
720.0,437.0,8.48611111111111,2197.5125,2222.4194444444443,2223.4166666666665,0.8291666666666667,0.5805555555555556,4997.209722222222,-0.8476388888888888,-3.3781561726948484,62.05555555555556,25.00880371517028,6.9687160170278615,24.73378911764706,2.5131708111455087,24.526027616099068,5.881945273993807,14854.0,1936.0,14717.0
3223.0,569.0,8.725411107663668,2214.796462922742,2114.4837108284205,2248.1780949426,0.6860068259385665,0.646912814148309,5462.940117902575,-3.808067018305914,-4.914658578794978,50.50263729444617,35.125723268245906,-1.4240941710905102,33.359805868800066,9.796399155420488,34.11835337172113,0.4630146162455845,1994838.0,242700.0,1974839.0
1417.0,495.0,9.396612561750176,2631.4594213126325,2673.87579393084,2652.9505998588565,0.7720536344389556,0.7226534932956952,5774.678899082569,-0.7253352152434721,-2.7584991573954696,56.39378969654199,35.06394562500003,-36.91141770982142,34.206782311011914,-35.872411723214285,34.78448190922621,-35.84575323586308,212008.0,28387.0,211854.0
807.0,409.0,6.9727385377943,1896.2602230483271,1928.16604708798,1914.1276332094176,0.8971499380421314,0.6505576208178439,5712.631970260223,0.3729863692688973,-2.543306084033305,67.38537794299876,32.789565281671166,-25.17945621293801,32.391874495956884,-25.990528198113225,32.86476661185985,-25.115796270889494,64722.0,6689.0,64665.0
2239.0,510.0,11.221974095578384,2868.753014738723,2915.2072353729345,2888.1205895489056,0.8396605627512282,0.6569897275569451,6818.756587762394,-0.9215274676194716,-2.830878638638668,59.54443948191157,37.52145512011301,-62.02786607159682,37.62278957607157,-63.314036914743234,37.535532910975,-63.0603339001413,1038309.0,116422.0,1036388.0
1324.0,463.0,7.558912386706947,2368.7771903323264,2395.904078549849,2373.2220543806648,0.7515105740181269,0.4063444108761329,5615.253021148036,-1.5993202416918428,-2.549938460771855,55.30211480362538,37.65637536682616,-45.47585031578945,36.48178200239236,-45.663174331738425,37.70169416826156,-46.12574816347686,128416.0,21941.0,125736.0
1259.0,544.0,10.26767275615568,2963.285146942017,2955.580619539317,2963.4789515488483,0.7259729944400317,0.6791104050833995,6057.981731532963,0.1111199364575055,-3.0712786467236213,60.31771247021445,35.914199544688024,-10.839619286677896,35.781582217537945,-3.994611661888702,36.53033854131535,5.25521647470489,150795.0,26379.0,150100.0
1616.0,493.0,8.476485148514852,1944.0216584158416,1979.954207920792,1991.0222772277227,0.6528465346534653,0.7908415841584159,4147.601485148515,-3.529207920792079,-4.077609551248431,53.4220297029703,34.17231514506771,-4.694055889103802,37.50910189555127,-4.171676024500319,35.608915125725325,-5.595735317214696,290903.0,43861.0,289853.0
792.0,380.0,7.078282828282828,1897.050505050505,1925.8838383838383,1926.7815656565656,0.8244949494949495,0.6868686868686869,3706.203282828282,-0.5083333333333332,-3.5253851076929594,64.44444444444444,31.46528908609271,-17.246575739072853,31.38699762284196,-17.948032806108902,31.611922781456943,-17.728486043708617,79426.0,8986.0,78869.0
1040.0,460.0,10.541346153846154,2629.710576923077,2660.3221153846152,2644.908653846154,0.7817307692307692,0.4451923076923076,4806.827884615384,-0.6561538461538461,-3.809431127817867,64.45192307692308,29.71349444546498,28.121853997703784,30.32272762571756,26.287406787600457,30.587520851894368,26.9646979586682,292299.0,29495.0,291965.0
3528.0,443.0,26.435657596371883,5294.730158730159,5323.533446712018,5309.733276643991,0.481859410430839,0.719954648526077,6876.728741496599,2.0311791383219955,-4.610114167228668,36.06859410430839,35.296008304646975,31.81237034624197,35.486941827308954,31.494368312392336,35.3628612830078,31.8076710697473,3168607.0,501108.0,3167606.0
2581.0,553.0,8.502905850445563,1834.3975203409527,1847.062766369624,1845.2289810151103,0.8597442851607904,0.5896939170864006,3576.98915149167,-2.025958930647046,-4.483739413550354,53.10732274312282,37.73997702419026,-4.261834258712592,37.85036983681841,-3.8810941357113657,37.83214995161956,-4.444321302583038,976766.0,110438.0,974191.0
2160.0,498.0,7.848611111111111,1939.761574074074,1953.360648148148,1941.6916666666664,0.8814814814814815,0.7560185185185185,4610.142129629629,-3.5787037037037024,-4.6542657514927095,48.99537037037037,32.98925975625886,26.00535124704771,33.30871523098725,25.759078738781287,33.013198329711855,26.66524787907416,662341.0,94696.0,649646.0
1066.0,537.0,9.278611632270168,2477.217636022514,2541.676360225141,2504.389305816135,0.7185741088180112,0.5422138836772983,4650.171669793621,-0.909943714821764,-2.2719790343811685,53.789868667917446,35.72276540497512,-2.0953991044776097,35.38287037014926,-6.67269224875622,35.800016728358216,-2.671890945273628,48079.0,9687.0,48000.0
1987.0,465.0,9.214896829391042,2132.448917966784,2180.0634121791645,2181.949169602416,0.9164569703069956,0.7126321087065929,3635.036235530951,-1.9857574232511328,-3.1639769421607147,64.98741821841973,29.663302034609323,-9.888840577346643,29.47089130571577,-9.802207735186183,29.579447393812263,-9.888641767697989,1591185.0,152894.0,1591082.0
1435.0,518.0,10.612543554006969,2292.5087108013936,2329.7686411149825,2319.3937282229967,0.7177700348432056,0.5163763066202091,4105.02299651568,-2.6626480836236937,-4.1106724420057965,58.3205574912892,32.937862118263475,1.1826238712574866,33.240487065868265,0.3020802896706567,32.69567873502994,2.385499759730543,136285.0,33695.0,136164.0
1380.0,527.0,7.958695652173913,2036.127536231884,2076.1065217391306,2054.1746376811598,0.644927536231884,0.6847826086956522,5392.494927536231,-3.882173913043477,-5.095572963495321,54.27536231884058,34.46774881721248,3.089785490479819,36.20646634729626,13.326931050266552,33.48621936557501,5.987589397562841,146595.0,22561.0,146349.0
1960.0,576.0,7.776020408163265,1902.5882653061224,1932.4627551020408,1925.283163265306,0.7760204081632653,0.7239795918367347,4699.115306122449,-1.335867346938776,-3.078380460692085,67.9234693877551,32.853589108910846,1.0616304719471774,32.552530055005455,-1.8998588767876723,34.07991158965891,2.9355463597359583,1083246.0,78917.0,992192.0
1983.0,479.0,13.832576903681291,3329.6046394351997,3365.3419062027237,3347.139183055976,0.6454866364094806,0.4921835602622289,5833.965708522441,-5.567826525466463,-4.930147530741711,53.277861825516894,37.65928157455899,21.0146520042758,40.209832118589645,13.043193703525665,38.27299622447882,18.01348161945486,1047025.0,142654.0,1045270.0
834.0,365.0,6.922062350119904,1811.4940047961632,1871.2637889688249,1855.9568345323744,0.7422062350119905,0.7769784172661871,4519.850119904077,-2.819904076738609,-3.769450769715804,60.29976019184653,36.6015175564409,31.364479694555094,28.045199335989377,22.710626095617528,32.138993227091625,26.236291527224424,98255.0,14452.0,97931.0
1097.0,341.0,9.838650865998178,2411.7265268915226,2408.4594348222427,2400.7438468550595,0.7383773928896992,0.5742935278030994,5605.326344576117,-4.335551504102095,-5.074352624154823,39.81768459434822,24.6052357612782,29.348865886491545,24.643882227443605,29.47651166510318,24.586993280075195,29.508196561913685,110934.0,40160.0,110907.0
881.0,396.0,6.837684449489217,1705.3802497162314,1720.794551645857,1694.2326901248582,0.8456299659477866,0.7185017026106697,5218.368898978433,0.6304199772985247,-2.9967227843851747,67.21906923950057,17.73249305454546,20.806812738181826,17.91560072639226,22.085387500000007,17.90109921307507,22.767428743341405,229625.0,25758.0,229584.0
1215.0,403.0,8.786008230452675,1931.919341563786,1957.1086419753087,1940.433744855967,0.7901234567901234,0.811522633744856,3510.5621399176957,-5.334650205761316,-5.262001157403148,43.7201646090535,30.1825599571918,40.00924547945202,30.273690727117216,40.45253223438832,30.226356655260933,40.17360197946959,534887.0,109209.0,534761.0
1792.0,474.0,8.491071428571429,1786.005580357143,1850.1043526785716,1827.1685267857144,0.9040178571428572,0.7427455357142857,3410.90625,-1.9530691964285696,-4.339191150964127,78.30915178571429,19.81982232844575,-4.602875938416408,19.74035125,-3.376585231807498,19.83526377568996,-5.756476673517308,1005928.0,101482.0,1005668.0
631.0,371.0,7.893819334389858,2049.6022187004755,2092.819334389857,2082.104595879556,0.8082408874801902,0.6909667194928685,4463.114104595879,0.3064976228209191,-2.1059781352289835,62.06022187004754,32.13763502521008,2.8577664134453715,31.90069060504201,-0.1959513680672333,32.2223197815126,0.4282931361344487,53823.0,2759.0,53811.0
1644.0,507.0,8.026155717761558,1868.4452554744528,1915.8813868613136,1892.3716545012169,0.7195863746958637,0.6319951338199513,3883.554744525547,-3.923175182481753,-4.065732803276323,55.51094890510949,33.189326606022576,-7.384783483688819,32.83956212672522,-5.810233765997481,33.00275171267252,-7.363861432245914,269086.0,34515.0,268875.0
2095.0,404.0,10.295942720763724,2342.74892601432,2370.4300715990453,2352.6615751789977,0.4272076372315035,0.7350835322195705,5216.128878281623,-0.5705966587112226,-3.155322085758008,33.71360381861575,37.53788636979675,-52.275784414126576,38.095310827686376,-53.07995475761957,38.59828735237176,-52.8858475491048,491508.0,261044.0,490172.0
1168.0,464.0,12.59845890410959,3205.3467465753424,3258.261130136986,3222.21147260274,0.809931506849315,0.601027397260274,7545.697773972603,-1.4861301369863007,-3.374005026445234,59.98287671232877,29.494017171818182,2.731964593636383,29.01574493097184,1.143108676657605,29.51833754677566,3.1250231180744974,142060.0,17045.0,126331.0
2892.0,560.0,10.13865836791148,2539.6383125864454,2563.4477869986167,2562.003457814661,0.9284232365145229,0.7980636237897649,4846.339557399723,-3.7596473029045634,-4.29269175521574,83.65491009681881,39.39487786301367,-60.7700921538463,39.17785926097644,-58.740990784685785,39.39267216578853,-60.97453116543745,11442768.0,340056.0,5696295.0
1729.0,461.0,5.1023713128976285,1041.565066512435,1062.4794679005206,1050.0289184499711,0.8831694621168306,0.8039329091960671,3108.6552920763447,-2.2921341816078677,-4.240793308909821,59.25968768074031,31.947746618117243,30.256145822972176,30.77469202249853,32.27345171995263,32.09902275784489,30.624535852575487,671206.0,77041.0,671109.0
949.0,415.0,8.943097997892519,2231.296101159114,2262.654373024236,2250.5142255005267,0.8440463645943098,0.4678609062170706,4594.672286617492,-0.6536354056902,-3.764749508345016,61.60168598524763,33.2345337849944,-5.348555810750287,32.8194876621924,-4.405339796420586,32.94592412751678,-4.926675847874723,92961.0,13506.0,92798.0
913.0,433.0,10.017524644030669,2368.94852135816,2395.763417305586,2387.120481927711,0.8422782037239869,0.6495071193866374,4295.191675794085,-1.9741511500547644,-3.8941243154076095,63.6144578313253,26.832923561176475,35.30167435058823,27.026383455294123,36.93735233882353,26.76087176117647,37.60226609176472,71977.0,7940.0,71836.0
780.0,387.0,9.851282051282052,2416.396153846154,2423.7358974358976,2459.9294871794878,0.8038461538461539,0.4602564102564102,4979.191025641026,-2.7579487179487177,-3.81591527204446,66.21794871794872,30.920123101092887,17.80723102322405,30.24643577868852,22.18919333196721,30.43380790983605,19.61062587295082,96152.0,9283.0,95897.0
2514.0,502.0,8.835719968178202,2004.5692124105008,2020.450676213206,2042.7875894988067,0.7100238663484487,0.639618138424821,3981.0373906125697,-1.2443516308671447,-4.832542955502345,48.59586316626889,37.07362905237235,-30.93236634198732,37.63477757046975,-32.85245980223701,37.23626375973149,-31.701325890380183,1311637.0,252389.0,1308369.0
991.0,474.0,8.783047426841573,1912.188698284561,1911.307769929364,1939.8920282542888,0.822401614530777,0.7628657921291625,4834.934409687185,-4.834409687184662,-4.767629933448203,65.99394550958628,31.796155846153837,-13.03178792307696,31.894710032967023,-9.606313065934096,31.90911128571428,-9.44469060439564,193679.0,19923.0,193087.0
885.0,417.0,8.383050847457627,2137.787570621469,2169.923163841808,2164.300564971752,0.7717514124293785,0.6790960451977401,7572.430508474576,-2.76632768361582,-3.6700865525127497,60.36158192090395,27.945443531553387,-1.953785856796112,28.03176508495145,-4.452759394417471,28.04309867718446,-3.527442947815528,117030.0,10795.0,102201.0
1042.0,426.0,7.37619961612284,1853.8253358925144,1873.531669865643,1868.5431861804225,0.7197696737044146,0.7322456813819578,9834.396353166989,-1.3960652591170823,-3.2496878689220297,49.73128598848368,32.921940611620805,-13.229598407747195,33.0598639653415,-13.15768563914373,32.99930269113151,-13.998017673802249,51213.0,3882.0,51140.0
2753.0,529.0,11.993098438067562,2995.3814021067924,3017.1409371594623,3001.7188521612784,0.6738103886669088,0.4881946966945151,6648.664366146022,-0.1949146385760981,-3.352575516309022,55.76462041409371,36.800208493836585,16.147769619799448,37.49980558166401,-0.744722894453231,37.146973582434434,7.671640617488209,1587375.0,197967.0,1584294.0
1101.0,388.0,9.800181653042689,2742.036330608538,2761.0708446866483,2762.5304268846503,0.7611262488646685,0.5267938237965486,7991.474114441416,-2.10726612170754,-4.425019390735849,57.229791099000906,31.895123718689806,-31.697940729287083,31.99662144369588,-32.25116552165543,31.958247199230044,-31.9719459836381,129095.0,11762.0,128981.0
1004.0,418.0,10.729083665338646,3189.5139442231075,3235.324701195219,3221.945219123506,0.7609561752988048,0.5059760956175299,6800.21812749004,0.0525896414342631,-3.5573508677742622,54.48207171314741,34.65671740860217,-19.563786426881705,34.51440291397851,-19.48821750215052,34.48840190322583,-19.94347083548385,79438.0,9058.0,79099.0
740.0,359.0,10.024324324324324,2648.2824324324324,2666.031081081081,2666.0513513513515,0.8148648648648649,0.5824324324324325,4926.89054054054,-1.060135135135135,-3.262298185754158,57.770270270270274,32.818016541598695,6.719279256117456,32.58965960848288,6.51326702120718,32.45116254486134,7.329900137030997,41443.0,7734.0,40916.0
1062.0,482.0,7.795668549905838,2017.074387947269,2047.669491525424,2040.3879472693031,0.8286252354048964,0.6129943502824858,4270.998116760828,-1.1891713747645944,-3.82919149405204,64.0677966101695,25.275875811088305,32.15433949589323,25.24186368583163,32.5443420523614,25.45170420944559,32.845616087269,87575.0,8808.0,86518.0
1205.0,491.0,8.819917012448133,2164.2257261410787,2185.7609958506223,2211.2323651452284,0.8240663900414937,0.6854771784232365,4227.233195020747,-1.6617427385892114,-3.885455033689079,67.48547717842324,23.325905712255786,24.748200047872334,22.967156833333345,24.738778948581576,23.216225137655425,24.59521229166667,233883.0,4035.0,233598.0
676.0,374.0,8.6198224852071,2064.019230769231,2101.713017751479,2088.35650887574,0.8624260355029586,0.6464497041420119,4531.779585798817,-0.31923076923077,-4.564647022117155,70.44378698224853,18.492741329983257,43.06575215745392,18.23302905192631,45.1373167403685,18.21816531658292,43.79748562144052,118306.0,11088.0,118287.0
788.0,380.0,7.361675126903553,1830.0888324873097,1864.6053299492385,1857.997461928934,0.8439086294416244,0.6560913705583756,3899.760152284264,-2.1895939086294414,-5.002470485339683,64.49238578680203,29.099294970930245,22.043823447674427,28.979241191860464,22.489910264534892,29.10410526162792,21.820027648255824,46004.0,5680.0,45573.0
746.0,347.0,9.144772117962466,2304.407506702413,2311.325737265416,2331.20509383378,0.8324396782841823,0.4919571045576407,4513.391420911528,-2.0117962466487933,-4.983975611985496,58.31099195710456,23.06399343434344,32.287011236652226,23.21448792207793,25.32882384848484,23.17997363636364,18.801917932178924,94619.0,17142.0,94577.0
1137.0,386.0,10.832893579595426,2293.676341248901,2326.3518029903253,2293.0492524186457,0.9058927000879508,0.455584872471416,4021.301671064204,-0.3147757255936673,-4.145833729901836,79.62181178540017,31.17525854494904,2.0171875412418814,31.29135974976833,17.332894918443017,31.370923994439305,0.9886254467099084,387942.0,34528.0,387693.0
708.0,302.0,7.964689265536723,2222.0819209039546,2243.7076271186443,2240.415254237288,0.8757062146892656,0.6059322033898306,4532.556497175141,-0.288135593220339,-4.447796238225241,62.83898305084746,29.95212641901932,37.1656858395245,29.7218203268945,36.86184488855868,29.098023179791976,39.20763621099554,78121.0,8497.0,77185.0
552.0,355.0,9.708333333333334,2585.9873188405795,2600.217391304348,2607.1666666666665,0.7735507246376812,0.5163043478260869,7447.702898550725,-2.6940217391304344,-2.970533727473648,53.71376811594203,29.027965618773948,14.2488684348659,28.61616460344828,13.826828779693486,28.85728307088123,12.638788798850571,17422.0,2640.0,17102.0
747.0,289.0,8.572958500669344,1858.5595716198127,1897.6091030789823,1882.9759036144576,0.891566265060241,0.6345381526104418,3972.825970548862,-4.635341365461848,-7.586600722533888,69.41097724230255,30.454368548850585,23.51223442097702,30.25998676724139,22.740461942528743,30.363469123563227,22.949481119252884,166291.0,17555.0,164928.0
718.0,394.0,8.504178272980502,2157.423398328691,2193.688022284123,2177.785515320334,0.7799442896935933,0.5557103064066853,4593.738161559889,-0.4430362116991645,-2.476412565322644,54.56824512534819,30.72002809741248,-23.828498875190263,31.68171508371384,2.7111513074581435,30.8535099847793,-16.448342487062405,18492.0,3630.0,18426.0
704.0,363.0,7.0696022727272725,1694.2357954545455,1690.237215909091,1717.2457386363635,0.7514204545454546,0.6903409090909091,3760.914772727273,-3.7234375,-4.872558636088608,56.59090909090909,27.54044951593323,25.75335653566009,27.895461913505308,26.18646457359636,27.8647801229135,25.63670285887708,59822.0,7150.0,59793.0
923.0,352.0,6.595882990249187,1774.5081256771398,1798.2632719393282,1803.4853737811484,0.6457204767063922,0.7638136511375948,3642.915492957746,-1.962621885157096,-4.794877323307286,52.3726977248104,29.965495875,16.46512338409091,33.01909323863637,14.60535345681819,30.79689425,15.895999692045455,93067.0,8418.0,93011.0
667.0,259.0,6.7346326836581705,2529.9670164917543,2497.8710644677662,2559.1499250374814,0.7256371814092953,0.5727136431784108,4363.262368815592,-1.4097451274362816,-4.213308426614551,58.26086956521739,32.03910271517998,-8.883809109546174,31.22868004694836,-10.478925322378712,31.68401836463224,-10.041598342722995,118988.0,4623.0,118966.0
646.0,247.0,7.606811145510836,1907.3544891640868,1934.0061919504644,1921.530959752322,0.7972136222910217,0.6687306501547987,3801.953560371517,-4.128018575851392,-6.08903350736231,54.38080495356037,19.859732858520875,29.9077204919614,20.278682710610905,30.725688091639864,20.316096745980683,30.773875229903528,62661.0,13247.0,62149.0
4030.0,578.0,9.597518610421837,2655.6602977667494,2678.924317617866,2696.691066997518,0.6223325062034739,0.7821339950372208,6910.951861042184,5.208411910669973,-3.8281307745802673,41.60545905707196,31.735103520231164,-75.89852167428973,32.49256213319924,-74.67102600427204,32.46767258783609,-74.77009989821521,2169132.0,489564.0,2168943.0
1286.0,426.0,10.4751166407465,2630.758942457232,2649.7021772939347,2652.7900466562987,0.8133748055987559,0.5925349922239502,4875.661741835148,-2.7846811819595643,-3.285756912886055,56.81181959564541,34.60042339566611,24.95979821348317,34.33413634438156,25.39877370493131,34.33229056465862,25.000710661847418,279196.0,37081.0,277045.0
894.0,332.0,6.4049217002237135,1522.3165548098434,1574.1208053691275,1549.670022371365,0.9038031319910514,0.785234899328859,3226.026845637584,-2.397539149888141,-4.4453271686321285,74.58612975391499,28.81878491774384,24.911165372502936,29.086827529411774,24.77145869095182,29.01457362279672,24.564628773207986,248622.0,4969.0,247186.0
869.0,457.0,8.544303797468354,2371.180667433832,2375.9815880322208,2398.884925201381,0.7836593785960875,0.6260069044879172,5522.271576524741,-0.471461449942462,-4.390405417261026,61.2313003452244,26.62305631318018,-4.005967389359128,26.822750085852483,-3.803484966142687,26.674706796856118,-3.48005810157195,63592.0,10020.0,63466.0
984.0,393.0,8.78150406504065,2270.19512195122,2323.2601626016262,2320.5040650406504,0.7113821138211383,0.3963414634146341,4439.631097560976,0.4782520325203248,-3.73490710993989,54.89837398373984,24.87081255725191,1.47252668047983,25.312627705561617,-1.4027158985823351,25.325672034896403,-1.048557123227918,72653.0,14388.0,72462.0
941.0,347.0,6.61105207226355,1573.8767268862912,1626.0488841657811,1606.0924548352816,0.7343251859723698,0.5483528161530287,4689.922422954304,-1.3460148777895842,-4.800901223525926,57.91710945802338,28.764860268852484,16.64863672677591,28.550874996721333,14.801055720218532,28.93924946885248,16.46655266338793,128885.0,18628.0,128711.0
957.0,357.0,7.423197492163009,1683.4127481713688,1729.4221525600835,1715.66039707419,0.6374085684430512,0.6300940438871473,3638.8275862068967,-0.5451410658307209,-4.041178140709066,50.65830721003135,28.458868395604405,27.54950439010989,28.71374296263737,27.02546418351649,28.63693031208792,26.15793896043956,65012.0,5720.0,64971.0
1600.0,389.0,8.006875,2239.25125,2276.2375,2069.59375,0.789375,0.579375,5095.391875,1.6550624999999957,-4.366611733561641,55.4125,27.664750286266933,2.0422214197290707,26.86599164152161,6.590849852997876,26.899814409413292,6.655409221147453,756534.0,126473.0,755139.0
623.0,340.0,9.149277688603531,3077.760834670947,3117.1861958266454,3092.2696629213483,0.7720706260032103,0.492776886035313,5243.308186195826,-1.5735152487961472,-3.534461550467205,55.10433386837881,30.956609503436425,-22.11961050687285,31.11418964027538,-21.837566932874346,30.97772692943201,-23.85999493631669,24062.0,4139.0,23791.0
898.0,336.0,7.7616926503340755,2276.8730512249444,2285.340757238308,2299.967706013363,0.8663697104677061,0.6069042316258352,4403.783964365256,-0.7046770601336299,-3.4074946523252216,57.73942093541203,31.08312355503511,-20.67531842388757,30.70951733723652,-19.162000016393435,30.903501359484764,-19.30184496955502,125593.0,17092.0,125303.0
1305.0,327.0,13.655172413793103,3092.561685823755,3156.72337164751,3122.5180076628358,0.7754789272030651,0.3118773946360153,7357.91877394636,-1.0796168582375478,-5.963837319801432,67.10344827586206,31.869950761670783,-65.85891204586399,31.829653597051625,-65.99712241932836,31.945076904176936,-65.26798291646188,771183.0,83239.0,771048.0
1093.0,401.0,7.066788655077768,1704.8920402561755,1738.7291857273558,1728.9807868252517,0.8417200365965233,0.7483989021043,3398.1052150045743,-0.7096065873741991,-3.1748624708357087,63.26623970722781,29.32377547856432,16.913155537387834,29.77081545264208,16.60792628813559,29.61859602392823,16.772297381854436,181567.0,7560.0,181401.0
771.0,327.0,6.706874189364462,1698.84046692607,1691.591439688716,1712.2581063553826,0.7224383916990921,0.6562905317769131,3325.1322957198445,-2.681452658884566,-2.9458231904426877,58.81971465629053,24.741614646551724,23.502501064655178,25.18672615107914,24.08935335827338,25.202330206896555,23.53238973132184,69054.0,2267.0,68972.0
705.0,344.0,6.845390070921986,1868.035460992908,1917.109219858156,1907.2737588652485,0.8241134751773049,0.6567375886524822,4576.9120567375885,-1.284113475177305,-3.281341399065373,67.19148936170212,24.06040824172185,9.578768506622517,23.547533819536422,6.41963198675497,23.46013556456953,5.935160052980134,36435.0,3269.0,36289.0
552.0,295.0,8.594202898550725,2287.8478260869565,2311.9365942028985,2287.784420289855,0.8804347826086957,0.5778985507246377,5000.503623188406,-0.2871376811594205,-3.010250078015804,72.1376811594203,31.308944119047617,-7.406803580086583,31.024772452380954,-8.16703027489178,31.08489767965368,-8.555539582251088,59406.0,5970.0,59367.0
861.0,317.0,7.478513356562137,1865.610917537747,1900.289198606272,1887.4006968641115,0.8373983739837398,0.662020905923345,7673.586527293844,-2.3737514518002323,-3.468469551593609,73.08943089430895,27.93966533130327,15.919691718635796,27.518682978075503,16.627515386114485,27.776569542021903,16.04223833617539,231477.0,22602.0,231197.0
598.0,330.0,7.904682274247492,2033.6204013377928,2076.6220735785955,2059.8578595317726,0.8260869565217391,0.6705685618729097,3847.546822742475,-1.0901337792642136,-2.784354580245254,71.60535117056857,29.141728037664787,5.603162836158195,29.03458101129944,3.3594541732580048,29.128523819209043,3.5580997476459544,61947.0,2199.0,61937.0
383.0,206.0,6.574412532637076,1686.5848563968668,1717.2689295039163,1685.5953002610966,0.8407310704960835,0.7493472584856397,4083.6657963446473,-3.343342036553524,-4.169596523789205,53.86422976501306,27.284686658959536,21.615104167630054,27.431414930635835,18.93302447398844,27.282203924855484,20.76363368208093,19471.0,696.0,19461.0
1032.0,299.0,7.833333333333333,2582.74031007752,2608.9486434108526,2586.374031007752,0.8187984496124031,0.5125968992248062,4223.316860465116,1.4374999999999976,-3.390858747730203,72.81976744186046,35.2263787461459,-46.09902587999997,35.49226478769228,-44.84256127692303,35.27675308418888,-46.64603242974355,525909.0,47842.0,525824.0
879.0,330.0,8.21046643913538,2739.7656427758816,2498.992036405006,2770.0409556314,0.820250284414107,0.6200227531285551,2939.783845278726,0.7588168373151308,-4.121766065158406,68.27076222980659,34.28115098682633,-19.704363404790367,32.65633421419184,-24.913541714848837,33.48556168953069,-21.14119922503002,402686.0,11238.0,402616.0
681.0,327.0,8.190895741556535,2164.5638766519824,2097.650513950073,2172.5301027900146,0.748898678414097,0.684287812041116,4165.627019089574,-0.1095447870778268,-3.3943938177691826,58.79588839941263,28.38979016747183,-1.8673706264090173,28.77964608534623,8.009469046698872,28.527585642512094,2.827282819645732,42289.0,5656.0,42123.0
492.0,325.0,8.983739837398375,2215.10162601626,2223.5731707317077,2235.9634146341464,0.741869918699187,0.6382113821138211,4635.075203252032,-1.5542682926829272,-3.160888621689136,59.04471544715447,26.79880337782805,9.963419375565614,26.879202104072405,8.747935719457017,26.92131205882353,8.329082723981902,10896.0,1011.0,10651.0
1419.0,326.0,7.603946441155744,1718.2713178294573,1749.6821705426355,1731.351656095842,0.7695560253699789,0.5334742776603242,3185.6666666666665,-6.112050739957716,-6.519222178897717,55.75052854122622,26.99824196731516,25.386374964980572,27.04697315151513,25.32301509712513,27.13484299999998,25.575604595015605,411279.0,25881.0,410965.0
905.0,273.0,10.744751381215467,2560.550276243094,2574.549171270718,2569.441988950276,0.6817679558011049,0.3535911602209944,6756.1049723756905,-0.1617679558011049,-2.230567100343799,41.0828729281768,19.272123669491528,63.25102352663443,20.604334198547217,59.10759853268768,19.42072921065376,63.34502114164653,70307.0,5191.0,70190.0
1325.0,390.0,9.942641509433962,2465.9871698113207,2504.56,2475.2083018867925,0.759245283018868,0.4173584905660377,4198.318490566037,-0.4439999999999999,-2.516597269798704,63.10943396226415,26.44371381159422,20.474977519323676,27.074221411102197,19.9804996765889,27.02588257522126,19.92206795012068,318120.0,28952.0,317767.0
941.0,362.0,8.296493092454835,1830.9511158342189,1844.1594048884165,1835.418703506908,0.8660998937300743,0.6843783209351754,3381.704569606801,-4.531562167906482,-5.450809058315939,54.18703506907545,16.368768572234767,-12.817778031602709,16.03027889592761,-12.657932438914006,16.284269832957115,-11.208289250564327,378639.0,69348.0,378525.0
1027.0,345.0,5.293086660175268,1158.5511197663095,1189.4216163583253,1157.3563777994157,0.7458617332035054,0.7487828627069133,2900.1665043816943,0.5567672833495634,-5.038117548289454,59.76630963972736,28.541494496868467,35.64633053340291,28.722752461377866,35.30293362004176,33.00668845302713,22.368602304801676,319061.0,47361.0,318991.0
848.0,355.0,8.992924528301886,2246.272405660377,2278.9068396226417,2273.683962264151,0.785377358490566,0.5459905660377359,4748.423349056604,-2.986320754716981,-4.312289222490864,68.91509433962264,32.74627786979168,-3.1149502434895737,32.826307864583335,-3.1517419492187444,32.81653016145834,-1.7454872617187416,87244.0,10591.0,86463.0
915.0,352.0,9.574863387978144,2343.8360655737706,2366.8109289617487,2359.896174863388,0.8185792349726776,0.7715846994535519,4907.979234972678,-4.33431693989071,-6.799214024689551,62.38251366120219,30.68690042839954,21.277289728365396,30.55358001564382,21.43279855769231,30.6517325403129,20.95403806971154,168907.0,5400.0,168626.0
1064.0,358.0,10.465225563909774,2246.2011278195487,2350.5874060150377,2352.2058270676694,0.706766917293233,0.400375939849624,4679.786654135339,-4.542011278195488,-4.258700846748082,47.828947368421055,35.5079110706575,20.36863217566243,39.40491214033364,23.490667798822376,39.62664364180567,22.91020067419038,85220.0,22246.0,85183.0
552.0,304.0,7.547101449275362,2327.1141304347825,2362.8297101449275,2353.606884057971,0.7898550724637681,0.6431159420289855,4193.847826086957,-0.4971014492753626,-1.713679003485706,64.23913043478261,32.6725191036036,-9.556616695945946,32.5472260741573,-11.007701919282514,32.282861240449435,-10.00529231460674,37239.0,4343.0,37106.0
1719.0,425.0,5.535776614310646,1357.9045956951716,1391.0732984293193,1384.265852239674,0.7661431064572426,0.8888888888888888,3754.293775450843,1.2952297847585803,-3.2431881823328945,58.06282722513089,26.49148939700599,-48.66894908982034,27.537790417365265,-49.88307834730535,27.356844559281438,-49.99239564071853,1102596.0,168664.0,1099007.0
2711.0,411.0,19.37624492807082,4225.6646993729255,4109.475101438584,4247.488011803763,0.4846919955735891,0.5315381777941719,9093.216156399852,-2.715049797122833,-3.5022061485007767,39.77499077831059,35.71608108549614,-44.54364939160313,38.24726886030534,-33.86178276984744,35.45519892824426,-39.9785633610688,891560.0,251579.0,890125.0
657.0,333.0,7.852359208523592,2052.3698630136987,2094.4094368340943,2080.1400304414,0.7534246575342466,0.5509893455098934,4219.92694063927,-0.2710806697108067,-4.425713087665485,52.207001522070016,26.528941248366017,4.243846571895431,26.75551066666668,3.751931816993468,26.52981348529412,2.549247862745104,55896.0,11155.0,55876.0
544.0,281.0,8.529411764705882,2135.814338235294,2122.2408088235293,2105.715073529412,0.7481617647058824,0.5919117647058824,6016.248161764706,-3.3840073529411754,-4.157471010881867,61.70955882352941,29.25364332594234,6.314294835920181,29.531950512820504,6.082278997863254,29.17168097560975,4.739815944567633,37416.0,4425.0,37350.0
578.0,306.0,7.256055363321799,1903.9930795847752,1914.90830449827,1921.7162629757784,0.7941176470588235,0.6678200692041523,4016.240484429066,-0.3884083044982696,-3.854011594891565,62.56055363321799,27.77302389205703,-38.03231759266804,27.79225951120162,-36.716668040733225,28.056173545824844,-39.34560394704686,37249.0,4977.0,37228.0
2669.0,449.0,19.4473585612589,3901.8984638441366,3951.4990633195953,3940.6099662795054,0.5710003746721618,0.3435743724241288,5280.2322967403525,1.2564630947920563,-4.097126934704087,36.7515923566879,35.41538399347154,-6.456230575268885,36.01714810983093,-6.265705173963212,35.84120320276497,-6.800158233102971,1809050.0,476676.0,1808776.0
636.0,352.0,6.465408805031447,1501.0408805031448,1517.0330188679245,1522.2264150943397,0.7169811320754716,0.7468553459119497,3884.993710691824,-2.399685534591196,-4.371947182010693,60.691823899371066,30.13757095376713,7.918405881849315,30.114705345890425,9.10932344349315,30.19426075171233,8.21451042979452,40329.0,5328.0,40011.0
503.0,293.0,6.369781312127237,1863.9681908548707,1896.2783300198807,1893.831013916501,0.9065606361829026,0.6898608349900597,3212.900596421471,0.0572564612326044,-2.561250685316061,73.37972166998011,21.605694950113374,-7.971004385487524,21.74824072789115,-7.830834596371876,21.751800410430835,-7.963882442176866,43786.0,5223.0,43551.0
631.0,294.0,9.26782884310618,2288.7083993660854,2263.350237717908,2303.8732171156894,0.8161648177496038,0.5673534072900158,4411.608557844691,-2.115847860538828,-3.759872219316455,70.0,21.55565997277676,3.2272742413793143,21.7298940598911,4.153091179673327,21.4894160798548,3.6302373992740495,67689.0,6982.0,67118.0
859.0,313.0,14.036088474970896,3760.839348079162,3825.242142025611,3821.7066356228174,0.7077997671711292,0.279394644935972,6250.793946449359,1.443073341094295,-1.911156489561421,52.165308498253786,30.054278896168118,-8.999861878862806,29.9770193263288,12.514435850432628,30.17639876390605,9.313958779975271,114701.0,18691.0,114600.0
1232.0,341.0,8.332792207792208,2343.0300324675327,2218.05762987013,2332.1022727272725,0.5202922077922078,0.7670454545454546,6476.060064935065,4.717045454545455,-1.319012352125024,45.93344155844156,30.19610273484848,74.92181875252523,27.75293198402021,72.70859680992423,30.346123852817477,56.02785650378466,495089.0,97777.0,495050.0
1010.0,448.0,7.193069306930693,1788.479207920792,1827.4772277227723,1810.4574257425743,0.8465346534653465,0.692079207920792,3872.861386138614,0.944851485148515,-4.341182698195454,69.1980198019802,27.41267272088145,-33.07633599475341,27.536455360965395,-33.20166098950683,27.52019970304304,-33.095062843651625,123810.0,8622.0,123673.0
1432.0,476.0,9.717877094972067,2377.377094972067,2444.199720670391,2435.73812849162,0.7946927374301676,0.5649441340782123,4867.659916201117,-0.3210893854748601,-2.362379626937351,59.76256983240224,31.73733118905112,2.45154929999998,31.722115474452583,2.1620109569342905,31.461398539473716,1.7273662456140186,864623.0,102648.0,864268.0
1164.0,450.0,5.2053264604811,1248.2474226804125,1275.8840206185566,1286.455326460481,0.8651202749140894,0.8445017182130584,3689.4725085910654,0.8433848797250845,-3.165371995608379,53.12714776632303,34.945363409389685,-43.20020570328637,35.08030103098593,-42.02506906384975,35.16881318814677,-43.31233878269049,124644.0,20539.0,124094.0
827.0,369.0,7.41354292623942,1939.4123337363967,1974.3494558645707,1967.584038694075,0.8778718258766627,0.6674727932285369,4292.528415961306,-0.8704957678355497,-4.079423539157838,59.10519951632406,31.68447867733675,7.590288886043533,31.424455991025635,5.7484462128205145,31.384674580769232,6.918073776923079,60937.0,14295.0,60732.0
1085.0,403.0,8.0110599078341,1938.460829493088,1955.5585253456225,1953.3225806451608,0.8626728110599078,0.7142857142857143,4279.001843317972,-3.1361290322580646,-4.968952070058685,61.42857142857143,27.185794508325177,10.181517257590604,26.999144925563183,11.628193226248786,28.09361617923605,8.559343373163582,129986.0,15397.0,129193.0
1915.0,317.0,13.24490861618799,3649.113315926893,3689.0,3678.626631853786,0.9002610966057442,0.5216710182767624,5424.1864229765015,-3.735456919060052,-5.129001846072339,44.29242819843342,35.8206263668448,-58.54513643957239,35.6113416208555,-61.219692927807685,35.5198869721924,-63.32232482994672,1487556.0,362285.0,1483704.0
968.0,415.0,15.052685950413224,4863.536157024793,4911.980371900827,4884.952479338843,0.8801652892561983,0.5805785123966942,10943.622933884297,-1.367355371900826,-3.731522763395412,60.578512396694215,16.05004016868798,-0.0684159834619657,15.785952132304296,1.3598857431091476,15.813082259095916,0.6420923472987832,375362.0,12357.0,78976.0
1122.0,384.0,4.779857397504457,1149.073083778966,1177.9251336898396,1186.5508021390374,0.8707664884135472,0.8137254901960784,4246.942067736185,1.019429590017825,-3.420830615319037,79.73262032085562,28.355094552210733,10.587130204139228,28.132154333333336,9.903434907808087,28.37439287157697,10.146617284101598,1163215.0,113151.0,1161759.0
788.0,381.0,7.501269035532995,2104.67766497462,2020.011421319797,2101.1763959390864,0.6713197969543148,0.7030456852791879,4214.657360406091,-2.4586294416243666,-4.47877408371922,58.52791878172589,30.16472108677685,7.774719391184575,30.03748647933884,7.918233991735539,29.78273970936639,7.12683963911846,120690.0,1951.0,98880.0
3212.0,358.0,16.733810709838107,3701.51400996264,3738.587795765878,3723.613325031133,0.4598381070983811,0.338107098381071,5625.062889165629,-4.694738480697329,-3.959734009652859,39.17496886674969,33.87570818418423,-72.6830395238578,31.54911903403415,-75.14817855188545,32.66748358792133,-74.26000916016054,2594313.0,819704.0,2521903.0
416.0,309.0,7.9735576923076925,2063.444711538461,2160.9591346153848,2163.608173076923,0.7692307692307693,0.5456730769230769,4716.870192307692,-1.0574519230769228,-3.555380091359756,59.6875,26.87181412188366,9.64003846575342,26.673927577348064,11.189240676712332,26.670071731301935,9.711891232876711,7050.0,925.0,7013.0
553.0,284.0,7.2875226039783,1757.873417721519,1644.253164556962,1794.7956600361665,0.7757685352622061,0.6528028933092225,4132.2640144665465,-1.4625678119349002,-3.904992518634181,55.171790235081374,31.862113826883917,17.144845436991876,33.98584124032587,17.538644878048782,32.750407148676175,17.973535691056913,28358.0,1838.0,28239.0
1907.0,338.0,11.733613004719455,4319.616151022548,4328.352385946513,4335.488725747247,0.5411641321447299,0.2406921866806502,5899.891452543262,4.338751966439462,-4.991789939573059,56.5023597273204,41.85431125026749,-6.056429485302028,41.78144036898408,-6.005489121860015,41.75347363155093,-5.831815685195134,5383640.0,830268.0,5381374.0
709.0,368.0,8.713681241184768,2368.8688293370947,2401.548660084626,2384.4118476727785,0.7517630465444288,0.4710860366713681,4348.864598025388,2.778984485190409,-3.458181194533497,55.88152327221439,32.07381542679127,-10.12279702799378,31.80373650946372,-11.729818762128328,31.76869264641744,-10.119519982892692,51573.0,5801.0,50266.0
423.0,247.0,7.591016548463357,1980.113475177305,1997.5295508274232,1979.167848699764,0.8676122931442081,0.75177304964539,4850.619385342789,0.0517730496453894,-2.7974049669035423,65.69739952718676,33.15116744692737,17.31580445,33.109319480446935,12.181780469444442,33.131386142458105,13.015324080555557,15662.0,2302.0,15572.0
756.0,320.0,10.7989417989418,2650.5873015873017,2666.805555555556,2660.474867724868,0.8134920634920635,0.3518518518518518,4967.956349206349,0.1862433862433872,-3.665501187830365,58.46560846560847,27.062542209335238,-22.336992413012748,27.07371554738333,-22.197782625176817,27.248566158415866,-22.080353946251783,117347.0,19184.0,117323.0
1413.0,322.0,9.498230714791225,2135.115357395612,2143.462137296532,2175.8995046001414,0.8655343241330502,0.416135881104034,3418.139419674452,-3.180113234253363,-5.833813776694228,76.36234961075725,26.976733860207077,-39.61849351923081,26.757316954141988,-39.52000673446751,26.815865095414186,-39.13923804585804,3349714.0,239352.0,3349637.0
1573.0,396.0,7.944055944055944,1853.93833439288,1916.4933248569607,1913.13986013986,0.6261919898283534,0.6846789574062301,3583.9758423394787,2.5401144310235213,-4.193217199531039,48.21996185632549,32.80345466710267,-52.55780703335513,25.83894190255069,-51.040354807717456,25.901919820797904,-50.82321167037279,255353.0,47123.0,254988.0
1706.0,474.0,6.321219226260258,1746.341735052755,1793.668815943728,1767.4449003517,0.757327080890973,0.634232121922626,3827.28429073857,-1.043259085580305,-4.7115969376995,55.35756154747949,29.391472324626875,-35.84444370298508,29.769245289454016,-36.00561703811659,29.29854336676648,-36.473010611360245,762453.0,91687.0,762223.0
1379.0,429.0,10.57070340826686,2359.6171138506165,2403.6352429296594,2395.207396664249,0.7055837563451777,0.4118926758520667,4241.032632342277,-2.4619289340101536,-4.141679197742008,50.464104423495286,27.316360239309837,-30.94177572543136,28.34157094073519,-31.720555555138784,30.979763126031514,-32.17286610802701,153972.0,28517.0,153547.0
1401.0,416.0,14.66452533904354,4113.261241970022,4111.812276945039,4121.66880799429,0.8244111349036403,0.3997144896502498,5777.314061384725,-2.655674518201285,-2.926537336437538,40.199857244825125,25.16793646280992,-4.603844080390688,25.644532435011275,-5.581669066115707,26.020617581517666,-6.821425279489108,153811.0,34652.0,153801.0
1885.0,401.0,11.959151193633952,2992.1188328912467,3034.941644562334,3000.2111405835544,0.6488063660477453,0.6822281167108754,5147.401061007958,-1.3025464190981433,-2.8567385257702287,40.41379310344828,28.797882414553463,-12.542012929437686,28.60828722271223,-12.212960039140007,28.895989317530304,-12.57548047243658,268694.0,34652.0,268650.0
980.0,310.0,13.591836734693878,2342.4602040816326,2384.8255102040816,2329.308163265306,0.9061224489795918,0.336734693877551,3710.988775510204,-1.203061224489796,-4.317812800799163,60.24489795918368,34.63051278571421,-48.90618666813206,34.73695895714278,-49.12544175934086,34.587837368131794,-48.5653342032969,740353.0,122522.0,740268.0
902.0,345.0,7.925720620842572,1692.2416851441242,1713.4733924611974,1700.2150776053215,0.8503325942350333,0.7272727272727273,3057.0875831485587,-3.9609756097560975,-5.830511372427999,52.79379157427938,30.5511178404908,19.519823609815944,30.96998727852761,20.906678570552124,30.87427405766872,20.449013375460108,139692.0,28831.0,139612.0
968.0,298.0,7.479338842975206,1720.8367768595042,1761.2417355371902,1725.4907024793388,0.881198347107438,0.8099173553719008,4270.199380165289,-4.540082644628098,-4.818360803823286,53.80165289256198,31.797429502277915,-33.393383212983984,31.91354722551254,-33.61921098747146,32.009695925968124,-33.77884994874709,198037.0,28755.0,197872.0
1717.0,328.0,12.88351776354106,3395.102504368084,3421.7757716948167,3411.444379732091,0.500873616773442,0.3721607454863133,4663.355853232382,2.995457192778113,-5.442549887341275,41.75305765870705,23.62718779025292,-37.66569951758174,28.076110043800146,-36.91824511042563,27.961878782233214,-36.798889342381216,402085.0,134767.0,400887.0
1281.0,363.0,8.982045277127245,2039.983606557377,2085.888368462139,2059.991412958626,0.6830601092896175,0.5589383294301327,4341.005464480874,-2.216627634660421,-4.633456921636856,40.23419203747073,30.01903379052369,22.13477464339153,30.49860827015793,17.155985382377406,30.17919457855361,21.26238871487949,108527.0,26070.0,108378.0
699.0,261.0,7.1959942775393415,1805.8311874105864,1849.2989985693848,1815.615164520744,0.804005722460658,0.6452074391988555,4438.965665236052,-2.798855507868383,-2.21039595345574,57.1244635193133,27.555172212863702,6.483389954058202,27.35663141653906,5.791116324655444,27.24950146554364,6.7261504379785695,79192.0,8596.0,78442.0
422.0,236.0,6.367298578199052,1401.5355450236966,1439.8175355450237,1416.9857819905212,0.8151658767772512,0.7274881516587678,3476.1990521327016,-1.7040284360189577,-3.564719666502425,71.35071090047393,30.662162432360745,0.2932942148541113,30.60176737665784,-3.0342152811671084,30.76438869496021,-0.8463414960212208,29214.0,1237.0,29062.0
1017.0,251.0,8.150442477876107,1607.0137659783677,1642.3942969518191,1614.4523107177974,0.6637168141592921,0.4827925270403146,3256.9321533923303,-4.486135693215339,-5.448887145256117,59.86234021632252,22.751488085778785,11.357756537246058,23.1680682911964,13.425449765237031,22.653272600451476,11.524848410835224,206014.0,10080.0,205132.0
670.0,327.0,6.619402985074627,1514.7223880597014,1550.5253731343284,1534.9238805970149,0.8701492537313433,0.735820895522388,2786.4507462686565,-2.9067164179104488,-5.000295674649197,73.44776119402985,29.36908442718445,10.834194451456312,29.72660895631067,9.886389124595462,29.586703985436884,10.587919574433656,134805.0,1018.0,134795.0
357.0,244.0,8.893557422969188,2272.2549019607845,2283.4901960784314,2282.36974789916,0.8235294117647058,0.5910364145658263,5083.806722689075,-0.4316526610644257,-3.358074748316322,63.78151260504202,23.621616585669788,-2.217081071651093,21.898228423676013,-2.284322130841121,22.87579541744548,-2.277745495327105,7408.0,955.0,7386.0
438.0,276.0,7.168949771689498,1577.038812785388,1530.8264840182649,1601.7716894977168,0.8287671232876712,0.6621004566210046,3589.196347031964,-0.9102739726027396,-3.2986063687804275,64.88584474885845,22.345210814814816,-5.277292688271606,24.746276043209875,-7.280675302469139,24.76994027160494,-8.222631268518525,36876.0,4017.0,36296.0
661.0,293.0,7.874432677760968,1626.4190620272316,1666.5143721633888,1649.3146747352496,0.8910741301059002,0.4341906202723147,3507.1316187594557,-3.3378214826021178,-4.276770616560079,49.77307110438729,23.631818658536584,-18.4863742601626,23.89693761788618,-18.444846796747967,23.766551113821137,-18.37096175609756,59926.0,8728.0,59916.0
723.0,262.0,9.883817427385893,2471.551867219917,2451.5504840940525,2476.1659751037346,0.7897648686030428,0.4066390041493776,4111.589211618258,-0.8316735822959889,-5.3269431044540845,48.9073305670816,33.74432361360353,-47.46794788712018,33.14822420115779,-47.224391447178064,32.0256061114327,-41.69940866859624,78763.0,12982.0,78746.0
775.0,412.0,6.659354838709677,1617.3948387096775,1655.0490322580645,1631.7767741935484,0.6696774193548387,0.6967741935483871,3656.470967741936,-3.201935483870967,-4.823983972692451,57.04516129032258,28.21069123226704,19.25861169819193,28.23366571070931,17.585192908205837,27.911239771905425,19.21663171210014,52239.0,4164.0,52207.0
1046.0,352.0,8.68642447418738,1977.63862332696,2099.828871892925,1992.6414913957933,0.6309751434034416,0.4674952198852772,4411.578393881453,0.1229445506692132,-3.5543084193165195,51.80688336520077,30.767664234939808,40.82465936847397,29.90099514859441,40.82042250100408,29.72213641365466,40.98270613554224,252557.0,50473.0,252437.0
706.0,317.0,8.18413597733711,2049.981586402266,2125.14447592068,2113.912181303116,0.7237960339943342,0.6246458923512748,3694.2691218130312,-1.162322946175637,-3.9541736352353847,49.405099150141645,22.7852301609538,16.246348165424735,23.790816542473912,14.327821067064084,23.594458707898664,15.010037956780923,45679.0,3331.0,45669.0
674.0,332.0,8.881305637982196,1907.807121661721,1951.4925816023735,1927.250741839763,0.8724035608308606,0.4851632047477744,3787.939169139466,-2.53026706231454,-3.830506683264012,69.65875370919882,30.625592427642268,1.261130149593494,29.95945060162601,1.8520663886178852,30.10409655284553,2.3325815430894306,100787.0,2543.0,100782.0
1878.0,412.0,8.08839190628328,2925.3035143769966,2939.5127795527155,2944.262513312034,0.6336528221512248,0.533013844515442,4153.732694355697,0.0029818956336516,-5.500524648551295,49.680511182108624,24.77275627744396,-50.58475634516645,25.314457029492036,-50.35557564445646,25.19173505024572,-48.65033367995618,876687.0,157161.0,876564.0
1180.0,387.0,7.051694915254237,1522.6398305084747,1556.872033898305,1543.291525423729,0.8372881355932204,0.6966101694915254,3493.0245762711866,0.7933050847457622,-3.794050702041855,72.2542372881356,32.36265503578944,-10.218065757097788,33.35952768243951,-9.777100225026272,32.909925775789446,-10.11960472450051,808631.0,45589.0,808478.0
767.0,350.0,6.568448500651891,1526.4224250325944,1558.8422425032595,1553.0821382007823,0.8435462842242504,0.7744458930899609,3493.522816166884,-0.1910039113428943,-3.56574090729051,69.28292046936114,28.68672151775957,16.316600693989066,28.413821047814217,15.899308113387976,28.642245831967223,14.323113349726771,157093.0,5209.0,157035.0
1113.0,370.0,7.611859838274933,1759.6451033243486,1778.0754716981132,1771.7340521114106,0.7646001796945193,0.6145552560646901,3937.227313566936,-0.3009883198562443,-2.125561878761701,56.33423180592992,30.76413321428572,-34.96824583834585,31.933255507518805,-34.2426493524436,31.99641288533835,-34.40505456015036,237450.0,41214.0,237325.0
630.0,299.0,9.623809523809523,2452.722222222222,2484.7492063492064,2464.2380952380954,0.7857142857142857,0.526984126984127,5052.279365079365,-1.8807936507936516,-3.389864509861189,60.79365079365079,29.58893347297296,-4.186625863175674,29.690257264755463,-3.041875252951093,29.70342822804053,-1.6915891351351324,58211.0,6954.0,58172.0
3230.0,362.0,6.712693498452013,1441.260681114551,1476.9417956656346,1469.811455108359,0.836532507739938,0.9179566563467492,4551.265634674923,-3.885789473684204,-6.011998798075499,79.70897832817337,14.732629644736887,47.30981635150451,14.51088707706772,46.92099923652959,14.623529677318343,47.11093845018872,12500051.0,987844.0,12500051.0
970.0,432.0,8.923711340206186,2131.8484536082474,2152.1,2159.182474226804,0.8865979381443299,0.6855670103092784,5423.632989690722,1.0609278350515463,-2.7381589211339747,63.75257731958763,26.56619942450765,-20.1757231498906,26.71140363457329,-21.26594578665208,26.98094578118161,-20.91572655908097,81815.0,15842.0,80777.0
620.0,363.0,11.21774193548387,2639.882258064516,2675.6548387096773,2670.282258064516,0.8419354838709677,0.5032258064516129,5185.341935483871,0.1749999999999999,-3.1075086113300534,66.06451612903226,30.528545470270277,-17.81650771711712,32.35268392072072,-12.292429392792792,31.021780695495497,-11.89681798738739,23750.0,3217.0,23468.0
557.0,339.0,6.757630161579892,1659.7019748653502,1669.3716337522442,1667.6714542190305,0.8420107719928187,0.6947935368043088,4104.793536804309,-2.810053859964093,-3.042324056955521,57.809694793536806,33.51634284854769,-10.566872489626558,33.66812403526968,-9.389100340248964,33.6796518838174,-9.124244128630709,41927.0,11438.0,40312.0
2707.0,457.0,13.021795345400813,3447.436645733284,3454.411156261544,3489.472848171408,0.8001477650535649,0.2556335426671592,5067.366087920207,1.4843738455855169,-3.562954797030253,75.99926117473217,31.57605919365921,-67.79506190297904,30.16286538655455,-59.800692651642166,31.35418836936585,-68.17793232620286,7639111.0,698916.0,7638603.0
1303.0,510.0,7.953184957789716,2230.7198772064467,2244.4251726784346,2263.029163468918,0.6339217191097467,0.716039907904835,5317.386032233308,-0.4750575594781249,-3.744010897947698,50.06907137375288,32.76978455668358,-58.55607435617592,32.73681777749577,-58.14463791793569,32.81260379695432,-58.36293213959389,153208.0,26890.0,153031.0
1243.0,469.0,8.041834271922767,2030.6419951729688,2066.099758648432,2065.431214802896,0.7015285599356396,0.6049879324215608,4918.699919549477,1.2999195494770717,-3.250505246995127,48.640386162510055,34.70823101420216,-18.8279617477026,34.54153881035922,-18.565487367585632,34.45465400250625,-19.432905232247304,95834.0,19747.0,95714.0
541.0,325.0,7.719038817005545,1905.332717190388,1947.5046210720889,1934.8373382624768,0.8151571164510166,0.6432532347504621,4229.7726432532345,0.3110905730129394,-2.416891575254244,63.58595194085028,32.64956464071857,-31.43542597205589,32.39452496007984,-30.60532587225548,32.70222298003992,-32.2460433033932,27781.0,3632.0,27191.0
611.0,332.0,6.711947626841244,1669.787234042553,1726.8788870703763,1721.3453355155482,0.7561374795417348,0.6432078559738135,3830.225859247136,-2.20278232405892,-3.897114558004153,59.23076923076923,33.05826175855856,-0.4073491315315288,33.261370500904164,3.9093325135135135,33.070850649186255,2.506404243243244,18205.0,2402.0,18172.0
844.0,322.0,10.354265402843602,2298.686018957346,2268.261848341232,2287.7677725118483,0.8684834123222749,0.5627962085308057,4185.841232227488,0.3845971563981022,-3.068551865359389,63.56635071090047,33.16341030386053,-12.50198421917807,33.394409836861776,-12.841701354919037,33.322749687422174,-12.512179686176822,126836.0,14217.0,126667.0
2856.0,377.0,18.051470588235293,4176.59243697479,4199.763305322129,4221.963585434174,0.4586834733893557,0.1221988795518207,5035.829831932773,1.1306372549019763,-2.173724260944164,39.14915966386555,25.23538647878088,-73.6391918745022,27.39104256220501,-72.4846222158149,27.332691976423373,-72.17483134820519,2145613.0,603805.0,2145590.0
724.0,301.0,11.375690607734809,2534.914364640884,2584.741712707182,2565.933701657458,0.8964088397790055,0.5828729281767956,5877.71132596685,0.5708563535911605,-3.353775904402974,64.04696132596685,21.22555937936267,-9.40905303034901,21.226540704097115,-9.879695376327764,21.13156406525038,-9.08775262974203,105099.0,13983.0,105015.0
881.0,349.0,6.666288308740068,1486.2814982973894,1532.194097616345,1514.248581157775,0.9171396140749148,0.7423382519863791,4119.517593643587,0.286606129398411,-2.586583601117694,69.73893303064699,32.80413270047733,-32.53332404176613,32.63633774224344,-32.54843647613366,32.433679603818625,-32.297644113365166,125732.0,16705.0,125286.0
1666.0,407.0,9.59483793517407,1990.628451380552,2031.2076830732287,2010.4477791116449,0.8103241296518607,0.5138055222088835,4128.478391356543,-1.142316926770708,-5.08900773397027,64.89195678271308,29.978566747549067,-73.70319857169102,30.769323674019617,-74.86893996629885,30.92678909742652,-74.88959272610278,899224.0,120008.0,899157.0
1176.0,325.0,7.702380952380952,1481.1896258503402,1491.6462585034014,1501.52806122449,0.8877551020408163,0.6003401360544217,3455.09268707483,-4.640901360544217,-6.17244488394625,58.43537414965986,27.29698780707966,33.313021364279365,27.389836780530985,33.57134108134389,27.38683510796461,33.66350562599465,517124.0,77983.0,517059.0
601.0,383.0,7.389351081530782,1905.467554076539,1927.1031613976704,1926.3910149750416,0.6389351081530782,0.6439267886855241,4152.018302828619,-0.4723793677204659,-2.205144071194898,53.394342762063225,28.28211898188406,1.88831913537906,27.986479265342965,2.582117422382672,27.61500336889693,3.0563651407942265,15241.0,5335.0,15233.0
1281.0,374.0,6.26151444184231,1554.2365339578455,1583.1959406713504,1570.1506635441062,0.6893052302888368,0.7096018735362998,3767.516003122561,1.2723653395784529,-3.5805221206842197,53.53629976580796,37.27175548517299,0.0395126029654133,36.9377977586491,-0.864390391268526,37.03505511449753,-0.2668783360790686,287231.0,62271.0,286991.0
814.0,358.0,6.545454545454546,1566.6719901719905,1598.4484029484029,1597.5171990171991,0.8746928746928747,0.6547911547911548,3121.144963144963,-1.092874692874693,-3.524900568031636,67.77641277641278,29.07092213788661,-11.006952749999996,28.81397094587629,-10.210635173969068,28.687616371134027,-9.91416085309278,108455.0,12797.0,108367.0
403.0,268.0,6.910669975186104,1801.0669975186104,1811.5831265508684,1813.2332506203477,0.7866004962779156,0.6401985111662531,4081.5831265508687,-0.4334987593052108,-2.836181781712116,56.60049627791563,27.86774246933334,-2.170867698666668,27.740532496,-2.779422045333335,28.032147616000003,-4.377400872000002,7465.0,1485.0,7453.0
447.0,277.0,6.83668903803132,1706.7964205816554,1737.7628635346755,1733.2863534675614,0.814317673378076,0.7181208053691275,3484.5324384787477,0.7856823266219238,-3.266728079345716,63.8255033557047,28.674741586797065,-3.937349777506113,28.268160738386317,-0.5363857188264055,28.43552699755501,-0.4022708044009775,12034.0,1461.0,12024.0
671.0,306.0,8.029806259314457,2766.418777943368,2786.3621460506706,2751.877794336811,0.684053651266766,0.7049180327868853,4975.609538002981,1.4050670640834593,-1.9392767366216257,47.94336810730253,35.87914147086614,-56.469098713385904,36.42346828976377,-56.52326564251974,36.37024147086613,-56.289407532283526,47009.0,14780.0,46998.0
630.0,352.0,9.523809523809524,2371.580952380953,2422.1666666666665,2408.552380952381,0.7126984126984127,0.5936507936507937,4618.784126984127,0.0988888888888887,-2.7638775074707804,54.42857142857143,31.76225912265758,-2.489079008517889,31.99911404258944,-6.866620512776838,31.534494480408853,-5.227029541737655,23542.0,4242.0,22876.0
691.0,253.0,6.094066570188133,1670.9638205499275,1704.8408104196817,1692.8567293777137,0.76410998552822,0.5890014471780028,4207.982633863965,-0.0123010130246018,-3.3102206957218465,56.859623733719246,37.73949515290519,-8.405886262595397,38.56633211009173,-0.1073899267175417,37.69478746177369,-9.37655069007632,70417.0,11738.0,62361.0
881.0,314.0,7.82633371169126,1830.4063564131668,1857.8524404086263,1854.8921679909197,0.8161180476730987,0.6333711691259932,3737.156640181612,0.8627695800227019,-2.7861008012888457,63.677639046538026,30.797677302267005,-11.677753753148592,31.425725444584398,-26.13314572670022,31.57019529974812,-4.3395768891687565,116271.0,13532.0,116143.0
593.0,247.0,8.539629005059021,2120.256323777403,2162.49915682968,2152.6694772344013,0.8735244519392917,0.6475548060708263,4364.755480607083,0.681112984822934,-1.3631822912438565,66.44182124789208,33.431418657940675,-21.3875657539267,33.46797286038396,-21.06014703839441,33.5864302251309,-21.749746113438047,229655.0,3416.0,229639.0
544.0,249.0,6.659926470588236,2072.7261029411766,2117.702205882353,2118.012867647059,0.8327205882352942,0.6617647058823529,4235.579044117647,2.805514705882353,-0.6104745696683417,66.23161764705883,33.17612778779841,-4.021743400530502,36.83486904244032,-12.33919278779841,36.8179633050398,-10.52453360212202,134485.0,14075.0,134485.0
474.0,254.0,6.4957805907173,1739.6181434599157,1775.7911392405065,1765.801687763713,0.7194092827004219,0.679324894514768,4211.303797468355,0.9029535864978908,-1.587696595378131,55.08438818565401,30.501517653758533,-26.702457813211836,30.2975280022779,-27.090551328018204,31.1388767949886,-28.67227734168563,25579.0,4845.0,25549.0
812.0,326.0,8.461822660098521,1805.29802955665,1837.121921182266,1825.141625615764,0.7241379310344828,0.624384236453202,3780.3152709359606,-3.3955665024630544,-5.042248722089256,59.51970443349754,26.323434365979384,6.584899583762884,25.74543591108249,3.9206219974226735,25.992833725515474,5.536319784793808,111901.0,19287.0,111893.0
548.0,304.0,10.613138686131387,2833.7664233576643,2840.397810218978,2838.394160583942,0.8120437956204379,0.677007299270073,6050.39598540146,1.3058394160583946,0.2676971413854023,67.33576642335767,23.21507769333333,-1.7176615177777776,23.12916772,-1.8122712133333336,23.478445926666662,-1.4152535911111108,110741.0,11162.0,110681.0
811.0,293.0,8.1134401972873,2433.4007398273734,2482.657213316893,2477.65598027127,0.9260172626387176,0.6473489519112207,5505.226880394574,-0.5781750924784216,-2.3155729560230425,74.05672009864365,37.057163634081896,-57.69983283355354,36.9374975997358,-56.4732861545575,36.85261789696169,-56.35413327080587,159874.0,5579.0,159859.0
540.0,279.0,9.71111111111111,2752.312962962963,2794.248148148148,2773.874074074074,0.7722222222222223,0.3796296296296296,4797.766666666666,-0.336111111111111,-2.7893465091828027,60.407407407407405,30.56720126282051,-34.23557295299144,30.711151388888883,-41.62713925854701,30.06772772435897,-37.67946639529914,33706.0,4018.0,33446.0
779.0,306.0,6.870346598202824,1650.3786906290115,1681.1052631578948,1703.3658536585365,0.8921694480102695,0.675224646983312,3687.6264441591775,-1.105006418485239,-0.9969093824151378,69.21694480102695,31.124517503787875,-9.266642649621213,31.15270111931818,-9.20536909469697,31.063246632575755,-8.741590560606056,319847.0,24954.0,223830.0
936.0,322.0,7.444444444444445,1810.3002136752136,1848.2521367521367,1837.294871794872,0.6891025641025641,0.5651709401709402,3896.120726495727,-2.264316239316241,-2.6874637191160717,53.91025641025641,30.85437641600904,-77.28293457948143,32.28648730665165,-79.4519893032695,31.52565701916574,-77.39229676099218,93991.0,13247.0,93840.0
986.0,313.0,10.575050709939148,2701.6176470588234,2720.5223123732253,2701.887423935091,0.795131845841785,0.5993914807302231,4985.386409736308,-1.489756592292089,-3.037159325057243,68.43813387423936,24.60195185909573,-33.695547510504184,24.53945704206104,-35.48229257773108,24.61109538696114,-34.54933406932772,442675.0,49599.0,442171.0
649.0,256.0,8.884437596302003,2103.5285053929124,2137.362095531587,2103.0677966101694,0.7966101694915254,0.5208012326656395,3817.7981510015406,-3.6674884437596313,-4.07274537922763,64.20647149460709,32.60363881045751,-9.229272526143784,34.63702926960783,-9.338060601307166,32.558341245098035,-8.831447302287566,71410.0,9516.0,71340.0
1254.0,223.0,8.692982456140351,2222.9290271132377,2270.9808612440197,2246.593301435407,0.6012759170653907,0.3827751196172249,3715.387559808613,-3.0616427432216917,-5.845097139744051,40.15151515151515,37.97292127497621,25.93907658515697,35.138392567078945,23.994627740247356,38.069208714557554,25.808704560418644,270351.0,80377.0,269961.0
665.0,218.0,8.866165413533835,2171.7834586466165,2224.5157894736844,2191.0135338345863,0.9097744360902256,0.706766917293233,5189.98045112782,-1.6371428571428568,-5.148824533499117,37.80451127819549,0.5624078400621035,48.809624273291966,0.5447208881987436,49.59160275155285,0.5693648198757659,49.323907099378935,49787.0,25856.0,49507.0
1263.0,331.0,17.237529691211403,3438.925574030088,3441.372921615202,3460.0285035629454,0.6310372129849564,0.3206650831353919,5734.9889152810765,-2.651227236737928,-4.1352842231250895,54.06175771971496,28.846014955680904,35.62251950926691,30.81521916357776,31.98760837066892,28.99191745769541,35.01621489766335,239792.0,46416.0,238954.0
682.0,306.0,9.502932551319647,2570.6935483870966,2601.180351906158,2591.3739002932552,0.7653958944281525,0.6085043988269795,7074.83870967742,-2.0582111436950146,-2.805848259882881,59.53079178885631,32.91459997460317,-21.171860303174604,33.336856004761934,-27.923622050793647,32.76313025079366,-22.884410747619047,62706.0,11374.0,60689.0
659.0,302.0,10.566009104704095,2551.701062215478,2564.368740515933,2561.245827010622,0.6858877086494689,0.503793626707132,4766.661608497724,-0.2250379362670716,-4.048427326187635,48.14871016691958,33.20350685008236,-19.147554210873142,34.43824275782536,-20.180521950576583,33.22450441350906,-18.782842691927502,26982.0,8080.0,26942.0
490.0,234.0,8.079591836734695,1927.5285714285717,1970.1183673469388,1936.095918367347,0.7224489795918367,0.6408163265306123,3764.934693877551,-0.2724489795918366,-3.25023316744802,59.24489795918368,27.25003387865168,0.6202887752808969,27.520406642696624,0.2801068921348302,27.31635362022472,2.435998328089886,14910.0,1241.0,14829.0
615.0,248.0,14.9869918699187,3554.3723577235774,3580.117073170732,3583.9268292682927,0.6617886178861788,0.6373983739837399,6493.5918699187,2.361951219512195,-2.329181481868504,57.51219512195122,36.69759752631582,-41.27447798423819,36.38158770526318,-41.30010608931699,36.11020886666668,-41.70044445359021,77448.0,12825.0,77410.0
616.0,266.0,11.665584415584416,2568.284090909091,2505.339285714286,2577.6477272727275,0.6753246753246753,0.4756493506493506,5296.88474025974,-3.3285714285714296,-4.6630830073843175,55.243506493506494,22.827790368512115,20.825059852941187,24.95087656920415,22.580977012110736,25.2363475415225,21.04507247923876,57596.0,11321.0,57532.0
402.0,263.0,9.21641791044776,2323.753731343284,2342.776119402985,2334.6990049751244,0.8308457711442786,0.5024875621890548,4894.828358208955,0.4935323383084576,-2.438051083587898,58.15920398009951,32.11543032970028,-24.051392964577648,31.788616656675757,-12.716514005449588,32.23950320435967,-14.934974708446866,5758.0,994.0,5747.0
596.0,306.0,8.580536912751677,2053.090604026845,2054.942953020134,2074.463087248322,0.7936241610738255,0.5570469798657718,5281.956375838926,0.4494966442953022,-2.6212186306344507,52.04697986577181,28.02843558,-38.74265701090911,28.165937523636373,-39.60537964000002,28.245406192727263,-38.9156864418182,36934.0,8513.0,36916.0
415.0,270.0,10.407228915662651,2620.9060240963854,2641.886746987952,2644.573493975904,0.8072289156626506,0.5759036144578313,5777.865060240963,-0.875903614457831,-2.8171723952087717,54.86746987951807,33.23108418015666,-9.207313297650131,33.65544325848564,-10.547819057441252,32.9128977232376,-10.233987718015666,6903.0,1328.0,6885.0
646.0,228.0,7.823529411764706,1961.766253869969,1982.9891640866872,1982.013931888545,0.8560371517027864,0.6749226006191951,4056.0216718266256,1.1140866873064994,-3.150406482289124,65.04643962848297,34.637121549432734,-30.2746508930308,34.52941887682334,-30.227726797406813,34.53443340842788,-29.182254092382497,100977.0,8447.0,100592.0
1189.0,301.0,23.40285954583684,5492.566021867116,5534.569386038688,5504.689655172414,0.6173254835996635,0.1791421362489487,13700.146341463416,2.6412952060555117,-3.16130870736478,53.21278385197645,43.05279829304343,-34.58475983565222,44.150200210434846,-56.75344952086949,43.31450697043479,-43.16140007913037,206190.0,30295.0,206039.0
533.0,326.0,9.103189493433396,2551.7898686679173,2560.9024390243903,2596.472795497186,0.8198874296435272,0.5459662288930581,5514.544090056285,2.0771106941838653,-1.764572294834442,53.62101313320826,33.80893851632653,-39.73756801836735,33.69546934693877,-43.06774476326531,33.56413091428571,-42.18696965102041,16496.0,3981.0,16336.0
714.0,360.0,6.504201680672269,1734.0812324929973,1772.7941176470588,1761.53081232493,0.8599439775910365,0.680672268907563,3441.5728291316527,0.2512605042016812,-3.57334511379391,73.78151260504201,29.751657243685,0.7715762451708764,30.03366643090639,-0.8235433640416061,29.968085104011887,-0.4605786285289741,82664.0,2566.0,82639.0
998.0,352.0,10.216432865731464,2779.0581162324647,2804.8326653306613,2798.9719438877755,0.7404809619238477,0.6482965931863728,5875.796593186373,0.6332665330661325,-2.652949616077364,52.4749498997996,30.500585705376345,22.841850124731238,31.892735623655916,9.539545394623616,30.327971297849466,23.062539158064567,162531.0,26276.0,162378.0
579.9886612149091,173.08127871204508,6.738485519221562,2929.1214070200367,1606.668980852753,2279.147957958967,1.1752246382512133,0.5197444468288727,1267.774630813655,-2.3229027071915795,-4.467028599379707,51.941681486829054,34.71797504419734,-0.9949092515618929,34.19551204511255,-18.586940326781324,33.23370785190564,-30.30602351842157,-56021.426474850756,29749.325240636572,-272624.48215670855
521.2363748143703,168.00176449295245,9.465434589018038,3940.7691422033877,2545.1069888705056,3437.1585195592393,1.093893299657486,0.3609179704755676,2390.9793694576083,-0.8001192573218185,-3.2118618584621768,58.398597848576266,24.495370575889414,10.710089889604397,24.76521811003431,-1.5605717547233917,23.884861347159124,-9.385021184266135,-57893.824737827665,30143.04642507798,-274368.9586848201
907.2062563067987,202.83271913815915,11.470186745644641,4188.781099716936,2799.0895287987646,3705.0427728917484,0.9575845599488099,0.3156098592494007,2276.257545530244,-4.588576491614497,-5.564551985602688,52.326918435689684,31.9371331611948,5.146521610299675,32.219945369624185,-8.949486172197929,30.54771794145804,-18.52527867595209,133949.63622464795,60500.22730687586,-94544.03995825656
1351.9284241997657,257.98173065973646,11.081992050968767,3940.629276782113,2476.624873565419,3415.9393247017915,0.6515328201381476,0.3320913290487277,1988.511217635081,-3.313149184098311,-3.212534632153079,38.36324804884181,32.40817376457535,-8.123361917414059,31.446759902451202,-22.169766148060173,30.06374252927327,-40.23781453696393,145126.3328588323,80483.60990126772,-84069.8045674809
655.061027171153,226.05335556829695,15.72192282650069,5312.410534679251,3799.1564992254293,5001.807624798655,1.0135408144460796,0.4501346032821866,3520.6240452049105,-1.5952889530794876,-3.417166137293397,52.858642396587335,30.010065565554168,21.654022653867624,30.194051297928432,9.23050465136534,28.49090016669306,8.23509414390858,-49709.29395526332,30246.412753736637,-267193.123945858
690.9652021937045,186.1428867039976,9.802238182000274,3663.795846818459,2282.9447792305177,3102.6297081186417,0.8709654524886763,0.24735234253369515,1500.8926511063476,-5.411352808523544,-6.648386295370471,48.351498089435694,32.39471158715463,10.843380661326709,31.799067297052222,-2.4945551010305467,30.84513725582748,-9.110077503446275,16182.603740380131,30154.66061930929,-204881.2583335509
734.2134130163233,178.1607929311377,7.997194639975243,3491.3388761126735,2132.2083454501267,2933.360910640124,1.113111798097987,0.5436222904446194,1764.6197466181413,-3.305278571648123,-3.0495231529209708,58.57614232950282,35.16847364065508,-26.61625739079037,34.448320117406865,-54.65990924373291,33.56197366044088,-73.68110665536788,211502.06455940465,55653.624054150234,-21874.72913852171
544.0844861923576,174.5325684889287,10.372832849827882,3948.240564771725,2560.439370874018,3444.030996559299,1.0853787869847744,0.494716062280805,2753.9091663308836,-2.6401088591761823,-3.488328059570858,53.918363049802,35.52694177028968,-0.5404232216219871,34.78825276587278,-18.48371365556959,33.84243942761602,-29.1562731959859,-62448.94488179251,29980.44770583964,-278636.10317324527
539.188462325646,169.45305426983603,9.353102648427507,4083.1192767300754,2670.886989232289,3583.4946012701885,1.0399452103086562,0.4148425793452962,2596.983241546817,-2.3921223779058076,-3.2606460605136594,53.313579643539704,24.440242980156047,27.3924466819924,24.487391451259537,17.871424197311892,23.370269963883693,15.856750094965587,-59898.65453060897,30076.84551795951,-276228.9960259285
761.141544283237,198.47884980750828,9.548006694296843,3961.1715079010833,2558.405947887064,3455.7354914871894,1.033343459790176,0.3798229439428447,1890.5688941252818,-1.9009717602566476,-2.762911430104723,54.031424653119444,31.011622972113713,17.034376880038646,28.55525980597693,37.3579663782108,27.487379098520336,38.58892375771942,35315.68178895094,35811.934629380354,-186970.5616893947
774.1976079278011,186.1428867039976,6.4283472116627225,3122.789722534572,1769.6347477342833,2466.9788198039146,1.0074233124742553,0.3812455717248894,1542.0799825199967,-5.571137375584289,-5.855311166198268,54.17448041655718,27.43433443887435,42.84964155757369,27.369039407591725,42.76389879305555,26.370543424382475,47.92494612437097,34016.27935294945,37681.81990062125,-188300.74040920916
761.9575482610221,155.66580138944173,8.017590264496693,2949.801886874232,1615.501147948975,2294.577418961417,0.9336292303926103,0.5197444468288727,938.0977091910561,-4.460084406753146,-5.555976854750227,55.68093063563702,32.317341081386935,3.2305284608493796,31.962592013960627,-11.826445513778333,31.114780762252686,-21.875642406247014,26474.238170426208,40554.010134024196,-195231.9304483164
721.1573493717592,184.69159692711398,7.203500594699307,3184.6680049376473,1828.5926868899014,2570.3955633931696,1.1042849778175534,0.6107643860732999,1738.330734534007,-3.4905895628109604,-4.415318403933011,57.89016016768578,32.09202859018604,1.125403578804427,31.281379639536585,-16.838732381768633,30.40743018782228,-26.83372999679046,34334.901746439224,35051.204907229556,-187879.0663788059
680.3571504824961,147.68370761658187,5.774629819573374,3141.85615799005,1761.8822765380396,2492.430290354062,1.151022637815466,0.6025404486823017,2065.3211223118506,-4.509629705895933,-2.9246280579342163,48.435137486289,31.647104970877443,0.059114738552329626,31.36186252632677,-13.581717773701671,30.224775603282573,-23.069416698611864,22145.95619137383,34685.35778894329,-199443.75327094516
826.4218625060578,175.9838582658123,8.330290768313725,3680.3413017729954,2270.1034142188378,3104.4688518561006,0.8941705858979887,0.41427792375503725,2253.148599690656,-0.7099362183576415,-4.5217417740639485,49.573639885625894,37.91011823741485,-36.69549886868175,37.15696964718273,-70.22405156527982,36.147619045156766,-92.06877129072419,17293.192906165452,45658.44849868491,-203876.8627567594
667.301086837932,223.15077601452973,6.1247964461674735,2953.0256146271226,1627.7050145241133,2305.2642606317136,1.0351110330898718,0.5659813782865942,1566.0971208713793,-0.7974564035449273,-3.733638269709225,59.98150808473529,28.496010035901534,8.62980224063139,26.990012538841253,1.344638406123914,27.159609051311087,-10.596758528581027,-48231.56787516879,31402.025079751977,-265507.6571945958
611.8128163485342,133.17080984774574,5.261019636014747,2743.0260369099497,1427.6211981397219,1855.0044110064027,1.0360425825685282,0.6643807661365124,2283.2056880877053,-1.852522507442069,-4.265915448609332,61.89003951973183,42.321770705573904,2.967112629815995,41.97540341836744,-15.419196427140525,40.976435895537335,-24.787213110273573,97875.81198723841,47010.34070720938,-128308.69664929577
770.1175880388748,174.5325684889287,6.791976867441615,3143.811827872643,1766.8199686487897,2464.331833413795,0.69615186969634,0.32176338802496857,1551.838741994298,0.015653059749615617,-2.746452204376592,36.41176902919314,41.81391057303929,-23.73829849759036,40.692609981218446,-49.643756112018956,39.88388736039699,-69.64044057963314,-21763.618760006342,45825.69289561577,-240459.23629235936
593.0447248594733,160.74531560853436,12.791343613142061,4374.929152498604,2971.7974178855275,3952.024816904855,0.9591050642631455,0.3257076611687066,2583.3916971565886,-3.9473956756788384,-4.8425841855105975,45.92594215207209,33.130235326378205,-28.182945915241657,32.605829792093736,-32.64026650245165,31.105779177878794,-47.035342432970054,-37144.03306303099,35982.66328458061,-254958.43021240731
641.1889595488036,160.74531560853436,6.0062302345052725,2963.006707525992,1635.8854587117862,2321.1202939145933,1.1255258666060912,0.6320485693847676,1505.1191142431578,-0.685834457694062,-3.9612150159145956,58.45605206554095,35.50030220367839,-28.266948940785444,34.80352220834763,-57.1824391460516,33.98428210694727,-77.93814894887703,16755.59956735556,38108.060828910326,-204390.73956348991
777.4616238389422,191.94804581153204,5.1055808909720595,2610.872759102913,1316.6427006139056,1923.1504157312231,1.119529319602257,0.573242424658618,1238.7813164008219,0.8931065187006475,-4.575174701515752,67.50197876984438,35.86040302849881,-3.3853427906994487,37.59530928401615,-30.820705401474253,35.16317421232807,-38.91477606379222,87830.68377108563,43961.61472149053,-137725.67353818563
1282.5680860880184,179.61208270802135,10.341384258781003,4499.153369186532,3054.395712877817,4065.111730270997,0.7831988857218809,0.4775858815862265,2101.506617354531,4.279614736453838,-5.807122062279672,48.3075583013891,36.990100805686566,-49.976868675667745,36.84584120351342,-89.23309137702391,35.456430198903135,-115.79485631392677,787682.8042664649,177227.52500923313,515813.7519211224
661.5890589934352,168.72740938139424,8.15695264367779,3685.4356131623927,2279.1812199329697,3135.0291789585144,0.9610349351236483,0.44216322290474797,2368.352568342436,-0.3669197075878372,-3.0200978943415864,53.05253518039127,34.91701134523546,0.1760507897716117,34.11603480718164,-24.932906655391292,32.90795276505854,-36.82977478021395,-32596.780138658483,34285.82950738623,-251085.91360666277
516.3403509476587,150.5862871703491,9.182508771038876,3910.4956459157406,2477.090832820502,3372.161589977163,1.1326326191366989,0.38899270779884965,2270.855352433896,-0.8643233149659117,-3.3523326754574496,61.62032672275261,36.89204552460081,1.4657493157081944,35.912541109220776,-17.08098417289493,35.43504959551746,-29.134634308459887,-45756.016110112476,31166.256936856385,-262973.924901123
616.7088402152458,146.23241783969823,12.853198897137842,4494.222637058623,3020.7121222659002,4029.036471050174,1.0549278035676002,0.3299556389392406,2294.7086683968173,-3.8245157110713075,-5.23766067899098,46.240421817272875,32.411096431198445,22.117622693956612,32.160651943117806,20.642390804803018,31.203384976965168,19.600719452228326,-46180.84596809883,33341.59551638073,-263363.63530239946
542.4524782367871,126.64000585176947,9.691890323826332,3406.075391239983,2047.9522839131068,2821.531060813479,1.0746785971957964,0.28858982428032454,1278.1829072774801,-1.5369161239851246,-5.730379034988931,64.76019722855439,38.316870259296024,10.540839314947906,37.64614570092723,-3.4031049053588376,36.12639444845427,-10.067499465767972,-28718.240879634875,32382.26307287453,-247117.5061135379
464.11609636940204,115.02968763670057,8.201233504158818,3801.163646958172,2414.099032787849,3255.453828788118,1.1029777833482253,0.5156651783414983,1746.6230978569545,-1.5783936601883162,-2.9626748732052275,59.74031136869039,35.38068939149716,13.187881358946727,35.4049451302267,2.8907921320886896,34.500807717648264,-7.866322080870284,-46854.8044465093,31149.99706493255,-264131.9917717932
384.9637105242318,89.63211654123735,10.906207235937384,4125.3479841132375,2722.070246990923,3656.205486075539,1.0074233124742553,0.22285967865725714,1928.3024097882146,-3.0201844408643783,-5.237296740307295,48.7802057778876,26.914668801354352,11.049317800054284,26.018386572857864,-1.2040648572260415,26.672904504716065,-9.598228157640513,-69191.15207242787,29277.78895484539,-284939.0849629761
318.8673883236257,51.17293745382162,8.00306199979186,3734.332292950081,2236.20840048266,3182.646516301412,0.9767598088018202,0.4114143132615812,2401.1539364674672,-0.3818951572815228,-3.5782966354688095,51.560173810683246,32.90131328032252,5.134246940497969,32.235364703291445,-9.972759603229708,30.926206579148968,-18.563476852206573,-70649.21010354154,28990.918357332033,-286293.8510898112
326.211424123693,54.80116189603065,7.446895813116402,3304.181704336568,1952.9802879961085,2713.17310122974,1.1219003928513465,0.4621983615150125,1753.0483364613285,0.044011886550632484,-5.164089920525578,50.39764172424143,25.252337668636017,10.517912631774184,24.59124606236534,1.1494535108021262,23.496458051350835,-2.198934829825216,-70385.65824719815,29083.831911182515,-286046.74764925416
357.21957527953293,72.216639218634,5.824434916558583,3230.5712663074805,1719.5256679295048,2601.6205432768847,1.1075080431507585,0.6037182423343381,1459.4502009558935,0.9001732739100199,-2.52703614621633,59.09555651497109,35.53674453792829,-16.246630808627554,34.86551507503762,-46.90424700992215,33.46361253018089,-55.2860945617668,-59948.480254693786,29892.179829681685,-276273.2533585656
473.0921401250399,127.3656507402113,7.458775090890052,3155.482969494899,1824.8151326548737,2541.6794919033896,0.9583617065983592,0.5185133457168374,1356.0070236968766,-1.3942355565746332,-3.5963863626319057,53.809748887044684,28.98139649659981,20.75718079555388,28.270253503174064,11.528155290514839,26.985942392593287,8.413795259295757,-60585.72504167333,30571.610192213317,-276890.39727478265
656.6930351267235,168.72740938139424,4.638526553991092,2465.9046408594822,1161.201284686657,1759.4444683746726,1.0503522176156646,0.6681000225029343,1418.4771881554946,-1.734756264434023,-3.709948950346122,66.47933558668653,35.761416901916824,-7.595577521881381,35.38703904050014,-28.2219284771984,34.29058335728167,-41.097972245806595,28949.789935482506,38110.383667756585,-192974.80648382526
674.6451226379993,170.90434404671967,11.321900081513828,4564.031009982107,3073.0454597007006,4109.295352837128,1.1332055137782655,0.34911747241935537,2030.8216892337412,-4.25876602434619,-3.4056159220959357,47.43245150440731,31.39480968060529,-6.338724417575502,32.1151717059369,-26.26528586479102,29.821508705139117,-38.468651440497176,7839.4173627035925,46874.454634703055,-212716.03558066516
461.6680844360463,140.42725873216378,7.451165320984309,3446.6009937322942,2088.093002467573,2872.617335502316,1.0711273356076865,0.5185835055808761,1558.346236066852,-1.2207861222827923,-2.3080342537002085,60.17470861613474,33.70904060001975,-2.582531217260488,33.26408675752465,-21.56723660489253,32.09629174812819,-34.484857085187826,-66337.97376693923,29371.863928119,-282251.68137562455
704.837269816054,166.5504747160688,9.942995476377959,4033.751310118457,2707.3451649448252,3613.009181237637,1.0958133787086537,0.34237624571330016,1923.9834517882312,-1.4015705136761596,-4.2652625956605394,50.692994389699564,33.78889371102384,-3.434735118696784,32.91470654084195,-22.169477211111193,32.614013367955714,-34.339050437534645,229588.8024021942,76636.98877185787,-4867.619702372525
699.1252419715572,131.7195200708621,7.754385226741485,3047.0907793167953,1702.7424923565468,2408.8694617804686,1.0521409219965565,0.46792974293082323,1464.6605873668793,-1.7472919016503488,-3.30202674793865,42.84296837749011,42.45417012422784,20.546506285943675,41.61578772113072,11.330989947755967,40.52892122283738,8.19111948528602,34325.72332358149,51448.12432299291,-187890.13071196515
489.4122196807451,132.44516495930392,6.81313553797099,2870.8383400709217,1528.7628073697147,2214.1506167177067,1.0360425825685282,0.5358491151073244,1163.895935468371,-0.20195683565963107,-4.078005491644982,56.33176073264592,35.64047543058348,25.042382020589514,34.52658728513159,14.957410652141157,33.56173293557687,19.381664730445635,-58995.23548075526,30730.72465318226,-275373.35426161165
446.1640088581263,105.59630408695709,9.472691799410223,3566.9693013436686,2173.934889803322,3015.4310586415727,0.8871614860142794,0.37450574648796886,1329.4938482676237,-1.6804033197609756,-3.665867293769483,52.04362525862327,44.239289732909214,-31.133478720174995,42.53572636585148,-58.855314950812,41.48913416693371,-77.56288784912232,-61815.63370460914,30844.5437566491,-278085.3452559838
531.8444265255787,147.68370761658187,7.0232099441069185,2862.346880622874,1542.2681355259579,2176.0401338396878,0.9641616251224476,0.4536856313449692,1149.9610241213684,-1.453751818476394,-4.821405943884407,51.449573506476305,23.87919026705305,17.10930953467484,28.430748168478875,-3.244905493931272,27.59376720583505,-8.313151082337372,-62076.56315442175,30367.20037374226,-278357.03610356146
584.8846850816207,136.07338940151297,8.614861529781775,3228.133066429457,1892.3119380262983,2615.3514635898664,1.14545430540681,0.45272947036603317,1337.0466080086237,1.2221136110620943,-2.7036665976807903,62.893224942991125,30.024112167861915,-4.363821823405761,29.30499459070958,-23.601404983075533,28.544681826572912,-38.780441418858906,-34039.10373058748,32477.499465571273,-252022.69381414764
469.8281242138989,125.18871607488586,7.907638862340848,3780.7761714142234,2410.6409425721567,3251.0229678403152,1.1321149876438361,0.4683323489421405,1590.0963775620482,-3.1452001594200922,-3.4055591437720842,49.339435083732866,33.89615303543351,7.921031328793649,33.46992608451846,-8.126744484149238,32.50310126227156,-14.894921361622067,-58862.803950950874,31179.032550510827,-275299.59204054985
1040.214904685796,271.04333865168894,14.137949808116488,5065.260739162929,3599.087057290374,4711.264586956917,0.8664521553267236,0.3473729450886433,2539.521811071283,-3.5472444094445166,-3.3196798434420858,40.659996722956535,27.254612207094024,45.29799774847089,27.43400168647777,48.12699142357943,26.342342804314377,52.277844587136485,33077.457814930225,55789.510126656554,-189065.40876754984
514.7083429920882,139.701613843722,8.311905518065087,3313.3448692722855,1980.6631870311276,2741.1382218325557,1.0437838605448477,0.3812455717248894,1557.1293086459084,-0.7624382605201468,-3.6669489619381594,53.708519246134586,23.511913937705305,43.55848061899842,23.819760861652647,43.19598711050574,23.090742830970875,45.499434421730264,-60933.193907001674,30275.448239314912,-277228.4741213159
469.8281242138989,109.95017341760793,7.166026072478656,3008.771377949829,1687.5206780580193,2383.2252807050068,1.1031276240435277,0.3705507043473322,1766.3766698287525,-1.9181573283712043,-3.9285969396017775,69.49429566451744,28.69384278265863,33.73719674693543,27.788392128132777,31.09626982957561,27.43248408602949,30.519694562080982,40649.65667255744,38886.21184240809,-182002.67610088244
552.2445259702101,128.09129562865309,8.28092229114134,4144.139671973324,2715.2092299340366,3648.75236834633,0.9716492248564144,0.3950851157793427,4261.294738473264,-1.3673363737625517,-3.3452184848002267,52.216855660041375,34.4109227135681,0.8617286631767431,33.48128093393513,-16.18636984186365,32.58699528854966,-25.83647900288889,-41813.22789108476,34039.60858968246,-259269.83203346955
431.47593725799163,113.57839785981696,7.849355435623501,3177.1767833777535,1836.7407122393947,2562.7019048117163,1.0643366336844569,0.467637877034507,2716.25368350956,-1.0006938152732456,-4.023363643725805,55.427274346161184,25.68328420948809,25.89140635947045,24.86492512323325,19.569126236025113,24.193092211281296,18.789796500014283,-64609.80786315522,29676.15581697932,-280655.9586599876
534.2924384589345,146.23241783969823,10.144197978651706,3912.883307779067,2521.769647657227,3406.9807883460426,0.9832070070098706,0.3276380386866138,2427.637964320267,-5.0112795665372705,-5.028871903300271,46.95882303497649,23.392838658767527,40.651091484665564,22.944035003758074,39.22921134404043,22.460986485453034,44.84667940770854,-47738.555447382154,33766.67502524667,-264937.22935171786
506.5483032142356,157.84273605476713,9.86945246113696,3990.032707743695,2412.629562215392,3492.2604301034753,1.1127357951245287,0.5173862550920114,2485.9981133606143,-2.146111174063538,-4.7392251331518915,56.76722508652325,27.665444542467153,25.4956018967664,27.401257032673648,17.934402317224283,26.310050160945174,18.069329710219208,-62203.74987116458,30038.51867699619,-279034.41916697903
582.4366731482648,138.9759689552802,10.26497125273484,3633.921448741464,2282.666365469265,3089.478644663171,1.1129130496814301,0.37595428353777466,1633.225211628104,0.49382634377510914,-5.9534669145158,61.23538770280528,29.23841420952986,28.37460969481649,28.988846952149732,23.49838276046324,28.017513592960583,22.465829924587275,-26590.157979906915,34210.337244882714,-245006.67722081937
1115.28727064204,201.3814293612755,14.0016072871265,4662.900623975525,3134.464391977716,4200.337866793342,0.9102943921906073,0.11477783511201262,2034.5365818332627,-3.234102512380802,-7.019577063735548,41.350376258909975,31.452246811551987,33.92084022327846,26.97842493970619,49.49419364999549,29.178502404426354,36.465750027012234,222270.97697805267,87862.1074964189,-11795.12163042667
504.10029128087984,153.48886672411632,7.882372453520803,3105.001268696206,1766.3249621402852,2467.2380362302283,1.049176638532472,0.40412851944854167,1655.6617687175628,-2.8661005435341624,-4.829293913420057,58.59434619568208,26.631447745370277,23.79861537998163,26.573137710492148,14.175814252806779,25.144318033312373,14.647172290332172,-63063.89921326042,29916.569637567438,-279206.5310161232
457.58806454712,122.28613652111864,8.219833280173145,3189.148267737872,1845.7521704371038,2574.9068455802894,1.1369835216848145,0.3812455717248894,1727.6075427980888,-3.187355535219143,-4.087669319414965,64.80647000447665,30.648455604804717,28.70718286960368,30.25258368450906,23.38618456354993,29.203959725771895,22.986508308807693,-54306.372603720636,30361.393276626608,-270975.8965159773
481.2521799028925,152.03757694723268,8.812265110233337,3583.6434634129637,2206.1415795924117,3037.4537102388285,1.0796319324044203,0.4090240206629049,1850.8981378600586,-1.2332731178144034,-4.661746430797363,61.69452695025224,31.075432666441245,-10.361120783346454,30.320467628576598,-33.3050508256367,30.10876226776694,-46.1121279586564,-61224.28103191825,29332.375667732547,-277502.6237095956
606.9167924818227,168.00176449295245,10.379176828946727,3800.4190492972116,2423.707496236746,3271.648470562215,0.9844203500811551,0.3485102827610154,2032.571619877315,-0.7949154599860306,-4.497659863583082,48.40397310911746,27.320561610710705,28.501036853852526,28.714156676468416,21.281407056851016,27.657119433208308,20.15228980804057,-55941.44307566196,31289.36739570827,-272614.6471939003
754.6135124609548,170.90434404671967,5.869357177530412,2667.8629213765207,1360.2325064272904,1972.3171373547184,1.0770201738398733,0.5583497976096055,1467.6768927802416,-0.7763101679280877,-5.695075531521396,55.96050187341342,35.28277544562662,-12.899843855193954,33.97952205231495,-34.6044553866306,33.014448955802806,-50.29804283631349,53945.25778361199,45499.33403771596,-170221.62002696184
1454.7449254007086,160.74531560853436,37.03300970964263,9291.275778419513,7421.241074226238,9515.304058417494,0.8999596500649307,0.5734371494788937,7797.688943856937,-0.9040747886798737,-6.115398033276332,58.35657950468552,36.38956190613545,19.05521841941162,33.512006855947334,19.84266633266915,34.628864701029,5.569372533375122,2603089.617313202,247572.3766294311,2220475.8918442475
687.7011862825634,175.25821337737048,10.519038101334653,3697.9728122899637,2306.258675751439,3189.0333668074277,1.146558518295893,0.21025457298059436,1922.4161159211924,-1.1441499103250423,-5.82111677665695,62.891113319459464,31.147277954809844,23.297111990374432,31.10830358525373,15.692017444562879,30.240912332049184,12.863324865197729,36140.42864288125,41328.676889252565,-186181.30592403346
686.069178326993,173.8069236004869,12.769875316080823,4254.787432824183,2805.1318801951516,3768.783910472014,1.1259249777083535,0.254206886660226,1774.1490949070337,-3.246499996247846,-5.703993452903785,60.65896897587415,28.298809754061097,27.7513204625565,28.08900544865266,22.320723113567105,26.81249896719485,22.46900568426407,5101.624944569281,37484.378598688985,-215344.4293911673
761.141544283237,178.88643781957953,9.682448819998639,4267.404244841215,3126.847796454301,4171.720267370777,1.0429831839985764,0.46233535530143155,4272.5183846274795,-0.21485494193839016,-4.625511314515818,56.01064027660707,35.40482241464652,5.935948102012327,32.392718125298934,-6.369777011195446,31.23623156060681,-14.801612849662448,316002.34240445646,72187.59096184303,76179.85005963186
455.95605659154944,138.9759689552802,6.414401442984496,3013.1531425602166,1657.32135973919,2375.3862574277236,1.083351988234571,0.4652870660056738,1599.4623158493325,-0.7313692323700569,-3.0758043987056074,51.58174212397531,28.605441793094275,14.554079425313976,28.590457129286047,2.918281968172443,27.34594112033252,-2.11829896006401,-68226.10646910084,29402.060833120406,-284021.97468110773
1065.511027997139,134.62209962462933,14.767341240739306,5944.569584783783,4402.888628307972,5690.54811628796,1.1859844645033635,0.30410662092249785,5268.678053541022,1.9019801703773462,-5.625170784858919,60.250992015193894,42.9136950931539,-35.550051442555215,43.34401530112739,-72.04364440260055,40.99946893539639,-90.34040172221238,772989.4604745046,115181.01516730612,504692.8677257049
608.5488004373932,164.3735400507434,6.852662502144542,2880.1135820367726,1552.8850498856295,2226.8733151093506,0.9990933793906832,0.49682446666613445,1207.0198051569544,-1.2279228561571258,-2.9902917912953497,45.620076483721526,30.8274852454852,4.31022686657465,31.353095796722513,-18.700569875563854,29.788988200334074,-25.814788274919398,-40546.60553671802,34375.25880296731,-258317.07001142128
737.4774289274644,164.3735400507434,7.2802665070852335,3001.556508300058,1667.7672089075177,2363.6159872750077,1.0316086111454716,0.30614240177263186,1011.76521822774,1.4511931348752143,-3.0445079078238373,54.559536364051056,34.44548575610439,-13.466674793738367,33.850534998391936,-35.70358225405346,32.09410386374705,-52.06912418225943,19004.313167499393,44313.52480669922,-202449.56377921355
459.2200725026905,117.20662230202599,7.89488736844852,3374.5809090087905,2019.9684637893724,2787.6636929869915,1.0948177278628064,0.5183716133740475,1632.6071729556581,-3.0326251328441156,-5.061959864520084,52.670218176321704,32.58613179465694,23.397946801079655,32.02617803221711,15.319444247469846,31.074033161949373,13.864685963987519,-56482.97002426803,30605.291355484114,-273027.7156318464
519.6043668587997,135.34774451307115,8.975264182982931,3602.574689132244,2192.4144439877964,3017.8623068610977,1.1378256318554176,0.3480356264042568,1470.9076069547011,-0.520510233340537,-4.209729447486004,48.67941248211042,30.441599997074036,4.615141460812621,30.003779981311972,-11.053337423293502,29.152932356656855,-20.580077523019956,-53413.44317999005,34645.86952855684,-270205.0813058815
533.4764344811492,144.78112806281464,7.008675669024149,3235.6594197685195,1918.5812922639907,2653.6792415859277,1.058555427424177,0.5095015005585761,1426.229160269502,0.8396869825875648,-3.9067303841951717,62.0267661523918,27.09758209206337,13.43155862279435,27.13557073248257,4.990931023224459,25.967572785856326,-3.1942901876962027,-53155.13613670822,30633.16542163926,-269960.4366060265
522.8683827699408,120.83484674423502,7.789889853669921,3511.527444007588,2153.8616519462607,2940.6681632115155,1.1292074405349906,0.5657482875855886,1562.7639192990866,-1.739442520894485,-3.4327596368817104,59.00869902603821,35.20307729439362,-3.0762230148423324,34.7584857422377,-21.766900829374634,33.744924620109465,-32.59251888350599,-47088.198627748716,31922.34098131466,-264221.7358074184
593.0447248594733,121.56049163267684,7.271161042745868,2848.3182640526084,1528.025017319217,2202.1335407151646,1.1932627286708317,0.6980173578601538,2018.8420281554033,2.48568850045112,-2.113351819157448,61.28454197176974,37.908878731857186,-19.32827854952031,37.28096874591705,-44.29027119723098,36.42550240463989,-63.10350251495114,119102.88165063705,48134.594708800185,-108427.31933243846
320.0,194.0,8.55625,2080.765625,2121.00625,2099.078125,0.834375,0.478125,4017.978125,-0.299375,-2.9356119746358766,63.46875,33.74390268456375,7.157772291946311,33.15893763422818,8.476814238255034,33.143467114093966,8.367236587248325,7834.0,1066.0,7829.0
1444.0,284.0,56.73130193905817,12402.016620498614,12366.653739612188,12425.828254847644,0.6087257617728532,0.6336565096952909,18090.1932132964,2.217936288088642,-2.2481533026616005,56.46814404432133,34.28199655056184,48.76961347542154,34.500083242977574,48.1460300484552,34.36290817275286,49.23348117205075,1323863.0,114977.0,1323857.0
536.0,274.0,9.917910447761194,2450.343283582089,2486.876865671642,2485.688432835821,0.7518656716417911,0.4701492537313433,5261.305970149254,1.1115671641791047,-3.2419465450942,60.50373134328358,33.247057647524755,6.651139031683171,33.19949623168317,2.903270893069309,33.21778138019802,2.455515249504952,42264.0,5182.0,41984.0
704.0,325.0,12.401988636363637,3193.5894886363635,3242.278409090909,3222.6960227272725,0.7144886363636364,0.5752840909090909,5658.565340909091,-0.7357954545454546,-3.400377433764005,54.48863636363637,31.64840684649776,5.859536785394934,31.384543564828608,11.103843043219072,31.307218612518625,8.971101375558867,26036.0,4421.0,25803.0
604.0,231.0,11.915562913907284,3120.912251655629,3154.001655629139,3146.5182119205297,0.8774834437086093,0.5645695364238411,5867.180463576159,-0.1541390728476819,-3.185042946610665,74.96688741721854,34.691658097222245,-29.995337022569437,34.580954866319466,-31.416254998263877,34.62892170312503,-31.34387442881943,263314.0,24072.0,262744.0
530.0,283.0,9.29622641509434,2351.1188679245283,2389.0301886792454,2371.377358490566,0.6943396226415094,0.6339622641509434,4696.820754716981,-0.1484905660377359,-3.8762082295779674,48.79245283018868,24.6555228742515,15.073413113772457,27.23045123752495,15.85847925548902,26.677428962075844,16.415912824351295,16241.0,2259.0,16211.0
341.0,242.0,9.043988269794722,2817.0557184750733,2848.351906158358,2844.2785923753668,0.7243401759530792,0.5718475073313783,5754.715542521994,-0.2964809384164225,-2.6798384892815066,51.17302052785924,30.37970381875,-35.296253728971955,30.7989175669782,-33.80019358255451,30.63504936760125,-35.429275099688475,3933.0,754.0,3911.0
430.0,258.0,10.24186046511628,2846.288372093023,2881.044186046512,2874.193023255814,0.8651162790697674,0.6372093023255814,5679.953488372093,-0.1932558139534883,-2.58105807443805,73.13953488372093,31.30695925798526,10.155180764127772,31.005461965601963,10.654245943488952,31.10567881326781,9.98962986977888,31206.0,3234.0,31166.0
277.0,199.0,8.176895306859207,2163.4693140794225,2207.1371841155237,2186.3393501805053,0.8664259927797834,0.5415162454873647,4241.476534296029,-0.0682310469314078,-2.4286173589658184,66.10108303249098,27.597451204347824,14.23157077826087,27.439968428571436,12.030169606060603,28.142660463203462,12.474104324675322,5566.0,710.0,5536.0
782.0,219.0,5.603580562659847,1140.2493606138107,1132.4386189258312,1161.1649616368286,0.8350383631713555,0.8695652173913043,3359.320971867008,-2.650511508951407,-3.610301190435446,76.03580562659846,19.698620171526585,44.52395625042878,19.66178303945112,45.08426482161232,19.621277955403084,44.9634537924528,869004.0,58518.0,868970.0
443.0,229.0,8.336343115124153,1951.0948081264107,1990.0428893905191,1981.8013544018056,0.7878103837471784,0.6162528216704289,3856.749435665914,-0.7478555304740405,-4.182472574120414,60.18058690744921,32.546539941037736,-40.67479360141511,32.69540106839623,-40.16428541273586,32.9130655778302,-41.40625912028303,21648.0,4227.0,21617.0
842.0,268.0,12.273159144893112,2793.021377672209,2821.33135391924,2799.042755344418,0.7565320665083135,0.3729216152019002,5521.957244655582,-0.1659144893111639,-3.9504794792927616,66.33016627078385,21.287290877300613,16.767472225766905,21.37660669079754,18.310741653987765,21.18263879754601,19.02958741595096,359991.0,42929.0,359787.0
484.0,204.0,9.861570247933884,2682.7086776859505,2675.256198347108,2666.3037190082646,0.6859504132231405,0.6756198347107438,4289.18388429752,1.4876033057851263,-3.0619142327910485,56.8801652892562,29.12074979287305,38.12396332516703,26.459626589800443,42.07157807760532,27.23550848222222,41.35267336222222,87488.0,17185.0,87330.0
650.0,287.0,10.00153846153846,2319.4615384615386,2354.289230769231,2334.74,0.8692307692307693,0.7015384615384616,4161.36,2.709538461538461,-4.564020434583593,75.50769230769231,26.83316516369528,9.87359718476501,26.62831916693677,7.692576816855773,26.696237833063183,10.050398696920604,531342.0,40326.0,531264.0
472.0,237.0,10.055084745762713,2000.0296610169487,2301.6419491525426,2281.26906779661,0.7944915254237288,0.5338983050847458,4822.0402542372885,0.040042372881356,-4.049845399687877,65.14830508474576,33.71658869495414,-2.581648940366968,33.624390396789,-1.9266349426605431,33.62735106192661,-1.8117541399082508,25914.0,3573.0,25914.0
288.0,206.0,7.795138888888889,1899.399305555556,1929.1215277777776,1923.4479166666667,0.7847222222222222,0.6215277777777778,3973.2361111111113,-0.5541666666666667,-2.4460321319275957,64.75694444444444,31.636908706106876,-0.2307129351145024,30.72344166412214,1.098452954198474,30.22608479389313,0.9951869274809162,6755.0,835.0,6675.0
585.0,243.0,9.810256410256413,2648.4752136752136,2695.1692307692306,2686.073504273504,0.8940170940170941,0.3504273504273504,4697.388034188034,-1.1035897435897437,-3.6476454535775535,44.136752136752136,26.896766756855573,-75.81813417733079,26.66045931992688,-76.55205390310778,26.400442756855583,-70.75238790676407,56773.0,24241.0,56765.0
723.0,320.0,7.087136929460581,1900.4647302904564,1914.1991701244813,1911.7842323651453,0.8838174273858921,0.648686030428769,4386.925311203319,-3.4413554633471644,-4.347651772256283,62.3789764868603,25.72475468648649,-11.355257236036032,25.513288652252257,-12.648039012612609,25.59986684864865,-12.22959748828828,91663.0,14305.0,84443.0
431.0,230.0,9.46171693735499,2573.440835266821,2607.4083526682134,2599.410672853828,0.8816705336426914,0.691415313225058,4863.058004640371,0.7939675174013924,-3.2397521859140537,64.0139211136891,28.189602269521416,17.428886944584388,27.995352962216632,15.685193997481113,27.969962491183885,17.23633102518892,43721.0,5406.0,43696.0
357.0,172.0,6.974789915966387,1694.8543417366948,1722.0672268907565,1683.0364145658264,0.8879551820728291,0.6386554621848739,3571.378151260504,-2.2450980392156867,-2.191484391239574,74.39775910364146,30.91603295495496,-16.598058729729736,30.544285343891406,-5.248835561085977,30.97113686036036,-16.135390409909917,91514.0,9436.0,91484.0
706.0,260.0,9.461756373937677,2031.229461756374,2076.1062322946177,2067.175637393768,0.8512747875354107,0.6090651558073654,7595.787535410765,-3.641076487252124,-5.03427390474271,65.69405099150141,26.612123378461508,46.42810922461543,26.4799388707692,46.62136430153849,26.760307024615354,46.116111378461575,174017.0,23127.0,173961.0
509.0,154.0,8.229862475442044,2106.8624754420434,2144.2730844793714,2125.212180746562,0.6483300589390962,0.730844793713163,4516.609037328094,-2.12573673870334,-3.1257038979170804,52.29862475442043,32.91963282786891,-53.82440518442607,33.67701908811482,-54.328293709016265,33.56857351434433,-54.3281621516392,103601.0,21531.0,103401.0
277.0,186.0,15.620938628158845,4368.216606498195,4394.209386281588,4396.01083032491,0.8267148014440433,0.4259927797833935,7185.927797833935,-1.8321299638989168,-3.386500953113728,62.63537906137184,25.368196670634923,19.45969194444445,26.227693087649406,16.85549426693228,26.256947653386455,17.702144103585667,9240.0,1334.0,9081.0
493.0,225.0,8.935091277890466,2014.8539553752532,2053.210953346856,2035.05476673428,0.8539553752535497,0.4888438133874239,3580.21906693712,1.33894523326572,-5.349942964556797,61.8052738336714,30.122841489932885,23.978045310961964,29.78689071588367,24.482382389261744,29.882222706935124,24.1624328590604,58582.0,8176.0,58242.0
1096.0,288.0,8.242700729927007,2008.829379562044,2053.133211678832,2059.124087591241,0.7682481751824818,0.6697080291970803,5979.243613138686,-1.5699817518248178,-4.290419230078872,59.66240875912409,26.849860349624045,16.965745314849595,27.77322602537592,16.272516528195474,27.93227705075186,16.42335999624058,280050.0,34336.0,273455.0
791.0,305.0,14.940581542351454,3557.8723135271807,3610.638432364096,3629.499367888749,0.6637168141592921,0.3893805309734513,6117.069532237674,-2.6965865992414635,-4.326384317694149,44.84197218710493,34.41079647297297,30.32095261621618,35.6215403945946,33.31587805675672,35.5783603445946,33.222473710810775,57890.0,17538.0,57780.0
576.0,206.0,5.368055555555555,1245.5399305555557,1274.7586805555557,1253.8385416666667,0.6736111111111112,0.75,4357.220486111111,0.1625000000000042,-4.40473518288363,47.74305555555556,42.24975696153846,22.336235136538452,39.86720407692307,-2.4825739019230766,40.29316119230769,12.337975969230763,56918.0,18261.0,56858.0
300.0,211.0,7.25,1758.59,1792.1666666666667,1771.5766666666666,0.69,0.6433333333333333,4534.78,-2.876,-3.870852761784514,57.43333333333333,37.13729729457365,-4.947893065891471,36.01831651162791,-0.8912893294573635,36.66531408914729,-2.9633364302325576,5032.0,822.0,4816.0
624.0,238.0,17.700320512820515,3763.503205128205,3778.0833333333335,3788.602564102564,0.8669871794871795,0.2307692307692307,6707.828525641025,-3.28157051282052,-4.408379795811322,77.32371794871794,42.0281135443886,18.10005008375209,42.35480469179229,17.952952897822453,42.096739092127294,18.001783902847574,619276.0,51029.0,619143.0
513.0,309.0,8.033138401559453,1808.062378167641,1844.335282651072,1836.111111111111,0.6842105263157895,0.6374269005847953,4842.3859649122805,-0.807407407407407,-2.700733006288168,55.59454191033139,38.46566145569621,29.301882372631574,38.94972630801687,31.396652168421053,39.16582588607595,31.94715035789473,9359.0,1657.0,9339.0
1608.0,235.0,42.42164179104478,9698.411069651742,9754.215174129353,9734.52300995025,0.5665422885572139,0.556592039800995,15304.273631840795,1.334577114427851,-4.842751903257316,27.294776119402982,47.61913624521066,32.84109718071521,40.5991077650064,-19.914201925287344,40.52457753384423,-20.00994832822477,811135.0,168901.0,811055.0
498.0,263.0,9.714859437751004,2440.1847389558234,2472.6506024096384,2452.214859437751,0.7028112449799196,0.6365461847389559,5424.24297188755,0.643574297188753,-3.568607892277074,48.0722891566265,37.30839875053763,45.38185798064515,36.82928219354838,45.36379316344084,37.14212957634408,44.485934109677416,26432.0,7991.0,26432.0
284.0,165.0,8.757042253521126,2248.2676056338028,2286.9295774647885,2291.3802816901407,0.6901408450704225,0.4859154929577465,4908.330985915493,-1.8419014084507044,-3.30476620319013,52.74647887323944,31.72261596296297,11.374151444444443,35.69907248148149,4.776036629629631,35.71455003703704,1.3686569999999998,5873.0,897.0,5841.0
267.0,170.0,8.104868913857677,2250.9176029962546,2260.8389513108614,2251.835205992509,0.7677902621722846,0.6329588014981273,5196.01872659176,-0.091760299625468,-1.6085623107508848,53.745318352059925,34.43077357711442,13.003996870646766,34.008027099502485,11.892163323383084,34.24089233333333,11.51772851243781,13117.0,2439.0,13105.0
629.0,235.0,11.965023847376788,2377.2496025437204,2459.241653418124,2434.779014308426,0.8314785373608903,0.6836248012718601,6127.214626391097,-2.662639109697933,-5.807413596567782,56.85214626391097,34.7805422549669,22.514779120860933,34.454215185430485,21.16784400496689,34.317122552980145,22.436113591059605,398756.0,52680.0,398734.0
312.0,212.0,14.150641025641026,3571.628205128205,3606.4903846153848,3610.246794871795,0.717948717948718,0.4487179487179487,6585.589743589743,-1.5884615384615388,-3.1021110221047974,49.6474358974359,35.05422976896551,20.410462144827587,35.2989403137931,19.481265434482754,34.87631390689654,18.61715283448276,3492.0,588.0,3313.0
247.0,186.0,7.591093117408906,1922.012145748988,1977.412955465587,1945.1902834008097,0.8259109311740891,0.5748987854251012,4322.31983805668,-0.1327935222672062,-3.079443812010605,63.31983805668016,34.42754017733991,-2.7527026600985223,33.997698556650256,-3.2460014384236437,34.78852230731707,-2.2093409365853653,2826.0,419.0,2822.0
559.0,175.0,6.554561717352415,1690.04114490161,1814.744186046512,1718.9713774597496,0.6815742397137746,0.7137745974955277,3343.932021466905,-1.6368515205724508,-0.775649227693546,40.98389982110913,41.31673490689016,8.316829048417127,43.931652795158286,8.127746858473,41.30572448417136,8.54307163128491,53987.0,18113.0,53982.0
255.0,181.0,12.87843137254902,3116.2980392156865,3153.372549019608,3144.019607843137,0.8392156862745098,0.3725490196078431,6094.105882352941,-1.450980392156863,-3.111075349813066,53.64705882352941,36.22811778508771,3.666172407894739,36.08600199122807,1.3195191140350888,36.01932787280702,3.1641137807017548,6239.0,1158.0,6238.0
271.0,197.0,6.797047970479705,1520.7638376383763,1587.6974169741698,1571.6752767527676,0.8376383763837638,0.6715867158671587,3551.2841328413283,-1.526568265682657,-3.6962647073795143,62.47232472324723,31.15763013157895,-3.42710340350877,31.963682017543857,-2.847141385964911,31.419215526315785,-2.924410421052631,4196.0,539.0,4132.0
512.0,236.0,17.05078125,3734.2265625,3654.03515625,3603.435546875,0.6796875,0.326171875,5987.513671875,-1.19921875,-3.473031225382239,54.27734375,41.0737252059448,23.05796017834396,41.78637294055204,23.83102522505309,42.17033040764333,23.907553957537164,116316.0,14966.0,116292.0
298.0,201.0,7.6644295302013425,1977.5771812080536,2019.996644295302,1697.96644295302,0.8053691275167785,0.6140939597315436,7098.724832214765,-2.6312080536912754,-2.855554200012356,47.08053691275168,35.33912220676691,5.040637357142861,34.77845912406016,3.3444130827067693,34.51786807142858,4.4413518421052665,4537.0,2111.0,4502.0
224.0,146.0,8.732142857142858,2055.7901785714284,2101.066964285714,2071.03125,0.8928571428571429,0.6026785714285714,4286.058035714285,-2.157142857142857,-3.609445768406299,65.04464285714286,33.07609595580111,13.117010883977905,32.76977500552486,11.741812176795582,33.34004075138121,13.464652690607736,5155.0,734.0,5084.0
249.0,175.0,10.630522088353414,2883.7991967871485,2926.610441767068,2921.0562248995984,0.8232931726907631,0.5582329317269076,5242.004016064257,-1.540963855421687,-3.0537190546059887,63.092369477911646,28.767284068181823,-10.330940054545456,28.118891522727274,-11.189508186363634,28.568146631818184,-12.140744113636364,4404.0,576.0,4391.0
250.0,185.0,10.008,2488.78,2520.092,2506.524,0.852,0.628,6281.392,-1.6260000000000003,-2.71244830228941,59.36,34.23683431415929,0.880783924778763,34.19823831858407,0.87663672566372,34.39194449115044,-0.0587225663716806,3468.0,455.0,3418.0
479.0,178.0,7.198329853862213,1444.8789144050104,1500.4050104384137,1496.0,0.8517745302713987,0.5427974947807933,3253.4008350730687,-0.8615866388308979,-4.935390169534858,45.36534446764092,37.00809257675439,15.405678122807016,37.21559979166666,15.35123737719298,35.651171173245615,11.357347048245614,51336.0,15826.0,51328.0
524.0,208.0,7.3606870229007635,1726.6851145038167,1764.996183206107,1740.8129770992366,0.7729007633587787,0.7843511450381679,5290.129770992367,2.7482824427480845,-3.3089242191902577,68.79770992366412,38.030315551724144,24.89487645841785,37.03404405679513,23.155563517241383,38.19773235496957,24.896652525354973,85493.0,9322.0,85476.0
249.0,186.0,8.27710843373494,2037.710843373494,2071.389558232932,2063.8192771084337,0.7590361445783133,0.5943775100401606,4581.100401606425,-1.5465863453815265,-3.1178059154214237,62.28915662650602,28.48869294607843,3.959589681372549,29.335755392156862,-0.4682686176470609,28.685692161764702,3.5799363137254896,4484.0,511.0,4031.0
230.0,148.0,9.269565217391303,2404.8521739130438,2450.704347826087,2440.0695652173918,0.8304347826086956,0.6391304347826087,4512.734782608695,0.6895652173913042,-1.5011077270652446,64.52173913043478,34.53774176,3.705991108571429,35.0685822,7.635392491428573,34.39132577714286,6.81122964,14067.0,402.0,13902.0
241.0,179.0,8.033195020746888,2151.199170124481,2190.0,2165.721991701245,0.8132780082987552,0.6846473029045643,4752.601659751037,-0.0854771784232366,-2.191682522434914,57.71784232365145,29.156941185520367,4.347352294117649,29.534585429864254,2.632206624434392,29.58177914932127,6.481714013574667,3608.0,488.0,3579.0
304.0,179.0,9.5,2356.654605263158,2401.799342105264,2375.8848684210525,0.8618421052631579,0.6447368421052632,4975.256578947368,0.4039473684210525,-3.602890128355121,65.82236842105263,31.56264993382353,-9.54053406985294,31.73465999632353,-10.474208102941176,31.750293452205884,-9.809183985294114,14133.0,1599.0,14112.0
306.0,171.0,10.506535947712418,2959.562091503268,2984.40522875817,2978.6372549019607,0.6699346405228758,0.5196078431372549,7652.66339869281,-2.909150326797386,-3.60990391217841,53.49673202614379,29.89626873741007,20.49731966906474,30.177327500000004,24.36759042086329,30.65250424820144,22.367247665467616,7780.0,1963.0,7780.0
368.0,183.0,7.872282608695652,2248.845108695652,2292.9945652173915,2278.858695652174,0.7771739130434783,0.4864130434782608,4892.885869565217,-1.080978260869565,-4.062710495747717,63.23369565217392,36.5403604047619,-12.20221846428572,36.80828061607141,-10.830149220238102,37.15987330059524,-12.01077371130953,41002.0,4677.0,40952.0
435.0,173.0,6.344827586206897,1729.5655172413792,1719.9655172413793,1726.6298850574713,0.8137931034482758,0.7471264367816092,3383.772413793104,2.580459770114941,-4.29380875223269,71.03448275862068,35.23627765206812,-36.82800584914842,34.48470319951337,-29.947090131386865,34.33960903892942,-23.1738145352798,93010.0,9649.0,92772.0
624.0,191.0,5.392628205128205,1546.6858974358977,1585.9086538461538,1586.911858974359,0.7868589743589743,0.7483974358974359,5171.461538461538,-0.8927884615384603,-3.312660290278378,63.23717948717949,39.15314707000002,37.40738154666666,40.074793236666665,39.25459074666667,40.012769103333326,39.33522616333334,204273.0,24672.0,204253.0
649.0,208.0,10.571648690292758,2402.286594761171,2332.070878274268,2391.317411402157,0.6086286594761171,0.4036979969183359,5127.161787365178,-0.7587057010785827,-3.1542246323080354,46.81047765793529,45.22249416313214,35.30124391190865,42.79251292332794,23.90062298205546,42.63371830668847,23.738038039151707,88279.0,21787.0,88243.0
415.0,211.0,8.785542168674699,2574.9469879518074,2611.212048192771,2576.631325301205,0.7759036144578313,0.5060240963855421,5658.790361445783,1.9048192771084325,-2.7900600625558627,52.69879518072289,34.990396736292425,-33.364816394255875,35.294228041775455,-34.28334203394257,35.061963211488255,-33.8535147232376,34030.0,6117.0,34020.0
650.0,237.0,6.626153846153846,1628.946153846154,1665.233846153846,1625.2276923076922,0.7584615384615384,0.7215384615384616,3014.730769230769,1.814923076923076,-3.839737894173346,50.2,35.95959477685946,-54.10697188595046,35.508535933884254,-53.1040207008265,35.8211369256198,-53.234880811570285,100461.0,20127.0,100461.0
612.0,241.0,8.377450980392156,2093.091503267974,2089.996732026144,2098.75,0.8169934640522876,0.6797385620915033,4720.356209150327,0.0148692810457512,-6.069048487396968,54.88562091503268,30.005040139130436,-0.7468251565217445,29.84050135826087,0.2595885304347763,29.99236030086957,-0.1183998973913109,88457.0,13597.0,87816.0
535.0,249.0,10.570093457943925,2695.5457943925235,2673.0654205607475,2720.88785046729,0.7925233644859813,0.3046728971962616,4524.702803738318,-1.386542056074766,-3.487558066356708,48.41121495327103,38.0370444668008,-26.08281488732393,37.83202112676056,-26.327317784708235,38.104355734406425,-26.394918790744452,15518.0,3668.0,15503.0
622.0,186.0,4.209003215434084,1089.4067524115756,1132.3086816720256,1114.0691318327974,0.7491961414790996,0.8408360128617364,4970.816720257235,3.178456591639876,-4.982222941052429,68.05466237942122,31.592603793969904,-60.57823823115571,30.214746127303208,-60.32941175879397,31.68322811557795,-60.47803531658285,301945.0,35130.0,301922.0
191.0,152.0,9.68586387434555,2306.298429319372,2332.2094240837696,2322.413612565445,0.8010471204188482,0.4973821989528796,4797.2722513089,-2.645549738219896,-4.215407599525447,58.53403141361257,33.96303409756097,19.913282573170733,34.41976315853659,21.33892588414634,34.0190074695122,18.68389131097561,2364.0,330.0,2244.0
238.0,185.0,8.130252100840336,1961.806722689076,1994.7100840336132,1994.4159663865544,0.8319327731092437,0.6638655462184874,4614.214285714285,-3.173949579831933,-3.442988601119544,60.92436974789916,32.865159926829264,5.004286682926828,34.55224021951219,12.294220614634154,35.014898365853654,12.048164439024395,5769.0,966.0,5769.0
1008.0,211.0,10.180555555555555,2556.3561507936506,2504.828373015873,2567.5109126984125,0.7529761904761905,0.3621031746031746,4254.321428571428,2.698809523809542,-6.672666138336313,68.31349206349206,18.835752106599,81.48372248020276,18.938459106598987,82.03215795228398,18.83655640101523,82.19783186091344,686875.0,88877.0,686872.0
178.0,143.0,14.629213483146067,3866.494382022472,3901.921348314607,3889.769662921348,0.797752808988764,0.449438202247191,8364.432584269663,-0.7415730337078652,-2.108998725690621,65.56179775280899,29.368826417808226,-3.9914714178082207,29.41003651369863,-2.63184133561644,29.52311708219178,-2.248555349315072,1852.0,238.0,1847.0
372.0,152.0,9.311827956989248,2178.298387096774,2212.2795698924733,2196.6774193548385,0.8010752688172043,0.5994623655913979,5172.830645161291,1.840322580645161,-2.675419153410132,71.61290322580645,42.25603629512893,0.5014511633238027,42.19481155873925,-3.365155618911154,42.109698687679085,0.4719061776504497,149517.0,15061.0,149267.0
273.0,198.0,8.256410256410257,1963.1868131868127,1990.838827838828,1998.992673992674,0.8131868131868132,0.6227106227106227,4390.003663003663,-1.541025641025641,-2.7579665607017096,58.71794871794872,36.78168474369748,-3.4369745672268914,36.5561706440678,-9.799208207627116,36.59497500847457,-8.225701851694916,4638.0,710.0,4517.0
209.0,149.0,6.885167464114833,1580.9617224880385,1626.8277511961724,1607.6267942583731,0.8660287081339713,0.6267942583732058,4259.11961722488,0.6641148325358852,-1.897892367193712,75.16746411483254,37.62190085915492,-4.362337823943666,36.80732529577465,-9.125770218309864,36.65592957746479,-8.764359654929581,6920.0,710.0,6820.0
187.0,149.0,8.475935828877006,2332.866310160428,2372.657754010695,2358.914438502674,0.839572192513369,0.5347593582887701,4483.443850267379,-0.1352941176470587,-2.1570047560456747,60.32085561497326,31.70180551612903,10.300370393548386,31.62924358064516,3.954877490322581,31.579955193548383,8.058259425806447,1746.0,284.0,1732.0
500.0,169.0,7.1,1605.314,1651.044,1629.406,0.568,0.838,4574.142,0.4219999999999999,-2.410678065804634,37.52,44.55682218995632,14.74119573362446,34.52541219432313,21.73443129257642,34.600016753275106,22.21981456331878,41568.0,22345.0,41535.0
503.0,200.0,13.970178926441353,3016.0974155069584,3067.4552683896623,3054.403578528827,0.6302186878727635,0.3220675944333996,5607.671968190855,-3.808151093439364,-4.592622742188333,47.29622266401591,37.91402445154185,21.449464674008823,37.12834050877192,23.538683710526342,37.33263391885964,25.00929078070177,30933.0,8143.0,30843.0
208.0,167.0,9.01923076923077,2369.1153846153848,2372.793269230769,2388.004807692308,0.8173076923076923,0.5769230769230769,4775.826923076923,-0.9533653846153848,-2.583523023701659,61.68269230769231,28.46046775138122,4.0544173480662975,28.62786962983425,-4.137226022099448,28.891368690607734,-3.7934903314917103,2603.0,367.0,2573.0
493.0,169.0,5.63894523326572,1341.0,1354.84584178499,1350.474645030426,0.7829614604462475,0.6835699797160243,3431.519269776876,1.9359026369168384,-4.699851417573519,67.99188640973631,35.10561036228811,-39.37842451906793,35.334242614406755,-43.52561985805097,34.985912046610146,-39.53315947669505,354358.0,23344.0,354295.0
245.0,156.0,9.591836734693878,2169.514285714285,2220.624489795918,2199.208163265306,0.8163265306122449,0.5428571428571428,4629.191836734693,-1.6502040816326529,-3.676568468731314,62.44897959183673,28.08735049537037,-16.74818419907407,28.10801993981481,-19.175485819444443,28.015050495370364,-18.40622216203704,5261.0,681.0,5027.0
295.0,193.0,11.806779661016948,2946.454237288136,2998.8101694915254,2989.227118644068,0.7423728813559322,0.6542372881355932,5164.779661016949,0.7735593220338983,-2.621675313092564,53.6271186440678,32.22153478544061,-30.41533936398467,32.93194186590038,-35.260688735632186,33.31643675478927,-36.29944421455938,4997.0,927.0,4982.0
259.0,182.0,8.397683397683398,1951.4478764478763,1998.3976833976835,1965.2548262548264,0.806949806949807,0.5675675675675675,3927.359073359073,-0.8694980694980694,-3.652731327167128,62.12355212355212,29.29570496551724,18.813080517241385,29.93850060344828,14.078183681034483,29.72351969827586,13.369680663793106,6424.0,875.0,6414.0
225.0,168.0,10.431111111111113,2775.3777777777777,2831.3155555555554,2816.9822222222224,0.76,0.4444444444444444,5471.368888888889,-1.6715555555555557,-3.101067530063546,53.06666666666667,21.380021058252428,22.119816223300973,21.715181771844662,22.37283837378641,21.59632543203884,21.822648470873787,5110.0,977.0,4960.0
348.0,166.0,8.672413793103448,2368.3936781609195,2444.6609195402298,2397.278735632184,0.5632183908045977,0.3477011494252873,5920.908045977011,-1.6117816091954025,-3.4860118518598706,46.4080459770115,30.738701297213648,6.685146154798749,31.43672702476782,5.929070303405561,31.508964077399405,5.02572912693497,25110.0,6320.0,25031.0
251.0,184.0,6.972111553784861,1888.6972111553785,1924.3505976095616,1909.605577689243,0.8326693227091634,0.5816733067729084,4396.171314741036,-2.052191235059761,-3.8315358299181583,61.87250996015936,29.04180822727273,9.30976044090909,30.57537678181819,2.381442359090908,31.159982454545453,3.231443236363636,4096.0,568.0,4066.0
273.0,164.0,11.58974358974359,3051.981684981685,3044.164835164835,3039.879120879121,0.7545787545787546,0.3626373626373626,5520.168498168498,-3.708424908424908,-3.678470859215973,62.014652014652015,28.15998071008402,21.177649957983157,27.042454953781508,20.90587781512601,27.161509575630248,21.074507647058784,30557.0,3573.0,30539.0
970.0,150.0,11.834020618556702,2855.0340206185565,2910.0896907216493,2885.579381443299,0.7164948453608248,0.1371134020618556,6018.054639175258,-3.4550515463917524,-4.658037930451214,62.56701030927835,42.386747531151016,35.00523517001058,42.870327592397054,24.42524219640969,42.43735776135165,33.19501294614574,620532.0,90428.0,620532.0
266.0,146.0,9.157894736842104,2479.0,2537.0676691729323,2508.59022556391,0.6954887218045113,0.5789473684210527,4906.255639097744,-0.2800751879699248,-3.72922196950638,55.037593984962406,32.37217619196429,9.648567687500002,32.35161756250001,1.4105910491071452,31.28531265178572,-0.8573683258928574,6416.0,1347.0,6366.0
463.0,205.0,7.399568034557236,2138.4794816414687,2192.902807775378,2185.4319654427645,0.8725701943844493,0.7257019438444925,5051.079913606912,2.046004319654427,-2.941031929564211,55.0755939524838,23.861174752886825,-2.345141621247093,24.0141378591224,-1.0818101062355463,24.00435399076212,-1.468986371824459,64100.0,19041.0,64080.0
330.0,216.0,8.736363636363636,2002.436363636364,2041.2636363636364,2031.8121212121207,0.8303030303030303,0.4969696969696969,4360.139393939394,-1.3924242424242423,-3.821184685980145,66.51515151515152,27.931279627586203,18.932980958620696,28.038567227586203,16.744463100000004,27.95818703103448,16.78820915517242,7457.0,918.0,7372.0
222.0,169.0,11.50900900900901,2995.0765765765764,3031.612612612613,3019.445945945946,0.7207207207207207,0.6126126126126126,5924.373873873874,-1.0157657657657655,-2.3871062605244875,54.95495495495496,28.61331752873563,4.2598690804597705,28.13205933908046,2.780772528735631,28.665881752873567,2.3031202873563217,2198.0,406.0,1930.0
644.0,303.0,8.871118012422361,2149.6164596273293,2197.436335403727,2190.4347826086955,0.7158385093167702,0.5605590062111802,4629.023291925466,-0.0360248447204959,-4.1631765354646495,56.599378881987576,31.500243734024195,-45.392193208981,28.29745494300519,-41.656190877374776,31.56691157512955,-45.490174297063895,34233.0,5582.0,33165.0
598.0,319.0,7.804347826086956,1829.23745819398,1830.9581939799327,1845.5869565217392,0.7608695652173914,0.6304347826086957,4001.834448160535,0.1882943143812706,-3.3040696040883155,58.09364548494983,31.104419179816528,-25.151583031192647,30.94301339449543,-24.449593122935777,31.89156684770644,-23.96369813211007,37818.0,5609.0,37671.0
872.0,404.0,11.471330275229358,2635.316513761468,2683.568807339449,2669.571100917431,0.7694954128440367,0.448394495412844,5557.618119266055,-2.688990825688073,-5.036599955614722,48.49770642201835,28.33767792762364,28.296339346200234,27.826228394451142,30.95608043184558,28.17897260072376,31.840731457177316,44541.0,9266.0,44536.0
738.0,357.0,9.36449864498645,2231.2737127371274,2254.1029810298105,2246.228997289973,0.7601626016260162,0.4607046070460704,5489.888888888889,-2.227371273712737,-4.136690041129253,56.05691056910569,24.41431988905325,16.097993072378145,24.874778572485205,13.266700940915811,24.71391074704141,15.657069734121126,37698.0,6146.0,37101.0
1194.0,509.0,14.307370184254609,3051.1499162479063,3091.79229480737,3078.774706867672,0.821608040201005,0.4974874371859296,5646.486599664991,-0.6767169179229475,-4.543478678317307,66.28140703517587,25.56338660192475,16.794432461067377,25.556698091863502,17.41133556342958,25.50769795800524,16.804460042869646,162828.0,18923.0,162462.0
1390.0,377.0,11.79568345323741,3067.9122302158275,3091.4093525179856,3092.406474820144,0.9014388489208632,0.6503597122302158,4895.379136690647,-0.4987050359712219,-2.957839636612314,57.73381294964029,33.94209711996964,-31.63461635535313,33.71276304631739,-31.81804640926354,33.58513921032652,-32.19609371602134,480092.0,95263.0,479849.0
1201.0,449.0,10.74271440466278,2333.0532889258952,2308.1532056619485,2358.1698584512906,0.8143213988343048,0.4512905911740216,4083.678601165696,-2.870691090757702,-4.51901634009874,51.973355537052456,32.91939658281111,14.756586731423434,32.32138752767858,13.78373342767855,32.61571756350627,14.604670067978512,197955.0,31166.0,197883.0
665.0,283.0,4.93984962406015,1488.900751879699,1542.0210526315789,1521.7578947368422,0.8571428571428571,0.7338345864661654,3601.046616541353,0.7461654135338328,-1.2226400097215773,77.2781954887218,8.799690063725494,46.20549591503268,10.022167269607843,37.08213382352941,9.237004892156866,41.698928594771246,199412.0,8500.0,199361.0
905.0,284.0,7.300552486187845,1772.814364640884,1826.043093922652,1771.489502762431,0.8607734806629834,0.5988950276243094,3906.766850828729,-1.7001104972375691,-4.341947460961092,56.23204419889503,29.78545825029518,1.0300527579692935,30.58556414876034,0.0584953482880567,29.939231017667847,0.20491267255593,169525.0,34782.0,169415.0
645.0,318.0,8.948837209302326,2198.172093023256,2229.651162790697,2222.713178294573,0.8232558139534883,0.5844961240310077,4021.24031007752,-2.526511627906977,-2.650077620250255,58.10852713178294,31.060986966841185,-8.97491780279231,30.949433781849915,-7.527534176265258,31.009445780104706,-8.017044013961591,21457.0,4179.0,21180.0
570.0,271.0,11.571929824561405,3360.817543859649,3383.736842105264,3380.371929824561,0.8736842105263158,0.5666666666666667,5438.945614035088,-0.1836842105263153,-2.8476703087017934,69.3157894736842,28.74843697098645,0.8078423191489393,28.524133845261108,-0.8237467988394581,28.47614150676981,-1.6379319806576365,150146.0,14917.0,150081.0
692.0,286.0,10.014450867052023,2454.7817919075146,2502.726878612717,2506.573699421965,0.888728323699422,0.4002890173410404,4266.885838150289,0.2174855491329461,-3.516903044696454,63.13583815028902,31.83840636538461,8.70613179166667,31.53276763621795,8.382189376602572,31.848049100961536,9.520525275641033,98299.0,17061.0,98247.0
1178.0,446.0,10.928692699490664,2542.2707979626484,2581.4966044142616,2564.1375212224107,0.7580645161290323,0.7122241086587436,6031.8259762309,-1.298471986417657,-4.085866755798934,63.2427843803056,32.350581473779386,5.177427174502703,33.839690976491866,2.536664538878832,32.91469136618445,3.7739253417721423,141736.0,18404.0,141297.0
452.0,278.0,8.90929203539823,2253.04203539823,2256.4115044247787,2275.537610619469,0.8694690265486725,0.6084070796460177,5080.407079646017,-1.2699115044247788,-3.8820040574317054,65.06637168141593,30.3440260831025,12.420935578947372,29.9816207063712,12.909940722991692,29.86450000554017,13.252762263157898,13694.0,1523.0,13499.0
290.0,228.0,9.127586206896552,2323.9103448275864,2354.310344827586,2352.2758620689656,0.8517241379310345,0.506896551724138,4507.610344827586,-1.438965517241379,-3.1266126710906508,63.27586206896552,26.55568642857143,0.1925754117647078,26.8751981092437,1.909741714285716,26.710921680672268,0.582513142857145,4464.0,542.0,4312.0
398.0,230.0,7.7537688442211055,1919.912060301508,1954.3517587939696,1950.462311557789,0.7336683417085427,0.7135678391959799,4901.706030150754,-0.1927135678391961,-2.686156542623836,54.79899497487437,35.75112999706746,-19.667332598240478,36.07807050146628,-20.20112102639296,35.81281002639297,-20.07624374193548,10099.0,2638.0,10062.0
551.0,282.0,6.680580762250454,1701.5735027223232,1749.7332123411977,1730.2395644283122,0.7568058076225045,0.7114337568058077,4475.6987295825775,-2.1460980036297648,-2.854329237967393,55.063520871143375,31.43788470623741,48.97675070221327,31.282216698189124,41.51600663782696,31.61134038028168,50.4159947665996,31081.0,4783.0,30429.0
1067.0,348.0,6.35613870665417,1610.560449859419,1616.1686972820994,1634.671977507029,0.8687910028116214,0.7938144329896907,3493.1471415182755,0.6179943767572633,-1.86541487075695,72.26804123711341,31.50904406338029,-32.97952009507047,31.28217778990613,-35.28696656220662,31.236186980046973,-32.45499205516437,854109.0,96917.0,854081.0
432.0,268.0,9.32638888888889,2297.708333333333,2316.962962962963,2306.578703703704,0.8263888888888888,0.4953703703703703,4365.805555555556,-1.5469907407407404,-3.2205857926421166,65.67129629629629,33.0309435,12.886118000000002,32.658886170329666,14.399513412087916,32.996279832417585,13.895955802197795,8208.0,980.0,8137.0
862.0,321.0,9.175174013921112,2733.4593967517403,2783.7470997679816,2761.4477958236657,0.7981438515081206,0.6577726218097448,4978.023201856148,-0.4520881670533645,-3.623717184988936,69.35034802784223,30.69183418590521,-57.81178365978128,30.55586291251517,-49.99174506318347,30.713949102065605,-49.04258880680436,286784.0,18012.0,286764.0
567.0,289.0,6.232804232804233,1587.2451499118165,1626.4708994708994,1607.63139329806,0.7689594356261023,0.6490299823633157,3722.8871252204585,-0.4442680776014109,-3.564611580418283,62.786596119929456,26.83588533817428,13.656752203319495,26.41517085684648,14.308564112033189,26.39871372614109,14.491876587136929,27892.0,3976.0,27858.0
360.0,254.0,8.230555555555556,2014.8305555555555,2042.675,2043.4333333333332,0.7777777777777778,0.6083333333333333,4123.366666666667,-1.4066666666666665,-4.093502818318101,57.66666666666666,29.62308723452769,11.020499563517925,29.70264984039088,7.004705328990231,29.712008879478827,8.00456265798046,5811.0,989.0,5804.0
526.0,293.0,7.17680608365019,2091.842205323194,2144.498098859316,2123.608365019011,0.8878326996197718,0.7053231939163498,4382.5,-0.6513307984790873,-2.1781102719562813,72.9657794676806,24.68621216424116,-7.302142548856542,24.894477985446976,-9.04792924324324,24.948940168399165,-7.048467413721408,59031.0,5000.0,55366.0
401.0,220.0,8.194513715710723,1972.1147132169576,2019.4763092269327,2009.558603491272,0.8403990024937655,0.6259351620947631,4182.087281795511,-3.4970074812967584,-4.329173825094249,66.9576059850374,24.521657526912183,17.55448210481586,25.68406092634561,14.341081764872518,24.724445600566572,17.586625419263456,14942.0,1875.0,14735.0
638.0,262.0,7.27115987460815,1806.9545454545453,1737.2382445141066,1821.622257053292,0.841692789968652,0.6677115987460815,4036.163009404389,-0.3794670846394979,-3.614601902276673,60.01567398119122,27.493001411764705,36.19243269485294,27.59469362683824,35.95173357169118,27.228361595588236,35.75547309375,76113.0,12429.0,75912.0
384.0,268.0,8.354166666666666,2220.739583333333,2254.895833333333,2246.278645833333,0.8072916666666666,0.4973958333333333,4668.489583333333,-0.4010416666666666,-3.838575666299533,59.0625,27.709340014880954,-28.845031758928577,29.11092974702381,-32.313046342261906,29.20751430357144,-31.634620717261907,5982.0,899.0,5892.0
359.0,254.0,9.607242339832869,2248.364902506964,2307.259052924791,2287.785515320334,0.8133704735376045,0.5571030640668524,4695.682451253482,0.2543175487465181,-3.047808936025432,57.10306406685237,31.25310226829268,-25.468992899390244,31.163383625,-27.37187180182926,31.16219213109756,-27.91286314329268,7790.0,1217.0,7766.0
926.0,263.0,13.008639308855292,3156.179265658747,3166.683585313175,3158.70626349892,0.8531317494600432,0.285097192224622,5183.796976241901,-2.7690064794816416,-5.07288102341843,78.17494600431965,31.591398752873538,-2.699603463218345,31.60379151839077,-2.553915439080418,31.602943839080435,-0.6955832724137497,832059.0,83602.0,832025.0
1546.0,345.0,15.004527813712809,3328.251617076326,3374.117723156533,3363.771021992238,0.7884864165588615,0.5769728331177232,7141.6455368693405,-1.1089262613195343,-5.855382067049095,61.41655886157827,31.377157481985044,35.402687951053714,31.472275664174035,34.331337363698175,31.37572615703603,35.66889446770905,585988.0,80036.0,585523.0
446.0,284.0,10.10762331838565,2237.2130044843047,2215.982062780269,2266.2645739910317,0.7219730941704036,0.5448430493273543,5061.9394618834085,-1.2798206278026905,-3.949388927351321,56.18834080717489,30.79872652289157,23.42624567710843,30.908489397590365,25.741993845783124,31.14153974698796,23.4479418939759,9916.0,1436.0,9886.0
571.0,291.0,16.211908931698773,3824.686514886165,3858.628721541156,3846.266199649737,0.681260945709282,0.3660245183887916,5981.295971978984,0.8070052539404554,-2.9399004919786624,55.83187390542907,28.834886539923986,24.77106371292776,28.794229819391663,25.181765138783277,28.815653507604598,25.20857677376426,115955.0,22841.0,115938.0
807.0,336.0,14.61090458488228,2992.7769516728627,3016.6071871127638,3005.198265179678,0.7967781908302355,0.4634448574969021,5168.339529120199,-0.925898389095415,-3.151080364161645,66.29491945477075,26.95516805920207,4.805130272844267,27.02043607335908,4.745509938223935,27.07668466409267,5.276585967824964,147364.0,17136.0,147359.0
632.0,349.0,16.651898734177216,4227.7072784810125,4262.988924050633,4254.908227848101,0.75,0.5585443037974683,7436.518987341772,-2.113291139240506,-2.2309516639633946,59.96835443037975,32.64976260034603,15.956034262975782,34.022781048611115,8.319657277777777,33.36909818544195,11.70890856152513,33825.0,4167.0,31701.0
540.0,320.0,13.23148148148148,3155.885185185185,3200.288888888889,3186.405555555556,0.7907407407407407,0.4444444444444444,5522.787037037037,-1.07962962962963,-2.479948636593565,56.75925925925926,29.833301263616573,17.174932967320252,29.669254206971683,18.238005143790843,29.77701597167757,17.889596605664483,14509.0,2367.0,14404.0
333.0,220.0,7.945945945945946,1999.7747747747749,2029.6126126126128,2007.4624624624623,0.8468468468468469,0.6456456456456456,4219.966966966967,0.1894894894894891,-1.9974786398014803,69.15915915915916,30.10551838768116,-8.135125971014501,29.22538927536232,-7.2063660434782655,29.102193351449277,-7.115266768115957,18999.0,2025.0,18989.0
561.0,275.0,39.90552584670232,8560.381461675579,8605.224598930481,8598.445632798574,0.7272727272727273,0.3975044563279857,11537.577540106951,0.9964349376114082,-3.290495229219903,57.5222816399287,32.761152826171895,0.1273994765625024,32.55509122070314,2.5540898808593773,32.58460555078127,0.7262826992187512,50875.0,5410.0,50760.0
1456.0,479.0,11.229395604395604,2519.4168956043954,2531.9361263736264,2533.904532967033,0.6662087912087912,0.3523351648351648,6284.717719780219,-3.3469093406593404,-6.100785812928746,53.9217032967033,27.10886287606835,22.764925455840487,27.225328656695115,23.20478045227924,27.26398070655267,23.401579044159583,434717.0,73773.0,434599.0
857.0,310.0,8.319719953325555,1981.3255542590432,1974.950991831972,1995.4889148191364,0.9159859976662778,0.352392065344224,4560.627771295216,-2.0274212368728106,-4.026931906940435,61.42357059509919,30.30489172413797,9.024239689655216,30.400251923645374,8.583197128078842,30.420979199507425,8.774484098522208,151829.0,26823.0,151711.0
1825.0,323.0,10.402191780821918,2864.1172602739725,2889.364931506849,2897.615890410959,0.9276712328767124,0.3857534246575342,5204.55397260274,-3.585589041095889,-5.770338385297522,57.03013698630137,38.308736179457625,7.133542075591466,39.102533697057176,12.67967211252166,38.38561750721298,10.47533062031163,1057733.0,183590.0,1057671.0
661.0,293.0,11.399394856278366,2683.211800302572,2754.178517397882,2723.74432677761,0.7851739788199698,0.4735249621785174,5164.806354009077,-2.9357034795764,-4.067858871550899,52.79878971255673,29.197509706984675,-7.953136037478708,29.342762705281093,-4.843006310051106,29.423599911413973,-5.136719427597955,25116.0,6387.0,24416.0
544.0,252.0,12.222426470588236,2568.3841911764707,2593.674632352941,2597.141544117647,0.7959558823529411,0.5533088235294118,4918.167279411765,-2.876654411764706,-4.569954303373913,57.5,33.47119365217392,39.04365975691698,33.80452763438736,39.04666140316204,34.01865187747037,40.83630542885375,38331.0,6527.0,38317.0
392.0,237.0,9.900510204081632,2462.9617346938776,2409.0229591836733,2493.3520408163267,0.8673469387755102,0.4974489795918367,5256.938775510204,-3.398214285714285,-4.607729698231684,67.55102040816327,30.12800939285714,22.450853472527477,30.37385827747252,21.643778862637365,30.46870072527473,21.90659990659341,45425.0,4620.0,45388.0
486.0,261.0,10.32716049382716,2715.442386831276,2752.59670781893,2743.40329218107,0.6296296296296297,0.4382716049382716,5138.565843621399,-1.2518518518518515,-3.637020215928792,47.757201646090536,30.205972154867258,-18.842114073008847,31.21288213938053,-19.148393409292037,31.010660053097343,-19.140827480088497,8115.0,2362.0,8080.0
429.0,264.0,22.256410256410252,4997.515151515152,5033.2610722610725,5011.764568764569,0.7738927738927739,0.4498834498834498,7800.135198135198,-1.2386946386946387,-3.603395620575157,61.23543123543124,26.725483635443048,18.25237363544304,26.62210687594937,19.181672658227853,26.703769154430383,19.70561984810127,27149.0,3068.0,27129.0
705.0,318.0,7.781560283687943,1718.331914893617,1751.1219858156028,1729.2921985815603,0.8553191489361702,0.7304964539007093,5057.651063829787,-4.725106382978725,-4.902538850063606,74.09929078014184,30.37915714070352,21.64932081909548,30.50828553768844,21.21760457788945,30.53735498324957,21.141556296482417,253550.0,25610.0,253509.0
440.0,260.0,10.963636363636365,2543.0022727272726,2529.927272727273,2571.3704545454543,0.7636363636363637,0.5136363636363637,4979.113636363636,-1.2027272727272726,-3.14630385678647,54.43181818181818,32.02066979797979,-7.536093939393933,32.18028154040405,-7.121275479797986,32.17286826515152,-7.86532466414142,9788.0,1976.0,9741.0
494.0,280.0,23.05060728744939,5406.716599190283,5464.224696356276,5430.034412955466,0.8238866396761133,0.3178137651821862,10597.692307692309,-1.8070850202429152,-3.758397775460504,54.37246963562753,24.97511505790646,4.918437608017816,26.37346003340757,-14.032656318485524,25.268403374164816,5.262142730512247,15083.0,3072.0,15071.0
633.0,230.0,20.39652448657188,4784.892575039495,4785.747235387046,4812.4439178515,0.9083728278041074,0.5639810426540285,9201.70458135861,-2.6195892575039497,-4.91042755933539,74.15481832543443,29.691685556113928,30.226220547738663,29.60646667671695,29.346916145728617,29.67514284254609,33.956063093802314,165334.0,17965.0,165154.0
405.0,252.0,10.550617283950617,2728.59012345679,2780.1604938271603,2755.0074074074078,0.7037037037037037,0.4617283950617284,4675.22962962963,-0.0459259259259257,-3.1115303378095227,55.55555555555556,33.891462591780815,-14.23817062191781,33.34165605753424,-7.854557443835617,33.81825722465753,-10.26432701917808,8722.0,1147.0,8636.0
345.0,268.0,10.379710144927536,2775.098550724638,2818.0753623188407,2794.68115942029,0.8376811594202899,0.5797101449275363,6491.182608695653,-1.67536231884058,-3.1848057772776315,57.21739130434783,27.31494618750001,0.5258107593749998,27.109435390625,-0.5629930687500007,27.21415290625,-0.8626235687500017,4388.0,768.0,4280.0
505.0,275.0,11.097029702970296,2498.522772277228,2476.1960396039603,2532.1544554455445,0.7227722772277227,0.4772277227722772,5128.295049504951,-0.1394059405940592,-2.849299500207413,55.10891089108911,33.45006276956521,18.84452009782609,34.69046701304347,15.786803963043482,33.97403232826086,18.597529617391316,13433.0,2363.0,12925.0
581.0,368.0,11.388984509466438,2636.5473321858863,2614.843373493976,2656.332185886403,0.8571428571428571,0.5490533562822719,5869.905335628228,1.0731497418244411,-4.048387848047284,53.23580034423408,22.9303750729927,20.44629299087591,23.07947862226277,20.254848927007306,23.306620410583932,20.08016437043796,34576.0,7022.0,34508.0
573.0,301.0,10.6282722513089,3164.956369982548,3185.897033158813,3178.415357766143,0.6614310645724258,0.5846422338568935,6640.712041884817,-1.0722513089005232,-2.967838576452249,44.48516579406632,28.920738664835163,-12.717430201465204,28.585570351648357,-14.273689831501835,28.55759102014652,-12.94271618681319,11427.0,4527.0,11365.0
696.0,284.0,15.729885057471265,3699.896551724138,3737.806034482759,3735.550287356322,0.6824712643678161,0.3591954022988505,6665.71408045977,-2.5558908045977007,-4.774004589818555,52.58620689655172,27.23406265119761,-2.7317810568862275,27.20213211077845,-2.3734154910179632,29.427062729041936,-4.194299691616763,60615.0,11259.0,60577.0
327.0,222.0,7.470948012232416,2145.7584097859326,2178.645259938838,2176.201834862385,0.8042813455657493,0.709480122324159,4545.7767584097855,-1.2694189602446484,-2.580421315797026,57.49235474006116,34.62344032894737,-2.673406921052629,34.48216303947368,-2.916265628289473,34.58953863815789,-2.614718338815787,5967.0,1034.0,4808.0
477.0,325.0,10.855345911949684,3116.0607966457023,3146.067085953878,3152.471698113208,0.7379454926624738,0.519916142557652,6469.16142557652,0.8048218029350109,-2.6043414274189405,55.303983228511534,32.09629020092379,-10.789608914549657,33.3938901408776,-18.4864207852194,33.62680190300232,-16.41525470207852,8302.0,1707.0,8250.0
926.0,317.0,15.807775377969762,3507.553995680345,3522.8250539956803,3502.8714902807774,0.7958963282937365,0.6015118790496761,5363.76241900648,0.1259179265658759,-3.5313520454721155,57.09503239740821,30.74427330269059,32.46187353923766,30.90546979932736,32.22307930829597,32.08595102130045,23.77996243721972,130552.0,26364.0,130285.0
517.0,264.0,8.870406189555126,2308.7485493230174,2325.5918762088977,2310.328820116054,0.7659574468085106,0.4912959381044487,4435.11411992263,-1.533655705996131,-3.1255132939831403,57.4468085106383,30.02461208387096,-15.012381830107527,30.07104835698924,-0.8303934430107528,30.058588206451603,12.543625954838705,21174.0,3856.0,21063.0
658.0,301.0,10.250759878419451,2491.9103343465044,2513.3130699088147,2508.2978723404253,0.8708206686930091,0.3753799392097264,4369.443768996961,-0.3492401215805463,-3.1099282979021603,71.21580547112463,23.641241026578054,7.1358450465116245,23.659715684385368,6.88803589700996,24.01942751827241,6.679033774086374,164841.0,16975.0,164648.0
817.0,300.0,12.3390452876377,3262.122399020808,3317.143206854345,3299.4479804161565,0.7503059975520195,0.4712362301101591,5032.975520195839,-2.710281517747858,-3.64853395328816,49.87760097919217,33.44232944669366,23.389585099865045,22.511818511471,40.98709060188933,27.71549992847504,30.68859045748988,65696.0,24716.0,65658.0
677.0,263.0,7.220088626292466,1859.711964549483,1923.301329394387,1860.8552437223043,0.8700147710487445,0.7548005908419497,4661.895125553914,0.8113737075332358,-1.6807585022862486,54.26883308714919,39.27141716852142,0.0246735262321281,39.19600796343399,-0.6633690763115938,39.27810804292524,-0.1795567869634221,123919.0,25583.0,123893.0
927.0,258.0,7.132686084142395,1626.779935275081,1645.3484358144551,1639.5609492988133,0.627831715210356,0.8414239482200647,6399.300970873786,-1.1905070118662353,-5.605360916818564,46.6990291262136,38.77482347450109,-3.4503545232815926,34.46653495232816,22.55308823392464,40.060851383592016,5.146785903547673,267642.0,38937.0,267614.0
892.0,247.0,30.682735426008968,8829.557174887892,8835.171524663678,8849.242152466368,0.8878923766816144,0.3452914798206278,27213.973094170404,-1.6265695067264574,-2.8435940927592998,54.181614349775785,31.42486299764708,-55.65556707882347,32.47514962117649,-56.13607254823524,31.943008527058844,-57.21320649058819,132150.0,19043.0,132132.0
440.0,296.0,8.922727272727272,2230.7386363636365,2216.427272727273,2251.3136363636363,0.7613636363636364,0.5227272727272727,4443.440909090909,-2.670681818181818,-3.53260731534182,58.13636363636363,28.96813605670103,-2.266288690721649,28.4657073814433,-1.4130445592783512,28.47725265979381,-2.082697806701032,18914.0,1516.0,12114.0
384.0,246.0,8.6484375,2080.0104166666665,2120.739583333333,2109.6328125,0.8515625,0.65625,4433.692708333333,-0.3033854166666667,-2.656006725420946,66.58854166666667,30.12989893352601,-2.385710835260114,30.53568221965318,-1.11617875433526,30.509967141618496,-1.2344275982658963,17038.0,1913.0,16972.0
487.0,295.0,13.57700205338809,3286.694045174538,3346.7679671457904,3344.211498973306,0.7638603696098563,0.5400410677618069,5974.776180698152,-1.4010266940451743,-3.621749868209456,60.205338809034906,30.380086940886702,11.753101246305416,31.0468622635468,10.62656074876847,30.52211338423645,11.92331689901478,24125.0,2950.0,24115.0
1090.0,241.0,7.161467889908256,1953.675229357798,1915.78623853211,1984.1559633027523,0.906422018348624,0.8064220183486238,5893.20366972477,-0.6434862385321105,-5.273324156577244,56.10091743119266,23.14524557884797,-53.11101778375795,22.98349854485364,-53.334135293672986,23.09781969405099,-53.25938468271925,1157567.0,184066.0,1157553.0
420.0,227.0,8.647619047619047,2068.638095238095,2106.9309523809525,2092.866666666667,0.8928571428571429,0.5190476190476191,5077.47380952381,-1.534285714285714,-4.638546758062256,61.88095238095238,33.63200884139785,5.390631830645164,33.35181666307277,6.941254619946092,33.26281189784946,6.6731897903225805,26333.0,4704.0,26318.0
302.0,210.0,7.152317880794702,1688.2781456953642,1715.7980132450332,1725.907284768212,0.7913907284768212,0.6225165562913907,3981.9966887417218,-1.317549668874172,-3.2544535409341893,54.17218543046358,26.56687477777778,8.901328593869732,27.544566302682,8.00119981992337,26.89190360153257,7.3974525019157085,4702.0,750.0,4538.0
458.0,253.0,9.626637554585152,2412.0458515283844,2457.602620087336,2462.6484716157206,0.7882096069868996,0.4650655021834061,5421.982532751092,-0.7146288209606981,-4.007485676669791,51.06986899563319,30.6084581025,0.5750922975000015,29.399643157499995,0.3722883800000051,30.0050703375,0.5694987800000081,9010.0,1997.0,8512.0
507.0,206.0,9.495069033530571,2078.4674556213017,2103.01775147929,2082.579881656805,0.90138067061144,0.3491124260355029,4383.579881656805,-3.3404339250493105,-4.609939109850736,70.84812623274162,24.85659504781704,29.69215334927231,24.67526373029045,30.55473919294602,24.59210911410787,30.592396807053905,222700.0,23812.0,222521.0
395.0,270.0,14.349367088607597,3232.7037974683544,3297.3291139240505,3275.3696202531646,0.8025316455696202,0.5924050632911393,6120.756962025316,-1.0159493670886075,-4.3287833567851095,47.392405063291136,28.78989221468926,20.32731992937853,29.97794157909604,19.30854650282486,29.05245872316384,19.56916402259887,12748.0,3459.0,12684.0
520.0,255.0,11.861538461538462,2604.692307692308,2639.548076923077,2633.8403846153847,0.8730769230769231,0.4596153846153846,4402.280769230769,-2.2386538461538463,-3.388947849060101,59.63461538461539,39.2779501830986,12.562972649899397,39.56542887927565,7.62565824346076,39.58202571026157,9.927760456740446,24531.0,4401.0,24516.0
416.0,231.0,9.78125,2468.848557692308,2512.9278846153848,2481.2403846153848,0.6418269230769231,0.4086538461538461,4736.552884615385,-2.376682692307692,-2.586735867472082,46.22596153846154,34.46751780205656,9.179164866323909,34.113889113110545,8.533236717223653,34.412363226221075,9.021534069408744,13734.0,5154.0,13692.0
312.0,206.0,7.541666666666667,1809.330128205128,1859.6891025641023,1840.6185897435896,0.7339743589743589,0.532051282051282,4291.291666666667,-0.4733974358974359,-3.6437275285119086,59.39102564102564,34.13841853358208,9.79805688432836,33.44109592910448,9.143094235074628,33.9740978880597,11.156845764925372,6938.0,1099.0,6938.0
377.0,206.0,10.63660477453581,2245.5915119363394,2284.4880636604776,2266.968169761273,0.7188328912466844,0.53315649867374,3997.039787798408,-1.39920424403183,-4.250129031380597,51.11405835543766,33.459442719764006,12.171579637168142,33.14671381120944,9.941714607669615,33.306635640118,10.782718970501474,13405.0,3106.0,13402.0
446.0,264.0,8.719730941704036,2210.5695067264573,2231.97533632287,2223.784753363229,0.7556053811659192,0.5717488789237668,4252.9394618834085,-1.0217488789237668,-3.4175145685501565,60.51569506726457,29.38680333850129,3.1591428217054296,28.790591434108528,4.265142912144708,29.31949110852713,2.704629987080108,12618.0,1734.0,12548.0
524.0,236.0,9.85114503816794,2723.654580152672,2720.517175572519,2721.070610687023,0.900763358778626,0.4561068702290076,4824.005725190839,0.1604961832061082,-2.857573916703401,59.61832061068702,42.771284851851846,-42.24288092592594,42.89337108024691,-42.38941248765432,42.83640456584362,-42.40859705967079,109477.0,21246.0,109356.0
1340.0,271.0,6.7029850746268655,2167.526119402985,2216.1716417910447,2202.6805970149253,0.7567164179104477,0.6985074626865672,4472.906716417911,-0.043059701492537,-5.617325676536339,57.92537313432836,7.470268563650293,30.00038270858917,19.9477352361963,26.81748290107371,7.411089801380352,29.915046544478777,534993.0,71934.0,534983.0
499.0,299.0,8.835671342685371,2104.6753507014027,2117.1442885771544,2126.2885771543088,0.8036072144288577,0.4909819639278557,4827.060120240481,-1.016032064128256,-3.5704346737221524,61.32264529058117,34.679608766816166,-6.389355383408065,34.2373790762332,-4.6352392914798175,34.109477040358755,-5.721282132286991,63005.0,6380.0,62975.0
475.0,228.0,16.51578947368421,3484.513684210526,3516.461052631579,3523.103157894737,0.7221052631578947,0.3242105263157894,8396.402105263158,0.5086315789473681,-5.2707396777553575,59.55789473684211,28.888007494279183,-19.273000915331817,30.43674336155608,-18.76992014187643,27.220334702517167,-19.787996842105272,31379.0,5451.0,31319.0
503.0,255.0,10.290258449304176,2328.8707753479125,2362.781312127237,2332.465208747515,0.8151093439363817,0.3001988071570576,5311.44930417495,0.2304174950298211,-3.958030178728368,66.99801192842942,32.09797426923078,-6.547711179487181,32.69730869444446,-5.339965079059832,33.151791750000015,-3.453170079059831,130231.0,13821.0,130177.0
431.0,267.0,10.531322505800464,2452.7006960556846,2455.048723897912,2480.058004640371,0.7563805104408353,0.4431554524361949,4722.199535962877,-1.846171693735499,-4.8439114450147605,51.76334106728538,26.766933529870126,30.283806758441557,26.450622376623382,26.00234356883116,26.46712653246753,29.579284277922078,7147.0,1556.0,7137.0
701.0,287.0,7.125534950071327,1760.676176890157,1811.509272467903,1777.9186875891585,0.5905848787446505,0.7104136947218259,3675.6861626248215,-0.6990014265335226,-3.0883593964239204,45.14978601997147,30.951170450832088,36.79561886535556,30.529876016641463,33.949251664145265,31.00138758547657,39.61370314674739,79811.0,24691.0,76677.0
323.0,223.0,8.427244582043343,2145.5789473684213,2168.176470588235,2161.4272445820434,0.7708978328173375,0.56656346749226,4391.4643962848295,-1.4792569659442725,-2.5188035431798093,52.07430340557276,30.330216174657536,2.536177890410962,30.036237989726036,1.213005595890412,30.40873045547946,-0.2976081027397244,5134.0,1269.0,5091.0
362.0,260.0,9.107734806629834,2367.4364640883978,2386.0524861878453,2405.966850828729,0.8535911602209945,0.4861878453038674,5408.458563535912,0.2762430939226517,-1.4467027168100868,59.226519337016576,30.042079551724136,-14.878028217241372,30.227316675862067,-15.7200836137931,30.11134070344828,-14.609393848275856,6440.0,1084.0,6385.0
573.0,261.0,8.642233856893542,1808.2739965095984,1849.0279232111693,1829.788830715532,0.8324607329842932,0.5026178010471204,3827.575916230367,-1.85392670157068,-4.874320084911886,68.2024432809773,25.072912957403677,36.287686261663296,24.424212099391504,38.309617020283966,25.9225955233266,37.120581178499,129784.0,14541.0,129471.0
366.0,267.0,8.191256830601093,2142.535519125683,2163.6775956284155,2148.751366120219,0.8169398907103825,0.6502732240437158,4490.281420765027,-0.7726775956284152,-1.5767597658643009,62.15846994535519,31.029237827838823,16.10675662230216,31.384349735507246,14.602026622302162,31.137089675182484,14.266127593525184,5928.0,779.0,5832.0
367.0,276.0,7.245231607629428,1794.493188010899,1800.5722070844686,1806.7356948228885,0.8555858310626703,0.6539509536784741,4167.367847411444,-1.1487738419618525,-1.872093976226389,61.798365122615806,29.66192309666667,5.003431100000001,30.932805316666677,7.661858753333334,30.614340306666676,7.129267810000001,5766.0,890.0,5716.0
457.0,303.0,8.938730853391684,2252.4814004376367,2278.024070021882,2263.142231947484,0.774617067833698,0.5207877461706784,4635.700218818381,-1.1564551422319471,-3.0297084943878896,61.55361050328228,28.66639228787879,0.1728994444444483,28.541287944444445,-1.530051977272726,28.60394769191919,-0.5414922550505018,8540.0,1200.0,8359.0
450.0,277.0,8.335555555555555,2208.391111111111,2244.704444444445,2232.2466666666664,0.8244444444444444,0.64,4489.711111111111,0.5533333333333335,-2.02191441931422,59.24444444444445,28.92928876726343,-3.9096072685422,29.16669913810741,-3.586767373401532,29.18983819181585,-4.304332590792838,14060.0,1717.0,13879.0
362.0,243.0,7.1353591160221,1631.6602209944751,1664.3232044198894,1654.3839779005525,0.7790055248618785,0.5883977900552486,3497.5939226519336,-2.5502762430939225,-4.071477354085574,60.38674033149172,25.04267363961039,0.6586235162337658,27.14135622077922,1.8161315357142889,25.923557227272724,1.1738989707792216,5878.0,857.0,5663.0
350.0,189.0,8.471428571428572,2012.9514285714288,2036.382857142857,2020.777142857143,0.8714285714285714,0.6628571428571428,4430.622857142857,-1.6274285714285712,-4.699442717384297,76.65714285714286,28.63228183177572,11.719991056074752,28.26181414953273,10.375575317756994,28.214807376947057,11.514762115264784,47731.0,4880.0,47711.0
279.0,218.0,8.842293906810037,2454.043010752688,2495.709677419354,2480.7813620071684,0.8279569892473119,0.6344086021505376,5146.551971326165,-1.4881720430107526,-3.332532070934935,58.67383512544803,30.550465508130078,3.2657914308943106,30.48860941463415,1.93705443902439,30.6670442195122,2.78351094308943,3461.0,553.0,3461.0
345.0,243.0,10.115942028985508,2499.6057971014493,2529.942028985507,2536.246376811594,0.8028985507246377,0.4753623188405797,4726.034782608695,-2.035652173913043,-3.1108417088154154,61.391304347826086,26.241189652733123,-8.167763990353697,25.9701551318328,-7.547275128617364,25.91311515434084,-6.054133704180065,6718.0,923.0,6697.0
839.0,283.0,9.153754469606676,2110.932061978546,2140.3742550655543,2121.84862932062,0.7926102502979738,0.5280095351609059,4735.655542312276,0.5209773539928488,-4.870381131080605,64.83909415971395,18.82156723007712,0.053786924164532,19.99914396529564,-5.56702861825192,20.63507738431877,-3.058830649100245,124968.0,14641.0,119236.0
616.0,270.0,10.032467532467532,2509.949675324676,2534.7272727272725,2531.7483766233768,0.7207792207792207,0.362012987012987,4912.112012987013,1.3366883116883064,-3.5115225146614293,56.83441558441559,30.48993117546846,-44.87590551959107,31.113004032367957,-39.37257916865421,30.40942017035773,-44.67924663202718,72894.0,13991.0,72864.0
586.0,341.0,7.177474402730375,1859.358361774744,1914.5716723549488,1903.476109215017,0.6706484641638225,0.5836177474402731,4613.160409556314,-1.7616040955631398,-2.951051535017547,51.80887372013652,32.215165300536675,-33.60300436493739,32.85147722361361,-34.56307014490161,32.94459082468695,-34.22367558318425,14495.0,3012.0,14435.0
252.0,200.0,9.11111111111111,2537.7301587301586,2541.0873015873017,2551.964285714286,0.7817460317460317,0.503968253968254,4722.027777777777,-0.6031746031746033,-3.4044382268624784,60.63492063492063,28.082847625000003,-10.899782602678572,28.741544633928577,-12.31264728125,28.668382044642858,-10.341660584821428,2860.0,446.0,2792.0
398.0,227.0,7.907035175879397,1902.0477386934676,1946.9547738693468,1934.2939698492464,0.7839195979899497,0.6608040201005025,3885.8467336683416,-1.4763819095477384,-3.258491274311444,62.68844221105528,25.52757520771513,-22.711045409495547,22.682197442136506,-19.97108762611276,23.58901156379822,-21.18112540059347,22334.0,3114.0,22316.0
407.0,220.0,9.565110565110563,2894.4471744471743,2927.373464373464,2933.2727272727275,0.8869778869778869,0.4226044226044226,5006.479115479116,-0.4422604422604425,-2.708562334114897,74.987714987715,28.62534941066667,-19.14570172,28.458310450666666,-17.990925160000003,28.474017384,-18.39721785333334,64885.0,6527.0,64869.0
307.0,227.0,8.964169381107492,2223.7524429967425,2237.0097719869705,2248.889250814332,0.7947882736156352,0.5700325732899023,5050.381107491857,-2.171986970684039,-3.766834196076924,58.85993485342019,30.028043419475654,20.09994271535581,29.223377565543075,22.962707764044943,28.76120416104869,22.28148529588016,3390.0,486.0,3287.0
331.0,237.0,7.888217522658611,2009.546827794562,2032.66163141994,2022.664652567976,0.7824773413897281,0.6042296072507553,4314.788519637462,-1.3540785498489425,-2.917643869711722,57.55287009063444,26.444373141914195,16.422611105610564,24.12164909570957,21.75686580528053,24.54532469966997,21.614521943894392,4159.0,662.0,4139.0
407.0,230.0,7.213759213759213,1815.3587223587224,1820.162162162162,1809.117936117936,0.6904176904176904,0.6535626535626535,4255.53316953317,0.3122850122850116,-3.569067806741192,56.58476658476658,19.552229898437503,31.94238930989583,19.357160263707573,31.49469790364581,19.244089180156656,30.96553514322916,13606.0,2546.0,13541.0
542.0,281.0,8.656826568265682,2005.3154981549812,2029.3560885608856,2019.9243542435424,0.8800738007380073,0.6051660516605166,4547.110701107011,-1.0038745387453871,-3.527719710794549,70.33210332103322,25.002196441406248,8.316484945312494,25.09326405447471,7.553201165369642,25.09145181054687,7.730477277343747,91300.0,7965.0,91249.0
446.0,248.0,6.997757847533633,1823.52466367713,1846.9372197309417,1844.0313901345287,0.7847533632286996,0.5627802690582959,3935.2354260089687,-0.5813901345291477,-2.453164291403692,61.52466367713004,31.24624722195703,-29.772502467780424,32.20134866348448,-33.76641386634844,31.60013876610978,-29.97974321479713,29788.0,4430.0,29778.0
386.0,247.0,8.520725388601036,2138.922279792746,2177.494818652849,2140.531088082901,0.8082901554404145,0.5518134715025906,4830.536269430052,-2.2072538860103625,-4.662919365504197,65.12953367875647,28.419490678770945,-4.754570681564245,28.63798311452514,-5.256404480446927,28.616306857541893,-5.220998055865921,16239.0,1706.0,15349.0
462.0,287.0,10.909090909090908,2822.2619047619046,2859.8549783549784,2840.225108225108,0.8376623376623377,0.4653679653679654,5118.497835497836,-1.89025974025974,-3.682799895362189,58.74458874458875,27.00248571698113,1.5497101627358445,27.29581515566037,-0.035624877358497,27.36215277830188,-0.019903115566044,39196.0,7580.0,39117.0
918.0,277.0,12.306100217864923,2644.567538126362,2699.97385620915,2687.877995642701,0.7254901960784313,0.3017429193899782,4483.184095860566,2.190740740740741,-4.516813110268292,49.4880174291939,38.97053121257153,-6.308542411428562,38.50952891771438,-3.2244900731428503,38.23954037371438,-3.0571417851428504,180806.0,47452.0,180721.0
857.0,292.0,10.408401400233371,2097.246207701284,2126.5799299883315,2118.452742123687,0.8354725787631272,0.4317386231038506,5438.325554259043,-2.742823803967328,-4.377961714601561,56.429404900816806,28.247728641990285,-13.209028084951468,27.07475997451456,-5.32080823786408,27.509260067961165,-9.03866170145632,210687.0,37396.0,210577.0
1249.0,586.0,13.10008006405124,2840.412329863891,2874.861489191353,2850.344275420336,0.5356285028022418,0.5668534827862289,5163.969575660529,-2.6219375500400317,-4.402918588113375,45.66052842273819,32.35284516920472,53.4648147969543,32.47091525719118,54.17714113536378,32.25691831895092,53.36179521742809,92823.0,32653.0,91772.0
490.0,332.0,10.289795918367346,2389.030612244898,2389.840816326531,2408.7551020408164,0.7551020408163265,0.4591836734693877,4517.177551020408,-3.494897959183673,-3.5226707015186056,60.89795918367347,29.200418309794987,22.55418264464693,29.529674719817766,24.85224458542141,29.429137195899774,23.51403692255125,16165.0,1961.0,16165.0
569.0,368.0,9.260105448154658,2161.6309314586997,2196.681898066784,2184.3198594024607,0.7785588752196837,0.4833040421792619,5013.908611599297,-1.3356766256590509,-2.571513847220769,59.96485061511424,31.328237032442747,10.063447108778629,31.343141265267175,9.741381143129772,31.275657627862596,9.06074030152672,22007.0,2629.0,21814.0
