mentions,events,avg_sentenceid,avg_a1co,avg_a2co,avg_actco,avg_raw_text,avg_root_event,avg_len,avg_goldstein,avg_tone,avg_confidence,avg_lat1,avg_lon1,avg_lat2,avg_lon2,avg_lata,avg_lona,total_num_mentions,total_num_sources,total_num_articles
7114.0,2106.0,8.878549339330897,2400.376159685128,2406.336800674726,2410.396401461906,0.4642957548495923,0.6578577452909755,4527.504076468935,-1.4344391341017717,-2.028322724671132,46.79926904694968,34.393978461756255,-83.83926886416444,33.10025258498571,-76.67822146005692,33.296530014164176,-82.46077588441949,2917033.0,374716.0,2895755.0
5919.0,1952.0,7.505152897448894,2056.669876668356,2042.810440952864,2072.0180773779352,0.3708396688629836,0.7026524750802501,4216.16387903362,0.4539956073661081,-1.8957882514774365,41.988511572900826,35.69327611798613,-88.68415869215124,35.51343978806377,-77.01636766276702,34.73182221732498,-81.25610162875068,1314803.0,271582.0,1258364.0
4775.0,1853.0,13.960837696335078,3219.4050261780103,2911.6286910994763,3261.1038743455497,0.2747643979057592,0.5229319371727749,6087.630994764398,0.0693193717277479,-2.159266252302641,39.03874345549738,36.35536958738888,-65.69200508421497,35.6531385950063,-54.4959986701227,35.89228792213283,-57.36085849661452,815738.0,166665.0,809047.0
4110.0,1865.0,8.331386861313868,2182.7420924574208,2215.333090024331,2217.069099756691,0.3223844282238443,0.6649635036496351,4535.322384428224,0.1525060827250608,-2.4403483544364524,38.51338199513382,37.9197828262045,-75.22846650786629,37.51092226647,-67.9780377394297,37.848145666175,-72.46613003294004,155412.0,38546.0,153514.0
6936.0,2215.0,13.09919261822376,3440.4211361014995,2653.429642445213,3475.4925028835064,0.2945501730103806,0.6513840830449827,6163.196943483275,0.8935409457900829,-2.248456004625585,35.52047289504037,37.49254240399952,-81.02659577945214,37.235947440950696,-67.57933276945356,36.930548908853936,-70.97283241718591,1327265.0,264054.0,1326202.0
5931.0,2005.0,9.377339403136064,2383.191704602934,2415.406845388636,2415.581689428427,0.5144157814871017,0.6997133704265722,4785.464677120216,0.7475130669364323,-2.53779776815642,45.31276344629911,34.94470985876363,-78.23381002895859,35.22475108721409,-67.82376659559698,34.98666963691774,-74.97580401473336,2798948.0,424267.0,2703125.0
4139.0,1900.0,7.533462188934525,2055.021744382701,2111.014496255134,2112.8748489973423,0.2986228557622614,0.7281952162358057,4563.9267939115725,1.1416525730852851,-1.486455915962704,37.23363131191109,37.33652960626065,-69.40174061946684,36.66245858820646,-62.6889418615121,36.882175161448096,-65.65237262671228,202850.0,52185.0,202208.0
4087.0,1821.0,8.772938585759727,2283.6004404208466,2299.5380474675803,2296.9469048201613,0.3829214582823587,0.6351847320773183,4861.187912894544,0.5000734034744309,-0.9046956669777504,39.29287986298018,36.36415030332922,-72.26132519531446,36.8853738702516,-60.28680404144063,36.77500547853969,-62.706143339171255,207718.0,48039.0,204733.0
7544.0,2338.0,6.733430540827148,1897.1937963944856,1894.676299045599,1909.2138123011664,0.3341728525980912,0.7553022269353128,4091.7252120890776,-1.4391834570519628,-2.489443592434037,39.3796394485684,34.24918024229368,-84.28860578974296,35.05267944137835,-77.97330336451736,33.88512652577731,-83.99530008103376,1202699.0,265111.0,1183601.0
5143.0,1728.0,7.33287964223216,1773.2288547540345,1815.9560567762007,1821.2218549484735,0.3865448181994944,0.7347851448570873,3985.8786700369433,-0.6368461987167022,-3.426025172642386,42.0843865448182,37.23799212558517,-70.29704198069406,36.51117382215295,-57.05782704563164,35.81897674726989,-59.06159544598267,1284630.0,227523.0,1283833.0
4711.0,1873.0,6.894502228826152,1867.5650604967095,1904.4209297389089,1894.870728083209,0.3226491190829972,0.6854171088940777,4085.339842920824,-0.0694544682657617,-2.120657626911216,39.902356187645935,35.98398337701397,-67.31963573920515,35.54031180665949,-51.16273793899036,34.105984369495154,-61.16530155896889,414470.0,85123.0,410222.0
3109.0,1596.0,6.938565455130267,1845.7684142811192,1879.6761016403989,1872.3875844322931,0.3303312962367321,0.72885172081055,4108.853972338373,0.6631071083949811,-1.6765538140598406,41.495657767770986,37.04685862897984,-61.12744082618588,35.48672036387263,-44.18339926218324,36.12760445419101,-50.28800740285905,111001.0,22446.0,109602.0
10241.0,2009.0,7.162191192266381,1590.336978810663,1636.2701884581584,1642.8730592715556,0.2974318914168538,0.7707255150864173,3059.349379943365,-1.6670247046186994,-3.532673377662733,45.264134361878725,34.57986390179363,-81.06219611947417,33.593375484060815,-70.29547186503153,33.643601833513024,-72.21377933885631,5856303.0,763036.0,5381031.0
7446.0,2253.0,7.933789954337899,1848.5820574805264,1878.410421702928,1608.9208971259736,0.3079505774912704,0.6004566210045662,3943.4456083803375,-0.6362207896857399,-1.3523343813394644,36.97421434327156,36.32098354929957,-80.49932731344279,36.227051875,-65.96520114399229,36.47747757947196,-72.19731276575952,1504959.0,418995.0,1472079.0
5689.0,1591.0,12.393918087537353,3285.7753559500798,3310.116364914748,3299.0444717876603,0.4746001054666901,0.6871154860256635,5491.766567059237,-1.9907189312708675,-1.777746708667158,50.88240464053437,37.66032607414102,-75.76836711627453,36.84115174321877,-70.74715361537035,38.19032548824592,-74.53501737233239,4901810.0,426413.0,4892274.0
5624.0,2064.0,6.700391180654338,1834.1881223328592,1857.3424608819344,1849.254089615932,0.3806899004267425,0.7130156472261735,3793.138335704125,0.3876600284495005,-0.8318775782329063,43.19701280227596,35.96008957355303,-75.4030894010034,35.45941729259976,-65.56652650313555,35.843378428596914,-71.02578515391501,1434417.0,74486.0,1426671.0
6070.0,2209.0,7.641845140032949,2055.8537067545303,2061.7265238879736,2087.811696869852,0.3556836902800659,0.6574958813838551,4419.829489291598,0.4452388797364069,-1.7204775740645024,41.17627677100494,36.65206461233265,-64.15269782129269,36.36804252480159,-58.26305198032412,36.69817070271168,-61.38342602463632,652483.0,127388.0,650322.0
7397.0,2153.0,8.041773692037312,2353.789779640395,2404.227659862106,2395.5434635663105,0.2734892523996214,0.6621603352710559,4564.779370014871,-0.2581992699743143,-1.7026015739100715,36.750033797485465,35.9242580519305,-69.56900053860825,34.987740255573755,-62.8144100357533,35.43799576672114,-66.00471449415463,1144096.0,301068.0,1127369.0
5985.0,2028.0,8.255973266499582,2304.6106934001677,2048.270843776107,2344.559231411863,0.4195488721804511,0.6263993316624895,4802.959231411863,-0.540300751879694,-2.568401607205774,45.46365914786968,37.69183846386565,-69.41657021647049,37.28911632773123,-55.75347052067212,37.53570162689088,-58.581874790756174,2329293.0,280350.0,2328065.0
10121.0,2846.0,6.919671969173007,1943.523762474064,1949.5601225175376,1961.288311431677,0.3514474854263412,0.7836182195435234,3837.3245726706846,1.2665942100583087,-1.6941753497081884,40.20057306590258,36.76639979138112,-75.47888690590571,35.84123725240789,-62.113778889318986,36.26559766646796,-70.09892020140941,2570301.0,455020.0,2554018.0
9628.0,2517.0,7.677087660988783,2007.8438928126295,2030.826963024512,2027.5717698379729,0.3223930203572912,0.6898628998753635,4396.681657665144,0.555016618196924,-2.558847161257643,40.293934358122144,34.86983736883457,-72.27705493486918,35.447701699476575,-72.624170389843,35.16161203539278,-68.60678094774875,2711057.0,542312.0,2665422.0
7619.0,2300.0,7.442709016931356,1855.510303189395,1864.621078881743,1893.162882268014,0.3056831605197532,0.7230607691298071,3758.625541409634,0.9702191888699354,-1.1962872720504194,36.781729885811785,38.04585364148227,-76.96188580000025,37.73621115187889,-68.29118707567585,37.2145391070536,-71.170333739354,1736516.0,187293.0,1736224.0
4727.0,2005.0,7.48529722868627,1865.1023905225304,1900.4484874127356,1903.6638459911148,0.3029405542627459,0.6746350751004866,4111.791622593612,-1.398624920668502,-2.8023692841283228,40.56907129257457,35.95092542594175,-74.01440032527282,35.66217209252513,-66.2788221068065,35.6817245072836,-68.32259797966174,414059.0,94943.0,412304.0
5230.0,1858.0,6.950860420650096,1915.8015296367116,1925.3921606118547,1933.5793499043975,0.3217973231357552,0.7912045889101338,4271.596367112811,-0.6199999999999999,-1.5822987414982517,39.02103250478012,37.34422241074866,-78.83834591343557,35.429582637742406,-45.98430362341641,36.310806479846526,-61.26754087101718,741400.0,147623.0,736141.0
7481.0,1942.0,8.559417190215212,2181.1423606469725,2205.96965646304,2196.2392728244886,0.3708060419729982,0.7128726106135543,4288.704050260661,0.7045849485362906,-2.025965973050529,42.34326961636145,36.82265403903092,-80.40485099609671,37.14045121668909,-76.33237850982503,37.03483062584117,-77.79286640807537,3200169.0,615382.0,3155518.0
9038.0,2188.0,8.741757025890683,2229.1973888028324,2230.403850409383,2276.732462934277,0.2310245629564062,0.6293427749502102,4182.760123921222,0.3792542597919893,-3.1653882952902057,35.76897543704359,36.52887015563689,-75.94725017714207,36.61875808491302,-57.95838509034474,36.834860838488,-64.71424742001992,2279890.0,302117.0,2251181.0
8492.0,2235.0,10.037682524729156,2325.294630240226,2263.210551106924,2348.8125294394727,0.2810880829015544,0.6261186999528968,4574.032618935468,0.795136599152142,-2.6801430748156623,36.78285445124824,31.188424425165262,-59.67420772780925,30.382728897544855,-44.64783822167137,30.6524734230406,-50.46835955429649,1290714.0,296804.0,1289108.0
6275.0,1952.0,8.405418326693226,2175.1102788844623,2222.0594422310755,2211.4022310756973,0.189003984063745,0.5754581673306773,4529.296733067729,0.8834741035856563,-2.544457766510936,33.49163346613546,36.3343048580138,-78.91832825766072,36.20644980747635,-59.86690807636774,36.44968143751004,-74.66831411888323,790314.0,248467.0,786458.0
7755.0,2058.0,8.09825918762089,2537.5949709864603,2544.745970341715,2576.4719535783365,0.2982591876208897,0.7983236621534494,4601.853127014829,1.196350741457122,-1.8428101595614248,38.0709219858156,41.79399784461474,-71.4273346267861,37.14521756268673,-83.86164238256666,36.89935223463682,-86.60633889153014,2894788.0,516857.0,2887350.0
11726.0,2584.0,9.196571720961964,2258.6103530615724,2274.663568139178,2300.371226334641,0.2076581954630735,0.6253624424356131,5178.853999658878,1.5795838308033492,-2.369601478264735,34.250383762578885,38.82764664701372,-79.38326490839972,36.92193088353422,-64.35527830573368,37.67443567461348,-74.0181546918741,2245743.0,605231.0,2175357.0
4215.0,1667.0,8.474495848161329,2257.82206405694,2301.6892052194544,2287.6189798339265,0.3330960854092527,0.6367734282325029,4805.669988137604,2.190984578884933,-2.1715988149941454,39.069988137603794,38.57900524433848,-67.95772939952315,36.66222567818826,-69.68480014660292,36.44790881764001,-62.06637717878412,516282.0,68587.0,515314.0
7634.0,1899.0,11.998952056588944,2947.4986900707363,2910.633743777836,3046.891668849882,0.2691904637149594,0.473539428870841,5577.508776526068,0.7023316740895985,-3.0059403697005287,37.83599685616976,39.396789793393935,-76.30424434188693,35.725726635083525,-66.19069152572703,36.35995725621788,-58.215100935780974,1319400.0,226596.0,1311003.0
12527.0,1936.0,12.626646443681649,3491.5785902450707,3567.709507463878,3556.206593757484,0.381096830845374,0.6587371278039434,6840.724115909635,-0.2771932625528869,-2.8800401224771672,39.75572762832282,38.581761983186695,-48.73213880360282,37.55276739290569,-29.863956930904727,37.43437603202554,-27.96811266293032,7374376.0,166946.0,7373003.0
4597.0,1993.0,7.586686969762889,2022.8251033282572,2056.069393082445,2045.0036980639547,0.372416793561018,0.6336741353056341,4431.956928431586,-0.6505982162279751,-2.266543359728584,43.541440069610616,37.53342373617487,-61.005893421420815,36.87386965311476,-56.98241318972679,37.6739857842623,-53.89965825224044,836295.0,86524.0,833150.0
12565.0,2500.0,11.579148428173498,3221.1840031834463,3191.842499005173,3238.626343016316,0.2457620374054914,0.7112614405093514,5924.867886987664,1.8258257063271095,-2.028073255241109,36.42817349781138,36.693920281792245,-73.34130830178215,36.38372417549798,-66.09246303765252,36.83369328623074,-65.61961879831388,3276577.0,742450.0,3216084.0
6634.0,2264.0,10.647573108230327,2575.336448598131,2605.319565872777,2596.835091950558,0.294995477841423,0.6089840217063611,4737.5975278866445,1.543955381368708,-1.6995578588605655,38.79559843231836,37.65969894329906,-73.71873415431237,36.85588061855678,-65.99672054115484,36.75409697240756,-68.02835981764417,767866.0,199142.0,724149.0
8139.0,2213.0,18.24843346848507,4273.726256296843,4310.407666789532,4276.168202481877,0.2587541467010689,0.646516771102101,6385.2194372773065,-0.6908342548224576,-3.6021927467866504,39.8894213048286,38.52081709932139,-73.95888257026492,38.938282221399454,-70.63096548599249,38.75357041392082,-73.85997721189645,3421076.0,576422.0,3408057.0
10627.0,2473.0,14.434082996141903,3076.396348922556,3029.1702267808414,3095.013550390515,0.240895831372918,0.671497129952009,6037.701326809071,0.4825068222452217,-2.4332259066834427,37.26263291615696,38.69843763379751,-72.14130141526944,38.70348860755886,-62.54090123595718,38.51413643364597,-66.02362574301415,2132082.0,450811.0,1982806.0
6467.0,2122.0,7.955002319468068,2097.186794495129,2132.840575228081,2124.251739601052,0.3700324725529612,0.6070821091696305,4651.075305396629,1.5779032008659346,-3.2233349535524107,39.93814751816917,34.593382826866105,-70.28165397911793,33.91527415926442,-65.38723570889825,34.26533062490257,-64.8302790054543,967052.0,217144.0,954534.0
7042.0,2031.0,9.033513206475432,2367.6748082930985,2374.3963362681056,2365.8291678500427,0.286850326611758,0.7042033513206476,4597.534507242261,1.3603379721669977,-3.05085124536675,38.64811133200795,37.48122794662072,-76.46621928870758,37.26393779595348,-57.2096033001868,37.67736426008322,-70.6622224974893,1821690.0,400832.0,1806163.0
4954.0,2021.0,7.958013726281792,2196.867178037949,2226.317521194994,2220.272103350828,0.3738393217601938,0.6606782398062172,4869.753330641905,1.1288050060557115,-1.7186681207363526,40.777149777957206,34.29054285308442,-64.77618712784096,34.18529227069805,-50.29686985511368,34.991764092938325,-61.056463984577896,391555.0,66086.0,390312.0
7793.0,2070.0,6.971512896188887,1668.078018734762,1738.2702425253433,1722.5399717695368,0.3220839214679841,0.707429744642628,4268.064930065443,0.8055306043885524,-2.253701022312573,36.59694597715899,35.18332586687304,-64.7589804427245,35.96894314023999,-45.10285820952135,35.781887586117946,-50.54527329750999,1110616.0,285509.0,1065572.0
4868.0,1954.0,7.456655710764174,1999.7271980279372,2017.786976170912,2029.6610517666395,0.3307313064913722,0.6400986031224322,4942.307313064914,-0.3270336894001643,-2.522836368128916,38.27239112571898,36.96979598423562,-75.69796936735113,36.22851355956831,-67.6322761000414,36.44791212033197,-69.71737386224049,647528.0,172129.0,646496.0
5134.0,2474.0,7.068757304246202,1898.7341254382548,1932.004090377873,1919.9801324503312,0.3248928710557071,0.6704324113751461,4112.066225165563,1.4343591741332289,-0.2278941190749085,39.23841059602649,37.4262568427253,-76.55412508109168,36.68274660710779,-65.23957941350876,37.68387215786372,-73.11236921323382,311145.0,65944.0,308091.0
5710.0,2167.0,7.618563922942207,2218.694921190893,2239.832049036778,2235.6760070052537,0.2509632224168126,0.7155866900175132,4590.357968476357,0.3764798598949221,-1.7576021674050497,34.55516637478109,39.01692554046908,-81.0712919386351,39.100409696702506,-70.60196854540645,38.81557009169461,-73.12190353923468,487093.0,173392.0,483346.0
3681.0,1478.0,8.354523227383863,2314.9130671013318,2341.2415104591146,2332.620483564249,0.2618853572398805,0.5406139635968487,4671.383048084759,0.3661233360499858,-1.3437203812985614,37.1746807932627,37.88011010731971,-65.10613855806284,37.50052389592504,-58.939827659691744,37.72187591685016,-63.10982945401992,391620.0,116425.0,391369.0
9917.0,2445.0,7.5635776948674,1973.940304527579,2009.3440556619944,1894.7411515579308,0.3748109307250176,0.6878088131491379,4796.875466370879,1.5538469295149786,-0.851460995207848,45.6872037914692,39.25965245964873,-80.37233745802439,38.20999496091763,-69.2620877235812,37.49648647853011,-70.85111044472627,5653338.0,585724.0,5535251.0
9564.0,2986.0,8.692388122124633,2253.174404015057,2279.7107904642407,2269.987348389795,0.3075073191133416,0.6617524048515265,4911.104035968214,-0.0345984943538279,-1.3491605692421138,39.36323713927227,38.15235942911114,-75.1011532883827,37.18115161611921,-68.18707609025066,37.71098989820547,-67.51285693136725,1307454.0,267858.0,1298651.0
4293.0,1728.0,6.698346144887025,1754.296995108316,1776.023992546005,1780.7407407407406,0.3314698346144887,0.7479617982762636,3673.237130211973,0.7102725366876296,-1.2399156136976497,36.38248311204286,38.10246275406742,-74.73751890025946,37.38921830700305,-65.89730869276124,37.86451932091485,-68.12434156472536,431438.0,118657.0,430585.0
5664.0,1631.0,9.955508474576272,2387.5969279661017,2417.8229166666665,2384.959922316384,0.3135593220338983,0.6419491525423728,4171.047492937853,1.3868820621468905,-0.3603117090823466,34.413841807909606,37.86370192642624,-83.27340944499709,36.62221652265861,-78.5674367835433,37.447094464723705,-79.62016504407298,1809547.0,497706.0,1769098.0
10540.0,1598.0,7.674667931688805,1723.3374762808348,1794.0826375711574,1743.5150853889943,0.16707779886148,0.6967741935483871,3583.0840607210625,2.037694497153724,-1.189515784652362,36.499051233396585,29.260334266933192,-97.40495003143832,29.142418271886875,-102.71914634248012,29.768076613317863,-92.26572407230698,9009220.0,1411629.0,8447937.0
4233.0,1511.0,7.211906449326719,1858.0356721001651,1883.877391920624,1866.835105126388,0.2721474131821403,0.7236002834868888,4144.695960311836,-0.6890385069690523,-2.2073917991492515,40.8433734939759,37.06978777666905,-88.11448510263715,32.164371072938955,-80.72732354549785,33.48300582466147,-82.08581433998583,499813.0,90764.0,462257.0
5880.0,1832.0,9.518027210884354,2664.734863945578,2684.6996598639457,2673.112755102041,0.2673469387755102,0.6488095238095238,5018.00612244898,1.187295918367344,-0.5265501055363803,35.85884353741496,36.487143314003056,-77.39002486628,36.84724707999313,-69.12773793433396,36.83023288248334,-72.19407514889984,744167.0,191928.0,741924.0
10242.0,2039.0,10.23608670181605,2731.283636008592,2770.947959382933,2761.8907439953136,0.282464362429213,0.7609841827768014,5748.767037687951,0.4082405780121199,-1.7421008873098671,40.20503807850029,39.514802721760695,-71.84367537779994,39.36887891540368,-69.97782908929099,39.61491482738413,-69.07605229809317,5355340.0,600833.0,5207676.0
10565.0,1948.0,18.1979176526266,4240.68793185045,4162.270137245622,4253.69304306673,0.1852342640795078,0.7093232371036441,7078.8675816374825,1.751869380028404,-1.3918916129497787,39.15380974917179,38.17772014432229,-80.50440780402519,37.73761236137512,-73.65794803285195,38.00117652772531,-76.68760534105536,5544085.0,618679.0,5538149.0
10269.0,2151.0,7.999610478138085,1889.8589930859869,1942.024150355439,1924.6900379783813,0.2317655078391274,0.6995812639984419,4063.670951407148,0.9260492745155324,-2.538596307076706,32.320576492355634,37.736563541931226,-68.87179228741562,36.34907684369824,-56.5736412889777,37.158035188909615,-63.20002862598832,2502072.0,748468.0,2488684.0
8418.0,1981.0,8.12544547398432,1909.427536231884,1924.8646947018292,1891.976003801378,0.2620574958422428,0.6682109764789737,4822.254573532906,0.980125920646228,-2.3510213139541527,36.67854597291518,38.090731133022665,-80.82827634564353,37.815939603203134,-72.77259245571884,37.96814329986862,-76.41922308557413,1713236.0,384478.0,1696748.0
8621.0,2336.0,6.614429880524301,1783.4524997100104,1868.4587634845143,1853.2845377566407,0.2808258902679503,0.7961953369678691,4213.684723349959,0.3122723581951032,-2.0984324091765663,39.74828906159378,38.01479510052054,-77.49794609046819,37.34314772232749,-60.65369494016076,38.03047079777691,-70.02702271132915,1975974.0,350954.0,1932908.0
5926.0,1953.0,8.600404994937563,2333.940263246709,2343.074924063449,2355.7563280458994,0.2478906513668579,0.7527843401957476,5189.037293283834,0.9466925413432328,-1.9134569270425468,34.96118798515018,37.82735698999497,-64.86139351619468,38.1110699660845,-57.01644791402414,37.93357524334412,-59.06678471663562,699558.0,170814.0,696976.0
7688.0,2273.0,7.448751300728408,1814.8590010405828,1848.126300728408,1841.6810613943808,0.288111342351717,0.7449271592091571,4226.841571279917,0.6100416233090554,-1.8374426537604849,40.39151925078044,37.00634178495477,-61.89155864145975,36.57144202914542,-53.29951237285004,36.530429228830336,-62.98161501063394,1227155.0,250058.0,1208984.0
9787.0,1974.0,8.258812710738734,1912.1194441606208,1961.6814141207724,1953.7750076632267,0.4012465515479718,0.7259630121589864,3992.648002452233,0.8414222948809653,-3.1267435012074785,42.58914887095126,38.30022659872475,-33.10038386035336,37.52558596425207,-48.30945960029247,38.573810439009,-51.315691170272565,11188249.0,1812271.0,11179952.0
5548.0,2126.0,8.06705118961788,2077.585976928623,2107.405371304975,2113.6350036049025,0.3352559480894015,0.6660057678442682,4667.61247296323,0.8032804614275402,-1.7601799523386985,41.479812545061286,36.99691202764134,-75.80866110892894,37.140671609383496,-66.28256403873432,37.19786602655024,-67.79564079614474,724297.0,126636.0,722683.0
4345.0,1750.0,7.505868814729574,1892.6945914844648,1947.6607594936709,1934.882163406214,0.384349827387802,0.7475258918296893,4228.380207134637,1.0406444188722663,-1.912493513968489,42.42807825086306,38.639143406822896,-64.83943159596201,38.03416739614758,-31.698822850545383,38.30949933859362,-59.91268130053378,748075.0,101306.0,745918.0
4607.0,1719.0,7.061645322335576,1831.2116344692856,1847.8146299110049,1867.2250922509224,0.364445409159974,0.7536357716518342,4240.956153679183,1.3675493813761692,-1.6782080124086365,43.17343173431734,37.38151447608651,-79.44334638196109,36.49740473160082,-72.41889474055469,36.71267142738593,-74.59380725420397,729619.0,106406.0,721394.0
7584.0,2379.0,7.423523206751055,1837.67207278481,1871.6101002109704,1864.1896097046413,0.2784810126582278,0.7560654008438819,4264.102056962025,-0.2793380801687763,-2.426182447645921,35.34941983122363,37.60297402989026,-54.20032605237394,36.33099524067707,-36.02095837900028,36.69264028563874,-39.82657999497483,977571.0,234902.0,972460.0
14127.0,2696.0,10.977843845119276,2486.946627026262,2888.397678204856,2887.44191972818,0.3379344517590429,0.6037375238904226,5764.229772775536,-1.9133644793657432,-2.747872617457196,37.97904721455369,37.59549424579824,-43.18353756854078,36.21177456447724,-33.98019957887616,37.492765532940936,-30.43516585681842,5177733.0,1000593.0,4955937.0
6488.0,2205.0,7.638409371146732,1916.3585080147968,1924.402281134402,1936.9346485819976,0.3159679408138101,0.6954377311960542,4042.16522811344,-0.5453452527743544,-1.92317371271708,38.82398273736128,36.71925842470211,-49.6234520275499,36.38920173223963,-42.81900579213744,36.51383256957133,-48.77842081550839,565047.0,119614.0,556298.0
10667.0,2273.0,7.96596981344333,1896.8205681072463,1923.8752226492925,1910.7288834723915,0.3791131527139776,0.70300928095997,4621.953032717727,0.7945157963813642,-1.9862216084233169,41.47089153463954,38.42434114283043,-41.750618814066826,37.78369488308772,-20.93682194018216,38.23610543431314,-34.231034993332614,2926554.0,525736.0,2868152.0
6545.0,1591.0,7.21100076394194,1664.0181818181818,1674.3474407944996,1711.2912146676852,0.1978609625668449,0.6137509549274255,4110.96180290298,-2.3878533231474406,-2.8288680106632995,35.25897631779985,35.43278672286952,-67.48759455533413,35.479603650827784,-60.60993937461667,36.34430257035561,-60.03720713473315,2282449.0,612349.0,2280267.0
5536.0,1877.0,7.230310693641618,1984.1210260115608,2003.6865968208087,2011.8249638728323,0.3787933526011561,0.7559609826589595,4106.967485549133,0.9714053468208051,-1.6674390931842915,44.60260115606936,37.82317444436328,-69.9806978375662,37.306189911200455,-63.22983796455329,37.31802586588709,-61.78555857500464,1283671.0,158727.0,1219545.0
9975.0,2243.0,9.411027568922306,2145.3788471177945,2185.4636591478697,2182.1825563909774,0.2269674185463659,0.657844611528822,4360.759899749373,0.7039999999999976,-2.8090203281128203,34.13032581453634,35.97468002728657,-86.16230857008546,36.37897895603841,-69.78121074168742,35.96878646184937,-78.61772385598749,3053595.0,661568.0,3040642.0
7421.0,2094.0,8.065759331626465,2054.062660018865,2089.2895836140683,2079.133539954184,0.2098099986524727,0.7286080043120873,4674.553564209676,1.1794502088667302,-1.6268149470826962,34.132866190540355,35.346918572588315,-71.98816778108504,34.190969565688,-52.19762487214173,34.559926122310905,-61.50073437965089,1696845.0,499190.0,1695150.0
5943.0,2105.0,6.875147232037691,1733.6013797745247,1777.3472993437658,1738.959784620562,0.3171798754837624,0.7092377587077233,3795.671209826687,1.341561500925454,-0.8732683299440852,38.20461046609456,37.82432658010859,-74.25591837474545,36.85349721826198,-66.95377696384922,37.71878480821447,-69.64582947742707,990970.0,227992.0,986995.0
4545.0,1708.0,6.388558855885589,1691.5586358635865,1734.7249724972498,1718.3599559955996,0.3405940594059406,0.7447744774477447,4618.6589658965895,1.807260726072606,-1.0515658160082018,43.625962596259626,36.038925974342,-71.98628227670875,35.81256064808674,-64.55278876509632,35.94691848263661,-69.39798367838985,890541.0,88901.0,889823.0
5247.0,1801.0,7.83704974271012,2021.861635220126,2028.7270821421764,2041.376596150181,0.3590623213264722,0.6912521440823327,4523.474938059844,0.6308366685725176,-1.7102699621489024,38.30951019630265,35.94949959752322,-65.2681274916794,35.20006598490714,-52.1322364984519,35.63398885642417,-60.05212740015463,563663.0,133625.0,551054.0
5167.0,1713.0,9.477646603444938,2408.5035804141667,2427.604993226244,2426.1037352428875,0.3073350106444745,0.647184052641765,4580.3712018579445,1.1317785949293582,-1.965927232073559,36.93052061157345,37.6027272114264,-64.89699730353695,36.72467464126001,-57.59392876220123,37.04493076010892,-57.92293261605773,587837.0,137244.0,587086.0
4914.0,1667.0,8.743996743996744,2254.991045991046,2161.9607244607246,2296.293854293854,0.4271469271469271,0.618030118030118,3973.199023199023,0.3783679283679268,-2.36974795062097,46.341066341066345,35.70011875975351,-78.76186902464028,35.51704736344971,-71.1501057470224,35.60303508418889,-74.71561287843919,704287.0,71650.0,703321.0
4916.0,1712.0,7.981082180634663,1922.4794548413345,1958.296379170057,1918.5783157038245,0.4212774613506916,0.6735150528885273,4206.6647681041495,0.2245728234336858,-2.249947296058171,43.58624898291293,39.09410522741178,-71.00336413032826,38.55511599632876,-64.3300306139098,38.98605093412196,-66.09489512502542,1169570.0,134716.0,1167445.0
9292.0,2056.0,9.687795953508394,2154.3721480843737,2136.424020662936,2166.8296383986226,0.3791433491175204,0.7040464916056823,4590.690809298321,0.0212871287128783,-3.781947797550703,34.65884631941455,34.69324196852095,-85.92990041451058,34.485557328589934,-74.0971217048294,34.53652576865037,-79.80471682988318,2812708.0,599283.0,2797829.0
3938.0,1283.0,8.384459116302692,2366.885220924327,2420.423057389538,2407.91061452514,0.3181818181818182,0.723463687150838,4556.959624174708,-0.3778567800914101,-1.779381254381616,40.78974098527171,36.91978178544055,-71.67863041379327,37.20104826309061,-61.019320364751,36.79581996168575,-68.65448288965523,1241478.0,183322.0,1211678.0
14675.0,2932.0,8.679659284497445,2029.8573764906305,2053.8755706984666,2056.9905962521293,0.1990459965928449,0.7238841567291312,4319.38800681431,-0.1331107325383258,-1.845177858270405,34.74548551959114,38.71057499181009,-82.62088769383,38.542615754845805,-77.65191525532316,38.90252794157808,-78.26337236186151,6343964.0,1115594.0,5716087.0
5939.0,2096.0,6.043441656844586,1700.881966661054,1760.6002694056235,1745.2468429028456,0.2771510355278666,0.8031655160801482,3815.6942246169383,-0.8232699107593888,-2.1883147887858083,42.88600774541168,38.10439220433383,-71.5101397732951,37.83549080751652,-65.91697838031749,37.81003671464862,-67.17491046049972,1221138.0,86846.0,1199735.0
4339.0,1956.0,7.941461166167319,2494.2830145194744,2459.9405392947683,2507.128601060152,0.3302604286702005,0.6220327264346623,4195.262963816547,-0.6863563032956908,-2.072650655213478,40.811246831067066,36.93984521143123,-67.9826635687732,36.00944608645132,-54.3112343826673,36.44351456066947,-59.73817563870817,432304.0,80375.0,379989.0
7939.0,1817.0,11.226099004912458,2943.685602720745,3006.848469580552,2977.224461519083,0.2427257841037914,0.3943821640005038,5593.581433429903,0.7938531301171443,-2.720544754244604,31.00642398286938,37.32280201262631,-65.3240340522726,36.51781513396473,-15.281874461742484,37.01321573598499,-50.33565919330808,1485013.0,552618.0,1482735.0
9469.0,1891.0,10.989650438272257,2809.896715598268,2827.3021438377864,2839.804836835991,0.3457598479248072,0.7867779068539444,5578.525081846024,1.0000844862181926,-3.0704716172384847,39.731756257260535,35.00955454200178,-68.64706600782894,34.04758412716893,-62.07645746148931,34.21238258643684,-62.68488432173064,4873931.0,733278.0,4863596.0
10487.0,3103.0,10.045389529894155,2621.657480690378,2619.4219509869363,2505.479736817012,0.3203013254505578,0.6684466482311433,5181.984933727472,1.8859063602555663,-1.9735610860321904,39.84743015161629,34.40341415090003,-73.72013725641521,34.629183068651955,-74.68255655486382,34.4621147901188,-74.77501668910367,1402251.0,291797.0,1355074.0
8806.0,2566.0,10.343061548943902,2667.670792641381,2710.862593686123,2695.116965705201,0.2432432432432432,0.6740858505564388,5018.880422439246,1.4054394730865307,-2.1221947302518425,31.62389280036339,37.40079330177725,-62.399758398040376,36.55966232866262,-40.22475640316704,36.556273495215386,-48.19773299863289,1496876.0,512806.0,1481861.0
8417.0,2139.0,10.36117381489842,2798.5902340501366,2832.686111441131,2827.354401805869,0.2136153023642628,0.6446477367232981,5109.555542354759,1.5527741475585124,-2.3837625588591083,36.761316383509566,37.18085981171701,-79.41284500298188,36.39282761115758,-74.00263344232349,36.82017628760749,-76.00910561099813,2138060.0,531452.0,2009746.0
5927.0,1963.0,9.214104943478995,2442.053484056015,2492.006917496204,2466.32039817783,0.3964906360722119,0.6359034924919859,5049.725662223722,-0.4159271132107336,-2.029246354526676,38.31786738653619,37.787409483389865,-46.77959821585904,36.80241209220339,-39.29339037868522,37.53528878118647,-48.5070441267367,1029469.0,237101.0,985739.0
5929.0,1748.0,8.975206611570249,2430.114859166807,2454.1907572946534,2454.063248439872,0.3582391634339686,0.6081969978073875,5173.074548827795,1.402934727610052,-1.425390793783733,40.81295328048575,37.03084238471987,-72.6683955447293,37.870034509677375,-63.82770195382781,36.40256423972836,-65.99979621320651,1427670.0,227763.0,1422181.0
11877.0,2130.0,9.444725098930707,2427.4462406331563,2455.1073503409957,2453.15668939968,0.3334175296792119,0.7340237433695378,4278.062894670371,0.4216468805253939,-4.055788117030329,38.10137240043782,32.21515683957796,-75.60499635704576,32.30440127021081,-70.15684913518935,32.50375007662434,-70.21139123670791,6175206.0,1358656.0,6167312.0
5164.0,1599.0,9.609024012393494,2585.4192486444617,2654.0900464756005,2640.362316034082,0.2910534469403563,0.4785050348567002,4728.9126646010845,-1.8594887683965888,-3.018505777085717,37.54066615027111,37.5803604886298,-56.1302581931973,37.43202515143863,-46.36897418487552,37.22238075490775,-53.00103609504378,1010017.0,186297.0,1009311.0
6691.0,2025.0,8.76191899566582,2340.656703033926,2383.675235390824,2381.58840233149,0.2066955612016141,0.6883873860409505,4611.316992975639,1.977013899267676,-2.4878191451940235,37.09311014795995,37.03722000150083,-68.89576085276884,35.55816915113313,-47.57196430346674,35.618134278703344,-58.24086903511909,1234288.0,294189.0,1218351.0
11213.0,2029.0,7.66244537590297,2368.956835815571,2396.87790956925,2275.317221082672,0.3017925622045839,0.749130473557478,4260.081066619103,1.3764915722821798,-1.270776029916232,28.67742798537412,33.10547988843262,-72.61328887549074,31.50858927159945,-56.76688986888588,31.291504183862852,-71.36810940565837,5147249.0,1737804.0,5132950.0
8995.0,2033.0,7.0772651473040575,1871.261367426348,1899.4187882156757,1879.255475264036,0.2604780433574208,0.7161756531406337,4714.444802668149,0.8126737076153401,-2.5422976108614823,36.78710394663702,31.935816709210258,-73.85728985933855,33.10149110903211,-47.75478480231655,32.30254282403374,-66.8813952838847,2132568.0,405829.0,2115826.0
11805.0,2495.0,8.658958068614993,2089.806437950021,2150.6161795849216,2136.975772977552,0.2135535789919525,0.7430749682337993,5216.368911478187,-4.034841168996188,-3.805880521094827,32.69207962727658,33.697040524549564,-81.99646126970764,33.98425907781161,-77.68373650314298,33.776043399676944,-79.40789242482153,3029905.0,917686.0,3004873.0
4955.0,1948.0,7.792532795156408,2472.597376387487,2491.8883955600404,2509.1648839556005,0.2643794147325933,0.6668012108980828,5545.989909182644,0.5748335015136228,-2.0002328284385955,40.26841574167508,37.344943491869934,-67.34344763619745,36.995652006300766,-61.43544627280123,36.78753911727643,-63.68214635466183,531874.0,69328.0,529876.0
5232.0,1469.0,6.593654434250764,1960.8327599388376,1994.558868501529,1995.5972859327217,0.2620412844036697,0.7024082568807339,4453.601490825688,0.6224388379204869,-1.7166380907383834,40.38035168195719,35.19864446167146,-67.69285810739669,34.43833832929869,-57.98741955504327,34.67188735100865,-61.33870539135442,640132.0,97600.0,630596.0
11373.0,2042.0,10.046249890090566,2583.396992877869,2642.780005275653,2615.537325243999,0.3160116064362965,0.6151411237140596,5016.538380374572,0.0678624813153942,-2.8272968973203074,35.333685043524135,39.37900646628354,-84.41511239690232,39.60845740123918,-77.11603535238923,39.697873855486975,-78.73184046097333,2931837.0,775768.0,2918458.0
8922.0,2005.0,7.909437345886572,2173.825487558843,2175.481730553688,2206.9711947993724,0.2790854068594485,0.6874019278188747,4588.497870432639,-0.0330531271015456,-1.810332938673817,38.48576552342524,38.32196748089439,-70.12558253495165,38.089739569565936,-66.31660279444822,38.52078523128774,-72.36550315509119,2261592.0,439328.0,2252598.0
5770.0,1549.0,10.38578856152513,3083.3143847487004,3143.37712305026,3128.217677642981,0.231369150779896,0.4729636048526863,5051.719410745234,-1.37265164644714,-2.1900358491392606,38.2790294627383,36.95468092503496,-83.88694614836115,35.66035572838222,-73.70313985930947,36.32473178225257,-80.62965016056478,1252366.0,270718.0,1237233.0
6105.0,1536.0,9.243570843570843,2637.495004095004,2680.6502866502865,2671.474365274365,0.2684684684684684,0.4771498771498771,4566.792301392301,-1.1046027846027815,-1.9635740507968364,38.95167895167895,36.7165459801423,-83.47796702300178,35.95856869882504,-66.99400097302656,36.3868227585636,-80.10634400827404,1297293.0,297644.0,1289911.0
3391.0,1044.0,12.316130934827484,3878.038631672073,3827.496018873489,3907.814803892657,0.3441462695370097,0.6882925390740194,7342.102919492775,0.6193748156885865,-1.066021468596452,47.63786493659688,38.45675455094785,-80.6004777928993,38.16691975829385,-76.09275434408275,38.20361309561872,-78.88414710443779,926022.0,84056.0,912043.0
4023.0,1292.0,9.05990554312702,2571.0795426298782,2591.5724583644046,2605.1073825503354,0.2398707432264479,0.5540641312453393,4655.894357444693,0.1659706686552297,-2.7317185310021768,33.13944817300522,37.63635899351615,-62.50454988004992,37.60996866309224,-55.58568576733164,37.67798353067329,-58.4673254206982,338538.0,127382.0,337937.0
5399.0,1652.0,9.232635673272828,2856.760511205779,2917.5680681607705,2898.542693091313,0.2052231894795332,0.6203000555658456,4951.344878681237,0.3589924060011109,-1.3330195316863702,37.2550472309687,37.99112761135866,-74.9932769526816,37.28855548635612,-70.20255765188364,37.55458517461504,-73.48047579012824,1372536.0,317753.0,1367190.0
5190.0,1692.0,8.927938342967245,2550.089402697495,2594.4227360308287,2587.812331406551,0.2953757225433526,0.613102119460501,4889.216377649325,-0.3331791907514435,-2.5730468111845126,38.02119460500963,37.1639190517208,-66.31999081920685,36.80094045274214,-54.2819647393079,36.76334334111242,-60.14009001263608,441598.0,105180.0,432157.0
4185.0,1591.0,6.2377538829151735,2166.636081242533,2208.45256869773,2201.1342891278373,0.4367980884109916,0.7464755077658304,4215.719474313023,-0.2560095579450405,-2.5703380086408214,50.8936678614098,38.31658198769137,-66.50694558901229,38.43174348183727,-62.27161273131188,38.26614598919243,-65.67659617352143,1574506.0,33941.0,1554935.0
5098.0,1831.0,8.734209493919185,3014.843664182032,3050.5945468811296,3002.299921537858,0.2514711651628089,0.6125931737936445,4673.6653589643,0.9843860337387184,-1.8257397298051008,36.17693213024715,36.3534612644431,-80.42854055588643,34.48542154298191,-72.44106184097669,35.34797191780819,-77.58855682529286,441461.0,74047.0,404349.0
8901.0,2117.0,8.476126277946298,2184.994607347489,2186.4834288282213,2174.8848443995057,0.2080665093809684,0.7294685990338164,4499.314459049545,0.9509718009212412,-1.5275527942441045,35.947646331872825,37.66180771384063,-65.89997095959816,36.82310220951183,-57.48867829366267,37.00048743299103,-61.75789252799253,2603930.0,433184.0,2583498.0
7433.0,1695.0,9.912148526839768,2253.986950087448,2252.8385577828603,2285.8599488766317,0.3839634064307816,0.5583210009417463,4407.5014126194,-2.0131171801426007,-3.7828857391983712,42.18485133862505,36.11206997930455,-72.47902810347611,35.36852188703983,-66.12300393614694,35.91640722670075,-67.18002755484919,6861198.0,804390.0,6859205.0
4766.0,1676.0,11.09399916072178,2817.5234997901803,2851.418590012589,2829.4464960134283,0.3801930339907679,0.4731430969366345,5296.9269827947965,-1.0749895090222357,-2.308629143450136,44.46496013428452,35.18384559623916,-49.81124480460493,34.083895707100545,-40.71111241423743,34.334316061099365,-48.58995070130958,950837.0,149372.0,948782.0
4127.0,1606.0,7.618609159195541,2080.394717712624,2121.601889992731,2124.0697843469834,0.2900411921492609,0.6280591228495275,4618.409256118246,0.4770293191180035,-2.4651137198358497,38.43469832808336,36.619853945325815,-72.83815104515493,36.60813845277029,-65.39627858896753,36.77270519892602,-68.21826153868685,363585.0,93391.0,363031.0
5705.0,1627.0,11.43225241016652,3185.0413672217355,3187.2497808939524,3167.3297107800176,0.4662576687116564,0.5877300613496933,5121.299737072744,0.7300788781770371,-2.060323682167702,34.67134092900964,35.61233473922216,-66.73718246788656,36.10167944747491,-53.24158274432536,35.63407297184577,-58.42522525796221,1331993.0,414251.0,1312689.0
8095.0,2055.0,12.07893761581223,2785.564051883879,2786.291290920321,2813.889437924645,0.3390982087708462,0.6536133415688696,4718.661519456455,0.4443113032736242,-2.2652591027657474,40.98949969116739,36.54159199092256,-90.7894692474511,36.48186359226557,-86.78917623551385,36.63333284365664,-88.03153360805788,2482144.0,477033.0,2473622.0
5283.0,1687.0,9.6519023282226,2537.213515048268,2381.8860495930344,2566.2894188907817,0.2850653038046564,0.5705091803899299,4865.041643005868,-0.1289797463562391,-2.148538027063021,39.32046185879236,37.222082588628176,-68.14071473287534,37.332923264644144,-66.51521723545117,36.9297086849838,-67.31804848330466,754448.0,163245.0,736529.0
4969.0,1764.0,8.576373515797947,2185.309921513383,2194.6291004226205,2227.771583819682,0.3036828335681223,0.5661098812638358,4366.749446568726,1.1263030790903596,-1.3536620036185831,38.50674179915476,37.43875530176072,-73.64496573538327,37.09028073841795,-64.05210544385989,36.91327828140802,-67.1976610578595,614084.0,154915.0,605189.0
15950.0,2693.0,10.720188087774297,2553.851598746081,2594.5537304075237,2580.019937304075,0.3766144200626959,0.6452664576802508,5118.981943573668,0.4824075235109831,-1.8261917275767383,39.3448275862069,35.05820579707248,-90.28948976113656,33.44946377432952,-83.3152421574421,34.094949146949986,-83.0943433559092,7057309.0,1109508.0,7035415.0
13513.0,2857.0,12.55102493894768,2785.6851920372974,2840.5531710204987,2839.460001480056,0.2567897580108044,0.5468807814696959,5861.625471767928,-1.5064604454969266,-3.290776548527105,36.05269000222008,38.57946895153792,-59.71509706506064,38.07843631159707,-47.23267156924751,38.798385121156215,-53.71825554560905,4180792.0,1059231.0,4165967.0
6939.0,2237.0,8.103329009943796,2621.339674304654,2610.383916990921,2661.375270211846,0.3262717970889177,0.6666666666666666,4323.175961954172,0.4364173512033415,-2.193852101641415,38.65398472402364,37.95468228061304,-74.33399464204116,36.06264349934949,-68.5760786333669,37.39214568266598,-72.50801561587379,1037498.0,201329.0,1022291.0
5670.0,1777.0,8.714109347442681,2534.635626102293,2565.5188712522045,2559.0599647266317,0.3312169312169312,0.6922398589065256,5253.566490299823,1.0417107583774214,-2.211915363393425,42.81657848324515,36.41827302963091,-73.8826417120299,36.96171088961837,-70.72159031251125,36.91384287258203,-71.10411769476497,3037251.0,403760.0,3025070.0
5944.0,1802.0,8.786675639300135,2329.862718707941,2348.559387617766,2340.3272207267837,0.4175639300134589,0.7208950201884253,4523.87836473755,0.4803499327052518,-1.8719556888176796,46.28869448183042,35.92777792221672,-81.07066867768175,35.384058868835936,-76.04409602830034,35.40173395543144,-75.92744529537369,2790995.0,311972.0,2709911.0
10752.0,2071.0,14.140345982142858,2962.579427083333,2973.8785342261904,2981.9801897321427,0.335844494047619,0.7266555059523809,5052.394159226191,1.6204148065476236,-1.7220199018260374,34.27827380952381,36.37872980936418,-65.4556942988246,36.692217381085854,-41.93568705316178,36.15093571675087,-47.573430002518165,4159000.0,972248.0,4148617.0
10116.0,1939.0,11.28202846975089,2685.5170027678923,2756.345689996046,2744.2442665085014,0.3943258204824041,0.7898378805852115,4928.541122973507,1.493080268880989,-1.69991869009545,41.247528667457495,36.569425001687215,-57.73076148848968,36.7255370017864,-23.428983584441312,36.63578767728507,-25.41108270063501,6146534.0,866048.0,6145124.0
6725.0,2048.0,8.232862453531599,2042.133234200744,2070.281189591078,2068.188847583643,0.3815613382899628,0.7669888475836432,4030.252788104089,0.9621710037174688,-1.157163765150799,42.4,36.561385248690016,-74.49803226336263,36.17403175265767,-51.68380608773754,36.34214986360242,-58.16287572945039,1568814.0,233399.0,1474198.0
9627.0,2215.0,11.983587825906303,2861.8864651500985,2921.9569959488936,2910.480731276618,0.2694505037914199,0.5757764620338631,4974.800041549808,-0.4899968837644081,-3.5154117756055734,34.162251999584505,38.945098159503296,-47.74864317911533,41.3949016131858,-47.83578652180256,40.469530308887805,-33.08700975975366,4029139.0,1247118.0,4023278.0
5382.0,1853.0,7.729840208101078,2530.9221479004086,2565.710516536604,2557.261241174285,0.3262727610553697,0.7147900408769974,4933.569119286511,0.1665551839464867,-1.2840545463822244,38.26086956521739,37.74336087408935,-70.27742741827,37.556979900971655,-63.39277145357736,37.89244103474692,-66.30690744815979,726936.0,185233.0,722895.0
6471.0,1870.0,5.416782568382012,1493.485705455107,1493.870808221295,1510.1934785968165,0.330551692165044,0.8069850100448154,3360.4450625869263,-0.4263792304126141,-2.068377616601674,37.816411682892905,37.02763552100188,-73.96067565899197,36.69034957871815,-62.21480137305549,36.99444889887991,-68.423689441506,1539255.0,205474.0,1490381.0
11706.0,2341.0,9.860413463181274,2431.459422518367,2417.0684264479755,2480.208781821288,0.3572526909277294,0.6705108491371946,4713.75978130873,2.7960362207415246,-2.751140219794595,37.20058089868444,38.03617795988042,-64.8442772546623,37.22325251993168,-62.82003068434592,37.50424222737397,-62.13679649640747,9356639.0,1472460.0,9352283.0
5290.0,1904.0,8.844045368620037,2361.6275992438564,2362.086956521739,2401.6202268431,0.264461247637051,0.632703213610586,4095.83213610586,-0.5214555765595441,-2.0577053184057466,36.74480151228733,37.0318008297261,-72.3280305680903,37.74070683183301,-73.32891587550279,37.40389626240187,-65.5089979835281,595015.0,161831.0,594164.0
4327.0,1684.0,6.2186272244049,1921.4945689854403,1932.824358678068,1948.5400970649407,0.2146984053616824,0.7263693089900624,4211.979431476774,0.748925352438176,-1.5485308707605716,35.62745551190201,38.11597385864488,-81.37993594649542,37.85133536822432,-76.69205139439259,38.12812595771029,-77.85042376822442,488549.0,114972.0,470216.0
5625.0,1741.0,9.3184,2438.211911111111,2415.7944888888887,2487.895288888889,0.2128,0.6999111111111112,4410.252622222222,1.231982222222225,-1.259901039029393,31.83288888888889,40.43591253971383,-79.56280354454375,39.980027372271934,-70.98456995724507,39.96358535939179,-72.09807661395348,850225.0,302821.0,846370.0
5038.0,1691.0,7.962286621675268,2049.651052004764,2120.714966256451,2115.702858277094,0.2459309249702262,0.6089718142119889,4587.151052004764,0.0374950377133773,-2.026550907648811,35.617308455736406,36.93936831180224,-78.46934123803834,37.284071811139945,-64.95373332222007,36.772335404471946,-67.70154275024963,355710.0,102652.0,351911.0
3416.0,1484.0,7.701405152224824,2111.992974238876,2134.499707259953,2141.878805620609,0.3135245901639344,0.6917447306791569,4594.471896955503,1.3301814988290388,-1.6739288635863208,39.09543325526932,37.22264118061284,-72.04930098202712,37.21402285798467,-64.21734985533296,37.378208629640525,-68.18758550677667,178636.0,37842.0,176813.0
5589.0,1656.0,12.998568616926104,4847.039899803185,4891.260869565217,4885.888531043121,0.2483449633208087,0.6419753086419753,13429.789407765253,0.5682411880479502,-2.793715763804547,45.169082125603865,33.98676451042423,-82.58265920988298,34.94772072061211,-76.675408085175,34.58709574977503,-78.87587451123072,2788965.0,366148.0,1708433.0
5359.0,1866.0,9.311438701250234,2451.849412203769,2476.361261429371,2501.215525284568,0.2972569509236797,0.6346333271132674,5097.404553088263,-0.2690613920507569,-2.909413766785218,41.00018660197798,37.76082003923414,-80.10222726032289,34.4807429230047,-65.45815406700446,37.06315438516434,-73.56562287575078,609398.0,132767.0,600234.0
6005.0,1902.0,6.63563696919234,1570.9227310574522,1595.003164029975,1594.430807660283,0.2924229808492922,0.7916736053288926,4400.415653621982,1.474138218151541,-2.2847008602368257,41.00582847626978,37.15777363783883,-72.04913295868171,36.811782415189086,-74.92934300903295,36.60945646821686,-73.95049159518216,2105348.0,278291.0,2055898.0
4300.0,1667.0,7.060697674418605,2437.5148837209304,2476.477441860465,2494.0516279069766,0.2783720930232558,0.7427906976744186,5577.075581395349,0.2007441860465099,-2.474211358450792,38.53023255813954,36.04800973086884,-81.70445982057903,34.02894827572404,-54.46881771956679,35.00169574688014,-70.51713117376957,488935.0,142350.0,480667.0
5619.0,2004.0,10.852464851397048,2788.0580174408256,2837.165687844812,2882.5497419469657,0.3082399003381385,0.6090051610606869,5404.10108560242,0.9971525182416804,-1.5700752013268655,35.83021890016017,36.023891691384534,-77.72823021977418,35.30709697241622,-64.45902104603256,35.8324090761239,-72.02534627082206,456395.0,105809.0,448253.0
5374.0,1658.0,7.115370301451433,1823.2195757350205,1855.310011164868,1854.0625232601412,0.2727949385932266,0.7030145143282471,4396.5506140677335,-1.1949013770003731,-2.866077377615025,36.11276516561221,38.07945402806885,-62.34260036526929,35.92032714857783,-46.40655230333083,36.46962022492513,-50.19930739202839,926003.0,223112.0,925602.0
10993.0,2165.0,9.977531156190302,2920.5206949877197,2970.476121168016,2978.484217229146,0.3605021377240062,0.5219685254252706,5936.157736741563,0.4297552988265281,-3.819270725096588,38.78831983989812,37.108206677121366,-77.6947181620338,36.61847840087788,-71.71375644266635,36.9100377701171,-74.48921938149226,7658412.0,1684897.0,7645316.0
6456.0,1866.0,9.866016109045848,2740.417441140025,2753.0975836431226,2756.66124535316,0.2998760842627013,0.6976456009913259,7203.233426270136,1.1157372986369247,-2.8544477577606977,37.75867410161091,35.054817985362895,-72.16252920865753,34.82669429071947,-61.92202185798801,34.39694597072571,-66.31899064092167,1092125.0,256202.0,1091208.0
3642.0,1575.0,7.50823723228995,1885.351729818781,1862.1383855024712,1912.7611202635917,0.3377265238879736,0.7166392092257001,3925.528830313015,1.3473366282262471,-1.955925727679592,42.49313563975837,37.68288260193368,-69.6644377414365,37.51472836270718,-59.83492624806637,37.338443311325946,-62.32638762237573,339274.0,66531.0,338953.0
6762.0,1584.0,5.404761904761905,1250.949866903283,1268.8898254954156,1297.893818396924,0.2821650399290151,0.7913339248742975,3500.3337769890563,0.7673765158237185,-3.412827185559381,29.0150842945874,39.87374662438804,-76.15145227028623,39.217006723334734,-63.19349385180238,37.88039219908016,-58.222945110814464,1171869.0,425788.0,1168102.0
6491.0,1766.0,7.724695732552766,1885.784162686797,1874.3024187336312,1902.0409798182095,0.2492682175319673,0.721306424279772,3995.7561238638114,2.152642119858276,-1.5181962406342635,36.79094130334309,37.22119801066806,-73.65179003184863,36.99410443228213,-69.26163282220111,37.118669375695866,-70.24770932158269,1509911.0,396714.0,1506476.0
6373.0,1868.0,7.166012866781736,1673.382394476699,1682.103875725718,1690.3439510434646,0.3251216067785972,0.7495684920759454,3970.5918719598303,0.7126941785658252,-2.234313424120419,39.708143731366704,37.489122929550895,-75.97873337738221,36.7918674734437,-66.57234919042364,37.0656545011821,-73.18008602110567,1242359.0,313687.0,1236393.0
9678.0,2024.0,8.840152924157884,2355.849865674726,2377.0441206860924,2380.3487290762555,0.3242405455672659,0.7862161603637116,5273.187022112006,1.8706654267410607,-2.309431527770111,38.96776193428394,35.83242624020736,-79.52125541170963,31.08625680217615,-78.6784543363731,33.368890155025944,-77.6291269044559,3719504.0,697026.0,3269929.0
6780.0,1767.0,9.529351032448378,2428.08790560472,2470.328613569321,2457.511209439528,0.2290560471976401,0.7064896755162242,5316.247345132743,0.9834955752212364,-2.866671211797029,35.023598820059,37.14863072265394,-79.66828201404657,36.57247410509795,-75.70806453930064,36.85357814627582,-74.65990750254034,1368601.0,385770.0,1339842.0
8925.0,2406.0,11.982408963585437,2766.6086274509803,2820.741400560224,2846.3932773109245,0.2575910364145658,0.6128851540616247,5611.233389355743,-0.1533333333333386,-2.072608873628007,32.410084033613444,37.188124258494014,-80.52367470910932,36.47529655412566,-69.8126831567897,37.01831842566865,-70.73360951213452,1647473.0,509243.0,1560307.0
6452.0,2177.0,7.720551766893986,1904.1317420954745,1939.6442963422196,1911.3707377557344,0.3040917544947303,0.7414755114693118,4390.2571295722255,-0.3567110973341587,-2.2171153994175614,37.93397396156231,37.11708346576406,-82.84609025692477,36.982976600062194,-73.85072465157153,37.0494102354497,-74.91164228166804,1247209.0,281648.0,1243132.0
4363.0,1598.0,7.977996791198716,2089.2633509053403,2121.821453128581,2113.8551455420584,0.3229429291771716,0.6942470776988311,4579.4242493697,0.7096493238597288,-1.9301040764170188,39.89456795782719,35.41724429691097,-60.10642089972352,34.31501195597045,-37.377233775242125,35.25691304080219,-41.85079768764416,605798.0,118494.0,584132.0
6805.0,1682.0,9.330051432770022,2258.720499632623,2290.16943423953,2254.667891256429,0.3468038207200588,0.6120499632623071,4166.040999265246,0.9316238060249808,-1.9831644396088195,40.5304922850845,38.06827054017732,-70.577791131019,37.5704963994092,-60.41544801388463,37.84172928744462,-64.30710852259956,2362751.0,330059.0,2362220.0
10730.0,2180.0,11.338397017707363,2860.303634669152,2915.047064305685,2905.6394221808014,0.3146318732525629,0.7685927306616962,5935.204100652377,1.7665144454799773,-1.0077281759782095,36.39049394221808,34.76144128616826,-78.00030852261679,35.186467631962635,-72.68603066934553,34.3682831843925,-72.58692926532702,3364602.0,797408.0,3170354.0
5836.0,1601.0,7.197909527073338,1665.7474297464016,1703.5255311857436,1631.9151816312542,0.2253255654557916,0.6836874571624401,3551.511994516792,1.3134338588074024,-1.229536719837781,38.73543522960932,34.40736470945471,-82.66440838250519,33.443567739385514,-74.85872675077664,33.14122652476265,-75.66831531095775,1175647.0,213097.0,1122799.0
7231.0,1727.0,10.784123910939012,2573.143825197068,2625.169686073849,2621.621629096944,0.2776932651085603,0.5216429262895865,4686.344074125293,2.4737380721892004,-1.7516945874101617,37.466463836260544,38.903900173533344,-79.54056122083493,37.93158416826212,-69.722158108614,38.02776353488719,-74.25616038451909,5177039.0,1310119.0,5175136.0
5650.0,1224.0,8.481946902654867,2207.015221238938,2225.414867256637,2226.0019469026547,0.2226548672566371,0.7215929203539823,4572.590442477876,1.7463893805309738,-1.3223698028994435,35.09557522123894,38.2491173555438,-81.33294684061839,37.18824572210385,-73.4188540659203,37.4903971345061,-78.37691348063255,2430430.0,600437.0,2430023.0
6322.0,1336.0,7.330591584941474,1612.6260677000948,1589.7124327744384,1651.323315406517,0.3698196773173046,0.6942423283770959,4430.690604239165,0.4223979753242666,-2.338699427504305,45.8415058525783,38.04023324912735,-62.82880373341806,36.93099559980964,-49.86492446271034,37.35959206775633,-58.638945910822,2415458.0,402773.0,2414304.0
9511.0,1931.0,12.082851435180318,2814.530964146777,2838.983492797813,2824.1377352539166,0.254757649037956,0.6030911576069814,5452.755861633897,1.0832930291241771,-3.2181468082228792,39.35127746819472,37.001015191108486,-81.19787133333287,37.114223701222265,-76.8841290197004,37.1630153369155,-77.57199903455498,7040883.0,1403335.0,7033440.0
9041.0,1864.0,14.17531246543524,3152.907089923681,3212.622608118571,3195.1016480477824,0.2389116248202632,0.4236257051211149,4825.585222873576,0.6301847140803006,-3.039193302455573,36.71717730339565,38.29329184604285,-72.92231866013533,37.17109107425164,-69.65281963798256,38.08727148469365,-72.12159876021337,6875754.0,1223058.0,6872487.0
4348.0,1508.0,7.448252069917204,1773.760579576817,1788.061867525299,1771.8332566697331,0.2387304507819687,0.6235050597976081,4426.341536338547,1.9821757129714823,-1.858049014292515,34.10303587856486,37.62666137262619,-80.17731821139152,36.87128016473586,-78.11445372354714,37.6404188994672,-78.26090571775873,579290.0,189202.0,578696.0
6052.0,1839.0,8.315598149372109,2010.7420687376075,2056.949107732981,2063.694646397885,0.2632187706543291,0.7633840052875083,3896.1146728354265,-0.3228354263053522,-2.8692006033220334,39.03502974223397,35.74151683114513,-76.02947453731083,33.801470969258936,-65.23565684862065,34.01087233017618,-61.54759438118969,2004088.0,192071.0,1993603.0
4642.0,1750.0,9.860404997845755,2516.778112882378,2567.3629900904784,2560.2208099956915,0.3205514864282637,0.572813442481689,4822.130762602326,1.5390995260663507,-1.8930547223915768,39.78672985781991,35.951592803598565,-73.82667464101446,34.347206580750054,-68.97753083741591,35.25526777476696,-71.28959658400167,576999.0,167368.0,576611.0
7078.0,2133.0,7.9427804464538,1871.669680700763,1919.0541113308843,1903.6624752755013,0.3246679853065838,0.684797965526985,4791.885560892908,2.378270697937275,-2.1281187228450134,38.61260243006499,34.98782362838131,-80.45387863333778,34.299418512533705,-76.0918035208892,35.15765320223771,-77.41991979790375,1962575.0,367883.0,1907006.0
4406.0,1806.0,8.136858828869723,1897.531774852474,1933.952564684521,1935.2986836132548,0.2669087607807535,0.5644575578756241,3844.931457103949,0.2456650022696319,-1.652399030994173,38.413527008624605,37.641596453652966,-73.88302372374432,34.87699423904109,-66.39637711826481,34.97663188082192,-69.99504443447488,512949.0,96619.0,510846.0
7409.0,2030.0,10.613982993656364,2557.081792414631,2573.1707382912678,2564.3858820353626,0.3178566608179241,0.5902281009582939,5902.052233769739,1.8129572141989452,-2.2687098478339265,34.691591307868805,36.673004892222046,-76.61940208646678,36.06334903488517,-65.68372518148509,36.69598167449429,-69.4782721271888,1590029.0,552512.0,1580932.0
8463.0,2103.0,7.195557131041002,1766.709204773721,1792.6578045610304,1806.0493914687463,0.293040293040293,0.8092874867068416,4291.931466383079,-0.9488124778447506,-2.737656940626554,37.38272480207964,37.166219753351534,-79.47120628318878,36.84235176663899,-75.37223021746324,36.54657432447494,-76.51056693866379,3114935.0,738345.0,3102340.0
5426.0,1695.0,10.060449686693698,2576.233689642462,2616.354220420199,2612.926280869886,0.2239218577220788,0.6422779211205307,5370.421304828603,0.9113527460375956,-1.8232410240464985,36.38407666789532,37.80301493354442,-75.79032582594927,37.92456300037244,-62.781748432055046,37.57931700744613,-70.75909121425902,697498.0,164976.0,693745.0
4152.0,2018.0,7.170761078998074,1850.966522157996,1872.8711464354528,1880.531310211946,0.3646435452793834,0.6685934489402697,4322.282273603083,0.552528901734103,-2.522042171988254,39.34489402697495,36.92217476225492,-65.84966442199371,34.64899543700981,-58.22988545187368,35.63646908016669,-62.095177479794366,265074.0,62612.0,262381.0
6193.0,2000.0,7.232520587760375,1827.356047150008,1844.5446471823027,1809.665590182464,0.3235911512998546,0.6268367511706766,4463.464395284999,1.1991764895850092,-1.9322932152477783,38.80994671403197,37.0285905434854,-76.93497172931589,37.1868905447883,-66.44115260260592,37.08153008110753,-69.94540722198698,2730091.0,423991.0,2718935.0
4221.0,1806.0,6.690120824449183,1579.3854536839613,1614.4560530679937,1612.821843165127,0.3139066571902393,0.7344231224828239,3583.1556503198294,1.0300165837479276,-2.5307786222064186,36.57664060649135,36.64382772370941,-77.30037820912987,36.65940533317403,-71.36857785898643,36.96779259249527,-71.88079561567865,251298.0,76039.0,246699.0
8036.0,1965.0,9.074539571926332,2476.2050771528125,2518.91724738676,2385.4309357889497,0.4056744649079143,0.6688651070184172,4939.525634644102,2.6165505226480934,-3.632010972315337,43.63115978098556,38.73282590574074,-82.90918381737247,38.700415446032274,-78.17848644615766,38.38314184758079,-79.76174865580347,6868278.0,1107507.0,6855270.0
3140.0,1631.0,7.648726114649682,2046.8777070063693,2073.7140127388534,2047.7433121019108,0.339171974522293,0.7006369426751592,4193.1847133757965,0.874808917197452,-1.928382040071121,41.43312101910828,36.53908842806793,-76.74606809772503,36.63260795126645,-70.51382890125033,36.450230616987184,-72.88495607948714,107530.0,23633.0,106603.0
4161.0,1633.0,7.774333093006489,2100.967555875992,2144.0711367459744,2136.050468637347,0.2196587358807978,0.5991348233597693,4862.128334534968,-0.5549387166546519,-1.994160148464708,35.99615477048786,38.55591065403183,-83.54699236117818,38.67600159946885,-75.44484404901013,38.14700723273778,-79.42472626653797,281114.0,89986.0,280334.0
4265.0,1755.0,7.0356389214536925,1696.9413833528722,1720.746776084408,1721.011488862837,0.3838218053927315,0.7069167643610785,4207.99366940211,0.6705041031652961,-1.941264559351848,40.773739742086754,34.65782824497524,-69.50556759754063,32.956547838023226,-65.16002502884832,34.33391449893599,-65.83549023929992,873650.0,119273.0,807676.0
7981.0,2123.0,7.885227415110888,1692.3976945244956,1736.947375015662,1728.2891868186944,0.2406966545545671,0.6264879087833605,3651.8814684876575,0.1596040596416446,-2.103307433467136,33.613582257862426,36.000926633639736,-69.47308484590194,35.955901257585325,-58.04832446292321,36.17269840198919,-57.15856575198282,1412649.0,458012.0,1408522.0
8349.0,2199.0,8.819020241945143,2017.3903461492396,2057.0153311773865,2036.5519223859144,0.3273445921667265,0.6522936878668104,4055.801173793269,-0.8217151754701165,-2.944558979921632,41.06360043118936,36.28800784075357,-61.26700360986411,35.562704350174,-59.6988345121804,36.41217785071402,-57.9181900854433,3047009.0,519294.0,3032864.0
9223.0,2583.0,9.319310419603166,2230.9220427192886,2256.154396617153,2259.2429795077524,0.3481513607286132,0.6412230293830641,4335.744009541364,0.9278651198091784,-2.8490866962215384,38.52325707470455,35.70106938576426,-54.49353067647672,35.50409242500553,-46.19866303248307,35.2337768394376,-44.6905954895356,2334224.0,513433.0,2326230.0
7712.0,2553.0,7.154564315352697,1820.2860477178424,1846.4422977178424,1852.154953319502,0.3126296680497925,0.7525933609958506,3921.68737033195,0.8012448132780056,-2.115652146512132,40.69631742738589,37.10070198697925,-65.8896375460935,36.76317646315112,-55.35033295325516,37.11275133320319,-60.86255166432277,1056263.0,230674.0,1033246.0
6429.0,2093.0,8.04044174832789,1958.8831855654068,1952.2109192720488,2003.501633224452,0.3529320267537719,0.5958936070928604,4704.0273759527145,0.389640690620624,-3.583361167518312,39.32648934515477,37.66503431818198,-73.95382520965717,37.42918536222097,-69.71672622916016,38.11742103554593,-69.93938154781377,952902.0,209576.0,950330.0
5586.0,1873.0,7.723952738990333,1897.186000716076,1931.858754027927,1931.754206945936,0.3494450411743645,0.6496598639455783,4461.107948442535,0.429448621553883,-2.448307012914786,41.45900465449338,38.86818826330981,-65.67765127666476,38.244078182457976,-58.95330003573358,37.93025618444324,-60.29728430806707,748036.0,149892.0,747217.0
8066.0,2147.0,7.435655839325564,1606.3249442102654,1641.7897346888174,1616.4325564096207,0.4094966526159186,0.7389040416563353,5565.204810314902,-1.137552690304985,-3.5038675504702104,45.11901810066948,34.94782489992552,-54.2098019385876,35.11720418498267,-47.958829065141664,35.44839491310303,-49.71904508416206,3141835.0,456994.0,3136218.0
5464.0,1836.0,7.538799414348462,1853.2007686676427,1849.7573206442169,1902.3836017569547,0.3239385065885798,0.6802708638360175,4747.507137628111,1.1635248901903417,-2.274209033627152,38.68045387994143,37.517670034343546,-79.65490951827351,36.94911686115702,-66.29787869752052,36.91889491460054,-71.42161160220374,1240984.0,283659.0,1239503.0
10430.0,2205.0,7.708245445829339,1797.5197507190796,1777.2940556088206,1843.386385426654,0.2796740172579098,0.7571428571428571,4602.875838926175,0.2368168744007677,-2.2203572405206637,38.990412272291465,37.12902559054684,-72.53459593659322,37.19602758737651,-68.63815536766243,37.14176302401786,-70.15108962474766,2990825.0,628083.0,2896503.0
5592.0,1835.0,7.281652360515022,1873.8381616595136,1915.0726037195996,1908.6536123032904,0.3581902718168812,0.7448140200286123,4461.8419170243205,0.935819027181685,-1.2211902909898893,39.98927038626609,37.18379614496408,-72.1051085832733,36.75094070107918,-67.78818802068338,36.84347087877701,-68.7873007742805,1623673.0,253777.0,1619614.0
5459.0,1930.0,7.270928741527753,1777.1604689503572,1810.277523355926,1808.9932222018683,0.3616046895035721,0.7058069243451182,3936.5722659827807,0.3058069243451165,-2.100794255428985,44.98626122000366,37.30476484307528,-62.780962687081136,36.86296392367839,-55.675909773454975,37.325689332837,-62.05896080193596,750264.0,121684.0,748155.0
5846.0,1783.0,7.879404721176873,1858.0672254533013,1893.9541566883336,1869.8746151214505,0.2642832706123845,0.5684228532329798,3990.656859391037,1.413975367772836,-2.5048752811036024,36.7807047553883,36.65561099019437,-75.42421810717339,36.01523710029249,-61.91801515843793,36.08980966592125,-67.15142874574227,827808.0,211197.0,825492.0
7379.0,1762.0,9.77002303835208,2435.757826263721,2475.582599268193,2446.498712562678,0.2520666757013145,0.5611871527307223,5352.240954058816,-0.0076975199891591,-2.8001968299864157,36.08619054072368,37.21532093888664,-90.11426675772448,36.45184003116918,-84.49836934326953,36.918907386416144,-89.42843867279176,1825994.0,433144.0,1820770.0
5430.0,1706.0,10.749355432780847,2452.960220994475,2509.792817679558,2388.1955801104973,0.227255985267035,0.4992633517495396,5955.738305709024,0.1178084714548782,-2.407559147259076,36.14732965009208,37.60052758647586,-70.17614866357053,37.030985866059794,-59.141229792680576,36.43557956269732,-57.99691585417054,688246.0,178673.0,688093.0
3667.0,1576.0,8.118080174529588,2098.4409599127357,2126.2105263157896,2118.105535860376,0.3193346059449141,0.5672211617125715,4257.847013907826,1.211589855467684,-1.0292049472401938,35.10771748022907,38.41632030843439,-55.478763274807065,39.25739015986767,-45.22132448263502,37.53645053307604,-49.00278547932746,198299.0,54868.0,196234.0
4995.0,1598.0,10.194194194194194,2167.5035035035035,2209.504304304304,2125.543543543544,0.3387387387387387,0.5001001001001001,4308.188188188188,0.4915715715715706,-1.5720485205393373,42.24024024024024,37.48579721355325,-68.32095377800124,39.513418678262646,-57.55133828071582,37.01623215001011,-61.63450844862264,1083613.0,179947.0,1082510.0
4322.086406774988,1245.573531547051,6.693249056149667,1926.3613738541114,1778.3664166378776,1714.230292001698,0.3024099710386419,0.7528193718767974,3465.628240761072,1.897256715119545,-2.572978212711485,40.2946355781685,19.506601022658984,-71.44395477526432,33.048451951430174,-76.16168219802383,38.61431598967685,-69.38567724491968,-483466.4504719075,352809.7102772534,1012149.1212125088
13236.54882969127,1637.5474407853771,13.39355239309574,4189.353453934987,3900.078782247903,4316.137398982727,0.25289682328010077,0.4908168800534136,8198.366430449576,1.7800461225094746,-3.6283146995996165,35.402491687630096,19.451714251920336,-92.02528335341776,31.814209416508184,-101.8284222068261,39.20305937685397,-94.48480651043846,2227095.1695568934,1341782.1160778457,4007508.090967195
4480.551929106368,1293.4356088856255,9.690392036772227,2951.546950546061,2782.39102587973,2917.60543019097,0.215938037372231,0.5602547749069374,5742.689586823041,2.1064813065920274,-1.5633891534340707,38.95824021569353,20.515304655117802,-87.49952398300745,34.81027817308471,-87.05526376226445,40.9543107448458,-83.02181396449934,-441400.015708283,345513.4218659369,1059090.0627187723
8212.25962165515,1510.465373369162,6.765033397348166,1891.6247639434584,1737.646930065422,1631.3574587355986,0.3688945304511735,0.7627083180237736,4225.585360614073,0.25090987842409807,-2.238648811665697,43.771271695701195,20.50887202586822,-79.88300551079175,35.034745417198856,-81.35590526279714,41.356093940520665,-83.53774751996792,1444926.4299381485,775561.1530819789,3195487.9053572034
8083.830048000958,1467.55454541044,10.28413647993262,2732.0299599571485,2260.0474226461147,2635.641233050953,0.3231257092454742,0.5646554738391654,4688.315109084621,3.194599949546541,-3.001198240609486,41.47547976674002,21.41509980342166,-62.58659840689888,36.97946498511843,-56.05628508578845,43.657236965083,-61.164047309669336,3438675.5793587836,1183086.7562962966,5437965.165545835
5408.559170994714,1422.993300991767,8.745040348095706,2549.892793761029,2379.27419854844,2352.1882952355677,0.22489520229674032,0.5652827681312306,4412.575671091196,2.079958718186321,-1.4829627464357986,37.189001196899426,20.76776318743802,-82.59971466671898,35.809246078426675,-70.86329459933327,41.80710750172067,-81.44609952443751,-349775.9757456559,471774.7146718976,1165442.7474918936
3910.904626607942,1313.2406064050358,9.566327210091158,2485.3309910545495,2322.468027138393,2355.8941968444046,0.2888658465536456,0.6330526771460109,4772.020948343167,0.6883095594229729,-2.046601822747793,42.06990944582822,20.77310849428092,-75.66309868116554,36.15324440312363,-66.74980133212003,42.25835366172864,-69.41338131237939,-589281.138798029,286576.51104634284,895428.2004473862
4652.481842224075,1256.3012385367315,6.837515108265777,1946.274213009855,1809.7819283524486,1727.192700150748,0.28455522157873253,0.801305681376031,4206.908581926908,0.15387068452773386,-1.6856244454163305,43.06518215098381,20.439385812657164,-74.11318695887533,35.267320154422144,-69.5218860053968,41.313231356615525,-67.47464927498174,-157990.51839764975,390108.45256501454,1359913.499337772
5264.593761817839,1304.1633158753061,9.301724403581623,2845.913618621216,2665.2022579302006,2770.7852346669993,0.19113879137806572,0.6850328369183386,4914.29142781646,1.240466663400857,-1.8854611507671009,38.96338153149763,20.476090005120746,-76.94206907692279,36.51598525887158,-55.33018776614993,42.612163788780876,-59.15173511344347,-24977.967033171793,548303.8680562151,1524571.593086895
7244.894929776004,1477.457044170145,6.200575881088837,1839.0230691131835,1714.5182336403323,1604.4300156424129,0.3556817968666403,0.7863931240990779,4015.889096052992,1.1506434713657692,-2.1348983276370186,48.421573845651146,20.17750093835236,-61.47697062927221,35.995568764557234,-48.15228680820807,40.74354568693288,-59.47244282126095,783021.0601224971,736608.9718513554,2438310.8595396006
5181.735972363522,1505.5141239893094,7.769272734738539,2112.262554089181,1947.654021004841,1922.9107127249817,0.3050010181853258,0.615834585331607,3997.4286788837085,-0.2050643525922885,-1.4720050886612217,45.862686089087966,20.738036464062834,-89.71506691194851,35.54650220763123,-88.64159342003788,41.75064315865189,-86.92448937393101,-120734.05544481042,424965.4379564363,1424837.0159601523
7583.576144170523,1939.5736529563821,8.852855219952593,2522.1186173355436,2364.244223048904,2395.3608807693245,0.22992485722758088,0.7655876805501252,4160.666459036027,0.08797778661966743,-1.5033330541962153,42.592893497150975,20.992834530672628,-74.2563175292702,36.40994520353048,-65.73357948785053,43.038127776974605,-65.3916317688639,185163.02770541946,516223.3848685834,1740614.5370645444
7350.5386113302575,1654.876813614861,8.611173398377566,2454.5858882531084,2288.7955478228973,2320.5609754060033,0.22736688366208457,0.7342159180480397,4647.22616958324,1.1195644242609144,-2.3046395545409095,39.40066965314703,20.835940326356244,-71.58079754724248,35.92694700231733,-66.16280951328343,42.11309755031676,-67.95522818938176,87543.23648779746,513826.5505026812,1655412.2047295587
6382.1381970829325,1270.3297784463136,7.53793050947368,2181.723627700247,2020.0176804731423,1997.584643721893,0.1604111729649022,0.6965975529595344,4235.845299892956,1.8020663113061128,-1.6758421508908803,39.39841082169007,20.8086782457671,-76.62229386540456,35.28511754484802,-73.77224244826608,42.25325414512216,-75.06764569064028,464546.03556800936,637753.3208397976,2078853.0320451604
14197.69918736134,1820.7436678399213,7.750994631088808,2102.391156824193,1955.8805581515867,1918.730589549752,0.24630973429117392,0.8060456823167639,4163.607422897116,-1.78687300273462,-3.4385348455316636,37.7210101023437,18.31264404911116,-88.01358638124641,32.560331052278755,-77.07139693526659,36.79845284056073,-81.78560703781542,4818757.476650668,2129048.01287419,7008969.144340511
7533.861470497933,1469.204961870391,12.06577052800582,3341.9954011330915,3116.3010513964878,3346.95902527699,0.2693688481704022,0.4557631045212439,5082.691634205639,-1.1760424324565903,-2.3854508277908106,38.6346969097677,20.908734036719366,-77.48652369338804,37.13976681381787,-54.30354435781088,42.62641018999027,-74.26555524018131,1961810.1527125037,1268332.3296992972,3780202.8230934236
4711.518017210276,1204.3131200482799,9.82195308432429,2893.7927571680507,2718.8633012571004,2810.263904489739,0.25739485214116037,0.6240824568999314,5707.553951117117,1.94601478119649,-1.2623491258973516,41.35650395160899,21.192107619823396,-76.91317629892238,35.301085657209995,-79.88466511541046,42.647214057042675,-76.84130522909236,-199165.56604198704,417250.3556323351,1336224.1494983197
6748.783915418284,1017.8160600738341,14.10527251286347,3327.2952538522013,3156.675681554688,3358.9991838843343,0.1454764247793709,0.5779369276135405,6398.789767212767,0.5017328358345824,-2.3555669377393613,36.22818967432716,19.986037178896584,-90.85034893209337,34.622413739019834,-86.84156798969289,40.93593204319689,-84.73006093129091,868398.3529833825,1002892.342915881,2529709.4598273295
5613.632199894147,1334.6960203843967,8.165275999243743,2255.3694284387225,2086.5362825020516,2081.5560987590634,0.30305398321789323,0.6355860938381287,4661.022359373235,0.15740298479084341,-3.2769651346781603,34.73985107402852,19.986189001081932,-67.0807234578957,33.886582677585686,-61.129075316273095,39.85702043881009,-60.766912377297935,-210352.47438904137,492008.6918490998,1322093.8463014415
8676.263242599322,1933.7971953465542,8.946447867387684,2293.490941667313,2139.391177280515,1945.8149046160647,0.3223290685616142,0.5968699371645061,4750.966304507492,-0.6537219878160648,-3.6973457597437887,40.02798506535438,20.38607300992654,-47.07808276318142,33.960914679150896,-40.82764749389862,40.24231641945456,-40.120136037512474,1079118.7493495105,778433.2968021834,2769445.733264182
6226.77984185609,1472.5057947902924,10.422542735883583,2708.776968972682,2526.998095269577,2605.735163194281,0.3015539672445572,0.5346542957600108,5120.013125208131,-0.05868742524014858,-2.241953670676175,40.53881480887158,21.024555085022282,-73.10710863630929,35.08224776925354,-58.555096631507,42.335254361935,-70.87023258067576,352022.486291463,583965.1116538496,1959578.521939633
4755.018356673792,1241.4474903971739,7.3997751960079485,2279.958269011067,2111.029473561039,2114.660910831041,0.2292347057711811,0.7799861821470216,4429.852512999622,-0.024805140126630543,-2.2517613102558824,37.9701329170523,20.324956881251232,-75.78788038605381,35.60394363697676,-58.690281313829665,40.61263187231735,-68.18755105542517,-342717.5972142475,445773.26423212537,1170295.2305086209
3835.2968937308783,1196.886245978501,8.115787780436731,2348.2961285039523,2190.2700079521187,2184.2681280967186,0.2495427093013815,0.5998394467502547,4293.462645117356,1.1972004274343,-2.7015405594410073,40.36665710536541,20.648442157040503,-78.87636286856954,35.2348241915746,-73.67363223098829,41.77341234239812,-75.34303203059731,-429807.2916463953,343204.9834470238,1075568.3415689054
8677.298964967502,1563.2787000875892,8.700966022522962,2490.0174326515207,2350.929759464509,2375.6395453280393,0.32342225831548216,0.6532820708582018,4264.284327034173,1.7064852705404698,-2.8556474817281248,40.37477838377651,20.27974322600168,-75.78802987550377,34.37168356710974,-65.26048428928573,40.6414211449809,-66.59028193131178,964905.0831796841,633297.295643214,2650566.532053949
5954.384859025024,1472.5057947902924,8.70521231819395,2554.8675977044545,2378.8343952189284,2428.953855465772,0.3132332804497607,0.7313804173662805,4510.6862463078105,1.8361610439588802,-1.872751779404758,39.842627848765325,20.618796397372954,-84.1354943246592,35.47579115113839,-88.12852421993793,41.91472227247573,-80.2676912541957,45345.43941185693,508506.85343059717,1594321.0619276608
7587.719033643239,1450.225172580956,6.458354985875517,1884.889815538178,1761.201801189081,1670.7332230627806,0.38795153579844294,0.7533577148159096,3596.8845806197705,1.4643877604457174,-2.2981160540279277,41.24555416609026,19.157490870384937,-84.36365187457685,32.19148999572344,-86.31190240010288,38.34851102851239,-79.67864550423579,2884249.211451187,1016285.0534416779,4816576.725261654
3984.440914748648,1255.476030306756,7.357569299373701,2147.826671729337,2005.362890337446,1971.3133747874126,0.2628697767626482,0.7302053076205078,4154.633228680338,1.082282713989175,-1.6193949435813384,39.633407550958694,20.260633035950892,-71.11160997541232,34.15102142509599,-70.68305144265244,40.44494483075307,-67.66836002657146,-612982.6531487602,295653.76042240777,868516.6851493143
4652.481842224075,1168.8291661593366,10.499084192859243,3147.059450754614,2956.5814134252078,3119.963105027154,0.33396356894472345,0.6242355736645474,5452.614305849688,1.2260323539067264,-1.5515701413520666,43.4885680001611,20.780229532359066,-62.809866794051935,34.949811623464285,-63.98927130002197,42.673496793850866,-60.164522740429305,-83228.94240080158,426911.5979040824,1465183.727538545
7405.431896843742,1373.4808071932416,8.250313764493129,2172.512426880713,2149.5526064766173,2149.0322394425557,0.318476117142679,0.7356949590745768,5218.196832550829,-0.13943086497955437,-2.346632817087385,40.27207526275878,20.610494795710885,-77.67064432545997,34.61820007156335,-76.756056609475,41.65861005758765,-74.829860882878,993821.2121782454,878558.3715770605,2681712.3627673825
6136.67199582452,1215.8660352679358,13.25208113497808,3711.9920690370436,3512.7312461117963,3790.2382487678706,0.2820791817477846,0.6697226761924732,7273.050225956171,2.693351266659968,-2.006868660155808,42.47359006394127,21.509374816331096,-82.46873044595107,36.460374682498134,-89.1117836611354,43.304926416725195,-81.8651536845932,710307.3287444324,622305.7668249744,2341029.0547195636
6457.745929959997,1097.8612583814502,9.798383127945034,3113.8776677602236,2935.2049331915814,3092.6387427652376,0.33993672007297304,0.5913501027742947,6059.082722043174,1.863244206614732,-2.230371283774449,45.08283063643344,21.010679664043348,-83.58341991234785,35.56139215213761,-81.34068032744658,42.45326919039536,-83.11674266433832,601475.9987461967,557330.3984463027,2228960.309443687
5506.952795971714,1334.6960203843967,7.684221894723445,2286.7484567928745,2144.356337066901,2142.95576092464,0.3799097331026916,0.7689868099462255,4253.793630528586,1.4940905317409738,-2.3161306601774214,52.72561047310442,18.442120027598722,-60.57328835724715,30.258963011324,-58.682153138062986,36.58098360812395,-58.947355070283784,878469.8545535393,465288.48092233395,2532828.1551724155
6661.783236491251,1239.797073937223,8.393145190293048,2356.3953520544846,2228.019555862072,2203.564715913903,0.3024920164313791,0.6255384746055657,5258.1255771794895,2.0573557481158633,-2.6875557911184673,43.34027719765511,21.04299539283966,-74.76353410694,33.93007219940945,-65.06007775259363,41.462053598249526,-70.94398066349086,1035738.6914627259,784418.1371475135,2731521.283574402
3945.0834647578477,1083.0075102418925,7.697352892272997,2574.881937560772,2413.794756746004,2461.230803742906,0.2372877775412931,0.7504630633374483,4582.510611018816,1.306322943613762,-1.8531675155640042,43.746050108773495,20.633432021088534,-77.40406997965223,35.002789583179556,-81.11528760776785,41.380393612930625,-75.13810843852619,-273705.46813680185,363798.3408677229,1251058.9602810126
5714.097269607506,1140.7720863401723,8.194819641705596,2417.70253399358,2298.09213436494,2262.3881360898395,0.26587370683208356,0.6686543753723085,4584.813700330512,0.7587240046975914,-1.954236908133965,43.99473487395975,20.44606280865241,-70.14721550948934,34.45561298834529,-67.69011297347252,40.52187560147146,-61.747710644362385,238661.5022739023,450850.9592854031,1827882.2920504445
6081.778710311036,1239.797073937223,8.7349463212499,2746.032482564267,2468.564735436013,2652.879313084072,0.3534707686933046,0.6487752775501685,5067.280263643412,1.187914936716759,-1.380976625761123,44.84239638573568,20.59271085621087,-80.30157791263079,35.27371947149014,-83.7343115327786,41.59053878898037,-80.0242513019448,282432.12846426934,449767.02209937235,1847454.061987239
5271.843818395091,1203.4879118183044,8.16140627140255,2738.023325461951,2493.9798226588928,2536.3602690391153,0.2632517557063898,0.7384074178904565,5339.177545338277,2.5083125114737457,-1.562947862492267,37.64453413414301,20.91256264052854,-75.49052439738864,35.691365085201035,-82.71785749382201,40.98302687016168,-68.03789960749066,-95334.21405627951,496432.8365402119,1447373.6026116502
3837.3683384672363,1080.5318855519663,8.444258091171724,2634.2451358991157,2440.751603989038,2525.787770053987,0.4444473528948881,0.5818843419704028,4980.127952330629,-1.5057890937694456,-2.2814378918223017,43.60515729378122,20.846110323182547,-81.23880853782377,35.011542051038106,-75.68399588236421,41.79714663306841,-73.690801378999,69916.05620389304,495043.13632443186,1640633.2235132223
4437.051589642852,1128.393962890541,6.839064436067164,2194.3416307212915,2067.11798485831,2045.0824800229402,0.30001566927979695,0.7863587094655667,4011.5489343895574,0.6983119445289316,-1.6554619527118386,43.2993969953227,19.898325130496342,-78.73928292814814,33.595478506906076,-81.84634740300385,39.820093118795775,-77.62299696865651,452990.8435953548,563103.668164413,2070758.4854710568
8790.192703099008,1340.4724779942246,10.817288561154358,2925.2730225020614,2748.9635052254257,2865.505728854405,0.20975323356356812,0.7635488586249805,5707.141771966618,1.0512380315116938,-4.060244600274796,36.54226598062132,21.533161061469855,-85.84197948211201,37.38455318621497,-89.14995927015028,43.761655698840386,-83.16369699782645,2688909.934403917,1567771.426454175,4345449.441006382
14026.804996611812,2324.12068812493,12.735275772281165,3120.2026319412303,2931.885943258722,3064.8500650280616,0.2548606117306049,0.5931252227124191,5409.562454023032,-0.42688949115844443,-4.170690876032512,41.646636320542676,21.366552961599428,-94.21361439086536,36.85879671874892,-100.56067368760104,43.23575479629074,-93.22388527690669,2931898.544488241,1270633.522548785,4850184.614061213
11577.321595868581,1840.5486653593314,10.975480735997772,2932.3903708135117,2747.254550433182,2841.3697515869,0.19837648852169937,0.5508241375152816,4983.3503270548445,0.5042031800512173,-3.308795716447619,36.49244087252546,21.018637084253996,-92.40750639763992,35.90333500220203,-98.38950641008842,42.372626322803086,-92.33500173355654,1181448.8177658923,986137.6881767267,2883777.5556386197
5477.952569662703,1381.7328894929958,6.82559093392227,2017.3044764657898,1811.8414709200383,1818.5348253700408,0.3265235181847328,0.7572965291170587,4126.342182747029,0.8400917616940076,-2.3783580959671657,43.979727068209996,20.48609149725711,-82.64498675138827,34.24542486312011,-84.86170455542798,41.01812929710112,-83.27200234619099,-52714.18097646604,387669.59389644535,1499882.0321499545
5061.592177654763,1193.5854130585994,11.467808706432335,3458.264448452321,2681.2413253262553,3488.1109028479373,0.3494997984470095,0.6531815401812499,5366.160762132071,1.1567751153963979,-1.9059475252910376,40.09587250374855,19.995361071909134,-87.72917088726973,33.7946202487408,-92.95482552997815,40.321757095961594,-89.43930427192441,-302124.29695302394,372474.185697624,1219594.7599874765
6681.4619614866515,1299.2120664954537,8.59245805047862,2507.6114331800145,2197.2013419837785,2368.271078334678,0.25722996613845595,0.6377404377560816,4426.53849038759,0.9490573324448964,-2.140365274212059,39.181423918663626,20.61499781421164,-85.73630148869292,35.45289556334997,-70.49627240005945,41.95084149193987,-73.95459585688985,413637.2751566137,653838.4849640506,2026554.195813757
8761.192476789996,1498.0872499195307,6.8231715407690325,2044.1972535299553,1868.8726081014115,1813.7612498787485,0.20611829959436212,0.7147481313188283,3714.4898041750616,-0.502887209688814,-2.808652115952702,36.53942700368331,19.84370473756963,-84.65810220499743,33.38700842407571,-91.78735990629231,40.13087670300925,-84.57188511978927,1354027.2284488364,952519.6951570378,2917002.0744021386
4998.413113195847,1362.7531002035612,7.740556459507625,2220.113787501802,2066.05481579771,2062.277963707595,0.3753277147006755,0.7152085569325469,4496.22432468456,-0.5306130682732064,-2.367499891162391,47.62040653427805,19.892477857828002,-65.58738393722233,33.63998806698487,-72.03140780289174,39.925322173237674,-67.37219620867356,211652.47255950025,467020.17201499,1799045.96733267
6237.137065537879,1308.289357025183,10.09677441172427,3000.7001209554455,2819.56074879483,2961.871810870196,0.2882446951007507,0.6022723938124993,4936.808308085784,0.9447336904604466,-2.67434718747365,40.594408541335724,20.30400561933348,-84.4704365731416,34.537817735175175,-90.24585311340493,40.92261765712691,-83.64634624615331,-113388.32185521082,458226.9489603984,1428661.430541132
5152.735746054511,1240.6222821671984,7.413315880335052,2215.55720823067,1923.6967563042158,1891.429402348474,0.3739589602252864,0.6825671846488689,4058.6604128680206,-0.49992827532756545,-2.1065673779132754,46.361690858637516,19.472737200090585,-82.73414792518251,33.330601563344295,-77.97473707741706,39.29545449428821,-75.70507604589297,53064.148138210876,441731.68560667115,1621154.3113706242
4922.805380318783,1194.4106212885747,9.561891573606157,3064.8438061146953,2848.817118867989,3029.679571877145,0.32720904546235435,0.6305186272814657,5072.522656194643,2.1556193617078567,-2.2531735092901624,42.84500303887045,19.170426212089012,-92.30491855550866,31.95503883868558,-96.77045862589816,37.79951316727423,-90.40666945502947,-116349.83827126364,441125.95600271283,1425931.4113917542
4819.233143500887,1092.9100090015977,8.894350764207719,3031.344476307167,2832.4352681198015,2987.2014444949273,0.3622532453991076,0.7511981441467951,4812.697914328723,1.4166112497833927,-2.6339676028143324,49.43555472669055,20.03751448425544,-88.12628562224712,34.4241747654034,-92.30824746708723,40.44355787602302,-87.39351639736756,190870.25102443458,438614.64163989027,1777676.7358082142
4879.305040855267,1226.5937422576162,8.44384373784874,2546.743864752502,2367.798389909859,2429.113929027152,0.3420158906713427,0.5853744115726693,4806.648550127059,1.5137596544614178,-1.8559629406383156,36.97155673885552,19.672169340801755,-76.89069914812745,34.77070031382688,-88.34412970387086,40.81415056899081,-77.70966041819223,-193452.4783340292,452331.9536759424,1342079.4966923692
6379.031029978396,1441.1478820512264,9.51723897249362,2526.0586158949127,2328.171647117338,2409.6062373440213,0.26786759918428954,0.7083797473263231,5150.389229642898,1.8044946818958203,-3.1535655473171365,40.82544396683784,21.501576998608485,-90.87656935480808,36.46995029527053,-93.73669163393153,43.605743858708095,-89.8016381322525,1795713.0646890083,779486.8025966277,3581403.57149807
6783.998475936368,1414.7412186920128,10.604866751639562,2839.622048862489,2664.9821552822045,2750.65485189931,0.1461175434731407,0.5133212506867858,4857.145995424386,-0.03739983461092733,-2.718054383663567,34.38691833206899,21.657476489066056,-82.37542577143653,36.34634770390084,-84.94163724943184,43.14194820956676,-80.09872127321383,-119468.52031098038,524222.4935141579,1423219.9638012154
4759.161246146507,1322.3178969347655,6.914497733288392,2019.3883782715805,1872.6175039687373,1824.9647387723412,0.26541040825629375,0.7428712628762019,3884.9194208988606,1.7186420508196711,-2.2079987257272418,41.37470460274565,20.68030172438354,-78.12303046938679,35.04107550138417,-78.74271522340266,41.67586990234607,-75.36674412793946,-459888.0882889726,335423.2418842095,1041409.9387037528
5849.776899838949,1304.9885241052816,7.363012210600583,2440.44476669377,2252.633240242385,2296.8179027798974,0.3121045333477473,0.6599248432732332,4938.888055089099,2.4406637648137295,-2.3266832415848766,36.584140654865074,19.99947903476902,-88.8750283990364,34.245347311087556,-98.84193255512135,40.410685392918985,-89.76570673798258,-54254.16951281356,506298.40386975376,1499931.1141268867
3801.118055580973,1115.190631210934,10.799803883429625,3385.4180276154857,3179.3989763456057,3405.932109101099,0.25262875651785405,0.5802789002215117,5951.438732897518,1.7137671897174385,-1.9649444822991295,36.72409671583811,21.01160211090633,-76.85593346344065,34.811928585937714,-64.69811129433772,41.10866407724753,-68.85793624793142,-514320.1735771299,341534.1551375406,977277.0398719601
4681.482068533086,1097.8612583814502,9.531032600102192,2911.5785937677238,2736.71404800561,2837.461658778702,0.2539023250999085,0.7598471797037041,5532.245951123393,1.72285586478176,-2.0435989408936326,42.66248525669353,21.159683420551055,-81.99435872169852,36.173672160740956,-87.86567283406039,42.93635789325749,-83.74228857524793,12921.232947785058,427653.5442132371,1563516.1519729202
4020.6911976349115,941.0716946861198,7.432476312770384,2208.144182195401,2038.3657494418853,2010.1744508953957,0.17692142052422621,0.8224431660131779,4151.2165508452545,0.6163241607826772,-2.5619561537296223,40.38458824624996,20.852900024509353,-84.9286491437527,35.480289888064014,-89.48371227139585,42.01161502731611,-84.2618519377077,-356627.927786282,368068.87948701775,1153299.6010908214
2414.28580458935,655.5496471146233,11.708479531312767,3348.931272169102,3135.984391913267,3369.0218073585265,0.30182246620895953,0.550528315991477,5864.383378399591,1.8445932226143409,-1.9141455311102766,43.59400035266554,18.840196167996854,-82.84585236406045,31.862031313160756,-86.66486118204344,38.41537168364843,-81.76267256489183,-531512.2162014875,288976.2436400152,960708.5563074647
2410.142915116634,617.5900685357539,10.37267344525626,3056.0058626424925,2862.9638529576637,2990.3393273060296,0.30066711397633666,0.6736981963899713,6488.921235385821,1.6522225151825123,-2.4260806702668916,49.98375521743994,20.162138882690137,-86.89545603480568,33.49878914725277,-84.4443482570131,40.3269018973162,-77.30778497303852,-448514.69237354107,319545.3010455212,1050131.9386586412
2057.997309935789,478.1298776699072,9.389236845990899,2753.8195097131616,2591.0815420313734,2681.1585426491897,0.2807007068902645,0.5421001668784623,4798.43598852523,1.8132913075991564,-1.834740682380799,43.667624932209,20.16162195891397,-80.37411111810715,34.0220041928876,-83.95000985087508,40.12074295305659,-81.73826597087246,-576325.5307458628,284886.84425635374,910236.3655418988
2053.854420463073,403.03592874214365,10.389980841284581,3284.3693622917776,3106.8824533749425,3269.840311677273,0.17906342516605805,0.5379423322509397,6090.836982587777,0.5651532583161165,-2.225995961801172,39.272954232911445,19.65596434995891,-96.695241309092,33.773575782640506,-102.02043948596925,40.26861186967686,-93.71357355230307,-576551.8961590502,292542.5129111671,894292.6822783543
1718.280373173091,517.7398727087276,8.566112577261059,2727.721130748642,2548.0445153240444,2602.960741709654,0.2965497582074057,0.592574629272643,4759.677877544362,1.7382348589899559,-0.9989856520159586,45.94566917751674,20.677614971758576,-83.02764132664099,34.53488932027011,-75.69149874248671,41.25965825180618,-79.03779690930956,-670592.064366061,257381.2136038811,803502.9638125716
3038.8263926012605,832.1442083293639,7.435218298958403,2226.6632422785374,2073.8546320804444,2054.879855147073,0.3381795656922353,0.558000792717731,4303.497398457072,1.5092727445485856,-1.3313209486616615,43.9002206596444,20.30749300746464,-87.0544061920529,33.84392507520524,-87.1716546534777,40.476883412607975,-82.98315358669947,-449607.8144724564,317855.6342555321,1052733.2834360613
2687.7165097885945,779.3308816109368,6.387479738138793,2117.407594212263,1949.0154153778058,1929.5164199435071,0.3620827210989127,0.7407656177808395,4141.0650261289,1.311488306277878,-1.2079929860722636,45.1698630393094,21.389882872631297,-70.00254300202423,37.40303852580618,-72.12601775350615,43.66939388256414,-70.53779525515132,-602558.1153642542,282889.96532273025,877563.6873838907
3824.939670049089,876.7054527480368,7.568075314055531,2384.475992499062,2191.214853902763,2241.654818390138,0.37467917402784634,0.6554561904529347,4987.035924377866,0.7809403667477679,-2.110013538312887,47.23865821647379,20.610162064203273,-97.8635048547519,34.5546248731116,-99.29599537098638,41.674073776147026,-97.03629460067575,-113846.91707052826,400707.27152040065,1432907.6848157477
5995.813753752182,1314.065814635011,8.757397074412326,2817.182467731409,2621.7059449165195,2769.7950609132477,0.3515915999363884,0.584923984995509,4627.472490443846,2.123835750560721,-1.0714161872708445,43.12792177688411,20.12283408075,-73.6545158837559,33.96671974015264,-71.69734557504634,40.19266208348073,-65.30173638628567,604599.3722970677,506433.17146106507,2244070.925639297
2732.2525716202895,784.2821309907894,7.408972680826705,2289.7681690893746,2147.207164882681,2120.32968718424,0.27125683599710776,0.5957985043383297,4726.304671225661,1.7396224312642907,-1.2868508051626173,42.55384882191442,20.700732946724425,-81.92279141722064,35.20688259322087,-65.54148795079601,41.477213243189794,-76.92156007991058,-594295.1913440196,291987.50229318615,889827.5489174183
3138.2557399464404,757.8754676315758,5.979817646318876,1686.6057886691847,1483.0404090747916,1436.3967157201691,0.2993833474099386,0.7790284219753207,2877.17874380544,3.0213144450811873,-2.1658665552864824,38.97427878412172,20.802869157340805,-81.88307837381308,34.782665568485875,-85.62086043022443,40.87043870919332,-82.36644984776181,-482178.6306600952,340826.9875616275,1016508.1313800773
3661.2955358768136,756.225051171625,8.58759724377032,2206.1668205276974,2059.548538961633,2059.5736413655036,0.19006579862103284,0.6881885177729485,4240.230785957315,2.2174235033202625,-2.536694714589288,43.4566053774802,21.099886602994104,-81.3062456507196,35.564982073276795,-73.39971353207999,42.47590002279045,-70.11287259651736,57715.78144754388,457143.01177436765,1625354.1367481416
7665.39821125666,1162.2275003195332,12.643837685953185,3416.5684081146205,3179.120031497702,3469.1915935032143,0.17713468432094864,0.5683450951698866,6456.87984686271,0.4359641772550304,-3.55448639665991,38.32311896990116,21.60009990140212,-84.7996809806411,36.52073261252809,-92.72564742954138,44.02656007361735,-86.17175868127444,1711883.97050899,957549.5694521083,3490784.9766815924
6992.178671940338,1501.3880828394324,16.22093139795723,4136.585086174665,3907.401913984064,4280.2103476426655,0.3315945656963483,0.5923723019090616,6314.186044655653,0.7938316856651209,-3.0916144195303614,43.63155175267691,20.496634940939416,-86.80732306385971,34.84063637646032,-93.44096464417092,40.91556635869011,-87.05600100464368,400708.64329358353,510819.63919116545,1979635.805486084
9627.056376587605,1537.697244958351,14.50345680709087,4271.763065114235,3982.1745800823683,4448.040534581339,0.31771977294700837,0.7332683683717883,7753.941291105625,2.093446610836874,-1.17805256645433,38.46440228184355,20.155414116064513,-83.20624459713466,34.671461285424556,-87.7820703505576,40.60729311725321,-82.12295716037784,1781756.9918832213,955129.5492640452,3544138.412147085
4330.37218572042,1103.6377159912781,8.054914874571145,2299.3379032506473,2146.3832234316587,2137.8211438454155,0.32214928753087535,0.7377815737322856,5428.129971967598,0.9577946629710112,-1.6332837434157559,48.63763802437767,20.31183156749838,-79.65823959451286,34.627255635790675,-84.91649830696025,40.86264119774651,-81.54672772575661,653959.9340275961,463385.7943912399,2006791.4041289007
5239.736424981544,1059.0764715726052,8.488626467174033,2354.5219680376085,2201.4256526472686,2206.4214022795186,0.34877319807391455,0.57175850170877,4682.812079210515,1.6851028469171152,-1.9700055770849452,47.022610697155976,19.94909448011561,-61.00052555934098,30.21008474266752,-52.357444765675496,37.06166558025646,-56.10100271477745,689268.2469736775,536384.9063515322,2316234.6971291727
3637.4739214086976,901.4616996472995,6.3607680330651135,2046.192493449843,1904.4504635734775,1846.110305641792,0.2802435425341914,0.7558560584426749,4065.260165560832,2.0686429019708394,-2.611883549008268,42.44742526389536,19.876154417641537,-85.09258412242582,33.00309235514437,-88.92370172073315,39.41944741529693,-84.6939774750037,-495457.9529818974,324243.32826091116,999528.4204412831
4582.052721187906,968.3035662753089,9.275182873573819,3058.8809140702274,2864.826143379101,3047.4890413732633,0.4048191741366199,0.6108395891043572,4771.341200222426,3.076013842004865,-2.4249285431901737,44.54482481699065,19.80337638041037,-83.73406742375896,33.21968632669258,-84.95935237881879,38.63559091033291,-81.2175343848955,128186.97049392806,471476.1972115736,1704007.3415124374
3592.9378595770027,1024.4177259136375,8.276076025576188,2467.666365619588,2299.583540487544,2352.4576183936965,0.30326848265729556,0.6946920016901311,4458.225659243675,0.7976620688699692,-2.0205768558968615,43.86195300350957,20.697359375688162,-80.85438853675346,34.24064898633584,-82.23252004079357,41.02513089317881,-76.85407392055707,-283284.36103577365,390014.2601624851,1241369.912726563
4643.160340910465,944.3725276060215,10.437407547189897,2760.5454146185725,2585.3806822389706,2694.7668018351906,0.2423615411061258,0.5095535313796088,5874.293336424659,1.5478226246588664,-3.678434891878267,41.890912275154854,22.384249592163094,-80.73927906605515,38.81333100606922,-86.54743321743217,45.89105627875491,-83.46101647442299,15020.684189264197,508237.3182479745,1575314.3979955479
3386.82910830939,955.1002345957021,6.835961243239421,1984.7257482986558,1744.0172085946215,1764.422215322877,0.30242834456119244,0.7304826629823488,3692.3675274152197,1.229255216111484,-1.44296111822948,44.39485614037381,21.069735304262945,-80.38779527715953,35.54998855814968,-86.96176194089308,42.52671269889153,-81.40075974602524,-476642.6474982063,308691.4380463631,1022683.1746941467
3358.8646043685585,952.6246099057757,7.4185430261932845,2214.899901371991,2026.477167573497,2009.7754956426284,0.26835728648313434,0.6005198410491227,4069.9487700433533,-0.5617698131793012,-2.1404892575115486,38.657130161707215,20.51954258714107,-70.83843464536123,34.50864180717976,-68.12390673054978,41.38686631619517,-71.97579819718688,-590362.5321190591,309336.2937252183,893332.2673783788
3967.8693568577846,1002.9623119342766,7.447215727966813,2123.7212436310283,1982.932399276508,1956.8554687155838,0.4431619603294123,0.7304296265386053,4676.916862544079,-0.26932058656140323,-2.303527626660648,46.00422523022597,20.85242916811052,-72.05738694176561,35.087506203129685,-60.9951967622525,41.975204441766905,-58.36285815780288,905336.9660555287,600354.5896939668,2576580.094717987
2558.2512137662247,764.4771334713793,8.688438807016912,2476.1489929858744,2314.2047027419317,2348.437552862857,0.2740212805335719,0.5674863980037335,4637.693443413224,0.6105172802241308,-1.434139443008723,44.40864540902707,19.769209375826374,-64.63999836912512,32.39781836007686,-70.43940042262452,38.67663624066813,-66.59873269125549,-576949.5017293638,294556.7812114114,909057.0715556028
3937.833408180595,1018.6412683038096,10.553801663492466,2829.5444839314773,2634.4397671818724,2767.1795324027476,0.2514470637829774,0.6422549154120518,5280.138367387459,0.20093463511992496,-2.4494207389478784,42.14011629675091,21.338266633610907,-73.63979987026491,36.531683451376615,-74.81189575867124,43.168844373827895,-73.51673479459912,-130193.31480935158,440837.58233958436,1412654.0733615672
4159.477994970892,1128.393962890541,7.970733892408804,2255.717729825995,2098.664937606396,2098.212096255849,0.24019737193998775,0.6008806737886037,4207.202169436423,0.6852539742430722,-2.4688290067735084,38.36530355879054,20.134983841614947,-69.65474509756822,32.91459099638342,-63.55357895212074,40.43042188052631,-65.06871596989858,-456437.48183510033,358293.15721835016,1045161.3935892927
3108.219791269251,1042.5723069730968,9.031201223452404,2555.373376398156,2403.0121621903595,2459.327565205208,0.31648751135269143,0.5393675622059589,4899.024276322032,0.9600786205092867,-2.3354118398304236,41.92313419415356,20.540945623201157,-82.99339840469727,34.77718544292827,-83.8108634801578,41.17132620861007,-78.49010913810577,-617016.1798635349,281748.0635812968,864042.2660089587
3291.542650436926,1085.4831349318188,7.4066729881264495,2134.3744852552395,2003.090010125973,1973.116176494082,0.2864725641078778,0.6555564997851978,4220.542025349544,0.607120781047539,-2.035512959635985,40.61182905988211,20.266505148358025,-70.99652668324853,34.23505361076405,-77.04365272591158,40.71060476180558,-67.96498910780497,-609147.3427802483,290797.77979354543,869945.3686400239
4298.264792306873,944.3725276060215,6.300321310681305,1720.946339089953,1566.748490714252,1472.893076480035,0.31307264321214984,0.8064180195966718,3711.8056255230626,1.4291134672308425,-1.8344764813216086,45.33106758398173,20.668851027861564,-86.77781639471712,35.42094699256408,-89.08387936739564,41.79808759684335,-85.15298301457193,-15365.060678332462,373043.68745445565,1540930.4833444897
3325.7214885868316,908.0633654871029,5.734688668056901,1933.7832641062498,1800.6291861856303,1713.0429085938604,0.31013342935989163,0.735380688872029,3769.2268680898264,1.1257224920368312,-2.471017539058039,39.173473167822316,20.202054170897522,-80.03837054080404,29.470239622618305,-44.48795874803335,38.10865909323611,-68.8860111437183,-512014.2958448685,335808.70617763756,982815.3440258246
3355.7574372640215,1082.182302011917,8.137642226687474,2566.992659329612,2431.693841040882,2483.483692321663,0.3113719743008666,0.5697835597382475,4778.94569273114,0.7042959669678285,-1.6561503665754431,43.89437893476737,20.309219800848272,-72.45921725918603,34.43369650886542,-75.79009766275026,41.13778318008702,-69.34775573210277,-503096.90601863095,306845.2669567867,992658.2702106568
3860.1542305671733,1101.162091301352,7.002571701231563,2073.3147662659703,1954.939841697244,1895.960506150624,0.25552931458427225,0.6669487579926272,4278.132685288722,0.38706017650790997,-1.9252366585591278,41.41099542810405,20.19997386641833,-78.194886514889,30.959499364144968,-68.87148002849023,40.112446957714894,-76.20417248660104,-419665.41740892635,364101.20566970203,1085818.5155082853
3924.3690173942687,1048.3487645829248,8.353753638018578,2387.922663301271,2210.967602024736,2232.154034267492,0.3479274023111989,0.5606023852699162,4499.019250040816,0.7759432778079194,-1.5969640024106129,43.859537199404414,20.412934929084926,-77.44934792942662,35.50900393933369,-84.08397106187883,41.8252792745881,-74.79753720238452,-401940.8882685735,356981.70915236376,1107039.1745620267
3170.3631333599883,935.2952370762919,7.591792865733765,2184.9236443001573,2040.1633240838555,2008.4916590191456,0.2103185583638184,0.6888694797413547,3922.897943366876,0.17528774551741477,-1.3008399885995763,40.76831681830578,21.002966298066145,-85.95015593830955,35.98729370722788,-88.66332986685404,42.51925423601958,-77.3781675093795,-534419.7802392677,317113.6879463774,957450.5742710836
2994.2903307695656,983.9825226448419,6.278071611894018,1863.9526088451717,1775.8633082152446,1692.628939817034,0.32527795204795634,0.7320204824205624,4010.110704118,1.3523405156736086,-1.406592481838493,40.986090833608905,20.755720631327055,-72.08336364277486,35.49433394473245,-73.29494525008535,41.85587088266258,-69.72266676920826,-589033.6615846481,292938.1210017906,892753.8959745261
4964.234275045941,988.108563794719,9.644687006169653,2626.516454928388,2428.588700772211,2454.917850934049,0.3163120601763979,0.5924070685666499,4994.674049294777,0.5140040796803532,-2.756281226384053,46.10917667337498,19.451750934258467,-85.7481719610439,33.14582348839351,-90.18084903853351,39.21363163933367,-86.9346114428259,186446.15600607765,487856.98056838044,1732362.132240307
4864.804927700761,1189.4593719087222,7.107332603478379,2009.632468909042,1913.6900696721405,1859.1725223478197,0.23808249252814156,0.7323705859788647,4405.877783534783,1.4158730259160732,-1.9971610959727208,38.093390904623476,19.400331904717724,-88.02987638825765,33.43000438268465,-88.35992723361483,39.87324102969996,-84.49939418038434,-249820.9848510591,409648.3041912692,1277750.2699528467
3236.649364923441,762.0015087814529,7.717821666753522,2227.6387205717338,2078.4678597808675,1930.4299415260707,0.21596360207400206,0.6045139902924161,4016.397584965462,0.41670553920374986,-1.8017008686557276,41.69420069279783,19.4234886937492,-76.93042298316105,32.722040768467586,-73.26595782978833,39.27062831365059,-77.42824728300745,-370895.9860838198,365802.4653707717,1124737.8701358857
3379.5790517321375,927.868363006513,9.202177587396703,2547.1316417098114,2383.7511692965095,2434.6053330731943,0.3041619803510753,0.6406621061801934,4318.423347219718,1.9664880550500925,-2.852643605532475,42.073245001003095,19.694036042870167,-81.24149329490206,33.01902369078702,-85.30288177346858,39.351517831461706,-80.95628809313052,-473915.7066398606,310014.47902343003,1025185.0289777846
3062.6480070693765,790.8837968305928,7.4637490633338865,2347.5468007034688,2183.8760267289376,2204.684293829445,0.3524979811236698,0.6595604751856685,4454.438499631197,2.0722402781393106,-1.5322478110543964,45.22031909267301,20.62210344300713,-72.16312919570377,31.584604215748655,-67.87579831246791,37.93440689474597,-66.80259131258401,-453733.9985325253,341809.4867757035,1046667.0163951935
3042.9692820739765,784.2821309907894,9.775840245433946,2692.6138382220215,2491.44747283819,2593.6250347333475,0.34422060557196865,0.5925595263323322,4264.148455505157,1.9667301402858701,-2.176258848327776,43.50447016013886,19.1197332907921,-84.39006270524628,32.17594906645084,-84.30887911396664,37.81332142375414,-81.59572700767113,-486710.6304349975,313847.3852494345,1011507.0758926356
2413.250082221171,658.0252718045496,7.04777983682994,2075.493592035081,1907.7000941153042,1863.2344337213544,0.38239337213372454,0.7253562683563395,4039.205774584217,0.6039394552678508,-1.5141736627975602,51.466403772349274,20.02937833142002,-76.95985046383707,34.11836708960299,-84.21739114312359,40.64217516997882,-78.65108703827524,-410671.7905264339,293064.19390979153,1097270.5346125518
2040.3900296767465,615.939652075803,6.450572024770557,2093.01619603512,1937.7595403369814,1876.6388611693505,0.4129162532475056,0.8065010482399743,4169.366387354625,1.7030313606100647,-1.4030614114340365,52.68369108611211,20.771486383604863,-72.76380941832618,34.81171073150144,-74.69698759754085,41.826520476340235,-73.76713336566519,-391108.189013657,283872.4645368063,1119665.181492921
3166.2202438872723,833.7946247893148,8.173375929208355,2542.4234399839647,2359.23371299302,2427.040246687138,0.5305162720126496,0.6872541183677596,5349.667851420544,-0.3618813506487766,-2.4432269187981754,40.973423745568304,20.943637725052792,-64.18715525143313,34.390401773011114,-28.243893788140504,41.15438991103977,-31.713121294866255,-271595.460995226,375191.2742321262,1254534.494863797
8757.04958731728,1296.7364418055272,11.25758489599244,2842.653374955992,2534.106786612129,2767.657197353332,0.34654743915082625,0.5698908685918113,5582.466116568374,0.9134132246768982,-3.4411271703572415,39.58467246828543,19.348997947881397,-82.98468018921731,31.273365291628366,-66.57959301687305,37.49041269145421,-58.65169669426025,2146740.139386518,1146177.8256436188,3988506.7331947507
6512.639215473481,1284.358318355896,11.481387931804194,3065.852590605409,2866.0772053832425,3031.3902899134673,0.33096648649133703,0.6615989422743079,4794.085404089828,0.9298158587651276,-2.4237938798513414,33.27062681753367,21.175730007470097,-71.17456048338364,36.001298670593954,-64.18593098130124,43.50381568995448,-59.926934566346844,251296.91468979826,653848.6287612461,1845720.274315598
4264.085954156967,1147.3737521799756,9.033269349584556,2652.4903527281363,2485.2518603318376,2580.099142659402,0.3084570220965765,0.6358582194768567,5083.073560381853,1.3455195066238423,-2.37041410626773,44.24004755395158,21.25551776778962,-69.39181148547935,35.56672730276976,-63.099041909995336,43.15804265673044,-62.59816991945885,-365469.08055626473,348672.4901353848,1148321.0967819705
3241.827976764336,996.3606460944733,7.467074958690325,2187.4890280582304,2007.950631289064,1922.5195538848843,0.27940785075580205,0.6882647577642241,4501.3714101358955,1.6768729824475077,-1.6450374513638446,40.73192523329834,19.84157018670496,-75.10045956313319,34.27217075389509,-61.751006808691585,39.83684918561831,-72.51692524012024,-435279.93940770323,326869.12262065406,1069268.6035026293
3046.0764491785135,979.0312732649893,6.236496964013053,1914.092518513908,1759.8932586100295,1686.1951851446015,0.3795057373816531,0.7347805474275644,4104.64970010144,0.5831135866061239,-2.390074164859417,47.1168359143763,19.741314569466113,-77.60748739962229,33.60998576571961,-74.0728226662015,40.160906648772524,-73.26804198320244,-530023.8342878355,291654.20609962055,960786.8221625732
3309.1499306959686,956.7506510556528,8.583576111619571,2619.9021726112096,2458.119085103006,2522.5261868062867,0.36429483406811713,0.6077019354252858,5254.2478937762,1.4204610450419906,-2.0926135861728072,47.89240733714504,20.701627651990748,-46.19457088432197,35.26440033767687,-58.27592968931539,41.72374731724572,-49.10806048620469,-272224.12348988117,334810.26671082585,1247242.5049395352
3312.257097800505,915.4902395568818,5.563644982675625,1796.8904942192255,1659.277417363116,1575.2496556565618,0.23889085484964406,0.8000472933930586,4578.406680256134,0.06397796688956059,-2.429332257460991,40.10201915323852,20.08818182519359,-89.33426893264648,33.883896497247584,-94.80395205158047,40.68122903341355,-88.48462376708412,-533123.7502829356,314319.7963759666,958153.640427143
3286.364038596031,916.3154477868571,7.950782591973857,2400.1915470811346,2201.27805622773,2247.071426457024,0.43321236152497644,0.6520164804011478,3806.8082120691965,1.283971110129191,-1.9288026376526408,50.54963843690447,20.528788684848433,-78.49340330780147,34.65015020409429,-78.3873070667712,41.61010694687527,-77.74122578238003,-332400.9641862867,315757.31734995387,1185978.911948415
3778.332163481036,843.6971235490199,9.313400083227608,2714.2260723360296,2481.6373966859596,2628.136560780623,0.15899220424543892,0.5116082312027366,5485.903887970606,0.912294134199052,-2.1112307674532858,36.14856256047154,20.019997420262136,-91.1385882604587,33.58610987439407,-90.00880717889281,39.537528856163085,-85.68708566551716,-394175.2644306781,407099.3128674349,1111066.549750322
3790.7608318991834,853.599622308725,11.977925883588291,3087.3009660380585,2846.7597735214263,3077.606816284474,0.3791369204886769,0.7574226252210164,4872.711426764557,0.11557064455093322,-2.728192533162771,49.532511508365126,19.394596873650244,-62.951672136341436,31.268933518374503,-56.93688725342573,39.257848242256856,-59.739857956642894,51813.86041563179,393948.6043604443,1620335.8362417775
2804.7531373928164,857.7256634586021,7.4564241128877455,2435.324405227982,2244.14328279963,2305.394848338818,0.33150188693128574,0.6681793987101496,4569.4007515997155,1.0917890896729412,-1.6149267414265402,44.805533318492635,20.29113102855455,-82.12495245036723,35.14761406300633,-90.22672360544254,41.76474398573449,-83.37959570998699,-588222.0301549813,287057.61685618537,896509.3304798172
4354.1938001885355,1462.6032960305874,7.354937099187382,2410.702961021358,2248.1527333270515,2259.5344610929924,0.3213956073685435,0.630019376207663,4854.018432001778,1.7576298876222949,-0.49640093811949326,44.31895425977156,21.147653094684536,-82.31517711610526,34.47553826932976,-61.63988532015875,42.58386342732278,-80.443362476791,-476275.5367503946,341550.09539027634,1022553.1737822716
3789.7251095310044,894.0348255775207,6.5566960031312504,1871.588309193822,1629.500031033942,1603.8036467459433,0.3810938250432962,0.7112726756680288,3753.149198937766,1.5551283664370135,-2.37174423427252,51.124552419902685,21.061703295370187,-84.90061322394182,35.598382906610055,-89.65580179003281,42.40877292155637,-84.93904791518338,4123.476655978127,366102.43194498075,1562359.4091652147
2796.467358447385,720.7410972826817,6.622327978998752,2074.3604382146027,1908.1537896676018,1845.0834532732051,0.2194978459394894,0.7625936520896271,3738.1730042778277,1.9574730120750998,-0.004643239536546051,46.175553375570196,20.97964189795939,-75.76376386779833,35.3727702347087,-75.04285622595542,41.90469419783347,-70.34848020859877,-442301.958727667,319039.56029963255,1061719.2648344513
3145.5057965236933,819.7660848797326,6.9216683804253885,2058.6560570852243,1911.3150272404173,1859.0405631325957,0.3735276944612604,0.647336692318092,3916.8861513387287,1.4203847664980644,-1.7848116183572083,56.64837813777558,18.6109924306849,-95.65723387777328,31.146076335895422,-100.24386467144184,36.947613802282824,-94.57570675314048,-115427.95632947457,330191.94075911463,1431468.3890057015
5874.634236675244,1359.4522672836595,7.092941356211264,2119.957635726279,1983.4245007670243,1924.85427758369,0.36930971252920003,0.7452756599423661,4366.462986603623,1.4526455648767795,-2.1911552443811497,47.244888655519404,18.087422361830704,-95.93706061153955,29.680791098196195,-99.95973346006441,36.435247266457786,-93.67658432721063,498865.61253835494,508805.3708909211,2125349.5826791977
3550.4732424816652,959.2262757455792,6.5863437484099006,1978.4436809906617,1822.664687764749,1763.055085301677,0.366150934480569,0.6986976231194001,4702.434875432109,1.1789524268792593,-2.703673707955815,49.833284335365946,19.01350536741625,-82.8134735377144,33.842668810472,-88.27616238181574,40.76420134242453,-86.10489549330418,189687.99021359056,389225.9422090082,1776330.2977923644
3462.436841186454,740.546094802092,7.3559022837410835,2253.025519638048,2060.7395141585353,2063.5886286020473,0.37464205814134655,0.7327387958418052,4476.03504540899,3.2689308694165,-1.1157388651302018,47.10487967515295,21.93514418175895,-79.60443247518181,38.203147132147755,-81.13160739145289,44.62681842637047,-79.60690634272035,11252.227854698664,409654.10064680956,1548859.2124289563
2679.430730843163,640.6958989750657,11.003768942908103,3009.707067378436,3446.9225464873803,3755.8094158214117,0.3963680543948619,0.6404904276799691,9156.495959401234,-0.5125485239802665,-2.4824217009335174,47.28826878509742,20.46329545545297,-84.86799901312739,35.57356401605853,-89.6543146603106,41.899471395330245,-85.3555960699757,-304201.46351652086,334149.4707792349,1161650.169868924
2909.361096578891,747.1477606418953,7.33579679171665,2359.6395671646796,2215.473475254093,2222.1897593731364,0.30593602075785276,0.6879937377726671,4933.9958267926,0.5261641851997846,-2.66713573412562,41.759632495803004,19.768889445678305,-86.69559094233051,33.05257137312053,-90.04514280133587,40.03963006178492,-86.3505204765406,-574159.2254704372,281387.2342239149,912490.1568610403
2804.7531373928164,740.546094802092,7.808530148380459,2227.771100366897,2071.543442679552,2066.777449732005,0.35271926103383816,0.5875849073697741,4033.038553412313,0.47666014076912433,-2.281292454884422,47.185540953956,18.229303491391025,-98.00907671290766,31.120029229596376,-99.62394106381913,36.773998219965236,-96.70656464900921,-494934.8494882104,314177.78321523,1001373.6374659599
3709.9744871812245,823.0669177996343,7.642174644761937,2229.936981711459,2091.8679692981063,2087.0467633569283,0.4337742972098747,0.5729616826586146,4119.00892889976,0.6822495851548749,-1.8735097864398627,50.285852293418245,21.727977829001286,-72.0647225207118,37.05796043948489,-78.20362332079517,43.69824851963364,-73.71406072112354,-196770.54959779693,370414.99486694264,1337943.3452308725
4085.941706830186,1064.8529291824332,6.61321970722674,1842.8653810087171,1669.8593996278228,1552.8933993242438,0.3911354654413551,0.7135276772247579,3630.861991720851,0.5427299420522265,-2.307251983198289,45.87832463728507,19.372869612100637,-58.81120019499202,33.07594613710643,-55.3019827129329,39.74289101879151,-56.42682107527876,-351666.6547407756,324385.3414216478,1163383.957540565
3736.9032687538775,834.6198330192902,7.639841267518582,2090.387519558117,1844.5632707916902,1773.7003604289462,0.44523761724924993,0.7388570999656127,3816.5460636456705,-0.07055374145847704,-2.8963587027922473,52.169999441982334,19.639524384679447,-78.25605203477983,34.2387245207513,-80.73672499481862,40.948391904964,-81.15212683463291,75253.82301951945,355110.9031267412,1646174.1807469209
2874.1465360608067,799.135879130347,7.230661631545259,2025.6940122094586,1878.9684678830076,1829.3252788508316,0.33240248939115546,0.6221397212459848,3697.3316776298066,1.8652811876286424,-2.305484693370849,39.04719525232956,20.312661817930607,-76.81117030335825,36.385311741474844,-48.01325501514474,41.90139595784677,-56.323372687493524,-604560.2177492848,289500.8228664097,878181.8549852562
3251.1494780779467,856.0752469986512,9.61182617949819,2487.6685621625097,2323.2223965021876,2383.909834202845,0.45492986426554355,0.7050016895293912,5176.324268965274,-0.5147964328226576,-2.4449118383816693,45.96933603291821,21.722173451235697,-58.735745502854094,39.02288408746312,-47.301126814705235,45.81220562994258,-47.34486613954399,-485289.1025552921,306952.5013842817,1013076.3726145569
3027.433446551292,819.7660848797326,8.242225295107747,2422.4562278836615,2091.273795704238,2279.7986914532503,0.4120821654888386,0.6004718653278839,6963.282154683533,0.4429886807777166,-2.2255228042607373,40.885673181948746,21.29694024244088,-84.87718615109003,38.104539142072184,-69.89360058311273,44.214580285087415,-70.29245010249427,-571826.3715490395,302089.27518599405,915355.4830819617
2450.5360874756134,755.3998429416496,9.250966622220066,2626.918877417413,2481.309328497578,2556.0942101196333,0.24870593435588279,0.5073645999624713,4901.760799286496,1.8255634617187781,-2.0092975412680145,39.035980441740136,21.220656900717554,-62.858567090897516,37.86332151558808,-54.9270917192417,43.31100215130912,-60.511738941420006,-653687.3767998947,279184.5811186118,822699.3229528288
5455.166677562766,1000.4866872443504,18.98706410003149,4683.704130339783,4277.3533568321045,4903.843866483055,0.28969874428607645,0.5564700666527076,7826.564012361311,1.8451464473686894,-2.7401152782212312,43.29849756121757,21.198435585338018,-66.68304955013346,38.33796888283746,-46.39892573091795,42.19076462152508,-74.24576278820847,1316369.641292318,557465.166037614,3049035.245430269
3174.506022832704,911.3641984070046,9.409501700936433,2582.3194481397277,2322.5290186976345,2446.1919825750615,0.3883042698124596,0.4951815221839566,4484.867715165112,1.1344778268771143,-1.8841953754291598,43.458993508727595,22.895382641942177,-63.88369297031087,40.24719536544993,-55.361376993964875,46.28115110549889,-65.74666013884695,-420346.85940406565,274466.26630883093,1086622.3986980438
2526.1438203526773,874.2298280581106,9.279423582192274,2672.467044510151,2470.5620895991324,2583.0937629983932,0.3487550546307371,0.6035973564785828,5300.517422533525,2.539312841370728,-1.7800366579671258,43.434328503220875,20.620667716135493,-56.94158387137253,37.2163317082357,-56.635307104140296,43.03051519470006,-58.72495164344631,-668319.0272118787,264525.34505726554,806174.6152055976
3187.9704136190303,853.599622308725,7.812406504574929,2336.3548003924075,2169.5958847721645,2190.3659207923793,0.2757205793802149,0.706009038212406,4817.387151923063,0.9914506608104772,-2.144803975935755,45.301952681773415,20.531609262961407,-76.11719420757872,35.22479735320321,-81.13355811227768,41.182703822905964,-74.40308007711363,-393525.49013582926,291049.92560954724,1116634.0377823627
3242.863699132515,800.7862955902979,10.532706643121543,3062.6773756275234,2892.194767578751,3034.092953686295,0.23564028247214003,0.5144647657808519,4881.639428485662,-0.8070250556607935,-2.279622009278092,39.339217594418024,20.367476065518048,-77.99385935949724,38.70959035000299,-47.222692505839994,44.45955507811882,-57.39620998570714,-250231.4920770466,336247.78768481314,1279066.1975506032
3396.150609623001,808.2131696600767,9.536094084185926,2653.5040942224746,2475.8380407498657,2554.7505197668106,0.3158510733363515,0.4686081533002726,5411.880846950142,1.7080371673426735,-2.6225540583638542,39.3678944458712,21.874900716127406,-52.61677741491278,37.562795076487696,-54.15435777877379,43.95382227969404,-58.67640160441386,-498872.20022432506,322092.8432554705,996887.2794663503
5227.307756563396,979.0312732649893,8.470397441241275,2147.292506302189,1994.6921870025567,1962.0340196206766,0.25191861287313116,0.5191166697068829,3327.5056643423877,0.8475773758461507,-2.9509963912615005,43.87063062414946,19.87115751622871,-63.16465215607919,38.172107614076225,-48.33171504687732,42.955932100246834,-66.11094301287355,1114323.8490502005,573424.2572538662,2822329.5735990237
3142.3986294191564,867.6281622183071,10.18698022494857,2775.9949705256463,2554.6696123293873,2680.6496197515007,0.3006619885226682,0.5069378313951697,4958.113205489666,2.6458812636988265,-2.1231496446841875,40.54685427284865,21.93690712847607,-62.91840470167106,38.64440948392941,-52.08056693111957,44.885187829322994,-50.63756495196326,-426402.42742627586,335531.9254255896,1079723.0645892415
3258.3995346551997,803.2619202802241,15.247518666910262,4194.885757356901,3966.673293054998,4342.527684835802,0.31071408253069055,0.44024337549260173,6364.437648029,2.6256980280857163,-1.4058796024056082,43.56125007798798,22.22096463990611,-66.55320745253032,35.411458431630116,-27.702595608694757,42.15832484620589,-53.993560630429336,-435451.17956482945,309781.17168793414,1068280.3312643948
2810.9674716018903,774.3796322310843,7.874696101666812,2374.1220001055,2179.878874009701,2223.5909246463166,0.18764260063480404,0.5060197977562606,4716.067687067517,1.2072129123138344,-1.5779895919403781,38.16563208015461,22.742510409943407,-94.05128251655093,38.399267970948344,-91.5072837277722,46.0008765794548,-86.28335349965987,-581350.1391919501,309110.2319591477,903894.1781982756
3055.397950492124,857.7256634586021,8.15828522266396,2525.426763657173,2386.0557355700976,2441.0009166507302,0.34511256297660253,0.569053113037642,4649.44430084675,0.08334287342695873,-1.628770597921965,43.471265619640846,20.669500784518277,-85.29640683602472,35.06459856431315,-87.65124216671565,41.664234283693844,-83.91404496547317,-503132.092352287,321620.4321289384,992724.5972065115
4260.97878705243,1164.7031250094594,9.287097798255898,2548.5689135513244,2373.704100692592,2426.7788644329385,0.33882544055039443,0.6167298949737203,4700.7529261372265,1.6109890268206688,-1.8792827455713728,45.21605997255999,20.488500922550834,-68.95145271253608,34.60409552176372,-76.71982737440923,41.22150176447721,-69.33139946789053,-241660.1011984271,368108.00556191464,1274236.2657124666
2841.00342027908,1017.8160600738341,7.340504462271276,2112.162485445838,1950.232996966211,1902.3628985114933,0.3379590979368109,0.6467186524433238,4337.789178556443,1.6881818327570652,-0.7212232298580845,43.97309402072164,20.632966850379187,-71.06240553121984,35.41910983978844,-69.27696623271977,41.47836204708024,-70.50173812123492,-668735.3988268089,264284.7921523443,805439.7120915279
2971.5044386696286,846.9979564689215,8.655586067033513,2505.078294492856,2299.2223656800866,2369.2815599538812,0.3962645618040341,0.6660816519050902,4703.725760498091,-1.4620287476031764,-2.4253432419343586,49.08392736473225,20.138096506586415,-79.5747126044338,34.03774706596602,-83.61380200611065,40.268663251523044,-80.47517083259883,-496286.00470060366,293426.4723810585,997855.6536058284
2601.751553229741,751.2738017917725,10.844475802932118,3102.414261166508,2919.3702747382486,3076.413308878824,0.2975858862886023,0.5526446063583645,5732.018297059266,1.2264914015963742,-1.4684768667929997,42.69425721507239,20.679461675996624,-73.1506463697367,34.95372451004693,-74.07426312960419,41.412449882362665,-74.6298978539014,-576047.5587099798,316425.35885097017,910493.7142858149
2601.751553229741,672.0538117141318,7.7472905491889765,2272.8614091393456,2106.2066092113287,2106.115434907994,0.31573912263780324,0.7305938227820482,4125.63166159516,0.9105613384970083,-1.9599073872649324,41.84929735359668,20.21219193070608,-69.43906961301509,34.93053407499912,-59.14464585585093,40.737204432342494,-67.06362620073183,-546838.2102642846,296715.9609001625,943540.4767004432
3328.8286556913686,818.1156684197817,7.963073154094113,2621.851630388358,2384.792741466294,2495.553012092595,0.2888256034856242,0.6548824356520027,5048.3653241947595,0.9968482487023779,-1.7770318920439272,39.647556586998576,18.458942674632357,-95.74545766631826,30.90838986884068,-99.9198619501095,36.85321041288566,-94.85548575412965,-486128.8830518837,317599.1410978751,1012149.1212125088
2447.4289203710764,685.2571433937386,7.00185187312646,1973.7658737927777,1808.9393275536263,1759.3742635110266,0.30260757555444434,0.5575511020884767,3961.2460651247243,2.281255785610884,-1.0298765543969963,50.489043274469964,20.29251128683902,-68.80769526654171,34.73300012290845,-68.19015057721322,40.944392983198,-68.95327185480092,-454396.67448304803,311401.28101144,1047555.7981396461
2272.3918401488327,689.3831845436157,6.587685532645167,1985.3347793009823,1845.992156778676,1783.7718331488204,0.2777364245695961,0.7259607090793821,4120.2798908158875,0.47522785228101505,-1.4005310374566944,42.65771942840395,20.78017593314732,-75.3366213037861,35.64062919496056,-80.60331488909843,42.4925896420256,-77.83207158071865,-609801.8085862512,281116.24992740725,872314.5689319525
4404.944196229305,792.5342132905436,9.998838544640197,2811.539500964796,2598.2487914825974,2750.239351187266,0.10865889630016638,0.444314331110252,5120.449920220938,1.3716052453059047,-1.967859263162522,33.11227135605975,20.478871135632772,-74.85326821860292,36.987691967589036,-54.734269696454696,42.224805147264945,-62.34908886350654,-248458.1008607805,432742.83217759535,1280672.6373902033
2506.4650953572773,792.5342132905436,7.670439261104541,2297.9055239239365,2141.4836108197505,2041.9788888060116,0.3158838050713296,0.5179022893708145,4158.93373190169,1.2250655390717464,-1.9439356334250193,41.42896389165254,19.303381130934508,-71.98786120326291,33.120081827032124,-73.41660546072849,38.3436874586002,-68.88954599889303,-666692.2457191795,273646.06784988253,806831.2524645587
3198.3276373008202,889.9087844276436,8.500614725200805,2621.3909489419043,2445.545116889173,2508.240108418817,0.227810700217283,0.4972440584239134,4237.557617415592,2.599170963716272,-1.3243045822957853,37.9085225745852,20.213542114614565,-75.70204315045687,33.627667786291944,-62.56544049824613,39.997409296222074,-71.79064547628728,-487110.5817608882,348120.37774517393,1011004.3172640572
3687.1885950812875,863.50212106843,5.622055093812166,1594.3475410853534,1478.7311156037654,1339.764818869347,0.44820485936353227,0.8491103129484739,3244.7777474653035,-1.3919410129479415,-2.5328238482039627,50.54239085148796,20.276409788592616,-67.45193066769762,36.35656104612116,-52.98041476448283,42.593340740585376,-53.81729961015412,375597.3298410324,340886.4012309153,1986421.0571620162
2794.395913711027,658.0252718045496,6.125386663492045,1944.0849378766086,1782.754441534582,1728.1585024196763,0.42334796534510977,0.6926908282559155,3528.9066772909537,0.38376235515650425,-2.323414032845643,52.03491086376186,20.435526003029537,-72.27895582507766,34.19218260809495,-68.55433721183668,40.53652294096911,-65.69927684157942,-279521.76909015083,315416.77558696293,1245439.7371922052
2725.002515043037,795.8350462104453,8.2228504457392,2316.503052858236,2159.4816556210426,2174.5143401150035,0.39295524767868956,0.5378429188330293,4371.47062644288,0.42227206123089656,-2.139756517584654,47.098538006164496,20.244257260462806,-73.8030011050073,34.16849370344913,-72.48031601227379,40.59656688087079,-72.01153399681573,-606403.981632863,275382.1062841938,876214.5962882068
2382.1784111758025,779.3308816109368,6.131972875174346,2009.9883796185661,1894.4650400393407,1829.5262796388752,0.3977960352161779,0.7386900813139994,4306.768822286062,1.3969704992258478,-2.2167565241471907,51.90702072072245,20.39979148167165,-81.08855289525854,35.263544048190006,-75.66512662119683,41.566698787876255,-75.45475176786263,-608063.6037036411,270782.61881298845,874184.990215054
2574.822771657088,667.1025623342792,7.602784902224686,2321.7988699429566,2146.2223054819838,2159.0185525642864,0.30936317204098257,0.6005915933339298,4394.4343542740025,1.862506366960508,-2.010123766153768,42.75326437466773,21.166481833402667,-76.1022815540513,34.80970471967819,-61.1463253964619,42.808653431299035,-72.41985704476154,-563786.2943086267,297399.9426539145,920568.7849561385
2825.467584756396,712.4890149829275,7.739238071715615,2028.6616048764733,1859.1630418342502,1823.09368484146,0.3096243101481268,0.634857634340403,3804.3431613647895,3.922962652699931,-1.8339300525085918,39.92552384803737,21.536455781189098,-63.085473499635164,36.79627262070386,-66.68307139434862,42.99169312228082,-70.0113157042971,-570781.3374394542,304074.56120853696,916057.2226981041
3237.68508729162,747.9729688718708,9.370030431717222,2971.476809076963,2800.876519985179,2926.4226731637586,0.34793452666989516,0.5123775810832604,5641.983926479246,0.539834573051508,-2.006938854184569,42.10998030318005,21.154738701070734,-71.90554039906485,35.29691440136973,-62.26406507973278,42.97488226790878,-67.93468777612871,-376806.1172602516,337963.53852473345,1119057.626210892
4107.691876561944,1089.609176081696,8.88765311626045,2859.8731006608846,2702.9411085067677,2755.931405521745,0.29688226839805176,0.5997010290049152,5693.885770148926,1.4409569975121905,-2.8618767518136257,40.938476610107344,18.985575486258412,-84.11869124911591,32.17660599916973,-87.44294426572075,38.34261114826951,-83.39628453224967,-391346.2832047298,338675.05344230175,1119226.096780363
3529.7587951180863,946.0229440659724,7.2297074347573425,2146.766898578955,2009.63330668437,2004.5052279419892,0.35990692307699323,0.6686399731148325,4085.767761268125,2.390354676748251,-1.627712330721458,46.25984482083625,20.103948658398235,-72.98328663167241,33.86074709956274,-54.53633380282287,40.48111744868537,-65.60598698050876,-348035.4251074688,339437.28734584746,1168300.1144733126
2583.1085506025197,762.0015087814529,7.54306625487693,2341.2439381133267,2186.3891844349446,2205.9112566679482,0.3445439806401458,0.6582302090503939,4871.795732270261,1.7377221273271455,-1.6350741768646124,42.70167202598673,21.222774696005544,-72.61357917446979,36.101706478686594,-60.241283167420434,42.0746263020022,-61.55903831579056,-629216.454619884,287056.1677423003,850272.7816695302
2194.7126625354113,672.0538117141318,7.355413555224273,2341.79349722925,2151.689410139288,2212.1849950697574,0.3948159106670339,0.7098046110831994,4396.085671549795,2.3398741896230715,-0.8271043162448569,43.969237689879456,20.707679258497212,-81.61347827335722,34.972042014649205,-80.17910174208293,41.01839142529716,-75.51201558175522,-628511.555068974,277723.8743224634,850779.5199178598
2170.8910480672953,565.6019500473021,8.198883306596857,2302.640183861337,2157.9802284350703,2152.6051132384864,0.2467537151925951,0.600136131214326,4478.531622721991,-0.7798120827578182,-2.161322182514407,38.43068747399661,20.973120066992458,-70.11004674501598,35.817054611439715,-64.66113432453128,41.79893973368939,-62.08602188639137,-562198.2177829492,315231.2890096743,926194.6407445312
2530.2867098253932,712.4890149829275,8.154470500533307,2390.838722680011,2230.5294545529987,2270.3121405982643,0.3479097169538184,0.5947896946115634,4796.056855094447,1.6986353608353317,-2.670063713444392,45.16644425531482,21.019241622264484,-71.89436677939099,35.29536104693287,-58.76581857464729,41.53094199447712,-64.17449647562078,-629495.5995335556,276395.0368898562,849590.9401521443
1941.9964046997457,665.4521458743284,7.770612349127472,2270.7447158465257,2128.980188327702,2112.135887774734,0.2665802074031893,0.6293653011070263,4843.147790588509,1.9508771061191483,-0.4617270231204832,43.790004250045456,21.182989496361966,-77.98795700832889,33.90702966724311,-63.4243024141347,42.681506694176875,-76.98840396570317,-651897.5652945891,267822.07914579485,824621.479292697
2789.217301870132,717.4402643627801,7.41782241530576,2301.5344434247463,2144.898169110687,2158.0902926900767,0.21020880373735396,0.6105075542990126,4455.54001040475,1.4544043413595644,-1.8605824408625329,35.99062866827949,20.26692465756877,-64.62790230556747,34.18612909429835,-55.69959328360886,40.59408772308524,-59.4885597012256,-615809.2886191315,296923.1841857272,865271.9685121041
2693.930843997668,643.9967318949674,7.206054560217337,2160.978684558959,1993.0026470956086,1947.2774826891532,0.3860390833659353,0.6677511156275082,4168.135194201203,1.7710223422272664,-1.0770162586687222,42.00070490562993,19.651045632365474,-66.20607358181158,33.237991440949614,-69.76323530161208,39.09350931388867,-67.75689421700162,-613167.967839349,285127.39716127503,867772.496255825
2217.4985546353482,645.6471483549183,6.458359466205208,1884.848276641878,1718.4526877813655,1603.1468574762196,0.26608363544841446,0.7245036535100231,3335.8710839109185,1.954008650947356,-2.4807524083126675,43.16053252199295,20.528625735286308,-78.18415480544478,34.85692827296082,-75.4596383510272,41.32163645160956,-73.53512645564241,-546369.0591488703,275400.94476469967,944079.051906783
2831.6819189654693,795.0098379804699,9.642176362329666,2403.4759310679656,2252.7680411000624,2263.709526708894,0.3793678599689542,0.5143992673816605,4226.46850755613,0.9233680455690745,-1.8458420884587527,48.89022392956043,20.078402024088913,-82.47235579720407,32.80015758408142,-74.06907160548873,39.97622033786645,-73.62109562339907,-508184.8498652992,299553.32588712533,987187.6195925641
2152.248045440074,720.7410972826817,8.600017064305884,2455.3836506409593,2160.637033101516,2321.774073294357,0.37957510478073514,0.6590067935920811,4492.344179854665,1.0756929127844281,-2.1742853784593943,44.281786689428394,19.86720471701452,-67.56253965540738,33.12399254038921,-64.37187834412927,39.533009801179645,-66.86093731725084,-676805.9708897236,260676.49857852538,796083.6260562688
4571.695497506117,780.9812980708876,9.708248099777135,2471.138308266319,2300.403381200369,2351.5228797143145,0.35147392387285453,0.44842852979728065,5177.591024593466,-0.33308843215444417,-2.188181446283399,35.66987867897783,20.91128614955249,-59.091999788864186,35.472332964216704,-64.379107856397,40.52658055684515,-74.37435206346525,1428516.6967987444,805789.668724494,3177675.1273504747
1910.9247336543772,504.53654102912077,8.328262399121272,2480.9621992677853,2305.1363048068933,2334.415547005262,0.33110384341877064,0.4909822740134049,4235.85579798308,1.6901197332403686,-1.9520060810184012,42.96116642115172,20.264512148314797,-79.45373191430674,34.101496113625885,-73.49784778073631,40.3042403309463,-73.61863736865651,-670227.2993738264,263889.1840617208,803907.5584872852
2022.7827494177045,515.2642480188013,8.89461995429662,2446.3959847329743,2196.1538224279184,2230.7013058978664,0.3745390741521982,0.6379602377224369,4553.439901053407,-0.26199398919484684,-2.131019724894928,43.74064116385932,20.693497231906626,-71.29707553579655,37.471609577256174,-55.76146052536485,42.901587673206805,-65.56522357824646,-655575.7100394373,267938.0082566003,820663.0841800906
2111.0,874.0,8.775935575556609,2277.2766461392703,2311.7470393178587,2324.255329227854,0.2733301752723827,0.5765040265277119,4282.040738986262,1.0617243012790143,-1.2208872894557572,35.60397915679773,36.21289872653254,-79.83033790900369,36.157523804118746,-75.66542760919526,36.34280348563216,-78.26823258333322,360132.0,16872.0,359525.0
2179.0,896.0,7.078935291418082,1717.8132170720514,1770.6158788435062,1763.7159247361176,0.289123451124369,0.7338228545204222,4050.263882514915,0.7264341441027992,-2.0855094128755445,35.681505277650295,37.07105602304144,-73.9170541723503,37.97782918341012,-66.93401234562214,37.894000296774166,-68.5991362414747,229544.0,85958.0,229491.0
1342.0,776.0,8.394932935916543,2206.027570789866,2252.838301043219,2245.307749627422,0.3874813710879284,0.5745156482861401,4771.693740685544,1.0230253353204173,-1.9779203535681105,41.6467958271237,38.765347431818185,-60.63865326136365,38.167213423484846,-47.67122866287878,38.21462172499999,-55.24712328560605,30337.0,7177.0,30286.0
1899.0,1046.0,9.90416008425487,2423.270142180095,2439.182727751448,2425.3770405476566,0.3612427593470247,0.4470774091627172,5023.848867825172,0.7590310689836759,-1.9185556807272923,42.380200105318586,36.9224590232681,-43.88274886409304,34.92360470438921,-33.48037243204652,35.458947362771035,-38.44091007139078,84090.0,14857.0,84051.0
2501.0,925.0,9.347061175529788,2170.3666533386645,2186.9356257497,2190.145141943223,0.3174730107956817,0.3714514194322271,5605.366253498601,-0.2057177129148334,-2.4153468934030573,37.54498200719712,40.99382417001608,-61.79421353376206,41.23492019308122,-64.25204350261355,41.99267609565913,-74.57718342845658,190584.0,48563.0,190520.0
3856.0,1091.0,11.733402489626556,2354.286307053942,2411.046421161826,2189.8215767634856,0.3866701244813278,0.4325726141078838,5654.983661825726,-2.795357883817427,-1.944061437747126,43.17427385892116,38.55402299324174,-75.6025114094103,40.81435021133338,-74.94988993995347,40.614111890823885,-76.18402715284662,1789870.0,302017.0,1789473.0
1634.0,952.0,10.34516523867809,2650.9443084455324,2642.8200734394127,2669.996328029376,0.390452876376989,0.503671970624235,5292.559363525092,1.874785801713586,-1.8339908146622992,37.84577723378213,38.66429874447174,-66.01481423832924,38.3202612076167,-47.42751896068798,37.88211954729728,-44.76883061916464,49701.0,12158.0,48636.0
1707.0,856.0,9.56473345049795,2405.006444053896,2426.5079086115998,2396.4710017574694,0.3374340949033392,0.5776215582893967,4538.243116578793,0.8706502636203853,-1.8193522386842416,35.260691271236084,36.877571066233,-48.48600148905969,39.24015090774697,-43.67508135777656,38.41041099290364,-53.230318146658895,81684.0,20411.0,81604.0
1773.0,757.0,11.313028764805416,2787.2250423011847,2814.51269035533,2813.8539199097577,0.3130287648054145,0.4957698815566836,4939.505358150028,0.9388606880992646,-2.172179621661459,33.677382966723066,37.18524769169963,-52.42767096216826,38.32734214793902,-50.41206516657255,38.33401272953136,-52.157662324110674,153109.0,45244.0,153018.0
2042.0,982.0,9.007835455435847,2461.9936336924584,2502.0406464250736,2492.1787463271303,0.2977473065621939,0.5318315377081293,5228.246816846229,0.9388834476003926,-2.015273603806368,35.18119490695397,39.1620178801572,-60.40247436836934,37.153611849631446,-40.37451491646191,38.158426807370994,-43.588794449140046,87895.0,32343.0,87793.0
2020.0,906.0,9.906435643564356,2562.667821782178,2599.120792079208,2573.4326732673267,0.3519801980198019,0.4905940594059406,5463.576237623763,1.407178217821783,-2.2281101075690253,36.8960396039604,35.336782814962625,-35.506169843890255,35.05935310573569,-9.12047302344138,35.14910642543644,-9.802769089276795,219595.0,54320.0,219020.0
5031.0,1743.0,10.46690518783542,2707.0719538859075,2762.679387795667,2429.977141721328,0.2301729278473464,0.5195786126018684,5054.0498906777975,-0.1464718743788516,-3.272483301056319,31.00377658517193,37.45139834330148,-67.89104539952145,37.00285640929024,-55.63148623185801,36.92038637699359,-55.30671403488833,401428.0,171735.0,399576.0
3922.0,1407.0,7.290922998470168,1916.4528301886792,1945.7684854665983,1907.2259051504332,0.4173890872004079,0.5749617542070372,4381.439826619072,1.3949005609382925,-3.113671662111895,46.62927078021418,36.57991755609629,-65.96804410527653,38.49326270414959,-49.53574100307356,36.48269836910857,-63.48903824001015,1147522.0,185907.0,1123448.0
5123.0,1810.0,7.976381026742143,2046.8672652742532,2081.001756783135,2067.1846574272886,0.3523326176068709,0.6744095256685536,4842.197150107359,0.2026937341401524,-2.289156372306927,38.68046066757759,38.48416685602514,-53.58110628540685,38.43901285622077,-45.83340395246472,38.69002012871686,-49.69585951075896,419978.0,118466.0,417361.0
3111.0,1508.0,8.631951141112182,2278.5461266473803,2306.559948569592,2310.793956927033,0.2954034072645451,0.6444873031179685,4615.6454516232725,0.6943747990999666,-2.044582703181626,38.30601092896175,38.606699513636336,-70.73637592727272,38.61612177435062,-56.19420486785711,38.32634946103893,-61.72862469123376,157175.0,28884.0,156857.0
4815.0,1542.0,7.641952232606438,1965.6261682242991,1952.0895119418483,1981.6542056074768,0.3015576323987539,0.6024922118380063,4609.183800623053,0.6881204569055017,-3.233147338196292,36.39252336448598,39.67580648477273,-79.28119951063842,37.84001286149369,-69.7226380944932,38.97622651397594,-74.39588034897788,644875.0,226868.0,629515.0
3269.0,1451.0,10.102477821963904,2608.790761700826,2646.661670235546,2639.494340776996,0.3698378709085347,0.5913123279290303,5797.0682165799935,2.194646680942184,-2.2797912201765143,39.07922912205567,38.05290348663592,-65.78944558310297,38.528938351152064,-60.06722087741938,38.163387186789535,-63.981129981874105,533704.0,81526.0,533381.0
4299.0,1549.0,9.183996278204232,2193.0953710165154,2230.336822516864,2229.440102349384,0.2798325191905094,0.6368923005350081,4879.384973249593,0.5427541288671827,-2.3101618154205155,36.75273319376599,35.83546388596083,-72.96121913596072,36.04748381436568,-61.67919920895512,35.894879535447785,-64.0504221187033,291464.0,85051.0,290652.0
2846.0,1400.0,8.960997891777934,2274.3520730850314,2288.6939564300774,2288.378074490513,0.4792691496837667,0.6486296556570625,5259.054813773718,0.0407589599437809,-2.4806734600466447,38.552354181307095,38.83096355551614,-66.91801113728265,37.69518643242284,-61.84432136076615,37.46899387477826,-63.5437006881872,153709.0,79892.0,153360.0
5388.0,1646.0,10.169079435783225,2538.030252412769,2148.554008908686,2752.865070527097,0.2293986636971046,0.4062731997030438,4382.509465478842,1.691870824053453,-2.057598172185151,33.17000742390498,39.94592012406583,-68.62689571562025,39.7465570440957,-69.88301221618079,40.18570931857257,-68.27757182940948,637413.0,221683.0,636791.0
6833.0,1961.0,9.952583052831846,2316.9329723401142,2361.884091906922,2351.8344797307186,0.3124542660617591,0.5777842821601054,4272.381823503585,0.9818235035855488,-1.7191637889609868,35.05195375384165,37.97148079935075,-66.69162632664494,37.701583230860166,-64.29503788420114,37.47419841569557,-63.31371859271278,1271008.0,498211.0,1265195.0
2593.0,1463.0,7.317392981102969,1984.472811415349,2036.0478210566912,2000.8538372541457,0.3289625915927497,0.6617817200154261,4900.171230235249,1.5657925183185486,-1.38818800681064,38.62321635171616,38.28674331245131,-75.11479916147863,37.94390042140074,-67.94477408715959,38.10082814785987,-71.13220157821019,80148.0,20172.0,79824.0
3897.0,1524.0,7.18142160636387,2020.6805234796,2052.676674364896,2055.420579933282,0.2732871439568899,0.6812933025404158,4272.069540672312,2.056941236848855,-1.418276332993928,35.768539902489096,36.66308112628866,-68.91205312934795,36.4445065124968,-64.08671658721966,36.23006827802113,-63.71864871450646,783170.0,36142.0,782381.0
6402.0,1635.0,16.510309278350515,4147.429240862231,4161.756326148079,4155.82864729772,0.2972508591065292,0.5743517650734146,7588.033270852859,0.9542642924086234,-2.4173075796711,36.92752264917213,40.45194757568176,-64.56485233014712,41.27657280523359,-58.53620154622365,40.298718208868856,-62.44300548464413,1300705.0,285218.0,1288295.0
2580.0,1344.0,9.43720930232558,2620.0403100775197,2640.1058139534885,2633.312015503876,0.2465116279069767,0.5813953488372093,5216.255426356589,0.472170542635659,-1.1644745477685534,34.434108527131784,37.78146654111197,-74.19353212764302,38.03211842286609,-58.39928144753331,37.766008535238825,-65.33129785043081,90929.0,36076.0,90253.0
2661.0,1146.0,8.409620443442314,2185.530251785043,2043.9376174370536,2125.696730552424,0.46260804208944,0.5768508079669298,5035.391582111988,-0.6200300638857563,-2.119216271246084,47.81661029688088,39.04185552595677,-58.17336405267152,38.75151157976504,-43.84585171655929,38.52901610420612,-47.09552442857142,373806.0,56176.0,373570.0
3256.0,1492.0,10.164619164619165,2659.474815724816,2681.423832923833,2698.1164004914003,0.2506142506142506,0.4812653562653562,5343.654484029484,0.8466830466830463,-1.668487894789331,36.09029484029484,37.19438843588163,-65.55374021670787,37.274182495684336,-52.65985590598035,37.27662684864364,-58.99533427250316,142548.0,38362.0,142311.0
4923.0,1537.0,8.026812918951858,2100.356693073329,2113.888279504368,2127.301239081861,0.3713183018484663,0.664229128580134,4753.537883404429,0.6115986187284155,-2.307002811852462,35.569774527727,36.2907217027743,-65.29696280395743,36.29073906551015,-43.78132695857125,36.09778568755097,-62.12007675999986,676494.0,157009.0,676172.0
3765.0,1490.0,8.429747675962815,2136.452058432935,2146.521115537849,2159.4427622841968,0.4092961487383798,0.5814077025232404,4685.735192563081,0.1482868525896406,-2.124703600261553,43.63877822045153,35.529448992243914,-51.35548214148177,34.84912952821613,-32.465870120620515,34.86559470714097,-39.44383070045473,376239.0,59180.0,369635.0
3588.0,1419.0,6.260590858416945,1515.1694537346712,1563.6293199554068,1561.9420289855072,0.3907469342251951,0.7558528428093646,4990.258361204013,-0.8229096989966577,-2.598948882152062,45.125418060200666,37.29834419334083,-52.81847711639618,36.53113094991606,-32.26784921348625,37.36411524818129,-28.3940329129826,646433.0,113288.0,646073.0
3916.0,1295.0,7.949693564862104,2070.995403472932,2141.973953013279,2122.612359550562,0.3557201225740551,0.6463227783452502,5345.2048008171605,1.3060010214504576,-3.031016449892641,39.918283963227786,40.31272771626829,-81.35019325751735,37.45176715167088,-88.95113255872504,37.99923821053977,-90.46073073271634,640011.0,129158.0,635089.0
2854.0,1294.0,10.062018220042049,2783.22704975473,2770.1839523475824,2786.622634898388,0.2578836720392432,0.5119131044148564,5215.467063770147,0.5339173090399434,-2.3776603684129456,37.75052557813595,38.03899668459911,-81.86296010654006,37.56825159458506,-68.87604035935304,37.806838908227824,-75.15585573417722,165835.0,36463.0,163599.0
2405.0,1130.0,7.834511434511435,1975.866943866944,2008.0486486486489,2010.175051975052,0.3646569646569647,0.6607068607068607,4598.434095634096,0.3782952182952185,-1.5758242928045647,43.08939708939709,34.78929368813132,-87.24995798316496,34.17370150841751,-78.39000356228958,34.091836554292925,-79.12862200968014,295386.0,48069.0,292780.0
3198.0,1359.0,9.718261413383363,2682.7661038148844,2677.419324577861,2735.669793621013,0.3958724202626641,0.5059412132582864,5002.323327079424,0.061163227016886,-2.361832995538669,40.978736710444025,31.300871141287267,-50.06493111868133,29.09534783861851,-33.84461176766094,28.990414557613803,-35.65101942323393,418854.0,85627.0,417807.0
2638.0,1185.0,11.064821834723276,3086.120166793025,3123.879075056861,3104.144806671721,0.3017437452615618,0.6857467778620167,6620.042077331312,1.0471569370735363,-1.616732944567604,36.90674753601213,36.21608076920106,-63.956842098031785,36.58605065881897,-56.67501376649948,35.92956682554997,-61.69452724778088,162130.0,44817.0,159509.0
2056.0,1217.0,9.633268482490273,2608.0860894941634,2639.107490272373,2625.7898832684823,0.2932879377431907,0.568579766536965,5552.743190661478,1.452675097276264,-1.4297255122884114,38.74027237354085,38.42396970666015,-69.17829744466215,37.91970913235294,-62.25752808423117,38.286515653770806,-69.4595581488737,62283.0,14588.0,61721.0
3012.0,1385.0,8.9734395750332,2277.2782204515274,2325.6274900398407,2291.29614873838,0.3081009296148738,0.5690571049136787,4637.016600265604,1.3285192563081003,-1.8334470741527071,38.11420982735724,37.84232335934357,-64.32921163931682,37.48299365572671,-48.284889265237794,37.42692800066977,-52.88415633757536,150365.0,34810.0,149913.0
4190.0,1461.0,9.11217183770883,2229.209307875895,2265.815035799523,2255.1778042959427,0.2801909307875895,0.5797136038186157,4672.431742243437,1.1810262529832911,-2.27855287992781,37.70883054892602,36.903840007199385,-64.67476315190771,35.84963595150051,-68.19061397286917,36.13800168595432,-65.13888394861937,518268.0,113341.0,517334.0
3378.0,1362.0,9.1299585553582,2274.311722912966,2300.646832445234,2301.7060390763763,0.2714624037892243,0.5322676139727649,4231.381290704559,1.7210183540556518,-1.7192731898823912,33.24748371817643,40.56121329976229,-80.42055547801546,39.646466832242695,-57.49572890719812,39.64793212897472,-70.20953579167903,145590.0,57436.0,145032.0
4777.0,1476.0,11.652710906426629,2454.3895750471006,2488.109482939083,2508.983462424116,0.4433745028260414,0.4216035168515805,5405.008373456144,1.867322587397941,-2.4494060461711338,41.14088339962319,35.85099202245544,-22.61414905561385,36.61132059706192,-15.456597667366216,37.02610878279122,-22.41994697334732,679391.0,154671.0,679022.0
4839.0,1362.0,14.801198594750982,3252.9336639801613,3308.276296755528,3159.461045670593,0.3145277949989667,0.3730109526761727,5324.660467038644,1.981111799958672,-2.735678296471417,35.73052283529655,37.23681034320021,-42.885070616849625,39.66703755019668,-11.56723893583109,35.80751829641895,-0.5982486226454431,816517.0,254807.0,816037.0
5642.0,1404.0,14.7523927685218,3427.690712513293,3472.416873449132,3462.8064516129034,0.390641616448068,0.3656504785537043,6113.135412974123,2.0604041120170304,-4.564832506244878,34.36724565756824,38.34558512673302,-45.64641480181309,38.87489323018127,-52.88232656363315,38.6178087861713,-51.76308756683259,1864835.0,427241.0,1863579.0
3054.0,1388.0,9.203667321545517,2454.135232481991,2461.7675180091683,2270.849050425671,0.3634577603143418,0.4986902423051735,4847.769482645711,1.080026195153896,-2.258684138300456,41.82711198428291,38.49456870615334,-69.92612389667649,38.944891555116826,-56.92194122145438,38.61385264396183,-59.31773428660741,233957.0,48217.0,232245.0
3893.0,1826.0,7.249422039558182,1879.724120215772,1923.188286668379,1920.0801438479325,0.3411250963267403,0.6575905471358849,4552.84330850244,-0.310095042383764,-1.552252156153363,40.68841510403288,37.76467545595854,-78.68587845725379,37.9426439554404,-68.3752596779792,38.088398573316056,-70.25054788497401,569169.0,94758.0,567526.0
2610.0,1418.0,9.69463601532567,2508.1697318007664,2540.450191570881,2528.0072796934865,0.4160919540229885,0.5195402298850574,4910.968582375479,1.3844444444444457,-2.3009699869915363,44.88122605363985,36.37532454139391,-73.55137969349248,36.11241065229109,-61.57419449595687,36.15530519830573,-69.44462942703117,276558.0,42643.0,275053.0
3378.0,1067.0,10.409413854351689,2279.917702782712,2339.0843694493783,2320.3981645944345,0.3099467140319716,0.5509177027827117,4615.338365896981,0.2400236826524564,-1.6224751718379842,34.80165778567199,36.860953448275886,-61.99190540814507,37.62175094916768,-41.90941321373364,38.79117027110588,-46.4887726171225,506158.0,133583.0,506094.0
2365.0,1128.0,8.441437632135306,2113.0553911205075,2142.4236786469346,2137.197885835096,0.3040169133192389,0.666384778012685,4938.075264270613,1.0319661733615213,-1.2007000749250265,40.241014799154335,34.85188135055506,-70.59744482023915,34.435039097821424,-49.27364832080307,34.29478893247862,-53.64977467820514,171859.0,35747.0,170892.0
4641.0,1361.0,7.57810816634346,1677.2512389571214,1715.5466494290024,1696.9920275802629,0.2781728075845723,0.7244128420599009,4594.654600301659,1.7499892264598136,-2.394827207029731,37.99181210945917,32.44720045220587,-93.5618160278982,32.12055950519024,-86.33887514035487,32.48918354822661,-90.414017196367,1076671.0,244693.0,915504.0
3516.0,1476.0,11.3094425483504,2785.9175199089877,2794.6285551763367,2819.2098976109214,0.3583617747440273,0.5881683731513083,6409.153299203641,0.8567690557451643,-1.9422725758347832,39.60750853242321,37.7688164354654,-55.32944941119358,37.75601529868647,-42.00433519046263,38.67903321701885,-41.77142727155914,370366.0,73641.0,369958.0
3334.0,1272.0,15.577684463107378,3402.4883023395323,3451.4280143971205,3441.6661667666467,0.3599280143971206,0.5482903419316136,6501.736952609478,1.2605878824235168,-3.227799402946677,37.648470305938815,35.24357132950773,-51.6918128532165,34.20592464602841,-39.646010153427966,36.30057645484752,-51.47584245665957,352778.0,86116.0,350481.0
1326.0,834.0,9.698340874811462,2661.0663650075417,2659.1387631975867,2701.608597285068,0.3604826546003016,0.4834087481146304,5526.65987933635,1.2415535444947203,-1.273357324168439,38.582202111613874,37.74768667577828,-62.15592705618828,37.15677758314351,-53.26771502126042,37.41773727942293,-58.26150692331054,19995.0,4154.0,19922.0
2569.0,1078.0,8.88400155702608,2221.212923316465,2255.390813546127,2255.181004281821,0.4153367068898404,0.5624756714674971,4479.83339820942,1.6702608018684295,-2.944399978187768,40.70844686648501,37.80323807641062,-67.61214948354237,37.75445660971784,-48.41843608777432,37.65033504976487,-50.34849215595615,336062.0,69652.0,335736.0
3185.0,1311.0,9.37613814756672,2376.4813186813185,2327.813814756672,2396.489167974882,0.4222919937205651,0.6499215070643642,5326.178649921507,-0.0214128728414459,-3.1273619635953374,44.44897959183673,37.832313882093295,-61.08896674369489,37.96859007789339,-50.43898775591301,38.06729689155106,-54.679157805800806,430378.0,74788.0,428985.0
2228.0,1187.0,9.368491921005386,2416.8285457809693,2394.262567324955,2439.3164272890485,0.4124775583482944,0.6157989228007181,5313.466337522442,0.751974865350089,-2.628757374133559,46.081687612208256,37.09023204412446,-66.40712313562473,36.41877728239665,-57.01096599117511,36.85502324245238,-61.59540110218299,552478.0,62198.0,552281.0
3012.0,1188.0,11.144754316069058,2580.1321381142097,2613.309428950863,2605.987051792829,0.4392430278884462,0.5318725099601593,4948.542828685259,0.6759296148738386,-4.080299529087558,40.14276228419655,35.50332262095424,-51.55148645645647,34.81878706873536,-39.117793422088745,34.845708114114075,-40.55733353053052,372383.0,93422.0,360452.0
2849.0,1366.0,10.525096525096526,2546.2853632853635,2552.6711126711125,2585.219024219024,0.3288873288873289,0.5472095472095472,5219.488943488944,0.1039663039663037,-3.2973634798017524,40.49140049140049,36.70587293446086,-66.15059682663849,36.67415728188864,-58.05550298484847,36.4865741860465,-60.20066558174769,170910.0,34965.0,170041.0
5735.0,1771.0,7.038709677419355,1624.6416739319966,1647.1860505666957,1635.5428073234525,0.4695727986050567,0.73897122929381,4294.185527462947,0.8850566695728018,-2.1734317865976163,45.10200523103749,35.40643644712468,-81.88561828963492,35.13272183184762,-70.80041361003339,35.31647383359556,-73.75135023946882,1227493.0,224982.0,1222970.0
3305.0,1502.0,10.337367624810891,2601.479878971256,2637.974583963691,2648.416338880484,0.3146747352496218,0.5652042360060514,6175.117700453858,1.5888653555219343,-1.9527631571531932,40.069591527987896,39.298628250075794,-58.22895611154897,39.54138698756446,-39.59243821322416,38.78510783656762,-48.37888296846573,283196.0,54547.0,282208.0
2519.0,1228.0,10.74712187375943,3008.31321953156,3025.9094878920205,3025.459706232632,0.3219531560142913,0.5434696308058753,6199.881699086939,1.3325922985311625,-1.4541661252993792,42.52084160381104,36.80479624339469,-70.91609444955965,36.54949324579662,-59.13138112930342,36.70068110248196,-62.69758126861488,202783.0,38751.0,201023.0
2796.0,1281.0,7.849785407725322,2036.2099427753933,2074.81330472103,2074.051144492132,0.3015021459227467,0.6237482117310443,5024.2532188841205,0.6355507868383397,-3.336847040444552,36.46995708154506,38.51529360115613,-66.11389188041902,38.47984894906076,-61.64652740715314,38.26187149421972,-63.31636602023118,235211.0,43511.0,235081.0
4192.0,1481.0,8.040076335877863,2118.046994274809,1905.1359732824428,2170.477814885496,0.3485209923664122,0.6068702290076335,4934.300811068702,0.0331583969465649,-2.7649890632666576,40.41984732824427,37.823027984678,-69.74283769044759,38.21191237945896,-59.91746004548708,38.09061373545608,-66.2669037955469,410306.0,85430.0,404342.0
3448.0,1210.0,8.86368909512761,2414.725638051044,2455.934744779582,2450.700116009281,0.3433874709976798,0.595707656612529,4782.0156612529,3.4673143851508184,-2.7401084139693794,37.75522041763341,37.285852712908905,-60.29870017640184,36.290586153913566,-42.54196013960277,36.496498502628505,-46.6956301588785,794606.0,180963.0,794235.0
3234.0,1340.0,11.50247371675943,2914.78354978355,2945.2838589981448,2939.1320346320344,0.3413729128014842,0.4647495361781076,5232.923933209648,2.3463512677798373,-1.8876699072294487,39.97835497835498,37.2724788909346,-77.20228172450766,38.09908044985929,-62.76764080453267,37.35326776527034,-70.92576955007812,355046.0,90255.0,335599.0
2551.0,1237.0,7.342218737749902,2002.3555468443749,2030.0082320658564,1985.6334770678168,0.2453939631517052,0.595844766758134,4403.80870246962,1.3574284594276729,-2.130728746538302,35.80556644453156,37.38190235869132,-86.45102308789915,36.98355815175403,-79.34807145920371,37.23504941466295,-82.85422327433977,154325.0,52027.0,154181.0
2457.0,1189.0,7.479446479446479,1785.7712657712657,1798.77614977615,1805.853886853887,0.3443223443223443,0.6393976393976394,5378.914122914123,0.6257224257224249,-2.241040099979408,39.31216931216931,34.18478575277206,-87.63283223367556,35.50661235359343,-49.02049828418892,35.19860884681725,-74.47477158069812,154963.0,46869.0,153854.0
2175.0,1150.0,9.319540229885057,2574.693333333333,2584.031264367816,2601.271724137931,0.4009195402298851,0.4983908045977011,5599.644597701149,1.174436781609197,-1.8799524284449425,39.83908045977012,36.08554880989821,-54.72060819148941,32.156079539315435,-14.127847547178542,36.07129908279369,-21.45890752173913,107356.0,22299.0,107039.0
2379.0,1193.0,9.653215636822194,2336.90121899958,2387.799495586381,2340.279529213956,0.3883984867591425,0.5590584279108869,4818.765027322404,0.4024379991593083,-1.8021207782285888,45.45187053383775,38.61560963329111,-58.867732680185874,38.612021607942566,-48.86902697253906,38.89139355555557,-49.43929829150825,250619.0,21226.0,250435.0
2804.0,1361.0,7.886947218259629,1986.984664764622,2043.528887303852,2022.7835235378031,0.2985021398002853,0.6565620542082738,4755.874465049928,1.3714336661911568,-2.063892329121185,36.78316690442225,38.521152528648685,-52.17115829477477,37.77777090702703,-41.32323513693688,38.15752868576579,-41.51578607135132,183187.0,51701.0,183005.0
2313.0,1246.0,7.978815391266753,2005.0769563337656,2040.5559878945091,2028.846952010376,0.3947254647643752,0.6095979247730221,4666.578901859058,0.1564202334630357,-2.7013008322599985,45.18806744487679,33.5552084257081,-65.79620153202609,34.023374208278895,-56.572321885403,32.766703253594805,-62.72318829063175,151755.0,27051.0,150643.0
3629.0,1275.0,10.55883163405897,2538.2033618076607,2549.588040782585,2556.492422154864,0.449986222099752,0.5654450261780105,5493.529622485533,2.996665748139984,-2.8596626253356,49.30834940755029,36.603228206428334,-51.0418126134664,35.02729958243279,-28.01640624106402,36.648165284289234,-47.75281761679141,1612358.0,168344.0,1610762.0
3193.0,1356.0,7.808643908549953,1864.8706545568432,1904.0109614782336,1914.4087065455683,0.3197619793297839,0.6764797995615409,4773.738803632947,-0.1790165988098974,-2.6010611924181912,41.31537738803633,35.55873447051399,-76.1548663197728,34.83612686344998,-68.45900308451581,35.12472672910751,-71.74305182339943,400653.0,59019.0,381165.0
2681.0,1345.0,6.672137262215591,1780.5844834017155,1780.3860499813502,1809.72622155912,0.2857142857142857,0.6687803058560239,4347.838866094741,1.4270794479671751,-0.9618792710108456,37.89257739649385,36.84016626039301,-65.95890017989421,37.36057398072561,-51.1682089652305,36.95256035071803,-60.67766168669692,135321.0,43355.0,135098.0
3328.0,1437.0,6.675180288461538,1581.290264423077,1583.2178485576924,1614.8185096153843,0.3494591346153846,0.6847956730769231,4438.57421875,-1.7192307692307642,-2.089095283404462,39.44411057692308,34.040294326765725,-66.28671463989072,34.694392434070934,-56.18309744043652,34.26591617823585,-56.47920875659292,319864.0,73601.0,309552.0
3289.0,1412.0,11.55031924597142,2937.608391608392,2831.503800547279,2954.5621769534814,0.3116448768622681,0.4803891760413499,5473.685618729097,2.0219823654606235,-2.2775444837439345,33.73669808452417,38.11278587675837,-68.51789739296639,39.34410409999996,-43.06615843608572,39.639560738532055,-53.800279092049,281397.0,88727.0,281177.0
1878.0,1131.0,8.49307774227902,2300.3242811501595,2340.143769968051,2333.1017039403623,0.3604898828541001,0.650692225772098,4834.845047923322,0.1357294994675194,-1.3460673631884457,38.17358892438765,37.391205712680566,-71.88725775066884,39.51897765436062,-50.50302035152487,39.57099080417335,-53.51895072338147,38445.0,11777.0,38054.0
2562.0,988.0,9.820843091334895,2467.437548790008,2145.439110070258,2480.6007025761123,0.3938329430132709,0.5858704137392662,4374.599921935987,0.2867681498829008,-3.0917259649251085,38.86416861826698,37.87016502077615,-66.80348601528804,37.650410147001246,-22.25496085064686,37.176219473539774,-62.898054800862326,338106.0,121194.0,338006.0
2915.0,1241.0,9.466209262435678,2362.9512864493995,2407.224013722127,2392.869639794168,0.3427101200686106,0.4610634648370497,4688.7451114922815,0.2090909090909092,-2.443907616371515,38.80274442538593,36.73151289535685,-29.745346920997925,40.137448470200965,-23.33330395980596,37.94120642931389,-8.104795411642403,206362.0,54053.0,205536.0
1886.0,1071.0,8.627253446447508,2139.842523860021,2151.3319194061505,2224.095970307529,0.3149522799575822,0.559915164369035,4820.086956521739,0.6404029692470834,-1.5319339043498188,39.98939554612937,36.19486394026665,-60.91403828959999,36.008777648533304,-51.39775061333332,35.98644892533331,-52.44700858506664,148403.0,25876.0,143368.0
2338.0,1127.0,6.593242087254064,1709.0342172797264,1756.6077844311378,1745.3340461933276,0.2827202737382378,0.7207014542343884,4245.045337895637,0.404319931565439,-1.7439652564632957,35.25662959794696,37.32885944836488,-65.48388086574876,37.13818736074042,-59.85866066867475,37.19895520878176,-62.30127326893293,113407.0,24823.0,112615.0
3618.0,1325.0,13.686567164179104,3792.353233830846,3666.960751796573,3825.6843559977888,0.3747927031509121,0.5746268656716418,7104.184632393588,0.8124654505251473,-2.1348688365733395,41.86014372581537,38.83844935405102,-78.43499151581558,38.8978565770191,-68.98704709073239,38.56962287343874,-72.30435387236386,1093794.0,155369.0,1093665.0
2483.0,1041.0,8.024969794603303,1923.8948852194928,1954.0080547724529,1949.23238018526,0.2919855014095852,0.5553765606121627,5142.141763995167,-1.5818364881192108,-2.0060909580670523,38.372935964559,38.08783347932864,-78.8428731162507,37.41597330699956,-65.45010037781428,36.91721318788372,-59.290812670487206,273459.0,93875.0,273309.0
3420.0,1314.0,6.759941520467836,1574.351461988304,1604.7944444444445,1604.6576023391813,0.3780701754385965,0.6739766081871345,4318.317543859649,-0.4734502923976627,-2.794300211342221,38.07309941520468,36.41652417865567,-54.47989049896841,35.75122147979948,-42.41732857441789,35.75729284336285,-47.84157580783961,433682.0,84663.0,433341.0
3910.0,1325.0,8.708695652173914,2413.5340153452685,2450.775703324808,2407.310485933504,0.3887468030690537,0.4370843989769821,4944.69641943734,0.6799488491048701,-3.748217280165184,36.08951406649616,38.78251412237061,-66.01327865956905,38.30281632426898,-55.46183928681392,38.826332740636325,-56.37429363955891,626107.0,195009.0,626034.0
3210.0,1270.0,8.767601246105919,2145.968535825545,2186.0383177570093,2190.326168224299,0.3439252336448598,0.5947040498442367,4892.3579439252335,-1.301433021806853,-2.949139002738907,38.56697819314642,37.96105060795984,-70.64780583077419,36.741569770604784,-54.19959576465063,37.40555230397989,-59.54778218677537,258534.0,58614.0,257894.0
3037.0,1133.0,8.971682581494896,2297.9473164306883,2357.576226539348,2349.8383272966744,0.3941389529140599,0.5116891669410603,4566.696081659533,-1.559301942706618,-3.756533502300734,39.89134013829437,34.886912807168954,-44.12433851344181,35.15685219548626,-36.508041816462026,35.22064182309993,-37.03275274908731,309177.0,70245.0,307792.0
3951.0,1412.0,8.458364970893445,2187.307010883321,2139.9774740572007,2214.8382687927106,0.3950898506707163,0.633510503669957,5334.871931156669,0.9460642875221446,-2.9510485028555213,41.3034674765882,37.43015049618124,-62.862519776222,37.380689838594655,-55.333057572810574,37.28419184648673,-55.33598918100815,718046.0,113433.0,717973.0
1990.0,1008.0,10.086934673366834,2507.8693467336684,2557.926633165829,2547.532663316583,0.3492462311557789,0.4934673366834171,4854.890452261307,-0.3612060301507536,-2.2703686094515056,37.22613065326633,38.80874494712763,-56.15174616827657,38.36538307269959,-47.3860144773767,38.06582060447388,-50.92153043263852,103636.0,30198.0,102052.0
2367.0,1146.0,11.512463033375582,3768.800591465991,3809.245458386143,3806.61934938741,0.3092522179974651,0.5002112378538234,7637.900718208703,-0.0422053231939166,-1.5468037305177738,38.31009716941276,39.80442040076497,-73.95597305779854,39.44783330386739,-63.90665396642584,39.75354482405439,-68.36846540416488,234255.0,46309.0,234192.0
2558.0,995.0,9.14542611415168,2426.8444096950743,2447.415949960907,2418.21032056294,0.3002345582486317,0.5586395621579359,4842.055903049257,0.4377638780297112,-1.6613125299484597,39.39405785770133,41.076774498220665,-76.07481824199289,41.00050478520572,-63.013578343354425,41.20029427520761,-71.96462790510084,246278.0,71956.0,245988.0
2925.0,1203.0,8.48102564102564,2107.87452991453,2146.7955555555554,2142.488547008547,0.3411965811965812,0.5377777777777778,5245.670769230769,1.0087863247863251,-2.3149521173498586,38.12991452991453,38.67122650652025,-59.23957331125612,38.1603208572409,-38.14648133939602,38.470411294097445,-48.67865681537407,179195.0,43143.0,179048.0
2536.0,1174.0,8.716482649842272,2028.0555993690853,2065.3458201892745,2055.898264984228,0.3647476340694006,0.567429022082019,4169.17547318612,2.1676261829653023,-2.9662475917925115,40.61908517350157,40.548738531064494,-71.64358588484369,40.96816203442822,-53.74793084447962,40.21184773565491,-48.65403646933126,252124.0,35685.0,250478.0
2191.0,1031.0,10.134641716111364,2729.914650844363,2765.71519853948,2673.413509812871,0.3176631675034231,0.5011410314924692,5325.402555910543,1.72665449566408,-2.223239996947626,39.14194431766317,36.420652568798864,-68.01528672158311,34.952461300046004,-58.25349712701335,35.21947566728023,-62.0120860253106,142724.0,34683.0,141546.0
2746.0,1288.0,8.308448652585579,2022.689366351056,2056.8415877640205,2057.177348871085,0.3841951930080116,0.5742898761835397,4386.202112163146,0.4248361252731237,-2.697152698777507,44.898033503277496,38.6395941039912,-77.07141703551812,38.39692215187089,-56.65983250880411,38.61282376889216,-66.20226934849595,398999.0,32997.0,396896.0
3875.0,1383.0,9.389935483870968,2665.502193548387,2708.6905806451614,2705.6332903225807,0.2753548387096774,0.5065806451612903,5643.616774193549,-0.9938838709677432,-2.448763240290355,37.34193548387097,37.59652499715102,-73.21461368609164,36.9595852670293,-64.32548789924887,36.93110280678584,-69.59155991452988,535578.0,136305.0,534910.0
2458.0,1008.0,8.35272579332791,2104.319365337673,2137.308787632221,2118.985353946298,0.3246541903986981,0.5752644426362896,4409.847436940602,1.621480878763218,-2.62217900910764,34.593165174938974,37.46843386101968,-44.05704544613487,37.49316135567433,-37.91745876480261,37.42378886307563,-42.54724148314144,209125.0,46765.0,209053.0
3255.0,1348.0,7.686943164362519,2107.563133640553,2135.467281105991,2142.316743471582,0.3225806451612903,0.7109062980030721,4742.48509984639,1.4878648233486922,-2.001756554259499,41.385560675883255,38.10957010120711,-83.29230668709364,37.572284256886434,-75.23860491581546,37.30756652955744,-73.78030353327141,859345.0,141436.0,859257.0
4872.0,1759.0,13.00348932676519,3245.265804597701,3295.6176108374384,3281.393472906404,0.3070607553366174,0.4969211822660098,5577.843801313629,1.69653119868637,-1.096354872440931,35.749178981937604,37.20796692907662,-73.15770264933454,37.54297400041597,-56.8171709920965,38.286692142886885,-66.47577998481704,761033.0,210876.0,760437.0
1635.0,1069.0,8.069113149847094,2168.0311926605505,2198.645259938838,2198.2,0.3431192660550459,0.5376146788990825,4798.2299694189605,1.4483792048929662,-1.857198096992268,42.64831804281346,37.04549853898513,-52.30196084900992,36.607973683168304,-37.6753311670792,36.84444829022275,-43.854682480816834,72229.0,14967.0,71872.0
1936.0,898.0,6.492768595041323,1714.4447314049587,1765.8636363636365,1752.6151859504132,0.368801652892562,0.699896694214876,4325.5552685950415,1.5568181818181817,-0.5741527406460607,45.50619834710744,38.4849932166405,-72.63460721507063,39.07133064625851,-66.30993261800106,39.11641645211932,-67.52258433961279,258808.0,13555.0,258320.0
2483.0,1200.0,8.455094643576318,2230.4373741441805,2280.282722513089,2273.928312525172,0.3117196939186468,0.6431735803463552,5121.304067660089,1.4497784937575513,-2.1916427296963303,40.575916230366495,35.80912923448275,-89.14687545030436,35.792123840162255,-69.27503502880325,35.57576359188639,-75.66904503123736,222305.0,41612.0,222197.0
2122.0,1054.0,8.133836003770028,2041.7846371347784,2085.103204524034,2074.214891611687,0.3053722902921772,0.6432610744580585,4078.297360980208,1.6209236569274263,-0.9923979785616234,37.130065975494816,37.72777881282661,-74.79758994346787,38.37572069833732,-53.7473324969121,37.39093568028505,-69.58596151591445,99359.0,17586.0,99090.0
1979.0,1206.0,9.613441131884793,2575.100050530571,2578.801414855988,2598.1030823648307,0.3365336028297119,0.5477513895907024,5239.060636685194,1.1140980293077316,-1.559270138116084,41.19252147549268,38.613487525804814,-73.81912768421056,37.331262613183455,-59.830626457332656,37.837583859989785,-68.18338088911602,155606.0,22136.0,139421.0
1032.0,623.0,10.72577519379845,2671.4757751937987,2731.044573643411,2704.7529069767443,0.3730620155038759,0.440891472868217,6497.233527131783,0.4512596899224805,-2.432832292132362,39.08914728682171,37.578627506378815,-61.490280832188425,36.6552897448479,-45.94657363591757,37.697363964636544,-62.26166211689589,20341.0,5167.0,20247.0
2764.0,1016.0,7.291968162083936,1919.4269175108536,1916.4015918958032,1934.0043415340087,0.3020984081041968,0.668958031837916,4327.582489146165,0.7729015918958025,-2.490760476687713,38.99059334298119,36.981152955947145,-79.81260847209983,37.40809603193834,-71.43866694383256,37.1216066020558,-79.95113706901606,370652.0,52633.0,355614.0
3460.0,1270.0,9.947687861271676,2549.9182080924857,2550.6401734104047,2578.86647398844,0.2976878612716763,0.619364161849711,5373.193641618497,0.1536994219653161,-1.8885174876604764,38.6242774566474,37.34483796536669,-74.99842325261936,37.2367649493597,-68.76968542956928,37.12284462165309,-70.34315673777651,263818.0,61075.0,263423.0
3291.0,1302.0,11.740504405955637,3211.0474020054694,3274.525979945305,3239.9483439683986,0.3160133697964145,0.4952901853539957,5580.58675174719,0.405104831358248,-2.577919891669528,38.052263749620174,38.306655401462095,-77.0820387264697,38.02773210325921,-60.53314408163268,38.21347459061834,-68.38169397075848,286063.0,71696.0,280030.0
5686.0,1307.0,13.126626802673233,3290.6851916989094,3276.1964474147026,3320.0582131551178,0.1709461836088638,0.4438972915933872,4803.339430179388,1.764843475202259,-2.630253790603428,29.75905733380232,39.69410806536322,-88.81670763742052,37.31974901250901,-78.76804147075383,38.653791889887415,-82.64479745542614,1031144.0,324106.0,1029119.0
6636.0,1580.0,10.769288728149489,2663.1482820976494,2619.9804098854734,2699.4883966244724,0.2432188065099457,0.52833031946956,5208.88908981314,0.5743972272453269,-2.2768984562289183,34.95328511151296,36.755812240265705,-84.25534729172942,36.02687911485068,-83.75472099109543,36.670139951856406,-83.33371614609098,1280167.0,335323.0,1278912.0
3143.0,1220.0,7.922685332484887,1919.8873687559656,1898.387527839644,1934.734648425072,0.3652561247216035,0.6656061088132358,4365.758192809418,0.1303531657651927,-1.5722494644090457,40.59179128221445,39.541137050945096,-83.14559317205995,40.33941913264968,-83.56975814482507,38.89108347004154,-79.20449629125252,539904.0,94925.0,539410.0
2986.0,1188.0,7.534829202947086,2054.257200267917,2081.4933020763565,2062.4698593436037,0.2056262558606832,0.724715338245144,4850.111855324849,1.111286001339583,-1.0500177475314951,39.2967180174146,37.93775316908049,-76.1712085176828,39.05689566756484,-67.59781408656121,37.984166121589766,-62.65752272751777,346528.0,73859.0,345952.0
2646.0,1063.0,7.896825396825397,2167.646258503401,2242.74111866969,2207.8552532123963,0.2796674225245654,0.6190476190476191,4640.350718065004,-0.3719954648526075,-1.141600591518048,39.97732426303855,37.48543994438091,-79.53471131619057,37.78220340304758,-77.18357617638107,37.8387296148571,-77.21598792114297,240545.0,49526.0,240320.0
2829.0,1163.0,6.393071756804525,2180.164015553199,2207.5828914810886,2220.772711205373,0.3329798515376458,0.6822198656769176,4999.425592082008,1.5284906327324113,-1.7422511344034657,36.77271120537292,39.42433914275514,-73.9725109596717,39.3055470360457,-67.6126229453962,39.30087216523911,-69.46392489329052,252883.0,61497.0,251529.0
5195.0,1501.0,11.887584215591914,3203.01520692974,3263.7070259865254,3266.278152069297,0.2246390760346487,0.6125120307988451,5926.895668912416,-0.0009624639075994,-0.9213054220184668,27.22617901828681,38.768764486981766,-41.90159650491813,43.39988526258936,-22.780684595600995,42.89952758730481,-31.838520588462263,683226.0,181166.0,681672.0
4263.0,1282.0,7.37321135350692,1638.62772695285,1689.2538118695754,1674.841660802252,0.2993197278911564,0.7140511376964579,4319.21768707483,-0.9353272343420151,-2.0397948641471597,32.61552897020877,41.4874726703713,-51.42644409151109,42.61345391471209,-38.58832354039336,41.9755995235726,-44.448871225776,784971.0,256142.0,784585.0
2382.0,1217.0,8.350545759865659,2130.578085642317,2172.8824517212424,2164.452560873216,0.2791771620486986,0.6146095717884131,4921.387069689336,0.5164987405541556,-1.9956003861819769,35.53316540722082,37.099360551271175,-65.75272804915261,36.11056473684209,-54.70614883234301,36.42914532076271,-61.40098163686446,99302.0,26677.0,99105.0
3635.0,1403.0,7.433562585969739,1930.3504814305363,1939.091334250344,1961.3359009628607,0.2544704264099037,0.6387895460797799,4831.54552957359,0.4448968363136175,-2.1388937032610347,34.11279229711142,37.42876549142701,-75.69714446902655,37.95194901465711,-68.32687884209075,37.520727383573046,-67.03774098617258,326784.0,90451.0,323239.0
2947.0,1145.0,7.225992534781134,1903.276213098066,1952.1879877841875,1939.664065151001,0.2300644723447573,0.7298948082796064,4453.58432304038,0.0305395317271803,-1.569213383814731,37.984390906006105,37.84710625238416,-68.75753006573578,36.634038838555824,-64.27090422888293,37.462363327656654,-63.38142510422349,312236.0,63695.0,305893.0
3216.0,1158.0,8.002487562189055,2072.0715174129355,2100.4937810945275,2112.3737562189053,0.2555970149253731,0.5870646766169154,4488.508395522388,0.172388059701491,-1.396433654206466,34.84141791044776,34.50317373495481,-65.39004825288434,36.57608634736516,-54.404772504833225,36.896086987839126,-61.332718755223006,443173.0,103753.0,441943.0
2891.0,1069.0,7.420615703908682,1899.123832583881,1911.2089242476648,1928.8765133171912,0.3552404012452438,0.6340366655136631,4488.329643721896,0.1678657903839506,-1.7339446645883962,39.83050847457627,34.04026208844948,-47.00512757544223,35.12091275338185,-41.76048792854663,33.827577834894186,-43.23961956468956,485529.0,85978.0,449667.0
2239.0,1093.0,9.026351049575704,2240.913354175972,2544.3657882983475,2497.413577489951,0.2934345690040196,0.5596248325145154,4930.142027690934,-0.171862438588655,-2.003685197288299,39.56677087985708,35.947260698654695,-65.78922889596416,35.47005875560537,-56.89089063318391,35.6120309076233,-59.96602738475342,149510.0,33831.0,148360.0
3208.0,1264.0,8.441396508728179,1961.35536159601,2017.3693890274317,2003.2802369077303,0.4404613466334164,0.6343516209476309,4281.304862842892,-0.1980673316708239,-1.5990250481094372,45.05922693266833,37.845442684879245,-75.77786201937742,37.3517850825921,-72.47894766232533,37.50965372268102,-73.23519347554006,388372.0,58048.0,386205.0
3005.0,1184.0,8.17271214642263,2216.314808652246,2262.582362728785,2239.520465890183,0.2798668885191347,0.626955074875208,4582.93078202995,0.6264226289517456,-2.360599184085145,38.15973377703827,36.97997271806907,-80.12322728595383,35.85465409922898,-68.35286944183711,36.10731230103924,-71.36468338384182,267346.0,66284.0,266161.0
2762.0,1172.0,9.278783490224477,2342.28566256336,2393.0771180304127,2368.305213613324,0.2878349022447501,0.6383055756698045,4872.255249818972,0.1175298804780886,-0.8588687012292594,36.59304851556843,38.1739302222222,-65.26056547857665,37.60434737037035,-54.79589088671023,38.20906905410308,-68.14018469099503,257650.0,24929.0,257063.0
3066.0,1448.0,7.693737769080235,1829.666014350946,1857.9445531637311,1728.7165688193086,0.3183300717547292,0.6731898238747553,4101.246901500326,0.4588388780169586,-1.313863051362908,38.23874755381605,37.12792347294201,-79.39643045982278,36.47979761679797,-71.15247910364046,36.75345452377836,-74.14686831780902,141794.0,42336.0,140998.0
