mentions,events,avg_sentenceid,avg_a1co,avg_a2co,avg_actco,avg_raw_text,avg_root_event,avg_len,avg_goldstein,avg_tone,avg_confidence,avg_lat1,avg_lon1,avg_lat2,avg_lon2,avg_lata,avg_lona,total_num_mentions,total_num_sources,total_num_articles
3920.0,1448.0,5.044132653061224,930.3553571428572,927.3255102040816,987.7461734693876,0.3655612244897959,0.7920918367346939,2518.6272959183675,-3.793954081632653,-6.011418238388877,44.58418367346939,38.666066387914825,-83.01002834556228,38.25002581602375,-82.68519564526552,38.41341351497167,-82.70064442055552,516710.0,65795.0,509568.0
4110.0,1416.0,7.617518248175182,1602.6800486618006,1433.836496350365,1637.7995133819952,0.1885644768856447,0.7138686131386861,3368.0924574209243,-4.007055961070557,-5.725131620128861,33.5669099756691,36.61874107187582,-95.26950995316793,36.8061621838217,-95.7951022186325,36.80488489857253,-95.75915428650124,268755.0,86528.0,265931.0
6332.0,1621.0,5.854390397978522,1235.6762476310803,1204.3698673404926,1284.905716993051,0.184144030322173,0.7716361339229312,2993.9428300694885,-3.7252053063802912,-6.588884626354897,35.62697409981049,38.42803741638389,-94.0106677649053,37.68760405558246,-94.1708351155274,37.98126926805621,-94.5974694672805,982807.0,216574.0,974810.0
4817.0,1480.0,5.6580859456093,1124.625285447374,1086.2611583973428,1173.5343574839112,0.2071828939173759,0.7772472493253062,2822.0525223167947,-4.046003736765622,-7.243932778719103,35.71309943948516,38.3801400438597,-94.67186754473671,38.19481752192987,-94.49645589999992,38.04795453947374,-93.59584701973677,522328.0,136509.0,504755.0
6383.0,1545.0,7.258969136769544,1434.4471251762493,1341.50352498825,1472.9412501958327,0.225912580291399,0.7747140842863857,3458.7371142096194,-2.8920413598621333,-6.37789385324248,30.09556634811217,38.67719388047826,-84.4653764243823,38.88098785657386,-84.67622218533847,38.76583880478101,-84.51040336462135,642850.0,223041.0,615831.0
3927.0,1327.0,5.12375859434683,952.7692895339954,868.3941940412528,997.7316017316016,0.1751973516679399,0.7708174178762414,2441.052457346575,-3.7669977081741792,-6.459464824506723,35.12350394703336,36.45907207931404,-93.17377707047154,36.29906572883173,-93.24645097186487,36.17381012861736,-94.44439137915316,253326.0,82274.0,249555.0
7768.0,1557.0,11.301235839340883,2243.9835221421217,1504.3891606591144,2291.515319258496,0.0893408856848609,0.7761328527291452,4656.844490216272,-3.1958032955715763,-6.183154351350575,31.85890834191555,36.0295747419311,-91.125391416438,35.94623206585628,-90.8045041826738,35.62584364301563,-90.81571375147014,2225035.0,502382.0,2220624.0
5940.0,1663.0,4.284006734006734,776.3191919191919,724.7089225589226,811.6410774410774,0.1715488215488215,0.8671717171717171,2906.4451178451177,-5.027188552188546,-5.732655880910005,33.95286195286195,36.98168690678703,-91.72568749574724,36.28358731123074,-87.84363003471617,35.808098507203646,-87.40771273962851,794613.0,241755.0,781017.0
5583.0,1467.0,6.576571735626008,1334.6801003044957,1259.1776822496863,1372.980476446355,0.1635321511732043,0.7112663442593588,2709.694250403009,-3.4949310406591447,-5.325272802786617,33.320795271359486,37.44559781249996,-91.54340545488152,37.82558610761828,-89.98231209319499,37.22507608542894,-91.6110729730028,576646.0,181528.0,571512.0
6247.0,1606.0,4.629422122618857,935.0598687369936,797.439731070914,993.8733792220264,0.2042580438610533,0.8722586841684008,2690.894189210821,-4.87798943492876,-6.367037662016649,33.80502641267809,37.010889127128415,-87.14761030319053,37.22290886592817,-87.55883308331957,37.23461837163159,-87.5458942013556,1241531.0,354065.0,1231150.0
5999.0,1576.0,7.048341390231705,1460.8301383563928,1357.327221203534,1518.0866811135188,0.1970328388064677,0.7061176862810469,3414.723287214536,-3.3979163193865616,-7.399868511462421,33.358893148858144,36.87078795427396,-92.87201615082776,37.84265816413584,-88.72849551271084,37.23176492066202,-90.42301769152016,860053.0,239547.0,843560.0
6347.0,1714.0,8.654955096896172,1894.9380809831416,1798.68000630219,1939.0269418622968,0.200882306601544,0.8414999212226248,4205.402394832204,-3.065779108240111,-5.668806122559687,34.75815345832677,39.39481761016398,-90.93584643936964,39.40904903505946,-90.9000109022194,39.435585397233794,-90.59248152460596,1059714.0,245528.0,1049368.0
4201.0,1400.0,5.641037848131397,1251.3482504165677,1138.1047369673888,1174.106641275887,0.1990002380385622,0.7771959057367294,2751.9245417757675,-4.048155201142585,-6.169229685990784,31.95667698167103,37.21245513858232,-90.85868260976194,37.029670738288,-91.19564898209468,37.12002918812857,-90.81377113073346,212749.0,80393.0,211665.0
4717.0,1365.0,5.297222811108756,1032.061055755777,1033.259486962052,1077.5813016747934,0.1765952936188255,0.804748781004876,3153.47297010812,-4.216175535297857,-5.699255040218215,36.30061479754081,36.59039548330792,-89.36444971110606,36.88227957669651,-87.9987874767617,36.81453820641506,-87.14361513310037,764213.0,171169.0,590764.0
2941.0,1242.0,5.503230193811628,1255.8582114926896,1088.6497789867392,1276.886433185991,0.1781706902414145,0.7392043522611357,3157.193811628698,-1.880278816729004,-6.164748076373204,32.19313158789527,37.797721193201504,-90.23225507700306,37.79906822754075,-89.34044695005194,37.77702670828998,-89.85424390912237,96427.0,34084.0,94810.0
3541.0,1451.0,4.743292855125671,1094.287771815871,973.2934199378708,1138.188647274781,0.1728325331827167,0.8686811635131318,2715.728325331828,-2.2729454956227086,-5.177374872615315,34.89127365151087,36.6037846867749,-86.24589021838747,36.63442363689092,-86.45515494199533,36.60913961716934,-86.48278106815542,313724.0,79014.0,312032.0
5022.0,1513.0,7.606332138590203,1562.0515730784548,1320.779171644763,1595.874551971326,0.2220230983671844,0.8604141776184787,3142.067104739148,-4.312743926722421,-5.787929641125434,34.13978494623656,37.527780467308894,-92.4137203492517,37.519467739290896,-92.5176593256812,37.51287011682723,-92.50261802623466,1034253.0,263356.0,1025842.0
7596.0,1743.0,6.783438651922064,1444.0783307003687,1335.839784096893,1493.4016587677725,0.1212480252764613,0.8012111637704055,3022.6408636124274,-3.902567140600313,-6.296909978618524,34.33122696155871,37.37190032538943,-82.2494346942452,37.5020305664185,-82.56068543087352,37.276811094516,-81.75016881746797,2219152.0,360624.0,2047989.0
5495.0,1517.0,5.391264786169245,1097.4424021838036,1072.232211101001,1145.0189262966333,0.1222929936305732,0.8504094631483167,3041.8558689717925,-4.346496815286621,-6.1688711829940415,30.687898089171973,37.3114537134395,-95.618359689004,37.26121887449097,-95.49816619585332,37.205095747871184,-95.61499199740828,630509.0,230557.0,613168.0
6170.0,1787.0,5.860129659643436,1136.2147487844409,1150.3554294975688,1178.92528363047,0.1218800648298217,0.8236628849270664,3298.897406807131,-2.911880064829823,-5.5185995242968335,30.02917341977309,38.3470005288383,-85.24682178978665,38.37331051065944,-85.56465089241438,38.20784599239804,-85.80861326227051,955280.0,267111.0,948653.0
6388.0,1385.0,6.194740137758297,1228.9578897933625,1169.7030369442705,1197.5123669380089,0.1698497182216656,0.852692548528491,3592.6836255479025,-3.740075140889165,-5.55121407279602,35.41014402003757,37.3858829914391,-102.25068690906149,37.33585023421088,-102.20799676675816,37.65952836375384,-101.77963802875117,1271383.0,227350.0,1187706.0
6492.0,1496.0,5.399876771410967,1128.0782501540357,892.4494762784966,1180.7718730745532,0.1249229821318545,0.881392483056069,2743.750924214418,-3.397520024645714,-6.533203631219495,34.91682070240296,36.17031621876478,-94.88479389753252,36.29886454502599,-95.2100737026559,36.155292110639685,-95.0496452380952,1184942.0,314880.0,1181526.0
8012.0,2043.0,6.6295556665002495,1309.5803794308538,1221.4297304043937,1348.4586869695456,0.1512730903644533,0.8447329006490265,2935.276460309536,-3.136357963055413,-5.233857489627224,35.33075386919621,35.23721606017744,-91.4565129994854,34.89320177446315,-91.93495027607024,34.93611553298184,-92.22813224469566,1817387.0,271670.0,1807690.0
5506.0,1704.0,6.940610243370868,1511.642753359971,1011.890846349437,1549.4041046131492,0.2726116963312749,0.8007628042135851,2922.288775880857,-4.01768979295314,-6.002387099616909,40.27243007628042,37.07133010590023,-93.4975877458396,37.05983417170958,-93.52835665279878,36.81607690998495,-93.12802820158844,728899.0,149932.0,721048.0
3936.0,1389.0,4.340701219512195,934.5846036585366,880.6125508130082,910.6552337398374,0.1664126016260162,0.8727134146341463,2243.368902439024,-4.243038617886178,-5.941486446656878,34.448678861788615,37.53754819213511,-95.00490197149654,37.550986408023206,-95.26640503299036,37.55701691739243,-94.6539148456058,701372.0,47335.0,700017.0
27703.0,3285.0,8.297585099086742,1512.3730642890662,1467.8390427029562,1534.6911164855792,0.1904486878677399,0.8958235570154857,4253.469046673646,-5.462112406598587,-6.3589461928532405,36.252752409486334,35.06935689792552,-89.9712038817729,35.19347007676465,-91.96523185896064,35.06782998913741,-91.55743732515909,44790591.0,5894821.0,38322219.0
20947.0,3417.0,8.744927674607343,1791.194252160214,1717.7171432663388,1712.471762066167,0.26046689263379,0.8190671695230821,5015.314699002244,-4.155339666778067,-5.518199063156511,35.085215066596646,35.44272696339144,-92.64954535871796,34.59606367533737,-92.7257479557316,34.634435794797874,-92.90923371584708,15259998.0,1854603.0,13255057.0
19868.0,3064.0,9.89893295751963,1883.9760922085768,1869.777179383934,1931.977954499698,0.124672840748943,0.8019428226293537,4150.412321320717,-3.639707066639831,-5.13886279333989,28.75478155828468,35.04877630353585,-85.70399029918616,34.9681602978049,-86.87793690155011,34.74380269661778,-85.79436397093562,5867078.0,1124630.0,5562131.0
11988.0,2151.0,9.697947947947949,1925.1081915248585,1934.8138138138136,1961.6463963963963,0.1202035368702035,0.841675008341675,3754.558058058058,-4.827944611277943,-6.25233233091751,30.116783450116785,33.97787929744999,-88.69119568885854,33.82101022591143,-88.86660750213952,33.80374253807982,-88.90927322582591,4295618.0,908652.0,4240602.0
5851.0,1818.0,4.29823961715946,851.1825329003589,743.9225773372074,898.9601777473936,0.2168860023927533,0.8499401811656128,2676.2532900358915,-4.06980003418219,-5.807272636744825,36.56981712527773,37.48455130512085,-89.98114069078937,37.47954638513512,-89.97333841482917,37.43335210526313,-89.90512830618766,629543.0,163078.0,626622.0
7464.0,1863.0,4.781082529474812,964.2349946409432,941.6279474812432,997.9717309753484,0.2339228295819935,0.8634780278670954,2529.7155680600213,-4.7002679528402975,-6.446063517908354,35.17015005359057,36.34838427785424,-91.65590285928518,36.10823625859705,-92.30101727950516,36.35222993122425,-91.6491153261352,1340916.0,307750.0,1329132.0
7644.0,1808.0,6.361067503924647,1378.1618262689692,1374.545918367347,1442.3615907901622,0.2356096284667713,0.7807430664573521,4153.236656200942,-2.527302459445316,-6.171759413674805,36.52145473574045,38.67694826292095,-86.48599652938756,38.43847895977082,-84.54635798718108,38.7646252573298,-85.49207295199773,2072238.0,341768.0,2056133.0
5710.0,1659.0,5.920665499124343,1349.7422066549912,1271.4106830122591,1375.2283712784588,0.1677758318739054,0.7040280210157618,3928.103152364273,-2.816147110332744,-5.265877331994405,30.70052539404553,38.55541867611784,-90.26300493093412,38.51333067175578,-90.92096402762624,38.52481524100333,-89.9171627371864,752763.0,233778.0,751149.0
6814.0,1741.0,5.437775168770179,1172.961402993836,972.89668329909,1203.544173759906,0.136777223363663,0.7692985030818902,3467.4926621661284,-3.5834311711182854,-6.100510321795536,32.07367185206927,37.04791644431111,-88.87083539349433,36.94604461100277,-89.00811245090702,36.973655556887934,-89.13181251341636,987229.0,347512.0,947523.0
5420.0,1606.0,6.692435424354244,1731.2167896678966,1383.4226937269373,1755.8575645756457,0.2214022140221402,0.7669741697416974,3855.948339483394,-2.8197601476014755,-4.953977872234364,33.65867158671587,36.67379872985784,-86.41448364928888,36.8681937630332,-86.80973485308037,36.691768511848366,-86.5510782748813,425217.0,131163.0,417959.0
6847.0,1734.0,6.255586388199212,1315.9779465459326,1001.7372571929312,1353.8465021177158,0.2342631809551628,0.8467942164451585,3087.215568862276,-5.265517744997809,-6.542811780567646,38.84182853804586,38.48791600840967,-83.71493819312214,38.35182833758834,-84.11552768058266,38.407931836612185,-83.59523142739151,2259539.0,343944.0,1711223.0
23770.0,2608.0,12.566512410601598,2546.891291543963,2443.8294488851493,2594.40546907867,0.1679427850231384,0.7519562473706353,6055.589608750526,-1.661047538914599,-6.072537464147404,29.766933108960878,36.84003524447623,-86.16411578088311,36.65670888003012,-86.49660476057015,36.65131168313433,-86.23181543649558,14407524.0,2962736.0,14262630.0
8454.0,2029.0,6.142536077596404,1207.815708540336,1205.4515022474568,1251.5565412822332,0.1103619588360539,0.8231606340193991,3300.468180742844,-3.913236337828245,-7.064284978836175,32.40123018689378,36.69121429587778,-87.87371533193064,36.75626806874154,-88.31257365785353,36.62119750030033,-87.8464230749906,1472835.0,395935.0,1363070.0
4649.0,1590.0,5.7164981716498176,1261.721230372123,1210.2204775220478,1319.914820391482,0.1466982146698214,0.8438373843837385,3142.861475586148,-2.9912454291245423,-5.923221184543309,36.23790062379006,37.05229166666668,-96.3976736516171,37.0120848831986,-96.83115122798728,36.95627347259662,-96.35647789016154,690895.0,119672.0,628397.0
7491.0,1590.0,6.364570818315312,1213.361633960753,1200.01895608063,1255.4761714056867,0.1970364437324789,0.7809371245494594,3224.6493125083434,-4.101014550794285,-5.76710127240191,35.83633693765852,38.10281266429347,-89.40915814170343,38.21806334884987,-89.4858661989324,38.071809501642896,-89.16192765936496,5978664.0,876408.0,4956330.0
5996.0,1644.0,4.180787191460974,822.302368245497,625.7760173448966,860.5955637091395,0.1762841894596397,0.9081054036024016,2562.262008005337,-3.979236157438298,-6.4825270226697,35.80386924616411,42.419723300467005,-104.93398188202733,42.52317206365672,-105.16064436031824,42.52606427953635,-104.92930385054484,813266.0,211554.0,810834.0
4404.0,1374.0,3.786557674841053,790.4298365122615,749.5588101725704,847.6659854677566,0.155086285195277,0.8814713896457765,2433.0569936421434,-4.522252497729338,-5.274230421648285,37.94277929155314,39.21654297071134,-90.87151650395164,39.22208299860535,-90.7799030799628,39.22575468619252,-90.42483301952582,621951.0,131811.0,546829.0
10770.0,2047.0,9.19740018570102,1631.0906220984216,1620.3756731662024,1646.730547818013,0.13686165273909,0.8008356545961003,4385.182358402972,-6.412237697307333,-7.147093221461521,29.40761374187558,37.28390189067781,-87.70603154062185,37.33964244664936,-87.82425357824826,37.47442368962955,-87.73190582740578,1660398.0,501895.0,1587778.0
8218.0,1733.0,4.7651496714529085,885.6680457532246,844.6332440983208,904.0889510829886,0.125699683621319,0.8422973959600876,3178.836091506449,-6.184923339011925,-7.447392881539289,30.889510829885616,39.27438516544803,-94.606686486925,39.18700697732062,-94.44751679229115,39.23803829470807,-93.54113510100356,1221748.0,377152.0,1193540.0
7405.0,1821.0,6.14476704929102,1320.016340310601,1264.3927076299797,1368.1952734638758,0.1991897366644159,0.8468602295746117,3258.263470627954,-4.736326806212017,-6.080791420925442,32.05266711681296,39.136221769358826,-93.05856958229256,39.21342705661944,-93.41704149972246,39.23006427976684,-94.03057882736611,1158496.0,338789.0,1117656.0
16455.0,1876.0,10.250501367365542,1789.2998480704953,1797.2810088119113,1825.0457003950169,0.1372835004557885,0.8378608325736858,4291.177575205104,-5.901276207839561,-6.45387081987951,28.480704952901853,33.453942180713945,-91.82040360385264,33.59120586615128,-92.03445200282204,33.64045953441276,-91.96661500736144,10735209.0,2372506.0,10157225.0
8234.0,1784.0,5.508987126548457,1106.157274714598,1103.1906728200145,1174.8885110517367,0.1417294146222978,0.8982268642215205,3456.3593636142823,-4.868144279815399,-6.444606106668972,32.05853777022104,37.8135228314075,-91.22413396906455,37.72154308237034,-91.34547514225378,37.77587768294183,-90.84013995738609,1704565.0,426662.0,1587934.0
6873.0,1694.0,8.527135166593919,1491.358358795286,1367.6956205441584,1544.7913574858142,0.1510257529463116,0.797031863814928,3753.728793830933,-4.223803288229296,-6.250325030679806,30.650371017023133,35.92485674065255,-89.47633403843292,35.878303604945714,-89.48586450767178,35.90893150603313,-89.5699107463132,732321.0,227985.0,728961.0
5466.0,1414.0,7.95426271496524,1361.7475301866082,1346.9950603732163,1420.913099158434,0.1959385290889133,0.8444932308818148,3936.066410537871,-4.705067691181843,-6.314769337050645,36.28979143798024,38.45925410018904,-95.44615355387532,38.490985784499046,-94.67224051984904,38.51818060491493,-94.6237960302458,628032.0,194143.0,620528.0
3746.0,1344.0,3.984249866524293,699.5613988254138,644.3553123331553,747.8974906567005,0.2060864922584089,0.8641217298451682,2030.6489588894824,-3.777495995728777,-6.419590610282716,36.07314468766685,37.33407914940624,-88.42797144076215,37.26701706710854,-87.67377585943105,37.284168737917696,-88.23196069317866,585255.0,68928.0,548164.0
5409.0,1233.0,6.630245886485487,1451.4686633388797,1401.23091144389,1498.5906821963397,0.1588093917544832,0.7629876132371972,2717.8833425771863,-6.363006100942873,-5.784035763331758,29.284525790349416,37.55987887504723,-89.8468747855797,37.52132783691968,-90.01881603435267,37.46391132125343,-90.30511274952806,990671.0,417983.0,989723.0
4492.0,1373.0,4.022484416740872,832.282947462155,800.7368655387355,863.8443900267141,0.2186108637577916,0.8998219056099733,2588.365093499555,-2.431834372217275,-6.54626578704844,40.30943900267142,39.08264998823258,-91.24851581736864,39.04831487408805,-91.1661738390208,38.99328938573787,-91.28065191998104,1284980.0,149760.0,1221449.0
9673.0,1810.0,10.688100899410731,2358.320479685723,2221.823426031221,2391.151038974465,0.2453220303938798,0.7968572314690375,4284.416520210896,-3.03533546986457,-4.451500780579619,36.023984286157344,35.92237107383986,-89.48189784796325,35.94531138096252,-89.4078550631669,36.04223507950314,-89.57004660640358,3508905.0,641322.0,3429500.0
6648.0,1601.0,5.476835138387485,1138.3354392298436,1106.7263838748495,1097.3945547533092,0.1890794223826714,0.7870036101083032,3439.407942238267,-3.940613718411548,-6.551489248794999,33.46871239470517,35.14617839930334,-88.50488086352112,35.08067274699172,-88.56493225680788,35.06235721500945,-88.25186083502196,1059878.0,277013.0,1050858.0
5642.0,1508.0,4.663771712158809,883.5322580645161,828.7883729174051,919.985820630982,0.30450194966324,0.8137185395249912,2529.719248493442,-3.473927685218007,-6.613427559560146,39.57816377171216,36.46078681818182,-92.06500691563626,36.62023876363634,-92.18845752181817,36.53561776363637,-91.37747987636357,1902738.0,307504.0,1721319.0
5154.0,1534.0,6.475746992627085,1452.1495925494762,1439.87213814513,1496.5572370974,0.1455180442374854,0.8434225844004657,3417.092355452076,-3.067850213426464,-7.194634896143081,31.82964687621265,38.63291932046645,-85.234812934258,38.89062464817052,-86.21691061560104,38.7005158825895,-84.67278370888619,553762.0,191361.0,550722.0
3261.0,1379.0,3.839313094142901,750.6761729530818,700.5004599816008,785.7240110395584,0.1695798834713278,0.8816314014106102,2497.769395890831,-3.536123888377798,-6.030279273674447,36.74946335479914,38.38477843072883,-88.25484392974391,38.25952357189757,-88.17317930400522,38.27469451739986,-87.66128133289554,207557.0,47790.0,206839.0
3811.0,1355.0,4.629493571241144,860.6342167410129,815.1338231435319,907.3358698504328,0.1844660194174757,0.8357386512726318,2678.945421149305,-3.733691944371556,-5.7357543267018976,35.30831802676463,38.459649337300526,-89.69790656397083,38.36255426021101,-89.80508019123616,38.44604871517448,-89.83733881985398,280214.0,75499.0,275701.0
6529.0,1523.0,6.954663807627508,1481.0816357788328,1334.5273395619542,1324.8321335579722,0.1839485372951447,0.6769796293459948,3372.369275539899,-2.374574973196507,-7.201749532257083,31.56072905498545,36.812389743190536,-100.92648806225672,36.830278621011495,-101.28710377431928,36.876200498054295,-101.04315298832688,1352174.0,532410.0,1343399.0
4713.0,1471.0,6.6435391470401015,1305.3184807977934,1271.730956927647,1336.6333545512412,0.1697432633142372,0.709102482495226,3450.88860598345,-3.467982176957352,-6.95481259100307,35.23445788245279,37.04863961730812,-86.8544493731247,37.17306892802781,-86.97482817286372,37.103603348554,-87.33177781409015,485109.0,126284.0,480982.0
3955.0,1395.0,5.38811630847029,1168.2844500632111,1146.8493046776232,1211.5646017699114,0.1764854614412136,0.8374209860935524,2883.159544879899,-3.2077117572692773,-6.188218236155039,36.040455120101136,37.346873396424805,-87.3890672187171,37.251297134595184,-86.32633631703473,37.27291027865405,-86.3465282860147,590028.0,98082.0,585418.0
4539.0,1347.0,4.495483586693104,962.1517955496804,904.2813395020928,1009.0207094073584,0.224058162590879,0.8589997796871558,3227.536021150033,-3.3857457589777487,-6.353656039274984,40.61026657854153,35.898110145278466,-90.09081271307494,35.99620726392254,-90.0725286857142,35.98021857142859,-90.12157066876505,724617.0,135622.0,719086.0
4572.0,1486.0,6.428258967629047,1482.6349518810148,1212.3333333333333,1542.0275590551182,0.1603237095363079,0.7281277340332458,3358.050087489064,-3.9071303587051616,-6.126712319077697,35.74584426946632,37.550413587201454,-91.58623220752588,37.6214004957188,-91.05099946124376,37.57498817034703,-90.99646276205496,574269.0,170259.0,569750.0
4492.0,1391.0,5.190560997328584,1073.536286731968,967.5249332146036,1128.495770258237,0.1585040071237756,0.8283615316117542,2528.63178984862,-2.933971504897592,-6.271141095356572,35.79029385574354,37.17110209291634,-91.03322691352362,37.08005216191351,-91.04582570607188,36.95100699172034,-90.64732892295324,453038.0,125930.0,444500.0
4325.0,1400.0,5.908208092485549,1143.690173410405,1049.358612716763,1089.9079768786128,0.2258959537572254,0.7868208092485549,2621.072601156069,-2.621872832369943,-6.519510090466391,34.64971098265896,36.49210955777466,-87.59023775154532,36.4776300285307,-87.54582204778876,36.44074971469337,-87.24383731169746,431035.0,119866.0,419139.0
6729.0,1552.0,5.277753009362461,1031.2722544211622,892.2957348788824,1048.1713478971617,0.1298855699212364,0.8066577500371527,2511.750185763115,-3.361108634269576,-5.8389589310005245,33.23227819884084,36.76908587223591,-87.99202811778255,36.560557493857495,-89.52336240832317,36.80254175368553,-89.25091538267814,973306.0,298163.0,966091.0
11472.0,1763.0,10.933664574616458,2113.6301429567643,2040.4550209205024,2097.5534344490934,0.2382322175732217,0.7896617852161785,3840.6327580195257,-5.028207810320783,-6.418279674118848,36.86453974895397,37.40036807735398,-95.8569720123318,37.44057397234658,-95.80222228512706,37.34853642563509,-95.21731292881172,5549641.0,1046433.0,5486386.0
5823.0,1517.0,5.324746694143912,1122.0042933195948,1126.4420401854711,1174.227202472952,0.1758543705993474,0.8859694315644857,3289.800618238022,-4.834501116263092,-6.419283798416083,35.87497853340203,38.41124940189263,-86.92386516693435,38.294972344224405,-86.64500959650047,38.3009117121944,-86.57169698268152,1057421.0,294709.0,1048094.0
8585.0,1522.0,5.594758299359348,1078.7486313337215,1083.055562026791,1126.0265579499126,0.1352358765288293,0.7848573092603378,3362.6857309260336,-5.19520093185789,-6.265130271255956,34.0442632498544,35.05343236529468,-90.72235310572408,36.15665613824551,-90.77372312852508,35.821524780991254,-90.47622189247568,2934750.0,690755.0,2726568.0
8066.0,1701.0,6.724398710637243,1359.4956607984132,1282.305851723283,1112.5725266550955,0.1098437887428713,0.713488718075874,3156.351723282916,-3.9762211753037393,-5.670848101309676,31.41705926109596,37.35592930662947,-87.97094937723408,37.71307589048045,-85.2387816424135,37.61455023450376,-84.87777209620995,1964835.0,604012.0,1955491.0
6948.0,1959.0,5.116724237190558,959.1550086355786,887.664363845711,1011.2933218192286,0.1719919401266551,0.8671560161197467,2790.3072826712723,-3.7976971790443264,-6.38823384406323,35.682210708117445,38.4791948020454,-89.9270607323597,38.494650945215554,-88.80399703141019,38.49576113951802,-87.30875600876584,902546.0,220362.0,886258.0
4654.0,1418.0,5.290073055436184,1029.4290932531155,948.1523420713364,1060.9654061022777,0.1789858186506231,0.8244520842286206,2791.645681134508,-3.44905457670821,-6.309974353531273,35.32874946282767,37.7714851593191,-91.26138606285456,37.62584598428635,-91.14669596333466,37.78351529899607,-91.03046535792218,723396.0,235637.0,717737.0
4488.0,1393.0,4.568627450980392,885.3148395721926,852.8660873440285,928.1949643493762,0.214126559714795,0.8558377896613191,2356.5258467023173,-3.8824643493761126,-6.24126564798634,35.29188948306595,36.68459375432124,-89.3477833470845,36.52951343627563,-89.66053475063369,36.66335655681031,-89.20768688246127,654838.0,118397.0,645220.0
8057.0,1552.0,7.926399404244756,1700.3946878490754,1577.6852426461462,1749.4270820404618,0.1274667990567208,0.7460593272930371,3497.550328906541,-2.6619213106615223,-6.708488589042202,33.99776591783542,37.41302943944192,-91.0552105184528,37.69542475586563,-91.2173574447688,37.507596161065294,-90.82771556778712,2440468.0,466887.0,2232687.0
10136.0,1732.0,12.051499605367008,2133.2252367797946,2110.6125690607737,2193.332576953433,0.0782359905288082,0.8574388318863457,4812.637332280979,-3.641367403314919,-6.752934484968702,30.58800315706393,40.151934651163415,-90.67544688831089,40.19652451043083,-90.50356918993783,40.12271343148071,-90.25920965275871,5090360.0,1061757.0,4882001.0
6368.0,1688.0,7.523084170854271,1520.2091708542714,1498.1794912060302,1571.755182160804,0.3525439698492462,0.7559673366834171,3453.909861809045,-4.209249371859295,-7.043867052365149,40.26853015075377,40.03779522184292,-89.86634490817484,39.337329757841566,-88.62750925727299,39.76564249959359,-89.12975871282309,974766.0,190428.0,967370.0
5243.0,1495.0,4.897386992180049,896.8998664886516,866.7674995231738,943.0900247949648,0.2204844554644287,0.8571428571428571,2825.4569902727444,-4.37381270265115,-7.008120034625759,37.057028418844176,37.46801650313975,-92.0966581567895,37.37098891287287,-92.17214021134212,37.37038012166407,-91.70235787225258,924745.0,214977.0,827770.0
6176.0,1356.0,5.629533678756476,1160.8856865284974,1135.0646049222798,1146.4329663212436,0.1878238341968912,0.8163860103626943,2949.151068652849,-4.547895077720203,-6.747379550408996,36.369818652849744,37.20275601920848,-87.5811654048681,37.194246762709,-87.29103887729754,37.14161728763037,-87.64228716840522,2172404.0,307613.0,1870935.0
4312.0,1437.0,5.557977736549165,1257.9793599257885,1099.7980055658627,1312.7578849721706,0.2717996289424861,0.7655380333951762,2793.615723562152,-3.6277133580705,-4.836407511512858,38.11224489795919,37.47251182666992,-87.49881019391903,37.47352486473552,-87.82565556930803,37.47123516878149,-87.21898076681822,533648.0,112562.0,495160.0
4949.0,1460.0,7.141240654677713,1629.8037987472217,1518.2545968882605,1652.001414427157,0.1545766821580117,0.7738937159022025,3844.243079409982,-3.002384320064658,-5.758453426695281,33.06122448979592,37.59850341722933,-85.97370459382036,37.768148189073,-85.13753020257836,37.40374851647222,-84.08926779558013,336028.0,95791.0,310245.0
5262.0,1536.0,4.307487647282402,1001.8525275560625,883.2525655644241,1052.7729000380084,0.2039148612694792,0.8485366780691752,2517.7039148612694,-2.1670847586469018,-5.515961853975683,37.55606233371342,35.917053789536574,-84.10267536701804,35.92765908096288,-84.08478710165099,35.91380783767663,-84.13493864531517,871184.0,210013.0,868162.0
7548.0,1762.0,10.540673025967145,2499.317170111288,2411.45826709062,2366.6314255431903,0.1383147853736089,0.8025967143614202,5277.771727609963,-1.424350821409645,-5.470779228705405,34.68071012188659,38.60613056868824,-88.1061560299876,38.91709390787501,-85.49837518303382,39.06142051870848,-85.13907260975255,1707953.0,311907.0,1677604.0
6570.0,1511.0,6.487366818873668,1375.9051750380518,1385.9951293759514,1403.7730593607305,0.1905631659056316,0.7053272450532725,3068.3876712328765,-3.018995433789951,-5.667905567420814,33.91324200913242,36.94177083333325,-95.06337385053652,37.50878435921712,-93.2689193918876,37.234324084595904,-94.3240348590592,1007773.0,286116.0,978359.0
6335.0,1310.0,8.05698500394633,1762.6462509865826,1718.187371744278,1789.919810576164,0.0950276243093922,0.7761641673243883,3766.46771902131,-5.3990213101815305,-5.845232644923015,33.34648776637727,35.07193795698748,-83.54325850287813,34.77008124304442,-83.95994765398164,34.82678744915254,-83.31082614502718,2356493.0,371569.0,2341529.0
3341.0,847.0,8.981741993415145,2318.648608201137,2339.953906016163,2306.729721640228,0.0841065549236755,0.8695001496557917,4587.480694402873,-3.12292726728524,-6.3317450434621305,32.5172104160431,36.0523819715857,-88.92583104430163,35.835723312251794,-88.85775925481187,36.023699129544745,-88.93228381943146,698355.0,150508.0,696650.0
6403.0,1484.0,10.977822895517724,3308.8328908324224,2477.885834764954,3351.5709823520224,0.260659066062783,0.794158987974387,5921.284397938466,-1.088224269873498,-5.316230315348283,35.22411369670467,35.031372998180835,-95.6810558807671,35.01660195998006,-95.7055918212334,34.878646031255045,-95.70476735720162,1560659.0,342199.0,1532413.0
3055.0,1223.0,4.902454991816694,1700.7443535188215,1636.9810147299509,1736.3888707037645,0.2019639934533551,0.8366612111292963,3445.676595744681,-2.810801963993454,-5.5416399991124345,38.340425531914896,37.812955214577656,-90.82920382322888,37.61939891348773,-90.923178881812,37.660136583787455,-91.03180890940055,244171.0,54001.0,239325.0
3881.0,1067.0,8.523061066735378,2110.346044833805,1963.9904663746456,2132.3877866529247,0.1499613501674826,0.7851069312032981,6016.738211801082,-1.9167997938675612,-5.887948663762109,34.684359701107965,35.65906176741125,-86.7028175734561,36.23876361576868,-87.19963006570318,35.38897029093294,-86.57174767437596,740223.0,142315.0,736364.0
4693.0,1332.0,5.353718303856808,1637.7119113573408,1276.5623268698062,1659.5861922011509,0.1512891540592371,0.7805241849563179,5030.385467717878,-3.292712550607289,-5.572559862452644,33.31344555721287,35.2657227010242,-87.27730995118763,36.0163949607758,-87.43074640880359,36.070024754630616,-87.59852970886905,487449.0,78886.0,486983.0
4765.0,1251.0,5.614060860440714,1259.0696747114375,799.7305351521511,1305.160965372508,0.0959076600209863,0.6820566631689402,4071.905981112277,-3.879286463798532,-5.9030754335083895,36.01469045120672,36.18046309345596,-85.72421163430288,35.97351740633017,-85.14562098695475,36.41344890055597,-87.0038563447392,527960.0,77672.0,524108.0
6868.0,1609.0,8.009027373325567,1680.9915550378566,1160.3008153756552,1695.958940011648,0.2511648223645894,0.6587070471753058,4270.357746068725,-3.104222481071637,-5.062598694665597,36.256552125800816,35.63966958164634,-92.17495586804634,35.59107957189973,-92.10441278302612,35.11800134053072,-85.31037083220889,1138140.0,188376.0,1128395.0
6083.0,1489.0,6.639980272891665,1713.657734670393,1109.981259247082,1750.4869307907284,0.1905309879993424,0.7118198257438764,4024.2174913693902,-3.703287851389116,-5.290974766509769,37.78234423804044,36.271629007825,-94.01145808340758,36.19207023421662,-93.9792621858441,36.17606101316023,-94.16199480490864,1509494.0,263673.0,1502518.0
6714.0,1478.0,6.540810247244564,1553.3223115877272,967.8072683943998,1612.4282097110515,0.1411974977658623,0.756478999106345,3863.97363717605,-4.747408400357461,-5.968743900408487,36.25856419422103,35.27302037866905,-91.40229583049027,35.42601292869209,-89.95818233809757,35.32044936990927,-90.33890089980017,1531176.0,322978.0,1465930.0
4180.0,1412.0,7.039712918660287,1590.9208133971292,883.4856459330143,1622.144019138756,0.1724880382775119,0.6478468899521531,3460.576076555024,-3.6306698564593294,-5.649875141204656,38.70334928229665,36.86378796217147,-86.73896195111766,36.97746448710391,-87.55521066150821,36.69633215278803,-86.86182069982807,484400.0,68656.0,482835.0
6166.0,1562.0,9.703535517353227,2205.7296464482647,2202.2724618877714,2252.3006811547198,0.1386636393123581,0.8207914369120987,4711.739215050276,-3.213006811547193,-6.001309986170819,30.379500486539087,38.22767481253108,-93.38577051102251,38.36745009978456,-92.98590439532556,38.01652341753688,-92.27827549941972,1146638.0,307457.0,1135742.0
4249.0,1333.0,6.346905154153919,1287.4271593316075,1130.0395387149915,1323.994822311132,0.155330666039068,0.7032242880677807,3287.00706048482,-3.702659449282183,-6.082421036275894,33.339609319839965,37.49697469306219,-88.05993807033495,37.40445759569376,-89.34472526411493,37.43026958947365,-89.2881803837321,578362.0,150070.0,507289.0
3908.0,1350.0,4.241811668372569,1080.599283520983,1063.8285568065508,1101.8764073694986,0.1264073694984646,0.8825486182190379,2601.263561924258,-2.70496417604913,-6.367285737847161,33.92272262026612,36.33953899069149,-89.18861485851056,36.2515817848404,-89.2544702478723,36.15658127952126,-89.59732709999993,240252.0,82439.0,237151.0
5618.37786835183,1292.8754848849628,5.1605855172306425,638.996723426477,728.296649458962,959.4124238369862,0.09567667716670633,1.1127332588241314,2096.124296817571,-6.060984403695088,-4.165952331238825,32.21981627748048,38.38933253735899,-98.24349173940445,17.207087084659626,-98.33863567967919,37.059091564798386,-87.83116649076129,190742.5188853059,-366210.1107217583,-1142761.681250465
5989.771726097256,1306.5100943639331,7.228310413071934,898.5085697765845,959.9032905040497,1131.4285934661743,0.14917061431367726,1.0206040141279065,2599.3068416321194,-3.922324689178772,-3.7430085617513345,37.26317122137322,38.95403166209043,-95.5137129921422,17.435746115282395,-95.56674608990713,37.30805349097156,-84.9171545046292,508296.8639575337,-330717.9095788193,-898630.3071103144
6366.827075576606,1414.7348071032588,7.644588255458133,1020.956465260278,1036.3160763159726,1643.2868705292335,0.10834746457256669,1.0354684101490288,2536.5019972340847,-5.77618878693916,-4.194124920665969,34.928403152352125,37.9379687984115,-100.82687831764926,16.984960739343567,-101.44848708121137,36.30810760395693,-90.75771309620795,307131.9751308885,-358710.4192311962,-1055342.0354441812
4683.099433907557,1338.0401287840516,9.180687551815723,1197.2455539993557,1191.0261678113138,1931.27086726385,0.2181763772570057,0.8165760322338649,2793.8648363196185,-4.109172376038974,-3.2351246778373457,42.137882660343045,40.30963241165476,-93.92037614429556,18.167063556707962,-94.38732955659015,38.792105693771795,-83.30875262566282,270394.5655622109,-407225.51915912965,-1082129.590152044
5778.031935248492,1338.0401287840516,7.540234421219863,903.5132656292151,643.8827906446558,1409.3054565734851,0.16107461694191072,0.9201617326176208,2101.003124202734,-4.624009987593798,-3.775448941451349,38.143811726101944,39.62943626461499,-98.60223076120657,17.803168915208566,-98.77571692787251,37.90665079764828,-88.052366464321,287856.4763812121,-375408.7334771179,-1069378.4187460402
5462.120696495524,993.7662394400545,11.01082435751137,1557.8909822605317,654.4039225101463,2603.3136148470053,0.13702161700396487,0.8892951003018684,3255.216581311392,-5.181674035995457,-2.903382272475059,36.041727916522845,37.92382014411708,-96.5425469733775,17.289728764481932,-98.47338300721482,36.781208813034574,-87.79812122484442,915359.1257920859,-254095.05310660627,-590532.7685390041
6955.62221590472,1249.4151671707455,11.294286535447476,1623.0547976974608,716.4170704392561,2703.8044787454055,0.11548633272775657,0.8772655877026819,3260.1115605377277,-6.155410793613169,-2.9265682444822376,31.04028305749609,39.45586632031861,-102.94112324464606,17.66473576230554,-102.5518267036222,37.97653780044783,-91.31337365851137,656511.1121947148,-274687.7519080702,-789427.4880437371
6857.112259734439,1292.0233217925272,13.300415436094948,1657.2699121572268,1446.5648428056604,2767.70182520749,0.09797371018608304,0.8171539262177552,3090.194503568491,-2.939854721219076,-3.2959476017001488,29.61565372062804,38.4061707802666,-107.30808148475315,17.263633150057448,-106.3058037384186,36.99984559581067,-94.52374655787996,598255.726908026,-225777.9313753703,-835332.4528649997
4175.829774547951,1213.6243172884488,6.686602804314013,1059.027043502389,1006.4032124771053,1631.1564330845977,0.19503131753158512,1.0495286499862526,1820.3370372505974,-3.553091235275967,-4.02477145759174,43.168601381427784,39.36683930317889,-93.71923518322673,17.60996859921539,-93.92317499749349,37.83220190739106,-82.36130179640612,331772.2630430623,-373924.92974387185,-1035515.1883642697
5522.132508875119,1396.8393821621105,7.2070423281255955,904.060315873611,1144.7332456155027,1381.7171831079745,0.12065545893745915,0.9985807844671482,1769.5290205240562,-4.856215293476886,-4.009112294122137,36.930785684831896,40.173138319323314,-103.53385635171517,18.023132431080246,-103.87359071261707,38.60272514860198,-92.58381602664409,283854.3289612221,-323075.1198641448,-1071264.6424593753
4338.880736484967,1331.2228240445666,6.7701296117953085,956.9055210526114,1218.1775867486708,1505.620195717121,0.1849574778127586,1.0235242981730481,1712.2645111105376,-2.5308544196123086,-3.6684867915989887,41.582202032502664,37.63718299175395,-101.10293335961937,16.85556295749285,-100.73180472096301,36.12628322687077,-89.9392556835198,127369.87468071177,-393390.1297862219,-1193458.850719036
6961.283707638644,1468.421081926704,5.977966700912672,760.2019200754819,891.3631258241851,1133.4607467490541,0.13886533546540467,1.0306777850274413,1542.520692570642,-6.053703352404421,-4.438277450581722,38.29205118807314,40.25176548415463,-105.68566742823802,18.053909292951012,-105.74125658074645,38.47786136695935,-94.17183871668293,1079003.576207012,-166301.89163673326,-482696.4802300561
7067.719752236419,1557.0460435400103,5.996638286305036,724.1669315823582,866.7019781957332,1079.8703032314925,0.1893592113898669,1.0958702655077963,1867.7953340246158,-5.063014513099576,-3.813381102794275,40.62256070023968,41.36240537446266,-95.85730708533124,18.54806127732231,-95.40876388383917,39.660633124874174,-85.45759648923476,1994840.973252985,-190012.0188641626,-100148.25225609075
4076.187520030886,1162.4945317423105,6.626067267085045,731.3959133271796,921.5724146863481,1129.3665546431107,0.18576324995096377,0.9992290644929674,1614.7740897215697,-5.003787794398112,-3.809534845248438,43.4680411477525,37.636255766750914,-99.00009283530896,16.8503553615287,-99.09041417183886,36.143429392397834,-88.55587449806501,421276.5036136354,-377707.90897057485,-975036.3879937906
4063.732238216253,1282.6495277757354,7.904122660930734,971.982949744801,1254.0155275070285,1553.337193274715,0.14369739730505132,0.9546655589509576,2013.125251413609,-3.1467373432608463,-3.762226677980879,36.412502530394164,39.374366281633435,-99.94072472532466,17.659003891501786,-99.49733488357982,37.7464500891343,-88.39063875054028,30465.460114633577,-411612.5841775555,-1262571.4709309796
6249.068047510983,1433.4823951368428,7.138640799634027,1055.836887882426,1365.1946876737338,1669.0626571567964,0.11233209570497338,0.9365217553287603,2160.5117353515234,-3.2574850843924197,-3.88712190287819,35.464759441617026,39.32207063429238,-106.7175881518962,17.62374881109437,-109.19035351562772,37.66087246905809,-96.17080392210951,452010.69205232797,-298500.640947446,-944407.2180917717
5731.607703030314,1364.4571846495564,6.6450314949827165,812.5764157235517,968.3201792271824,1249.4560795219986,0.1202645378922079,1.048027579513084,1895.1138057354647,-3.523377174899368,-3.8644779936413713,37.41469185444789,37.98970079102383,-99.11550495289238,16.951547990509372,-98.32173843529715,36.50831949984592,-87.57408931338854,546360.1533512049,-320179.54170509183,-870272.4571406067
7581.783201676733,1481.2035283132386,20.05880802737002,2160.9777606134403,1975.084154856792,3608.767956172713,0.29001119853417634,0.9077311037661581,4847.4686121720915,-2.1261412863241045,-3.2474645316193516,46.44245102042822,36.14510031631595,-107.86233955574937,16.205709022989755,-107.92627767768874,34.87842678566085,-96.30842780558389,3738828.790896784,-113949.0702084431,955243.4544315457
8723.139935235846,1536.5941293215549,8.49532962579089,1060.2325247856131,1426.4903198671057,1679.9197852208108,0.1253008470574775,1.0226079134778927,2202.916871308268,-6.051677749441166,-3.717321606777581,36.958582497630694,38.18546975187335,-109.79369874618722,17.063043586398386,-109.60710440564903,36.52844730305205,-97.7638180457298,1941394.046777086,-16900.622928025026,179944.75277942698
9819.204734923565,1496.54246397708,16.661949330134203,1649.506458287673,567.9355018753275,2353.4068418307015,0.11863429098577151,1.0490191418336852,2426.6178617571672,-1.8583211809871352,-3.6983072899271434,46.2590864516314,39.10596285476918,-119.3462292268358,17.52940010570071,-119.13911938367094,37.59794227984661,-106.78487269600944,9258951.759656465,511109.7350591222,5753942.394287202
4814.446042134598,1327.814171674824,5.147023630146082,739.3442408051769,730.2221855587959,1114.62663612105,0.2513957823151402,1.1250966210634086,1365.7589973446945,-3.0588032012124815,-4.043227890596873,42.14971289800039,39.39930344309871,-98.21299676163895,17.68073792912345,-98.30013186662953,37.8458120369617,-87.17650369682202,863051.8187591115,-401200.0274941551,-632588.6405696257
6223.0251855349325,1421.552111842744,6.78886596828419,846.4535114673105,991.975929906314,1317.3595671089265,0.15551634704516726,1.1144973110532495,1671.4935840606022,-3.432432742843288,-3.8110733296656747,38.87571981905392,37.98377924385167,-99.10014762815973,17.052340815611586,-99.41437017932466,36.38344137027398,-88.2628780836233,938040.0035007801,-335199.09289229894,-578579.8305577714
7610.0906603463545,1641.4101896911382,7.784018910019824,997.6446598623062,1258.1651627994333,1602.3218522506845,0.15376771552788782,0.9893877216373147,2034.8036473239886,-4.359630424005093,-3.9158552302042584,37.87620455574193,38.55139462066179,-99.00092192248245,17.2820050271568,-99.56791267711812,37.001204421376826,-87.7671735654699,2485955.6832908303,-77055.65893812157,418262.29565250967
5299.069734558507,1459.047287909912,6.918522073452201,765.882946590266,1034.6737238397818,1311.7655720134894,0.22040764990796197,1.0668247042123098,2071.8205597637057,-4.33361069198793,-4.20573631948366,49.72674590125499,39.67955420393243,-100.3673394643085,17.724955939517745,-101.696367817532,37.983826263524776,-90.61402056362007,878931.7417277738,-376201.0558589483,-627933.8367577286
4940.131158627714,1470.977571204011,7.309206849447818,950.06195238629,1223.4943990585282,1500.9623266068256,0.11364511711746456,1.0378305219891513,2134.4479316577685,-3.8901129454255043,-4.120781474722198,39.06207707096727,39.10117070142466,-95.81999424363121,17.587636826961383,-95.66941107670071,37.45854696126774,-85.31945232920503,140863.94920273573,-390774.02534003276,-1179176.6414327337
4637.807500036164,1376.3874679436553,8.996429808735032,1280.8692129762535,1710.014777034356,2081.2923304489814,0.1333090269400905,0.8882352909590255,2287.514725624446,-3.041746168095222,-3.22193360007118,40.80561052898954,38.846261375018464,-99.38164876422638,17.430713097740217,-99.01321638503791,37.274117564860695,-88.39460502770152,340032.6659083877,-373627.20860645676,-1039267.0724006059
6807.291132475907,1550.2287388005252,5.929942399795989,856.9846129944567,957.9969239986594,1340.9664431058968,0.19701655258692413,1.1056946613171859,1591.0906309394493,-4.155567856892483,-4.211797237955202,43.074267337650056,40.858199494264234,-95.65413663444157,18.483282399859476,-93.6042459930704,39.39843246256334,-82.79582009535935,956441.7940108811,-306976.0894561167,-595933.4626002775
5003.539866047666,1205.9548494565279,7.767207454640924,894.5802958004685,1026.3546319729694,1387.3103445071138,0.1350873868104772,0.9746498358561863,1766.6592330325193,-3.797223953881405,-4.211352571159437,40.20642676144042,38.86979154409568,-99.34163079781331,17.455158314023755,-99.4686907125605,37.33767972182092,-88.73040230762959,749027.3792069093,-279312.99383642804,-716396.6072736667
6212.834500413868,1372.126652481477,7.485369100248268,815.8715712640799,1051.1228845788162,1274.6581430356214,0.1423815061292073,0.9893252204839983,1857.587787878892,-3.430913075533514,-3.5743684699159264,33.952323757731506,39.75227875204006,-97.26983159560646,17.61464363022997,-98.19325611186241,37.824675393756195,-87.0763547766439,502325.5031560605,-299987.32585298957,-907452.9362630245
5278.68836431638,1284.3538539606066,5.737437987145627,731.8286959438374,901.6529138843961,1110.3204414246547,0.23293604363263878,1.113848489402523,1443.7970342446179,-3.41327893170424,-3.6522550114806163,45.080119152652905,36.68840672047031,-100.43450614322843,16.537420957718,-100.63619055945362,35.2414561431314,-89.51620182988967,1111773.1494787121,-344466.8637828001,-439320.8124198365
4722.729876045027,1315.883888380725,7.127597311428522,861.0896082378765,777.2666235359956,1353.7415083831743,0.1462114937366669,1.059315230532005,1873.7522395910491,-4.315252496046658,-3.809878936597876,40.02178614368109,40.51264545147727,-102.79894526230156,18.13265651658995,-102.62665391914737,38.755039357155496,-91.60122656695613,382557.62669097,-323263.3564542524,-1006606.8003533557
6134.705914485715,1531.481150766941,20.086385814489653,2202.7775240552887,3023.308005379073,3690.5646650583844,0.16469317546048212,0.9578704883367236,4036.002434777607,-4.618286152636333,-4.307767319414471,39.841926494715324,39.823120945175944,-97.13762544329903,17.805971055612567,-96.43657226626658,38.048822004282414,-86.27248661158293,333235.387360107,-359266.4854846263,-1033192.4599561242
5993.168621137611,1366.1615108344276,5.94971295980619,689.1819449495858,815.08627759933,1049.579063140895,0.12066908209907294,1.0992434150968131,1519.1403141472883,-3.9764409206263784,-3.2421899132825507,36.63026961584948,39.40530262198837,-96.94946750648317,17.56741553633133,-96.86706749123694,37.881697172011386,-86.39999560345855,739099.210683713,-293265.5508827701,-732895.9239177643
6225.289782228501,1331.2228240445666,6.083373259410257,871.4825016592765,1056.0410054002036,1357.9011750871423,0.1500325991789177,1.047569516148981,1490.682617730838,-3.9492238320436033,-2.9762077424325555,39.42543808065303,40.133650074429966,-99.8907424296314,17.95171576993096,-100.17745222344027,37.86913124359146,-91.02139939469645,2018863.6609509287,-325777.6594792609,249789.24274733732
7981.48451809178,1639.705863506267,7.813764397702724,862.1831375132658,906.6731057619655,1322.367173905769,0.18012577700001212,1.108468480864846,2147.441636185231,-3.7481078117843616,-4.521142462586566,38.785011550700155,38.82779067845217,-103.20567698752336,17.387704635732295,-103.0790896948554,37.0767909719675,-92.18080094907938,1571130.4643737343,-285030.2000655631,-159826.01510311686
8083.391369302415,1635.4450480440887,7.323039069779637,822.0601269563724,961.4194205026954,1258.646016378325,0.2539903858259955,1.0644194730282766,2047.3346882976152,-4.42403141706798,-4.090741912126383,44.73518635580449,38.97998919876218,-106.49874152279256,17.502937025667862,-106.10646766920144,37.254042462938536,-95.25023533166853,2569412.5884304023,-231075.4468398267,328664.7998699765
8237.383944465151,1662.7142670020291,10.000370153400809,1247.8148483928574,1663.9176454660565,2004.8126792493217,0.14321307088542568,0.9507697591185447,2999.094121836252,-3.455066508960453,-3.919369906589392,44.56022566042799,39.6010292463056,-102.0300671445978,17.977725300697642,-102.55458540745613,37.98014838287097,-91.87558506164363,1984192.2711465203,-196534.99294585004,129483.12760013272
7377.969499255463,1713.8440525481674,9.426810954136172,1069.5139828416957,1222.1569502882996,1712.2902923507668,0.15872416743679335,0.9785458754697024,2333.2362791010355,-4.266927105489216,-4.462350436072487,41.01057233780193,39.73687799052444,-102.12799538132948,17.76782272557947,-101.78343093624885,38.21715729860935,-91.78424258470389,1496324.8638223836,-219326.98660112196,-172333.22992379847
6266.0525227127555,1318.440377658032,7.36985284680415,883.2267845848335,1092.0884116108527,1371.77306865549,0.10949294733491143,0.9954869177637902,1635.994419560815,-1.107432193887406,-3.843714870053164,36.930807197085365,40.36555420095975,-98.70304488136256,18.126122204595454,-98.8787822927745,38.730904522030414,-88.20313396941488,978620.2588468883,-169904.31739945553,-556882.6496570553
5989.771726097256,1391.7264036074966,6.1878904284973295,747.9134722385655,822.9383675188349,1146.2076283210918,0.23332593340676835,1.0780156785994808,1654.2697731102328,-3.395558734852834,-4.867043395468841,44.40442130408564,38.45232196559394,-102.41876924390081,17.196797934495844,-103.35910560158455,36.77931512288722,-92.33669449488214,833546.7037626265,-361859.5405524349,-670833.7424915917
8980.171659956004,1558.7503697248815,7.603225174541621,764.1804526998231,987.5406424834956,1160.851876956032,0.16583787337720418,1.0902419174610563,1693.414758869372,-5.691616461926514,-5.012994188806708,43.09231871794968,37.465843677877245,-98.06059611368985,16.751416775284415,-97.98082775028345,35.855702946047565,-87.22379173440511,1952939.7396708846,-198647.85263073115,154646.17447163467
9037.91887564203,1581.7587732206437,5.52545580629498,602.7029611241434,705.527707486689,875.4033046936972,0.2712684773493765,1.161840430065025,1669.2282918307994,-4.14612241934004,-3.7160833522223795,42.997357644681834,38.939010795752935,-99.70020699207252,17.410907803400796,-100.28567370031718,37.390492665130346,-90.66122470427877,2483301.4728463423,-161518.18523200927,512480.94606275717
13824.143987501526,1555.3417173551388,8.270494167995164,913.4312400284675,981.9766835762772,1402.777595188701,0.25615570656005143,1.0833379503724918,2225.6723292194674,-4.925167274561234,-4.252843192085875,42.11568227422176,37.44618114987853,-102.39949092665266,16.784469839569823,-102.31235058168075,35.86983325894687,-91.42620882734248,8938140.308692524,924613.6624241384,5468666.480188035
9136.42883181231,1595.3933826996138,7.613570390143246,863.7274446141818,1122.3402466553891,1267.3932459705352,0.18602585044575107,1.105131892688695,2169.9153290165796,-4.376028803181712,-4.1208707917455785,40.64968574261505,40.24808068490667,-102.96400646941915,18.307343615493146,-102.35994345202486,38.619749251649615,-91.59549547082077,2355205.7966671516,-50855.238454830076,489872.4330904349
10548.404870253,1489.7251592375949,4.449791416209564,477.85957420478314,517.4757450452693,670.7957552115676,0.23162275409268512,1.1498421191996815,1831.4612161821183,-5.64167919890393,-4.379885508973298,47.21284740821419,37.43574380242164,-100.39161599027075,16.76366880493857,-100.0714732749013,35.65495045731831,-89.68823353303519,8476536.840637416,540254.7136305252,4842231.769358803
15704.891541511135,1533.1854769518125,11.091372707973004,1138.3915186485642,1104.2662208600864,1852.24776678734,0.26066382523743165,1.0774828756590111,3438.0220060635115,-6.030621829869095,-4.535374940008345,60.42643373070113,41.7765362164814,-95.99249056010329,18.698149026788943,-95.60978840378279,39.977885283636944,-85.43935083248951,59042662.215671554,2343149.239222673,27762239.913155366
5824.45616746667,1214.4764803808844,8.66924558714243,1071.2825103116988,819.5548156133827,1704.427139683568,0.13585481820195947,0.9431957609859585,2329.0165161883765,-3.70694599604178,-3.330886548437335,43.6901739233334,39.72174015898902,-97.22988784793758,17.753375945316044,-97.60092342198881,37.972727901522305,-87.1470164172717,1232763.972399758,-281687.0798096217,-348202.5604521716
5782.561128635632,1340.5966180613586,5.103165756164595,597.5551990567302,701.8317559834461,876.0922494526887,0.18458100820638976,1.1085655869644568,1620.51256674294,-3.2779992302802743,-4.193835829551077,41.91253067805252,40.251034745315515,-98.3435412268827,17.899706260861265,-98.20234429561924,38.53398779169157,-87.89544491867306,666523.8331281927,-295956.565808696,-782837.8561413528
6394.002235899442,1370.422326296606,8.1189554214086,933.0874581742451,1182.8266034198925,1494.4852892891831,0.17482804325412127,1.0998438085658724,2417.8191963186414,-2.964808131701495,-4.511623442146802,36.544625975580274,38.40683219690571,-97.00465627862373,17.27549922565569,-96.9671886096631,36.88909767552002,-85.98898771570056,639476.8650161228,-304417.6084558789,-807077.4198469603
8193.224308940544,1491.429485422466,11.23106724117337,1204.8796185649526,1628.9362864423838,1918.9676783032928,0.17103339545377474,0.9674046269458885,2146.465230245376,-1.839196300748246,-4.566747361757212,31.850021843805116,41.52105629343064,-91.0979614768567,18.62148195228767,-92.72956395216377,39.94707770387788,-82.06852255811779,1213532.5879510979,104497.57182988187,-359373.154901164
5207.353568468936,1183.7986090532015,10.034223341479095,1149.890930523872,1374.3919929435574,1822.3785099466795,0.18156299331818607,0.8804867225659273,3829.771791456821,-4.282329390318442,-4.349855700574269,40.06955892153125,38.9818466058437,-103.79530716955115,17.464853855235525,-104.81249452882115,37.25888700572168,-93.51421704712497,471825.365592205,-326630.4864793402,-927949.9629279019
5334.170983308837,1378.0917941285265,9.271970022858843,933.8804147516104,1088.939929907857,1455.3931288673875,0.18183359363043194,0.9258377536820999,1765.1525255926922,-3.3314196606276,-4.262635318485888,38.94600551575325,40.68104571338995,-100.7648949744443,18.249934380792737,-100.43590340986852,39.00202222266465,-89.6236840728221,543225.5871845379,-374280.2743272382,-873987.8878940787
8415.154784910372,1283.501690868171,12.37195169202095,1112.2385837581094,1428.5877692016923,1774.2885665586168,0.08524921031311061,0.8579369610120656,2079.402621844874,-4.438163604805645,-4.121345691757304,31.40689498324641,40.536599840258695,-99.6146053314406,18.163391177257676,-99.94214445078742,38.86632899479386,-89.28293997963412,2701636.62794638,425423.6709295352,765092.8493164305
7073.381243970342,1418.1434594730015,8.559968380820806,866.6535174929134,1107.939973835627,1356.8299981389146,0.10664340177705149,1.0473754753177609,2104.21023974931,-3.5503441251755232,-4.496623717539216,35.53933436095259,38.208567687454696,-100.25224786912833,17.110658395709045,-100.19239627435799,36.62382011445618,-89.29949148581984,946332.2666946175,-180639.56538018322,-588873.6768189003
3978.8098622073903,1182.09428286833,4.932014902862955,533.6007320104343,643.2885234364002,764.0188842701422,0.2015044191640346,1.1231919846058993,1180.0969535278741,-4.159645854129779,-4.033834395397678,43.343684749561575,39.21963228612058,-98.44397889090352,17.521536127329785,-98.63276403406411,37.510770905069634,-88.24132027842164,592540.4741318983,-405043.511339107,-832715.2940952583
5203.956673428581,1330.370660952131,7.288802541292514,764.6096993198007,947.6405296953195,1187.0824339000396,0.13538340785276806,1.0576251941038748,1730.03564691989,-3.7933606617197633,-3.976518903171908,37.108424304263366,39.58288500901508,-102.8478337373971,18.372560981103717,-103.07185313170433,39.30148858169653,-91.8598069510321,430536.830635333,-326219.4392315542,-957245.3165569133
4424.935410840615,1218.7372958430626,6.349094153417181,699.8510950681584,739.0567166350944,1056.9945480274855,0.13120186850452484,1.0792496649689418,1486.3188424683622,-2.8699619765871858,-3.4374676269290085,36.96101301773319,40.14481725131564,-104.62262554015676,18.00825941828099,-104.5588095337924,38.73152068525062,-93.3399514791405,162335.35982522968,-353742.3177994281,-1163759.706879836
6160.748776461766,1142.894780616291,6.218178068747746,716.6939376273061,842.3699152787394,1050.4651089716913,0.26192032395927795,1.062593458911048,2134.4416032749973,-2.6335171439084646,-4.019378399718326,40.60049908835402,37.2976912449805,-95.5759709652334,16.684554622920423,-91.37267472861744,35.425646031366824,-82.26811949563736,965742.559141844,-248074.363395461,-548206.7683353629
4858.605677659207,1296.2841372547055,4.526649307108855,485.237272245382,553.3534313044737,677.8895191936667,0.27079399841577106,1.1566226841123606,1155.712600020293,-4.230341631435811,-4.253676800116491,43.57757019021898,37.35286696423891,-100.71442976412608,16.566780182257425,-97.93245474059293,35.23638974757779,-88.59511057597867,755351.6544165139,-319968.25573660375,-708925.5536856159
5969.390355855129,1354.2312275403287,8.056042723820426,919.6462691367526,1192.7065308205144,1311.3373725506926,0.26969318018634036,1.0898969994899494,1678.9811092302807,-4.6695930981169,-3.8077531114145966,45.12421242538741,38.4168024183869,-106.26162718886417,17.186071980676214,-106.20684507109573,36.81416693213362,-94.9155199846247,1303087.0698089397,-192026.91869092648,-305455.01074669
6552.524004449318,1361.0485322798138,7.405314585986957,767.4872821293002,889.9393866394714,1173.464475059855,0.20563852489644108,1.043168700273182,2041.3977770409074,-6.09443240802577,-4.663980342693369,45.02569013299571,39.91943403443596,-101.04587405935935,17.902168084078614,-100.93748040762729,38.24500485799001,-90.19427434037725,1928882.740849928,-114354.3551116339,82134.05195770925
6146.0288979535635,1297.9884634395767,5.506654748048647,588.1118540532309,651.7135263946215,869.4640655780133,0.2197075696987912,1.1231483466302228,2155.4563823637654,-3.2980469239727284,-3.3526740584697525,47.504622420510465,39.95849727690966,-101.90340762773627,17.942727284373312,-101.79361252760391,38.40155813616394,-90.95964357058867,1316728.1920010184,-324896.020756206,-280805.1139339693
9561.040711856624,1536.5941293215549,5.055834844484122,551.10673774058,522.8158569000777,790.4461698553586,0.2894957641592094,1.1815295258885028,1748.5798315350644,-5.644182464018728,-3.6469568638714485,42.195649139823985,35.361903145277466,-105.13613443211113,15.808783597927485,-104.98512657735152,33.88122323130694,-93.8860217221332,7233292.904625549,596059.1794712985,3839390.74136845
5736.1368964174535,1516.9943781955353,6.582250722377565,833.417878999477,897.7725023198891,1279.6376837384464,0.18834166294418733,1.096197152386495,1865.7991777347197,-3.1220968430070712,-3.38394595337247,40.74031742834002,39.689267705470876,-94.7217051412985,17.9669457986224,-100.69192484473957,37.877324599183204,-85.2863668018088,382382.39488415484,-304966.95197394793,-1007203.1386730324
10247.213510008234,1534.8898031366837,6.592734399273962,736.5139883600046,799.8032563011564,1105.2235424350401,0.20175580153070463,1.1271917695861313,1777.539447841139,-5.78841375643106,-3.996280516047547,37.8092860102762,40.292558556334086,-95.48867567474686,18.025679261471513,-95.84840038495861,38.62859136687862,-85.56750579031092,3480251.590091764,-37342.54037924961,1330415.9681726436
7719.923599984483,1683.1661812204843,8.6158887467895,1008.814759463764,994.0459609842817,1580.4341797401266,0.16084655377462506,1.021152934787953,2444.1038884168556,-3.431250189626121,-3.5952740196844095,39.19582658404679,39.38669160643671,-97.48635199638723,17.660888200158354,-96.87069270359092,37.75426710323808,-86.4311364934786,2449321.2070911913,-81465.77333492792,582638.5603834761
4889.177733022397,1313.3273991034182,9.186091201572362,1220.2268614991435,947.4971660921772,1959.4156689558304,0.15624181629555092,0.8683669114550949,3105.177952177859,-3.5336189133734486,-3.4179667751163807,41.57906595743267,39.60049695962202,-100.69891448268106,17.877960255801735,-98.23210550555517,38.114291482294114,-87.89248014977993,340299.80250898714,-373801.0393350766,-1028104.8902476593
6788.042060580565,1480.351365220803,8.720071191698725,1231.0167028513022,768.0521121653388,1985.048998154345,0.1792800191055323,0.8705473074361016,2724.7850244546626,-4.517101757195344,-4.0984499752635095,44.08426159518973,37.52998770729027,-98.37085250725079,16.915558498244966,-95.40996740661524,36.070522121056705,-87.88029246782438,1401366.38009003,-346133.1417615586,-220660.93600619282
7447.039698409338,1388.3177512377542,11.546413944822305,1453.4621574188052,877.8390361378429,2363.6221077269906,0.14727861066465256,0.74998995710067,3031.9166733450816,-3.9910100193665734,-3.3397244916383264,37.528337254504166,39.406070699203354,-96.011250537722,17.434520046635292,-95.54672230003766,38.50795866298327,-86.05028884094486,1392485.9262159737,-217693.36190840253,-225287.69883127138
9071.887826045575,1586.019588682822,11.309751089558931,1399.7215916045386,887.9001702117579,2263.3543167771354,0.13611638733876216,0.8973190800599781,2830.614771338791,-5.675413882499276,-4.209192151881085,39.22814312218867,40.489783030448,-99.25528744307447,18.16202050531175,-99.2464905902473,38.978096384429435,-88.43170189595408,1457471.193202168,-154035.78077523265,-181582.0820761521
8393.64111632146,1661.8621039095935,13.34600337561862,1814.8090832218973,1096.2431016354965,3006.7952076654656,0.08931950552760404,0.7755080748845823,3140.1064112729123,-4.138687090536694,-3.4839414864904685,36.87796303441862,40.25123917252629,-99.20541396562989,17.76852290913263,-97.03203458905611,38.5745380665417,-88.3315059336355,1512444.9646521353,-139774.9382930511,-134871.4062336334
8327.967812207939,1687.4269966826625,10.785305858966565,1475.6760006986963,772.7752101761095,2428.8294216236623,0.1395730894450537,0.922534850351313,2509.630498040157,-3.2640120456408392,-3.3631802159101225,41.23667885610398,39.91340826678778,-100.26845388878252,17.833829336305378,-100.17872232534252,38.21226300914434,-89.43022086680546,1878599.7900747072,-205381.15229014086,146076.84889985318
3736.4980159954357,1343.1531073386654,6.5302489458587205,870.5910419900252,671.7172117842108,1355.5845023962706,0.18842253354163424,1.0326752289632288,1827.8713930344538,-3.0715983877695243,-4.124491566709817,46.758580192049614,39.81080024955488,-102.77057546035607,17.845993520553517,-102.87014889342011,38.07971504225431,-88.93705194256674,105865.3783324555,-419169.89911406883,-1206754.9519688827
4532.503753785174,1284.3538539606066,5.117261583420708,651.0320518138209,737.2561095469299,928.0531996224005,0.17893748450305302,1.1310992812122453,1668.350863087802,-2.9090859134807143,-4.148540606725584,39.825704965830106,41.60259493564653,-96.41099229264411,18.655813859279785,-100.17788417515759,39.84390419534315,-89.29030247593292,814207.4843559265,-382094.9739890007,-664334.7764465878
5621.774763392185,1286.9103432379134,11.666454880169887,1068.1652660533086,1394.3207654893663,1700.943315225516,0.1493567987365564,1.1508339561672167,2060.917982430138,-2.5069320502684356,-3.348477292303009,42.878694584720996,39.49554642654348,-105.50527379304017,17.72804019638228,-105.21701052226113,37.8624306115209,-93.88479124999776,1519218.9606526573,-213528.1471568892,-129308.07444881205
6731.4271432413225,1521.2551936577136,7.493321484833565,896.9035442070427,966.2141361401373,1387.4444456501187,0.2203503947720757,1.0695270782571396,2315.866364017632,-4.510740528649119,-4.78778202090302,42.43523766524833,38.26301920355735,-92.70669721961438,16.880139279907443,-90.93984861826583,35.69717841135122,-78.82684680469937,740216.7729761291,-298232.6919237724,-731081.6720705972
8579.338045194172,1641.4101896911382,7.551777358331821,831.5795032898168,1011.1336018801945,1298.9399856140585,0.11107919106601956,1.0562767533030304,1921.7079211199398,-1.1869035248335063,-3.3058051291858574,34.651870777621,36.695165690689116,-97.16731740002177,16.285987574372598,-98.47811790309447,34.92736834391729,-88.13553726760932,1271743.8589367704,-86309.02396713494,-331076.0604028967
7457.230383530402,1651.6361468003659,7.686979200113048,852.1834501099647,1045.7957442213603,1328.1599771928472,0.17999403872037037,1.0471338891981619,1679.3815955041825,-3.57449521880571,-4.404969360386844,35.71187055507198,38.02713064553527,-100.24888393528913,17.052548359713704,-100.1041838854074,36.510448324002645,-89.14369622592591,799146.1267505689,-234884.3566172078,-678501.0829873731
8453.652928701056,1707.0267478086823,6.190929276899796,632.3926231880797,691.8690723376355,927.6380227350433,0.1693173719923506,1.0116369693570615,1501.3009118993673,-3.443487185697776,-3.8912527559883485,36.318888651619666,40.00704266438777,-105.18908991306631,17.974887633335257,-104.2395712914429,38.150000425081934,-93.56467438973044,2023871.8595135433,-197064.1682578362,229182.85623386712
5975.051847589053,1280.945201590864,11.384300300926975,1070.6417058943937,1348.9058735802598,1662.7873677085663,0.16843817447479767,1.0500929084775612,2109.8006937917507,-1.9526584895020531,-4.045774226983672,37.004991287912596,38.96252126404731,-99.17358599596005,17.635718692618273,-96.81332180450353,37.31948439618641,-88.58202036017536,1056695.2192624563,-190895.57836874924,-479755.9154123396
8467.240508862473,1581.7587732206437,7.9721553435365236,855.2927455013985,1098.8302173419943,1348.5367407248114,0.24668249887528237,1.0429590332642027,2397.001628422778,-2.6085013159645922,-3.7670508031801044,45.14452938240291,40.40781373292137,-97.3047405162339,18.31799642476988,-98.27291024293358,39.34384689047787,-87.40699163976964,3269641.3392586024,-5857.089511457889,1179736.7908030304
5984.110234363332,1507.6205841787432,6.812778763763383,750.3181824154146,948.9050090880455,1124.15701043308,0.16175915160000204,1.1167136866636636,1896.7949658330454,-2.977236739016986,-4.045423581857481,36.533163615432464,40.117580471396415,-105.63668879635577,18.13491398056279,-106.06911921707733,38.36879437827571,-94.58531158888789,1199920.8752930302,-174361.49094378878,-377130.5771538587
7383.630990989387,1424.108601120051,6.9877320849412365,775.7818215110603,908.3557514604408,1181.5278727359514,0.23088240493680237,1.072272417813698,1644.758931261689,-4.933762581306307,-3.845752281389777,42.516418839505775,38.25329234164812,-108.82889899342281,17.1384761445314,-108.84538035645107,36.55551005890454,-97.37988727335849,1779065.67300915,-147689.51859446248,7859.086072450969
8563.485868339185,1687.4269966826625,5.718423475271433,603.2923710563502,739.0070320031522,886.9341503964192,0.15161359637069155,1.104925223776649,1428.895877100538,-4.26748140560724,-4.375328467679433,37.27685438995338,39.63553494391875,-108.69442142314328,17.664472517873886,-108.66065162930612,37.98006946773123,-97.07652542324693,1335214.534921401,-131036.34271453606,-278994.6008850448
4146.390017531546,1234.9283945993395,5.8929076635704885,669.9149480046761,801.1584778641944,1002.5653959141138,0.2021083061800344,1.0788774362037952,1480.6489269278468,-2.7571875679100577,-3.896480210689947,38.018839287161555,39.531583383750025,-106.44456780323982,17.65614617779343,-105.97346732851233,37.73607870584192,-94.92749580795123,193500.88809608284,-402176.7449030297,-1137211.4352594924
4929.940473506651,1401.1001976242887,5.899513859215466,650.3181111000197,750.4583687206065,981.5564056023358,0.2770027571397746,1.0945279448153546,1491.419273965853,-3.2936821520248625,-4.222210738642165,46.34852963561164,39.04178629274535,-99.77083856892655,17.40236852997738,-100.62348785276993,37.25064498493401,-89.71227126550811,520707.68731015426,-345421.49220405996,-889044.9631161368
5477.972873350511,1316.7360514731606,5.7657172699671335,595.3178451688722,631.4567039629769,886.5118245650235,0.21624155301337203,1.072719068935868,1677.0454288908215,-4.6659103133523345,-4.509709866801578,42.80999694296421,39.47964948491744,-99.7099182573862,17.693555302966526,-100.60555836025249,37.92860439957793,-90.03030202817965,799171.8600928285,-334829.3424474447,-722684.3312179701
5124.695789153643,1302.249278901755,5.586021183389812,641.2698358343292,779.5236146904764,920.1920542604623,0.22977633751851995,1.1220403529913092,1484.8549653702532,-4.4610524746702325,-3.9953154810958966,41.51635869299746,39.598223497812626,-102.72806887216476,17.7615324629617,-102.76821134404678,37.980384490490465,-90.78444427905376,336264.5693632348,-344108.63802713616,-1029381.6898474687
6490.247595376153,1434.3345582292786,7.051677840339845,839.3292327279164,1034.7593848222548,1309.189642720551,0.24026027143258477,1.0633552615379283,1794.4950128820838,-2.876230821326357,-3.7590666226216314,44.97402102685344,39.61611348372556,-100.6371276721004,17.769226746964108,-101.3170349471357,38.07094866668985,-90.3565913650121,1986491.116388376,-293181.9968861407,204698.40124337655
6234.34816900278,1417.2912963805659,8.083991116205329,831.591987954771,1056.0113661872965,1373.5362260008283,0.10918597881519138,0.9262532291808956,1817.1246286309884,-2.037708223839374,-4.53385463635646,37.20872008673404,37.99077331784654,-107.78097239533673,17.000400518408167,-108.05891215372539,36.276508573008584,-96.16636322913543,781605.7905075385,-295940.2391656764,-692194.4315504839
9409.312733387456,1472.6818973888821,9.595263194584954,1143.075369506971,1413.682219585763,1838.6683709333047,0.21755610918426324,0.998239274759842,2538.8924944957334,-4.625357254693424,-4.068356426339186,39.48411347991551,39.93776839762657,-90.74899378523027,18.366942234385277,-93.65296027937244,38.12040557153512,-79.86872035223057,2429979.5368899903,32128.286059640872,511946.2979140815
4911.823699958094,1332.9271502294378,9.276190917231556,950.6486024483615,794.9280470662023,1490.2187992048143,0.11946455073996032,0.9784483363135653,2175.998252488017,-4.505475905339663,-4.3229653242198225,35.4006521209416,38.276749210736135,-103.92679689132228,17.174717941505747,-103.75230973649496,37.13046414276849,-92.82521537048362,334740.1751836673,-314747.5715334157,-1038356.6750285602
4246.032272048611,1283.501690868171,7.202114768884068,824.8454619945992,844.5346813338341,1265.4194805395714,0.17578354407692373,1.0238247416087527,1567.5301842750976,-3.258617402547751,-4.197867937089181,40.90836625801491,38.80459703687344,-102.78944292002629,17.390521143853594,-103.0868418696312,37.18299848193895,-91.6447896419453,452134.457174624,-331641.8054955718,-946465.426524261
2942.7568748992667,984.3924454232625,6.990264756355604,781.5680295915649,976.3116585734496,1196.490594768306,0.13536778581546613,1.1080396951326914,1693.6020675753791,-2.6223303915585414,-3.7038739985926337,39.41499690987396,38.82368456429878,-99.90505450429771,17.409873962924483,-99.78427081824346,37.21597052847531,-89.35871757679259,-15164.657300604857,-414082.70922733465,-1296855.31611503
3900.6812762792365,1077.2782224987468,5.527563404360114,624.6272605469736,759.2807984861133,852.6162211592963,0.22465902578386887,1.1446898475158163,1455.9674924510025,-2.1515650894444116,-2.990649390564602,43.879714817611216,39.42689646306433,-106.33991633774576,17.699416235412397,-106.63158525525118,37.88760030582079,-95.28643216496698,717005.2982579872,-356274.8682489878,-739476.2088245425
3856.521640754628,1215.32864347332,5.082622592381184,563.8703805159311,655.9965473792267,795.4217345197868,0.19826046812477105,1.099585223226303,1345.8255663108052,-4.988708971681867,-4.164085071237953,43.29054889865322,39.38527642111475,-100.35258245100836,17.646541229529735,-100.24532531100289,37.40500775625952,-89.81325642639581,186219.57763387193,-395383.901016137,-1164809.3744864145
6789.174358927349,1369.57016320417,4.707672265718806,528.8793039513397,603.6605251567729,771.777054158709,0.14788348860291417,1.1579903631007085,1880.3951039667522,-5.1788443482284485,-4.690425136621652,36.39269511554155,37.622125588016004,-103.24495068257953,16.870359504127983,-103.24927744532438,36.192892650429464,-92.20374941554698,705216.9767085984,-247536.5445665822,-748991.4503516734
11087.37888332258,1590.280404145,9.88265237754834,987.4191089980852,1199.7438032752088,1510.7421901980956,0.15172478484678853,1.1022181647156928,2867.4134765438366,-6.070677804420281,-4.270335567672832,41.73851648176545,34.91036016579876,-100.82316371047288,15.588392406325472,-100.9414585506068,33.400412921925245,-90.05979842751115,9702790.64377171,948163.4043936698,5736262.552098039
8030.173347003528,1501.6554425316938,6.667127101141753,725.1924577484211,942.765149633751,1092.9788690784135,0.13712737602473918,1.0512738371448582,1804.204007066277,-4.694258967707479,-4.203963627780384,34.37342587353684,38.36844302860165,-98.19691946088551,17.2245599367171,-99.20770805422956,36.65029978788777,-87.39509923094388,1802519.7763828821,-199280.75014542963,38121.853746706154
10369.501731460996,1511.8813996409215,10.687025697330482,1111.6131266079674,1466.8386193099566,1782.656871424097,0.0781036784530108,1.043244801758419,2277.0427649645744,-4.283985807519247,-4.109782578621434,30.30485210819939,37.42819355284238,-101.78069721260417,16.738454746545756,-102.15838614214238,35.971219819760385,-91.23170584884195,1855447.1344245875,305456.45841275225,127933.39572862163
3585.902335873053,1216.1808065657556,5.565286573814489,596.9694774739093,724.5344095606878,883.6980513962286,0.17433061244058473,1.0701424366795595,1511.6061429116248,-3.7714334235883604,-4.514742601325087,43.74159933650912,39.49973158813627,-96.9994693849143,17.754833822789518,-97.03635561415375,38.08334239630573,-86.46777733773489,50909.98784124522,-409213.52804444963,-1248889.3387625965
4589.118671124416,1261.3454504648444,6.369506985801768,678.764715479371,854.7182510400312,1030.0923194267853,0.11336784841880655,1.1295028350720089,1455.6969520548816,-4.89161111913565,-4.737142676987448,38.468666674469674,38.92910919636554,-100.79444028733886,17.357763383523977,-100.57120706585594,37.17225467002154,-89.83236205294968,545719.2705892164,-314920.4418712696,-869941.5734961466
4868.79636278027,1340.5966180613586,6.265300243535381,732.4700869470232,879.7778803795162,1113.9707926473538,0.21813835221786934,1.054017456391384,1717.2900358591887,-3.624874020539739,-3.6069517318357245,39.46806073730048,40.86289202506231,-100.09200149937311,18.301054588630187,-100.09432661794543,39.18321940872754,-89.39597413635258,345168.30578504974,-331519.8358683082,-1031270.7176594855
4568.737300882289,1290.318995607656,5.9491008606241795,722.6531493353473,896.1899020929064,1101.6473961378651,0.21679688549508722,1.105380899693362,1721.6317365009163,-3.398388653224656,-3.824838706339442,41.61818165669575,37.74679556496887,-100.60458139604492,17.212520167271908,-101.8453737854397,36.501461772543585,-90.04658136518115,276972.49800265994,-343315.35525453987,-1074078.0881368471
4280.001222452156,1259.6411242799732,6.17577502704967,750.4074029531515,912.3360925779604,1151.312059559683,0.18260930615500492,1.027240783444311,1876.593797041418,-4.400955127707819,-4.516912290457267,42.14933019653335,38.81513117447995,-101.08335400305516,17.380589071033288,-100.6691117978219,37.14763497354703,-89.46303683895404,180771.4614583436,-371648.80362879543,-1147208.9817599042
3685.544590390118,1007.4008489190246,7.355124026231888,882.063000233095,1061.7126702102864,1375.9372426268042,0.16819337967143472,0.91711706869388,1456.9899840941637,-2.978673482925422,-3.771471555971487,37.98944308727506,39.58191682333578,-108.07810808021362,17.687349351406375,-107.67995683731228,37.933583305443875,-95.93642380213558,178073.13671283895,-376979.93277005677,-1148982.1068264039
4335.483841444613,1226.4067636749833,5.9951753722939625,697.9253432657335,860.9996751522193,1054.1832866445507,0.1548566981715122,1.1216580617173337,1830.1471090597984,-2.917613045419209,-4.008493770461997,37.647220014527996,40.687386386222585,-100.32169069788792,18.194113481308296,-101.45346388281872,39.05252072557861,-89.5442469925843,243118.44816430582,-372436.32405679655,-1101874.1836706211
6189.056235131387,1459.047287909912,7.682310379723131,916.8747505371267,839.1073914482697,1434.9273726598622,0.1025831980839463,1.0333629536418825,3121.8102182017437,-4.789423786325524,-4.101533585369236,36.316172701967,40.883609366666704,-93.73944497217694,18.33694831120549,-93.82541003814619,39.148706194086365,-83.57713596743848,843250.6245889894,-243407.82466417135,-642408.5941535193
4884.648539635258,1245.1543517085672,6.131904242680046,751.1226429041541,851.0924326726935,1135.27902211237,0.1407444371876574,1.1331257910322377,1551.1877123945483,-3.6779700899569616,-4.046731193344,37.51653944660043,39.231619027522605,-100.19240972850763,17.582513377995532,-100.59440953200217,37.63208766020697,-89.12836832571793,610710.664561663,-357561.79187523364,-819548.1813847778
3197.5240029258543,943.488616986352,5.230798509890078,562.9957773659734,679.5037232416206,813.6212778615903,0.16358244804203548,1.1143442850498424,1477.2901035504694,-3.545058937108396,-4.233454303025619,43.067412661318315,40.82387559403528,-98.02691263124301,18.32329952959922,-98.01075117135471,38.56554964604376,-86.93491655221382,325978.5848429052,-382362.92301267426,-1036821.898350019
4949.189545401993,1352.5269013554575,8.635282329847296,940.7205700637504,1049.1697368947523,1495.25864917856,0.1272434987934443,0.8225150567950804,2197.0585486208433,-3.3563581761452808,-3.782678593588715,37.648010485061725,40.05340932175065,-101.55038866054942,17.965699756087858,-100.54105314313314,38.33633095196238,-90.84119840161537,329236.9161318684,-327663.86694340024,-1033618.6829557677
4315.1024712024855,1194.024566162429,5.690935948950227,635.3181946115338,742.5277787840927,976.9684905457856,0.2132748415598227,1.0897713440341057,1567.3769256742748,-4.142288468686252,-4.114021209471391,39.60679947266645,38.86417891084076,-101.60773949498976,17.40088645190127,-101.29329155725095,37.234565650530634,-90.39348799621598,259796.10474301502,-364008.8950864185,-1086875.0598213216
3908.6073647067306,1140.338291338984,6.259935748422423,700.7065812660499,836.1995529230451,957.6230132342652,0.13897691657556058,1.03867842752799,1673.804925568276,-2.3907102964275038,-4.218101344220788,38.28325330618601,39.51392516195872,-98.87538396856188,17.750972397710683,-98.61293367130033,37.99971146922338,-89.11185726600387,205911.71144870349,-361266.97944990237,-1139681.846198216
5029.582728023716,1286.0581801454778,7.4931486500389335,831.2510836490554,1032.7542223772703,1247.6900804315187,0.102399123966329,1.038972784034109,2035.9151762996976,-3.8072597984495142,-4.180742545113129,33.78636439868771,37.516716706279006,-116.39506209889892,16.814303391538257,-115.46944160168123,35.94655757267765,-104.09147238136555,212759.23128425283,-331273.01544148347,-1123585.3850647465
2763.8537361072626,1143.7469437087266,7.969825113533504,907.5140286397447,1146.4874019301826,1420.3630962100933,0.14924991646234395,0.8971539933984147,1643.0456938530538,-3.160512760626373,-3.704073325600634,41.031069871387956,39.332732503472826,-102.94245042629768,17.674186576657362,-102.75428454957576,37.74349472172908,-91.77062244425699,25835.909302409942,-433275.1582921819,-1265016.6449815666
4680.834837213987,1247.7108409858743,10.292968664534426,1271.389849034681,1711.851505572459,2061.5964016042285,0.1292907937258055,1.091502407098167,2797.706157611557,-4.363826365898825,-3.9563856721784405,35.500084819350285,38.18904639208766,-98.85345855294776,17.082567654972706,-99.09714933401592,36.559668648825436,-88.59364208032513,190933.68085637706,-349417.6781807828,-1141291.398841607
5068.080871814401,1300.5449527168837,4.348750421355087,477.2129829499934,550.9340911475347,663.6946834874979,0.1745678772253828,1.1657633341647888,1297.1559869691612,-5.066684697657843,-4.4178844347730255,43.45357425524894,37.76722139182701,-100.09419756263837,16.906092442643526,-99.84601449007243,36.13317411695925,-88.76240264392423,821532.9091191536,-391451.10082996055,-659107.9365035901
4753.301931408217,1323.553356212646,6.543445076461481,765.6754596659622,968.4657072993518,1156.876932174302,0.1711710459222646,1.0474458431821125,1780.5111828636363,-2.235046948432636,-4.062094826930713,34.57082421820049,40.50710920785974,-104.11824748081334,18.23791366193173,-102.73930524725664,38.54458504404324,-91.62189089355412,275565.74195913615,-400642.04045919335,-1081477.16985873
4974.100109031259,1187.207261422944,8.847684639763585,1057.3402174462838,1351.3910166106107,1644.0587222773984,0.1497006707673512,0.921239429620043,2164.4510569891686,-2.4642512257495444,-3.8224096210957907,33.1164277666378,40.679799317225154,-97.01970464497138,18.258607787767776,-96.54976939317015,39.090236758445315,-85.72634845342616,554259.0640276456,-276712.25564249256,-862255.5390091527
2571.363017153841,1064.4957761122123,6.686193534927848,752.5380305619076,896.9871945936974,1147.2439966779843,0.21580894758108923,1.0136923352877196,1682.4527151533584,-4.148825749274472,-4.343593462305023,40.338452475372776,40.077707178984284,-103.72050502147681,17.914356500696865,-104.70043837498987,38.038714527341526,-93.0269725213448,-55385.871252329496,-430344.04567479226,-1328012.5912688004
3891.622889504958,946.8972693560945,12.946686566702159,1307.6961929608174,1714.8611598613,2127.3310775643035,0.1948127964379405,0.858851098487897,2425.38381780841,-1.2899337345327677,-4.216257799351127,40.7453233921836,42.056308226390094,-92.3778315276487,18.89042171630826,-92.2529891871206,40.35739442219898,-82.0531689648166,1594437.5200774116,-10202.857726951945,-83132.9814545298
1233.0,630.0,5.494728304947283,1262.14598540146,1230.4793187347932,1145.3446877534468,0.1508515815085158,0.7785888077858881,4668.296836982969,-2.6763990267639906,-6.035331690478904,33.20356853203568,38.29771292502107,-90.16546742459988,38.85053301769166,-87.85327736562766,38.75853735636056,-87.66579025526538,33876.0,12718.0,33698.0
1382.0,701.0,4.157018813314037,874.3972503617945,833.8111432706223,895.6866859623734,0.2402315484804631,0.8386396526772794,2483.7807525325616,-2.866280752532562,-6.394427983011877,35.31114327062229,37.15246582996253,-94.50813483146062,37.83155961273406,-89.16392471910109,37.527371847190985,-91.7817339325842,70221.0,23182.0,67462.0
1813.0,804.0,7.717043574186431,1938.5642581356867,1907.838940981798,1984.2647545504688,0.1235521235521235,0.7082184225041368,4094.7892995035854,-2.982184225041366,-5.259975135063261,29.966905681191395,36.520048963565,-94.65892410369965,36.73661460257851,-91.85812998934978,36.62713373542604,-91.49648253026908,182875.0,70580.0,167176.0
1788.0,768.0,7.280201342281879,1661.7281879194632,1523.370246085011,1695.5212527964206,0.186241610738255,0.6733780760626398,3294.7751677852348,-2.395917225950783,-5.94399935502092,41.68903803131991,35.15588559723825,-90.63824641426936,35.20301580437289,-90.32169693210597,35.206693249712366,-90.48264043037985,507249.0,106967.0,507038.0
1758.0,842.0,6.118885096700796,1512.344709897611,1490.3031854379976,1558.9607508532424,0.2354948805460751,0.7286689419795221,4079.8094425483514,-1.8763367463026168,-5.231890939236229,38.30489192263936,38.127622224066414,-88.63294455068167,37.92429495672792,-89.57180833254301,37.95738003852996,-90.1340830610552,105437.0,23288.0,105375.0
1661.0,785.0,4.699578567128236,1183.9259482239615,1084.3919325707404,1156.9379891631547,0.24683925346177,0.7953040337146298,3067.0764599638774,-2.11149909692956,-4.712227790581187,42.67308850090307,35.763387505115105,-89.06448977429669,35.89528782480821,-88.17772948017905,35.68100272250641,-89.10205294565216,77105.0,20745.0,76490.0
1886.0,840.0,6.146871686108166,1355.067868504772,1171.3515376458113,1386.6208907741252,0.1914103923647932,0.7852598091198303,2997.8048780487807,-3.404029692470836,-5.509073967302982,37.1474019088017,35.603700521691415,-93.61327276221851,35.52043956068096,-93.4316433827567,35.58914769357499,-93.4248733113674,138715.0,35636.0,138549.0
2762.0,876.0,5.99275887038378,1321.3758146270818,1271.6947863866762,1366.9677769732075,0.1716147719044171,0.8196958725561188,3212.766835626357,-4.404634322954381,-5.533238223029637,34.862418537291816,36.775828940269726,-94.2903934874758,36.870910675529885,-94.38669217841992,37.141633347206174,-94.8756062181116,351095.0,99279.0,335115.0
2530.0,935.0,5.818577075098815,1177.178656126482,1102.3703557312251,1217.8573122529644,0.2980237154150197,0.7454545454545455,2998.302766798419,-2.1821739130434805,-4.14139373912381,36.95256916996048,37.39117895918373,-86.36623064244888,37.276473663265335,-86.23641178530603,37.43292635714291,-86.39222460163258,268537.0,62731.0,268281.0
1634.0,862.0,4.317013463892289,855.8188494492044,762.5575275397797,909.1132190942473,0.2160342717258262,0.8592411260709915,2539.906364749082,-2.6009791921664625,-6.025208300453795,36.083231334149325,36.69032466059819,-88.2820135708713,36.78346364694409,-88.54463526397922,36.86356638491548,-89.44228537061123,44853.0,12441.0,44749.0
10411.0,2322.0,12.539429449620592,2993.318605321295,2983.6760157525696,3020.5561425415426,0.1841321678993372,0.7046393237921429,6895.384112957448,-3.251925847661129,-6.95582781453723,34.3012198636058,40.09581841444243,-91.45242569880456,40.09168092151415,-91.14165091095606,40.11622929093643,-91.8195337537846,1821772.0,353757.0,1652920.0
20650.0,5087.0,12.136900726392252,2722.628426150121,2664.3146246973365,2674.5786924939466,0.2781598062953995,0.6757384987893462,5883.83612590799,-3.3313753026634423,-5.948617108823565,35.26004842615012,40.314386688193615,-89.04303534759592,40.300981228001305,-88.78972095824412,40.11668160113418,-88.55792646369163,7244600.0,1279247.0,7196314.0
15092.0,3351.0,9.46580970050358,1993.9424860853435,1812.2804797243573,1986.4049827723295,0.198780811025709,0.7226345083487941,4816.245229260536,-2.6859793267956507,-5.471612998297081,34.44871455075537,37.6828189798626,-89.48591518048195,37.95433219113434,-89.81633268439975,37.60780209945036,-90.35813785415908,3349678.0,819397.0,3326473.0
8401.0,2527.0,8.416855136293298,1822.980121414117,1782.0440423759076,1862.5377931198664,0.1384359004880371,0.6220688013331747,4892.583382930604,-2.8814069753600737,-5.507841728944409,32.47470539221521,37.30126326652941,-91.67634193860518,37.1589555046016,-91.7187928941634,37.17546591390168,-91.6986316529428,1058481.0,327882.0,1048416.0
5504.0,1900.0,8.118822674418604,1795.5801235465117,1797.6820494186047,1828.335210755814,0.1286337209302325,0.7538154069767442,4665.8984375,-3.4837390988372072,-5.596669644825707,34.71293604651163,37.303727660384496,-87.23332073445161,37.31060482208824,-87.1831785765172,37.40899674726729,-87.05987626743315,627821.0,177779.0,625215.0
4922.0,1563.0,6.599959366111337,1607.201950426656,1530.5215359609915,1639.6617228768794,0.1785859406745225,0.7289719626168224,4094.2275497765136,-4.132202356765542,-4.979695818428048,34.11011783827713,37.4655014657676,-91.79173460539408,37.3685602593361,-92.0882728045642,37.3876985319502,-92.10747756327788,513315.0,135341.0,493147.0
5237.0,1494.0,8.375405766660302,1948.0771434027115,1889.8934504487304,1962.456940996754,0.2218827573037999,0.626503723505824,3735.964674431927,-1.4696582012602653,-4.587387450310491,31.5485965247279,39.34972585348704,-85.48485168841529,39.34787701758152,-85.63274181422119,39.27565764348502,-86.11620520785286,943679.0,406790.0,942120.0
4747.0,1405.0,9.195491889614493,2069.0922688013484,1965.52433115652,2100.2148725510847,0.1354539709290078,0.7472087634295345,3963.655150621445,-3.149652412049713,-5.905219095273919,35.77627975563514,39.34501653831244,-95.14622081295728,39.47343233426596,-93.83644192746432,39.07674202367617,-94.03569520641398,1623263.0,320629.0,1617631.0
4068.0,1625.0,7.057276302851524,1680.2409046214357,1613.52802359882,1660.8785644051131,0.1991150442477876,0.7059980334316618,3867.743117010816,-3.291052114060964,-5.925426016427248,35.27531956735496,40.35007091672955,-94.786166885283,40.41274636327044,-95.11256243270434,40.35853798591196,-94.7068477743396,362692.0,110914.0,349720.0
4469.0,1484.0,9.235175654508838,2319.2125755202505,2218.3884537927947,2323.865518012978,0.2436786753188632,0.5298724546878496,4593.251957932424,-2.273416871783396,-5.61942353902608,36.08413515327814,38.01772785178359,-91.45972909182952,37.95859956962022,-90.98014349919436,38.34401372382046,-90.23431971714604,471877.0,137733.0,468494.0
3499.0,1350.0,6.23492426407545,1304.2217776507573,1281.0817376393254,1348.1797656473277,0.2097742212060588,0.7993712489282652,3407.918833952558,-3.4180337239211207,-5.53719896990097,37.27636467562161,38.62861949764705,-98.05137045117654,38.63679723294116,-98.05646818647062,38.626563997647054,-97.96102077470594,519030.0,75365.0,515640.0
3751.0,1417.0,7.841908824313516,1765.30951746201,1690.7411356971477,1797.5355905091976,0.1812849906691549,0.715009330845108,3725.50973073847,-2.688643028525727,-6.186497405443939,32.02612636630232,39.33302830957621,-97.5347262732526,39.3657196964777,-97.12008130902588,39.28916446807922,-97.24598384067144,264338.0,96553.0,263945.0
2676.0,1230.0,5.081464872944694,1051.2201046337818,980.1610612855008,1088.173019431988,0.2346786248131539,0.8068011958146487,3016.5313901345294,-3.044917787742899,-5.494109825992959,37.88116591928251,37.37590800156493,-92.36586699608756,37.37264665571204,-92.32305353755862,37.43902957159622,-92.22850867566504,168577.0,42599.0,157282.0
10330.0,1729.0,9.584123910939011,2038.9403678606,1861.7525653436592,2077.0391093901258,0.0742497579864472,0.7974830590513069,4931.120232333011,-5.004046466602126,-5.555706184847795,32.368828654404645,41.18718393161883,-90.46696297915496,41.26915674478852,-90.44012934784756,41.29663285037983,-90.4788958933375,3372156.0,866368.0,3339731.0
6359.0,1807.0,9.526340619594276,2042.0062902972163,1896.4807359647743,2017.965403365309,0.1836766787230696,0.6181789589558107,4747.458090894795,-3.0531058342506667,-5.534928375356841,33.46280861770719,40.64786100644115,-94.70907368760062,40.75588894524952,-94.3375852818034,40.78046376006434,-94.525061642512,647559.0,160791.0,640976.0
4101.0,1562.0,8.49183126066813,2010.851743477201,1893.071689831748,2035.4528163862472,0.2179956108266276,0.6878810046330164,4198.811509387954,-3.7292367715191417,-5.755739505015423,34.88417459156303,39.07714593149996,-90.73270557274982,39.13030528149997,-91.03256827274988,38.956410431499975,-90.48355192274984,245006.0,73907.0,242293.0
3346.0,1364.0,6.4910340705319785,1468.0884638374175,1351.0579796772265,1508.4958158995817,0.1072922893006575,0.7674835624626419,3880.2139868499694,-3.631350866706516,-5.183438626651166,32.884040645546925,36.60385337465562,-92.2668193587388,36.80375035200485,-92.7722330817263,36.63520951178448,-92.33488170860106,213207.0,47845.0,212157.0
5463.0,1564.0,8.328390993959363,1717.366648361706,1552.798096284093,1745.913234486546,0.2022698151198975,0.7664287021782903,4946.962291781073,-4.7957166392092265,-6.637411235541343,32.57550796265788,38.2830385448598,-90.26636409906556,38.48330786448591,-89.94884844859834,38.294146650841085,-89.95203675457964,549667.0,136825.0,545959.0
2587.0,1063.0,5.25976034016235,1173.2520293776574,1170.0231928875146,1224.146115191341,0.2323154232701971,0.8140703517587939,4128.379203710862,-3.441863161963665,-6.8865215861314,36.957866254348666,37.83217396824131,-92.16981685907096,37.77781770226277,-91.68974217308448,37.84425044025402,-91.89837424970216,124166.0,31742.0,123216.0
3516.0,1157.0,6.356939704209329,1225.635949943117,1221.8074516496015,1282.9755403868032,0.1055176336746302,0.8046075085324232,3723.476678043231,-4.320506257110353,-7.080045123407011,33.003412969283275,38.63996631385152,-90.95063259234344,38.68063734424308,-90.9459759780828,38.58812895733486,-90.9231373749268,299020.0,85994.0,293919.0
1447.0,636.0,10.203178991015896,1878.268832066344,1813.9447131997235,1896.0276434001385,0.1395991706979958,0.6247408431237043,3565.505874222529,-3.423635107118176,-7.194805644346953,33.19972356599862,39.37937825841088,-89.62445142448107,39.389103240515375,-90.78946166070158,39.22548885254115,-89.38277318539733,49629.0,18295.0,48736.0
1687.0,677.0,5.767634854771784,1209.3052756372258,1194.8275044457616,1199.98755186722,0.1867219917012448,0.7866034380557202,3371.9069353882637,-4.714226437462952,-5.63773770470397,32.608180201541195,37.20386097264436,-90.10526279635256,37.54294680851061,-88.60867021276593,37.712562978723376,-88.12272832826743,79684.0,25257.0,78270.0
1477.0,513.0,8.195666892349356,2005.1909275558564,1940.167230873392,1962.054163845633,0.1266079891672308,0.7183480027081923,5204.3168584969535,-3.5208530805687204,-5.481334055029459,33.32430602572783,38.67392307517243,-77.55656292,38.78974022413794,-77.71891758689657,38.33601705172415,-74.94388751793106,203944.0,53755.0,198774.0
572.0,383.0,8.227272727272727,1932.3146853146848,1836.2325174825176,1905.979020979021,0.1573426573426573,0.6451048951048951,4518.215034965035,-2.848601398601399,-5.201007421243568,33.02447552447553,38.64517575135136,-92.11645819279278,38.88547449009009,-94.06440215675674,34.54118854414415,-78.68938197657656,7856.0,2095.0,7788.0
440.0,261.0,4.890909090909091,977.1704545454544,955.4022727272728,1018.2363636363636,0.1909090909090909,0.8227272727272728,3050.7545454545457,-5.312954545454544,-5.80672399790882,40.20454545454545,35.33444005424528,-92.08305393160391,35.318015761792445,-92.27694048820769,35.25579830896226,-91.7880034599058,30498.0,6261.0,29205.0
1454.0,773.0,6.050894085281981,1133.617606602476,1104.2159559834938,1179.2441540577718,0.1932599724896836,0.7530949105914718,3603.615543328748,-4.375378266850069,-5.725739610912302,34.009628610729024,37.74252484143763,-89.55162738548275,37.83785892670893,-89.3393612593376,37.82328887737842,-89.34586844749828,30487.0,12412.0,27925.0
1322.0,687.0,5.34947049924357,1190.2624810892587,1167.7556732223902,1222.6467473524965,0.2049924357034795,0.8419062027231468,2983.311649016641,-4.139561270801815,-5.786310775225049,37.465960665658095,37.682648737096784,-95.90261839032254,37.32853384435486,-96.16123946532252,37.423993011290335,-95.60968064838704,53297.0,15867.0,53031.0
1992.0,825.0,4.213855421686747,831.335843373494,755.6184738955824,843.5768072289156,0.285140562248996,0.8634538152610441,2472.718875502008,-3.8664156626506014,-5.793066335113915,40.32630522088353,36.65452568090584,-93.14800084920228,36.8357875615029,-91.91635905815744,36.83386260010301,-91.98791939475036,171946.0,37145.0,169277.0
2245.0,1004.0,7.407126948775056,1474.70289532294,1452.263697104677,1505.030289532294,0.1340757238307349,0.6169265033407573,3423.2779510022274,-3.5952338530066816,-5.552623749954296,31.26948775055679,38.339169945945926,-91.57100062620242,38.37228883417314,-91.77286907924876,38.34769744617499,-91.28531598717365,104956.0,33859.0,88552.0
1668.0,999.0,6.71642685851319,1487.8585131894483,1415.0125899280577,1513.4658273381294,0.2020383693045563,0.7356115107913669,3227.589928057554,-3.850599520383694,-5.725830474188619,35.989208633093526,36.720220788979326,-91.68752913587984,36.75344815278646,-91.16145211646848,36.75876217908578,-91.49088874765192,40356.0,14174.0,39830.0
2932.0,828.0,8.145293315143247,1674.081514324693,1694.5654843110506,1741.0583219645291,0.2295361527967258,0.6855388813096862,5521.041268758527,-4.192735334242836,-5.232992479896885,39.0075034106412,38.39342813029889,-87.18902594510078,38.321552962474,-87.38907603787355,38.33262101911057,-87.39779666574012,414578.0,101966.0,411108.0
3698.0,1098.0,7.65413737155219,1690.3158464034614,1702.629529475392,1747.4653866955111,0.1584640346133045,0.8193618171984857,3936.7593293672257,-4.488615467820444,-4.675649752054491,32.1281773931855,39.31119502990497,-86.82666150558991,39.36937620653997,-86.56495015287888,39.295445560927945,-86.80661348826173,342576.0,125740.0,334223.0
2135.0,983.0,8.709133489461358,1969.354098360656,1459.3480093676817,2011.1971896955504,0.121311475409836,0.7063231850117097,4183.592974238876,-3.033161592505856,-5.630440462170087,31.65807962529274,39.22014745624999,-91.0921671639424,39.16596026057693,-91.12242895384622,39.274388658173066,-91.25864461586544,65430.0,21016.0,65082.0
3795.0,1222.0,9.2866930171278,2275.467720685112,2003.4864295125165,2279.508300395257,0.2869565217391304,0.633201581027668,4172.478787878787,-1.6706982872200271,-5.6275910331776,35.81818181818182,37.40039161078321,-93.4156682854077,37.2884188640021,-93.16025454238194,37.38246977601926,-92.87833227843343,455982.0,76154.0,455006.0
2167.0,874.0,6.858329487771112,1465.0756806645131,1422.7429626211351,1504.4743885556068,0.1421319796954314,0.6460544531610521,3228.369173973235,-2.267604983848639,-5.443489067405681,33.16105214582372,39.32258068192658,-95.11276936909871,39.30995224129711,-95.0197025593706,39.31558624225087,-94.82132044206016,129768.0,40592.0,128892.0
2478.0,946.0,6.267150928167878,1378.8954802259886,1319.6154156577886,1424.230831315577,0.1311541565778854,0.7187247780468119,3493.705407586764,-2.8782485875706225,-5.767284211647111,30.540758676351896,37.36097995443246,-88.90876976056333,37.26521129908862,-87.60622873570836,37.33302900124273,-88.8842235853355,131448.0,48978.0,131268.0
5601.0,1178.0,4.870558828780575,961.6495268702016,921.4792001428316,992.6511337261204,0.07570076772005,0.8734154615247277,3329.7387966434567,-4.7807355829316185,-6.0001586330308125,29.56614890198179,39.39019770054141,-86.2059440384481,39.45014793519853,-86.12579113231082,39.4853362790613,-86.32094064494632,1187844.0,325368.0,1111974.0
2632.0,1035.0,6.625379939209727,1568.681610942249,1489.731382978723,1593.1884498480242,0.2739361702127659,0.7173252279635258,3907.511398176292,-3.148290273556233,-6.433243918661101,41.47036474164134,38.24246161479819,-89.01388526188349,38.22281293004482,-89.0701092677131,38.1710035443946,-88.94500342331848,483000.0,59371.0,482778.0
1757.0,784.0,6.076266363118953,1335.060330108139,1279.0313033579966,1378.2800227660784,0.1269208878770631,0.6875355719977234,3017.9863403528743,-2.163801935116676,-5.9773912967196345,33.44336937962436,35.908228371278454,-94.15817103911256,35.893511558669,-93.59057781085814,35.692859152948046,-93.52986254816102,75867.0,23365.0,74293.0
2364.0,1034.0,6.1315566835871405,1382.9856175972927,1366.839255499154,1506.0046531302876,0.1446700507614213,0.733502538071066,3590.200930626057,-2.5575719120135365,-5.892616514659819,33.807106598984774,38.96567175745788,-88.14245271508852,38.93106279420668,-88.3460472970168,38.96527659965415,-86.86534735408551,179277.0,49025.0,179060.0
2807.0,1081.0,6.961168507303171,1413.5301033131457,1380.398646241539,1456.416458852868,0.1720698254364089,0.6473102956893481,4035.207338795868,-2.931670822942644,-6.444993733881636,30.716066975418595,38.00474372447498,-90.7474445934107,37.80786027045618,-89.94873948841429,37.81164304851556,-90.31876252715432,225468.0,80560.0,222652.0
3720.0,1135.0,8.872849462365592,2149.793548387097,2085.9967741935484,2207.8451612903227,0.1868279569892473,0.5876344086021505,4540.455107526882,-3.3701881720430102,-7.073955283615423,33.034946236559136,39.47474052715116,-91.11370642634358,39.45911849986069,-90.90512007156778,39.46138508298518,-90.85352507490948,321111.0,90571.0,320541.0
3859.0,1369.0,5.698885721689557,1184.3073335060897,1078.6587198756154,1201.9759004923555,0.2469551697330914,0.8307851775071262,3818.3182171547032,-3.454081368230112,-6.092779885147123,37.6418761337134,36.55777663967164,-85.86958720218868,36.54994938030091,-84.17949023939799,36.56697928454168,-84.24924819671674,1063615.0,160496.0,1062454.0
3615.0,1256.0,7.329183955739972,1604.676071922545,1491.0110650069155,1633.1734439834024,0.1670816044260027,0.730567081604426,3939.658091286307,-3.5944398340248966,-5.517228147354497,34.25726141078838,38.16529416557419,-94.16938474266183,38.15553658962662,-94.06019655970375,38.21455002393839,-94.20561946252508,502732.0,98084.0,491485.0
2869.0,1207.0,5.769606134541652,1257.2603694667132,1229.9794353433251,1296.1279191355873,0.1767166260020913,0.820494945974207,3822.820494945974,-3.983130010456606,-6.0255090749358144,34.59393516904845,38.2914672871393,-88.85514756465979,38.553156207695054,-89.33898043355897,38.07902343249021,-86.66373694834343,204845.0,47589.0,181470.0
3404.0,1227.0,6.898942420681551,1474.4894242068156,1194.7053466509988,1508.9059929494713,0.172150411280846,0.6477673325499412,3971.913043478261,-3.062015276145709,-5.819995539712427,32.05346650998825,37.696148142383095,-92.7502228841629,37.76792064102565,-92.89498963137272,37.738661033182495,-92.97046290437412,284526.0,75011.0,282936.0
9791.0,2054.0,5.180165458073741,1056.1081605556124,1009.4955571443162,1095.6362986416095,0.1112245940149116,0.8709018486365029,4347.496374221224,-5.335542845470327,-6.506289487070684,31.777142273516496,41.919272175905725,-90.83976416279536,42.06530259120456,-90.82666732817164,41.98109180355102,-90.46434147186936,1883406.0,459052.0,1858564.0
14353.0,2655.0,8.23458510415941,1823.3505887270956,1802.6547760050164,1850.4647112102,0.1383682853758796,0.7518288859471888,4977.582317285585,-4.414004040967046,-6.238415988546645,30.492579948442835,41.3706782652238,-89.99187297054632,41.24017812398889,-89.96579572320782,41.19246331029125,-89.94096088694096,3073479.0,765081.0,2986135.0
4970.0,1691.0,6.175855130784708,1340.3718309859155,1267.778672032193,1374.5426559356138,0.1877263581488933,0.7370221327967806,3446.883903420523,-4.628470824949698,-6.045814339251361,34.12676056338028,37.91630403031554,-90.7136406229239,37.9562059532806,-91.24889925269947,37.91364571615438,-91.20963358928591,426157.0,113634.0,422564.0
2624.0,1291.0,6.876905487804878,1571.7118902439024,1538.7442835365853,1620.6276676829268,0.1749237804878048,0.7442835365853658,3970.908917682927,-3.331059451219512,-6.025017615522259,34.08917682926829,38.72237536894755,-88.27977433013204,38.68871295398156,-88.03271826770711,38.66816048299319,-88.54800286154469,77022.0,26524.0,76396.0
4644.0,1379.0,6.212747631352283,1304.6371662360034,1275.3208440999138,1320.0495262704565,0.1296296296296296,0.766365202411714,3328.274978466839,-3.2961455641688198,-6.116001497486738,29.80189491817399,37.08613469310192,-92.10218985764502,37.30608239784709,-92.10205383084356,37.26871145474518,-92.05589953976278,267692.0,87391.0,264252.0
4546.0,1307.0,6.144302683677958,1179.3143422789265,1201.0552133743952,1255.7254729432468,0.206555213374395,0.6885173779146503,3429.7798064232293,-4.238605367355916,-6.073970958393543,36.240651121865376,38.41658797142854,-92.51787475275576,38.46215391631044,-92.27948649628786,38.43799863149605,-92.25504587334068,634680.0,139366.0,627803.0
3936.0,1558.0,7.539126016260162,1659.7446646341464,1601.282774390244,1697.6783536585365,0.1453252032520325,0.7164634146341463,4803.504319105691,-3.4933180894308946,-5.578122135684878,32.87093495934959,39.61295122392316,-95.53728126310342,39.76712260223141,-94.81688310534524,39.65586033783079,-95.31089516035308,226614.0,51309.0,226389.0
2756.0,1101.0,5.603410740203193,1112.7775761973876,1059.8519593613933,1153.060595065312,0.1872278664731494,0.7855587808417998,3055.119375907112,-3.227394775036285,-6.656371721737206,34.35050798258345,38.093035120976666,-90.4295906577876,38.15371420643724,-90.8641356566778,38.07878220495741,-90.7150706918239,136807.0,39278.0,136346.0
2859.0,1093.0,5.051066806575726,1099.316194473592,1064.969919552291,1133.732423924449,0.2123119972018188,0.819867086393844,2976.643931444561,-2.70863938440014,-5.861477004023402,33.62014690451207,37.62138653804542,-93.11455114785431,37.63648483122971,-93.34395485034256,37.38820646844571,-90.91611730977284,135191.0,44462.0,135075.0
2767.0,1169.0,6.731478135164438,1428.3292374412722,1218.1080592699675,1445.8518250813156,0.1326346223346584,0.7184676544994579,3377.68232743043,-3.871485363209252,-5.443592367656578,33.675460787856885,38.0080721517857,-95.258340875372,37.84156380617556,-95.61124572395832,38.00380011532735,-95.24937436979168,139582.0,42153.0,137797.0
6319.0,1489.0,7.911378382655483,1698.9634435828457,1719.7944294983383,1731.748694413673,0.086722582687134,0.7765469219813261,4363.630479506251,-3.131903782244024,-6.026798201053886,28.44753916758981,38.93078448128523,-91.3543001036148,38.92786813590371,-91.39187337269112,38.968936110522186,-91.33004112996016,1427659.0,324915.0,1405396.0
2518.0,1153.0,5.686258935663225,1243.6934074662431,1205.7696584590944,1257.173153296267,0.2474185861795075,0.7549642573471008,3227.385226370135,-3.545909451945989,-6.37133735692704,40.45671167593328,38.48845566747872,-82.60746859845712,38.4403161392611,-83.41859752212744,38.6249290986602,-81.07298039626467,326013.0,48824.0,325801.0
2822.0,1023.0,7.381998582565556,1529.6094968107725,1518.6665485471297,1571.223954642098,0.1552090715804394,0.7622253720765415,3078.087172218285,-3.3330376153300207,-6.133659634404118,34.51807228915663,37.84484664631959,-92.15984835727087,38.11147612567328,-90.88320262298004,38.08948369012569,-89.57844916086155,306054.0,81192.0,296447.0
1991.0,988.0,5.031140130587644,1046.5158211953792,921.9422400803616,1078.6629834254145,0.2174786539427423,0.8206931190356604,2919.9703666499245,-3.0390256152687094,-5.940088413117388,36.27825213460572,37.50133417411641,-94.05419715956342,37.57612092931392,-94.14757162266116,37.45782433316006,-94.07590036434512,110189.0,26015.0,109772.0
1550.0,897.0,5.895483870967742,1355.2858064516129,1226.1154838709676,1387.0774193548386,0.1451612903225806,0.76,3218.115483870968,-1.7583870967741932,-5.184860531946476,35.50967741935484,38.05038424849296,-92.5235856671132,38.08637790756865,-92.18640254588078,38.20207518352311,-92.26026566309446,46574.0,14543.0,46258.0
2249.0,906.0,5.608714984437528,1223.6843041351713,1091.9092930191196,1265.0818141396176,0.1867496665184526,0.825255669186305,3126.7074255224543,-2.924188528234771,-5.891258237798809,28.119164072921297,39.06029425444592,-88.84595829183768,39.16818552986779,-89.55641903055174,39.12875940127677,-89.08037826447791,148368.0,31045.0,147994.0
1903.0,856.0,5.604834471886495,1172.390436153442,1155.770888071466,1249.8575932737783,0.163951655281135,0.7640567524960589,2955.85549132948,-3.9063058328954288,-5.83873543378371,34.382553862322645,36.79246444565808,-91.08618150409607,36.83861168760237,-91.42636118732928,36.83026701256141,-91.14039111632984,61646.0,21151.0,61244.0
1822.0,802.0,7.021953896816685,1697.4308452250275,1648.3572996706916,1511.294731064764,0.1427003293084522,0.7118551042810098,3883.30241492865,-3.8564763995609233,-6.791613297150238,34.68166849615807,39.33673216638276,-83.69285087677446,39.374126633163,-83.73383081658137,39.13974418625784,-86.2377742896081,88893.0,24793.0,88296.0
1087.0,657.0,5.392824287028519,1171.4967801287949,1033.1444342226312,1198.5648574057038,0.1959521619135234,0.8104875804967802,3173.022079116836,-2.433854645814168,-5.990835351764723,39.53081876724931,37.65601722648753,-89.30611282149714,37.57694932821498,-87.6986794913628,37.71018442898273,-88.28721800383879,43142.0,8618.0,38116.0
2040.0,854.0,6.520588235294118,1306.414705882353,1251.8083333333334,1316.011274509804,0.1941176470588235,0.7362745098039216,2954.357843137255,-3.57328431372549,-5.692714220268389,35.38235294117647,36.68180911133499,-94.86432421662474,36.46954585340048,-96.18663692846351,36.64969079042819,-94.86451563375324,135850.0,45066.0,135231.0
1943.0,858.0,7.02161605764282,1505.7004632012352,1496.4251158003087,1571.0077200205867,0.1811631497683994,0.7910447761194029,3580.9567678847143,-2.736644364384972,-6.5710171533950215,36.037056098816265,37.45819476044417,-89.46346679005813,37.44075694976201,-88.94668868323635,37.420066874140645,-88.80930109307242,95147.0,24815.0,93298.0
1836.0,785.0,11.897058823529411,2777.7080610021785,2798.6633986928105,2820.3257080610024,0.1274509803921568,0.6623093681917211,5000.753812636166,-2.5626906318082785,-5.462908701078985,30.91503267973856,37.64387006017999,-94.43115573734532,37.75516865410575,-94.2016331839145,37.714151574803154,-94.31701694825648,90907.0,47833.0,90426.0
3585.0,1190.0,4.466387726638772,899.2610878661088,848.5179916317992,943.2027894002788,0.0887029288702929,0.8412831241283124,3593.8351464435145,-2.348256624825658,-5.492089147405782,30.93723849372385,37.602577182539584,-93.12564346003394,37.83148705612236,-92.5730668256802,37.64495962783436,-92.20802834098632,285247.0,85441.0,280340.0
3312.0,1228.0,9.492149758454106,2297.7146739130435,2175.963164251208,2317.6947463768115,0.1609299516908212,0.6506642512077294,5195.692934782609,-1.6098128019323663,-4.453042609602394,31.53985507246377,37.75648335672693,-93.8760078749616,36.10284224946368,-91.46628577903756,37.24027904596995,-93.08559790530178,317710.0,77732.0,317263.0
1993.0,1078.0,6.258906171600602,1403.7415955845458,1314.3998996487708,1459.175112895133,0.2042147516307075,0.789764174611139,3436.2764676367287,-2.768289011540391,-5.952352924045488,37.08479678876066,36.10044138386436,-90.94661319167518,36.153954094039065,-90.99865298304208,36.12759864696816,-90.91531156474814,63761.0,17216.0,63471.0
2821.0,1092.0,6.803261254874158,1552.7203119461185,1488.8752215526408,1609.9964551577457,0.2201347040056717,0.7079049982275789,3772.326479971641,-2.8852534562211978,-5.833284636593245,31.258419000354483,36.56504114228531,-88.60182384061132,36.5800277143377,-89.03519596579329,36.617606013828265,-88.9973783045852,142298.0,56885.0,140698.0
3102.0,1178.0,8.018375241779497,1781.64055448098,1508.496776273372,1813.4961315280464,0.1334622823984526,0.6015473887814313,4538.673436492585,-1.7303675048355918,-4.832935183608783,32.33397807865893,36.8136601514755,-88.30446023180323,36.01017431540991,-86.71366745475397,35.98526500393452,-86.5133972032786,292730.0,82566.0,286096.0
2984.0,1172.0,6.107573726541555,1397.2024128686328,1331.267761394102,1441.9390080428957,0.1685656836461126,0.7396112600536193,3898.313672922252,-1.503652815013405,-4.661713316954186,37.1514745308311,36.21813412587417,-89.60740510489498,35.52179744755248,-89.56195146853136,35.63174608391612,-89.95486590909084,281712.0,47843.0,279691.0
2901.0,1011.0,4.829369183040331,1002.9458807307824,927.7114788004136,1042.74698379869,0.2040675629093416,0.8028266115132713,3280.915891072044,-3.310031023784901,-6.526781767202275,32.412961047914514,38.80571733659557,-91.45637255050669,37.61664355120587,-92.21140004683672,37.72232558545963,-92.11944614959798,220439.0,65556.0,219853.0
5050.0,1046.0,8.34910891089109,1996.828514851485,1883.3871287128716,2011.2570297029704,0.0649504950495049,0.7441584158415842,4924.005544554456,0.0596039603960384,-5.171177614557179,29.752475247524757,36.47604456092176,-90.55900792945852,36.54462299118229,-90.5370972615226,36.57773479478954,-90.1910225987972,2407281.0,539292.0,2392723.0
3383.0,1148.0,5.938516109961572,1461.6727756429204,1356.0919302394325,1486.692580549808,0.0978421519361513,0.7797812592373633,3601.155187703222,-1.2568725982855455,-5.249418200093884,30.24534436890334,35.308659201977804,-89.31799839406652,35.204702433922655,-89.14036836709631,35.41712688852262,-88.68250118999106,223079.0,74888.0,222222.0
2724.0,1013.0,7.359030837004405,1640.154919236417,1530.5121145374449,1684.1622613803231,0.1108663729809104,0.6611600587371512,3963.8883994126286,-2.5419236417033755,-5.744100914297922,26.43538913362702,38.92999611795447,-88.97869419932805,38.98044348637552,-88.89728221724519,39.02409343038448,-89.40304455393799,168490.0,75496.0,168130.0
1870.0,769.0,6.991978609625669,1572.5689839572192,1434.507486631016,1611.897860962567,0.1251336898395721,0.6951871657754011,3661.806951871658,-3.2605347593582885,-5.612731453988016,34.406417112299465,38.13455815914089,-94.10745945319366,38.13340215693825,-94.34323946420696,38.073158406938255,-93.48833142455936,169920.0,40372.0,165010.0
3644.0,1105.0,6.919319429198683,1473.3172338090012,1393.242041712404,1455.9017563117454,0.1920965971459934,0.70993413830955,4033.878704720088,-3.5742590559824365,-6.173744580382234,33.194291986827665,40.03012819831224,-89.39968400281272,39.99788832011252,-89.85534044922622,39.928127260478185,-89.6631813682136,574864.0,158739.0,574253.0
3725.0,1178.0,8.546308724832215,1848.833288590604,1550.0359731543624,1855.2241610738256,0.2359731543624161,0.628993288590604,3915.66711409396,-3.596832214765101,-7.143638369495948,30.51543624161074,39.708627622197824,-91.45242607080364,39.74189850792774,-91.5453544472388,39.77923434718416,-91.34152869518854,413967.0,124102.0,412205.0
3076.0,1121.0,7.982119635890768,1761.9431079323797,1778.743823146944,1776.6635240572173,0.1833550065019505,0.6921326397919376,4234.397269180754,-4.530884265279584,-6.030023777697158,33.09817945383615,40.046979529744114,-89.7102536613493,39.92884508208707,-89.54338583150546,39.67633414822194,-91.43141081222998,491514.0,120174.0,490126.0
4069.0,919.0,6.742442860653723,1354.8822806586386,1339.5514868518064,1387.7977390022118,0.196116982059474,0.8594249201277955,3649.488080609487,-3.9225608257557134,-7.26587626763558,36.623248955517326,40.32711999841717,-90.88974616222649,40.2002434434185,-90.62935331073612,40.26003000817714,-90.57650917145888,858483.0,117601.0,843454.0
2251.0,886.0,5.928476232785429,1255.545535317637,1109.2305641936916,1282.5908485117725,0.1288316303864949,0.7601066192803199,3093.9369169258107,-2.124788982674367,-6.231014693961232,35.8996001776988,36.001186907278665,-97.27407189337042,35.89413227909135,-97.21364531339825,36.20304981872976,-94.31828510616596,198398.0,49887.0,197640.0
2245.0,838.0,5.0271714922049,919.2365256124722,887.4075723830734,952.943429844098,0.0997772828507795,0.8280623608017817,2797.976837416481,-4.049576837416481,-5.975140909341593,35.03340757238308,36.26578879728509,-91.31045595972856,35.76166329230775,-90.9733346325793,36.358133579185534,-91.07259312443448,248249.0,30304.0,219410.0
2219.0,916.0,4.942316358720144,973.7737719693556,952.0653447498872,1037.8395673726905,0.1622352410995944,0.8499324019828751,3582.4826498422717,-4.356016223524109,-5.91490836672213,31.24380351509689,36.62913412620911,-95.45283520912012,36.149739177337615,-96.82112335559644,36.55589231736526,-97.22670247443568,103856.0,24459.0,102304.0
3097.0,1029.0,7.506296415886341,1862.765902486277,1790.9577010009689,1902.4501130125927,0.1398127219890216,0.5802389409105586,3875.597675169519,-2.6403616402970624,-6.393242800280634,29.147562156926057,38.34228578482253,-91.2429074684623,38.3855697595268,-91.50133864618904,38.32133460840987,-91.34891519021002,215141.0,80520.0,214133.0
3044.0,1131.0,6.318331143232589,1222.5381077529566,1205.7775952693823,1232.281537450723,0.1254927726675427,0.7178055190538765,3419.1235216819973,-4.584691195795005,-6.175901415639536,35.44349540078844,36.279627651499815,-88.94495985945395,36.812242818335,-90.69029019312433,36.734497273003015,-89.9466268068756,210192.0,53330.0,202999.0
2805.0,1193.0,5.766488413547237,1168.9515151515152,1145.5853832442067,1205.2081996434938,0.1344028520499108,0.7693404634581105,3332.9611408199644,-2.210374331550804,-6.05849346349298,32.63458110516934,39.011722319520125,-91.7181839578336,39.109199540167175,-91.6532917855326,39.12409968556884,-91.37406604943662,126293.0,43459.0,124638.0
2557.0,1150.0,6.412201798983183,1339.0316777473602,1232.6116542823622,1357.2444270629644,0.1165428236214313,0.7168556902620258,3538.750097770825,-4.158936253421978,-5.973193821123066,32.11967149002738,38.4250917867735,-93.56764892505016,38.37567007655304,-93.51374944609226,38.41947768857712,-93.19236851102212,134592.0,46165.0,131043.0
2979.0,1089.0,6.139308492782813,1307.7267539442769,1277.9016448472642,1374.5273581738838,0.1829472977509231,0.7955689828801611,4107.345753608593,-4.741859684457872,-6.764156453329228,35.770392749244714,38.697652180531534,-92.07828139696248,38.64026868035894,-92.3018697297205,38.64247893234375,-92.2228477069383,228426.0,45667.0,226728.0
2002.0,984.0,5.991508491508491,1279.0664335664335,1235.180819180819,1333.176823176823,0.1903096903096903,0.6623376623376623,3811.168331668332,-3.628371628371629,-6.918859933955963,34.735264735264735,37.87063188475268,-92.18005058694544,37.80881607649156,-92.05653625752171,37.82024121672615,-92.51877837888834,53107.0,15083.0,51723.0
2062.0,880.0,6.711445198836081,1388.7769156159068,1352.1226964112511,1426.570805043647,0.1658583899127061,0.7318137730358875,3624.795344325897,-5.763094083414161,-6.508677962663521,32.46847720659554,37.7129477342092,-86.99128955735208,37.77521080242548,-86.42005130368864,37.77210473269329,-87.02285666195039,123348.0,43344.0,119942.0
2227.0,903.0,5.785810507409071,1293.574764256848,1237.2604400538842,1334.7467444993265,0.1562640323304894,0.7750336775931747,2977.7148630444544,-3.318320610687024,-5.99053084487663,32.75258194881006,37.014330941472345,-93.30570815226338,37.04200826200275,-93.43284122679468,36.96132902103338,-93.44832010196616,117937.0,22353.0,116682.0
1933.0,913.0,6.202276254526643,1305.5344024831868,1245.529746508019,1343.8701500258665,0.1314019658561821,0.6989136057941024,3761.993792033109,-3.231246766683911,-6.458652006589045,31.67097775478531,36.98399746723495,-90.56368746723496,36.9496860303676,-90.82780868886522,36.96444394192861,-89.87369808684072,60044.0,19632.0,59069.0
1566.0,876.0,6.644316730523627,1550.0389527458492,1413.6289910600256,1535.1628352490422,0.1781609195402299,0.7005108556832694,3698.402298850575,-2.430459770114942,-5.808534821252794,34.18263090676884,38.1526091962111,-91.65423186129908,38.10471386468201,-91.84098477063604,38.16619902435725,-91.64650177604877,49964.0,18516.0,49598.0
1731.0,914.0,5.054881571346042,1063.7435008665511,1007.6002310803004,1091.8781051415367,0.21894858463316,0.7856730213749278,3264.782206816869,-3.732524552281919,-5.755259771603984,35.36683997689197,36.51451401138405,-89.92417303115636,36.24681960335529,-91.03758307729171,36.29267536488914,-90.0840706351108,42797.0,11204.0,40714.0
2552.0,963.0,5.842476489028213,1152.869514106583,1108.619905956113,1198.938087774295,0.1316614420062695,0.7641065830721003,3603.385188087774,-3.744474921630095,-7.351417516483222,33.30329153605015,37.47199592384773,-98.64119389458908,37.551794440481,-98.52691623286564,38.04509855951906,-97.43672912504996,256545.0,56984.0,256005.0
3666.0,1267.0,9.713311511183852,2008.3657937806877,1916.482269503546,2040.679759956356,0.2067648663393344,0.6410256410256411,4593.0932896890345,-4.164702673213312,-5.844813365001389,31.68848881614839,39.1663005129548,-85.80662192805944,38.97523019873207,-86.37038822712226,39.08131567282247,-86.01070446196242,256631.0,48968.0,247549.0
2686.0,1090.0,8.15711094564408,1427.5793000744602,1753.1422189128816,1275.5424422933731,0.1340282948622487,0.7419955323901712,4006.420327624721,-3.805919583023082,-6.105652969084583,28.957557706626957,38.19195473987775,-90.2288576165012,38.2143349155844,-89.99689179029798,38.20039503781509,-89.91457521275787,109326.0,50617.0,108181.0
2215.0,922.0,5.30744920993228,1076.2781038374717,904.5051918735892,1121.4564334085778,0.1783295711060948,0.8135440180586907,3413.2446952595938,-3.103927765237021,-6.111432050755032,36.135440180586905,38.73131202358923,-91.65979040610556,38.73708911193335,-91.7555990550417,38.68510785707674,-91.30363391535622,114464.0,29135.0,108758.0
2515.0,991.0,4.828628230616302,964.9638170974156,930.9813121272366,1027.141153081511,0.1614314115308151,0.8401590457256461,3364.4222664015906,-3.5825049701789258,-5.787157743909147,38.41351888667992,37.20127704385396,-88.82904500028393,36.82430167983775,-88.13073454953343,37.21633412255579,-88.870459149574,331932.0,55369.0,318541.0
2935.0,1002.0,8.142419080068143,1653.5959114139694,1440.7339011925042,1677.639182282794,0.2149914821124361,0.6340715502555366,3381.884156729131,-1.0754684838160136,-4.816764606228641,40.88586030664396,37.90994225911779,-86.16416718964913,37.86352586523099,-88.23747118478639,37.84886108544634,-87.62695704758595,853658.0,117859.0,851809.0
2415.0,957.0,7.512629399585921,1540.2041407867496,1231.872049689441,1532.6944099378882,0.305175983436853,0.7590062111801242,4095.1561076604553,-2.60248447204969,-6.350427420948234,38.34368530020704,37.050531427061344,-91.13981150105715,37.03279303382667,-90.9731174207189,37.01432322410151,-90.77560625792825,285288.0,65318.0,278843.0
2298.0,1053.0,7.440382941688425,1655.6018276762402,1541.390774586597,1682.299825935596,0.1945169712793733,0.7684943429068756,4381.654046997389,-2.151436031331593,-4.705443718383019,35.909486510008705,36.92747411516231,-92.4192073343708,36.97640744953316,-92.41161581325032,36.911602038683874,-92.74896438194747,129731.0,30294.0,126386.0
2259.0,986.0,6.398849048251439,1259.8269145639665,1210.2700309871625,1284.6662239929171,0.2363877822045152,0.7042939353696326,2956.8778220451527,-2.20473660911908,-6.733238515444921,34.174413457281986,37.470465708636354,-92.8662226213636,37.69504429954544,-93.06352407590896,37.58901017818181,-93.30045677272716,211655.0,25119.0,211130.0
2988.0,1168.0,7.114123159303882,1566.8403614457832,1488.1499330655956,1585.6308567603749,0.1556224899598393,0.7322623828647925,3676.866131191433,-3.5406626506024086,-6.50557143344741,34.90629183400268,38.27055226678086,-89.69387026267118,38.27917626198631,-89.17991953184927,38.26637949246579,-89.10561882397255,237044.0,63409.0,229051.0
1990.0,984.0,5.178894472361809,1128.3015075376884,1050.086432160804,1159.0050251256282,0.1934673366834171,0.7753768844221105,3349.44824120603,-3.554572864321609,-6.610222129339506,33.653266331658294,37.169272699947726,-92.50133495399888,37.25813267537899,-92.03016823523254,37.249499477260834,-91.87848147778352,41836.0,13349.0,41535.0
1637.0,897.0,6.444105070250458,1450.791081246182,1346.438607208308,1468.0812461820403,0.1423335369578497,0.7709224190592547,3898.563836285889,-2.648381185094685,-5.641965174517432,34.770922419059254,37.33318860554508,-95.29094704914934,37.257438889098935,-95.3829499477001,37.28185848582232,-95.20034024385636,49166.0,12119.0,47442.0
2077.0,988.0,6.068367838228213,1259.7713047664902,1128.083774675012,1279.529610014444,0.1680308136735676,0.7809340394800193,3337.6663456909005,-3.1017814155031296,-5.786374089332795,35.85941261434762,36.67139177838373,-88.6458207243431,36.70824155528012,-88.34872003024296,36.29043173872086,-86.39222252602876,106967.0,27262.0,106185.0
2867.0,1179.0,8.374607603767004,1755.8276944541333,1667.2333449598884,1652.635507499128,0.1412626438786187,0.7045692361353331,4039.957795605162,-2.783501918381585,-6.249815406677042,32.91942797349145,39.61143888331512,-89.07587656743,39.56053750199924,-88.93528216539438,39.52644179134857,-88.98369906833877,136331.0,40499.0,135471.0
2222.0,1033.0,6.500900090009001,1530.5445544554457,1450.964896489649,1570.3307830783078,0.1345634563456345,0.7007200720072008,3258.741674167417,-3.375787578757876,-5.5522749532821685,32.227722772277225,38.68949628564855,-88.11470174793017,38.88418418813245,-87.6292331140755,38.62654036706531,-88.06932574379029,132957.0,40545.0,132819.0
2248.0,963.0,5.89991103202847,1168.842971530249,1101.1957295373666,1205.318950177936,0.1508007117437722,0.6903914590747331,3436.430604982206,-2.426868327402136,-6.069762521588006,32.686832740213525,37.936450474724246,-92.7994136704964,37.941868627297765,-92.7454777329964,38.01659448529409,-92.77667774816182,81455.0,31770.0,80743.0
1709.0,944.0,5.5412521942656525,1068.9093036863662,1005.9016968987712,1088.7624341720305,0.2018724400234055,0.7881802223522528,3178.964891749561,-2.62715038033938,-6.052895931304205,36.33118782913985,37.562729865326006,-93.26415805484456,37.479662081048126,-92.61555265204142,37.597117007312605,-93.14872661060326,34535.0,8658.0,34388.0
1739.0,930.0,5.299597469810236,1111.6055204140312,1058.046578493387,1156.5273145485912,0.2512938470385278,0.7642323174238068,2851.242668200115,-3.739275445658425,-5.681846952359547,40.25876940770558,38.27977072028425,-94.64303313953482,38.38705004844961,-94.87617093023252,38.34516303294575,-94.56963135271312,72466.0,16331.0,72257.0
2444.0,1003.0,6.38216039279869,1309.4255319148936,1201.740589198036,1342.1264320785597,0.1419803600654664,0.7274959083469722,3648.585106382978,-2.817553191489363,-5.923158534764654,32.05400981996727,36.69540427325821,-93.18673415435956,36.76626148352105,-93.95179224071752,36.71749419107216,-93.16856367751356,155098.0,45717.0,150970.0
1684.0,915.0,4.974465558194774,1036.130047505938,890.9845605700713,1090.355106888361,0.1324228028503563,0.7660332541567696,3113.1787410926368,-2.36728028503563,-4.86646386225092,32.52969121140143,37.9515954629062,-92.45278667565906,37.81722166400982,-91.18634966400978,37.98334400183938,-92.33317065297356,39435.0,7098.0,39204.0
2063.0,914.0,5.453223460979157,1206.8075618031992,1028.8269510421717,1250.0979156568103,0.1492971400872515,0.7566650508967523,3205.678623364033,-2.920455647115852,-5.754334458438219,36.98012603005332,37.66378011749351,-90.02038276762399,37.70482431279375,-89.99241270704958,37.68235914308096,-90.02839557911224,111955.0,19833.0,109529.0
1916.0,887.0,6.65553235908142,1384.5882045929018,1238.374217118998,1430.3804801670146,0.225991649269311,0.7197286012526096,3424.0735908141965,-2.800208768267224,-5.915107190367264,36.5553235908142,38.04225808141403,-87.62076395715053,38.114396841456895,-88.2968482447777,38.22074276272094,-88.36318645848955,81327.0,15095.0,81156.0
2893.0,937.0,6.374697545800207,1388.749740753543,1232.6246111303146,1413.157621845835,0.1555478741790529,0.773591427583823,3098.1033529208435,-2.956031800898721,-6.480159896048881,34.64569650881438,36.89208144301997,-95.76755218447276,36.82634896438748,-95.86237066737876,36.93208799572654,-95.97795592022776,358516.0,93260.0,356324.0
1773.0,833.0,5.866892272983644,1284.179921037789,1256.60970107163,1315.239706711788,0.242526790750141,0.7597292724196277,3575.1545403271293,-2.720473773265651,-5.83441036949081,36.76254935138184,37.52766390977446,-96.47379146790044,37.05029890109893,-97.77194483400804,37.6214171197224,-96.02912169924804,92904.0,21771.0,92235.0
2022.0,894.0,4.799703264094956,980.5672601384769,918.1078140454996,998.6928783382788,0.1285855588526211,0.8674579624134521,3137.618694362018,-2.6898615232443137,-5.539180308539425,37.27497527200792,36.53541506345185,-92.51560604060914,36.57808465736047,-92.45453964467002,36.50829015786808,-91.99284275939084,258320.0,72309.0,232354.0
1375.0,755.0,6.2967272727272725,1394.344,1334.0632727272728,1440.0698181818182,0.16,0.7018181818181818,3304.5352727272725,-2.9018181818181823,-5.751769057038125,32.64,37.77388188706061,-96.53523946671652,37.79677844652208,-96.6530512842184,37.72296236574423,-96.41308947943158,33005.0,5121.0,32852.0
1258.0,750.0,5.625596184419714,1186.647853736089,1128.325119236884,1224.4014308426074,0.1613672496025437,0.7766295707472178,3462.8410174880764,-3.3543720190779025,-6.018922637172455,37.4483306836248,37.13115286970956,-92.74826041244812,37.04695594024897,-93.3332647278008,37.12441428049794,-93.15539759087136,22988.0,5359.0,21933.0
2476.0,997.0,5.868739903069467,1120.207592891761,1095.6264135702747,1157.6312600969306,0.1292407108239095,0.747172859450727,3284.720113085622,-2.991155088852989,-6.05130142759808,33.61470113085622,36.100814869421534,-89.2072806351239,36.028367100826486,-89.00324147396687,36.12351705950417,-88.79001794090902,170220.0,41372.0,168174.0
1393.0,769.0,6.126346015793252,1252.327351040919,1102.519023689878,1256.5362526920317,0.1622397702799712,0.7501794687724336,3363.1177315147165,-2.494615936826992,-5.838518404032145,30.43790380473797,37.66316120579492,-90.96982300148588,37.21416083432389,-90.91173035661218,37.53491128008913,-91.22505806835066,25798.0,8351.0,25670.0
2413.0,912.0,6.036883547451305,1276.933692498964,1050.1898052217157,1319.1305428926648,0.132200580190634,0.8450062163282221,3413.694156651471,-2.230377123912143,-5.498119588234425,31.935350186489845,36.75487186971242,-94.09424221658216,36.5144265795263,-92.74426401184448,36.73771786548231,-92.76349413451791,295210.0,88408.0,294479.0
2375.0,900.0,6.050105263157895,1297.1873684210527,1206.6576842105262,1353.3574736842106,0.1903157894736842,0.735578947368421,3662.1056842105263,-3.0171789473684214,-5.411115370570666,35.12421052631579,36.88038165481357,-92.04798299869914,36.86306637163924,-91.77188049002612,36.99365882610584,-91.8221593712056,186431.0,45659.0,185855.0
798.0,406.0,4.137844611528822,921.6629072681704,716.9812030075188,966.3684210526316,0.2556390977443609,0.7944862155388471,2702.280701754386,-2.372556390977444,-5.458944379478457,39.21052631578947,37.08169860465117,-95.43376218863054,37.014380083979326,-95.54278647932824,37.060685984496125,-95.38473591989674,36177.0,7285.0,36109.0
1162.0,725.0,5.3993115318416525,1260.854561101549,1206.8321858864028,1301.1385542168675,0.1815834767641996,0.7650602409638554,3281.538726333907,-2.5989672977624787,-5.622892557737879,33.94148020654045,38.18034796524065,-89.95037301871658,38.09860352139037,-89.97950905614972,38.15142217914439,-90.1245879634581,18768.0,5521.0,18602.0
2143.0,704.0,5.857676154923005,1095.3471768548764,1051.307512832478,1130.3989734017732,0.106392907139524,0.6341577228184788,3572.4115725618294,-5.741437237517498,-6.141846173448953,28.10079328044797,37.669183236564265,-87.17502418426093,37.63681217130513,-87.03486871401142,37.61893443618039,-88.14693056621874,171301.0,46863.0,170543.0
2422.0,877.0,5.249793559042114,1014.8109000825764,1015.710156895128,1068.023534269199,0.0867052023121387,0.8018166804293972,2864.8687035507846,-3.0692402972749795,-6.471965198691942,32.74979355904211,37.5060122617845,-90.71944709259256,37.22931840656564,-90.4084935993266,37.20326457659931,-88.8166812676768,268173.0,61011.0,264051.0
2115.0,868.0,7.886524822695035,1803.604728132388,893.0056737588652,1851.0855791962172,0.1252955082742316,0.6061465721040189,3670.4605200945625,-3.641371158392432,-5.8240809518599415,29.75886524822695,36.96248300528335,-86.96511160518735,37.00152094956768,-86.98219743611912,36.89496014265126,-87.20693269068205,118081.0,40992.0,117990.0
2222.0,909.0,5.663366336633663,1164.6372637263726,1104.2151215121512,1203.2578757875788,0.2115211521152115,0.7092709270927092,3661.855535553556,-3.080549302116165,-6.051849440130205,42.76327632763277,36.633372393274826,-92.96498949366472,36.562128229044816,-93.65821040009745,36.50957551218321,-93.4856471934698,320911.0,46513.0,318571.0
1541.0,830.0,5.661907852044127,1313.4691758598312,1263.1927319922129,1356.9130434782608,0.1687216093445814,0.7436729396495781,3650.827384815055,-3.2617131732641145,-5.404063403143462,36.106424399740426,37.76883610337837,-91.21448554797296,37.57587081081081,-92.43680623918917,37.74277243175674,-91.12970178040538,32659.0,9460.0,32195.0
1006.0,587.0,6.5159045725646125,1470.617296222664,1401.8538767395626,1506.4015904572564,0.151093439363817,0.7087475149105368,3463.234592445328,-2.537375745526839,-5.394224660881711,33.33996023856859,38.04945910384217,-92.2581798618899,37.94304093146417,-91.90694946728968,37.87273376635513,-90.50531696469363,13856.0,4118.0,13782.0
1434.0,757.0,5.518828451882845,1154.0090655509066,1034.3354253835423,1181.382147838215,0.1569037656903765,0.7894002789400278,3143.9567642956763,-3.1263598326359845,-5.374870269934436,34.6792189679219,38.08557594066569,-92.60747568740952,38.06560835745297,-91.78184153400863,38.0341760130246,-92.88672373371922,62581.0,11444.0,62287.0
1884.0,868.0,4.23036093418259,820.3312101910828,801.6390658174098,853.4617834394904,0.1985138004246284,0.804140127388535,2946.647027600849,-3.622452229299364,-6.340997252982173,36.27388535031847,35.76048096752888,-93.77869139680789,35.57187542707758,-93.52271397963668,35.57329435993394,-92.8100561375894,108030.0,23064.0,106254.0
1818.0,830.0,6.584158415841584,1480.2436743674368,1394.1353135313532,1523.1787678767878,0.1639163916391639,0.6793179317931793,3446.360286028603,-2.784543454345435,-6.1378424011685135,33.48184818481848,37.19445022084509,-94.04262198478874,37.926526335211285,-93.15389725859151,37.20156712225355,-94.01493387211268,48020.0,16491.0,47636.0
5166.0,1286.0,6.838366240805265,1416.531165311653,1480.821718931475,1517.853464963221,0.0563298490127758,0.786488579171506,5231.8842431281455,-3.5452187379016653,-6.421323431321518,31.01819589624468,36.62200836576777,-93.82967009222348,36.997928907776384,-92.22444262973808,36.86884922821407,-92.52095743102772,1610807.0,333425.0,1602359.0
3484.0,1318.0,6.036452353616533,1304.7290470723306,1217.9756027554536,1333.18972445465,0.2169919632606199,0.8071182548794489,4181.305683122847,-2.2416188289322623,-5.881040442378397,33.11997703788749,36.34940624999995,-96.75959709847594,36.284117709554494,-96.9237688745604,36.38596926289563,-97.02826477139511,270246.0,76639.0,260430.0
1893.0,937.0,7.235076597992604,1747.7892234548335,1331.0681458003169,1771.1035393555203,0.2387744321183307,0.786582144743793,3930.884838880084,-3.2043317485472795,-5.658471531647589,39.212889593238245,36.97572223480199,-90.16834984216392,36.92755636754041,-90.06782028276628,37.22073740490796,-90.07612558114889,187003.0,39052.0,186052.0
1944.0,812.0,7.941358024691358,1668.18158436214,1617.2525720164608,1674.2253086419753,0.1126543209876543,0.8034979423868313,3486.181069958848,-2.7680041152263364,-6.148214920416736,34.59362139917695,36.84410138627964,-91.88807155883892,36.85254527387859,-92.291684592612,36.85657196147753,-92.3953977963059,514589.0,119995.0,513594.0
1532.0,797.0,5.47845953002611,1266.5456919060052,1125.8962140992166,1268.2343342036554,0.183420365535248,0.7108355091383812,3430.640992167102,-2.882898172323761,-6.216320279156546,39.96736292428199,38.715771404891285,-85.82817135394016,38.700962029891336,-86.24814544836954,38.775063094429335,-85.80011326970104,93724.0,20850.0,93591.0
1743.0,802.0,5.804934021801492,1395.6328169822143,1354.528973034997,1407.5903614457832,0.1778542742398164,0.7257601835915088,3250.075157773953,-2.0678141135972465,-5.3844391115941885,32.16293746414228,39.15499836054025,-91.74013879271868,39.22866747386967,-91.72598747152082,39.20152364944219,-91.40982808631824,64288.0,9794.0,61135.0
1738.0,879.0,6.317606444188723,1474.524741081703,1433.1593785960874,1521.3699654775603,0.1622554660529344,0.7289988492520139,3364.970080552359,-2.6452819332566166,-6.064910187920873,36.75489067894132,36.873667146972366,-92.01836864609054,36.88997401234569,-91.33068423104056,37.00181655085244,-91.36219011581424,141402.0,23448.0,124075.0
1441.0,724.0,5.563497571131159,1176.3351839000693,1146.0555170020818,1211.466342817488,0.1117279666897987,0.8022206800832755,3180.9937543372657,-3.3353920888272026,-6.4350418248978105,34.02498265093685,39.62132575035662,-93.30040767902996,37.81883340584877,-88.65787458559205,38.78501122325248,-90.41510130884453,91402.0,11926.0,91225.0
1726.0,817.0,5.107763615295481,1075.271147161066,979.9136732329084,1097.508111239861,0.1471610660486674,0.7862108922363847,2818.6268829663964,-2.0860950173812283,-5.745688228848042,31.448435689455387,35.36280056004768,-89.50993394827589,35.25526369916776,-89.70899185552916,35.259735102259256,-89.89171692568371,104596.0,44531.0,104193.0
3981.0,1628.0,7.684501381562422,1685.757096206983,1674.199196181864,1728.410952022105,0.1519718663652348,0.6495855312735493,3958.185882943984,-2.003793016829941,-5.322459170122221,31.386586284853053,37.42238365681233,-91.155788800257,37.52284309125965,-91.18178718071978,37.43815553341901,-90.06430990565549,271002.0,97578.0,268954.0
3203.0,1401.0,6.863877614736185,1550.059007180768,1510.4673743365595,1584.8064314704964,0.2010615048392132,0.6771776459569154,3440.1589135185764,-2.4082110521386206,-5.96769538153641,34.13362472681861,38.60760676275018,-90.94169379244664,38.75261109909621,-90.98770859877337,38.586041731762464,-90.97981745287277,241725.0,65326.0,208013.0
3357.0,1528.0,6.620196604110813,1431.6875186178136,1360.180816204945,1451.1456657730116,0.1456657730116175,0.6565385761096217,3099.753946976467,-2.847184986595174,-5.639024147644085,33.41078343759309,37.61876806875386,-93.94013061233886,37.47069661387356,-93.35515958717,37.59165081890732,-93.93184384131366,268768.0,78524.0,267924.0
3821.0,1597.0,6.290499869144203,1264.596702433918,1120.579952891913,1311.6118817063596,0.1591206490447526,0.7505888510861031,3589.1648783041087,-4.091311175085055,-6.221667389451532,31.944517142109397,38.3113288994609,-91.07844866145554,38.43082189137465,-91.2125726776281,38.40438946549864,-91.3277551035041,189708.0,58876.0,188972.0
3234.0,1303.0,5.851267779839208,1204.3487940630798,1145.7285095856523,1253.2192331478043,0.2291280148423005,0.8163265306122449,3183.9236239950524,-3.310296846011132,-5.61608911759755,33.91774891774892,36.98677797622065,-88.83658214616362,37.111544463221314,-89.86842735859223,37.04009963126189,-89.6093078912492,425810.0,123797.0,425245.0
3392.0,1594.0,6.806603773584905,1322.659787735849,1285.814858490566,1379.6241155660375,0.2606132075471698,0.7665094339622641,3572.255601415094,-3.348408018867925,-6.182418336293067,36.80719339622642,37.35045044472357,-92.74783806909544,37.364892815954725,-92.76149056281405,37.42057980716076,-92.54152236557783,215472.0,41922.0,211788.0
3486.0,1398.0,8.206253585771657,1905.5438898450943,1759.630808950086,1969.8187033849688,0.3046471600688468,0.6930579460699943,4115.521514629949,-3.605995410212278,-6.955215222463739,38.06081468732072,38.440790356951496,-90.87912324144088,38.46733404078597,-90.76693788687103,38.43853430872286,-90.66665436975283,301903.0,73638.0,300716.0
2953.0,1353.0,6.546224178801219,1509.2803928208602,1480.6423975618015,1538.3782593972232,0.1280054182187605,0.7612597358618354,3292.000677277345,-2.280426684727396,-4.578100231264007,31.303758889265158,37.31914816770399,-86.72095512966808,36.86891878803596,-87.93729097544956,36.49480277835408,-89.28258128665284,124055.0,50021.0,123121.0
2467.0,1367.0,11.31982164572355,2372.553303607621,2316.704904742602,2397.769760843129,0.1511957843534657,0.7028779894608836,4636.588569112282,-3.397324685853264,-6.188562705757495,32.42399675719497,37.81838458555926,-92.05653198372283,37.79942566861434,-92.02006701502498,37.84158921869782,-91.53292532011682,73314.0,37768.0,73025.0
2379.0,1273.0,5.53678015973098,1056.8490962589324,900.4506094997898,1091.6313577133249,0.2240437158469945,0.7667087011349306,2743.1639344262294,-2.954981084489282,-5.617937551945191,37.95292139554434,36.69677747085406,-89.94623585042935,36.6034207424311,-90.1944818513331,36.630094809308645,-90.1949713981022,97758.0,22296.0,97407.0
2416.0,1363.0,6.595612582781457,1322.8865894039734,1240.9076986754967,1298.8509933774835,0.2164735099337748,0.7483443708609272,3004.8849337748343,-2.599834437086093,-5.979704482425533,40.17798013245033,37.80860268578767,-88.98691727525683,37.846626776541086,-88.9418087517123,37.89449930779109,-88.38250484931505,187355.0,12480.0,185898.0
3025.0,1328.0,4.668760330578513,965.3477685950412,850.0945454545455,1004.32826446281,0.2803305785123967,0.8353719008264463,3165.501157024793,-3.317586776859504,-6.165450078659204,42.19504132231405,36.8480141456344,-92.27353224079133,37.21088177864939,-91.91770938949526,36.94434347714871,-91.99268176330152,353489.0,48874.0,351703.0
2695.0,1101.0,8.873469387755103,1728.92133580705,1739.4946196660485,1829.6352504638216,0.1276437847866419,0.8222634508348794,4014.197031539889,-4.934879406307976,-6.257878341317852,33.59554730983302,35.8657957152191,-96.836341687548,36.081946022674906,-98.55308407801684,35.91677746003078,-96.83674856687158,623820.0,188105.0,618645.0
2007.0,1171.0,5.926258096661684,1326.4444444444443,1239.138515196811,1363.329845540608,0.2042850024912805,0.7354260089686099,3322.624813153961,-2.501594419531641,-6.089726374349603,37.01544593921275,36.68200073567372,-89.40743221476508,36.3651400232318,-88.61568115642748,36.525184473412494,-88.74846319050079,45380.0,12346.0,44990.0
2379.0,1197.0,5.474148802017655,1110.6805380411938,1007.791088692728,1130.2471626733925,0.1967213114754098,0.7885666246321984,2765.4430432955023,-3.1010088272383376,-6.306723458057808,38.70533837746952,36.90380389109348,-88.07817270282187,36.78002602513229,-88.92302512786597,36.988238194444456,-88.62626288800706,90355.0,19730.0,84800.0
4661.0,1384.0,4.48830723020811,962.653936923407,949.7631409568762,1020.1538296502896,0.3078738468139884,0.8727740828148466,2399.798541085604,-1.61152113280412,-5.213500524584577,32.80197382535936,36.52087769414598,-92.6713704426666,37.57849814777458,-96.20434998991482,37.33177742863385,-94.4241590252138,951098.0,131538.0,950263.0
3750.0,1430.0,8.5704,1764.0656,1602.2938666666666,1798.4941333333334,0.1085333333333333,0.6096,3995.6944,-4.4035466666666645,-5.15127387329221,30.898666666666667,36.90135648792397,-93.47424103962013,36.93513851424692,-93.31722618670292,36.98593942795112,-93.42307243717778,252838.0,95035.0,251135.0
2520.0,1173.0,4.814285714285714,1019.797619047619,1011.5674603174604,1061.798015873016,0.1273809523809523,0.7674603174603175,3626.925396825397,-2.0954761904761896,-5.470503217589343,35.36904761904762,36.60030697222224,-89.40520410613604,36.70032279601991,-89.59040570936986,36.5668409274461,-89.53888893200669,131700.0,33963.0,130319.0
3335.0,1236.0,5.297451274362818,1168.488455772114,1112.921139430285,1200.393103448276,0.2,0.7898050974512744,3537.2500749625187,-2.301529235382309,-5.702562481731941,39.52923538230885,37.09915407312564,-89.70618041191,37.15082622122807,-89.95622986022825,37.12232726041353,-89.68260824282625,399673.0,72016.0,292481.0
2855.0,1358.0,6.623117338003502,1407.4581436077058,1346.5106830122593,1430.3621716287216,0.2395796847635727,0.7362521891418564,3350.821716287216,-2.1442031523642737,-6.58996085379066,38.90017513134851,37.73544735646796,-90.53170634702036,37.84341487100284,-90.92070075109014,37.81047257449122,-90.78588171039245,246619.0,46454.0,245071.0
2631.0,1185.0,5.250095020904599,1204.8217407829725,1154.8335233751425,1257.1607753705816,0.14519194222729,0.822881033827442,3343.527175978715,-1.7537438236412022,-5.608263691448528,35.503610794374765,36.6330258629442,-95.29697649355714,36.59520876024994,-95.0367281530652,36.624205558375664,-94.70093295548608,205635.0,38572.0,191738.0
1889.0,1071.0,6.465854949708841,1508.342509264161,1293.1921651667549,1565.451032292218,0.1630492323980942,0.7390153520381154,3140.7660137638964,-2.645156167284279,-5.62008760226348,34.98676548438327,36.8581678693668,-94.89037265830004,36.879603693668,-94.49464158585285,36.880940430690266,-94.52637370393612,39999.0,16744.0,39879.0
2449.0,1178.0,4.1759902000816655,809.3928133932217,764.9216006533279,830.2682727643936,0.254389546753777,0.8248264597795019,2633.6063699469173,-3.108779093507554,-6.06256726369353,35.336872192731725,36.23507217689379,-85.27814030596697,35.0097982454507,-86.10695786838764,36.15591957427,-85.93629650571309,109916.0,18278.0,106888.0
2480.0,1096.0,3.866532258064516,740.7181451612903,708.1286290322581,785.0487903225807,0.2229838709677419,0.8544354838709678,2742.717741935484,-2.705524193548388,-5.73404507619818,39.391129032258064,37.89732710733761,-87.91911044192858,37.85741188721183,-88.0217690163521,37.87134123731664,-87.85453961048206,171374.0,38306.0,158703.0
2777.0,1329.0,5.610731004681311,1167.8005041411595,1075.416276557436,1203.752970831833,0.2088584803745048,0.7785379906373785,3150.1652862801584,-3.253583003240907,-5.9372231756880405,34.65970471732085,38.53638391305957,-90.72838976581576,37.696635719940815,-90.98926169848316,37.812601276729566,-90.87514516130229,150242.0,24121.0,149974.0
2247.0,1196.0,5.787716955941255,1291.2897196261683,1233.5736537605696,1328.2928348909657,0.1731197151757899,0.739652870493992,3479.028037383177,-3.2141967067200707,-6.291412239122431,35.727636849132175,36.91531511445781,-93.56398819972188,36.915282630676536,-92.82302536376264,36.98296024884151,-93.28275085032428,74308.0,26955.0,72610.0
3840.0,1225.0,6.988802083333334,1353.3911458333334,1144.7828125,1381.47421875,0.2091145833333333,0.7856770833333333,3671.07265625,-4.020364583333333,-6.609409224964294,35.28125,36.90589629279268,-98.12385829279326,36.958786965818646,-98.0960020659782,36.90311730498129,-98.24666819395912,1269578.0,324310.0,1258636.0
2518.0,1230.0,5.554408260524226,1105.393566322478,1017.916203335981,1135.2486100079427,0.1608419380460683,0.755758538522637,2647.520651310564,-3.081890389197777,-5.709350915989082,34.61477362986497,37.47516333006136,-92.73530852106336,37.43681962208591,-91.82743570593044,37.43607760409,-91.96277765521472,105975.0,27521.0,105563.0
1866.0,1087.0,6.727759914255091,1353.1173633440517,1268.9614147909967,1415.5771704180063,0.2106109324758842,0.7652733118971061,3168.9640943194,-2.7504287245444803,-6.428223502340139,38.151125401929264,37.49227645170297,-91.00516955723062,37.45757202233389,-91.41668921105529,37.42655283361251,-90.40968671691792,41903.0,12306.0,40422.0
2087.0,1099.0,4.791566842357451,1073.5088643986585,1022.6027791087686,1105.6880689985626,0.2127455678006708,0.7896502156205079,2777.1988500239577,-2.5334451365596555,-5.340282922390514,33.627216099664594,38.66654601641792,-95.17350695074632,38.71934671293534,-95.29365710000008,38.77979298159206,-95.67352212487565,57559.0,23528.0,56579.0
4007.0,1245.0,6.977539306214125,1476.874968804592,1342.1694534564513,1524.1612178687296,0.2048914399800349,0.7451959071624656,3650.368105814824,-2.4882705265784755,-4.50091434364479,42.098827052657846,40.997890455547,-87.2626700607226,40.49360731437358,-86.31147111119665,40.57088582500641,-86.23636084447875,1692672.0,87730.0,1690830.0
2298.0,1031.0,7.309399477806789,1419.5156657963446,1160.1462140992166,1478.317667536989,0.2637075718015665,0.7097476066144474,3226.1405570060924,-3.635335073977372,-6.43334596312555,39.79982593559617,35.769142570585586,-90.49593633136637,35.79652445891968,-90.54423487880162,35.678654690422185,-90.53228512846115,165149.0,27338.0,164853.0
3123.0,1086.0,6.004803073967339,1321.5638808837657,1328.766570605187,1132.4380403458213,0.143451809157861,0.7848222862632085,3073.748318924112,-2.131444124239513,-5.671413017420736,35.725264169068204,37.8247248168968,-97.15052710946745,38.17423189283369,-97.90929683333331,38.10306982577255,-95.98272879684416,336693.0,86663.0,336055.0
2154.0,1143.0,8.113741875580315,1817.157845868152,1773.6230269266482,1184.0965645311048,0.1652739090064995,0.5705663881151346,3315.44243268338,-1.7402971216341687,-6.426378388677941,34.962859795728875,37.345836778367946,-97.09984280878804,37.56960098261712,-96.37163094640272,37.540121745533575,-97.32023403669729,144439.0,49837.0,144278.0
2570.0,900.0,4.993774319066148,1140.2758754863812,1136.5178988326848,1155.4451361867705,0.1953307392996109,0.8540856031128404,2714.017120622568,-3.350155642023346,-6.0806736564005925,31.731517509727627,38.5517281351132,-87.6845128778316,38.531622593042,-87.90493662378633,38.55484399271839,-87.93991077427175,277838.0,72615.0,277793.0
2774.0,1116.0,5.303893294881038,1118.86301369863,1048.355803893295,1159.0616438356165,0.1625811103100216,0.8475126171593367,2653.6265320836337,-1.7120043258832016,-7.630475296986821,36.92862292718097,36.566885970555326,-96.7175359426016,38.0308623402907,-94.56373679985104,36.59686599291837,-96.70054425419308,325017.0,84733.0,324377.0
2519.0,1249.0,7.660579595077412,1684.0154823342596,1500.959110758237,1743.1067884080985,0.2727272727272727,0.7808654227868201,4307.031361651449,-2.9655021834061137,-5.925784167670448,41.81818181818182,37.15639987960282,-94.99143878113364,37.099147514273895,-95.77229725568884,37.197798928009945,-95.1681136259826,236684.0,38286.0,233904.0
1896.0,1065.0,6.541139240506329,1497.420358649789,1479.0316455696202,1543.089135021097,0.1545358649789029,0.7236286919831224,3525.354430379746,-1.6231540084388187,-5.31821902920325,35.95464135021097,35.85827702884083,-94.02026102828611,35.710940312257364,-93.49802113200218,35.76902650194122,-93.9929581259012,61851.0,19384.0,61376.0
3498.0,972.0,5.5820468839336765,1090.6509433962265,936.4010863350486,1113.2558604917097,0.12778730703259,0.8787878787878788,3475.0548885077187,-2.872555746140656,-6.074010946319636,40.26300743281875,37.31662464829248,-95.36608696854358,37.39890981905339,-95.4473491914318,37.36305268903541,-95.05881150419393,1619477.0,229705.0,1583998.0
3677.0,828.0,5.987761762306228,1431.973619798749,1396.3130269241228,1438.8977427250477,0.2306227903181942,0.8150666304052216,3481.125101985314,-1.1973619798748982,-5.161120514411413,37.66657601305412,36.92445736093364,-96.132477429008,37.07576947540987,-96.25260318616276,36.95271598833014,-96.2611213300917,850648.0,218245.0,843591.0
2475.0,1134.0,5.889292929292929,1410.3446464646463,1264.7260606060606,1422.8646464646465,0.2181818181818181,0.7523232323232323,3247.4969696969697,-2.050747474747475,-5.80712091641691,37.462626262626266,37.52355740312369,-88.68460767116925,37.587087120303934,-88.67902345842127,37.53704064499789,-88.20496989278178,169222.0,35798.0,168644.0
2300.0,1107.0,6.323478260869566,1384.3260869565215,1325.275652173913,1393.0286956521738,0.1556521739130434,0.6865217391304348,2937.268695652174,-1.7506521739130425,-6.073730894962042,35.77391304347826,37.27732006075608,-91.58810657335736,37.25524935868585,-91.0100021629163,37.27894184293429,-91.41240889873988,114762.0,20377.0,114232.0
1388.0,835.0,5.093659942363113,1201.3602305475504,1150.706051873199,1245.8681556195966,0.1988472622478386,0.7737752161383286,3294.8162824207493,-1.9744236311239196,-5.804784175516232,37.19740634005764,37.908955042081104,-92.34736552027546,37.97511035960216,-92.45276659143074,37.92555914766641,-92.42523432976284,27826.0,8445.0,27465.0
3068.0,1070.0,4.643089960886571,907.3719035202088,860.0338983050848,946.0779009126468,0.1179921773142112,0.7790091264667536,3175.0045632333768,-3.185267275097781,-5.300040293192721,34.70013037809648,36.90060204006739,-95.31422865521874,37.30238569898992,-94.3576763430977,37.16519632760946,-93.48100207811454,314797.0,93735.0,313200.0
1832.0,1035.0,5.502729257641922,1134.8318777292577,1052.975982532751,1182.3548034934497,0.1839519650655021,0.7368995633187773,2949.2942139737997,-3.707368995633189,-6.275401421379852,36.59934497816594,37.89969831450205,-92.53225986895748,38.0549834630169,-92.52826313046006,38.00587505299943,-92.44810547175304,45764.0,10903.0,45269.0
1874.0,1150.0,5.129135538954109,1057.48772678762,1011.478121664888,1097.79295624333,0.2251867662753468,0.7865528281750267,2799.168089647812,-2.486606189967983,-5.736828129164274,35.50693703308431,37.15764809786277,-91.71997894713157,37.48117464398201,-90.188571523622,37.53589292238471,-89.20114430258712,30699.0,9128.0,30483.0
3164.0,1287.0,4.970606826801517,1035.165613147914,942.1381163084704,1076.780341340076,0.1125158027812895,0.7774968394437421,3416.6554993678888,-3.5152654867256623,-5.754006935387661,31.444374209860936,35.8996989285714,-91.61351336623378,35.76852564935064,-90.94019190519492,35.93456269480519,-91.02122796590918,146878.0,56328.0,146528.0
2972.0,1210.0,6.16621803499327,1440.0820995962315,1383.07200538358,1391.92866756393,0.1497308209959623,0.6924629878869448,3232.8657469717364,-2.350975773889637,-5.84978089926222,33.23014804845222,38.76661859064127,-94.93235681837083,38.61740428665512,-94.56018949670708,38.64549411923746,-94.43570650537256,130520.0,43265.0,129921.0
2194.0,1023.0,5.135824977210574,1068.8441203281675,999.457155879672,1104.0601640838652,0.2023701002734731,0.8113035551504102,3354.1558796718323,-2.5997721057429355,-5.580307116347906,34.567000911577026,37.55002471576472,-91.52497630776467,37.28599017458825,-91.26538229882352,37.23005257458825,-90.888118141647,273366.0,48325.0,272210.0
2040.0,1043.0,6.8392156862745095,1434.3338235294118,1382.2799019607844,1456.4588235294118,0.1911764705882352,0.740686274509804,3103.232843137255,-3.2334803921568622,-6.11241678845737,37.20588235294117,38.62415871017471,-93.26802634532366,38.72174141829393,-93.16414494758472,38.64889212076052,-92.90886130575534,94780.0,32128.0,93801.0
2586.0,1249.0,6.382830626450116,1399.048337200309,1352.2985305491106,1447.052204176334,0.1782675947409126,0.7532869296210364,3121.7161639597834,-1.6016627996906432,-5.835123148769642,36.04021655065738,37.31486674368229,-92.38461551143192,37.41424005575609,-92.6563781127156,37.522028690734025,-92.78051218130769,103557.0,27942.0,103125.0
3295.0,1257.0,5.693474962063733,1188.6858877086495,1167.6248861911988,1230.4118361153262,0.1799696509863429,0.7993930197268588,3501.2667678300454,-2.344279210925645,-6.283672563399209,35.23216995447648,37.19726502345218,-92.62624852095064,37.24539822138838,-92.74900329487193,37.353620318636686,-92.62561144590371,214018.0,62469.0,213474.0
2286.0,1101.0,6.125984251968504,1303.2874015748032,1237.2432195975505,1346.1859142607177,0.2786526684164479,0.7545931758530183,3102.237532808399,-2.276771653543305,-5.2352989794876965,34.25196850393701,37.487484883064525,-86.68787630824362,37.85290576120071,-87.3322790913977,37.69162429435484,-87.18818525358411,146116.0,33532.0,145862.0
1849.0,999.0,4.587885343428881,905.0670632774472,839.7155219037318,947.6425094645756,0.2568956192536506,0.8080043266630611,2589.5840995132503,-2.225959978366685,-6.111978470193848,40.97890751757707,36.023678959932255,-90.22157936455989,35.97107726693001,-90.07219731038376,35.95309662358914,-90.07830707336343,158624.0,20673.0,158182.0
2560.0,1133.0,5.83984375,1206.458984375,1122.181640625,1245.112109375,0.198828125,0.75078125,2916.809765625,-2.4317187500000004,-5.78723633458004,34.91796875,36.476235519339234,-85.11930544077364,36.76771879895246,-87.39328126672048,36.3616086458501,-85.62768477195823,130768.0,26113.0,127741.0
2512.0,1286.0,4.990843949044586,999.2695063694268,936.5350318471336,975.4128184713376,0.1695859872611465,0.8236464968152867,2665.644904458599,-2.210230891719746,-5.832872490830917,38.4156050955414,36.70327802071252,-89.55171298550111,36.70179083471417,-89.80166193620532,36.66511461226181,-89.29276135666929,212745.0,14565.0,211960.0
3335.0,1315.0,7.0,1524.832983508246,1426.1085457271363,1491.0980509745127,0.1826086956521739,0.7328335832083958,4220.302848575712,-3.6704047976011993,-5.700740616789094,35.38830584707646,38.34727219049091,-86.33348855449204,38.41188092775549,-86.97214062920645,38.30789183667801,-85.0330807375733,208607.0,56189.0,203042.0
3866.0,1338.0,7.390584583548888,1697.30341438179,998.3197102948784,1713.0499224004138,0.1329539575788929,0.6433005690636316,3936.455509570616,-1.412726332126229,-5.129056546639163,36.254526642524574,39.395098782746736,-89.58396369806812,39.45952822598569,-89.6181042466259,39.26850791188143,-87.61472393410936,757709.0,193395.0,757036.0
2074.0,1112.0,7.656702025072324,1784.8457087753134,1131.085824493732,1820.040019286403,0.2107039537126326,0.6861137897782064,4185.037608486017,-1.761909353905497,-5.760544213386804,36.0655737704918,38.1289786653185,-88.03004357937311,38.0711731041456,-88.46466900910009,38.0454111729019,-87.66813862487365,72831.0,25322.0,72642.0
2064.0,1220.0,6.949127906976744,1533.5687984496124,1416.7679263565892,1541.3105620155038,0.2228682170542635,0.6758720930232558,3451.017441860465,-2.092441860465117,-5.207754250299847,36.68604651162791,37.425712667008725,-85.62542142842479,37.51982138943049,-91.27435932478188,37.45406024268856,-85.9645351585428,54967.0,14853.0,54383.0
1575.0,937.0,5.9688888888888885,1350.9295238095235,1317.3422222222223,1409.9638095238097,0.2298412698412698,0.7219047619047619,3383.689523809524,-3.0043174603174605,-5.998444549341395,39.56190476190476,38.21780773962514,-85.66322067001337,38.196237162650576,-85.85719575234268,38.129837363453774,-85.82494427978578,107485.0,19943.0,107276.0
2106.0,997.0,6.14957264957265,1454.2179487179487,1349.6571699905032,1499.400759734093,0.2279202279202279,0.6942070275403609,3863.289648622982,-3.4636752136752147,-5.753161877688854,38.8366571699905,38.224659098802384,-89.33262679840327,38.23308416516965,-89.45169203443123,38.00168556237523,-88.85584941966079,126317.0,36477.0,125422.0
2336.0,1234.0,4.933219178082192,1009.2791095890412,947.5843321917808,1048.453339041096,0.2046232876712329,0.815068493150685,2858.7684075342468,-2.6199486301369856,-5.899255783252294,37.87671232876713,38.63666389893145,-90.15652294479064,38.13205730943902,-90.13757997951906,38.0164663922529,-90.42853711798746,91363.0,21743.0,90126.0
2224.0,1168.0,5.543615107913669,1147.8367805755397,920.2054856115108,1168.205035971223,0.1973920863309352,0.7922661870503597,3221.015287769784,-2.977607913669065,-6.151191714162564,36.60521582733813,37.71053159054749,-91.36360681703324,37.55870853673372,-90.73500730088912,37.80063876602713,-92.73849695928875,83726.0,21490.0,83084.0
1627.0,956.0,5.356484326982176,1025.4130301167793,953.9649661954518,1063.1339889366934,0.1936078672403196,0.7658266748617086,2914.977873386601,-2.5497848801475107,-5.679979452719174,36.349108789182544,36.27515654050551,-90.73291085353212,35.754459845755015,-89.55396328386263,36.357463021386906,-91.0590232320156,43379.0,16004.0,43235.0
2079.0,1223.0,5.191438191438191,992.2116402116402,941.5464165464166,1036.6854256854258,0.1784511784511784,0.7840307840307841,2932.7003367003367,-3.394997594997596,-6.313037039096539,33.75661375661376,38.34109421015585,-87.81075998743087,38.36433754851684,-87.59103047511312,38.36112890095525,-87.89418832679736,49659.0,14128.0,48776.0
1719.0,988.0,4.6695753344968,919.7638161721932,815.8086096567772,968.3356602675974,0.2693426410703897,0.8388598022105875,2569.7667248400235,-2.992437463641653,-5.615808846367498,41.774287376381615,37.18206781996324,-84.57364952051442,37.15961111451316,-84.60564927556645,37.746664268218,-85.67527242314759,59181.0,13778.0,57927.0
2253.0,1238.0,5.961828672880603,1244.8530847758543,1092.0878828229029,1273.9751442521083,0.2112738570794496,0.7478916999556148,2814.0550377274744,-2.2931202840656915,-5.914411158903878,38.43320017754105,37.90900995159774,-89.56381281484963,37.64340849483081,-90.01819401785711,37.79145092904134,-89.84317282424811,80714.0,18390.0,73447.0
2689.0,1300.0,7.572331721829676,1713.699516548903,1666.8475269616958,1735.8802528821122,0.1881740423949423,0.7378207512086278,3955.4548159166975,-2.083822982521382,-5.1383579612482695,34.59278542209,37.81220382147022,-87.94363615985989,37.64054929015946,-88.08016684830793,37.63172696421625,-88.19621426176573,119083.0,42301.0,117427.0
2213.0,1194.0,6.12336195210122,1329.1066425666515,1269.7704473565295,1375.5472209670131,0.1888838680524175,0.7713511070944419,3400.5711703569814,-3.066425666516042,-5.957470028151704,38.35065521915951,38.05076650566573,-88.12054755382425,37.54030166477809,-88.19647871718593,38.06133336118981,-88.32702540084976,94249.0,25081.0,93288.0
1869.0,996.0,5.939539860888176,1205.4772605671485,1084.1663991439273,1234.9069020866773,0.2017121455323702,0.7223113964686998,3244.6227929373995,-2.790690208667737,-6.093923137097802,36.66131621187801,36.94486395657079,-95.55109682064294,36.88568685561196,-95.46307751269032,36.89301494359843,-95.29816848956564,64660.0,12823.0,64301.0
2698.0,1194.0,7.837286879169755,1607.8914010378055,1495.229799851742,1646.770200148258,0.1704966641957005,0.656412157153447,3339.6048925129726,-2.357449962935508,-5.839425595032518,37.238695329873984,36.73987691640984,-91.5736704610938,36.54298411979963,-91.82959307280416,36.49683273305078,-91.72328174653298,348213.0,74734.0,347303.0
2590.0,1253.0,5.155984555984556,1052.4903474903474,1056.7949806949807,1149.1911196911196,0.2301158301158301,0.8146718146718147,3148.434362934363,-3.6241312741312735,-6.763837478690492,37.31660231660232,37.67844800040519,-91.20726397933552,37.5653478339141,-90.90941486292547,37.72004133472449,-91.0888524779984,152825.0,30477.0,151883.0
3097.0,1277.0,5.5059735227639655,1184.8388763319342,1198.034226670972,1229.704229899903,0.147239263803681,0.7733290280917017,3414.4346141427186,-3.2963513077171456,-7.367973249413299,31.888924765902487,37.48043636324361,-89.59700601994007,37.97229344765706,-90.09993621834496,37.523401246593565,-90.60968213625776,301751.0,113860.0,300940.0
2828.0,1150.0,5.28005657708628,1141.8210749646394,1041.5862800565772,1167.352192362093,0.2446958981612447,0.8076379066478077,2939.0767326732675,-2.6025813295615285,-5.955504223705419,39.2963224893918,36.85875258698223,-86.66867368520707,37.002683356213,-86.75847703826429,37.01919807021695,-87.70146920394473,331860.0,41257.0,329622.0
2144.0,1092.0,6.166977611940299,1202.8526119402984,1170.500932835821,1246.304104477612,0.1539179104477611,0.659981343283582,3004.6501865671644,-3.4573227611940296,-5.472439419973028,32.81716417910448,36.27281451821268,-91.6034938008742,36.007167571151,-90.58790589023796,36.30085892472071,-91.58612762020395,52261.0,23340.0,51829.0
1582.0,999.0,5.097977243994943,1069.2180783817953,942.6017699115044,1074.3893805309735,0.2661188369152971,0.8173198482932996,3663.0158027812895,-2.011820480404552,-5.532206433318287,40.52465233881163,38.3880830217687,-89.80077630544214,38.25934890476189,-89.35357391224488,38.39495152517006,-89.6205777108843,48805.0,13119.0,48681.0
1903.0,1105.0,6.25801366263794,1305.2348922753547,1217.7719390436152,1353.9637414608512,0.2007356805044666,0.7524960588544404,3513.56542301629,-3.19584866001051,-6.041469694239755,36.76826064109301,37.21399082349667,-92.14967078786192,37.871069442650345,-90.95506585077943,36.89559338474388,-92.17743611804008,51132.0,12269.0,50791.0
1632.0,980.0,9.617647058823527,2146.363970588235,2117.694240196078,2186.218137254902,0.1930147058823529,0.6917892156862745,4588.617647058823,-2.180330882352943,-5.664769805803096,37.61642156862745,37.33166664507771,-90.09803046373057,36.84202046761656,-90.79112910492228,36.90529278950776,-91.56784035168393,28365.0,7223.0,28210.0
2185.0,1036.0,6.3954233409610985,1463.1070938215105,1390.4009153318077,1486.0320366132723,0.1473684210526315,0.7441647597254004,3203.6393592677346,-1.915881006864988,-4.996756058864759,37.7025171624714,37.107689702056426,-94.18095259062636,37.04652800908657,-94.01540720564309,37.1394694725012,-94.06373633046375,219156.0,20837.0,213097.0
1499.0,899.0,5.531687791861241,1229.184122748499,1169.8619079386258,1262.7698465643762,0.1921280853902601,0.7444963308872582,3130.772515010007,-1.915076717811875,-5.6405398437133,37.865243495663776,36.02750415482954,-89.72449656747158,35.400059623579544,-90.701939287642,35.41104044744318,-91.1644648366477,35036.0,7666.0,34739.0
2614.0,962.0,5.97513389441469,1250.1744452945677,1196.8244070390206,1324.8465952563122,0.1400153022188217,0.7846212700841622,2757.4104820198927,-2.184200459066563,-7.298050860543696,35.80719204284621,35.986733151898825,-101.65245751621836,35.78254366416147,-103.0908490905852,35.80739881645578,-103.05701408267372,367346.0,81446.0,366761.0
2181.0,1078.0,4.370013755158184,815.1930307198533,819.7464465841357,864.7248968363136,0.1490142136634571,0.8431911966987621,2471.0032095369097,-2.8090325538743706,-6.440157174260601,35.584594222833566,38.1266362424677,-90.10692638354858,38.035444372549,-90.10266296891444,38.09862556193208,-89.99124536967959,134627.0,24997.0,133082.0
1974.0,949.0,4.565349544072948,837.6823708206687,843.4609929078014,905.4868287740628,0.1514690982776089,0.8449848024316109,2595.528875379939,-2.589007092198583,-5.84095437781642,36.37791286727457,36.97558058960758,-91.1356425418874,37.04024895281012,-91.07365875238588,36.938785693001,-90.6473047582183,130143.0,17568.0,129660.0
1891.0,1025.0,4.7667900581702805,916.6367001586462,886.2585933368588,951.3083024854574,0.1560021152829191,0.8069804336329984,3563.0592279217344,-3.893389740877842,-5.734422550871053,36.869381279746165,38.24926955199114,-87.70528727876103,38.21619538163716,-87.73952798672563,38.24227928650441,-87.63344551991148,61719.0,18511.0,57897.0
1852.0,985.0,5.611771058315335,1375.7931965442765,1281.1976241900647,1417.5642548596113,0.3061555075593952,0.7451403887688985,3583.725161987041,-2.0406587473002165,-6.19166183254844,34.62742980561555,38.50285275468481,-93.36482157978422,38.537604107893216,-93.40967032084043,38.57657480635999,-93.49660524417943,75709.0,30636.0,75551.0
2125.0,1023.0,5.302117647058823,1127.378823529412,1040.548705882353,1167.3049411764705,0.2734117647058823,0.7727058823529411,2770.468705882353,-2.8380705882352943,-6.645807539525365,36.207058823529415,38.2386880098717,-81.42034708390919,38.15987641066143,-81.4246707265548,38.1779308489635,-80.9979229476802,224119.0,11355.0,223430.0
1661.0,853.0,5.269114990969296,1002.255267910897,926.9169175195664,1054.1601444912703,0.2251655629139073,0.7784467188440698,2756.3672486453943,-2.9234196267308845,-5.913866986724334,36.95364238410596,36.71491381315104,-89.73201480273435,36.47249844856771,-86.62872847460937,35.92950501888021,-86.82098922200521,44247.0,16091.0,44009.0
2830.0,1296.0,8.528621908127208,1841.5636042402828,1764.2575971731449,1862.651590106007,0.2159010600706714,0.7770318021201413,4226.730035335689,-2.368515901060072,-5.35976382349602,35.908127208480565,39.33762418976777,-87.29428216727132,39.20447266582004,-87.12534035087074,39.325959675979696,-87.10872043033376,159234.0,37499.0,143596.0
3687.0,1367.0,7.034174125305126,1463.6851098454028,1406.0439381611066,1350.733658801193,0.1874152427447789,0.7192839707078926,3743.899918633035,-2.6135340385136967,-5.260223850833399,30.0922158936805,39.07179210789781,-84.78264652614,39.27430021968871,-84.72550967964388,39.086851766685335,-84.68915157814223,321824.0,78601.0,321086.0
2682.0,1170.0,5.14131245339299,1012.0387770320656,957.7874720357942,1043.696495152871,0.2725577926920209,0.819910514541387,3594.8758389261743,-1.2242356450410143,-5.912893708615411,35.29455630126771,38.047439770768136,-88.76518147374608,38.47320557562709,-86.93422321904369,38.28756902899699,-88.38936034012535,372545.0,112794.0,372449.0
1901.0,788.0,4.605996843766439,877.436086270384,844.8164124145187,934.625986322988,0.1930562861651762,0.8627038400841662,2888.647027880063,-3.601472908995265,-5.499381627155659,34.381904260915306,37.977954323630144,-86.92172146118716,37.97492951426942,-87.06386406050224,38.00121589155252,-87.06856756107302,158855.0,70109.0,157806.0
2071.0,887.0,5.606470304200869,1116.2341863833897,946.9995171414776,1143.4973442781263,0.2168034765813616,0.7802993722839208,3022.6861419604056,-1.5611781747947853,-5.5537065223788495,38.0830516658619,37.5332939348371,-79.07867803007514,37.54007273182958,-79.02140214035083,37.47334576441102,-78.43973688220544,211555.0,55878.0,211331.0
2023.0,1005.0,6.428077113198221,1327.7538309441425,1232.862086010875,1372.7666831438455,0.2254078101828966,0.6648541769649036,3154.427088482452,-1.9502718734552644,-5.564441287417266,37.1527434503213,39.20065252089861,-91.27061121055372,39.19796840386624,-91.47716136729356,39.04655064002087,-91.54565191065824,164034.0,56042.0,163921.0
1697.0,1031.0,6.12080141426046,1232.8827342368886,1108.0530347672363,1289.0931054802593,0.2457277548615203,0.7218621096051856,3063.138479670006,-2.670536240424279,-6.471789603803758,41.76782557454331,35.69539605520703,-95.21907882308658,35.66421851442912,-95.24351433124215,35.74306109284819,-95.86362732371391,54546.0,9882.0,53119.0
2768.0,1048.0,5.794797687861272,1156.6376445086703,1123.1517341040462,1187.3273121387283,0.3215317919075144,0.7536127167630058,3610.251445086705,-4.742991329479768,-5.537934994417099,44.39667630057804,39.93695893328336,-85.60774233733136,39.441027561469255,-84.69258071814086,39.47841189430284,-84.42256506259366,377841.0,72460.0,374263.0
2164.0,1148.0,8.210720887245841,1697.5596118299443,1635.5,1733.0157116451016,0.1455637707948244,0.6247689463955638,3528.186229205176,-1.7222735674676517,-5.506909964118132,30.08780036968577,37.15849702010532,-88.7802336720919,36.09210787314503,-91.06413689468644,37.24370008664432,-89.10711316802296,54103.0,19855.0,53676.0
2212.0,1066.0,5.520795660036167,1084.862115732369,942.6424050632912,1148.1609403254972,0.1604882459312839,0.7572332730560579,2501.413652802893,-1.9387432188065092,-5.671233712021001,36.90325497287522,37.22210272584485,-87.86636716753934,37.29882073298432,-87.71916513660167,37.435925302237045,-87.56188569823897,191297.0,17886.0,191155.0
1558.0,1019.0,5.616174582798459,1205.3998716302951,1172.7862644415918,1242.7631578947369,0.2548138639281129,0.7734274711168164,3122.7419768934533,-1.463222079589217,-5.465775388466853,41.00770218228498,36.87685711088573,-90.64224441987832,37.62798870858687,-90.42344106152804,37.37756071670047,-90.48510804394864,49487.0,10015.0,49406.0
2013.0,1017.0,5.19324391455539,975.8380526577248,959.7605563835072,1003.3353204172876,0.1465474416294088,0.8231495280675608,2740.036264282166,-1.4205166418281177,-6.030322775653818,35.116741182314954,37.40052053343619,-88.9915428312757,37.04249640792179,-90.51444821707818,37.4388561131687,-88.81912806841562,89402.0,16205.0,89308.0
2256.0,1095.0,5.531028368794326,929.427304964539,930.452570921986,924.938829787234,0.1897163120567375,0.737145390070922,2589.5793439716317,-3.4343528368794325,-7.087154876101979,34.4104609929078,37.47947866170826,-88.21487155230318,37.32201805710174,-89.08961099568137,37.61429321305184,-88.31576123560454,82846.0,32206.0,78891.0
1718.0,1132.0,5.20372526193248,1074.1426076833527,1028.9377182770663,1089.0849825378348,0.1583236321303841,0.8154831199068685,2645.610011641444,-2.490221187427241,-5.549742755496301,38.41094295692666,37.388513432,-88.69224837107687,37.38013513476921,-88.25235388923075,37.16158445046152,-88.20320732492303,52665.0,12659.0,52544.0
1653.0,974.0,6.636418632788868,1596.3018753781005,1412.6176648517846,1482.8560193587416,0.1627344222625529,0.6817906836055656,3586.523895946764,-1.4470054446460985,-5.131940930775575,34.94252873563219,38.29196699367088,-89.96516599240503,38.321670981012645,-90.095971878481,38.145768259493664,-87.90013042278481,46511.0,18883.0,46433.0
1710.0,996.0,6.195906432748538,1345.7654970760234,1283.1912280701754,1382.5502923976608,0.1871345029239766,0.7304093567251462,2727.736842105264,-1.875497076023392,-5.920977478253275,36.94736842105263,37.12418677608297,-91.2682959151922,37.21091555399634,-91.38165092861504,37.18780221232458,-91.35145662294084,72677.0,17066.0,72632.0
1931.0,1008.0,5.352149145520456,1082.1496633868462,843.2982910409114,1112.617814603832,0.2501294665976178,0.799585706887623,2754.335059554635,-2.514189539098915,-5.850822685029756,39.192128430864834,37.39781773380129,-93.0601009443844,37.05621952591793,-91.92414840928711,37.04788664254859,-92.01545888444916,122406.0,31752.0,122263.0
2536.0,1042.0,3.7870662460567823,793.7188485804417,784.3734227129338,820.4566246056783,0.1108044164037855,0.8793375394321766,2513.6048895899053,-3.3881703470031552,-4.945098316761722,30.768927444794954,36.286696474548414,-100.02822736206905,36.34237835755336,-99.76578514819388,36.27357270607553,-100.02524575287362,1015703.0,68124.0,1014634.0
1553.0,983.0,5.27237604636188,1154.926593689633,1136.0798454603992,1206.199613650998,0.189311010946555,0.7669027688345138,2708.935608499678,-2.279137153895686,-5.591561234701782,37.61107533805538,38.04639907551021,-94.59486546598636,38.042196354421776,-94.68481344761904,38.06190975578233,-94.49161260884354,35625.0,8260.0,35584.0
1798.0,1054.0,6.179644048943271,1231.0433815350389,900.1496106785318,1268.2558398220244,0.2385984427141268,0.7981090100111234,3266.9137931034484,-3.033203559510567,-5.665158768929488,36.4182424916574,38.34245462286387,-90.88655068061284,38.27941119328226,-90.96623966116672,38.38161449322333,-90.51331880082496,45787.0,13172.0,45064.0
1867.0,1071.0,6.038564542046063,1281.6004284949115,1231.5720407070166,1308.0032137118371,0.1960364220674879,0.7461167648634173,3509.509373326192,-2.579753615425817,-5.877012919006568,34.05998928762721,37.28826918094158,-81.1347173947816,37.41687683834374,-83.59179289109471,37.35422499489506,-82.7293468332388,53603.0,20621.0,53029.0
2282.0,1086.0,4.641104294478527,905.8641542506572,820.0626643295356,949.502629272568,0.1695880806310254,0.8273444347063978,2972.016213847502,-4.037510955302366,-6.266305555743283,35.89395267309378,37.549150923893,-87.65482841789668,37.46873842389301,-87.41122196033209,37.62775221540594,-87.30136365774902,110252.0,17156.0,109276.0
2489.0,1272.0,5.888710325431901,1220.4756930494175,1109.7621534752914,1250.3555644837284,0.1771795901968662,0.786661309762957,3475.271996785858,-1.9333869023704304,-6.179899453925549,35.58055443953395,37.76867506257874,-89.0509436278874,37.52170399706005,-88.98029989542209,37.563592365812674,-86.28488447963038,100921.0,23591.0,100554.0
1982.0,1164.0,4.623107971745712,988.814328960646,944.1564076690212,1031.2406659939454,0.1594349142280524,0.822401614530777,3065.976286579213,-3.221140262361253,-5.415749372596981,33.97578203834511,36.973602180851074,-91.45708650531908,36.92604383031915,-91.26065182499993,36.87390420489623,-91.31708191382972,62012.0,19186.0,61904.0
2247.0,1155.0,7.5122385402759235,1668.613262127281,1556.3271028037384,1704.0418335558522,0.1433021806853582,0.634623943035158,3409.5073431241653,-3.2039608366711168,-5.487564166212963,30.418335558522475,38.44430538720074,-90.76623947559848,38.51124126795581,-90.61596453683237,38.49355405202579,-90.7341506634438,83389.0,24136.0,83025.0
