mentions,events,avg_sentenceid,avg_a1co,avg_a2co,avg_actco,avg_raw_text,avg_root_event,avg_len,avg_goldstein,avg_tone,avg_confidence,avg_lat1,avg_lon1,avg_lat2,avg_lon2,avg_lata,avg_lona,total_num_mentions,total_num_sources,total_num_articles
22056.0,4742.0,11.219668117519042,2695.5343217265145,2606.738710554951,2704.916984040624,0.2451487123685165,0.7631936887921654,5626.096708378673,1.003563656147991,-1.8302615603815844,36.0677366702938,36.87492534068709,-70.22255532348271,37.04164017658514,-74.11535182200706,36.90170193154454,-71.71781036529087,6754654.0,1297931.0,6572879.0
19069.0,4893.0,7.376212701242855,1890.6501651895744,1824.0438407887148,1913.1446326498503,0.2719072840736273,0.7633331585295505,4343.911636687818,0.912077193350471,-2.307862588304948,34.28758718338665,39.06334209427699,-70.49082272800294,39.12496029699326,-75.70961722063099,39.28160364582803,-74.30232889589396,3518552.0,781821.0,3479823.0
20940.0,4214.0,9.051671442215854,2296.4715377268385,2139.333954154728,2306.9296561604583,0.261556829035339,0.7720630372492837,5480.663419293219,1.174192932187209,-1.6843649134320409,36.11843361986629,39.29608986186419,-79.08620584969877,40.05696432445629,-81.71104052931385,39.60332345416226,-80.09276770528844,9305037.0,1709833.0,8992812.0
18992.0,4395.0,8.28612047177759,2195.750895113732,2143.526906065712,2184.3635741364783,0.2334667228306655,0.7784330244313395,5094.167702190396,0.3042807497893833,-1.2862170722278592,33.38721566975568,38.82345944675907,-78.5051838527511,38.831493716576105,-79.99013976973855,38.965816310321145,-79.32870420842838,4394483.0,1066634.0,4372250.0
23473.0,5269.0,8.256081455289056,2222.1592041920503,2168.682060239424,2215.057768499979,0.2616197333106121,0.7901418651216291,5036.647893324245,0.6337494142205999,-1.5232040840051904,33.24202274954202,38.01170600324286,-74.60586661696705,38.50696771400488,-77.0456402786124,38.644100462575366,-76.0285236171804,6202254.0,1308189.0,6150078.0
21235.0,4988.0,10.964021662349897,2862.025900635743,2787.5370379091123,2871.058629620909,0.2857075582764304,0.7605368495408523,6101.156157287497,0.5064280668707337,-1.098641481278491,34.612196844831644,36.4142919701677,-74.98401096011338,36.50953412911456,-77.46341893025559,36.34229956471717,-74.80003931438675,7507822.0,1218547.0,6881998.0
19335.0,4910.0,10.484716834755623,2654.6577191621413,2579.908663046289,2667.4269976726146,0.2632014481510215,0.7351435221101629,5827.1352469614685,0.7223739332816136,-1.353102874708532,31.948797517455397,37.74898789854932,-74.11181106714963,37.619570648394,-76.88167501678707,37.76758656362715,-75.28304381284906,3357549.0,846513.0,3337378.0
17718.0,4790.0,8.448357602438199,2267.799808104752,2089.640930127554,2269.675809910825,0.2750874816570719,0.7866011965233096,5368.614403431538,0.9633988034766956,-0.7715009060980588,32.77288633028559,37.43537010368856,-79.7169856655902,37.42496955974848,-82.36606382344623,37.40971395002271,-81.78864784967158,2963920.0,659230.0,2920078.0
21356.0,5139.0,7.986046076044203,2050.5058531560217,1904.6089623525004,2058.739932571643,0.2934538303053006,0.7693388274957857,5281.5523506274585,0.558451957295377,-1.25010309598561,34.45448585877505,38.21900423688048,-79.51153328316825,37.56828335928348,-80.05818195282093,37.91921576091557,-79.42996659663268,4413529.0,888307.0,4331607.0
16179.0,4516.0,7.761789974658508,2077.689535818036,1960.0218802150937,1999.5069534581864,0.2522405587489956,0.7762531676865072,4479.701650287409,0.5790778169231766,-1.3398653845874866,32.876568391124295,36.29068695270583,-78.21196347145586,36.69796369094424,-81.5949445918303,36.5364070041532,-79.0792671689703,3463878.0,843754.0,3445751.0
14536.0,4378.0,8.059301045679693,2090.877889378096,1951.8692900385247,2121.561158503027,0.3085443037974683,0.7457347275729224,4613.847619702807,1.0824642267473898,-1.5836314975373558,34.528068244358835,33.79689242756134,-70.79263601407162,35.70148652086531,-78.70301643809783,35.3549734985445,-76.26145288645493,1801215.0,439242.0,1788964.0
19427.0,4693.0,7.088485098059402,1676.110361867504,1609.3562567560612,1672.3451896844597,0.2963916199104339,0.798167498841818,3781.163329386936,1.1757193596540934,-2.269580308202937,35.85062027075719,37.96724131734985,-64.91330489605537,38.159552391338,-75.66564198071633,38.10264006960554,-69.80207200438224,4354770.0,965523.0,4280800.0
17588.0,4705.0,7.662781441892199,2034.5487264043663,1927.738116897885,1989.4034000454856,0.3113486468046395,0.7279963611553332,4284.2581874005,1.0882306117807596,-1.4383696940250077,34.6287241300887,37.68010994988905,-78.59708227230767,37.91434866522415,-80.43280493257787,37.756532113325854,-80.9561017280181,3419704.0,814965.0,3407756.0
12582.0,3831.0,9.05730408520108,2372.704101096805,2140.6108726752504,2393.6503735495157,0.2192020346526784,0.7858051184231442,5158.285089810841,0.7161182641869326,-1.6569425156728843,32.24050230487999,38.09873310303621,-74.18453784508715,38.27904229261312,-77.18970679695575,38.15230386405308,-76.85188202342803,1366818.0,314286.0,1343221.0
16361.0,3834.0,8.326080312939308,2214.187091253591,2141.5821771285373,2246.76205610904,0.2186907890715726,0.7002628201210195,4245.446060754232,1.1493612859849724,-1.458838609162774,29.724955687305176,37.76953746270673,-71.89161132026915,38.38992545443981,-76.05242876858499,38.23836762718933,-74.46121201371659,3367053.0,884259.0,3324112.0
17704.0,4454.0,6.677022141888839,1809.74627202892,1744.8090262087665,1838.9358901943065,0.254631721644826,0.7834387708992319,4145.748813827384,0.9667645729778704,-0.8625498714655002,31.513782196113876,39.03516209886573,-75.54208790323288,39.1705942599548,-77.41948036125882,39.261487917924136,-74.7732084893362,3221868.0,737006.0,3171905.0
16788.0,4241.0,7.549678341672624,1983.621038837265,1899.358589468668,2011.2063378603764,0.2757922325470574,0.8179652132475578,4225.685668334525,1.0437634024303126,-0.9423326020810628,37.97474386466524,38.22508844788891,-79.10797403428269,38.45627911355377,-80.41876052977693,38.52297326683015,-79.27923777994118,4826857.0,720130.0,4429887.0
15736.0,4099.0,7.7280122013218095,2026.3827529232333,1930.846720894764,2016.767666497204,0.2423741738688357,0.7437086934417896,4843.4579308591765,1.1860638027453008,-1.672072072758695,33.67437722419929,38.00163331676263,-64.37906671555098,38.2557479611221,-71.79598979496464,38.39987489866193,-70.92061877597168,3013425.0,760182.0,2995056.0
12708.0,3826.0,7.308545797922568,2054.369137551149,1952.5860088133456,2081.7188385269124,0.2104186339313818,0.7842304060434372,4864.160686181933,0.3375668870003137,-1.924789229405375,31.217343405728677,38.28078604902307,-74.19965114044744,38.30463393915549,-78.31610522737995,38.34551406131819,-75.96655565628916,1641918.0,500286.0,1613289.0
19475.0,4788.0,7.80831835686778,2045.0865725288832,2000.469833119384,2072.005699614891,0.2730680359435173,0.7392554557124519,4527.214172015404,0.3002207958921727,-2.267733442199248,35.216944801026955,36.03434754450045,-52.321321936876416,36.3497676430703,-68.72049014461366,36.36345224765927,-64.18585138856879,3804171.0,870782.0,3768215.0
18442.0,3667.0,8.24682789285327,2122.6812710118206,2030.5656111050864,2140.056176119727,0.2523045222860861,0.7446589307016592,3913.30370892528,0.7512851100748258,-2.181873371186702,36.13111376206485,37.46301548629127,-80.40043545387947,37.95684251653182,-84.31795159319223,37.44465604886256,-81.61385786866863,5527000.0,1027635.0,5343354.0
31209.0,5364.0,7.906565413822935,1919.833701816784,1894.895863372745,1936.4719151526804,0.1766477618635649,0.8298247300458201,4599.440289660034,1.1501201576468398,0.0536230686225268,33.77647473485212,38.36840631002746,-75.58992205104089,38.679104965009614,-77.62899439227063,38.51404395448054,-74.67055893836742,17979425.0,3165147.0,16782915.0
48888.0,6855.0,9.327380952380953,2055.919284896089,2005.668139420717,2052.556087383407,0.4116143020782196,0.822594501718213,5335.752536409753,0.0135309278350624,-4.018382906992434,42.24329078710522,35.738880474471806,-74.06840777686418,35.56106992268194,-77.08433220095863,35.65370877601249,-74.93662050008358,38570449.0,5598267.0,36675445.0
17390.0,4245.0,7.039505462909718,1846.711385853939,1812.8630247268543,1870.061184588844,0.3149511213341001,0.7617596319723979,4402.8799309948245,0.2262967222541693,-2.008358178361782,35.868315123634275,38.62718865858454,-78.21845122058637,38.213649914213214,-80.07365784118448,38.4126645492438,-78.61459568514022,5999738.0,951629.0,5982726.0
15563.0,3905.0,6.916597057122663,1857.2489879843215,1799.2297757501767,1879.312857418236,0.2486024545396132,0.8484867956049604,4311.181777292296,0.512632525862624,-2.01279311873489,34.10267943198612,38.29752145904512,-80.41657187407327,37.90729930141144,-82.66865816749349,37.88366740929314,-81.57979418476472,3024772.0,713429.0,3005773.0
32618.0,4794.0,11.997669998160523,2662.1464528787787,2519.798730762156,2725.6299589183886,0.302256422834018,0.7294745232693605,6406.826905389662,-0.5834631185235167,-3.319225107337485,35.97553498068551,37.66582151379236,-79.76156332978941,36.86159656625905,-82.87217942071511,37.10312884714621,-80.01228799149011,16061569.0,2585603.0,15040353.0
32260.0,5438.0,9.325449473031618,2137.8225976441413,2048.5862678239305,2153.0353998760074,0.3190638561686298,0.7752634841909486,5109.532765034098,0.8931866088034829,-2.5062418084029203,38.64817110973342,36.94314175925068,-81.70759374819288,36.77238419687996,-84.59669747573051,36.863393371274405,-83.18201561517165,20304197.0,2809455.0,18869966.0
34868.0,5570.0,15.079987380979697,3633.021911207984,3562.782321899736,3663.829557187106,0.1836067454399449,0.7048296432258805,6288.071698979006,1.2833859125845983,-2.384643037137789,32.814328323964666,36.31160707914476,-79.68502805269755,36.80745634598749,-82.41754567394287,36.574599477053965,-81.14997389363188,24835142.0,3174145.0,24609850.0
34704.0,5557.0,9.505532503457816,2496.5473144306134,2343.33117219917,2486.9341286307053,0.2329414476717381,0.8244294605809128,6341.310281235593,0.6459313047487342,-1.4108390480876545,30.541147994467497,38.5635930754036,-73.69631123636114,38.47781563079559,-76.95767167742258,38.31026048131464,-76.6052339781434,11937883.0,2810243.0,11718833.0
26422.0,4898.0,13.6293240481417,3497.0412535008704,3413.8987964574976,3523.4197259859206,0.2267050185451517,0.6829535992733329,6947.353947468019,0.5472333661342903,-2.08485319065111,31.783362349557187,36.45110683328262,-61.52385329725448,38.40574234223282,-74.04659674727033,37.70653599362844,-67.77828829763394,7206269.0,1631985.0,7108643.0
19403.0,4386.0,9.008606916456218,2293.243982889244,2201.49074885327,2310.845023965366,0.2019790754007112,0.7616347987424625,5191.131783744781,0.3025975364634273,-2.189752090118217,32.0254599804154,37.47024928265017,-76.86067849651124,37.182669446999725,-80.03856009380308,37.129652594966,-77.9873069515217,4326157.0,783872.0,4291582.0
19366.0,4286.0,7.597542084064856,1941.063719921512,1814.042187338635,1832.2515749251263,0.2472374264174326,0.6967881854797067,4242.986987503873,0.5898430238562481,-2.8201095537033627,31.75307239491893,37.17511662919592,-78.41297601807906,37.74628955864056,-80.41359354916086,37.71604932501022,-78.76889194084124,3875880.0,689360.0,3856334.0
27961.0,4902.0,8.703265262329673,2251.5545581345445,2057.9150960266084,2253.1542147991845,0.2937663173706233,0.7782268159221774,5473.0030757126,1.009202102929086,-1.9217777680211945,35.77482922642252,37.415924229034765,-82.41676708676819,37.21114161803523,-84.10502937216472,37.37096148169122,-83.37623108274768,9549213.0,1679689.0,9440400.0
20666.0,4036.0,12.076841188425432,3311.742330397755,3210.315445659537,3272.2757669602247,0.2486209232555888,0.7260234201103262,6339.795993419142,0.1980789702893693,-2.1589424669199904,37.3226555695345,34.8174275533039,-79.56466202603403,35.67197122761436,-80.33019867843139,35.31768990313677,-83.28719362296992,7633627.0,1184975.0,7556582.0
24437.0,4868.0,12.578917215697508,2954.282195032124,2884.544092973769,2984.00568809592,0.2789622294062283,0.722592789622294,5981.636862135287,0.5891025903343406,-2.5424530470539155,36.250358063592095,35.583652087277066,-41.5579666119235,36.62518251956554,-58.96242914906754,35.647900356893935,-45.40614891305038,11493458.0,1387955.0,11437205.0
31299.0,5491.0,7.826991277676603,1987.4712291127512,1915.598773123742,1982.8023579028084,0.2720214703345154,0.7615578772484743,4504.947761909326,0.5894852870698771,-2.2820207629349336,35.089619476660594,37.22437810354149,-76.85531054318044,37.48501123796059,-79.92641184011188,37.049110267045954,-79.45114564915445,10830750.0,2156209.0,10436918.0
37552.0,5541.0,15.635438858116744,3431.490253515126,3223.394066893907,3450.1152801448657,0.3020078824030677,0.7309597358329782,6696.710401576481,0.5172161269706061,-3.294402425303916,34.13346825734981,37.51362624028553,-71.60100126151627,37.58747104310152,-75.20638660065156,37.44505052956194,-72.59645136099985,18186673.0,2536493.0,16791117.0
23667.0,5050.0,11.878818608188617,2774.2324755989357,2689.173617272996,2791.1049985211475,0.1860818861706173,0.7683272066590612,6121.753623188406,0.7863692060675277,-2.3320412363952148,32.33531922085604,37.7501124449517,-67.28050923093532,37.61325002732403,-70.5421963734035,37.87242958387588,-69.07235308053477,7996699.0,1398474.0,7905459.0
28174.0,5492.0,9.43032583232768,2414.2613047490595,2368.638106055228,2445.926350535955,0.276602541350181,0.7829204230851139,5109.111272804714,-0.319141761908142,-3.426916502278961,34.32668417690069,36.3627308069983,-76.63436295969754,35.95760832082501,-78.15617784805107,35.88787684519955,-77.9199092815915,9612586.0,1781410.0,9530032.0
27340.0,5444.0,12.46356986100951,2926.7803950256034,2871.6945135332844,2951.350036576445,0.2356986100950987,0.7485003657644477,6139.799743964887,0.5340526700804732,-3.112974159224596,32.988295537673736,38.52306585418634,-78.39524800900539,38.50049188995053,-79.70228474255688,38.44203251407761,-79.78326650036757,9605151.0,1800465.0,9504147.0
23398.0,5098.0,11.099239251218052,2866.8056671510385,2774.770749636721,2869.111248824686,0.2216001367638259,0.761347123685785,5850.469185400461,0.138430635097019,-2.545414620238506,30.897512607915207,38.35840197955056,-74.57033457609552,38.179200772142536,-77.58791163431384,38.22639417624096,-76.77237233413379,4908866.0,1281459.0,4870096.0
28656.0,5058.0,15.32781965382468,3896.316513121161,3839.635748185371,3924.962451144612,0.2685999441652708,0.742287828029034,8422.775928252373,0.4874546342825321,-1.44452032177559,35.114810161920715,37.43394509959013,-79.4477001510834,37.53247170224179,-82.03845676692285,38.01814290684536,-80.64136253797231,12019754.0,1968241.0,11959048.0
29005.0,5940.0,7.809550077572832,2101.1016376486814,2085.2654369936217,2097.61230822272,0.2951560075848992,0.7936562661610067,4949.6175486985,-0.1043406309256984,-1.2965187465420824,37.14290639544906,38.100075202403545,-79.97252533752489,38.04127541827798,-81.40101842746675,38.07907794936396,-80.81880618644719,14277997.0,1504541.0,13680236.0
53820.0,8063.0,8.056317354143442,2086.370419918246,2041.673281308064,2062.6376068376067,0.1664994425863991,0.797603121516165,5148.155016722408,0.6157116313638101,-0.8526611317613461,33.25678186547752,38.26114763428536,-76.46051560269625,38.3249221780458,-78.01521722579069,38.20538210304516,-77.18002155741887,72999685.0,10493086.0,70455444.0
24360.0,5137.0,8.16227422003284,2151.8988095238096,2070.686699507389,2164.8265188834152,0.1994252873563218,0.7832922824302134,4974.008743842364,1.185845648604277,-1.329687317924585,32.98973727422003,35.81091240284571,-72.70253746926018,37.36699567645347,-76.0541126950819,36.89204301340548,-73.91407111333153,6921230.0,1434521.0,6580829.0
13217.0,3538.0,9.560338957403344,2553.3591586593025,2353.694333055913,2576.062646591511,0.2330332147991223,0.6596807142316713,4748.0149807066655,1.1380570477415448,-1.099824655465608,31.403495498221982,35.51556038375279,-78.77812693839024,36.08009461200377,-80.24784279008786,35.76070047893314,-79.01109883229745,2425376.0,624429.0,2414898.0
13779.0,3913.0,8.12330357790841,2035.6297989694465,1906.827128238624,2101.132593076421,0.1823064083024893,0.7077436679004282,5033.9997822773785,1.0990855649902038,-1.5335174938035818,31.682995863270197,37.59492314171545,-78.73554005442455,37.806920379305645,-80.45075309242775,37.79160535241999,-77.62274376217054,1823055.0,421280.0,1796753.0
18170.0,4432.0,8.044523940561366,2076.374738580077,1909.8376444689047,2087.723555310952,0.1891029168959823,0.7116675839295542,4651.909356081453,1.409697303247111,-1.319433224598772,30.588332416070447,37.59944756319701,-72.14070051622704,37.68713816425673,-82.8696431341211,37.75897852001125,-79.28664568004442,2579028.0,712400.0,2509016.0
17656.0,3965.0,7.237596284549162,1946.1730856366107,1797.6832804712278,1965.740484821024,0.1763706388763026,0.7415609424558224,4130.356592659719,-0.0210749886724047,-1.8968400116286503,30.274694154961487,39.30488941223204,-69.22455935441963,38.81777618858513,-74.94711395137857,39.10263544309553,-71.65789385101552,3030691.0,831997.0,3002619.0
16291.0,3412.0,9.64698299674667,2346.488797495549,2228.802897305261,2158.701000552452,0.1970413111533975,0.7448284328770487,5899.422932907741,1.0955987968817131,-2.5220700690147813,32.63581118408938,39.05636386510236,-74.66301790619788,38.64935604459742,-79.75398548025052,38.73870847472218,-78.03638695202386,4916617.0,1072079.0,4868349.0
17036.0,3723.0,6.62626203334116,1671.1139938952806,1638.2370861704626,1675.5911598966893,0.243836581357126,0.824489316741019,4147.955916881897,0.8265496595444897,-2.297218756910523,33.138647569852075,35.87267854346046,-60.71845504575414,34.87122285521915,-85.31060027503672,34.52814468672087,-77.24817067595869,5340060.0,1135342.0,5307825.0
17928.0,3552.0,8.386601963409193,2110.9901271753683,2043.5571731369923,2123.6223226238285,0.2544065149486836,0.7631079875055778,4595.170682730924,0.4278056671129013,-1.0492006467084345,35.79373047746542,37.86145942072607,-75.23106110676162,37.959145522733735,-77.96289989782456,37.874646154689415,-75.24067477171319,6687674.0,1315851.0,6022184.0
29370.0,4737.0,9.018420156622405,2360.223220973782,2282.01341504937,2327.888729996595,0.2967313585291113,0.7818181818181819,4691.994075587334,1.0478924072182567,-0.4832306756326969,35.95505617977528,39.33745398806857,-75.2227001425606,39.34680889279,-79.29923191617571,39.28742157047874,-78.04626865563372,37270025.0,5246791.0,35803577.0
59262.0,7263.0,12.739816408491109,3339.250075933988,3317.6610981742097,3323.7661401910163,0.2310924369747899,0.8069758023691405,6631.56319395228,1.3680503526711632,-1.025135324232081,33.196652154837835,38.39989818652932,-76.5551428010753,38.32647031825538,-80.22194344722831,38.31065287004575,-78.08774569572145,78446664.0,11652665.0,73765896.0
31027.0,5785.0,10.230605601572824,2562.79395365327,2415.743384793889,2517.6464692042414,0.1157056757018081,0.749347342637058,5427.765011119348,1.3995423340961182,-1.9046964626714973,26.670319399232927,37.8638147927956,-72.85946705586905,37.977866509810845,-75.66033247066392,37.84997832558673,-70.2079248305268,9962453.0,2695896.0,9894517.0
36773.0,6100.0,12.796018818154623,3107.4180512876296,2975.503956707367,3110.608408343078,0.1108965817311614,0.7479128708563348,6594.2268512223645,0.4127484839420245,-2.152754067275351,24.86362276670383,38.14833543029653,-72.39370676400519,38.19945138751186,-72.44572616150641,38.18685257579772,-71.07583253247164,11400468.0,3273908.0,10928760.0
31754.0,5454.0,9.4954651382503,2352.0751401398247,2119.665050072432,2350.594476286452,0.1311960697864836,0.71619323549789,4982.646280783523,0.1463280216665675,-3.272971834418967,25.369717200982556,37.672713448383824,-75.57219152684125,37.55162759968391,-75.72148862802308,37.73544993475092,-73.67341248179771,9055430.0,2503828.0,8846124.0
28415.0,4992.0,8.879992961464016,2381.074573288756,2238.341826500088,2395.7693471757875,0.1397853246524723,0.779904979764209,4852.973499912018,0.523536864332225,-2.305534483993562,28.834770367763504,39.30309283494748,-69.26084664812485,38.94186290540743,-74.672370787283,39.5344997734715,-68.59540238922015,19754469.0,2818391.0,19729541.0
24180.0,4579.0,8.749875930521092,2215.084904880066,2112.641976840364,2201.95417700579,0.0963192721257237,0.7610421836228288,5055.1846980976015,0.4171009098428522,-2.140266294742246,26.324234904880065,39.29915995392333,-71.39103403863307,39.10985343335942,-74.83582742824528,38.90229341922047,-71.78344204532837,7240843.0,2109789.0,7000261.0
25456.0,5160.0,8.382620993086109,2083.033430232558,1940.1557196731612,1925.7377828409808,0.0922375864236329,0.7908940917661847,4967.881285355123,0.8576917033312436,-1.8263831378568047,24.555703959773727,38.322225097551325,-69.5186698805176,38.30076771054071,-71.02306842269365,38.651924340683,-67.23503280733435,4752212.0,1536842.0,4712950.0
29982.0,4805.0,9.720565672736976,2369.904209192182,2074.746247748649,2283.549763191248,0.1650657060903208,0.7238343005803483,5057.148922686945,0.2634514041758425,-2.681769357199812,27.008538456407177,38.79121059630732,-79.03845366624434,38.35151507247245,-79.7735358896388,38.391838489150274,-75.52995712268057,9206813.0,2167166.0,9053419.0
34057.0,5037.0,13.35337816014329,2999.3007017646887,2900.378218868368,2822.513961887424,0.1290189975629092,0.7609889303226943,5572.6895205097335,1.6885163108905616,-2.679038604631387,24.968728895674897,37.44986159459349,-77.85544462890694,36.58415473560432,-90.24385522764416,36.74058381668542,-86.76717374180382,16737167.0,4219845.0,16651527.0
24345.0,4411.0,8.391497227356746,2172.3452454302733,2085.557773670158,2195.257178065311,0.161470527829123,0.774450605873896,5132.593427808585,1.0454015198192694,-1.7521064312052577,29.712877387553917,39.86017831670076,-69.88579559109309,39.32954849402038,-72.1837769518767,39.98845024783483,-68.71726053764965,7587929.0,1748247.0,7540147.0
26526.0,4711.0,7.99174394933273,2110.510970368695,2001.535512327528,2113.106800874614,0.1325491970142501,0.756201462715826,4469.561863831712,0.7945223554248729,-1.7278010310645593,27.60461434064691,39.27499212204646,-72.84657151864391,39.00811629745596,-75.73420442595807,39.25944137859415,-73.9299330462688,10278568.0,2409602.0,10206984.0
21642.0,4029.0,9.304546714721376,2269.0616856113115,2178.672072821366,2271.0648738563905,0.124618796784031,0.7279364199242214,5107.244801774327,0.4990527677663856,-1.701338949265126,26.998891045189907,40.04870660101058,-63.93781906956445,39.74272039810929,-70.64633247147407,39.65970336886521,-63.33353164971905,6803226.0,2007706.0,6591057.0
15340.0,3438.0,9.6496740547588,2535.5762059973927,2345.6037157757496,2540.0490873533245,0.1454367666232073,0.7670795306388527,4711.614602346805,0.968689700130378,-1.8859082780711471,25.96544980443285,37.315904175150415,-70.30132065472405,38.00850499869524,-72.39794238221036,37.77415274732485,-70.82931163599532,2883039.0,913212.0,2859576.0
18529.0,3976.0,7.389551513843164,1804.318257866048,1716.0565599870474,1827.5156781261803,0.1818770575854066,0.8125101192724917,3850.409304333747,0.919574720708086,-1.5480400514949142,27.576771547304222,38.63925856432495,-65.9249421330372,38.30434177975205,-68.44545752353605,38.237072113970136,-66.3503291162991,3861322.0,1073159.0,3824828.0
25916.0,4260.0,9.76520296342028,2361.328137058188,2211.552322889335,2265.4162679425835,0.1812008025929927,0.7609198950455317,4795.500154344806,0.949201265627423,-1.688106518381939,29.372974224417348,38.49564591537518,-73.15386237555568,38.59081842845525,-74.3627264282627,38.40628726419082,-72.94431947602337,15233930.0,3307089.0,13553766.0
15973.0,3282.0,9.213735678958242,2343.006260564703,2179.9608714706064,2353.2459149815318,0.1633381330996056,0.7401865648281475,4458.428723470857,1.1690289864145746,-1.802922235933179,27.77499530457647,39.156306071339046,-74.67260964204915,39.27431717407708,-76.54902397764327,39.30148367370025,-74.59450218644758,4289218.0,1279100.0,4216308.0
33215.0,4512.0,9.019418937227156,2377.7383110040646,2280.7674845702245,2393.4685232575644,0.0906217070600632,0.7968086707812735,5060.5326509107335,0.5735902453710693,-1.9665004700423248,28.17431883185308,41.321260906387415,-65.02328108484768,40.55453275301844,-71.41363975392427,40.91528551772542,-67.85666423475303,19441013.0,4197211.0,16776797.0
29182.0,4452.0,9.563600849838942,2334.026865876225,2271.662051949832,2330.066273730382,0.0986224384894798,0.770269344116236,4866.529675827565,1.1317387430607997,-2.3828954331376564,24.589815639777942,40.035384575975336,-62.77585173883544,39.768927112642814,-66.88784849629587,40.05720236921134,-61.07588770549527,11329599.0,3673349.0,11246168.0
21172.0,3484.0,15.566455696202532,3450.801435858681,3396.966417910448,3457.675514830909,0.116569053466843,0.7289344417154733,6475.400056678633,1.2198753070092645,-1.2415281128651825,23.316172303041757,39.771632253429935,-58.38242468677184,39.68832924226515,-65.35943667215376,39.82580019032081,-61.66213069254349,6299967.0,2050378.0,6262348.0
21675.0,3778.0,9.575732410611304,2397.526182237601,2307.1580161476354,2420.261960784314,0.1826528258362168,0.6892733564013841,4542.912848904268,1.0655501730103814,-1.780594043397117,26.96562860438293,40.82070510334479,-65.66818436768936,40.92424335053365,-66.9174505012245,40.479049476531536,-72.2691563412644,9670866.0,2511135.0,9653558.0
20966.0,3878.0,12.157349995230373,3316.4341791471907,3196.8363064008395,3310.914099017457,0.1057903271964132,0.7338548125536583,6426.311552036631,1.0472813126013545,-1.458790515260551,22.94285986835829,39.88230990846469,-64.54207487910095,39.01492096360045,-69.2792229422686,39.22777416998259,-64.3452373704325,6522128.0,1958275.0,6236849.0
19136.0,3674.0,7.983382107023411,2025.4471676421404,1962.2010346989969,2042.257316053512,0.1199310200668896,0.7605037625418061,4210.964569397994,1.039031145484958,-1.840774984432488,24.691680602006688,38.11297848668731,-71.26768299884912,37.997240779411165,-73.74636247878838,38.04627697912864,-72.61663285698586,4930814.0,1760431.0,4876879.0
15570.0,3669.0,8.01888246628131,2047.678291586384,1907.20655105973,2063.7043673731537,0.1643545279383429,0.7529222864482981,4533.425433526011,0.3452344251766229,-1.3018556225074578,29.750802825947336,38.40775458223474,-70.38832913520261,38.387429779378905,-73.52121897073373,38.52158501254286,-68.47694409416577,3787871.0,887910.0,3360052.0
19904.0,3982.0,7.97171422829582,2000.2499497588424,1837.970558681672,2010.647307073955,0.1663484726688102,0.7751708199356914,4237.655395900321,-0.0073553054662395,-1.9907670654379173,27.047829581993568,38.45177460987639,-75.81896527360924,38.63597474353826,-76.60989664110397,38.48651627637548,-73.77935857226147,3855659.0,1149104.0,3785204.0
10961.0,2843.0,10.75403704041602,2587.616823282547,2450.5154639175257,2608.098804853572,0.1609342213301706,0.7205546939147888,5409.939512818173,0.5705957485630849,-1.767042065370221,25.99397865158289,40.72297148391826,-67.72381603362528,40.55268579274443,-73.58053381787386,40.82458050178214,-68.01545328767195,1357801.0,530132.0,1338088.0
10221.0,3005.0,8.475100283729576,2186.592016436748,1939.8261422561395,2118.487623520204,0.1259172292339301,0.7161725858526563,4541.608746697974,0.1550239702573136,-2.054740247223563,25.90744545543489,38.84114963985899,-77.81704352971708,38.60315938603395,-80.8535257807959,39.15205336445688,-75.26247934327142,1572371.0,471858.0,1510824.0
12620.0,2746.0,9.682805071315371,2381.469334389857,2177.183280507132,2331.156259904913,0.0975435816164817,0.6876386687797147,4294.681616481775,1.0441125198098309,-1.831374133995749,25.071315372424724,40.051184950614704,-75.51173433590218,39.95104918413272,-79.0675773728411,39.79250448237128,-74.85149207749063,2152985.0,751593.0,2122621.0
16774.0,3785.0,7.431083820197926,1936.7698819601765,1801.349469416955,1925.447776320496,0.1085608680100155,0.7930129963038035,4450.844223202575,0.6682604030046488,-1.674913837391813,24.308453559079528,40.93986503698844,-80.42179653472152,40.92912224973153,-82.76684951169338,40.856497222885146,-82.17333875874023,2833500.0,887916.0,2818227.0
14328.0,3499.0,7.218383584589615,1956.8309603573423,1760.978852596315,1963.1457984366275,0.1135538805136795,0.7601200446677834,4209.521217197097,0.8441094360692357,-1.8152857287054085,25.323841429369068,40.28825048487424,-72.379771645591,40.03103629122448,-73.77843971061212,39.99117840844022,-71.52012447268343,2057574.0,574708.0,2040334.0
9872.0,3013.0,10.139485413290114,2813.1568071312804,2554.5269448946515,2815.4978727714747,0.1952998379254457,0.696515397082658,5066.467078606159,0.8712925445705002,-2.02258053845093,27.40275526742301,38.38060765326851,-76.04669373964663,38.62902582115325,-76.4124167918188,38.552658546488175,-75.03326475497349,1145754.0,327411.0,1129289.0
17620.0,3594.0,7.56322360953462,1915.9919409761635,1661.983654937571,1913.9190692395005,0.1008513053348467,0.8027809307604994,4310.08989784336,0.0330192962542572,-3.952386855050787,24.78547105561861,37.29003925241403,-75.99995215812768,37.03518933749859,-75.35414473963422,36.73578453442015,-72.60528949659195,4275208.0,1161121.0,4178885.0
16471.0,2789.0,12.214923198348613,3169.66486552122,2690.765527290389,3178.57312852893,0.1083722906927326,0.7624916519944144,6064.00431060652,1.4326938255114996,-3.436748955666201,24.348248436646227,35.97830860290521,-84.2954832822155,35.89910964393377,-86.00656333223951,35.92607351203481,-84.90446327261162,4832986.0,1231741.0,4614213.0
32483.0,4717.0,12.646923005879998,3289.5339100452543,3183.867222855032,3285.846042545332,0.1753840470399901,0.7509466490164086,6544.677800695748,1.976981805867666,-3.0805626308105056,24.05073423021273,35.2876280781271,-87.051675861498,34.31530974410548,-89.38393928847088,34.42195956371896,-88.70061906031421,18290375.0,5204129.0,18125362.0
16308.0,4046.0,8.612153544272749,2364.7644714250678,2210.304758400785,2383.045437821928,0.1265023301447142,0.7301937699288693,5031.6467377974,0.3378771155261226,-1.971722684610336,23.73252391464312,37.215928334028966,-79.35343856782494,37.1775715821262,-80.21058496710074,37.32970342309719,-79.76058872567548,1821569.0,646298.0,1777143.0
16747.0,3261.0,9.140323640054936,2458.8064130889115,2187.0936884218067,2432.962202185466,0.1349495432017674,0.7450886725980773,4767.763002328776,1.2974204335104822,-2.19224808907303,24.958500029856094,37.37333775620267,-77.31397476080606,37.18301638404982,-77.69034017803583,37.01921519656853,-75.40966296640184,3508072.0,1093397.0,3492561.0
15486.0,3742.0,8.206573679452408,2334.028283611004,2015.7312411210123,2293.645873692368,0.1536226268888028,0.7362133539971587,4732.589112746998,1.0033837014077276,-1.952280466260204,25.712256231434843,38.17320659251119,-74.65909344577352,38.57218219711477,-77.59099197438208,38.35897759595113,-74.77546976230494,2443759.0,883970.0,2433096.0
16089.0,3228.0,7.833115793399217,2202.2058549319413,2006.486605755485,2141.612592454472,0.1884517372117596,0.7482752190937908,4480.922866554789,0.6333830567468499,-2.4591085904067818,27.1421468083784,39.1708741105573,-79.67154176431745,38.965396052038,-80.39950895725075,38.66083266938813,-77.26932531987308,2735664.0,850649.0,2682543.0
22206.0,3680.0,9.669638836350536,2339.4678915608392,2284.795505719175,2360.6767089975683,0.1524813113572908,0.8228857065657931,4774.430874538413,-0.8766054219580381,-3.6798069992443807,27.192200306223544,37.086703562970285,-86.23881572635815,37.1120990265211,-86.57128987745976,36.94132536594437,-86.16638566044114,6645572.0,1846141.0,6448305.0
15659.0,3591.0,8.880835302382017,2256.3373140047256,2142.5096749473146,2256.256465930136,0.1004534133725014,0.761351299572131,4778.034868126956,-0.0476147902164902,-2.416542894828349,26.00549204930072,37.95217820409237,-73.22626571598406,38.35593774245555,-76.3688625883626,38.235884873274,-76.09037380019119,2630148.0,908219.0,2616574.0
20056.0,3878.0,8.406561627443159,2265.552752293578,2069.765257279617,2290.804397686478,0.1328280813721579,0.7296569605105704,4356.27423214998,0.5437524930195462,-2.4237752824961984,26.80793777423215,37.33006173335978,-72.70762351616618,37.3258527294315,-76.95786733986968,37.045134946961205,-71.20444433459772,3652716.0,970613.0,3469665.0
16090.0,3703.0,7.422871348663766,2094.68937228092,1910.163517712865,2110.036047234307,0.1482287134866376,0.7100683654443753,4467.30031075202,1.0061155997514015,-2.5366791907723782,24.164077066500933,38.12317187719648,-76.11759139133966,37.89474784024946,-77.50888722697826,37.88362442685383,-77.19577458392529,2164896.0,790407.0,2017367.0
19953.0,3645.0,11.749912293890644,2795.1614293589937,2631.2654738635792,2862.772365057886,0.1209843131358693,0.6998947526687717,5219.781135668822,0.3362251290532773,-2.833593485704035,24.13471658397233,40.82031761394006,-69.36034316134354,39.21257188103864,-75.30917979772981,40.56838384187017,-72.35270632067878,6072695.0,1688198.0,5992627.0
14556.0,3271.0,12.305784556196755,2981.306196757351,2805.7028716680406,2995.818494091784,0.1542319318494091,0.6755289914811762,5729.93597142072,-0.4895026106073198,-2.617557488558894,25.515938444627643,37.01184957734085,-74.31816122776038,36.86432381809425,-75.52675867544372,36.79797694720193,-72.38752739770405,2452669.0,752444.0,2317362.0
14480.0,3106.0,8.562983425414364,2236.995856353591,1942.176450276243,2243.279281767956,0.130110497237569,0.7045580110497237,4572.821477900552,0.6598273480663,-2.4456190325674103,24.539364640883974,36.42062042666595,-77.83483517417741,36.13271262199357,-80.19250833301084,36.28734533515367,-78.72028285948302,1905777.0,679500.0,1894248.0
13010.0,2311.0,8.08739431206764,2267.4762490392004,1802.724673328209,2246.399923136049,0.2310530361260568,0.748424289008455,4154.9667179093,0.2407455803228286,-2.885204182037334,27.177555726364336,37.57438988337585,-75.88970347326678,36.58603132417885,-77.62323096892052,37.25430729771535,-75.28410276852043,4761938.0,1158216.0,4565598.0
19721.0,3518.0,7.944881091222554,2190.653567263324,2099.1717965620405,2122.642969423457,0.1078545712692054,0.8174534759900614,4241.100451295573,0.7302773693017593,-2.0431034827725623,24.91151564322296,38.33959735262786,-71.20178659004765,38.24618149906102,-73.13571872414245,38.344425672404505,-72.1612467798418,4707384.0,1555612.0,4630002.0
17782.0,3936.0,8.086267011584749,2261.318580587111,2107.482510403779,2211.272522775841,0.1685974581037003,0.7892812956922731,4607.960578112698,0.7061297941738895,-2.309397805008434,25.7035204139017,38.25052486851594,-77.9161270346009,37.92752751153372,-83.73669632525038,38.216728538652006,-80.72660814594343,2570822.0,795799.0,2484756.0
17701.0,3442.0,7.876447658324387,2202.5309869498897,2017.2111180159316,2208.9873453477203,0.1311790294333653,0.7270775662391955,4292.510592621886,0.7504152307779256,-2.3127334649905382,26.72504378283713,37.11730309138202,-81.84591059675411,36.99820063486763,-81.38567247330919,36.72273938582892,-79.69113669950235,3073802.0,880266.0,3045408.0
11296.0,2885.0,8.238757082152974,2359.5159348441925,2233.8742917847026,2427.78815509915,0.1725389518413597,0.7361898016997167,4749.092422096317,0.988084277620395,-2.0175261242881324,27.28310906515581,37.9499532705488,-73.27043089525976,38.23518020078132,-75.35126454544614,38.52704132140979,-72.73028939099916,1443504.0,340286.0,1426674.0
7959.0,1947.0,9.477572559366754,3167.8534991833144,2833.595677848976,3179.170750094233,0.2029149390626963,0.7468274908908155,5642.574946601332,0.1376806131423542,-2.2131905093416164,25.32855886417892,38.116658224160034,-69.20028696779521,37.56004018584534,-72.47868780333484,37.84762790389526,-68.21928970621171,1180589.0,429880.0,1161172.0
15960.0,3109.0,9.64154135338346,2745.834210526316,2465.3023182957395,2737.4041979949875,0.1413533834586466,0.6859649122807018,4687.534649122807,0.655814536340857,-2.800561950737025,26.474937343358395,37.89292799398124,-80.15317534557998,38.25423834470222,-83.72777341454545,38.14856517843264,-81.87547923786836,2688558.0,1054080.0,2655499.0
23074.0,4139.0,8.327684840079744,2250.3328421600067,2095.171925110514,2262.7794920689958,0.1070468926063968,0.7409638554216867,4583.152205946087,0.6015601976250369,-1.5286991929333322,24.122388835919217,38.31438446532776,-76.03498268793157,38.37753835760407,-76.98451998026862,38.30018480450113,-77.58073495090935,5660196.0,2060131.0,5562051.0
26694.0,3794.0,11.50430808421368,2834.200344646737,2699.851652056642,2826.9478534502136,0.1490597137933618,0.7484828051247472,5714.843410504233,0.4745373492170583,-1.794449181685066,24.397617442121824,37.92617749583815,-79.92016685702654,37.02362384131736,-80.4808588476923,37.36036457362356,-78.9326455407871,13065716.0,4339271.0,12914565.0
14639.0,3443.0,7.942209167292848,2324.119748616709,2151.8713026846094,2329.522713300089,0.0940638021722795,0.7576337181501469,4611.864744859621,1.0772320513696314,-1.4329718178846973,24.76398661110732,37.95280115821907,-74.94485529249563,37.971657637526775,-76.25393383733447,37.94412023941474,-75.51207288781673,3044890.0,875415.0,3030376.0
22918.0,3740.0,11.977572213980276,3060.291343049132,2621.0019198882974,3041.837856706519,0.0743084038746836,0.7335282310847369,5852.78178724147,1.833301335195045,-1.734858463466158,28.280827297320883,39.712702925825305,-69.79334798914071,39.14248463424985,-75.99000188155728,39.26700907903484,-75.2404855462825,16891015.0,3808385.0,16794281.0
16240.0,3019.0,9.27838669950739,2658.1596674876846,2501.607450738916,2649.708189655172,0.0687807881773399,0.7589285714285714,4677.266564039409,0.7428509852216761,-2.332393701926518,25.29125615763547,38.85450382332643,-78.07155148224635,38.56947062723471,-81.07744847793134,38.83559692947858,-78.31791016909139,6057075.0,1759504.0,6027972.0
22051.0,3431.0,9.065393859688903,2479.700376400164,2390.5483198040906,2482.440433540429,0.1198585098181488,0.688222756337581,4491.5299532901,0.7507596027391159,-2.431813300504527,24.830619926533945,37.84583355380025,-76.43928302163273,37.79392500086204,-77.2186642567057,37.71491451477041,-77.4684824517415,5879792.0,1906055.0,5740822.0
22083.0,3278.0,9.155504234026171,2337.117918761038,1922.039804374405,2353.775664538333,0.1407870307476339,0.7985328080423856,4374.272381469909,0.9363747620342662,-2.7311423660208627,26.57519358782774,37.9624539902089,-66.46492032479807,36.627875251925886,-75.02711077727531,36.86266392511965,-73.36148176036902,13021157.0,3790249.0,12712425.0
19779.0,3541.0,7.828302745335963,2027.9856413367716,1921.483290358461,2039.152029930735,0.1398452904595783,0.7631326154001719,4202.645634258557,0.9403053743869856,-2.1443348083795746,25.56044289397846,38.09116617700324,-80.39519890656588,37.72200705792183,-81.30619343742399,37.85527412732699,-79.95353849357515,5768003.0,1953170.0,5669593.0
18357.0,3779.0,7.9620308329247695,2124.384431007245,1772.3740262570136,2136.936427520837,0.124094350928801,0.7737103012474805,4196.8000762651845,0.722596284795995,-2.1039125191546413,25.140273465163155,37.70938350598527,-70.80698467111236,37.45557228751024,-73.871926837278,37.44512245001364,-67.80013634550423,3927363.0,1391654.0,3913698.0
17687.0,3793.0,9.11957935206649,2348.0723129982475,2109.339854130152,2356.3707807994574,0.1157912591168655,0.6974048736360039,4795.239384858936,0.2379996607677943,-1.685314107723815,24.657092780007915,38.02385607452896,-74.9804723959595,37.49507764184264,-80.0337541752589,37.625464357478464,-75.18411408669569,2315871.0,818093.0,2251268.0
17477.0,3720.0,8.227956743148138,2268.6428448818447,1964.7389140012588,2273.703152714997,0.1406419866109744,0.740859415231447,4351.254620358185,-0.2310007438347551,-2.399270672950638,27.80969273902844,37.58643767424559,-73.50305372727794,37.5518657710769,-78.20623584943579,37.5324470979383,-77.05310076416009,5112067.0,1357627.0,5098066.0
14121.0,3267.0,8.803554989023441,2438.268961121734,2210.0939735146235,2362.783372282416,0.1418454783655548,0.6824587493803554,4207.464981233624,0.4982083421853965,-2.275781490727252,23.96714113731322,39.50202223828116,-68.9161397938441,39.039904395901566,-79.92604032541435,39.16462260314896,-77.70179790802014,2566100.0,928672.0,2556943.0
19649.0,4123.0,8.30825996233905,2112.982543640898,1793.7391215837956,2098.208611125248,0.1156801872868848,0.7271616876176905,4505.524352384346,-0.017033945747877,-1.897746872121864,24.17782075423686,37.90723349047298,-78.12393957321181,38.12241220562474,-78.86801399735091,38.055031156460345,-77.14473127358887,3111177.0,1201836.0,3079937.0
21190.0,3758.0,10.193157149598868,2646.098537045776,2345.3823501651723,2653.196838131194,0.0794714487966021,0.6534214252005663,4560.768522888155,-0.6507692307692285,-2.3553571144807277,23.329872581406324,38.049010211175286,-68.32274924754377,37.792901611751454,-74.37518565435508,37.86832377975632,-65.73841407042312,5253581.0,1901838.0,5052711.0
19449.0,3672.0,7.944007403979639,2151.1184122577,2031.683274204329,2182.0962003187824,0.1027302174919018,0.7706308807650779,4232.368502236619,0.1864054707182911,-1.981723092384521,24.856804977119648,38.33913368453807,-68.4474317584256,37.91532526519159,-73.28802347836387,38.24972101636215,-73.49173848314908,4529179.0,1591634.0,4391640.0
22333.0,3782.0,10.168674159315811,2570.749832087046,2461.6189047597727,2506.2677204137376,0.1255988895356647,0.6769802534366185,4896.21304795594,-0.0909998656696345,-3.0408657616319243,26.245466350244037,38.968115773452574,-77.91732465999984,39.05109120537609,-80.45043352101484,38.784264716096345,-77.37238187337722,10041652.0,2602391.0,9969770.0
19286.0,3681.0,7.138753499948149,2099.4835113553872,1929.5162293891945,2102.820543399357,0.111842787514259,0.8275432956548792,4045.210515399772,0.6346157834698803,-1.7931795037765814,27.57544332676553,37.828668754933865,-73.20886421146628,37.62486363050509,-74.59655085375972,37.70272812764884,-72.28161426277502,8117804.0,2012326.0,8084313.0
23129.0,4391.0,8.347269661463963,2073.103722599334,1911.4451121968093,2092.1036361278047,0.2013921916209088,0.7356132993211985,4758.341173418652,1.7422283713087594,-1.7277099138673966,26.12088719789009,38.29459034692982,-57.7980084550098,38.37117125448157,-61.90391598705293,38.13275972902037,-55.87587069780023,5494553.0,1675696.0,5446083.0
15839.0,3658.0,7.460445735210556,1878.5417008649536,1695.602878969632,1841.816970768357,0.1146537028852831,0.7824988951322684,3947.443272933897,0.5577624850053678,-2.0072633506612028,25.51613106888061,37.60500136158004,-66.15959513548184,37.71424917692432,-71.47561066763541,37.698343337377786,-71.26532089744065,3375013.0,1004594.0,3326235.0
15957.0,3505.0,7.897850473146581,2143.24114808548,1976.147584132356,2162.779595161998,0.112991163752585,0.7874287146706774,4163.867142946669,0.8106912326878544,-1.7564673976262952,26.42978003384095,38.85094002268331,-73.54341370614414,38.83609724348121,-75.17295088690574,38.41420291963579,-74.34125541945161,3573860.0,988925.0,3548764.0
19814.0,3481.0,6.438275966488342,1597.7483092762693,1492.7549207630968,1593.717422024831,0.1119410517815685,0.8352679923286565,4093.543958816998,1.6337387705662811,-1.7066089656904972,24.095588977490664,38.0906696211097,-60.82935137115968,38.17916425065702,-65.39146026768361,38.20718905259727,-59.851958985498726,4583869.0,1526661.0,4496896.0
17357.0,3489.0,7.344932880106009,2042.5117819899751,1959.520884945555,2046.8131589560408,0.1390793339862879,0.8000806591000749,4483.9691190874,0.7600737454629259,-1.9065554044958664,27.37915538399493,38.12041395585953,-79.27251709762844,38.37811180705094,-79.83704671559643,38.12050175598638,-79.66411318798697,5121378.0,1134309.0,4693294.0
14818.0,3298.0,8.76548792009718,2468.730867863409,2319.487042785801,2486.072209474963,0.1134431097314077,0.6815359697665002,4692.3978944526925,1.643494398704293,-0.9830478126858772,24.885949520853018,36.66228832022267,-56.5946708064559,36.83001499233771,-61.6200173185731,36.590899241353846,-52.820549419774736,2575698.0,992398.0,2561509.0
19960.0,4155.0,8.679509018036072,2211.269589178357,1880.864378757515,2202.9235470941885,0.1260521042084168,0.7990981963927856,4757.95375751503,0.9903206412825752,-2.3381499842744686,26.493486973947896,38.06476271531,-84.05202407386844,37.59974529406739,-84.61125767564377,37.69727863722972,-83.23113773827846,5075334.0,1752373.0,4950100.0
19624.0,3941.0,9.728037097431717,2668.0511108846317,2369.701487973909,2682.8451386057886,0.1021198532409294,0.6535364859355891,5113.477986139421,0.544924582144316,-2.5673132151477827,24.56532816958826,38.11562888223867,-79.03113790089473,37.81348768428328,-82.23737093570153,37.796415936161694,-81.41304281472027,3223168.0,1107732.0,3202686.0
13222.0,3060.0,7.927015580093783,2175.502949629405,1908.2063984268643,2192.913931326577,0.1768265012857359,0.7269702011798518,4664.000983209802,0.0018756617758292,-2.448101588990581,24.9463016185146,39.4002231631448,-80.62329180999616,39.3073522129385,-81.97690946247636,39.4027312939929,-78.95590096319573,1748139.0,622520.0,1736714.0
13382.0,3183.0,9.112763413540575,2659.6359288596623,2101.5612016141085,2680.7290390076223,0.2242564639067404,0.627634135405769,5137.957928560753,0.5828650425945301,-1.923894012763107,24.813929158571217,39.57831021390632,-75.43970233133724,39.19565496497541,-77.13550628880398,38.94719982540055,-73.21117230616662,2080070.0,911655.0,2067705.0
14158.0,3398.0,8.642675519141122,2208.098672128832,1980.783443989264,2203.903658708857,0.1878090125723972,0.7375335499364317,4651.066746715638,0.6966379432123181,-1.8223407869428705,28.04068371238876,39.27626239263015,-64.39630792452914,38.68507427052866,-68.48648514909063,39.162154355309056,-63.0971020942204,2059856.0,747751.0,1999212.0
14870.0,3637.0,7.697646267652993,2014.7469401479489,1780.049159381305,2024.482582380632,0.1168796234028244,0.7519838601210491,4730.300268997982,0.9675386684599888,-2.1048575760981847,25.45124411566913,38.98753823917459,-66.99317035397249,38.53331714861787,-71.21570556534026,38.70874132245249,-69.89481024731876,1775753.0,636927.0,1727804.0
20456.0,3834.0,10.55323621431365,2791.026104810325,2240.7813355494723,2815.6097477512712,0.1120453656628862,0.7401251466562377,5733.019505279624,-0.2259777082518548,-2.383836943757473,25.437524442706295,37.36275599471185,-71.62718988765393,37.08112423437069,-80.70796332952854,37.10495650083806,-80.66838248832093,6225196.0,2260647.0,6127822.0
15593.0,3653.0,8.704162124030013,2395.5572372218303,2167.576604886808,2425.094721990637,0.1288398640415571,0.7418072211889951,5100.574360289874,0.208131854037073,-2.909390304318596,25.90906175848137,37.83852024199037,-83.46918777048042,38.30726570754891,-84.48709782954579,38.28829932678093,-83.27432728473316,2525020.0,1206353.0,2496490.0
17176.0,3408.0,11.131171401956218,3220.46273870517,3131.0998486259896,3211.0185724266416,0.1347810898928737,0.786096879366558,6462.10095482068,-0.2236259897531408,-2.8498182247946486,25.62878435025617,39.13600457377254,-80.56132698551993,38.93099190482867,-82.77286622870317,38.96001946569751,-80.73492816325107,5024454.0,1933331.0,4756667.0
16365.0,3528.0,8.383073632752826,2309.186495569814,2031.6271921784296,2282.477238007944,0.1242896425297891,0.7201344332416743,5360.5167736022,0.5939749465322315,-3.440039050016244,24.77787962114268,37.59595640415922,-81.54375227767565,37.70100061351698,-80.95125765492314,37.673844061219725,-82.83849280300879,2459292.0,828325.0,2440916.0
20179.0,3827.0,8.508598047475099,2309.073888696169,2115.0792407948857,2331.591506021111,0.1243371822191387,0.7897318994994796,5087.606521631399,0.8911145250012438,-1.333776174008911,25.37192130432628,36.766743744221806,-74.9274185401213,36.55999655014384,-77.09501040145854,36.416496021327305,-74.72050670596136,3351766.0,1092613.0,3228538.0
26159.0,3627.0,8.131235903513131,2366.06192897282,2298.5163041400665,2402.1588745747163,0.1995871401811995,0.7950992010397951,4865.362552085325,-0.609598990787107,-2.577128843910518,29.011812378149013,37.95838566346737,-80.0302917821586,38.244946598501166,-79.15838633989776,37.90416116159383,-78.74781547009825,11068347.0,3238151.0,10822444.0
23988.0,3935.0,9.450058362514593,2602.0981740870434,1689.490203435051,2609.369059529765,0.1218109054527263,0.7227780556945139,5342.279723194931,0.5038602634650685,-3.552247781076891,29.673586793396694,37.664456865184015,-75.85454444504713,37.80599943607611,-75.0724674568139,37.5907326560544,-73.72669016051908,21514837.0,3595039.0,21485880.0
20719.0,3589.0,11.12056566436604,2886.9088759109995,2655.1986582364016,2916.257927506154,0.1191177180365847,0.6749360490371157,5502.344225107389,0.733519957526911,-2.805250295715062,24.327428929967663,38.93123260762814,-79.79038519587164,38.64842071057728,-81.43666827340849,38.72713498777025,-79.90981921056697,5593416.0,1684241.0,5523476.0
20303.0,3394.0,12.103482244003349,2837.091513569423,2873.1655420381226,3140.65345022903,0.12303600453135,0.7224055558291878,6010.098359848298,1.1360193074915124,-2.7311018013426724,24.7589026252278,39.666868545436905,-79.49008050638447,38.98100824594484,-75.16707485929085,39.6896307188012,-77.87577799837288,5279308.0,1840114.0,5243580.0
26554.0,4048.0,10.472433531671312,2723.910785569029,2668.61237478346,2727.973224372976,0.1875047073887173,0.7054304436243127,5591.460006025458,0.4355614973262096,-2.503929662248916,22.65685019206146,42.84516549913259,-94.14764753993872,40.93668663046565,-89.86860211112516,40.98461101756678,-88.27293681556174,8144297.0,3219108.0,8103390.0
22188.0,3974.0,6.998828195420948,1838.3714169821528,1705.6109608797549,1855.6197944835048,0.1368757887146205,0.8014241932576167,4734.854606093384,1.0021678384712551,-1.5421976801178647,24.820173066522443,38.29157714586051,-76.7524893866009,38.21445724000709,-78.43878866832127,38.44136706573117,-77.1307288548682,5746906.0,2002947.0,5472484.0
14798.0,3460.0,7.050141911069064,1812.953642384106,1681.596364373564,1829.3119340451408,0.0987295580483849,0.8117988917421273,4487.403635626436,0.7768414650628451,-2.7816384294602736,24.13299094472226,36.86290974479053,-82.79226028565661,37.3400298473616,-82.60191706447932,36.94976448179997,-82.05620023443873,2089336.0,843932.0,2055056.0
30185.0,4627.0,9.300579758158026,2358.259102203081,2192.295511015405,2374.6952128540665,0.1845618684777207,0.7848269007785323,5006.25055491138,0.2647242007619685,-3.155659774426193,28.965048865330463,37.05922520753055,-78.52928029613255,36.6312584768136,-77.8532567082112,36.547931989492206,-76.46416857526015,14947012.0,2911871.0,14386471.0
28230.0,4751.0,8.175841303577753,2006.242224583776,1895.098618490967,2024.10340063762,0.1622741764080765,0.7701027275947574,4581.641268154445,0.723329791002492,-3.265438540759805,26.682961388593693,37.71643410507626,-79.24025717226658,38.34307053896895,-79.74907739912804,38.221738974990046,-78.75281382000155,16335223.0,3811520.0,16064758.0
31231.0,4928.0,11.360475168902694,3080.3880759501776,2760.389452787295,3091.344177259774,0.0988120777432679,0.7013544234894816,6009.486567833243,0.2126508917421819,-2.4312801854372434,23.030322436041114,38.25563747589084,-75.96108410883413,37.9620830163372,-77.70280393423371,37.798659885983774,-76.82366121813338,8411344.0,3540197.0,8341644.0
26849.0,3832.0,8.447428209616746,2161.2927483332714,2001.8298260642853,2175.354426608067,0.1001899512086111,0.7837163395284741,4735.4374837051655,0.3566836753696651,-2.291723019710329,25.575254199411525,37.67034928364239,-84.37907731685783,37.24268227245927,-85.5639803051156,37.665873808841816,-84.43241292686302,9526623.0,3071185.0,9255524.0
15738.0,2502.0,8.605985512771635,2123.774876096073,1922.6627271571992,2098.034438937603,0.056296861100521,0.7516202821197102,4120.874825263693,0.5131147540983654,-2.2144011870573563,24.36205362816114,37.75760771358648,-77.30018554382326,37.62950532406861,-78.24046063967631,37.64313260660259,-76.9726351896699,5030463.0,1856299.0,4996856.0
17406.0,3114.0,7.646673560841089,2008.5405607261864,1944.7426174882223,2017.003849247386,0.1589681718947489,0.73802137194071,4429.615190164312,0.644995978398254,-1.5576839152654671,24.602435941629324,38.52198125573774,-68.6848306458442,37.70719736951409,-77.27194329513972,38.18542468990516,-71.88988454909412,4581944.0,1425752.0,3620784.0
19897.0,3267.0,8.87621249434588,2497.5304317233754,2447.5296275820474,2508.65220887571,0.1835955169120973,0.731969643664874,4828.737699150625,1.2977283007488756,-0.7944401231175301,24.4835904910288,38.20677186521049,-72.21409051852199,38.06936576303605,-73.21383325332181,37.96060864923498,-70.37593476439484,7939633.0,2478126.0,7729310.0
13771.0,2969.0,8.058093094183429,2223.5122358579624,2058.136518771331,2106.724856582673,0.1118292063031007,0.7724203035364171,4970.507080095854,1.2088664584997524,-1.3448400168926091,26.226127369109,38.27565869735911,-79.79689768517393,37.95956672902407,-80.26191751400805,38.17401681723361,-80.53798780913421,3651607.0,1192460.0,3630642.0
14384.0,2877.0,8.55241935483871,2001.6765850945492,1835.344758064516,2002.7880283648497,0.1680339265850945,0.7539627363737486,4781.304644048943,1.1527530589543928,-1.9945639275423208,25.014599555061174,38.08381343919623,-76.91287840656666,37.587633122443584,-78.9971421903433,37.770778920064416,-76.05779808181377,3721197.0,1239440.0,3644479.0
7812.0,1763.0,8.31515616999488,2005.2894265232972,1896.454557091654,1978.3147721454168,0.1088069636456733,0.7556323604710702,4269.096134152585,1.1893497183819777,-2.058885280312455,26.881720430107528,37.63483529610661,-71.66642238383697,37.716756214907846,-73.08773689946189,37.84446411052775,-74.3712956949281,2126255.0,315339.0,2122276.0
19781.0,2430.0,13.243668166422324,2727.980132450331,2359.296749405996,2579.494464385016,0.0857893938627976,0.7639654213639351,4966.682119205298,-0.1787118952530208,-1.501928045692633,28.88226075527021,38.53756082488492,-76.04732874294844,37.91234784671092,-81.67564211723351,38.48670797883236,-79.5378145181043,15473018.0,4008976.0,14859939.0
23740.0,3461.0,10.089974726200506,2380.309561920809,2250.0533277169334,2382.593639427127,0.1220724515585509,0.6804549283909014,4754.045703454086,0.9714153327717006,-2.8110676656269185,23.19502948609941,38.30860015877567,-78.21360476112042,37.81668382718479,-79.7643437348123,38.09370951304845,-79.04292619920815,8925863.0,3393828.0,8547704.0
18035.0,3496.0,8.703077349598004,2010.8846686997504,1785.2770169115608,2019.6925422789025,0.0953146659273634,0.7686165788744108,4422.726642639313,1.1057499306903324,-2.0203150408412496,22.3587468810646,38.01871509652562,-66.75477124855631,39.19249967445631,-67.59727371247739,38.23511312844168,-66.11048120875842,5108749.0,2148138.0,5098896.0
14841.0,2910.0,8.479347752846843,2097.911933158143,1697.67131594906,2134.6522471531566,0.1422410888754127,0.698605215281989,4288.032342834041,0.6347079037800701,-1.7508161511246048,25.72266019809986,38.53426722213991,-78.67854321809247,38.37541612257168,-79.49941364780126,38.10352675991649,-79.01654304978425,3037413.0,906181.0,2960255.0
13656.0,3062.0,7.754027533684827,2017.0615846514352,1852.7636203866432,2054.5719830111307,0.1529730521382542,0.7023286467486819,4229.759153485647,1.2848564733450485,-1.9092641434355604,26.720855301698887,38.22557427062101,-74.84573882432709,38.56110394317758,-78.01209348353964,38.46778367294852,-74.59112922952235,3098294.0,827137.0,3093866.0
12722.0,3176.0,8.870539223392548,2151.166640465336,1684.692658387046,2159.9233611067443,0.1036000628831944,0.7380128910548656,4561.787376198711,0.5147932714981903,-2.27715779554272,25.163496305612327,38.50281835048803,-75.97020596513994,38.41132342209646,-77.38249781248028,38.42593699433438,-75.84382054312235,2857712.0,771182.0,2550054.0
17903.0,3431.0,9.814612076188348,2249.6299502876614,2123.2561023292187,2254.99368820868,0.0938948779534156,0.6798301960565268,4440.983578171256,1.8482935820812156,-2.8331290936420697,25.646539686086133,37.05109225275575,-83.02533336231915,37.04652187247487,-84.4926078836107,36.72417576268814,-82.53070939695614,14194832.0,2824548.0,14158377.0
12281.0,3155.0,8.049425942512825,1920.879732920772,1832.832586922889,1951.140379447928,0.1512091849197948,0.7172868658903998,3853.917840566729,1.2627066199820849,-1.5443371234245642,24.174741470564285,38.802610531686014,-72.53616958086583,37.99621632525909,-79.487275336677,38.10432022012901,-77.73640789788742,1470579.0,683748.0,1444811.0
14795.0,3379.0,9.468604258195336,2385.4296721865494,2175.2724569111188,2355.083812098682,0.1048327137546468,0.682663061845218,5241.663670158838,1.3078742818519804,-1.7807669597770863,24.286583305170662,38.1140065690894,-57.84274569278624,38.50379776167296,-59.17693325632659,38.347617204899386,-50.56757629943136,2057021.0,658608.0,2046083.0
16901.0,3355.0,8.631205254126975,2118.535352937696,1951.413703331164,2104.982604579611,0.1370333116383646,0.6996627418495946,4517.963789124904,1.1094136441630729,-2.100046025570016,25.12395716229809,38.46842124124874,-78.67695302007915,38.074328723390565,-81.67463829888042,38.43149445596175,-77.57882390292006,4055751.0,1459584.0,4021543.0
14962.0,3085.0,8.166889453281646,1973.4290201844676,1903.3411308648576,1983.4736666221088,0.0999197968186071,0.7168159336987033,4241.485496591365,0.4361850020050783,-2.814720373853982,23.904558214142494,37.12587763419894,-72.08234266430236,36.78552095845632,-72.2208127425738,36.48069643450663,-70.38451730191282,2994872.0,1184292.0,2971494.0
17940.0,3560.0,8.321348940914158,2127.930602006689,2032.190078037904,2160.5562987736903,0.0987736900780379,0.6979375696767001,4723.562987736901,0.4161649944258657,-2.804925984244253,22.163322185061315,38.52063500446861,-73.77655819958153,38.81923164448303,-75.7347261083901,39.04128209231902,-74.85425030640928,3408042.0,1503152.0,3400898.0
16351.0,3430.0,8.86141520396306,2217.83737997676,1887.9530303956944,2186.324567304752,0.1632927649685034,0.6463213259127882,4713.998532199866,0.7456180050149853,-2.2515301218018084,25.48467983609565,39.24983276066863,-73.06434539310648,37.27169931335342,-72.97127672113399,38.253514879446655,-71.17155090669775,3090206.0,768488.0,3074015.0
13728.0,3268.0,7.978511072261072,2113.9490821678323,1897.9831002331,2119.732298951049,0.0862470862470862,0.7166375291375291,4281.147144522144,0.4884469696969697,-2.5179793222416373,25.96518065268065,37.58357921984859,-76.78030986298637,38.22037564189908,-79.5247627022017,37.5102401429199,-76.51650436305928,3178299.0,999104.0,3155643.0
16226.0,3420.0,7.544311598668803,1890.640330334032,1807.9009614199435,1807.592875631702,0.1040921977073832,0.7661777394305436,4497.819117465796,0.9158202884259856,-2.1880014554352805,23.509799087883643,37.72471049756426,-79.51676935966697,37.590161222756976,-81.05527510872636,37.56202635510357,-79.46099166506312,3829344.0,1257364.0,3812875.0
14258.0,2983.0,7.29064384906719,1862.2804039837283,1793.907981484079,1882.4660541450412,0.117267498947959,0.763220648057231,3978.330060317015,-0.2962477205779189,-2.9655030778429365,25.22583812596437,38.30603783470261,-72.81474343929521,38.339708335790974,-71.40455754806567,38.283069223158485,-73.70147913594572,3613129.0,1062956.0,3576545.0
16989.0,3497.0,8.186297015716052,1990.742539290129,1843.373888986992,2006.1188416033904,0.1067161104243922,0.7709694508211196,4535.807463652952,0.3108246512449229,-2.933271190220313,27.361822355641888,37.99840764801199,-79.1306536152214,37.92286522886624,-81.89680646495047,38.0379797793817,-80.06815043567387,4148188.0,1172626.0,4130758.0
15649.0,3273.0,8.530577033676273,2097.6565914754938,1907.9453639210171,2116.280273499904,0.1331714486548661,0.6902038468911752,4416.2640424308265,0.5724263531216054,-2.481866966434945,29.07661831426928,37.97595895592298,-73.39408973797141,37.82299912768283,-77.02294801851473,37.8213088965982,-75.70791428752622,4847177.0,1173792.0,4790687.0
13869.0,3118.0,8.247386257120196,1959.9322950465064,1793.6188622106856,1971.002523613815,0.1428365419280409,0.6677482154445166,4164.804600187468,1.577662412574817,-1.9701748587302657,26.45252000865239,38.670067211792194,-69.93738114413996,39.00228393720144,-73.28709904382126,38.86919362777076,-70.2946704338691,3082730.0,918804.0,3069834.0
13421.0,3349.0,8.061098278816779,1917.1997615676923,1760.5209745920572,1929.7730422472248,0.1867968109678861,0.68966544966843,4054.0010431413457,1.4919156545711985,-2.539485812026601,26.11876909321213,37.84175053485092,-74.80155550208953,37.50470735970164,-76.53935931499993,37.47159505544792,-74.06577979589544,1281726.0,483490.0,1257430.0
17058.0,3540.0,9.3435338257709,2727.838609450112,2633.686012428186,2745.10816039395,0.1443311056395826,0.6141399929651776,4867.077969281276,0.7683081252198408,-3.1828146967792152,26.599249618947123,37.67565766183483,-78.33869020007022,37.942948897177295,-79.29453043400414,37.77037466928829,-75.22592270004073,3443957.0,1091803.0,3426710.0
11348.0,2757.0,7.588738103630596,1870.6400246739515,1605.4421924568203,1879.6928093056044,0.1457525555163905,0.7924744448360944,4289.113500176242,-0.2364910116320051,-2.855888767468448,27.91769474797321,36.94960192149868,-76.19067464638734,36.71265105129352,-79.45726898483507,37.457355044870646,-72.79834356413933,2502652.0,544263.0,2335923.0
11156.0,3004.0,7.983058443886698,2057.413858013625,1544.5522588741485,2066.733058443887,0.1795446396557906,0.7494621728217999,4530.145123700251,1.164333094299031,-2.4210861246582787,28.13105055575475,37.95423339238454,-76.78518271013894,38.0655401576009,-75.53966588950324,37.956479414071616,-75.75087615550449,1825554.0,522403.0,1823321.0
15579.0,3390.0,8.65626805314847,2254.9250272803133,2024.269657872777,2263.537454265357,0.2101546954233262,0.6601193914885423,4402.144874510559,0.9761666345721832,-2.389836420587961,27.527440785673026,39.02113510804065,-76.56725430674793,39.06762851201984,-78.58055313766066,38.9209766231682,-76.74399983348326,4432965.0,1334372.0,4306061.0
12723.0,3020.0,9.300558044486364,2298.4766171500432,2232.208441405329,2305.8923209934765,0.0858288139589719,0.7519452959207734,5138.017920301816,1.5337499017527367,-2.1931720530019736,25.8351017841704,37.372475356783696,-79.37314904194162,37.35704369538929,-81.51234893728324,37.16232082436297,-80.02721753407273,3248298.0,971276.0,3241013.0
16162.0,3492.0,11.422843707461949,2769.990904591016,2561.4800148496474,2785.156292538052,0.1457740378666006,0.6494864496968197,5105.674978344265,0.6422039351565426,-2.370841433407467,25.80806830837768,37.72278255860669,-71.93479404227391,37.59884819518994,-73.49711933118485,37.6773246269756,-70.68211297712791,2902531.0,893026.0,2880922.0
11797.0,2683.0,8.780961261337628,2412.504704585912,2004.6367720606931,2430.568788675087,0.0811223192337034,0.7679070950241587,4693.429431211325,0.6970161905569225,-1.1451493389637435,24.30109349834704,38.99553240715575,-77.50951113801308,38.74005750454681,-79.15517117217652,38.76120134137864,-78.35161273867604,3286151.0,1133632.0,3249399.0
14924.0,3275.0,8.203497721790404,2069.6912355936747,1848.170128651836,2031.603859555079,0.1431251675154114,0.6943848834092736,4842.789801661753,0.9621951219512254,-2.548702732589938,24.88809970517288,38.211474091494814,-77.99311296458224,38.18059634142779,-78.12642586148318,38.29941148101724,-78.14319991373712,2649915.0,938472.0,2623891.0
12316.0,3489.0,7.453962325430335,2011.5932120818447,1897.8936342968493,2046.1929197791487,0.18910360506658,0.7209321208184476,4842.839558298148,0.6635839558298126,-2.343007618227881,28.26729457616109,38.39715172889244,-69.57108282015571,38.25072727029468,-71.31837081844766,37.99194897933971,-67.52702425801174,1309250.0,404321.0,1295218.0
14062.0,3094.0,6.438486701749396,1662.9627364528517,1504.4675010667047,1671.136253733466,0.1502631204665054,0.7661072393685109,4316.89247617693,1.1349239084056335,-2.679669325993332,26.0290143649552,37.80814919306871,-80.78425547559006,38.04255568410191,-83.79549375120938,37.79555589588677,-80.88972278551053,2696956.0,903405.0,2677683.0
17891.0,3765.0,10.037448996702253,2437.838689844056,2304.802302833827,2459.962942261472,0.1776312112235202,0.728634508970991,5395.605108713879,0.4965289810519256,-3.179344439537616,27.07506567547929,38.40601698868162,-75.31126858217037,38.44835196145012,-77.3632098032722,38.32018029539989,-76.88562105698414,3629285.0,1018536.0,3555474.0
28152.0,4287.0,12.705562659846548,2735.122620062518,2609.755470304064,2749.548202614379,0.1189968741119636,0.6166879795396419,5991.415814151747,-1.1384306621199198,-5.187162629467902,25.96547314578005,37.19245033589377,-85.0711419929229,36.69808605067752,-88.29609623162204,36.69272510907592,-86.39163443566333,7224322.0,2226341.0,7086217.0
11972.0,3094.0,8.593050451052456,2262.511276311393,2122.4411125960573,2262.054293351153,0.1607918476445038,0.6287170063481456,4589.175075175409,-0.1301035750083521,-3.537892370111492,25.176244570664885,38.06938162365604,-81.3626190661121,39.5755623452883,-80.07674527381148,38.43532889491824,-78.85833866383857,1734289.0,615656.0,1733005.0
9180.0,2838.0,7.624509803921568,2005.354357298475,1699.9297385620914,2016.003703703704,0.2376906318082788,0.7406318082788671,4363.12385620915,0.6484967320261433,-2.0968095110334564,31.06753812636165,38.49498844971665,-67.79023321040553,38.12779870964246,-71.2275255378489,38.06598464834228,-66.88160789190644,1959841.0,392734.0,1954804.0
8340.0,2694.0,7.029016786570743,1892.6089928057556,1689.6749400479616,1905.9119904076736,0.1386091127098321,0.7147482014388489,4146.752278177458,0.2280455635491592,-2.501822947670172,26.88009592326139,37.944927803895816,-73.83352778213278,37.73995494745718,-74.4451256889502,37.826915033425685,-73.94025723566172,1244935.0,365627.0,1243520.0
14962.0,2777.0,9.489573586418928,2637.945595508622,2497.7843202780377,2618.0567437508357,0.1042641358107205,0.7609276834647775,5053.065499264804,-1.4533284320278053,-3.9706378163692007,23.778238203448737,35.09131602848939,-80.28580271149573,34.77428957252729,-81.33093900842616,34.862292633585305,-80.57422260522937,7815221.0,2682228.0,7236910.0
13321.0,3376.0,10.236919150213948,2692.896329104421,2402.7449891149317,2693.709256061857,0.1546430448164552,0.6811050221454846,5351.641618497109,0.5752270850536737,-2.132666267011244,25.437279483522257,36.82331588415282,-76.14312550578859,36.6841577132763,-77.45761264606821,36.65628293828001,-76.54912849947367,1868969.0,559915.0,1841761.0
16206.0,3657.0,10.174503270393682,2421.844193508577,2299.5773787486114,2428.131926446995,0.1321732691595705,0.6835122794026903,4702.523571516722,1.8003640626928268,-2.087688804004068,25.41898062446008,37.78724937929773,-77.17438363033182,37.511068263132,-73.24853055132421,37.56479163101054,-72.47747310024091,3819420.0,1325671.0,3795128.0
15513.0,3518.0,7.515051891961581,1994.9569393411975,1910.7790240443496,1976.3100625282025,0.0844453039386321,0.7819892992973635,5015.961709533939,2.041893895442536,-2.888895935600289,24.26158705601753,40.37482458817491,-59.41167591757507,39.42958188768439,-64.79418651158514,39.52847962251528,-62.37256922784409,3499102.0,1148689.0,3236785.0
10583.0,2926.0,6.962203533969574,1783.6028536331853,1628.5350089766607,1781.4339979211943,0.1050741755645847,0.7290938297269205,4215.727865444581,0.047330624586601,-2.4517818211779825,25.87735046773127,38.8500805066554,-75.6942892293208,38.80804044856454,-77.07419166248299,38.81514759840288,-75.13186380119758,1595055.0,430205.0,1591690.0
15400.0,3259.0,8.720974025974026,2169.6153896103897,1957.2815584415584,2036.1185064935064,0.1105844155844155,0.7244805194805195,4626.95551948052,0.7923766233766274,-3.3566664034157627,23.56558441558441,40.10538612495942,-61.75422640237915,39.6893874864444,-67.5033319093032,39.155062328002174,-63.25681682270284,2941173.0,1060435.0,2925112.0
16191.0,3413.0,9.823543944166513,2448.1205608053856,2259.1874498178,2455.182694089309,0.1350750416898276,0.7079241553949726,5462.50651596566,0.284769316286828,-2.5197397820393865,24.44876783398184,39.53589560395552,-66.7411166238565,39.449103465080434,-71.3086091483931,39.10664556990118,-64.66512673621747,2609616.0,984605.0,2591394.0
13173.0,3092.0,9.916116298489332,2720.963941395278,2533.830638427086,2690.2791315569725,0.0886662111895544,0.607226903514765,4747.3619524785545,0.1814848553860143,-2.5064809993357304,23.00311242693388,36.96814431831712,-57.63450239692512,36.48345668982614,-59.37165085769679,36.50268416863293,-57.0933864105467,2463298.0,1012054.0,2457488.0
15042.0,3210.0,7.492953064752028,1938.2211806940568,1815.013163143199,1936.5555777157288,0.141204627044276,0.7579444222842707,4600.727097460444,0.253410450737936,-2.133671005228125,24.41031777689137,38.69514127855774,-75.41348071565393,38.80864557700759,-77.20311089368616,39.226276879914856,-71.20673139358627,2543253.0,834983.0,2513296.0
14555.0,3315.0,8.79773273789076,2389.980075575404,2284.886568189625,2420.00542768808,0.1009275163174167,0.7097904500171762,4819.08498797664,1.4761319134318198,-1.445230354846542,23.408450704225352,38.75956070954008,-68.85099432347474,38.68573464529907,-68.77576378939402,38.886147161221736,-66.15523652734008,1469255.0,629291.0,1415997.0
13113.0,3051.0,8.913520933424845,2349.89216807748,2084.829100892244,2361.678563257836,0.1071455807214215,0.6945778997940975,5318.440021352856,1.0897124990467482,-2.160095870294409,24.135590635247464,39.228177305208,-67.40590451969719,39.2529250272585,-69.28528501694859,39.22540830780422,-66.50083062772892,1862828.0,607599.0,1858006.0
14638.0,3277.0,10.467003689028555,2781.6189370132533,2569.6927175843693,2832.2291979778656,0.1043858450608006,0.6865692034430934,5892.693059161087,0.0426629320945518,-1.850446675833544,23.519606503620714,39.79872124242223,-67.59255763790625,39.48335572309276,-74.00341030742386,39.66418303886429,-69.53720998255208,1526038.0,650244.0,1471475.0
6758.0,2120.0,7.517312814442143,1854.2015389168396,1672.7957975732463,1838.3455164249776,0.1404261615862681,0.7272861793430009,3914.250665877479,0.6421722403077811,-1.7812385701503757,28.514353358981943,37.779921037498205,-72.51465947206162,37.89143323877284,-77.18094767822724,38.04598158618649,-71.30011626174594,793606.0,259246.0,788593.0
11790.0,2663.0,10.80016963528414,2928.9319762510604,2757.9700593723496,2931.3126378286684,0.0989821882951653,0.6480067854113656,5530.242493638677,0.9902714164546248,-2.741214900963398,24.604749787955896,39.464338857385634,-63.62212156994864,39.3742992245333,-63.66690993505908,39.46118265848918,-61.98785817003348,2712382.0,979233.0,2703525.0
11384.0,2895.0,9.123067463106114,2303.292603654252,2158.1007554462403,2268.1729620520027,0.1364195361911454,0.734803232607168,4832.884574841884,0.2261331693605045,-3.0522055728456605,24.770730850316237,39.736029310778925,-64.0054461739395,39.57872524901037,-68.12925553932749,39.85408390250792,-65.48377138791105,1328137.0,516282.0,1322699.0
15009.0,3140.0,10.437270970750882,2882.8033846358853,2639.990605636618,2897.24925044973,0.0905456725964421,0.7355586648011193,6265.077819974682,1.1222533146778633,-3.195289992690629,25.795189552934907,39.364054225942354,-78.29142991017555,39.165630192197696,-81.05264390644115,39.21930948029375,-79.78800699886581,2932956.0,976723.0,2852032.0
6485.0,1657.0,8.478334618350038,2286.2553585196606,2087.953430994603,2306.7383191981494,0.0826522744795682,0.7198149575944487,4873.361757902852,0.7841788743253657,-2.673592883838221,26.780262143407864,39.58395536292061,-85.30187096634728,39.02819626335287,-84.97500629407189,39.32392280580422,-84.25414402886658,938072.0,327317.0,917074.0
6795.0,2200.0,8.693009565857247,2008.1844002943344,1916.9293598234,2093.2250183958795,0.1511405445180279,0.6710816777041942,4586.26195732156,0.620470934510667,-3.426959827638168,26.74172185430464,38.09266396257004,-60.83602920763332,37.97402149572649,-66.76111585514279,37.95055638800471,-64.47765632655455,616454.0,201458.0,616262.0
11959.0,3217.0,9.66242996906096,2497.7808345179365,2428.3382389831927,2493.1989296763945,0.146918638682164,0.654486161050255,5410.6519775901,0.3515929425537255,-2.696991003177719,25.927753156618447,37.67751202779192,-63.30785554143617,37.906003416959855,-67.9297435348231,36.46350066144847,-60.45810413110068,1531240.0,485417.0,1527324.0
10990.0,3066.0,9.179253867151957,2377.106915377616,2248.7413102820747,2366.259508644222,0.1665150136487716,0.6849863512283895,5233.00864422202,1.5502274795268451,-2.3880485688060338,24.923566878980893,39.5729198912708,-71.60528679157132,39.630682725440266,-73.5942068585239,39.18341810517205,-71.77831263066649,1451514.0,495627.0,1440941.0
15557.0,3120.0,10.954811338947096,2941.0662724175613,2671.544963681944,2966.253840714791,0.0984765700327826,0.7448094105547342,5148.597480233978,1.1862505624477775,-2.8541916696269305,24.110689721668702,39.07257159669245,-69.76503015322682,39.17761458240581,-72.11613513752461,39.15537038606113,-70.62024062404227,4573651.0,1547598.0,4312163.0
15374.0,3518.0,11.179849095876154,2841.7418368674385,2770.960062443086,2875.515935995837,0.1753609990893716,0.6408872121764018,6115.818915051385,0.6773969038636686,-2.580818633319809,25.76818004423052,40.63869846302594,-64.40306100963387,39.848230586968086,-68.75741195169874,40.15077001197783,-67.71675612901936,2663248.0,895107.0,2652545.0
15257.0,3594.0,10.738742872124272,2853.52559480894,2767.747198007472,2873.6661204692928,0.1429507766926656,0.6484236743789736,5655.99233138887,0.8146096873566268,-1.9003429054814691,23.945729828930983,39.72604638725984,-75.60139117049307,39.46382346493483,-76.05102349383353,39.550819816440445,-73.59175169548658,1841228.0,792863.0,1822641.0
14334.0,3485.0,7.399748848890749,1999.5718571229245,1856.866680619506,2016.1769917678248,0.2088740058601925,0.737895911818055,4824.065857401982,0.6677340588809818,-1.3496434149544068,29.746058322868706,39.76031605301783,-76.05712040011171,39.35241610610532,-77.35287356370492,39.62181057369402,-76.52380146975412,2362189.0,613267.0,2331152.0
13857.0,3512.0,9.841163310961967,2486.661687233889,2162.2087753482,2428.7557912968173,0.1211661975896658,0.6874503860864545,5584.754492314354,1.0313415602222735,-2.436658332947086,24.415818719780617,39.553736802357,-82.99378310026741,39.35242178413967,-84.46800362191861,39.4335104279624,-83.99452559625539,1559019.0,445437.0,1390335.0
15414.0,3703.0,9.642857142857142,2507.3348254833268,2389.127157129882,2538.6047100038927,0.1339691189827429,0.62780589074867,5798.000324380433,0.5259179966264429,-2.2114838039591103,24.07486700402232,38.118022203385536,-76.95669010110451,37.94365019783033,-78.48691245918586,37.74041662113607,-77.65854141121518,1725998.0,601988.0,1716805.0
18934.0,4572.0,8.231593957959227,2222.3627865216013,2137.2367170170064,2233.8168902503435,0.1685856131826344,0.7159078905672336,4903.087725784303,1.433923101299256,-1.8669632037779864,27.85148410267244,37.554660106555126,-81.69767727596464,37.4441481040155,-80.743582081689,37.40225821691961,-81.57027938542966,2565893.0,702501.0,2527149.0
16461.0,3903.0,9.668489156187352,2431.96828868234,2263.8599720551606,2408.845270639694,0.2272644432294514,0.7490431930016402,5294.069983597595,0.9810886337403574,-2.134486211201676,29.30563149261892,38.73888498431437,-78.3551568958532,38.76421268804734,-78.92492046510169,38.51904739731294,-77.54792525066841,2800657.0,778181.0,2791043.0
17895.0,3864.0,10.764962279966472,2933.289745739033,2739.809779267952,2962.239899413244,0.1834031852472757,0.7696004470522493,6312.2435875943,0.9844146409611668,-2.2656108304441247,28.065940206761667,37.90907568583903,-81.8659834962795,38.19664206797973,-80.67676664807249,38.25393240681485,-80.0651476495832,3884728.0,936741.0,3675932.0
18057.0,3980.0,9.304867918258848,2679.7827989145485,2403.825663177715,2633.882372487124,0.1427147366672204,0.7600376585257794,5940.240793044249,1.1772664340698984,-2.3268992587580284,24.424876779088443,37.84562721601549,-77.69121755469754,38.379228678199006,-75.35468758035267,38.32045340437621,-76.18735425694098,3056845.0,995576.0,3048247.0
14616.0,3586.0,8.011220580186098,2295.7573207443897,1883.4971948549532,2322.1047482211275,0.1780240831964969,0.8141078270388615,5796.775793650793,0.7685550082101807,-2.7356856364214224,26.83087027914614,37.73070639515165,-79.08125208183783,37.88213869860324,-79.32346389782205,37.84089642829778,-78.88213854896568,2578170.0,842744.0,2568844.0
13340.0,3119.0,9.10712143928036,2710.2001499250373,2507.7511994003,2734.420764617691,0.2335082458770614,0.7075712143928036,5619.93988005997,0.3367691154422815,-2.449783475309565,27.462518740629687,38.38275973596414,-78.39621812015271,38.54283481668567,-78.7752173413732,38.3206612431236,-78.07370852186615,2135026.0,667777.0,2131942.0
17049.0,3656.0,9.093964455393278,2606.996070150742,2376.9653352102764,2556.471171329697,0.1708018065575693,0.7354683559153029,6282.589125461904,1.3821925039591725,-1.4726349762513735,26.729426945861928,38.970927686834834,-77.83771194537535,39.10339078908679,-78.14520103098714,39.12851589780684,-77.84600219580165,3499894.0,957436.0,3492250.0
14696.0,3445.0,10.737615677735436,3146.028511159499,2824.8170250408275,3108.7027762656503,0.1714071856287425,0.6871937942297224,6335.736322808928,1.0489452912357151,-2.005765657090216,25.90909090909091,37.94663425839731,-78.28039347474055,37.90185709079762,-73.7401778462589,37.81678611926567,-74.69934807004373,2375709.0,817369.0,2363890.0
14842.0,3624.0,6.902978035305215,1927.8956340115888,1768.097224093788,1907.9272335264789,0.2201185824012936,0.778736019404393,4764.232381080717,0.6883641018730635,-2.597045569409348,30.477698423393075,37.537669837962525,-77.21895873994036,37.52315244939713,-78.04770928979808,37.880123899539456,-76.487297569435,2916328.0,623486.0,2906554.0
18116.0,3580.0,7.999282402296313,2251.817067785383,1918.679399425922,2216.003146389932,0.1478251269595937,0.7736807242216824,5191.984709648929,1.067443144181944,-2.69800925587446,24.433097814086995,38.31223900779942,-73.2811214912609,38.42476620250039,-75.42449047842928,38.35529182930499,-72.76188768473445,4152700.0,1346052.0,4123516.0
17388.0,3422.0,8.874511157119853,2519.169197147458,2309.8674948240164,2546.6251437773176,0.1671267540832758,0.7602944559466298,5416.864906832298,1.2683804922935402,-2.7656133322484697,28.600759144237404,38.68367643149916,-77.19819311017693,38.31851613303035,-78.31001717718138,38.47180769491153,-78.9569621131704,6212020.0,1683868.0,6153639.0
13530.0,3402.0,8.164966740576496,2361.5576496674057,2232.3120473022914,2379.7620842572064,0.165410199556541,0.7556541019955654,5163.761419068736,0.9717812269031804,-2.136060743101682,26.7790096082779,38.1520083971744,-73.5904989568012,37.92763060304807,-75.65633679443717,37.86737144688592,-74.2723417530139,1485746.0,463144.0,1463950.0
15151.0,3646.0,11.527159923437395,3009.872879677909,2616.898554550855,3026.7860867269487,0.1904824764041977,0.7361230281829583,6507.773282291598,0.4535542208435081,-3.604310574838277,28.83968054913867,38.69274232453403,-80.92474557800683,38.60028396030216,-81.13508975380417,38.6580093120952,-80.86102429092207,1947314.0,589386.0,1873563.0
23999.0,4818.0,10.88782865952748,2751.604233509729,2513.802325096879,2778.64415183966,0.1810492103837659,0.7009042043418475,5641.808908704529,0.1324388516188176,-4.362613252547696,27.191549647902,38.86691157503643,-80.53074191154298,38.849588614026246,-80.82412989689035,38.70783034568978,-80.08230283631838,6603897.0,1655011.0,6415325.0
18560.0,3765.0,9.792349137931035,2581.367995689656,2038.852047413793,2584.5248383620687,0.1588900862068965,0.678771551724138,5530.748545258621,0.9009482758620718,-3.212747660991034,24.71066810344828,37.94357887665989,-84.1231651755909,37.73623346685743,-85.02127479391109,37.439735488070895,-83.78363636375893,3143896.0,1178369.0,3112332.0
15536.0,3504.0,12.384140061791967,3466.639160659114,3299.6562821833163,3412.645146755922,0.1337538619979402,0.6725025746652935,6120.312564366633,-0.0628797631307913,-2.807081340969865,24.75733779608651,37.88767942243726,-72.25775931631212,37.84017581089629,-73.28841711869765,37.99847429755006,-74.61852014049009,3007960.0,1148358.0,2964091.0
14606.0,3887.0,8.590579214021634,2240.5356702724907,1944.9385868821032,2214.646035875668,0.1947145008900452,0.7379843899767219,4945.197110776393,0.6061618512939932,-2.642616670651952,26.64384499520745,38.58278247597828,-81.3921044238846,38.57686105388915,-82.12979691432687,38.49133402663945,-82.52429491074494,1916302.0,568387.0,1902039.0
13885.0,3371.0,8.738278718041052,2336.2571119913578,2064.529132157004,2362.290025207058,0.1171047893410154,0.6939863161685272,5188.379906373784,0.995023406553834,-2.224982776991465,23.79042131796903,38.51377025440257,-85.03728919356237,38.59477715603364,-87.9420332034499,38.67902907823903,-86.65554296174673,1537737.0,626371.0,1529799.0
12973.0,3482.0,8.577275880675248,2324.123487242735,2103.980497957296,2348.081476913589,0.1260309874354428,0.7096276882756494,4869.259770292145,0.5485701071456096,-2.502070884615356,26.653048639482,37.0592906967285,-79.14525480354217,36.95363900603307,-79.51001057947227,36.85124588228032,-77.8934196939436,1557660.0,470485.0,1540738.0
11900.0,3225.0,8.58344537815126,2508.059663865546,2243.145462184874,2497.9841176470586,0.1676470588235294,0.7573109243697479,5030.360924369748,1.0385042016806745,-2.786205658088881,27.81764705882353,37.3643651922917,-77.2702529166874,37.45169005545756,-79.54989708095576,37.2643169166879,-74.90842949027989,1900993.0,504142.0,1876518.0
16231.0,3887.0,8.58166471566755,2307.709260057914,2016.747335345943,2331.5589920522457,0.1580309284702113,0.6605261536565831,5285.642166225125,0.3018359928531874,-3.1953123227513127,24.272071961062164,38.3463635220558,-82.17604975945446,38.49732951162943,-85.87311167135535,38.36179804534535,-82.37944852205558,1566172.0,662347.0,1561751.0
18999.0,3976.0,7.905837149323649,1961.313805989789,1853.776093478604,1983.3450707932,0.1061634822885415,0.7860940049476288,4798.650402652771,1.2364440233696568,-2.9893397369269774,23.97020895836623,35.77502386002622,-82.04340737463123,35.89873575811572,-82.84869048624641,35.661262794477345,-80.23552457346159,2652657.0,1161125.0,2637439.0
19240.0,3556.0,9.406392931392933,2374.44158004158,2237.572349272349,2335.0720374220373,0.186018711018711,0.7247401247401247,4805.345686070687,1.1048284823284853,-2.2206960247094623,28.57172557172557,38.51708380508032,-78.70824310768755,38.45123714906615,-78.98305708166357,38.17011037927484,-76.84592664019154,5507894.0,1488706.0,5382944.0
17203.0,3773.0,7.83171539847701,2104.5262454223102,2011.602976225077,2116.980584781724,0.1164331802592571,0.7975353136080916,4938.189094925304,1.1684531767714894,-2.4405966277791853,26.567459164099287,38.09526359572101,-81.94424211950563,38.08575170391746,-80.8223001253935,38.04279903287858,-81.49160341185731,4848685.0,1502952.0,4779184.0
20026.0,4492.0,7.827574153600319,2243.6884550084887,2102.452262059323,2267.103515429941,0.1625386996904024,0.7654549086187956,5419.245181264357,0.3081044641965443,-1.957998747827244,28.33416558473984,39.14049374805583,-80.52708132885593,39.04178684996472,-80.28670279754593,38.983156124583445,-79.96607301171619,3114927.0,858477.0,3071850.0
19911.0,4327.0,10.063884285068555,2848.610215458792,2728.135452764803,2867.9506805283518,0.1607151825624027,0.6902214856109689,5783.289689116568,0.7090954748631453,-2.9022097505152,25.016322635728997,38.25107953814361,-81.4155248003426,38.09852491278488,-82.17094535787332,38.02133291646084,-80.59647643617542,3070981.0,971153.0,2978550.0
19551.0,4447.0,9.374098511585084,2143.0345762365096,1930.006546979694,2166.5930642933863,0.1367193493938929,0.7354099534550662,4810.427701907831,0.4015242966751927,-3.801586012050622,27.139276763336916,40.2669645893508,-78.92483009527031,40.11251647773285,-80.43262970957882,40.30815057456192,-78.72362512760117,3088144.0,861741.0,3066116.0
16306.0,3783.0,7.486692015209125,1943.3583956825707,1754.356739850362,1954.133754446216,0.1994971176254139,0.8059609959524101,5067.370109162272,1.2122776891941638,-2.7324302598924355,27.41935483870968,39.1042092558199,-80.72928973069348,38.96741355813538,-82.85987852019949,39.00417474849138,-82.0277672308165,2776422.0,892715.0,2664944.0
18072.0,4232.0,9.250221336874723,2383.591965471448,2315.455898627712,2401.3465028773794,0.173472775564409,0.7054006197432492,4965.867087206729,0.6500553342186857,-2.1264201926980704,29.283421868083224,38.0044480825718,-77.84732204685177,38.008598417068136,-79.9534094769344,37.93970344636424,-78.92369688442179,3024699.0,857702.0,3017062.0
17797.0,3844.0,9.063269090296115,2341.723211777266,2186.1405854919367,2370.8306456144296,0.1823341012530201,0.6937124234421532,5226.05714446255,0.0008316008316007,-2.151361728944524,27.65353711299657,37.79471793985399,-82.80921218566621,37.75543434553136,-81.1956742677347,37.766839673131145,-79.82554922973581,5981780.0,1515876.0,5959349.0
16351.0,3962.0,7.177175707907773,1887.0948565836952,1774.9440401198704,1896.1549140725335,0.1372393125802703,0.7979328481438445,4874.456424683505,1.361323466454654,-3.072896900927958,27.44908568283285,39.34544636036959,-83.75439746490066,39.10156452018469,-84.23119747174188,39.16550442175634,-83.62087885035506,4303168.0,1065702.0,4232175.0
17991.0,3420.0,8.82785837363126,2361.806681118337,2250.0769829359124,2339.2514034795176,0.1376243677394252,0.820632538491468,5253.85637263076,1.4152631871491383,-2.92770529283526,27.31476849535879,38.828803128169774,-79.32511748237297,38.79887983407502,-80.78626983368525,38.875201032418005,-79.98049395757313,11718035.0,2333338.0,10805292.0
7444.0,2623.0,7.286136485760344,1937.459027404621,1831.549838796346,1943.7551047823752,0.1491133799032778,0.7680010746910263,4654.258866200968,0.6685249865663613,-2.673629850312116,25.99811929070392,38.54687246294559,-82.13573488782774,38.60383680524553,-82.57529978386003,38.715116834835335,-81.99392572858085,489229.0,157639.0,486869.0
7545.0,2765.0,7.740092776673293,2141.2263750828365,2080.160901259112,2154.830748840292,0.2231941683233929,0.7253810470510271,5460.158780649436,0.3504837640821727,-2.2078373152832267,29.29489728296885,37.80587726602959,-77.32220447099414,38.00396608084439,-78.23837252874006,38.01075247869387,-76.06126809929629,478158.0,129363.0,474788.0
6818.0,2192.0,6.761806981519507,1974.4957465532411,1741.965972425931,1996.6064828395424,0.175711352302728,0.7596069228512761,5810.62877676738,0.423599295981225,-2.4116768508267383,28.37048987973013,37.49510784863679,-75.67681823876187,37.495317551952944,-77.6496377484155,37.31583739528382,-76.83420233795123,746789.0,199021.0,744178.0
11790.0,2891.0,17.46420695504665,5566.705089058524,5148.608227311281,5593.915776081425,0.2418150975402883,0.598303647158609,11299.612383375745,-0.3035538592027146,-0.8328540579505712,28.89567430025445,38.34056337199831,-83.28448005201422,38.43552176945924,-84.27758862668591,38.40875452155463,-83.27529348514834,2665364.0,398196.0,2582029.0
4233.0,1743.0,9.907630522088354,2876.7169855894167,2666.4417670682733,2886.497047011576,0.1830852823056933,0.6508386487124971,6343.145995747696,0.6996456413890857,-1.5019287929848673,29.13300259862981,38.19291771198875,-72.48384010711746,37.93747859313618,-76.46454443455625,37.93749875449393,-74.98848247067174,255123.0,81681.0,250277.0
10751.0,2971.0,8.331411031531951,2327.862803460144,2123.5459957213284,2305.432052832294,0.174495395777137,0.713422007255139,5332.168170402753,0.3699655845967807,-2.0585925825469737,29.488419681890058,38.03068706728732,-81.03541679311283,37.96722240027932,-81.35230896184252,37.94248959916258,-81.66212401070241,1360545.0,355015.0,1350603.0
10701.0,2442.0,7.1191477432015695,1961.4793944491169,1818.2926829268288,1984.122698813195,0.1531632557704887,0.767591813849173,4969.82562377348,0.9712456779740274,-1.8773840105108304,29.96822726847958,39.029617680688176,-81.26537189820519,38.59538630787237,-82.37466285555307,38.58698330335639,-82.37625247172042,2055021.0,403783.0,2022109.0
12126.0,2887.0,8.421491011050636,2447.3072736269173,2154.4153884215734,2459.971053933696,0.2013029853207983,0.7501237011380505,5072.608279729507,0.9799769091208992,-1.8348941687399176,29.02028698664028,38.02697489742548,-80.05289545040404,37.89568112023455,-81.17856941475465,37.91536874302707,-79.40399225284672,2794915.0,729514.0,2776667.0
12057.0,3055.0,7.995189516463466,2082.292195405159,1941.970639462553,2108.3222194575765,0.1157833623621133,0.731857012523845,5115.066517375798,-0.5499377954715086,-2.0670985448411168,27.36833374803019,38.27547812109922,-80.91867931125466,37.858412541583895,-81.62569462093265,37.7761677843628,-81.00721721273216,1893645.0,534958.0,1887281.0
8368.0,2582.0,8.483269598470363,2377.293379541109,2217.523781070746,2397.04457456979,0.1339627151051625,0.7067399617590823,5049.027485659656,0.5948852772466533,-1.761910694379006,26.94909177820268,38.19342651383738,-76.17135481142901,38.433709652330286,-77.45267771882087,38.39279159602262,-77.06815278495239,879094.0,318358.0,874455.0
8123.0,2020.0,11.72054659608519,2806.4942755139728,2336.681767819771,2828.3366982641883,0.103410070171119,0.6491444047765604,5925.098239566662,1.3528622430136663,-2.563089597770058,24.04037917025729,38.06964096425063,-79.50538519783048,37.27188771092215,-79.82706870923191,37.70469307519736,-80.15702685344489,835859.0,391308.0,818702.0
7190.0,1734.0,8.251321279554938,2236.288873435327,1982.2474269819195,2214.5485396383865,0.235048678720445,0.596105702364395,5090.291376912378,1.3613630041724658,-2.091245490448444,24.417246175243395,37.81876190816764,-79.453977698483,37.35394808070132,-80.519258970641,37.61713832517058,-79.05351533880574,1566072.0,406700.0,1563037.0
19651.0,3673.0,13.294845046053636,3358.7554831815173,3125.9504350923617,3367.8880972978477,0.141010635591064,0.7280545519311994,7034.75181924584,-0.2491374484759064,-3.395126082725406,24.43997760928197,38.41201043407182,-83.34190614255223,38.45056256750692,-82.8271449098046,38.50647834367189,-81.4363700809783,4598062.0,1331718.0,4527093.0
17426.0,3535.0,10.597325834959255,2866.979570756341,2576.967060713876,2944.0332262137035,0.1066796740502697,0.687478480431539,5903.895443590038,0.0572879605187657,-4.056810366257662,22.8950992769425,39.47437582137745,-84.86409702314621,38.58185685066927,-82.03964459106311,38.55163189403265,-80.9772792685658,2897786.0,1109850.0,2885656.0
25513.0,4393.0,11.41147650217536,3240.024418923686,3070.62474032846,3252.473993650296,0.1578802963195233,0.7696076510014502,6624.825735899345,0.9010974797162352,-1.2359020476510236,26.120409203151336,38.22383339196921,-73.885057859611,38.193156812237056,-74.30245321370673,38.116355990030414,-73.41263824271078,17083870.0,3769676.0,16530313.0
12368.0,2953.0,7.073415265200517,1892.550614489004,1753.322202457956,1909.0310478654592,0.1989812419146183,0.7886481241914618,4271.1972833117725,0.1300452781371295,-2.090592567576882,31.020375161707637,36.98770054563878,-79.1591020905486,36.75938880158631,-79.67314593955331,36.6761870136756,-78.4454131747046,2594496.0,628966.0,2505231.0
13051.0,2585.0,8.151099532602865,2073.211248180216,1776.341123285572,2074.4892345414146,0.222435062447322,0.7635430235231017,4472.292084897709,0.6972645774270199,-1.1948537050238806,29.50578499731821,39.179227282745416,-71.41106173190171,38.46735534785273,-76.5475904845861,38.73443464639569,-74.7733820064419,2337860.0,629941.0,2314804.0
9659.0,2527.0,9.290402733202194,2394.213479656279,2181.895330779584,2405.7802049901647,0.1883217724402112,0.6965524381405943,5562.152707319598,1.037540118024642,-2.976592631272244,28.37353763329537,41.03883396641474,-85.90323929926345,38.7778417118278,-81.68687241598376,38.9345525796624,-81.18961072499172,1171476.0,335923.0,1159766.0
9047.0,2536.0,8.249585497955124,2312.994583839947,2149.156294904388,2330.1944290925167,0.2386426439703769,0.7062009505913562,4711.946722670498,0.9702995468111012,-2.3053865157676845,32.45606278324306,39.02476462058675,-77.56444282955135,38.98989890027687,-79.61698546563326,39.037027424681966,-75.79689149584912,1101588.0,340073.0,1094838.0
11190.0,2790.0,8.774620196604111,2315.544682752457,2182.729043789097,2179.7775692582663,0.2375335120643431,0.6841823056300268,4883.922788203753,0.9154155495978576,-2.197714876615049,30.327971403038426,37.3388794986128,-81.53786011084246,37.19945520298935,-85.13125989023057,37.08061920712495,-82.73531382438694,1491901.0,370892.0,1483844.0
11978.0,2820.0,7.785773918851227,2041.8606612122223,1921.5866588746037,2064.728585740524,0.2421105359826348,0.7633160794790449,5035.215144431458,0.4837869427283349,-1.8896815736534955,30.51093671731508,39.06075884819128,-76.86818594978647,38.09450658977366,-77.9928874641988,38.44405187977285,-77.16967227337244,1948250.0,415369.0,1927986.0
14825.0,2823.0,9.557908937605395,2285.6514671163577,2203.693962900506,2303.8648229342325,0.1708600337268128,0.8007419898819561,4783.032107925801,0.3247487352445262,-1.452767296724088,29.11703204047217,38.38227047357383,-76.62525399209292,38.57016795086497,-79.18475430751609,38.80458585563653,-76.26825111374748,6029681.0,1327532.0,5749317.0
13714.0,3274.0,7.536677847455155,1858.712556511594,1656.603689660201,1877.0239900831268,0.30800641680035,0.7444946769724369,4658.014510718974,0.5444144669680642,-2.628593911337716,33.15589908123086,38.59372278220592,-69.6511111696228,38.011443908474085,-72.83580742902,38.06014023297595,-69.61435655638287,2082092.0,497723.0,2068520.0
11715.0,2948.0,7.806743491250534,2052.822791293214,1865.4849338454967,2063.205036278276,0.1280409731113956,0.7923175416133162,4777.049850618865,-0.3627827571489539,-3.05925540377024,27.33845497225779,37.13820623660816,-78.22221771504357,36.95598269031341,-79.92364868355291,37.04352336744845,-79.19491158197837,1924992.0,668359.0,1910639.0
7930.0,2342.0,8.178688524590164,2235.460655737705,2137.935687263556,2244.038083228247,0.2395964691046658,0.6761664564943254,4974.825346784363,0.8580580075662024,-2.1777512830842563,31.325346784363177,39.107577315829545,-80.82637999379945,39.10685785676341,-83.04648363191154,38.99652660065812,-80.86243768404368,675709.0,212251.0,667514.0
7364.0,2342.0,9.215100488864747,2375.26969038566,2220.9648288973385,2384.816404128191,0.1625475285171102,0.7187669744703965,5345.9722976643125,0.852186311787071,-2.159835846494019,28.105649103747965,38.53480191011707,-75.84427044329584,38.62824857968474,-78.79905878583051,38.51758243758511,-75.62282543894449,699845.0,241865.0,698512.0
10304.0,2711.0,9.133249223602483,2153.3709239130435,1874.0832686335405,2152.653241459627,0.2147709627329192,0.6604231366459627,4660.779697204969,0.7122961956521747,-3.3254460041470004,28.810170807453417,39.707139920268176,-71.74930556482462,40.04379991376141,-76.15328758881216,39.663680412644666,-75.00729574215791,1552699.0,487293.0,1549288.0
12927.0,2897.0,7.3044789974472035,1899.0814574147132,1802.688558830355,1900.8306645006576,0.2912508702715247,0.762589928057554,5092.510714009438,0.9814728862071668,-3.1419400138421905,33.91042005105593,40.08591125745739,-77.10082247222448,40.2307852421168,-80.81088130634548,40.44659574393752,-77.02456136933455,3792233.0,706910.0,3752249.0
9738.0,2612.0,8.287122612446087,2104.52269459848,1996.7506674881904,2058.9444444444443,0.2286917231464366,0.7754158964879853,4564.641610186896,1.3557301293900188,-1.2602981338519486,32.08461696446909,38.18373150966694,-76.44234976326582,38.39710186281382,-79.8019778238377,37.70874350699312,-74.12215790569691,1416981.0,338400.0,1414442.0
8234.0,2510.0,8.818557201846005,2258.153024046636,1839.391425795482,2289.260869565217,0.1836288559630799,0.7262569832402235,4377.411586106388,0.9848068982268604,-2.232530816212872,29.56886082098616,37.56392699524747,-76.86602516146743,37.41304373300032,-76.89361028966634,37.61396903948328,-76.9833071425788,865501.0,334638.0,863392.0
7105.0,2261.0,7.927093596059113,2030.293033075299,1940.7117522871215,2032.379873328642,0.2078817733990147,0.7207600281491907,4534.9653764954255,1.3348768472906418,-3.0324230620048604,30.357494722026743,38.5074477572556,-75.26608986785017,38.60135272622235,-78.16260718624967,38.5407265865859,-76.02181244519586,792469.0,159744.0,790651.0
8074.0,2406.0,7.86487490710924,1932.7484518206588,1772.8192965073074,1954.5631657171168,0.1689373297002724,0.7006440426058954,4484.045454545455,1.1668070349269248,-2.4527905892518422,28.95590785236562,38.177446703262845,-72.99599344671853,38.30730767621903,-76.02294357945635,38.13214808324053,-71.12611642674582,693729.0,221240.0,680154.0
10292.0,2623.0,8.42790516906335,1995.5087446560435,1863.66245627672,2000.3655266226197,0.1951029926156237,0.6807228915662651,4712.91245627672,1.0691022153128666,-2.2452168310277414,30.28663039253789,40.64865224992722,-83.45153708139615,40.32278492327155,-85.80113474316799,40.357706544685534,-85.73800081678462,1688378.0,489419.0,1638897.0
12267.0,2285.0,9.508681829298116,2237.857992989321,2096.104589549197,1999.5619955979455,0.194179505991685,0.6391945871036113,5256.478519605445,1.2462378739708229,-1.484422774708969,28.627211217086494,38.040570691025664,-78.45435741087599,37.95596405895235,-80.42275501396317,37.82090382942672,-79.32640524022248,3145095.0,872870.0,3136087.0
7425.0,2337.0,7.416296296296296,1802.1104377104375,1741.6056565656563,1818.9661952861952,0.3068013468013468,0.7070707070707071,4548.645117845118,0.8308821548821546,-2.1046338579399904,31.48686868686869,38.43727137231036,-75.04839046081983,38.26586021139549,-79.59537202097678,38.410170404791046,-76.94263763702773,684487.0,145920.0,683276.0
7883.0,2394.0,9.74908029937841,2436.30318406698,2316.124571863504,2454.8798680705318,0.1935811239375872,0.561968793606495,4966.8714956234935,1.6960040593682608,-1.5089016021082062,29.419002917670937,38.092642442188136,-72.90222835892882,37.56630263066382,-72.95263399314643,37.52134050577492,-71.20881417070706,967175.0,311820.0,965962.0
10207.0,2580.0,8.360242970510434,2136.8064073674927,1974.8176741451944,2159.261977074557,0.2269031057117664,0.7325364945625551,4993.590575095523,0.6019398452042727,-2.342838510514384,31.033604389144703,37.55596394092267,-76.06216904376824,37.25658181305212,-78.4632873578018,37.2703946474977,-76.80597833964671,1934790.0,456229.0,1921807.0
8657.0,2449.0,9.039390088945362,2393.455238535289,2229.8641561741942,2385.7293519695045,0.2448885295136883,0.6119902968695853,4681.046898463671,1.7178006237726753,-2.347785066274405,28.98925724846945,37.9520751287152,-80.90361335700236,37.45839205053782,-84.04833466959643,37.32711000971438,-82.32801351046601,1051691.0,251546.0,1050776.0
10844.39506017113,2162.814570855136,7.392582308821347,2357.638819228217,1548.8343110363692,2802.1283632660115,0.32073381741451584,0.7387975806644927,5776.272481734712,-1.9875810241299305,-3.6912875992025627,31.277423253290223,25.5451983994092,-59.966850223295076,54.684687755485314,-66.20004654032117,30.916367523242727,-64.96471490736594,-3891588.374002097,-406976.85663592786,-2457865.3322740225
11074.987090151819,2827.6906928369026,7.819384662896328,2389.6607821843454,1529.0320514948583,2803.3643219030055,0.28476805976919817,0.7876429195843995,5498.931566624784,1.5790498567754687,-2.548419623151624,33.976495454132234,26.797329672275286,-60.83882699175801,56.85138433615137,-66.62816991005312,31.857533066366464,-66.54946289810512,-3853488.2938388763,-450641.18610854953,-2459608.317381296
9711.298643187367,2515.3481968454685,8.90632749614764,3241.4634736403286,2041.9750001981845,3802.1266035986373,0.2928882286717376,0.7059627571712956,6239.680254739356,1.07270509420142,-2.365826305976122,31.651527423837166,27.090580299803783,-61.347214018339734,58.23856838355585,-66.81679488507972,32.345311735603296,-65.67789919374312,-4291258.919709969,-558211.3533820867,-3168406.1826091935
11128.532804978797,2494.678472846035,8.351933463842794,2581.8452859340828,1640.076075287834,3021.5582292672825,0.30220328379045946,0.6638198622084003,6018.72044059319,1.1273378904100206,-1.8860202077427528,34.03165752759118,26.934476225178848,-63.76778463873368,57.63142831006892,-69.40545613686047,32.35730675254271,-69.31773707436743,-3556612.1990353805,-352297.20768271293,-1865577.6129004597
10118.93698832177,2472.8604308466333,8.127685160245004,2775.9425111416167,1734.870114327048,3272.0859537732895,0.28686015025883393,0.7729181119953792,5894.220881246787,0.8871800937507967,-2.7460718562844613,35.776404180071026,26.942528505605083,-65.7116237448787,57.56549612068842,-69.50110675753209,32.14725340254379,-68.66197276159711,-3466736.799900547,-393340.3415027714,-1724085.54961106
7965.017427378549,1983.676962860049,8.65644587787364,2939.8534114564786,1923.821210208001,3460.3639295077696,0.22612301487707454,0.6982012065461933,6728.68443150313,1.1815774023939623,-3.011064280231066,31.87491493676285,26.240597253524285,-52.03134933610531,56.88369633804855,-64.82463092140394,31.51032812211726,-58.104943796345374,-4345672.083371471,-599009.2570300634,-3265566.1953690927
9886.61767721763,2189.2258848544116,17.33161721558196,5021.202244854817,3460.342750339411,5820.84157347667,0.31786816623829284,0.7057476531492742,10222.852673863707,1.7029674615338697,-3.037766513897504,34.73059652846227,26.08838647439794,-45.72370449830436,56.233439418406306,-57.453462684309244,31.31276109991441,-51.62142555693336,-3794664.2838381464,-444709.86023438396,-2287845.4132610136
12190.810695901075,2649.701402841784,7.538694097919191,2272.9749034893207,1352.1854840698559,2674.1222807811096,0.34674124661638106,0.8035579592960521,6316.6508239669965,0.5804669957541538,-4.152127923012958,35.20996752845344,25.904851703763356,-37.318520962871254,56.05796892525988,-45.87826253959212,30.749068383298763,-36.34931610788649,-3089976.5189832845,-234617.2595795773,-1036814.9192944616
11081.896214645623,2766.8298388385715,7.478846515341428,2446.5893841551106,1539.5110869002463,2878.620231218328,0.31303856600496055,0.7511706331901626,5628.992041817568,0.8567318606105429,-3.8805151495136614,36.059024128903445,26.060696815440092,-55.34259886531818,54.981027727824895,-63.27919049109346,30.74373452781127,-62.04496238475306,-3507392.4985902086,-475481.9529171326,-1779931.4703480692
10878.077042078421,2557.835962844303,7.77235985382935,2634.2331314186918,1534.4645850040004,3084.0535077231366,0.3019940169855031,0.7093581835862229,5508.610682211247,1.2401762262487743,-3.4199890735839062,33.66548320536026,26.623515963261692,-64.33426936756489,56.80487363869185,-67.09749938115573,31.64205517022284,-62.68818920164766,-3653868.130501817,-459670.809137383,-2037957.1452598895
9294.160251873986,2560.13259884424,7.634548400425616,2777.8933337927856,1780.2526462727765,3267.738716039886,0.2999637740075473,0.7311715444461044,6668.534383979291,1.1830007889406189,-1.9217611572219266,34.48814811802754,26.00106796570994,-64.05462533400886,55.669832608319815,-67.94921713085418,31.032254346235895,-67.92746619785882,-4251501.101358669,-572012.9456349714,-3112246.081310589
12806.586416411306,2986.1585768325567,9.149505512120019,2866.157640428468,1885.7856917567651,3352.260284980131,0.24325787304674526,0.6947046207430253,5825.353147249401,1.1253737534524473,-1.7767370012752166,32.02678918815101,25.654102141269288,-55.1794278493258,56.34655030020698,-61.10734576388051,30.91613924776012,-58.06727839840676,-3484507.9294756767,-400192.4732759991,-1789638.4764129596
11492.989122026927,2743.8634788392014,10.744927244986341,3672.1530766767764,2339.8136399293235,4317.992143192922,0.35265549531916035,0.5827002086739326,7800.741002619052,-0.23627877346914303,-2.1780655490912166,35.765363287632326,25.31045684203402,-73.77165380479397,55.801740899459524,-75.53127130692647,30.2933812204481,-76.76917322081307,-3178409.2894469155,-420635.3184381811,-1197303.825503225
9208.659836263167,2397.0714428487117,8.17372701707441,2759.463839145175,1841.508052122666,3255.3313774779917,0.24574331950537587,0.6906100646731057,6119.9987088744365,0.925643071994792,-1.972117566834714,32.95428346002211,27.072174525760772,-67.55412245113227,58.61179262807024,-70.64325054458232,32.68047981610771,-71.23441491703724,-4177452.770363167,-538092.9372413359,-2967630.4635581924
9185.34154109658,2386.7365808489953,7.039961895682743,2338.939955383902,1413.7048702876289,2754.5115683261374,0.27384119815571517,0.7256239085617125,5495.4408738973,1.1069359978290505,-1.8269667342059892,34.39462013328874,26.183759142952876,-61.54539028483125,55.965149264796956,-65.00929811731828,31.349497716118087,-66.53462084669314,-4225400.167761421,-593854.6524013242,-3063412.5142699326
9757.071592958815,2336.2105888503806,8.031874960963215,2711.2255635802076,1783.523727078516,3235.754468318331,0.1770426321593362,0.7461527366212769,5897.553331211222,0.9046391715828072,-1.9650938905867692,29.747107765717416,26.95992252389614,-60.76736321870679,57.61918148247163,-66.20268408852827,31.990782609562117,-63.02009322523497,-4107246.310022322,-522897.25439930137,-2842178.556409326
10640.575887603929,2313.2442288510106,7.9983605851172355,2438.5330169471226,1550.2070289498236,2683.71152153873,0.24598154636543262,0.7678578836476391,5873.366292380437,0.9778655162947821,-1.99564972719568,30.769038202587442,27.46785823081856,-59.905060741685446,58.81390684283989,-64.33486854823806,32.743445551020834,-64.41925008769786,-3715317.504435484,-469552.5354489754,-2153425.6717419643
10170.755422025297,2329.3206808505697,8.408302905654818,2961.1476759201446,1975.228845184473,3471.995219507922,0.2302297150392819,0.6707506397214799,6720.431328985102,1.044920237395669,-1.9696795197028238,31.206763542245117,27.135920538844612,-60.30290325211181,56.55127645590782,-62.45933974365894,32.47403105221397,-64.02572121913707,-3876493.999712059,-366280.09850639733,-2438397.870339157
10401.347452005986,2384.439944849058,9.479940443647902,3113.1619408618017,2043.0884636450253,3675.0270024895963,0.2601182864255253,0.596992858476614,6057.063253249013,2.019995520529808,-1.7617679766081242,29.52374330088865,27.347058260512114,-54.937112797070775,58.03071170480959,-58.67533307408797,32.83603218442451,-58.317124873302845,-3973298.421441707,-384926.179411653,-2604466.414737248
10014.436480352993,2382.1433088491212,7.89413330689921,2518.66053288308,1655.9408992311357,2964.1315027913174,0.24568049636864056,0.7834739076971706,5964.2477517341995,1.0929461495744028,-2.688266786279538,31.521177332798874,27.69231065479675,-65.06695291116625,59.66314823684479,-69.39099175053859,33.332323927911176,-69.15177332233301,-4053715.6092935363,-490121.3354077131,-2768617.2844212027
8090.245308828737,1733.3436388669138,7.6578739614937135,2588.3887207991015,1679.2457766558814,3023.688038010419,0.27562170125574864,0.7333971184141723,5170.932901717826,1.0429053707931948,-2.7005231764326694,34.76624861703943,26.139952452697106,-57.25355463825132,55.96796088249582,-62.29261988314196,30.96185668970844,-60.67494325757952,-4119255.734858725,-590639.9424801428,-2865524.3883472867
9798.526339921635,2277.646370851987,7.25282830389386,2222.549621147701,1454.51218009681,2640.831432550173,0.24077576365845174,0.764524222544809,5533.1532226036,0.6207747013781222,-2.24515437294171,33.57456980397475,26.562313003244107,-59.762161323461854,56.53420930799507,-66.51552883330847,31.177989677470816,-65.01011374862695,-4029403.828913448,-490026.8693102963,-2708649.21042376
9157.705043121368,2297.1677768514514,7.066053875724224,2302.1939979686867,1356.070125525985,2706.0090573116404,0.2598745143404974,0.7568644374359214,5447.369862422445,0.2930668934024432,-3.0732365578295866,34.964198255677445,27.73613622947676,-57.51189858272204,59.43036411114415,-61.41330299720571,33.17056148262152,-62.01838727844903,-4150382.0085345395,-603554.1259391127,-2925716.6907953275
10585.3028916535,2534.869602844933,9.280427058750341,2908.9638463467813,1856.4860327792867,3415.5280761506497,0.2936942728448203,0.6910185995066608,6190.632980092392,1.0541010901418733,-2.5362475032465026,32.645552475826676,26.849506834591352,-68.05163463114162,57.172630963004586,-71.48164630641799,31.94552781606396,-71.26807251191472,-3706411.383107057,-374786.81828892406,-2135170.607824873
8814.839740116371,1861.955254863387,7.469082454422129,2287.80829235309,1448.2169493958927,2689.797342991971,0.3190790988013633,0.7768526933722137,5369.685889331857,1.274246363915874,-1.8122979269814645,36.91919450963118,27.455555729181842,-64.62495563820073,58.39779128934075,-67.54181490661487,32.42013944541813,-67.32729413171154,-4034824.148241432,-561995.7224967811,-2716090.4662145735
7255.104885640247,1464.6372268742828,9.04532689258127,3056.315337054355,1981.8886950536485,3594.731897847746,0.21620811624327926,0.6150030012601165,5978.181248443116,1.3023910609107747,-2.4635658705131966,31.95918914403198,27.799484552227458,-65.57647294206606,59.539412242071336,-70.61063754526702,33.290450820684725,-69.71763480212479,-4313120.8009166205,-562844.0089675232,-3206956.528613071
8986.704211899732,2008.9399588593562,7.9451307788893235,2772.3888541060596,1799.0172174540921,3211.561471306344,0.3222992827601704,0.7277360134872068,6463.866776211278,1.1141491787374127,-2.9953544014846027,33.597195210064,27.153306499399214,-67.60474785601991,57.62571350221752,-70.68004328405351,32.15718199939482,-70.40475391880642,-4190098.7138041155,-557777.1910151715,-3000818.8815544285
9958.29984384084,2449.8940708472633,7.722235708137832,2591.567171388566,1591.1253134479202,3017.266973133893,0.2478555961703628,0.7636659843402619,5800.100057959449,0.9352747160344895,-2.4314537900475917,33.299764346609024,26.919741075408275,-65.65253378040438,57.28923925829876,-70.22161035237927,32.13842616000434,-69.50831468404068,-4015741.8050241815,-519369.5658927393,-2682457.5022784863
9388.297073102058,2269.6081448522073,8.50287760944557,2586.3338519125014,1598.8142009710682,3061.6734717413988,0.2765736143883206,0.6843048617279555,5736.612112381161,1.4521121248516178,-2.2870907659628177,30.406772304436235,27.463436373776528,-58.67926708293831,57.86304188675217,-65.20937628547539,31.99293518470193,-68.35321445154952,-3933815.179743348,-461284.36641750106,-2534093.879901249
9294.160251873986,2261.5699188524277,6.912796713359861,2278.6863756404446,1393.8792615060224,2686.989043387555,0.29598713797062093,0.777958877228791,5534.103608967189,1.224660187880976,-1.7231453377207486,33.44974307049817,27.42286073242871,-61.71592031115744,58.02892932731718,-66.63575787949165,32.398056753682965,-66.8082057178635,-4027311.466718574,-524006.0382901927,-2698742.7453301395
9003.113382572516,2219.082152853593,7.427181896044044,2307.7019242915376,1436.0381617055548,2687.8273698633266,0.23238421996167777,0.7466154710896066,5456.825764703264,0.19760111965473773,-3.7251385978900693,33.80121738714206,27.34014288348728,-64.02718682840596,58.52093781029494,-67.47351000722156,32.9314149817791,-69.042337977339,-4117271.294503376,-558781.0125755997,-2859736.1655527507
9600.752651286512,2369.5118108494676,9.480534530281231,2900.130111068556,1899.921452114438,3424.6355831167466,0.33866303541324305,0.6649889172415513,6472.47775565765,0.573997771129328,-2.6024101031430797,32.814566434699344,28.488187751536636,-47.00363794995051,59.741232671065944,-56.85773982742683,34.08578825025199,-55.31424635543951,-4156858.053068218,-533677.8399408591,-2929791.9125195886
7928.744523786081,2312.095910851042,8.052659751151783,2630.7122283938866,1632.0618268580458,3092.7162761370946,0.2283199876380112,0.6979055832071059,5945.976933486199,0.8891981411729811,-2.294939656175791,30.11144942637949,28.157006234650545,-57.35900257618048,59.25573028105516,-63.808922371286165,33.61557171942856,-62.14602474193317,-4516373.598688851,-653039.0937374117,-3567270.7902653543
9029.886239986005,2383.29162684909,11.06172103783135,3244.311816021618,2204.3583804980667,3848.1874590998755,0.257322319247586,0.6748712468581927,6948.343310483817,0.63349904721494,-2.9927949192629413,31.099930384178744,29.68034554592231,-43.714548298980894,62.41005684547065,-52.16225300291867,35.29015014800123,-45.04539604049077,-4354606.102862495,-580829.781393866,-3281143.5544168195
9239.750896485282,2266.163190852302,11.169103793894667,3312.728476007875,2266.13737014315,3913.4732640048746,0.36451627694160915,0.7536070049311397,5923.867012131421,0.6988630156826418,-2.3632523831519374,34.31952413174264,28.2020835009648,-50.72150546624336,59.10253823662158,-54.42029134130662,33.26524022791626,-53.570948464947264,-4039074.213064634,-545138.7722244181,-2754765.962981576
8039.2905156869365,1909.0362928620957,8.36565777465097,2496.429699680965,1529.2058887699343,2960.6861269179067,0.25415880487492704,0.7567058168999329,6681.070339690354,-0.7681011606243819,-2.6624080617397725,30.282809503531166,26.549749188447905,-52.000381659943244,56.54420638052495,-57.91510207316996,31.94228915087078,-54.88043203203087,-4271700.8394042,-651314.8489088053,-3131999.0434238333
8775.112274277002,1933.1509708614344,10.313785182910454,3323.0879598756774,2267.163234543344,3919.9409966477765,0.29203144085496613,0.6831746917161948,6197.222067914694,1.1834826940983196,-2.9411217020772336,33.8246656161885,30.093980411879627,-43.28444138541646,63.443243301600276,-49.4751211334933,35.667393581863685,-46.976620697054884,-3929145.908318998,-547226.5683976281,-2528230.045187325
8668.884485184775,1956.1173308608047,9.804016416879133,3213.359726087982,2238.301603380841,3903.3305748804883,0.2689376774615093,0.7323706053163429,6789.030348401282,-0.3759787306965923,-2.90156706586867,34.328421164269045,27.99291065904899,-52.5594175831802,59.568999926682835,-58.62445146991979,33.56621788484575,-56.20960325661926,-3825674.5598905254,-524297.0702064766,-2346385.9863665598
8179.200286686456,2003.1983688595135,8.981085521372277,2769.718942355644,1826.4484863843688,3269.5132701668717,0.28899472808351473,0.7477125669023903,6668.091048534767,1.5158910073180136,-2.5126472299640676,36.59008894463655,27.78816005112309,-58.17933430031695,58.93744359960936,-63.04102057486381,33.141958684313195,-62.86720529822907,-3833527.1584997787,-556288.6343286048,-2357446.1850577407
9231.114490868029,2126.0683948561436,7.653996520567888,2361.4235577244513,1385.396795755866,2767.83639388731,0.2903590261248172,0.7699834929021516,5767.672853159662,1.4584120244061578,-2.293213537274722,35.13232363499753,28.36571418890353,-65.66712755355667,60.232873477945155,-69.17812581315462,33.77593984217682,-68.31958449838623,-3606463.278949883,-415863.3492141299,-2002536.8719879221
7641.152216731513,2183.4842948545693,8.222101707212875,2649.547548831953,1562.2902695521575,3113.168178405261,0.2585146626574074,0.7226595553176139,6267.47445988895,1.1401431918880012,-2.497520135702096,31.513867676306983,27.94994665497928,-62.49112407481889,59.43354764685302,-65.98225158269756,33.564452886361366,-63.1458779634163,-4511159.578931659,-662810.1325005158,-3571990.0169581966
7720.607148410252,2034.2029548586631,9.345529160519563,2910.5790790425413,1976.8575900650096,3429.332715188277,0.261389578119647,0.610657162765474,6547.147496471456,1.1487214310777467,-2.214250747890549,32.18544732792287,27.62341070195258,-62.95364462945141,59.035537086326116,-66.43302255903524,32.862980452176664,-66.35218030441874,-4482067.668639001,-645037.1473441117,-3516576.909276995
10833.1677328687,2255.8283288525854,7.111356637161171,2141.507495313029,1374.6021643971362,2507.329537186634,0.29226062989892904,0.760744148809705,4759.804260975639,0.1349883014779303,-2.0903614681907774,31.971351407717755,27.371778177967535,-57.291521050389925,57.00284179301814,-62.370153821665006,32.06567940706514,-59.9014096196654,-3044816.001196168,-490191.9464300246,-963565.2205603686
9065.295503016747,2152.4797088554196,8.578276982829484,2901.4286732759792,1805.0826013815515,3354.3533791653895,0.3604755349305976,0.7128815493231467,6712.165864768027,0.6862841647046286,-2.0869189630435097,35.46792203022463,27.666456115510925,-59.96075697576292,58.800199823371734,-63.264847299315434,32.99000457390566,-63.485790327805006,-4064333.7968108915,-570697.0996921666,-2768430.8619302977
8937.476699881383,2144.44148285564,8.572623497261091,2483.44542308974,1541.0944846705643,2921.470316329277,0.3196704853633883,0.6966019937207585,5766.407560825604,0.918723479947482,-2.666606241448051,35.195653181108774,27.26316317565884,-59.35736756220779,58.1347308512173,-62.24904792100473,32.50125634758516,-63.07365771552526,-3697058.8911770573,-449891.182547241,-2113300.5119687626
9612.843619150668,2194.9674748542543,8.242294440972719,2578.8348756900477,1647.4306690789326,2975.846457109922,0.35512541404708853,0.7014729857741127,5483.524245903971,0.776990903062964,-3.4860697910853444,34.08687484865658,27.106510483806172,-60.18257748749904,58.32666271779323,-64.15159217735683,32.28750255976795,-63.940304364435434,-4117968.0144061605,-543425.9778318622,-2862280.897736294
9117.977577281998,2585.3955948435473,8.554593662998336,2661.041881178157,1696.9243735596078,3118.3513920447854,0.24062536467382406,0.756143642117074,5714.947015920972,0.4926655907632872,-3.1373237861165064,33.48237810221633,25.731682281828316,-61.41894499711689,54.56419492107598,-68.65555857751737,30.577492293518397,-66.57635844536826,-4117232.383908173,-567027.2349379773,-2865206.2968243435
8634.338862715758,2081.2839928573717,8.218640805627548,2589.501812323331,1708.7329947519295,3021.586327694024,0.24253119889834016,0.7346375556933167,5490.283137289611,0.671856721532197,-2.9592117202919046,32.192022752732356,25.399836223729427,-54.0575169679995,55.573235318833675,-63.36678446759576,30.724530929360423,-59.41303386154146,-4375783.744923314,-606307.0016062568,-3323585.306961618
9649.980163304863,2172.0011148548842,9.47114122433221,2935.0080228244915,1902.4943503832783,3447.053669452672,0.23339743432169258,0.7561131991547398,7021.417235405712,0.6245253265201586,-2.752885232941171,32.86441608042277,25.967909689079303,-64.71107198288081,55.34822119621501,-66.35433313956501,30.532422897672213,-69.15964605274694,-4109530.288544516,-562513.8547280668,-2845182.1747243283
8577.338585641879,2088.173900857183,13.859875291619,4736.2594420953765,3092.438182881218,5605.497115433325,0.215842732882001,0.6334365225362583,9817.61582233621,0.7606836160283352,-2.4575149573898436,31.84497648356819,26.63127609007156,-67.74035658442158,56.83684954142305,-71.79634970758183,31.824836371053625,-72.83282935032842,-4034501.851047204,-514212.0986549875,-2715798.4477672814
9249.250942664263,2181.187658854632,38.22368787944496,12818.80982159327,9297.648206583137,15217.24371095847,0.21531518572712588,0.5096558147700504,22512.589978135034,1.1123132678248469,-2.5770672689189746,31.26206892532135,27.013201053310723,-66.15262503020206,57.44912053781482,-71.28176610511925,32.34623044737207,-70.63389065169262,-4221662.548135419,-561148.3902290432,-3115944.547091692
9223.341725812501,2113.43689685649,12.744102048586152,4380.67680703744,2676.7472402343747,4681.707272641752,0.20805802747502564,0.7066289680133441,7634.362252012681,0.5479348506150558,-3.8420737549277404,29.923086113376,26.803184335343804,-67.41260220408711,57.38286961781552,-70.56917307018459,31.63138201324026,-72.01713907956945,-4207546.812022843,-506047.937750972,-3030607.370485767
8352.792039593267,1928.5576988615603,8.978741240033862,2679.0584708072424,1702.3163589591743,3162.8699354222936,0.1758721142618444,0.6432513868393552,6668.45959731274,0.14262457629957323,-3.1008240574399846,29.864969699198035,27.704375515071245,-64.45328626899358,59.131597592148374,-69.30868033464697,32.959793923546435,-69.35057158677526,-4399588.219241417,-598561.7358210892,-3360503.478429739
9245.79638041736,2258.124964852522,8.383035604085908,2643.274241570564,1713.1999443358386,3117.2615496724466,0.2536652164332494,0.7218474791139237,6283.977488263687,0.5109942439652465,-2.998659877302961,33.73930792947223,26.53658056020053,-59.385822589918746,57.14337182053031,-63.57211162696421,31.78538412714516,-62.67797144698133,-4125550.441335514,-571728.5931397169,-2875531.234782164
10810.713078263838,2276.498052852018,9.620572105166756,3432.3667654842916,2201.2323857980055,4054.018583874829,0.168631640531407,0.6769130597982776,6812.405976930137,1.2213356642543263,-2.926019447301907,28.667780059227784,26.800319318572196,-65.5450751223527,57.5014974183522,-70.04437089077031,32.30102595924455,-69.6345898759255,-3485701.677170015,-178545.4284432209,-1745045.6951269486
8137.745539723635,1897.5531128624107,8.260930584842558,2769.893243542568,1503.580990193885,3275.8839015353965,0.2424520941833595,0.7520347390358287,6523.387428009313,1.4657201763751733,-3.1260626232857365,31.64592527579059,27.036760538878962,-61.92967954752083,57.645695528355034,-67.47890068160683,32.09232245754762,-68.54617615316371,-4166518.8931111465,-544086.2863107751,-2946409.587285793
9106.750249979566,2070.9491308576553,8.357173626909134,2547.5575176590914,1576.0660355601387,2979.3423239795984,0.235430348775417,0.7463215049275594,5589.561524455976,0.30178431383208615,-3.446524266252768,29.815360577279357,26.457211154687492,-48.83413003369519,57.54118590761427,-61.006006647540985,31.810879735462848,-56.11880704850523,-4304489.9904033085,-595329.850245832,-3190690.8403681563
8436.565174080633,2212.192244853782,11.371186310392519,3429.6228256538757,2233.0826918837033,4040.15126260679,0.1971804670291887,0.6653470467889231,6622.369032126295,0.7519586684647678,-2.5138341584536175,27.09730211999315,26.74196168743555,-57.98033918859209,56.605540155476405,-65.25400816363141,31.725654127819794,-65.01898771302338,-4456507.078401552,-614241.1995862579,-3463455.624945522
7179.968156770134,1718.4155048673233,7.985358492124415,2675.48175794615,1778.444368676622,3169.2757447318613,0.20309466485789268,0.6826321898477598,5923.9583373080095,0.6647828916360307,-2.0652059084419854,30.50586851778785,30.377966653233106,-77.29397760099987,64.16745753522714,-79.44990577922032,35.73999761238133,-81.1707459417269,-4340554.238859026,-580807.8347247692,-3254657.2205166887
7229.195668788483,1812.577580864741,7.263820358205881,2464.0108899103475,1593.5576497037084,2881.1406751399068,0.20363278946577348,0.7325521103198487,5265.8310611119905,1.1253393205534765,-2.6951128228153824,30.580150427917214,26.82957145302797,-60.05352539784294,57.14050151008518,-65.93815566545504,31.968302814962062,-63.993996112792146,-4315023.015108522,-603077.9786400122,-3208898.972749075
9263.06919165187,2093.9154908570254,6.105079109949738,1938.444456383248,1261.9756088716078,2288.8603238177234,0.309261672200776,0.8191104182483643,5441.241458786155,0.24044731859308197,-1.574204931594566,38.25057804913537,26.545522260844642,-64.19438781351175,56.955135067506454,-67.17141260762261,31.67591051519889,-67.64955802635906,-3922227.1639946145,-502372.3477787574,-2631156.118627457
9855.526616995514,2022.719774858978,6.822828455588504,2090.444044001337,1281.1431370315308,2448.309464884211,0.20926802773238096,0.8176985555583477,6162.522439654473,1.2000873049769407,-1.593326020748054,33.79493856507794,27.444018684336005,-62.38463976181672,58.02410740976925,-66.93586331273332,32.5649143232944,-67.06718895085113,-3281236.043486932,-270713.80502581433,-1558303.8090451313
8486.656326660708,2113.43689685649,7.837404445361628,2691.8950593822615,1808.1090187032726,3179.0381486690217,0.21187062329395667,0.6167701809504732,5691.219834943267,1.2674487977175974,-1.765154477679632,31.040999151089895,28.78569102537275,-53.42989808717172,59.79795194202427,-63.465812324040655,34.02070340387601,-56.968558766719326,-4300182.660930563,-569917.5158377275,-3187316.9843789088
8557.474852722193,2189.2258848544116,7.505970921057979,2366.4077923401255,1537.1330173346516,2762.3303304841475,0.2762232221539749,0.7566906029624411,5543.737056113472,1.2101564741271587,-2.1141527519845864,32.968319587946446,26.673960540571365,-57.114687564907925,56.102559966019335,-58.664368009922796,31.571815487187408,-59.89720372438852,-4329201.889168031,-607197.2730091842,-3234326.739777773
8546.247525419763,2269.6081448522073,9.244267537203456,3223.541398983165,2195.8181920799166,3806.8973188064233,0.23680541397478155,0.7215473734236767,6196.181762842722,0.4018783069541927,-2.5048263396649326,30.277237709188743,25.082283273550768,-59.44041144470264,54.396056033894766,-66.48025216212129,30.40154386802346,-65.18314344114718,-4467228.048623216,-618421.5629476992,-3479687.41819209
8585.974991259132,2252.3833748526795,6.690798444980287,1969.1357700757662,1270.2766847792047,2313.8082418967424,0.2780970459793207,0.7393188615309485,4693.060589580124,0.4473910666095867,-3.014692082138151,33.277187167846535,26.027907721984985,-60.67641177584434,54.818592627261076,-64.63003491494646,30.202696367725153,-62.38729255983894,-4344125.937833784,-640258.4986990311,-3262247.0928387125
7483.9696344974855,2005.4950048594503,7.334970705225792,2398.3689302076014,1534.856060665744,2821.114329232489,0.2619883144283772,0.776197227840592,6127.202507327982,1.1478732793955067,-2.898077572024578,31.961073312317232,27.088025002843107,-64.54655848714599,57.73244911502149,-68.59146893819084,32.16412571022369,-68.39391678237075,-4503747.47762659,-655893.114923002,-3546261.105905729
8291.473559710761,2028.4613648588208,9.163806984792304,2990.7624914391427,1948.8683395919982,3420.27137218763,0.2520360595865059,0.6376276775724906,6152.109515287391,0.633384439504734,-2.6966126155781587,34.951582236981615,27.100176366215493,-71.16527322236131,58.13807985533861,-75.53390255327109,32.527717871113936,-75.96737871563627,-3479761.5710230945,-361076.82952444354,-1725875.4662545053
7724.92535121888,2186.9292488544747,8.476043740544808,2784.822618186862,1842.4914407436302,3292.573722629358,0.21958367051219857,0.6891478186892182,5809.316282716978,1.0700990533368406,-2.029243005887542,30.868117605265088,26.91819450866756,-66.27095868172466,57.39926152713375,-71.3478982749659,32.15981024669841,-71.56198212112722,-4479197.094540069,-653298.6369545567,-3512714.18311929
7399.332859448394,1945.782468861088,7.480261854959746,2592.3932216546273,1726.3785464044427,2931.574821690932,0.23350711956505596,0.619219371062668,5669.905633875398,0.7321736072615513,-3.1406678915669692,29.920824753619964,26.336790697963828,-70.6650946893923,56.225133775589526,-74.01938694754962,31.31049132466962,-74.8336138219408,-4496812.581734387,-639553.3426789204,-3532838.6865605623
6770.60253051228,1502.5317208732436,8.14631472459869,2865.676059697311,1874.239688162739,3345.9021848861885,0.23567670277798197,0.673195851783629,6134.923137798798,0.9051074332051662,-1.2947366508541174,31.02491733161157,26.844195244293584,-69.58389811642051,57.72676007581421,-72.652973555377,32.05915149393186,-73.91394621425287,-4533335.681548629,-675129.8474878633,-3596467.4203794133
8007.3358149030955,2016.9781848591358,6.7448740579654265,2301.7769158144547,1381.4525972370973,2710.9838495557105,0.3228648690391216,0.7890603707671257,5839.465209148586,0.9586779384464666,-1.8917956372646372,37.663331120447594,26.098349436376054,-62.94786768201052,55.7496759201222,-66.51517091613175,31.06512391267062,-67.69128822563216,-3972830.760137098,-592118.9571366673,-2602864.2242384898
6708.42041006805,1386.551602876424,8.678289910471355,2715.0778260928937,1811.6254019180553,3181.83549467915,0.21615066734923294,0.6721389494428578,5463.119341353475,0.3943270343775219,-2.802588211872966,32.874369862849555,28.935488858647947,-73.16519703526443,62.025116203259785,-77.05477827478792,34.60081530850525,-78.12759871734224,-4431732.041689897,-619308.9717416139,-3416216.426480928
8647.293471141638,1835.5439408641112,6.578227433786038,2364.81930382103,1519.071887182733,2738.9876028213957,0.22402090108084177,0.8338322085807732,5976.242126882098,1.3784045707264125,-0.8881821719161014,32.26338550964103,26.85301061544893,-67.26734607917585,57.21184119140527,-71.31625305212161,32.087736344389675,-71.57821548400084,-4199117.161945109,-543748.498447285,-3010027.8918743837
8283.700794655233,1852.7687108636387,7.852771340577551,2574.2404561892913,1675.4091818974068,3035.165792265218,0.28234237640612353,0.6580584015052374,5985.674584213624,0.8151697258959267,-2.6376230497691022,32.43260912471971,27.28876955495975,-58.958037847731674,56.94625054928696,-66.00526198956551,32.03460291839912,-65.42752791195927,-4274640.424747454,-580642.757605041,-3137839.4123696713
7692.97065043504,1696.5974628679216,8.653764975414992,2476.303228124475,1645.2066703894632,2903.355762652504,0.3323846563319026,0.6418368028736529,5374.228966778237,0.811945812903578,-3.5462421054312796,36.70367814929375,26.797190866605813,-59.5021671933427,57.274030120845694,-64.34772645380896,32.01245574835031,-64.24118429666147,-4242875.429980573,-628076.1889442898,-3081071.808408397
7671.379636391903,1594.3971608707243,9.719294188976807,3217.286541247084,2159.7641439894524,3777.0003569656,0.2722817933693679,0.6587201781338118,7332.565271063886,0.8670849736939635,-2.7308717705618215,31.108208926535273,27.729499247701284,-60.772319552643225,58.75662840545102,-68.29379319914466,33.18153823084039,-64.22225413410375,-4279607.031852129,-566666.5462023861,-3156910.5635546404
6462.282849976302,1236.1219448805496,8.733266829371512,2854.0741258788635,1815.909370026841,3373.3562160953406,0.3136142321949036,0.6764585656745042,5719.331907468191,0.8150793218874541,-3.860358503922116,35.69331164777684,26.896939491070736,-63.94951991984862,57.56951251947562,-67.95408006772654,32.17206979687257,-68.33452939370488,-4325576.596354596,-623089.5240442916,-3228541.1242908025
8324.291901056327,1696.5974628679216,8.43663145586212,2747.252209192582,1798.1036502411857,3248.6565645140854,0.319851542790556,0.6771291417318495,6220.025277297043,1.1063365024867726,-3.0886118277571017,33.277539772885376,26.305771713461127,-67.64108638270622,55.7777477738782,-73.22245208214831,31.004619720352757,-72.11148100657151,-3891045.0939936033,-477167.0754225664,-2461215.722495184
10588.757453900404,2246.641784852837,9.118564375053978,3277.086083794642,2219.740496211357,3792.8086064136255,0.2038842691942254,0.7476552856999427,6463.695189959384,0.4489842484751785,-2.2018925769364768,29.578255571797587,25.874035244564404,-66.97699731554995,54.877065002262874,-70.75267373258679,30.782493670328684,-70.9628239271992,-4012380.076431084,-429809.98032365437,-2683419.5987700103
10206.16468505604,2217.9338348536244,9.271705511054906,3737.0951793391705,2531.593323325369,4401.1473898877175,0.26815512290242344,0.6772954485391947,7122.494470620373,0.8173722212689088,-2.036026916313529,35.02585775451551,26.45523666638817,-66.16935875270791,56.81658737809914,-70.24774446987952,31.665105674580296,-70.45166877541554,-3471467.740947483,-431530.40834024386,-1712726.814203675
8805.339693937392,2212.192244853782,9.5769052931466,3288.498525892869,2111.6377870139313,3903.862287823549,0.29258696338755236,0.6278312435685011,6239.932135576466,0.4934640697874495,-3.2101974983287724,30.564053172494273,26.87966068675441,-66.45436672383637,56.786156670353066,-72.09195055375959,31.722253172630296,-71.30802756193674,-4267777.476748268,-552447.0130336578,-3135597.12786368
9630.980070946902,2192.670838854317,7.449744913309968,2313.9129972283836,1516.289567852323,2722.5996469121524,0.24981261955776526,0.771754873932371,6043.047208595177,0.885125491898824,-2.1482448874412783,29.999648138743122,26.796249786344692,-59.38180023381486,57.63242218776015,-66.77848867408079,32.21691783813811,-63.964568210959584,-4198548.920422711,-527676.8572473862,-3006199.0607150253
7820.789453570403,1716.1188688673863,6.867802913524256,2120.761645186672,1326.59035451633,2499.9223923276427,0.3312534887344813,0.748707758262609,4901.27262944225,-0.2713023560311032,-2.106089129098217,35.635205738507565,27.915567521326167,-65.20852597329288,60.17906600460484,-70.81251760360469,33.50618163420913,-70.6219083860567,-4281480.613719258,-610121.905217086,-3150401.4202183527
9667.25297453937,2304.057684851263,8.109175671308018,2457.1041029625726,1576.2421567666747,2891.6702641998418,0.2028136683493527,0.7188487740827312,4843.183980240592,0.4799453431723202,-2.1152523177373213,31.34295074308799,27.608934406379152,-61.17438476079043,58.94453543173857,-66.13052431161522,32.87548692927127,-65.98972271409156,-4193034.628336502,-617443.5048683846,-2996316.0613894905
8462.474390932397,1979.0836908601748,9.147897056793147,3628.689460730822,2419.860586488622,4303.698236120328,0.35171107229449655,0.6128037841622233,6802.1202411181075,2.414628791538389,-3.484309955435253,32.72665023012746,27.83502773139008,-66.62257882194685,59.78536572778704,-69.26282000519275,33.127910066119185,-68.91835635986034,-4083839.0174401584,-544283.8063326464,-2809316.0518587274
7954.653740637845,1981.3803268601116,7.731492594112327,2362.296193308794,1387.3565912550373,2880.8162181465786,0.2488991521662679,0.6918286758839447,5522.268661410993,0.5596809516804364,-2.4757875863000236,32.815759123395935,26.507129941558585,-57.10065008350389,56.83186498614327,-63.837974474510375,31.948932146527586,-61.822095773082026,-4296421.548115006,-588577.9097880464,-3176265.9112642063
8275.928029599705,1937.7442428613085,8.731013840621397,2647.864494531866,1719.57425346403,3106.482521105784,0.2753433346684723,0.7512548841860778,5458.917083529035,0.544219927253733,-2.6488872396478573,34.727193379278255,26.268463806204224,-59.9369682420784,57.35231111306757,-65.68517205878703,31.565339936968247,-63.92021718053448,-4223028.823940563,-599426.2437429029,-3047497.5088925245
9861.572100927591,2074.3940848575608,9.55039343599233,3095.1919201971095,2073.0692899945293,3566.6359424525976,0.2862860916025754,0.5287390543816889,6021.70965144529,1.6009764670075979,-1.9927229948818044,31.616790417108273,27.0136444919423,-67.92897355937498,58.317592515897694,-72.41051555331725,32.9346716380319,-72.38663146222463,-4156339.734573628,-515005.04135148553,-2929207.875625005
8232.746001513431,1863.1035728633553,8.075132355920125,2571.060454821751,1625.1610348850174,3035.960650923022,0.2047685862550921,0.6983086764667971,5823.120312812518,0.5596840780383494,-3.4575186656243453,31.025432981011093,25.576188175392357,-63.298036756246816,54.79808948448404,-68.98021703590442,30.658606559311686,-67.52591050496711,-3997428.863764906,-469822.5748991667,-2651030.320542479
14714.368417262778,3683.187602813442,12.753476852338062,4171.20521316904,2832.087673348041,4939.57815389289,0.24210745760947588,0.6506698239381209,8373.906033040443,1.2927312905010586,-4.424042910620109,30.182894472438104,26.105788231787027,-64.36184501267762,55.74636719096308,-68.1369310762086,31.167723524530068,-69.20480622049887,-2848065.6777958674,-16681.110230169492,-681862.5856498191
15550.372481012995,3493.715132818638,13.412976072583268,4251.322993049495,2942.0592490370136,5005.320763989607,0.28408016253667506,0.7083403967529753,7917.193295780973,0.6817691017190999,-2.886459091996545,31.27364945500713,29.003158918608335,-55.81144913944533,62.16499492614554,-60.409247358586924,34.77251703387151,-60.01713054993634,-2420427.9582453533,-69770.10277536733,147076.1012168238
13591.635687019721,3724.527050812308,9.285966971609257,2905.6727786702527,1789.5555971232798,3422.701025794935,0.2691319366463652,0.672373495126474,5747.74752605785,0.776429848242658,-2.014492963608892,30.813071050195255,28.293109264058877,-58.87657385090422,59.96741704223551,-63.64746849546736,33.90909357662972,-62.255514771353134,-3659599.7345914245,-251293.86548414483,-2050734.2559826924
12322.08406128334,3076.8756988300693,9.182685018324337,2536.823669930033,1612.5141423200669,2996.856062102834,0.204827725058183,0.6917929970949651,5570.580302243445,0.3248758843173175,-3.832279348138182,29.898478071230222,26.29265097485926,-61.34682302531673,56.82721925515249,-66.93579924214716,31.69209037642819,-67.9039677275538,-3861881.2358079287,-407064.6433123151,-2418140.394212065
10475.620540314372,2924.1494048342574,8.372733811932246,2560.8070075241253,1519.231744015338,3016.181588332761,0.25063361235282533,0.7029927509089924,5458.813476652356,0.8241134213811575,-2.1713574560835474,32.24230140717142,27.167268352032856,-58.291232241213955,57.73872478915166,-62.80673251131092,32.427252512157715,-57.98777147094078,-4071103.5062140254,-519399.14618586976,-2780049.0244404105
10020.48196428507,3059.6509288305415,7.711671298061464,2466.5873337344647,1415.8463063788313,2903.2901451025486,0.24544865050341153,0.7026981174003584,5522.5034658664845,0.6672076716795693,-2.8527347431774626,33.183604688647456,26.156701168694994,-60.081925645580014,56.48617720082486,-64.80635808849702,31.469721412755856,-64.31751858494034,-3938676.0674950182,-528721.7095369955,-2544152.8724874286
10460.075010203314,2810.465922837375,9.43842299748619,2914.3229883751887,1905.6253548489667,3424.8848034964835,0.23005347949468666,0.7605471087280843,6266.249249977425,0.09956555632831962,-3.139051859224737,31.958595167554204,26.04957624905172,-59.565580704838005,55.758832789305046,-64.6233219305727,31.04989952772673,-63.78914951057487,-3928590.1475535524,-454159.3325850696,-2530790.4212162597
11121.623680484994,2897.738090834982,8.964358284540264,2886.1920828067587,1717.6838697882356,3397.88142123741,0.21170686743354156,0.6943903016056049,6269.921190985915,0.8761118077494813,-2.4523214444941863,31.488989292689077,25.811342961455335,-53.213496223632006,55.28693541563224,-57.61122949831272,31.044659056967628,-57.760275007702006,-3902818.852772268,-456927.47550028097,-2485973.4114796496
13926.728224969187,2885.1065928353282,9.388212164747404,2801.698586644356,1824.7661288309891,3280.1857654287433,0.20275654760200681,0.7940082275561535,6041.663557804304,1.514709870333891,-3.1311132100207804,30.10441259232197,26.521053411389143,-57.07281628209074,56.62048085180801,-61.808138392913385,31.704508794446,-59.83822688065862,-2278169.3538591336,246041.51132481033,375310.6798897409
13355.861813668678,2723.193754839768,8.760670324060378,2751.4716240553344,1765.7324934473525,3239.296994001638,0.26123740239558796,0.6421323029823874,5285.435413956342,1.7565727906626742,-1.7028068490332158,32.30634469935353,26.472118806755315,-60.5580139565881,56.72740133414971,-63.345642690056565,31.61111719734712,-59.78416805229369,-2570536.2245921325,32257.099246717524,-112794.24379730923
12924.041532805964,3414.4811908208108,7.7312966145768,2566.7583257461815,1611.7371125041918,3035.7428425965895,0.25919976845972004,0.7229661661755774,5811.245190432519,0.941112090679524,-2.032812996870971,30.4692404036764,26.59887066702798,-63.56020794331691,56.89624605322515,-68.3076353035797,31.782987540773714,-67.5110120880725,-3629949.8610467995,-323790.39293195744,-1997730.300491649
11955.036822550032,3252.568352825251,7.7379087765591255,2543.8157559367583,1584.5524631626424,2972.017298503343,0.21894814022470657,0.7481374343245392,5516.173176265516,0.928905889969528,-1.9478678738023814,30.7385018891534,26.174417729913916,-61.13572862880928,55.422588214413146,-63.05092657355155,31.160540469763546,-64.90875697745838,-4019853.1131965653,-467864.550334529,-2706284.382462209
13859.364261154604,3453.52400281974,8.816281449235968,2626.894292290879,1695.8341035686256,3078.2257118769826,0.1852422307355727,0.7846910090870274,5683.884809354729,1.8041875433986194,-0.39435427105466025,28.813124582653135,26.734484461870373,-48.11547941870319,56.739228801143526,-54.30570332772598,31.34186079547709,-49.05309720980068,-3070795.798034766,-212610.47569349612,-1115014.5914409086
9153.38684031274,2625.586724842445,8.030364901113371,2835.3648469673867,1614.8228580578268,3343.890486785222,0.2388813946051662,0.7178255839059442,6005.339260340703,1.083468504902541,-1.991513951027325,30.88598932672471,26.3437876525041,-56.89747172348772,56.44323293789095,-63.20391514072031,31.387470157855685,-61.23191463801874,-4366164.752124283,-597005.4307212237,-3300304.657712785
9562.752466570593,2270.756462852176,6.7647448593878865,2180.3442082972483,1350.9652208200248,2536.562415361758,0.2678389774847076,0.803447251906611,5134.589575213808,0.17675766502354187,-2.640438903754356,32.73894834441227,27.083869739732812,-58.16981199370626,56.89779495804774,-62.66910570755155,31.97849687816963,-61.53153605937512,-3702086.4337421437,-408407.2069392377,-2148235.8260336206
10538.666301320329,2646.2564488418784,10.583011681979995,3223.1302860363894,2129.038002099133,3795.589493877028,0.17752695753164985,0.7295684603313841,6185.785382417065,0.5863285496914138,-1.9454333477162327,28.10561098141364,27.442637218549535,-54.738657032695045,57.909526711956424,-61.12714838774983,32.695915276838946,-59.62960354235356,-3884135.8937774776,-339788.56050053204,-2445813.053054319
11287.442668336276,2933.3359488340056,7.649797939831915,2456.841854436371,1473.6404386467023,2908.0888443440194,0.2058311782061763,0.6875764920246634,5410.317652527381,0.3412582586651455,-2.3688468914755894,29.446527858639065,26.24394402480946,-56.33184551231117,56.23207327921281,-60.307298509717114,31.423107672367916,-59.851874978156125,-4025154.4982524198,-508539.36179496266,-2697011.493106909
8995.340617516988,2722.0454368398,7.2164820744812115,2337.374752973366,1432.6354768492345,2763.212811840331,0.17817058021772172,0.7614544008723922,5517.843189704383,0.5885738631924238,-2.0687819194514745,28.994643990039208,25.46553307942728,-61.129194535491905,55.347470028194174,-65.76496152933073,30.72965980384623,-64.82287727969153,-4394890.315492295,-586792.5959671705,-3351727.2811655914
10004.936434174013,2708.2656208401777,8.681776609823975,2857.296287855537,1912.4458362492846,3369.0886246007244,0.21211032623972526,0.6849676450149144,6184.434026479219,0.5830711574186531,-3.6612356886157746,29.008426152383187,26.504113615272594,-64.30871870576931,56.65313903369787,-68.54143864872142,31.584526846529535,-69.69977110997954,-4193720.3358066813,-510183.4535712155,-3004529.0802195747
9928.936064742174,2674.9643988410908,8.055149091974393,2737.492917084205,1736.4043483732087,3223.3460719074765,0.25595052343471436,0.682982051598809,5620.130536414288,0.31276820349795686,-3.228402593595555,31.398795935156233,25.748093881387653,-71.37532359015096,53.45316850496017,-80.6413725776861,30.14673856592719,-78.09435848574086,-4195474.983401681,-554848.7419952528,-3066894.573523132
9542.025093089183,2672.667762841154,8.064321462273018,2576.1633204497043,1655.9659885067638,3104.6764910559905,0.20706807187312304,0.7132370166466383,6565.172452949157,0.9441643253224322,-3.0296424028064832,29.553657785775364,25.803732384729628,-68.61260362021554,54.15677771285058,-74.92531685116175,30.354295895373667,-73.64013206340132,-4376152.2943344815,-606219.2149298695,-3317990.0249269004
12782.404480682993,3260.6065788250307,9.618883439668148,3157.679787035724,1849.377661950184,3736.1010714314734,0.16534845349496932,0.6893867147136964,6222.357384396355,0.2804285291699632,-3.3442210842424682,27.883625657193534,25.153851332010582,-68.98987110307617,53.72742530047355,-73.18314557160755,30.169283492973467,-73.98157869397964,-3789020.7792093754,-241747.06442702987,-2306065.2785259755
13521.68080151996,3138.8848708283685,11.382485998305663,4126.644120096545,2867.0230592967805,4820.428554300921,0.2173595186704246,0.6722260075340392,6915.705703717667,1.1060811239638193,-4.344544278930762,28.74426930211359,22.568625341798363,-59.62190474962042,50.66941764118355,-69.53625933449379,27.96942052792746,-67.06026186125483,-3321314.690708112,-143112.05408490938,-1474555.786400138
11561.216726403236,2767.97815683854,7.402507876094488,2449.322269714415,1583.0782161224317,2902.8461319207054,0.3856616068353798,0.7757943509150804,5127.711806647618,1.1066748254479406,-2.52876813245914,34.80937130559549,26.28559914669459,-57.00135727179777,55.97908016303644,-60.42378782005659,31.453649848231795,-59.797020964392594,-2059908.8129333546,-166692.31872493192,777805.9633303126
11968.85507153764,3117.066828828967,8.840107654414536,2966.23398928239,1968.529166799144,3501.4550452503513,0.21164762460752498,0.7807768787947492,6211.379517261279,0.37538805458989977,-2.738844381587542,32.290865206420776,26.74003270765997,-60.62637021441563,57.322263641140026,-63.11334757700756,32.3094265665124,-63.352013164556226,-3418578.6979584587,-384237.2448426139,-1622425.3239937876
12950.814390219452,3407.591282821,8.462546794938397,2442.6618093645134,1554.7057975512494,2867.6943011330036,0.33936478401515113,0.7197133668862882,5593.011483673903,0.8943788087127967,-2.309341927208273,35.18261585599814,27.490835959454454,-54.517564128979586,57.73034285937995,-63.24624925634672,32.70000567667806,-60.47885858434889,-3331695.009681208,-334420.21439885005,-1496561.4622496343
12425.72092869039,3354.7686548224483,7.831266434263934,2486.0155338308323,1578.73457757923,2778.4003524640448,0.25182295446972536,0.7243799675162429,5548.911178261249,1.1473904639012331,-2.5874519960187516,31.257450692838518,26.4534165005444,-64.13930633597832,56.04667676403133,-68.11428905258299,31.677089896407626,-68.37823746224328,-4013034.214927797,-470639.3726707699,-2689975.67364247
10869.440636461168,2537.16623884487,19.574553361194678,6931.490207956686,3125.7272666042327,8151.937393076389,0.17769659575314822,0.7011687836031046,11512.009324206143,0.523776453188127,-2.8750617099766647,29.968389161389812,27.901486073643337,-61.60651645512791,59.193822186832975,-66.34381935188662,33.316312539407825,-66.28662437952158,-3943465.741515846,-478422.80657610594,-2576376.5866845762
9041.113567288434,2742.715160839233,9.500618140843411,2852.799462104928,1797.5343291764377,3386.8975228267363,0.40664702490163135,0.7323213867562488,6232.673420952036,-0.3467886206694035,-2.9107603834289035,34.74311751963364,25.761812245220707,-53.305681142570265,55.88666944362596,-62.29238986097466,31.019849092089213,-59.98647317135641,-4305569.942960734,-612411.9924271884,-3192274.779713958
10539.529941882054,2841.470508836525,10.532273261863082,2920.763073138298,1826.3004371109757,3441.0804040023277,0.28089643604211867,0.6789550752747636,5697.7313673645185,0.6543925216290261,-3.695898619181823,32.441097747428834,26.00273300887527,-46.796163703431915,56.81426696031143,-56.809720030386046,31.048506793758275,-49.3013070578567,-4169891.6341368486,-494741.5863540949,-2959658.62067788
11820.308894920865,2834.5806008367135,9.691831200625113,2842.992571249209,1894.3198815269711,3255.4041821901064,0.3125375682397521,0.7190418011560233,5892.570137640649,1.0478627634767603,-2.791850228187452,31.87449208453547,26.934319425799,-43.15828335369822,58.03085807616927,-63.172505681608705,32.191901182752574,-48.43781116056575,-3541874.6275617313,-326904.9115376969,-1856628.0296832325
11142.351053966404,2982.7136228326513,9.050642613137368,2631.309561022631,1716.6746351361448,3002.6583127704307,0.2543493727141704,0.6100640007269348,6005.240819916908,0.5396983394562476,-2.6328313856586427,30.382769514693702,25.503430704735905,-47.24312228626647,56.37608311389923,-59.50328070986104,30.84461343903623,-53.24651918995355,-3985447.3370911013,-476312.1095307948,-2624311.9362690533
11259.806170361062,2871.326776835706,9.383649200912059,2900.188078530311,1901.8813148486565,3406.5333821472855,0.21196298027205407,0.6661453976907487,5890.780888716494,0.5704379634394439,-2.533769260874392,29.68547712929416,25.9014667512476,-58.14563592746057,56.39217611313016,-66.52883858714402,31.87042585822419,-64.77699372449969,-4090826.773008864,-476151.8034260876,-2820875.5499486257
10072.300397988598,2726.6387088396737,8.845152485438568,2698.5774761701255,1719.3067890608793,3207.263297592204,0.2980400796585507,0.6657348167604129,6088.383305634794,0.6056017516491541,-2.719600611013359,33.888624091854226,26.03868242268793,-52.58537776114026,55.68646487940078,-63.55203117510333,31.18924985511955,-57.9539968987561,-4236154.909443073,-581074.0573629437,-3075090.6448540436
8952.158589430714,1973.342100860332,7.147590467477973,2115.77596862864,1344.5798027806475,2509.7418000370576,0.2942940581667436,0.7525454974137327,5272.789448211412,-0.3847955473466649,-3.2337197144648697,32.77326887071251,27.050321567291622,-54.61100494661711,58.72397695632649,-64.06211780169014,32.69184929526014,-59.21624343718888,-4011566.624742691,-486969.6028848094,-2711455.9770175973
10079.2095224824,2486.6402468462556,8.035360136877598,2587.555614323048,1575.9505468314132,2916.321679328279,0.20705299832371843,0.7649951693467112,5655.1561663547,0.898179579326244,-3.3020350831865932,29.03220579878935,25.897606903311356,-60.26265513266347,55.97777664467039,-62.84158001058967,30.878618283276687,-63.523112438662494,-4061880.2268265863,-440287.12930987345,-2759710.7217788
9742.389703409483,2603.7686828430433,10.533466103725361,3226.16404163717,2072.015134360961,3814.1585924099363,0.25294420629892517,0.6773882587716549,6210.619936144558,0.018924959382449952,-3.324474143162434,31.074311433739897,26.784144100686497,-57.562323141333955,57.98566802199664,-60.23916136407961,32.28627685844585,-58.839559765722015,-4189515.789038245,-551744.7196225596,-2990805.516850638
11427.352439335795,2769.126474838509,11.028318896062137,3345.7615605914343,2246.0615279251288,3906.67607672991,0.30932745446393606,0.7480132964320936,7693.1793347916555,1.1429982581193814,-2.8261543056967215,31.781779074517203,27.398596896679724,-48.01306682503404,58.56944566759021,-57.37387034484419,32.51062172103716,-52.061950736077016,-3508136.204872106,-347481.3451204682,-1786250.280232104
9139.568591325133,2393.6264888488063,7.511353670173027,2376.5808788152344,1385.684402233013,2811.9518008608175,0.3377601236054098,0.7679053519473338,5312.845204393267,0.47161392576606875,-3.4901646092322043,32.05870997917043,26.61760193902616,-66.59239183035176,57.080454688507245,-71.02817769447832,31.909842956260835,-70.67113135989607,-4248011.628547358,-602437.7084241877,-3089995.318549973
7353.559909676946,1641.478198869433,8.480781963065947,2769.1281607792857,1865.324305297918,3273.894499085604,0.39419416875478513,0.7297017557742846,5345.852979323348,0.15224869323196158,-2.2640743387356816,36.348519135017554,26.64294666034247,-62.47196736294947,57.41876736462052,-69.12332995776464,32.10073239417859,-68.3201027713835,-3894947.1659465,-549623.5263442022,-2462661.4745400352
9130.068545146154,2314.392546850979,7.492000706716694,2432.172037839706,1516.479631419916,2843.6351838936944,0.2225122883512106,0.7238480623144102,5803.23911633953,0.4414546291498367,-3.0488647860221816,30.567796455163556,26.519538762702236,-62.051175792438265,55.58879687401722,-62.65542084000437,31.04656509707439,-63.55459731383891,-4305743.205233713,-581140.8515732384,-3196076.234143883
10370.25639178387,2758.791612838792,8.342445611546399,3012.6909727946263,1928.402910045814,3553.660787809637,0.34835031231198543,0.7986190024861782,6209.967845856017,0.9693214203849089,-2.632804606101965,32.59664702923227,26.53165697180298,-60.735783833909366,56.54891640720348,-64.10225087626057,31.8505556457019,-64.41388387709011,-3475905.751287137,-390614.18351974525,-1765277.09817839
10695.848883554358,3026.3497068314546,9.654686816869793,3236.378936168235,1904.0137557019739,3806.711084753254,0.17113615856021133,0.6560205018206541,7201.056102362027,-0.4640793534732085,-2.29677598080497,25.696232780027206,26.48361186228704,-63.42878080106218,56.07188857987424,-68.88385307354096,32.16323819569673,-68.36629970864907,-4344291.124322854,-507354.24166373466,-3263446.4543186612
10901.395337245009,3117.066828828967,10.206132404603029,3547.598727284473,1834.61046879364,4212.698858206526,0.186841870477072,0.6542566522793665,7468.6366284872,0.28463420490767344,-1.9909889659944175,28.489158454915533,26.450787538561883,-64.00409299442182,56.27533392690862,-69.27332695564212,31.649716268611446,-67.40255117807502,-4273506.878351354,-578807.8252279464,-3135358.5592214726
10979.986628362023,2948.264082833596,9.867076712631103,2959.5302205298576,1665.305729986162,3502.745471211134,0.29981943390497484,0.6059628788866193,7066.227304528928,1.204434869846904,-3.2918856622123434,32.90468342376466,26.231567603323004,-43.18406351228487,56.84052147319028,-51.98726512123865,31.464110885494357,-47.64470868205645,-3629139.3460071012,-360628.35411246517,-1993503.8549286118
11733.944838748323,2863.2885508359263,8.146922033225575,3022.581242182539,1896.5427081753767,3522.9949462759923,0.21778008848439703,0.7422929251227589,6518.84050388536,0.24988438950665756,-2.146816774884933,28.185458478084147,26.80434225979595,-62.71063268525747,56.64795604157603,-66.56586946421729,32.132407628926316,-66.9295784793022,-3949677.487667014,-363363.09992252925,-2563986.6611351916
9375.342464676174,2474.008748846602,7.316224156407922,2239.1998099691587,1418.8410342026516,2608.5628822480203,0.30443715478502126,0.6810698222334147,5047.433463919726,0.9978391702062356,-2.857483663746391,32.05846030672198,27.028464582080936,-57.475843992054166,57.79312764124021,-61.92870167527382,32.38583574395889,-59.210494090378184,-4068150.7059516455,-558444.1789151138,-2771384.9414015627
10996.395799034806,2606.0653188429806,8.113896059563094,2731.820372176973,1728.728204530928,3255.4480304302037,0.23449530030536977,0.7127374915131001,5865.286895862662,-0.5501207762663173,-3.0031990163067204,28.282836339995203,27.055942939389734,-59.4804415697863,58.208124914510066,-63.34591700881211,32.79728750113236,-60.93358171382277,-4070691.6412346135,-477466.6951658881,-2776344.0403903946
11635.489814711624,3099.8420588294393,7.672289715888627,2351.6279588946454,1432.4372504890393,2747.324975713798,0.26744009394315155,0.7400399709537091,5696.264007851676,0.6695567801466823,-2.1213715459448634,34.38795393845304,26.366258149085628,-63.848958277910306,56.21252301543559,-67.71626664004373,31.639200341786545,-67.99289357625149,-3689730.484359783,-346895.4644758836,-2105019.7031419855
12733.176968664644,3099.8420588294393,7.921175468557078,2602.9431172159398,1598.6489061958857,3082.91821000697,0.31436411385185736,0.7452357270255041,6064.398385860008,0.40399006627529377,-2.0535205523136733,31.8384291998874,27.023695579314353,-64.33950520353449,57.15093416081795,-68.8216900750504,32.15432568839819,-68.16167716305594,-3105607.5658222535,-184658.05288818624,-1067289.1301154224
12755.631623269506,2990.751848832431,7.369730395237652,2414.9597164071097,1572.1301598404652,2854.6576108651584,0.2167602523735624,0.7976943915157901,5148.077890952958,0.11983215453103838,-2.6109027002259233,30.979806461804618,27.477380179626216,-57.75665376106198,58.11583359959052,-61.3654391215219,32.76552373900077,-60.221388683402274,-3545715.764054216,-291226.3070073036,-1844312.4123994536
9542.888733650909,2761.088248838729,7.935243768050434,2502.094768130853,1445.5954149788759,2951.5923585806645,0.34583174725612664,0.7633653890322922,5388.129913620149,0.22310164414773795,-2.92923295681203,33.161598679967554,26.33031875881754,-56.553529035212065,56.86209156534081,-64.50910437991077,31.62762092101122,-60.879020358452294,-4042250.1986278007,-536787.5875315774,-2727365.767779875
11555.171242471159,2912.6662248345724,8.823297739094532,3047.319002621951,2036.8579234375259,3603.666161797081,0.22699280233553973,0.7444703060249422,6428.0859367908215,0.3393574053710259,-2.049890025058954,28.771043034679106,27.70941596593597,-60.89999302100744,59.20204809830525,-61.53545114907207,33.19116637156547,-63.03926242467391,-3897651.81939419,-333233.18586161354,-2471863.966591078
10404.802014252888,2785.202926838068,8.304286496444496,2689.3191436567995,1783.85587535617,3145.599722078207,0.22266066127190898,0.7522339191117626,7723.478479674441,0.8334244104461311,-2.0685450124703504,31.59348911467044,26.722364186921464,-55.597688306224995,56.74867114112651,-61.52381713523168,32.087111328595505,-59.711498836483905,-4159509.8468394056,-555655.0435338097,-2945639.1279003043
11748.626728297655,2970.0821248329976,9.718428992820868,2726.998973255729,1817.8843079003186,3183.1287561399768,0.2991920350436917,0.7563002060066191,6387.846745304849,1.3515699092614082,-3.5802442777480272,30.35321247680413,26.386668873227467,-55.25181674329084,56.43266535326192,-62.87039170356576,31.191216261955688,-57.72811119153472,-3755702.297283072,-345043.3564447132,-2226047.0093528666
9419.388133324173,2620.993452842571,7.943771999127464,2461.827312103119,1564.4499936324921,2896.5548462833754,0.2933936563253889,0.6958967221844276,5330.762061829131,0.6569249608141982,-3.0963893324551277,35.362574041720706,25.435766811800622,-44.68418137695692,54.74869142469576,-49.83916074922206,30.366944120126963,-46.8384227070316,-4014165.5588373765,-566100.7038208899,-2686501.436311966
11237.3515157562,2633.6249508422247,10.853366859073954,3475.166882625186,2378.0196483765317,4077.7700599785526,0.2517565341630505,0.6388531126493959,7292.788544289269,1.2988608215392377,-3.4430500685377274,31.8600514406215,27.577126754677742,-60.32946483500956,57.9539774394471,-66.69643616904854,32.84475902289746,-66.4086189509705,-3811765.1233487423,-375975.75523216894,-2325998.144861212
11524.943822810768,2506.1616528457203,10.727960034702367,3240.3894735914964,2097.744955358113,3839.9712566081007,0.2698190995312962,0.7158425492224156,6402.268258491142,0.012165477682954728,-4.148712270961021,34.559622910998584,25.69143785150149,-66.84301731751532,54.87855800767623,-71.1223190179084,30.733525896344336,-70.51941240173947,-2963290.9626243156,-286900.9047892224,-811916.390651098
8447.792501383065,2438.4108908475782,8.397451894835264,2639.5357384433983,1685.1589607346311,3108.689784034724,0.2567745001951716,0.7109833510912922,6395.273838974246,0.6742773179170656,-3.0910714485184303,33.85682954219676,26.960124574647246,-57.36031737683047,57.841883328435856,-62.226337397105496,32.239858155900365,-61.54265525175947,-4268511.638921908,-578067.3636966799,-3129293.9618250355
9009.158866504593,2429.22434684783,9.026682923968867,2893.145914136154,1878.1346094195505,3408.9717842867003,0.3283273082407277,0.6804960777025587,6073.383137926314,1.2342019598630578,-2.8576939444608622,32.58697893242872,24.437870842932117,-62.37040308140628,52.06753820101287,-68.20733878580978,29.360776760769536,-68.38929810582609,-4138852.725759697,-571013.8950895641,-2897589.0567829623
9661.207490607292,2603.7686828430433,8.346397738410316,2757.860383131985,1732.9922869951117,3273.528499566259,0.27655855626093695,0.7382345156142602,5833.272554564826,1.4769485678688545,-2.638367831776278,34.246426641229384,25.606307716650072,-61.26518276137253,55.15221229761885,-66.09810902603792,30.482458845003535,-64.9121611416178,-4092950.7041772045,-563872.639806061,-2819772.6588485856
9795.935418236459,2431.5209828477673,7.753969733718632,2657.5961761590584,1709.3752762666827,3134.5262651823887,0.18547310445161044,0.7969060029888155,6034.621864526136,0.4978552387385087,-3.953826926147917,30.21914571943733,27.386621532501287,-59.80239477321777,58.67835946564127,-64.1023023127121,31.914125024581733,-62.20520238877433,-3507358.727130221,-289162.36590919865,-1787010.3103873325
10459.211369641589,2602.620364843075,9.161859754184265,3016.935402456335,2025.2718439288135,3569.4014538955357,0.25776486381886415,0.6925997084551678,7278.858427321142,1.0802668092331524,-2.9650172792712146,35.527766660403216,25.56649703240805,-50.10003891384782,54.587868502569414,-53.10803939042883,30.178145782088087,-53.99321329665468,-3461149.825759147,-472313.04474015324,-1978198.9595214385
5679.0,2216.0,8.731466807536538,2190.530375066033,1983.1745025532664,2213.68392322592,0.1977460820567001,0.6488818453953161,4387.490051065329,0.1606620883958442,-2.671320935106908,29.568586018665258,38.61229703489819,-72.79639993604941,38.667833783171,-75.99404229636829,38.410756495128496,-73.4370386767049,390392.0,119468.0,387260.0
6919.0,2326.0,7.577973695620755,1916.4149443561207,1677.2371730018788,1895.9306258129789,0.2016187310304957,0.718311894782483,4145.520306402659,0.9254372019077932,-2.1574915334235563,31.92224309871369,38.26832373035013,-76.1603991612669,38.48624090629092,-78.42903691079472,38.37964574763917,-76.38046103908175,734156.0,155319.0,729472.0
8870.0,2645.0,8.140586245772266,2030.2454340473507,1886.686020293123,2036.2412626832015,0.2636978579481398,0.6377677564825254,4516.274182638106,0.6355355129650502,-3.5944096402920542,34.33596392333709,37.84714036495696,-81.48843753007242,37.86356410724013,-83.21059631922346,37.47667768134363,-78.83300702734887,1492316.0,368808.0,1467874.0
7108.0,2432.0,9.055008441193024,2243.8951885199776,1970.403489026449,2261.1148002250984,0.1696679797411367,0.6847214406302757,4843.180360157569,1.4009144625773755,-2.1625916171067843,27.95160382667417,37.7813425983028,-76.471579451768,38.14579837779359,-81.16678089420076,38.70119145615288,-76.15095164724175,500879.0,159800.0,494675.0
11543.0,2888.0,8.35961188599151,2132.91414710214,1959.4267521441568,2137.944381876462,0.2084380143810101,0.7167114268387768,4546.294290912241,2.111201594039679,-1.2946616219523863,30.947760547517976,39.29089950130298,-75.55102238526976,38.8429563200454,-78.76927325073788,39.31552359310424,-74.4744238792771,3597960.0,904422.0,3343697.0
14306.0,3388.0,11.649727387110303,2934.2326296658744,2857.7566755207604,2926.388508318188,0.1917377324199636,0.639382077450021,5828.043128757165,0.3451908290227914,-2.342675390963791,30.266321823011324,38.71083769975503,-75.66021089814478,38.6012958343019,-78.54404263066132,38.44264500518019,-76.0932624863842,2239106.0,542805.0,2221395.0
17179.0,4020.0,11.42685837359567,2779.649106467198,2678.452063565982,2789.004424006054,0.2299901041969846,0.6967227428837535,5566.336922987368,1.191553641073412,-1.185633320154564,26.60282903545026,38.01241907842481,-74.46137367150247,37.68502659453492,-79.32044520025629,37.468585890520494,-76.56391039940566,2812571.0,906589.0,2758957.0
8469.0,2921.0,8.536663124335814,2165.547172039202,2016.1362616601723,2187.010745070256,0.1958908962097059,0.7323178651552722,5397.255638209942,0.8826071555083266,-2.145253993353584,30.2715786987838,38.67999615483948,-74.84011626928078,38.79912061059119,-74.56546794728102,39.00939257327331,-72.62161257303626,823397.0,218643.0,818876.0
7549.0,2777.0,9.271559146906876,2516.0601404159493,2379.0470260961715,2581.714796661809,0.1577692409590674,0.6472380447741423,4861.32388395814,0.9579811895615272,-2.4656111702709067,25.462975228507087,37.693281529255714,-81.90855965277947,37.35654511768617,-82.04341920804016,37.64659894215209,-82.11448734814897,481641.0,178897.0,480338.0
6139.0,2172.0,7.145463430526144,1839.3282293533148,1728.0575012216973,1854.268447629907,0.1426942498778302,0.6857794429060108,4285.559863169898,0.973497312265839,-2.2264384366099685,28.0827496334908,39.48059289561258,-79.69622963219686,39.42764052813581,-81.33185927809474,39.3790167378895,-79.85280048393389,673367.0,139004.0,623699.0
12587.0,3251.0,7.831651704139191,2203.913084928895,2033.2595535075875,2201.823786446333,0.1447525224437912,0.7658695479462938,5295.228489711607,0.3000715023436869,-1.2294393157180654,27.142289663938985,39.24883366751512,-82.81234285205178,39.16253347319438,-81.90881004677031,39.24740387496022,-81.10190576026058,2186695.0,596652.0,2113511.0
5122.0,2141.0,7.869386958219446,2192.0195236235845,2011.0536899648573,2199.71007418977,0.1397891448652869,0.7141741507223741,4886.409215150332,1.354841858648964,-1.7695477505549402,25.197188598203827,38.37953708665884,-74.18074945461653,38.60554303442878,-80.03449517116589,38.60423163712832,-75.7140608836071,265312.0,94138.0,264523.0
6413.0,2221.0,8.95649462030251,2208.329642912833,2106.498206767504,2217.6293466396382,0.176672384219554,0.6583502261032278,4633.256198347108,1.297006081397159,-3.193439845334245,28.560736004989863,36.27303980112582,-62.91329338305186,36.65586124171376,-73.38892098905548,36.82414853048795,-67.06489476031896,772975.0,207936.0,772174.0
7635.0,2679.0,8.147216764898493,2060.0559266535693,1844.277930582842,2065.044007858546,0.1558611656843484,0.7329404060248854,4628.3811394891945,0.9325212835625396,-2.75861292674735,26.94171578258022,38.29606741410582,-75.22112172182808,38.09386197741026,-77.0210373937482,38.3844400869453,-76.0654823535591,478124.0,185244.0,467509.0
7357.0,2744.0,8.016854696207693,2049.2170721761586,1884.40328938426,2069.0165828462686,0.1878483077341307,0.6748674731548185,4282.4068234334645,1.0898056272937344,-1.779414426233528,27.79121924697567,37.8719132284356,-69.33095416993176,38.2485143629934,-75.87599530761894,37.832326661088665,-64.89123380870728,673686.0,195272.0,668404.0
9844.0,2932.0,10.527935798455912,2471.760056887444,2193.181836651768,2427.025193010971,0.164160910199106,0.6676147907354734,5656.582182039821,0.466151970743598,-2.3556940397928208,24.31836651767574,38.233578821087285,-69.85811189396541,38.07998069173647,-71.43671051389022,38.10979086545928,-69.11316573084342,683841.0,299152.0,676626.0
10664.0,3273.0,9.23218304576144,2207.420292573144,2075.7888222055512,2196.360933983496,0.180138784696174,0.6409414853713429,4905.175262565642,1.1958458364591171,-3.16814978938633,26.99924981245311,37.417749572905045,-76.43066010193496,37.12319308699741,-77.71964975789142,37.25378592259287,-77.30798161117858,886729.0,296077.0,869691.0
10428.0,2878.0,10.973628691983125,3110.1775028768698,2894.5132336018414,3134.945531261987,0.2320675105485232,0.6238971998465669,6339.22391637898,1.3192366705024976,-3.3017815534551387,31.527617951668585,37.22113951892788,-70.92122945282463,36.97466688268654,-76.09033294446562,37.33214116890867,-72.32034486395064,1463496.0,295810.0,1431774.0
6402.0,2463.0,7.778506716651046,1968.186035613871,1782.309746954077,1988.781005935645,0.1447985004686035,0.7121212121212122,4218.761012183692,1.4972977194626664,-2.0523771186498574,26.643236488597317,37.62201905063493,-78.42611251685199,37.453316941997215,-79.97730686157692,37.688116837278606,-78.3680406548047,443139.0,157242.0,438030.0
7571.0,2720.0,8.412362963941355,2266.5225201426497,2151.694624224013,2293.419495443138,0.193501518953903,0.7592127856293752,4831.17712323339,0.8292827895918592,-1.9396094173379907,31.267996301677453,38.168212554525,-82.3858623516479,38.22774624195471,-83.4911950479275,38.03753331257452,-83.19075759777527,750139.0,176826.0,720042.0
6891.0,2404.0,7.276157306631839,1995.845450587723,1848.616456247279,1999.7058482078075,0.166594108257147,0.6866927876940937,4576.368741837179,0.735452038891305,-1.4976671486679898,27.207952401683357,38.33613198835866,-79.70411364289848,38.368637671274826,-78.86666439522676,38.24882353041335,-79.17887192127453,546489.0,146164.0,538141.0
16163.0,3644.0,8.284353152261337,2206.397636577368,2125.3946049619503,2221.897481903112,0.1517045103013054,0.7454680442987069,4814.01385881334,1.3921858565860432,-0.2114255635040006,28.005939491431047,38.28066408998573,-74.02553702043693,37.59491401573048,-74.82216356530613,37.70689640459528,-72.9990401291258,11109987.0,2057314.0,10532284.0
10271.0,2310.0,8.586603057151203,2203.115470742868,2108.5636257423816,2210.718722617077,0.1391295881608412,0.7434524389056567,4673.774900204459,1.0814818420796477,-1.18372138316421,31.3241164443579,38.96903348200564,-77.42892091046463,38.63929726017012,-76.83699539322933,38.490223867941495,-73.99718475568065,5051223.0,993390.0,4393021.0
5633.0,2022.0,8.16066039410616,2252.638025918693,1937.254393751109,2240.529202911415,0.1308361441505414,0.6568436002130303,5372.117344221551,1.2659861530268042,-2.407086741013842,27.64778981004793,36.4200639788106,-65.20692411876773,37.19331941050763,-72.86824525431867,37.26503359864679,-73.90021112642431,874325.0,228203.0,866887.0
4128.0,1419.0,10.145106589147288,2513.80523255814,1891.1007751937984,2505.3001453488373,0.1877422480620155,0.717781007751938,5563.371850775194,1.858357558139531,-1.888471621572826,29.34108527131783,37.31411178640777,-79.34421557524261,37.35154264757281,-82.9031110716018,37.05831554174756,-81.65819180679594,573905.0,171244.0,570672.0
5933.0,2036.0,8.931569189280296,2224.489634249115,2043.1584358671837,2219.7411090510705,0.1663576605427271,0.6699814596325636,4849.928703859768,1.7254677229057778,-1.8404408758354025,28.51171414124389,38.42272337856545,-77.34409384405053,38.38191672219413,-79.32785878227835,38.50352574531651,-77.0729939839661,580084.0,171526.0,542116.0
6401.0,2191.0,9.383533822840182,2298.0418684580536,2182.957662865177,2296.448992344946,0.1852835494453991,0.6753632244961725,4634.282143415091,0.9029057959693804,-2.264237159036228,28.767380096859867,39.34852677304754,-67.08089332383776,39.65002895867907,-73.5215611261542,39.34167132571616,-69.08674076271713,695896.0,221759.0,685157.0
5707.0,1959.0,9.005256702295426,2279.9738917119325,1977.0129665323288,2279.051866129315,0.178202207814964,0.697564394603119,4575.132293674435,1.554739793236374,-2.3616554645191545,29.971964254424392,38.98279311672819,-80.12732100175515,38.76384218395658,-81.07402179884126,38.91168425346683,-80.54661778655412,636493.0,189741.0,633877.0
3071.0,1213.0,7.1660696841419735,1919.295669163139,1733.96450667535,1929.7557798762616,0.1839791598827743,0.7486160859654836,4254.206121784435,0.6102898078801687,-2.5801813077594327,30.957342885053727,38.23672972649569,-80.73237333892179,39.06256802071001,-84.40211339349118,38.528711019723815,-80.1244928159106,368240.0,103319.0,367643.0
6284.0,1744.0,8.985041374920433,2253.0665181413115,2120.2119669000635,2304.515436028008,0.1849140674729471,0.7011457670273711,4425.417250159135,0.778182686187143,-3.066046682896083,30.549013367281987,37.880511987060935,-74.61827701166108,37.71208439674195,-77.60350504711678,37.60174812681701,-74.29910244401826,886892.0,247543.0,884127.0
9228.0,2873.0,8.179995665366276,2129.0080190723884,1941.225834416992,2098.631772865193,0.2191157347204161,0.7185739055049848,4651.1285218899,0.356296055483311,-2.760008116590245,31.39358474208929,37.32226246153856,-87.23792155976807,37.67041681435758,-86.38556872574286,37.58979512392094,-86.89815355272624,1083189.0,292791.0,1057417.0
11391.0,3101.0,9.080326573610746,2302.5541216750066,1867.4027741199195,2339.5622860152757,0.2159599683961021,0.757703450092178,4801.456237380388,0.3105960846282153,-1.9423377326576063,30.87261873408832,37.555678059320776,-80.67775556301672,37.50222305280781,-81.73247297421199,37.52692998274972,-80.80200429457803,2096942.0,622409.0,2065717.0
20003.0,4502.0,11.641303804429336,3099.120581912713,2595.9557066440034,3092.24531320302,0.1157826326051092,0.7414387841823726,6485.490176473529,0.794740788881671,-1.719360210024893,25.898115282707597,36.67576131810457,-77.03299225530455,37.09800899649723,-79.7563206312054,36.538040141563336,-75.97589425915749,6457484.0,1482381.0,6035783.0
12920.0,3268.0,8.953637770897833,2110.46919504644,1922.071362229102,2122.528250773994,0.1057275541795665,0.7280959752321982,4784.610448916409,1.5219040247678075,-2.809900945010894,24.109907120743035,37.91266165310739,-75.17797148651766,38.05088618603778,-76.75120975608216,37.78612606400153,-74.62894338222513,2318329.0,876720.0,2308831.0
12822.0,3164.0,7.894166276711902,2012.3557167368583,1924.7576041179225,1944.189751988769,0.0798627359226329,0.7776477928560287,4226.098034627983,0.6971845265949149,-2.3753598357996006,25.965527998752144,38.02394703951625,-69.64732222714085,37.990281668853925,-69.51643224183923,37.58205261062128,-65.37842497087486,3491975.0,926571.0,3469835.0
11742.0,3383.0,7.753960143076137,1973.140947027764,1829.2640947027764,1945.1487821495489,0.0998978027593255,0.760432634985522,4474.21819110884,1.4001618122977355,-1.8415855369230063,25.74689150059615,39.20826800196178,-66.45526034100747,38.81243163983671,-71.68370879169464,39.15780236152845,-66.00280651492106,1484704.0,462226.0,1444378.0
12240.0,3024.0,8.870261437908496,2185.2002450980394,2087.943954248366,2201.5545751633986,0.1084967320261438,0.6977124183006536,4608.8694444444445,0.7370833333333396,-2.195740676102795,24.473856209150327,39.69722852944568,-69.48366294184484,39.62897330484238,-72.02724444797929,39.61389464889195,-69.29662766173182,1617941.0,537158.0,1609805.0
12148.0,3076.0,9.176078366809351,2065.753786631544,1864.9197398748763,2084.55079025354,0.1049555482383931,0.7936285808363517,4656.556058610471,1.1358989134013835,-1.4690095410902664,24.5003292723082,40.2343092079039,-63.922273977724224,39.74927535071399,-68.9754261705299,40.0098265082092,-65.23137495866627,2312746.0,713589.0,2296902.0
9664.0,3231.0,7.965542218543046,1802.0729511589404,1636.491928807947,1804.9314983443708,0.1812913907284768,0.7456539735099338,4417.417322019867,0.9846440397351032,-1.7489680023963246,25.72123344370861,39.609460329878,-63.06269643593173,39.57968290068453,-64.23609912129356,40.00130704893254,-62.26385298569331,1197132.0,346519.0,1181215.0
9209.0,3011.0,7.630035834509719,1904.15919209469,1668.5508741448582,1897.514062330329,0.144966880225866,0.734281680964274,4236.640351829732,1.058681724400041,-1.90703889082924,26.876968183298946,37.931863752070846,-71.89380458020896,37.79490318803158,-72.11758783823826,37.94883034848505,-71.47149495062116,822569.0,269445.0,802221.0
11888.0,3177.0,9.007823014804844,2061.2106325706595,1914.967866756393,2065.155114401077,0.1202052489905787,0.6639468371467026,4337.078482503364,1.133571668909827,-2.5912669481669632,26.50656123822342,38.6643422018868,-60.31234671532016,38.69271727676258,-61.69285991745946,38.82283130859952,-59.89879255908333,1769631.0,505541.0,1759977.0
9296.0,2956.0,8.226871772805508,2035.0903614457832,1735.3128227194493,2034.662112736661,0.1362951807228915,0.7294535283993115,4396.799591222031,1.0919858003442346,-2.012754783418528,26.015490533562826,38.36606424265289,-73.75276456819871,38.277921700398586,-75.22270449402491,38.09540547615487,-73.89457672817288,876834.0,250799.0,869780.0
8974.0,2780.0,6.854691330510363,1757.9771562291064,1540.826387341208,1760.349008246044,0.0946066414085134,0.8028749721417429,3946.582683307333,0.9099286828616,-2.133473459259613,26.13773122353465,38.640013393257526,-70.32240348331057,38.80017857437313,-72.09087121057311,38.29345545732563,-72.80401343021916,1262415.0,361964.0,1259443.0
10672.0,2890.0,8.415667166416792,2085.270708395802,1926.1277173913045,2097.098388305847,0.1078523238380809,0.6617316341829086,4382.180191154423,0.0866473013493236,-2.5836377599244016,26.643553223388302,38.39419644273555,-68.80756721348781,38.44968444179755,-70.0544781638677,38.3736915823097,-67.59738053034368,1823370.0,517206.0,1797013.0
10459.0,3128.0,8.14150492398891,1972.3575867673771,1776.2320489530548,1977.8349746629697,0.1072760302132135,0.7429964623769003,4636.28826847691,0.359862319533414,-2.652988746385161,24.48800076489148,37.319133674995456,-77.04178924344215,37.980230593241686,-77.60512177627768,36.56790697731212,-76.90917537890071,986064.0,290228.0,935461.0
9373.0,2974.0,8.053558092393043,1960.111170383015,1771.0761762509337,1975.6704363597569,0.1311213058785874,0.7437319961591806,4538.897364771151,0.4993812013229451,-1.970119409175528,24.659127280486505,38.94430094159127,-69.90107670464472,38.81259063139373,-71.37235684239158,38.91945084484809,-69.58015565392391,921455.0,287181.0,845031.0
10811.0,2872.0,9.43807233373416,2422.1055406530386,2252.318749421885,2435.2725927296274,0.1645546202941448,0.7344371473499214,5144.945518453427,0.6463324391823154,-1.8431238692650136,27.92711127555268,39.36831313755123,-69.48484471035523,38.61616842580612,-70.02880901713554,38.94287944099698,-68.26007730557579,1600135.0,415506.0,1581492.0
9322.0,2763.0,6.686226131731388,1662.4658871486806,1498.8113065865691,1670.251340913967,0.0827075734820853,0.7431881570478438,4323.257240935422,1.201298004720025,-1.759853257661953,23.95623256811843,38.81323470344922,-77.10680116331768,38.86664720253595,-77.62392403395269,38.742509438594816,-75.6458587509399,825678.0,330553.0,819433.0
7133.0,2423.0,8.001121547735876,2000.8355530632275,1801.3109491097714,2023.161923454367,0.1010794896957801,0.6844245058180288,4349.860647693818,0.7487873265105838,-2.432421366542893,26.669003224449742,38.171347355292966,-72.63994781813042,38.28810401970737,-71.90074830335004,38.23253078293935,-70.03163287823745,596707.0,127414.0,588134.0
8482.0,2628.0,8.913817495873614,2507.0634284366893,2325.156213157274,2439.084885640179,0.0851214336241452,0.7033718462626739,5067.647606696534,0.1751120018863455,-2.5562063049380925,23.43315255835888,38.16576662084877,-78.7633303726507,38.07472009069427,-79.25628901229149,37.33608159051689,-75.5922291165344,669672.0,289389.0,658129.0
